ticker,best_eps_chg_252d,best_sales_chg_252d,best_sales_accel,best_calculated_fcf_level_z,best_gross_margin_chg_63d,best_gross_margin_chg_252d,oper_margin_chg_63d,oper_margin_chg_252d,oper_margin_accel,best_capex_level_z,best_roe_level_z,best_peg_ratio_level_z,best_px_bps_ratio_level_z,best_ev_to_best_ebitda_level_z,earnings_quality_252d,op_leverage_63d,cash_conversion_z,capex_intensity_z,momentum_252d,risk_adj_mom_252d,realized_vol_21d,realized_vol_126d,ma_cross_21_50,ma_cross_50_200,dist_52w_high,max_ret_63d,min_ret_63d,beta_63d,idio_vol_63d,analyst_rec_level,analyst_rec_stability,tg_upside,tg_mom_63d,eps_rev,eps_rev_ma_63d,eps_rev_trend,sales_rev_ma_63d,cal_is_Q1,regime_mkt_ret_21d,fac_F_Quality_mom_63d,fac_F_Growth_mom_63d,fac_F_Value_mom_63d,fac_value_growth_63d,fac_yield_slope,mc_rate_x_eps_rev,mc_slope_x_eps_rev,mc_vix_x_mom252,mc_vol_x_mom63,mc_dxy_x_eps_rev,mom_accel_63_252,fin_roe_level_z,fin_roe_chg_63d,fin_roe_chg_252d,fin_pb_level_z,fin_pb_chg_63d,fin_pe_level_z,fin_pe_chg_63d,fin_eps_chg_63d,fin_sales_chg_63d,fin_roe_pb_gap,fin_roe_pe_gap,fwd_sales_slope_level,fwd_sales_slope_chg_63d,nl_fslope_rev_confirm,nl_fslope_growth_confirm
000660,1.8415555,2.352877,2.1371615,1.1388804,1.9492946,1.9273576,0.5279246,0.79572487,0.43897608,0.8753678,0.19305669,0.94147915,0.90578306,1.1497606,1.5550131,0.49123514,0.6797351,1.067039,1.294842,0.98492944,0.8654384,0.7044784,1.3494763,1.3392771,1.006976,0.58069897,0.74011576,0.92720246,0.7126721,0.2523731,0.6202892,0.8339737,1.3778294,1.0640595,1.1139286,0.9980911,1.2558274,0.43312263,0.04578044,0.06332915,0.07710403,0.06423172,0.057236128,0.73000133,1.435149,1.490629,1.4872861,1.8895792,1.4219599,1.0607575,0.19305669,0.77555627,0.9437939,0.90578306,0.5472467,1.1119643,1.8611836,1.9630208,2.2983603,0.8627375,1.2366344,1.1834496,1.1157792,1.3913763,1.8007842
005930,0.9957707,0.718417,0.8743352,1.0909647,0.81995946,0.72118104,0.18260993,0.36061972,0.15984263,0.8543513,0.10579081,0.90004027,0.8608948,0.8001223,0.9859063,0.16691351,0.2338159,0.38219905,0.9578421,1.0813552,0.76132834,0.60117835,0.98778605,0.9935127,0.8618494,0.56353784,0.7182715,0.8243565,0.6066808,0.12781075,0.37881395,0.75529826,0.98651004,1.0174794,1.0124263,1.2366303,0.96623725,0.43312263,0.04578044,0.06332915,0.07710403,0.06423172,0.057236128,0.73000133,1.481936,1.4662417,1.1259041,0.9128061,1.4043037,0.9665799,0.10579081,0.37778875,0.890904,0.8608948,0.4153584,1.072801,0.8942326,1.2504311,0.8966793,0.5555925,0.6956187,0.9035949,1.0166142,0.9787609,0.98654085
285A,1.0781623,1.0908055,1.0522336,0.32908747,0.9837965,1.0208346,0.10697472,0.29455537,0.103856385,0.18243384,0.2297211,0.09681368,0.19588228,0.18888786,1.0556763,0.09807604,0.15514712,0.3176399,1.1264418,0.55624413,1.1666903,1.1666315,1.0428941,1.1863416,0.39950904,0.8780298,0.9017884,0.52589625,1.2279781,0.6916381,0.96007353,0.774166,1.3069232,0.28328678,0.25684315,0.29679263,0.31961632,0.43312263,0.04578044,0.06332915,0.07710403,0.06423172,0.057236128,0.73000133,0.39423162,0.3977067,0.98746365,1.4306959,0.3515867,0.076417394,0.2297211,0.39318603,0.891579,0.19588228,0.6516181,0.17890804,0.76574033,1.4945825,1.0969857,0.47707775,0.6078632,0.3316646,0.61000323,0.39213797,0.37783667
4063,0.19690266,0.4791297,0.46400374,0.87240624,0.4391638,0.3793465,0.08803498,0.111813426,0.083872214,0.74315375,0.11539998,0.8107427,0.65434897,0.71288735,0.17828499,0.10022566,0.08680033,0.32326382,0.64797395,0.7692588,0.60423285,0.41616213,0.75146943,0.6836029,0.73528105,0.6702444,0.6000494,0.66731423,0.5154789,0.5433898,0.79801065,0.58829665,0.638194,0.7949038,0.8239295,0.6750856,0.83833116,0.43312263,0.04578044,0.06332915,0.07710403,0.06423172,0.057236128,0.73000133,1.1045271,1.003803,0.8533599,0.5046066,1.0136178,0.8936458,0.11539998,0.085711576,0.101779856,0.65434897,0.3745976,0.7673029,0.61003244,0.24345575,0.48404986,0.31068462,0.5537704,0.20985948,0.24154164,0.6064463,0.38474604
6146,0.43609327,0.89503753,0.8542444,0.85808015,0.3262578,0.28516072,0.08450604,0.100085504,0.07788753,0.9740104,0.104653575,0.974259,0.85500556,0.86119723,0.2536803,0.08638682,0.13269559,0.2522638,1.1692123,0.95750886,0.8973932,0.75870365,1.1997933,1.2109808,1.1544774,0.86460793,0.7429483,0.9339456,0.8225721,0.7193287,0.9809183,0.80332774,1.3460634,0.8569935,0.8876103,0.7677845,0.9610395,0.43312263,0.04578044,0.06332915,0.07710403,0.06423172,0.057236128,0.73000133,1.1507834,1.2023228,1.48028,1.5728204,1.1403372,1.0573301,0.104653575,0.14460018,0.18711792,0.85500556,0.630537,0.90815765,0.91119426,0.40958142,0.8936584,0.25358358,0.3678115,0.41766664,0.5499725,0.6735004,0.68563646
6758,1.0707034,0.27745783,0.4162364,0.7943234,1.1302673,0.5256101,0.6584051,0.36894378,0.5567268,0.71327776,0.15531503,0.8115794,0.66623664,0.7573141,1.0668858,0.6580177,1.1564204,0.07170009,0.7487808,0.75560397,0.7866966,0.74283105,0.92700267,0.8609104,0.7025642,0.862755,0.7888255,0.6643986,0.76253074,0.42033654,0.90378296,0.636514,0.91251314,0.84893006,0.829816,0.94171566,0.79547024,0.43312263,0.04578044,0.06332915,0.07710403,0.06423172,0.057236128,0.73000133,1.1941909,1.1937115,0.9564141,0.8784386,1.1470739,1.049534,0.15531503,0.8744292,1.009915,0.66623664,0.42272153,0.749593,1.3338697,1.1719635,0.4194546,0.32214308,0.7013457,0.48373002,0.6261947,0.6253452,0.504343
6857,0.94902766,0.8448613,0.9002438,0.6773857,0.3755373,0.3293711,0.7159329,0.43311653,0.5916847,0.97758496,0.20823823,0.94519156,0.86494327,0.8297492,0.8576576,0.71578735,0.19157936,0.13179508,1.2750071,0.93747973,0.8514026,0.7369878,1.4086105,1.2779677,0.91238,1.0803837,0.8648642,1.0580349,0.86552227,1.4630734,1.1647456,0.8312511,1.3380208,0.97724795,0.9513279,1.0724722,0.9325234,0.43312263,0.04578044,0.06332915,0.07710403,0.06423172,0.057236128,0.73000133,1.3831327,1.3436385,1.6131223,1.7182001,1.2765815,1.1590718,0.20823823,0.46091864,0.6234414,0.86494327,0.64221287,0.828423,1.2753673,1.0035335,0.92249215,0.46942356,0.8542814,0.5240563,0.58985406,0.6732769,0.6791949
6981,0.38945064,0.5607561,0.62346804,0.9932769,0.63524556,0.62209004,0.7142261,0.7242894,0.5875742,0.90145844,0.06431586,0.97339994,0.8719896,0.83337045,0.3316882,0.7128197,0.16762304,0.35295078,0.8416356,0.9627879,0.88812315,0.8069401,1.0773807,0.959979,0.90705866,0.7478534,1.0377008,0.820827,0.8574326,0.5748198,1.0135789,0.7842514,1.2386783,0.9840548,1.0148461,0.9367142,1.0546485,0.43312263,0.04578044,0.06332915,0.07710403,0.06423172,0.057236128,0.73000133,1.3731164,1.4550759,1.0196662,1.1449522,1.3107723,0.9625136,0.06431586,0.18400547,0.18402284,0.8719896,0.644559,0.8294836,0.89665467,0.64991283,0.6568962,0.29351935,0.43997458,0.19364966,0.24597621,0.6227792,0.46742907
7011,0.528745,0.45530573,0.43366408,1.0496376,1.0813488,0.8668457,1.2626054,1.2053353,1.0497139,0.997904,0.105590284,0.8483651,1.2096719,1.1475931,0.5557416,1.2558806,0.32200044,0.08490266,1.28717,1.2999781,0.80787086,0.7798161,1.0454777,1.2052958,1.0747914,0.7683492,0.5784666,0.7601067,0.8072433,1.2343271,1.0805323,0.8797869,1.2348198,0.765731,0.7512129,0.840162,0.8743929,0.43312263,0.04578044,0.06332915,0.07710403,0.06423172,0.057236128,0.73000133,1.0935385,1.1948119,1.4710103,1.0578965,1.0638074,1.0398223,0.105590284,0.21177919,0.30658677,1.2096719,0.5611333,1.0913743,1.1139295,0.79402965,0.46423125,0.34218892,0.57041967,0.1600089,0.23033535,0.66251284,0.42622653
7203,0.2709993,0.35806295,0.3986789,0.8199525,0.6965981,0.49311757,0.7105568,0.7278956,0.58324146,0.71534294,0.06896348,0.8430954,0.8259582,0.8832167,0.25229862,0.71083343,0.10201237,0.055912476,0.4944904,0.67956656,0.59189385,0.5164603,0.6842442,0.61469734,0.6765994,0.5666389,0.55251014,0.6512973,0.50143546,0.6811468,0.8245963,0.58209735,0.71187794,0.9006491,0.8896093,0.97205645,0.688568,0.43312263,0.04578044,0.06332915,0.07710403,0.06423172,0.057236128,0.73000133,1.2253972,1.2820337,0.70384175,0.4825765,1.2579509,0.8828822,0.06896348,0.15981263,0.13920374,0.8259582,0.393617,0.8163979,0.53801113,0.44588044,0.40823695,0.2090187,0.22145022,0.28330764,0.24114309,0.4432287,0.36831576
7974,0.5592694,1.3628205,1.2847531,0.90603477,0.7156595,0.6313672,0.75756586,0.5798955,0.62715554,0.7536984,0.17997897,1.1989064,0.7800466,1.0479019,0.5296137,0.75751644,0.09970777,0.18801348,1.1142473,0.98350513,1.1081407,1.2675518,1.323288,1.2955282,1.1467905,1.2814038,1.0370324,0.83457506,1.1650826,0.9972769,1.1315204,0.8007567,1.2373773,0.8049048,0.8177146,0.734721,0.83138776,0.43312263,0.04578044,0.06332915,0.07710403,0.06423172,0.057236128,0.73000133,1.1131793,1.1471545,1.2837676,1.5428555,1.1314832,1.1855505,0.17997897,0.43158892,0.46556404,0.7800466,0.70655555,1.0919887,1.0212178,0.8065794,1.3558961,0.5579641,1.0010531,0.44919443,0.6564973,0.6390835,0.54011506
8035,0.49907038,1.0500499,0.96550846,0.7742828,0.43521062,0.39997044,0.12902954,0.13795501,0.11265475,0.9146701,0.13180007,0.94105816,0.70852584,0.99721044,0.31039783,0.13584164,0.15888257,0.14613713,1.0286322,0.94749594,0.75730836,0.6104907,1.1874651,1.1309623,1.0205148,0.757163,1.0004901,0.93012846,0.63779753,0.6644725,0.9900795,0.8355151,1.2261281,0.82861966,0.79943967,0.9072501,0.89757353,0.43312263,0.04578044,0.06332915,0.07710403,0.06423172,0.057236128,0.73000133,1.1625613,1.1601099,1.3069406,1.2695498,1.1538174,1.1248125,0.13180007,0.16289575,0.21641359,0.70852584,0.5661314,1.060211,0.8857466,0.49438688,1.0383394,0.44188303,0.68541455,0.4253222,0.5466691,0.67406255,0.7667649
8306,0.24195726,0.5141029,1.0017502,0.071033485,0.07980106,0.07242434,0.27226537,0.14746575,0.2344338,0.07082802,0.10780132,0.7119016,1.0550003,0.11011699,0.18949847,0.06900993,0.06077029,0.070013516,0.75411344,0.90394247,0.7457985,0.6963447,0.84821934,0.799218,0.84625983,0.6831791,0.6148612,0.6535338,0.71759075,0.56659687,1.0028962,0.8912183,0.8429671,0.6710156,0.6764389,0.6943143,0.8868704,0.43312263,0.04578044,0.06332915,0.07710403,0.06423172,0.057236128,0.73000133,0.9896965,1.0162681,0.9402226,0.73990536,0.9715444,0.99543893,0.10780132,0.119088866,0.14046335,1.0550003,0.44265822,0.9509966,0.6199521,0.29704866,0.87934196,0.07003103,0.09591672,0.36746076,0.41991338,0.5929814,0.49899474
8316,0.2050143,0.42694443,0.7578855,0.071033485,0.07980106,0.07242434,0.36596766,0.18224001,0.3129227,0.07082802,0.0945487,1.1403108,1.1000834,0.11011699,0.16107476,0.06900993,0.06077029,0.070013516,0.6652879,0.84730095,0.69715315,0.63327366,0.7822037,0.6877733,0.7365309,0.608891,0.66483974,0.6620186,0.6547745,0.39828387,1.0464325,1.1013122,0.78123945,0.67550826,0.6874772,0.7232892,0.7159148,0.43312263,0.04578044,0.06332915,0.07710403,0.06423172,0.057236128,0.73000133,0.8995787,0.93465036,0.8510577,0.5621162,0.93420213,0.88732606,0.0945487,0.10980816,0.12325673,1.1000834,0.43432257,0.95420814,0.5873511,0.24250126,0.7446429,0.13747568,0.15589395,0.24287109,0.32898492,0.38589826,0.35851625
9432,0.25386062,0.27552804,0.27485198,0.97688854,1.5120978,1.0143917,0.38681114,0.16896299,0.32967293,0.7981245,0.11679507,0.9045706,0.90167844,0.8304774,0.24965514,0.3768588,0.26563555,0.2848493,0.7215313,0.88455135,0.5820827,0.55686605,0.81462437,0.67666817,0.69159883,0.45086238,0.66066283,0.5470892,0.59761024,0.41393843,0.9051148,0.5620561,0.74303305,0.74303305,0.73799485,0.70915055,0.5114664,0.43312263,0.04578044,0.06332915,0.07710403,0.06423172,0.057236128,0.73000133,0.99599034,1.119082,0.92266977,0.51686573,1.0402292,0.8102606,0.11679507,0.1101979,0.10924208,0.90167844,0.3043536,1.0689392,0.43840936,0.26021716,0.29024556,0.20140329,0.2603159,0.6996932,0.8666029,0.7144562,0.72659636
9433,0.1712583,0.28316376,0.30065525,0.90366775,2.4055483,1.271744,0.19186606,0.1553604,0.17008707,0.84616774,0.056033168,0.79894114,0.9746312,1.1116195,0.14815602,0.239321,0.13540901,0.19073287,0.7071807,0.8297689,0.6506644,0.5617368,0.83956224,0.6848583,0.77348447,0.5110717,0.7513201,0.5579648,0.634768,0.64755297,0.88193256,0.6850062,0.6132971,0.6703454,0.6752869,0.58185077,0.57226956,0.43312263,0.04578044,0.06332915,0.07710403,0.06423172,0.057236128,0.73000133,0.90162086,1.0005587,0.9396568,0.5693465,0.90138865,0.8876646,0.056033168,0.08571184,0.088887855,0.9746312,0.32136205,0.9999616,0.50845885,0.19859464,0.3194859,0.201387,0.22452407,0.35886803,0.26250818,0.43198338,0.36563188
AAPL,0.19466238,0.428734,0.5394791,0.6693232,0.16710407,0.20401867,0.111543015,0.08069098,0.15356892,1.016541,0.5657301,0.70232123,0.830328,0.72161007,0.11313126,0.11144069,0.111820616,0.14058767,0.68554103,0.8670728,0.5216025,0.33983588,0.8374431,0.76904464,0.5862902,0.53706044,0.5451847,0.5341773,0.38394794,0.5349928,0.6156991,0.39500627,0.8781452,0.89615315,0.8719497,0.92743284,1.0502638,0.43312263,0.04578044,0.06332915,0.07710403,0.06423172,0.057236128,0.73000133,1.2836689,1.2839154,0.88577294,0.56777567,1.2270231,0.9490576,0.5657301,0.22617462,0.3645912,0.830328,0.5654143,0.7324711,0.54666466,0.19631568,0.5403434,0.27802697,0.3307846,0.27679375,0.46997705,0.69614005,0.35359684
ABBN,0.26665092,0.63898546,0.6117571,0.9909147,0.3120185,0.22244282,0.49911445,0.39760032,0.42403138,1.0045518,0.08717056,1.0563501,0.6898717,0.7357785,0.11629359,0.4576037,0.076940395,0.11975435,0.5542802,0.89016163,0.4418355,0.2518787,0.62379336,0.56278634,0.6565564,0.51947284,0.625694,0.43059394,0.3764554,0.4844529,0.6365485,0.6146506,0.53203017,0.72101694,0.709106,0.7586431,0.83649445,0.43312263,0.04578044,0.06332915,0.07710403,0.06423172,0.057236128,0.73000133,1.0623022,1.0904319,0.68754375,0.4383861,1.0474548,0.7522098,0.08717056,0.13671921,0.12372316,0.6898717,0.3034948,0.6948078,0.4037484,0.19239308,0.65353703,0.20274669,0.21001515,0.24918982,0.23468132,0.5974561,0.6571864
ABBV,0.1976498,0.8343051,0.6929445,0.79019994,0.13504574,0.12878585,0.5445407,0.53380233,0.45344564,1.0086529,1.8977854,0.9077057,1.1215786,1.1608257,0.15731257,0.5428527,0.11175303,0.15701534,0.72160274,0.9115883,0.8164859,0.6463929,0.97303754,0.7887996,0.7547354,0.71045965,1.0938257,0.7034521,0.65854967,0.66691273,0.97678363,0.7197862,0.84167016,0.89669985,0.8191307,1.0202471,0.87775195,0.43312263,0.04578044,0.06332915,0.07710403,0.06423172,0.057236128,0.73000133,1.2411674,1.2420357,0.87981695,0.8998542,1.1696205,0.9938385,1.8977854,1.3407604,1.2182993,1.1215786,1.5552032,1.1869196,0.6680585,0.23790294,0.76726764,1.3461477,0.8200693,1.4834155,1.0745438,1.5291075,1.612252
ABNB,0.8737919,0.50374377,0.49299943,0.22738448,0.1086453,0.104280666,1.4501188,0.5663924,1.1960067,0.81263447,0.15344134,0.6869218,0.4191188,0.40157297,0.85281134,1.4403398,0.80659735,0.21612261,0.4041352,0.41710597,0.79367656,0.71975005,0.79601264,0.45220178,0.79667157,0.7316404,0.68658006,0.62064636,0.62736416,0.87532836,0.62123954,0.6193168,0.66240287,0.7078689,0.7303178,0.55874354,0.56379443,0.43312263,0.04578044,0.06332915,0.07710403,0.06423172,0.057236128,0.73000133,0.97382545,1.0075365,0.5711425,1.019925,0.98772323,0.6775631,0.15344134,0.55356157,0.5301664,0.4191188,0.6258582,0.4925605,0.67738074,0.8359781,0.5275552,0.7198145,0.57811266,0.75505525,0.42476192,0.56595916,0.53228325
ABT,0.14942072,0.5044129,0.7343866,0.8163643,0.18090264,0.15845641,0.1543793,0.16095391,0.14759941,0.7989599,0.071778506,0.8955543,0.8159048,0.8260681,0.15759008,0.15297982,0.14593807,0.07185986,0.5239418,0.80019855,0.38897285,0.22893952,0.6535601,0.5140725,0.53132105,0.35063103,0.6774434,0.53267354,0.30549368,0.28480396,0.61959994,0.36818603,0.5687097,0.7826932,0.73184216,0.87749624,0.93965006,0.43312263,0.04578044,0.06332915,0.07710403,0.06423172,0.057236128,0.73000133,1.1060193,1.1415613,0.7202137,0.40700924,1.0550705,0.7321845,0.071778506,0.22797436,0.16638424,0.8159048,0.4427949,0.8793398,0.4714028,0.1781587,0.7072433,0.24291743,0.28799415,0.17507441,0.2165554,0.7955083,0.3732045
ACN,0.14577483,0.22677583,0.33480605,0.48619494,0.18702194,0.14411551,0.12439314,0.10229399,0.4636243,0.9922251,0.37277046,0.73400664,0.81694335,0.83500785,0.14524274,0.12041711,0.20862438,0.16432236,0.5721026,0.88527334,0.5158549,0.30480364,0.64896125,0.6168212,0.8660028,0.44348043,0.64260525,0.40626904,0.46104816,0.22139749,0.54839116,0.5328972,0.6143658,0.9271872,0.8966509,1.2039591,0.9065097,0.43312263,0.04578044,0.06332915,0.07710403,0.06423172,0.057236128,0.73000133,1.3102252,1.3139168,0.7330526,0.42416075,1.3042011,0.7618864,0.37277046,0.10468023,0.109489925,0.81694335,0.34488547,0.96851385,0.4930578,0.16249868,0.27004325,0.22296663,0.37746736,0.6207549,0.9591784,0.6803953,0.48594543
ADBE,0.25456384,0.49749234,0.39447623,0.29696396,0.09024931,0.074397676,0.17216441,0.1990443,0.54670846,1.0048746,0.19380936,0.8206264,0.88398284,0.9085179,0.17647052,0.16962488,0.13446459,0.14527181,0.93676966,1.0769246,0.7452492,0.42433232,0.89541644,0.94341815,1.0139602,0.80970114,0.8746833,0.6475816,0.5257556,0.5979033,0.8914507,0.8145522,0.96305317,0.85026807,0.82923126,1.0770602,0.8231382,0.43312263,0.04578044,0.06332915,0.07710403,0.06423172,0.057236128,0.73000133,1.2290514,1.2470317,1.1296501,0.79129565,1.2079219,0.9321173,0.19380936,0.15869635,0.14917219,0.88398284,0.40822113,0.93588173,0.65794796,0.23770449,0.3906492,0.6676692,0.8588719,0.8789038,0.5507873,0.7367291,0.57008916
ADI,0.25045642,1.1650478,1.1258367,0.8176071,0.1961051,0.16127472,0.2917495,0.5664758,0.7192537,0.951242,0.055016745,0.8048705,0.8637811,0.6968485,0.19188046,0.2847324,0.11440445,0.13052534,0.35584128,0.47114196,0.5283826,0.3343229,0.63547033,0.46331114,0.42639044,0.60400224,0.49207678,0.4729562,0.3945763,0.3341708,0.56060934,0.32098457,0.6035721,1.2025982,1.2148043,1.2217048,1.2300997,0.43312263,0.04578044,0.06332915,0.07710403,0.06423172,0.057236128,0.73000133,1.7477586,1.649234,0.46565703,0.3890503,1.6694739,0.7265952,0.055016745,0.34760162,0.19375697,0.8637811,0.32156557,0.7905532,0.5143549,0.33135802,1.2302065,0.28475663,0.5147542,0.22960667,0.3909225,0.8154004,0.6506539
ADP,0.18072811,0.21691515,0.5396648,0.80047554,0.36680132,0.3303138,0.133364,0.09230322,0.1164102,0.89728403,0.22772494,0.8814939,1.0788037,0.87134016,0.17889768,0.13374928,0.21981522,0.16943796,0.53959894,0.8451436,0.41763288,0.34854317,0.6443936,0.6026888,0.6056056,0.4453434,0.62026155,0.41112968,0.41014895,0.75739825,0.7905075,0.36116317,0.53638446,0.92448527,0.897948,0.972725,0.53664553,0.43312263,0.04578044,0.06332915,0.07710403,0.06423172,0.057236128,0.73000133,1.2698845,1.287703,0.6767094,0.47425798,1.2620796,0.8035554,0.22772494,0.15060884,0.21255809,1.0788037,1.0772245,0.8774026,0.5716916,0.22707812,0.48769563,0.28778613,0.3299352,0.16651356,0.12370313,0.4363024,0.35289466
ADSK,1.8063198,0.64432406,0.58681697,0.9534274,0.108086325,0.091156706,0.81911796,1.1334488,1.0596156,1.0413898,1.6503068,0.85086477,1.3586283,1.0114336,1.8267356,0.80928093,0.85157204,0.1820349,0.69994533,0.63638514,0.76904535,0.5264169,0.9162901,0.71953726,0.68641526,0.93634796,1.1042138,0.7650152,0.5779489,0.45978323,0.82717,0.668957,0.71389616,1.1169869,1.0677974,1.3508391,1.0320181,0.43312263,0.04578044,0.06332915,0.07710403,0.06423172,0.057236128,0.73000133,1.5276164,1.5548654,0.7769069,0.8217809,1.4810712,0.8872251,1.6503068,1.6823893,1.9513924,1.3586283,1.3474762,0.8616289,1.6324846,1.6989996,0.5954597,1.7617507,1.3551573,0.52728486,0.6347357,0.68223256,0.6233525
AI,0.14104746,0.5223153,0.4790335,0.7435748,0.88686895,0.3618495,0.08241618,0.08572692,0.078815244,0.6320233,0.06296912,0.815058,0.77957755,0.6154748,0.15115045,0.17464244,0.13087672,0.22298269,0.3669377,0.56940943,0.4287214,0.3321749,0.5434639,0.41974,0.4641142,0.41164193,0.38900822,0.57210827,0.3346492,0.56654215,0.7058178,0.28942233,0.38779613,0.5115555,0.51751584,0.5135421,0.8426133,0.43312263,0.04578044,0.06332915,0.07710403,0.06423172,0.057236128,0.73000133,0.88561684,0.90589815,0.5781981,0.3991917,0.9238603,0.6594702,0.06296912,0.08832114,0.1031011,0.77957755,0.2788199,0.65620005,0.37159038,0.15972438,0.49880734,0.14672016,0.23579554,0.79452235,0.773331,0.98465896,0.88906556
AIR,0.30910325,0.5550785,0.48232564,0.81299335,0.95902336,0.5377781,0.9945295,0.3868918,0.81150794,0.87149024,0.11344631,0.8149157,0.7889833,0.73374826,0.31338355,0.9875402,0.24962392,0.08418387,0.7562711,0.78975606,0.6649466,0.62471867,0.9018537,0.8372506,1.0199999,0.68234015,0.77429205,0.6536686,0.70680076,0.4431514,0.81287354,0.5357491,0.7624449,0.6658144,0.66558546,0.7207079,0.6359657,0.43312263,0.04578044,0.06332915,0.07710403,0.06423172,0.057236128,0.73000133,1.0926046,1.1395227,0.88396007,0.9048614,1.0759894,1.0443369,0.11344631,0.3912331,0.35506368,0.7889833,0.5324362,0.7668684,0.6125683,0.33298084,0.52123535,0.203408,0.37996793,0.3664388,0.818569,0.61858654,0.6343479
ALV,0.12230492,0.6829022,1.2623069,0.8141186,0.712927,1.3099898,0.30274835,0.15094867,0.25717726,0.89588714,0.0953585,0.89880365,0.9238332,0.8025818,0.25285077,0.33251923,0.13264568,0.1760042,0.43777084,0.842516,0.47221106,0.38971993,0.61306244,0.5303208,0.4786463,0.37680402,0.6197208,0.55888855,0.35760218,0.616707,0.7439847,0.8191755,0.40949127,0.5997197,0.5710826,0.70353514,0.7003652,0.43312263,0.04578044,0.06332915,0.07710403,0.06423172,0.057236128,0.73000133,0.8148147,0.7905031,0.5929536,0.4506784,0.8567655,0.74493164,0.0953585,0.089896224,0.1246666,0.9238332,0.32323,0.7215973,0.37028468,0.16698644,1.1588713,0.15160516,0.18330309,0.47393507,0.85707575,0.54838735,0.5876271
AMAT,0.45416066,0.82501465,0.82338905,0.8410977,0.16511577,0.14484829,0.10390714,0.09754334,0.21281932,0.6860809,0.124777645,0.9528142,0.8062122,0.8437873,0.27502152,0.09884272,0.1563414,0.15037155,1.0938206,1.0167235,0.6757629,0.46283236,1.0104052,1.1249444,1.0184662,0.62405616,0.7226563,0.6909681,0.43251276,0.46737084,0.7061837,0.57341397,1.1872426,1.0588009,1.0746299,1.0353769,1.2176366,0.43312263,0.04578044,0.06332915,0.07710403,0.06423172,0.057236128,0.73000133,1.5055882,1.4995806,1.3565972,1.0956485,1.4579012,1.0850539,0.124777645,0.17430611,0.23173994,0.8062122,0.47944483,0.97477007,0.7585347,0.39172336,0.7829203,0.3328113,0.5342988,1.0924968,0.9923551,1.427082,1.370419
AMD,1.5816381,1.0564625,1.0997628,0.90027475,0.3294462,0.40943787,1.4875685,1.247838,1.2510774,0.81518865,0.7345753,0.7607402,0.9468446,0.83636785,1.5576125,1.5047387,0.56675035,0.14502405,1.9686288,1.0945177,1.3308727,1.3255004,1.8998501,2.002224,1.444926,1.396543,1.2999775,1.1183017,1.4069929,1.0122216,0.7082335,0.9897814,1.8654783,1.046308,1.1171124,0.69897145,1.2558087,0.43312263,0.04578044,0.06332915,0.07710403,0.06423172,0.057236128,0.73000133,1.4418781,1.5470442,2.1360261,2.8641865,1.4601276,1.3422271,0.7345753,1.2857125,1.5470488,0.9468446,0.99104935,0.8162305,1.7120185,1.6398704,1.0980794,0.9463548,0.769728,0.96845555,0.6980388,1.0739957,1.034208
AMGN,0.18258245,0.46198788,0.47378138,0.8332481,0.15630725,0.13648042,0.14248286,0.16106899,0.12407119,0.9141017,0.5871329,1.0457928,1.0270445,0.7550194,0.14269033,0.13927656,0.109271206,0.13219205,0.6247473,0.8077647,0.531076,0.39138228,0.87283117,0.73413694,0.67305464,0.55875045,0.6960243,0.6882026,0.37458432,0.5806763,0.5374791,0.6428127,0.6312342,0.8588766,0.85330576,0.7778355,0.9891639,0.43312263,0.04578044,0.06332915,0.07710403,0.06423172,0.057236128,0.73000133,1.2652268,1.289107,0.7859653,0.55720866,1.2044168,0.9561808,0.5871329,0.26456228,0.38579565,1.0270445,0.5965982,0.8976142,0.57228804,0.18186168,0.48955992,0.2774094,0.31695652,0.6787763,0.39181694,0.78288853,0.7036097
AMT,0.28318155,0.48353773,0.46545583,0.7797193,0.15410078,0.1680138,0.09251725,0.10208026,0.08600161,0.74398583,0.3070478,0.96228236,0.93860304,0.9133505,0.28039795,0.093523815,0.21294801,0.32333913,0.67939305,0.9828113,0.38789836,0.29339182,0.7949874,0.7581627,0.8153986,0.38797605,0.41632876,0.53722274,0.31775,0.68915117,0.857955,0.57780904,0.6296345,1.0613507,1.0115062,1.1640226,0.8192584,0.43312263,0.04578044,0.06332915,0.07710403,0.06423172,0.057236128,0.73000133,1.554361,1.5304911,0.85675764,0.45413083,1.5344344,0.9167647,0.3070478,0.24828884,0.24315037,0.93860304,0.84580135,1.0857153,0.78716683,0.44150248,0.50041,0.43089813,0.57666177,0.21198633,0.21889871,0.47601008,0.44248992
AMZN,0.91423935,0.72858185,0.6018497,1.0483774,0.26283407,0.39557016,0.7336455,0.7915577,0.6025946,0.5105348,0.106346816,0.883508,0.8126497,0.71303535,0.98171705,0.73743546,0.65713847,0.37376907,1.0074133,1.0136583,0.755186,0.5982085,0.9062611,0.9977452,0.7766939,1.021141,0.89042896,0.7635968,0.58386797,0.32389006,0.55929285,0.6336584,1.105163,1.2472773,1.2921125,0.9895842,1.2662698,0.43312263,0.04578044,0.06332915,0.07710403,0.06423172,0.057236128,0.73000133,1.709917,1.7212797,1.1888587,0.84586173,1.7102784,0.9781934,0.106346816,0.42897138,0.54370445,0.8126497,0.40942356,0.74370325,0.6417837,0.7788758,0.6290738,0.82291555,0.50530577,0.9202522,1.3147193,1.2072403,0.9622187
ANET,0.31467336,0.8885894,0.90071046,0.6142822,0.108952865,0.0843386,0.17431925,0.11693672,0.15085836,0.96281165,0.085200235,0.62661684,0.7711681,0.83202446,0.16718781,0.1725519,0.30465075,0.19487885,1.0709848,0.7233025,1.1845613,0.9396651,1.2776903,1.1190127,1.0770423,1.3474908,1.3559003,0.93924177,1.1329669,0.5206242,0.9868402,0.67583877,1.1529051,0.6694578,0.691124,0.599278,0.96808475,0.43312263,0.04578044,0.06332915,0.07710403,0.06423172,0.057236128,0.73000133,1.7011389,1.6308529,1.3629282,1.7145027,1.6442021,1.0254304,0.085200235,0.31820887,0.12321845,0.7711681,0.52728474,0.85014504,0.87276196,0.495529,0.94774127,0.31855345,0.2435629,1.0822206,0.86388516,0.91305804,0.7400335
AON,0.13973479,0.48809975,0.64184576,0.75796646,1.1021711,1.4775414,0.32769322,0.33291698,0.2781353,0.918842,1.1889695,0.6177617,1.0995816,0.90482426,0.18262713,0.34557018,0.0920056,0.15406998,0.5014514,0.7228065,0.41307324,0.2645797,0.64572334,0.5398538,0.5172719,0.47441262,0.5854668,0.42181233,0.36105403,1.9464383,1.1728393,0.4124572,0.4635284,0.76611364,0.717607,0.8381723,0.77236265,0.43312263,0.04578044,0.06332915,0.07710403,0.06423172,0.057236128,0.73000133,1.0553783,1.1420306,0.62648267,0.47878614,1.0411242,0.7761667,1.1889695,0.7320159,0.60628647,1.0995816,0.9411034,0.9044848,0.433616,0.15397887,0.63855004,0.97198665,0.6992362,0.30015707,0.31576493,0.63735855,0.4907908
APD,0.20903584,0.49927118,0.5965839,1.1529434,0.4171586,0.53585684,0.9495298,0.32737234,0.76000273,1.0610332,0.05354472,0.8859693,0.7635263,0.7625954,0.22274002,0.9445582,0.6329567,1.2574049,0.607697,0.8316891,0.47626743,0.33752194,0.6629038,0.66180605,0.6379474,0.47133285,0.91828716,0.41357338,0.46281615,0.5384437,0.87492687,0.3629438,0.62583303,0.8326473,0.85545486,0.7558566,0.932855,0.43312263,0.04578044,0.06332915,0.07710403,0.06423172,0.057236128,0.73000133,1.2525622,1.3035314,0.80590045,0.5114043,1.258647,0.8952142,0.05354472,0.10490534,0.12613997,0.7635263,0.32576585,0.8018038,0.45146793,0.21722707,0.58426046,0.1915009,0.31673208,0.58575845,0.64257807,0.8156133,0.5628539
APH,0.37139523,0.72995865,0.59672755,0.6725533,0.15090992,0.16022399,0.07623324,0.088865735,0.07357613,0.660352,0.07511424,0.7515917,0.6508493,0.76983637,0.17901307,0.07653875,0.11813646,0.09742956,0.38481227,0.6190607,0.46969634,0.41637596,0.53726786,0.47560686,0.36930147,0.3258086,0.57355034,0.41748264,0.48925897,0.35270387,0.69037116,0.41111133,0.50772876,1.0311149,1.0313551,0.93049955,1.1507517,0.43312263,0.04578044,0.06332915,0.07710403,0.06423172,0.057236128,0.73000133,1.6122417,1.6320966,0.512109,0.3106743,1.609208,0.6466078,0.07511424,0.101634935,0.11152187,0.6508493,0.2750454,0.6379392,0.3495159,0.40231773,0.58298856,0.12654996,0.16740662,0.23573749,0.32507652,0.6365046,0.35650003
APO,0.30351874,1.8589228,2.290053,0.56224865,0.3559338,0.19956662,0.9240867,0.53660506,0.756938,0.092898,0.36983934,1.0541605,0.94232476,0.8926694,0.34461927,0.92143613,0.5739325,0.20205268,0.8268063,0.87044877,0.5297376,0.3912958,0.94159436,0.83073,0.8190854,0.52769476,0.5729857,0.61760324,0.39860398,0.44208488,0.8714678,1.0259075,0.88050026,1.092168,1.0241977,1.2577711,0.89581305,0.43312263,0.04578044,0.06332915,0.07710403,0.06423172,0.057236128,0.73000133,1.6035116,1.6594796,1.0602258,0.55359846,1.6390423,1.0467229,0.36983934,0.8124191,0.7016835,0.94232476,1.0176326,0.77484924,0.7518308,0.4608631,2.1372323,0.52435935,0.53593713,0.9283769,1.2273483,0.7382583,0.8766712
APP,1.2136158,0.95496064,0.8415376,0.45313153,0.31103748,0.28079495,0.46515828,0.86061394,0.40126684,0.8480251,0.42533892,0.2948176,0.63643545,0.52650076,1.1826559,0.45444193,0.9271659,0.23904856,1.9966419,0.86080694,1.5542095,1.6974308,1.5118009,1.8125618,1.324019,1.7631634,1.1659096,1.1638713,1.7018247,0.4087333,0.9132041,1.4795439,1.6600536,0.80538803,0.84826714,0.6016701,0.87845945,0.43312263,0.04578044,0.06332915,0.07710403,0.06423172,0.057236128,0.73000133,1.1212678,1.067867,1.8287684,2.355269,1.124401,0.92644304,0.42533892,0.34598097,0.398349,0.63643545,1.0493078,0.45544073,1.1358947,0.98630404,0.9053411,0.39937335,0.60884845,0.80505395,1.1236147,0.8455761,0.9253859
ARM,0.13328904,0.38118196,0.38125077,0.20419928,0.089584336,0.08176855,0.30667478,0.24356891,0.25939646,0.47236902,0.06576039,0.4148181,0.304391,0.35048264,0.13916612,0.29712474,0.101897046,0.10377741,0.5821206,0.2159161,1.1127106,1.2213271,0.97530556,0.5590899,0.6555955,0.99046975,0.9233829,1.1833624,0.9914437,0.27974758,0.7466632,0.70383656,0.70718014,0.5412599,0.5084289,0.5567464,0.48729962,0.43312263,0.04578044,0.06332915,0.07710403,0.06423172,0.057236128,0.73000133,0.6775154,0.6020404,0.49087682,1.3733915,0.70357966,0.531827,0.06576039,0.12297939,0.10950883,0.304391,0.7123442,0.34501815,0.8933244,0.20900041,0.39928922,0.54902095,0.5236577,0.47883102,0.2836543,0.4973582,0.38744593
ASM,0.38452965,0.884091,0.8760786,0.72884876,0.2597453,0.20287324,0.20967942,0.13088074,0.1805331,0.5024415,0.13292356,1.0453291,0.68230695,0.76602817,0.23785648,0.20181371,0.2168219,0.11602296,1.1997313,0.98512864,0.7011957,0.44786638,1.1323336,1.1952233,0.9227631,0.86623126,0.6693692,0.68583536,0.5354442,0.57673615,1.054823,0.7687904,1.0762345,0.8344228,0.8131866,0.9167055,1.0765631,0.43312263,0.04578044,0.06332915,0.07710403,0.06423172,0.057236128,0.73000133,1.1665331,1.1665062,1.3993257,1.0815448,1.1106434,1.0621859,0.13292356,0.23046339,0.17816387,0.68230695,0.54324955,0.76517004,0.82571757,0.45900837,0.88678867,0.2208032,0.29531133,0.4556674,0.44765887,0.89593905,0.5260247
ASML,0.18797487,0.45726413,0.67253304,0.56098515,0.21380402,0.1948914,0.109912395,0.11562659,0.107255325,0.5013245,0.21151528,0.6902246,0.862332,0.68063134,0.15467992,0.10800248,0.08084504,0.09668075,0.7555186,0.8818739,0.64158785,0.4354267,0.8283728,0.83671355,0.7878171,0.6828708,0.69638205,0.67263573,0.4805635,0.3652598,0.49313524,0.66630346,0.7971302,0.83934474,0.8122042,0.8585629,0.8315864,0.43312263,0.04578044,0.06332915,0.07710403,0.06423172,0.057236128,0.73000133,1.1795605,1.2131189,0.9663017,0.69812274,1.2051201,0.9379912,0.21151528,0.13372062,0.14340587,0.862332,0.41278505,0.7394695,0.63754547,0.32157862,0.6600154,0.22669952,0.39075643,0.51898336,0.7132143,0.655826,0.53437877
AVGO,0.36909297,1.4956968,1.3153934,0.50424105,0.28381783,0.31477395,0.3894007,0.2702219,0.8432684,1.0161111,0.234219,0.8375137,0.9492415,0.88142836,0.4462804,0.38812712,0.14628597,0.22724771,0.79920566,0.6523679,0.892395,0.67549264,0.9892311,0.78468233,0.56085706,0.9092647,0.9510323,0.671619,0.79124856,0.3843637,0.7702526,0.5747838,0.91243345,0.8401443,0.84568566,0.92367756,0.9372719,0.43312263,0.04578044,0.06332915,0.07710403,0.06423172,0.057236128,0.73000133,1.4895544,1.5201035,1.2435153,1.096933,1.5821109,0.881492,0.234219,0.30165154,0.30931428,0.9492415,0.61231,0.9131644,0.61327946,0.43489856,1.343691,0.32182595,0.4553399,0.9593561,1.0367311,0.6853781,0.86568964
AXON,0.8146866,0.52504057,0.4993706,0.95555526,0.2297732,0.15743716,1.179103,1.2648673,1.0116639,0.82835007,0.083460845,0.98933,0.80224305,0.9329781,0.890364,1.1325803,1.5134531,0.2698354,1.5230553,0.9910695,1.2595115,1.1015254,1.7949007,1.6609956,1.2347056,1.3689914,1.3341697,1.002541,1.2067161,0.5852886,1.595499,1.0592355,1.4714782,1.253458,1.174766,1.3886181,0.78026634,0.43312263,0.04578044,0.06332915,0.07710403,0.06423172,0.057236128,0.73000133,1.7483977,1.7888395,1.7428728,2.34271,1.6638497,1.4008148,0.083460845,0.43840376,0.29744118,0.80224305,0.8088741,0.7665883,1.411992,0.9728984,0.4795186,0.41289535,0.41811708,0.656379,0.5012469,0.7650694,0.6732342
AXP,0.124250345,0.4883741,0.44853422,0.67225885,0.07980106,0.07242434,0.10176499,0.1663529,0.09443587,0.7981779,0.11856539,0.79685384,0.8938417,0.7812255,0.12824994,0.06900993,0.23170954,0.13512537,0.57566404,0.8017216,0.53243,0.48225224,0.6432573,0.5847139,0.6394891,0.7381012,0.5633415,0.5579719,0.47990298,0.3395022,0.6814696,0.38038406,0.6206395,0.7309658,0.69212127,0.7967749,0.805128,0.43312263,0.04578044,0.06332915,0.07710403,0.06423172,0.057236128,0.73000133,1.037214,1.0441308,0.683139,0.39431006,1.0302385,0.7865059,0.11856539,0.09608675,0.09491223,0.8938417,0.3198555,0.84709877,0.41252694,0.1511866,0.4652292,0.18454681,0.23478024,0.49917567,0.6801095,0.6990891,0.549197
AZN,0.19468582,0.4607911,0.45775384,1.10358,0.13187799,0.13392039,0.51894313,0.4885467,0.442489,0.69329554,0.099143,0.93170553,0.9280687,0.9377528,0.16478077,0.5167019,0.11521763,0.094003186,0.5783134,0.79827535,0.6717271,0.51878023,0.85389894,0.63247764,0.721559,0.8013306,1.0374156,0.5565371,0.48714122,0.8096841,0.8147702,0.5922846,0.6506833,0.615888,0.5787173,0.7067198,0.6496883,0.43312263,0.04578044,0.06332915,0.07710403,0.06423172,0.057236128,0.73000133,0.93169063,0.9465984,0.7151605,0.70659333,0.93624115,0.9081188,0.099143,0.27261597,0.21735905,0.9280687,0.46309274,1.0111845,0.5954489,0.23339966,0.47049832,0.54115736,0.35641497,2.3708293,2.1940446,1.4775809,0.9029655
BAC,0.14882557,0.22877909,0.3126551,0.071033485,0.07980106,0.07242434,0.7367894,0.99895996,0.60554177,0.07082802,0.117623076,0.8849167,0.8351631,0.11011699,0.16328038,0.06900993,0.06077029,0.070013516,0.66602534,0.8116891,0.49880528,0.38874316,0.7909127,0.78063977,0.7338821,0.4271366,0.5449292,0.6054262,0.35229647,0.56600475,0.69477147,0.43363923,0.6820429,0.90958387,0.8416922,1.1514603,0.75469404,0.43312263,0.04578044,0.06332915,0.07710403,0.06423172,0.057236128,0.73000133,1.2280409,1.2642871,0.81572104,0.40028495,1.2193427,0.91399276,0.117623076,0.12633157,0.11716902,0.8351631,0.3892889,0.7603441,0.47071788,0.23287939,0.29996353,0.10867018,0.17700955,0.44056332,0.53890735,0.6336191,0.45104218
BE,1.936225,0.79448354,0.97861123,0.94227225,0.3885445,0.2622322,1.1417971,0.924585,0.95809734,0.63274956,0.2713301,0.4944372,0.80749893,0.80252516,1.9692036,1.1223276,1.5712558,0.14350727,2.1759481,1.0684988,1.9916627,2.220406,2.1864357,1.9506624,2.0630233,1.8644409,1.7002889,1.621256,2.163491,0.6548055,1.1456589,1.6796864,1.6349458,0.77695346,0.78474516,0.65588343,0.94160336,0.43312263,0.04578044,0.06332915,0.07710403,0.06423172,0.057236128,0.73000133,1.1237332,1.1149132,2.0270956,3.1903417,1.0671971,1.0998846,0.2713301,1.6827708,1.3417417,0.80749893,1.2570194,0.6192793,1.8596212,2.062687,0.99267906,1.2277335,1.0175451,1.3794305,1.0361794,0.89762306,1.0112233
BKNG,0.26329407,0.89019823,0.9047725,0.7844365,0.13009866,0.18187995,0.7297455,0.48726052,0.60016,0.744341,1.0809985,0.73860383,1.2159189,0.7960022,0.16856214,0.7284135,0.20800427,0.12195649,0.5433871,0.7011358,0.6227983,0.38151264,0.77323246,0.59787536,0.61782944,0.6214879,0.9949729,0.5713438,0.469687,0.71984,0.6102747,0.48445037,0.672064,0.9927345,0.9630647,0.99497634,1.0675113,0.43312263,0.04578044,0.06332915,0.07710403,0.06423172,0.057236128,0.73000133,1.4056096,1.4484618,0.70903254,0.50063354,1.3581245,0.8892545,1.0809985,0.781066,0.5509722,1.2159189,0.8848536,0.82451785,0.5492154,0.2644271,0.9497967,1.4107554,0.7628158,0.5486917,0.85683686,0.94695044,0.88255864
BLK,0.16590616,0.5123734,0.72999924,0.70339423,0.12092548,0.09133113,0.10064598,0.10811859,0.09517306,0.83216155,0.07761616,0.700041,0.6046466,1.223546,0.13880278,0.09912632,0.08014697,0.16529526,0.4353403,0.6665202,0.361297,0.28693923,0.56225556,0.502418,0.5376294,0.35437682,0.41469812,0.38792086,0.2853562,0.3989925,0.6676436,0.38852745,0.66136163,0.96539927,0.90218407,1.1827303,0.99716187,0.43312263,0.04578044,0.06332915,0.07710403,0.06423172,0.057236128,0.73000133,1.3618255,1.2899876,0.57412624,0.2759111,1.403177,0.76213145,0.07761616,0.12786412,0.09801176,0.6046466,0.24999642,0.6681359,0.40701675,0.20223577,0.6927717,0.15218759,0.18341918,0.23387502,0.42336032,0.6892013,0.42281932
BN,0.15864734,1.2275288,1.6811615,0.071033485,0.081637494,0.07350353,0.09474039,0.09226858,0.08820439,0.07082802,0.05067924,0.09572462,0.42726442,0.43264306,0.6018665,0.09299924,0.06077029,1.6560651,0.18486068,0.2301826,0.251158,0.18184923,0.32130536,0.2088026,0.24720287,0.20493189,0.16986956,0.5227749,0.22959332,0.27781296,0.6126599,0.5606199,0.26726398,0.5231309,0.49320465,0.55244046,0.7785364,0.43312263,0.04578044,0.06332915,0.07710403,0.06423172,0.057236128,0.73000133,0.7314601,0.7237328,0.21470799,0.13420336,0.5996823,0.34287515,0.05067924,0.2110096,0.09858839,0.42726442,0.34433815,0.39065382,0.42740682,0.3042576,1.7572792,0.20824683,0.1803814,1.318555,1.4192077,1.4777404,1.5667852
BNP,0.18616012,0.28195024,0.28734863,0.8569242,0.769204,1.3339057,0.2242487,0.15699998,0.18873866,0.84827256,0.10427923,0.9376825,0.8605941,1.1058984,0.15762407,0.2562575,0.116772935,0.056993056,0.82424104,0.9660449,0.6833526,0.555369,0.9485779,0.8262244,0.98047465,0.53100485,0.8110672,0.9418947,0.48402306,0.45244262,0.68258595,0.9929279,0.65800035,0.81120795,0.77757,0.885962,0.833825,0.43312263,0.04578044,0.06332915,0.07710403,0.06423172,0.057236128,0.73000133,1.1327848,1.1864699,0.99906564,0.5951034,1.1504431,0.9975241,0.10427923,0.1285995,0.09151198,0.8605941,0.38502702,0.80213165,0.54531205,0.205099,0.29608136,0.093392454,0.064950384,1.3722186,0.9949553,1.4946759,1.3990271
BNY,0.17339931,0.27421582,0.30614161,0.071033485,0.07980106,0.07242434,0.38299587,0.3976952,0.3161032,0.07082802,0.10613443,0.8011923,0.8641484,0.11011699,0.13612086,0.06900993,0.06077029,0.070013516,0.5571846,0.9444314,0.47877732,0.3252043,0.67953295,0.56781226,0.6424144,0.39870307,0.6538595,0.48002398,0.39725468,0.7940395,0.7454445,0.42337734,0.61205876,1.0225968,0.95918965,1.2399927,0.89618856,0.43312263,0.04578044,0.06332915,0.07710403,0.06423172,0.057236128,0.73000133,1.4019729,1.4202211,0.76657146,0.3894309,1.3499913,0.7328942,0.10613443,0.08615779,0.07547935,0.8641484,0.2807599,0.9252085,0.4058454,0.19883993,0.30728287,0.13114417,0.20752381,1.1263297,0.987701,1.0922581,1.0886422
BRK/B,0.2110408,0.3165173,0.67724574,0.071033485,0.08862135,0.086457685,1.2044518,0.97498757,1.0097775,0.774616,0.10512309,1.2331039,0.65858024,0.80801934,0.20671883,1.1930623,0.06077029,0.086103365,0.34510595,0.69620055,0.29983875,0.2970017,0.54366845,0.41768298,0.38500205,0.30645475,0.3627962,0.38217586,0.2926884,1.0730572,1.8900123,0.42330512,0.6013835,1.151377,1.1118218,1.2647591,1.1300553,0.43312263,0.04578044,0.06332915,0.07710403,0.06423172,0.057236128,0.73000133,1.6035715,1.6373501,0.4786927,0.49853393,1.624235,0.635269,0.10512309,0.31928363,0.1464079,0.65858024,0.22628605,0.9921469,0.6296337,0.44241932,0.59112585,0.21439032,0.28723183,0.49636695,0.9297615,0.7785571,0.4262633
BSX,0.17428727,0.37152582,0.37973368,0.80251396,0.09612213,0.10954734,0.8715238,0.79826075,0.73671436,0.45831013,0.20601894,0.92429775,1.0754439,0.7983898,0.15357237,0.86659116,0.22944961,0.09856371,0.68802816,0.9726332,0.61430293,0.42370796,0.8031504,0.7633356,0.7818862,0.67290324,0.77058685,0.51398706,0.51746523,0.4526111,0.52883583,0.70705485,0.6983882,1.0316739,1.0528414,0.771719,1.037999,0.43312263,0.04578044,0.06332915,0.07710403,0.06423172,0.057236128,0.73000133,1.4315892,1.5379685,0.8747383,0.6727223,1.4308026,0.8492534,0.20601894,0.5905783,0.48247588,1.0754439,0.5883198,0.8430845,0.58176833,0.22139613,0.3922024,0.3889327,0.42209256,0.1961667,0.26521388,0.64874923,0.32226318
BX,0.26820314,0.8074691,1.0425776,1.086414,1.4885274,1.6120359,0.39587787,0.31137526,0.33904794,0.86139464,0.22861741,0.93604946,0.6238356,0.8369784,0.18442951,0.4868988,0.17852558,0.1923816,0.86227506,0.98719037,0.6331543,0.55125755,0.8895799,0.9464843,0.7445827,0.52596414,0.57769686,0.76765305,0.3754674,0.91451335,0.8318274,1.1282383,0.91026735,1.0778639,1.0618511,1.0757395,1.1807408,0.43312263,0.04578044,0.06332915,0.07710403,0.06423172,0.057236128,0.73000133,1.5045785,1.4961241,1.0383593,0.5556262,1.495929,0.99867105,0.22861741,0.3013769,0.24539426,0.6238356,0.9257559,0.6808205,0.62406814,0.3084174,1.00977,0.44188267,0.4863248,0.5480042,0.46948138,0.94524366,0.4978427
C,0.22330636,0.26816496,0.28875387,1.2770326,0.07980106,0.07242434,0.30345106,0.37454006,0.25283384,1.1025612,0.10360135,1.1199877,0.86328435,0.78578246,0.276494,0.06900993,1.2434769,1.5118849,0.6082704,0.8165385,0.5346597,0.4786355,0.788151,0.6874675,0.79921937,0.46717143,0.66514295,0.61911905,0.387646,0.74472034,0.67998856,0.56204635,0.58401006,0.9292637,0.85476685,1.1805689,0.76114875,0.43312263,0.04578044,0.06332915,0.07710403,0.06423172,0.057236128,0.73000133,1.3161259,1.2796329,0.7770672,0.4845785,1.2610623,0.9066126,0.10360135,0.15276277,0.15306668,0.86328435,0.38648865,0.87528324,0.49740878,0.2333885,0.29577962,0.0936703,0.13263035,0.5083275,0.6760369,0.63107723,0.53792125
CAT,0.54910916,0.7699857,0.70856065,0.8028968,0.8857164,0.65416914,0.3482344,0.32799304,0.2973157,0.8640085,0.20278211,0.8675572,0.8136237,1.0106864,0.40752777,0.35525885,0.16427527,0.14552715,0.7257386,0.9181549,0.4565052,0.27193657,0.8325929,0.7860974,0.7453302,0.45535108,0.5781838,0.5723115,0.29313356,0.5468991,0.7451656,0.50057775,0.9041515,1.1382318,1.1453369,1.0663226,1.1218547,0.43312263,0.04578044,0.06332915,0.07710403,0.06423172,0.057236128,0.73000133,1.5820802,1.5778706,0.8829414,0.37674263,1.5841515,0.90735763,0.20278211,0.2771576,0.3861315,0.8136237,0.4452568,0.96023536,0.720514,0.53578573,0.7238307,0.492136,0.7988605,0.52296925,0.8282194,0.8455308,0.73200727
CB,0.16217563,0.78893316,0.76826096,0.071033485,0.07980106,0.07242434,0.29713398,0.34202626,0.25285226,0.07082802,0.09200071,0.90090823,0.74640137,0.11011699,0.29351464,0.06900993,0.06077029,0.070013516,0.5084133,0.72229,0.42085263,0.38569263,0.6183293,0.52278954,0.5706059,0.37065202,0.41164425,0.45307148,0.38543302,0.6329143,0.84257567,0.3858726,0.38171148,1.0752182,1.060581,1.0834372,0.63615125,0.43312263,0.04578044,0.06332915,0.07710403,0.06423172,0.057236128,0.73000133,1.4964337,1.4379189,0.6442541,0.43754047,1.4939355,0.7343283,0.09200071,0.10393468,0.11177361,0.74640137,0.27914461,0.8321493,0.3903586,0.22585836,0.8017226,0.15204617,0.24820097,0.49450183,0.7517469,0.5089979,0.52639586
CDNS,0.21912405,0.30886003,0.27782533,0.46456307,0.10674028,0.08386171,0.13903938,0.11710215,0.15413533,0.49165192,0.074075885,0.71154696,0.9408123,0.7803793,0.18799184,0.13683958,0.13484587,0.10745285,0.58659583,0.65713596,0.5625019,0.31435868,0.7686978,0.72185487,0.55920565,0.80894524,0.54020876,0.5473621,0.4437629,0.8440962,1.0430039,0.50181377,0.64021444,0.9662164,0.99178034,0.74895066,0.8013964,0.43312263,0.04578044,0.06332915,0.07710403,0.06423172,0.057236128,0.73000133,1.5858411,1.5671128,0.83337575,0.41453284,1.5744374,0.835069,0.074075885,0.19685596,0.16914648,0.9408123,0.39667127,0.7157488,0.5088614,0.16824049,0.28940624,0.1689653,0.24214913,0.38004982,0.32077792,0.30661157,0.29839864
CEG,0.18939258,0.39545757,0.89944434,0.32575807,0.9440965,0.7153233,0.99673605,1.2022107,0.81335986,0.41643074,0.0749143,0.5474558,0.50628656,0.4584054,0.22064592,0.99014044,0.25590324,0.37463513,0.6614726,0.4715649,0.7707449,0.7393602,0.8677522,0.6720936,0.51689124,0.96449524,0.63044244,0.48478705,0.7988534,0.22459185,0.5893055,0.5687826,0.8867207,0.4807151,0.4888029,0.39171156,0.31027025,0.43312263,0.04578044,0.06332915,0.07710403,0.06423172,0.057236128,0.73000133,0.64656276,0.62283075,0.79127985,0.9271978,0.6552217,0.7027081,0.0749143,0.13075708,0.14415073,0.50628656,0.57939714,0.41977787,0.61111563,0.24290118,0.82689136,0.15792057,0.36985883,0.38903415,0.615489,0.37341452,0.42816788
CFR,0.36820906,0.55929273,0.6675902,0.84885013,0.20335355,0.20995608,0.11525738,0.22336598,0.10375063,0.8124643,0.086315416,0.96161854,0.8701389,0.8052059,0.451497,0.11384504,0.19653495,0.053249694,0.7875633,0.9093663,0.63885635,0.46611112,0.8973939,0.83441937,0.84160745,0.7167242,0.7017103,0.60474277,0.5054501,0.7281813,0.93461,0.54024327,0.88025314,0.88713306,0.879389,0.9639802,0.9421643,0.43312263,0.04578044,0.06332915,0.07710403,0.06423172,0.057236128,0.73000133,1.43422,1.4400921,1.0141779,0.5776823,1.3719047,1.0320054,0.086315416,0.15636055,0.19282405,0.8701389,0.39015412,0.7592551,0.58069515,0.42810157,0.6488742,0.2848001,0.5039096,0.9000225,1.114177,0.71220267,0.5735692
CL,0.20505828,0.2966409,0.34054205,0.8060625,0.12205807,0.13213694,0.7954004,0.4855368,0.72729224,0.96222883,2.9829931,0.88188183,1.0220795,0.7508272,0.15560578,0.7816878,0.12316321,0.11519802,0.5082691,0.76142144,0.36124125,0.29308555,0.6008801,0.52125424,0.5644365,0.39549598,0.48595676,0.3852428,0.33123788,0.50123465,0.6532736,0.3487452,0.50565314,0.89196676,0.9065321,0.88342124,0.82582146,0.43312263,0.04578044,0.06332915,0.07710403,0.06423172,0.057236128,0.73000133,1.4035263,1.3914801,0.8244108,0.5284355,1.3671207,0.72100747,2.9829931,1.527111,1.4854591,1.0220795,1.9685689,0.8178062,0.43279973,0.17707692,0.3401301,1.1703418,0.8372764,0.24601313,0.15809986,0.50210047,0.2887217
CMCSA,0.18551275,0.5327048,0.51247305,0.7539976,1.8771768,1.4340665,0.33593747,0.2739964,0.28926092,0.7913237,0.06332938,0.94497913,0.89759034,0.8900837,0.19181906,0.39776164,0.23308358,0.14346454,0.5840665,0.86782324,0.51533747,0.3523243,0.67200655,0.5849728,0.74465144,0.3975556,0.7265613,0.44879913,0.46148187,0.9304932,0.69320416,0.5272279,0.4791468,0.7849116,0.7542743,0.8418124,0.77472264,0.43312263,0.04578044,0.06332915,0.07710403,0.06423172,0.057236128,0.73000133,1.1570783,1.1306375,0.8710842,0.39267555,1.0692719,0.81581885,0.06332938,0.1310685,0.14808157,0.89759034,0.34073955,0.9405086,0.5208275,0.25719655,0.5471982,0.3199373,0.3330797,0.50612265,0.37102368,0.5885461,0.581101
CME,0.1532002,0.49836296,0.5879092,0.9340126,0.0852797,0.07799372,0.08035965,0.08487614,0.07585533,1.0680369,0.12681708,0.78303945,0.5877112,0.8532598,0.22918415,0.08011681,0.17868048,0.1473965,0.55302006,0.86160463,0.37332436,0.33718947,0.7454021,0.6174549,0.579117,0.38435325,0.4330537,0.6281253,0.2934744,0.6352681,0.82812214,0.5413785,0.63553035,1.082981,1.0274808,1.2729378,1.1440845,0.43312263,0.04578044,0.06332915,0.07710403,0.06423172,0.057236128,0.73000133,1.4974157,1.5225416,0.7093398,0.52509123,1.5029198,0.8439013,0.12681708,0.16539676,0.10276904,0.5877112,0.3337541,0.8461481,0.5215509,0.25240347,0.6054013,0.17404793,0.313037,0.18450937,0.17928426,0.7952491,0.38862538
CMG,0.5234012,0.4682682,0.50275165,0.94348913,0.720168,0.7205111,0.7334584,0.7481304,0.6052692,0.70699793,0.16634122,0.87704146,0.9331828,0.8616345,0.46898875,0.73083824,0.09586997,0.050968286,1.2426801,1.2550488,0.9115181,0.75300276,1.277926,1.2835721,1.5859973,1.0746546,1.1878611,0.77186203,0.8760553,0.8786007,0.78605586,0.75159323,1.2329749,1.1805427,1.1765702,1.1547669,1.256492,0.43312263,0.04578044,0.06332915,0.07710403,0.06423172,0.057236128,0.73000133,1.7134787,1.757777,1.3681967,1.3228844,1.720865,1.0947349,0.16634122,0.25127485,0.2361958,0.9331828,0.6254809,0.87552035,0.9013881,0.43401152,0.5145852,0.52880317,0.47737572,0.386296,0.32126188,1.1039118,0.5070684
COF,0.09022259,0.08922987,0.3326144,0.071033485,0.07980106,0.07242434,0.2755875,0.07784575,0.27419475,0.07082802,0.060081594,0.35511455,0.17610571,0.14726746,0.08617889,0.06900993,0.06077029,0.070013516,0.09794621,0.10242569,0.12894855,0.071526416,0.21825995,0.13866779,0.21400034,0.08426586,0.1513638,0.20158577,0.10055069,0.18214005,0.22380953,0.26822978,0.15232763,0.39544934,0.35072204,0.44883072,0.18007556,0.43312263,0.04578044,0.06332915,0.07710403,0.06423172,0.057236128,0.73000133,0.50978184,0.6143026,0.13581282,0.10605494,0.5285837,0.15019013,0.060081594,0.07678099,0.06592848,0.17610571,0.11994858,0.17681058,0.1669911,0.14897989,0.25304094,0.0429534,0.046644147,0.14158684,0.15476958,0.20729089,0.16496256
COHR,0.48605335,1.4746238,1.126165,1.0213563,0.31616783,0.28569487,1.0042846,0.78426886,0.8283243,0.7497816,0.107668005,1.0450127,0.9466434,1.1028653,0.74778885,0.99567837,0.8423949,0.2461833,1.1771152,0.87527055,1.1474835,1.0039346,1.5768515,1.3419652,1.3151042,1.2589244,1.2733431,1.1946594,1.0117368,0.6332567,1.3246028,1.1018904,1.456929,1.4297951,1.3909377,1.454261,1.2779952,0.43312263,0.04578044,0.06332915,0.07710403,0.06423172,0.057236128,0.73000133,1.9230136,1.9646952,1.3931928,2.4291005,1.896184,1.239176,0.107668005,0.4448457,0.19178674,0.9466434,0.80214745,0.9414942,1.2004392,0.6697085,1.1894222,0.505181,0.6305976,0.30788013,0.42009804,0.7966878,0.49776152
COP,2.0696177,1.6452373,1.6907058,0.8431456,2.2787416,2.3595471,0.91736144,1.2861184,0.78206694,0.77080476,0.16172428,0.8433642,0.9773002,0.8420947,1.9929234,0.91887534,1.0255812,0.42865473,1.2011129,1.1834034,0.72669506,0.6467472,1.1691997,1.1044433,1.06831,0.67459005,0.6386064,0.95483625,0.6001681,0.53777206,0.68015814,0.70218027,1.0442731,0.84305584,0.79043895,1.0220139,0.8845212,0.43312263,0.04578044,0.06332915,0.07710403,0.06423172,0.057236128,0.73000133,1.2477303,1.1859307,1.4524279,0.97903997,1.2037419,1.1038303,0.16172428,1.4639517,1.7854872,0.9773002,0.54555255,0.8551665,2.1365826,2.1102793,1.7031687,0.64908755,1.3529408,0.5981993,0.74398917,0.68412846,1.1959532
COST,0.12354656,0.17177619,0.19190802,0.6834524,0.23704433,0.17760773,0.08804845,0.081381895,0.22697419,0.53117603,0.064868145,0.7510388,0.626435,0.71522343,0.11002591,0.08829681,0.1266455,0.15149812,0.5898996,0.9031946,0.45258316,0.34748724,0.71445537,0.6242903,0.54890364,0.39088643,0.7234603,0.39673778,0.37434763,0.28297436,0.40287337,0.37040892,0.5881368,0.7618986,0.7472451,0.87835366,0.5976306,0.43312263,0.04578044,0.06332915,0.07710403,0.06423172,0.057236128,0.73000133,1.1001946,1.0549769,0.75666463,0.56003636,1.0162855,0.8781624,0.064868145,0.10440844,0.10084382,0.626435,0.3723812,0.70237726,0.45559093,0.13472936,0.1799334,0.11382761,0.13498779,0.17159238,0.22926013,0.45461234,0.2126235
CRM,0.31595135,0.6357186,0.55855906,0.3859396,0.118693255,0.11969516,0.934997,1.3422244,1.4801358,0.88621664,0.08989669,0.88194007,0.7542794,0.7553349,0.3083027,0.9318437,0.31952083,0.15288551,0.73469806,0.8526125,0.87426186,0.5618229,0.8870349,0.8080974,0.9043326,0.98159486,0.8761017,0.68607146,0.71189106,0.35246128,0.3395028,0.8353581,0.79590285,0.8227906,0.7685573,1.1263233,0.8748152,0.43312263,0.04578044,0.06332915,0.07710403,0.06423172,0.057236128,0.73000133,1.474464,1.4863214,0.89807683,1.0066676,1.4169581,0.93784964,0.08989669,0.3041324,0.17471737,0.7542794,0.52614915,0.69370914,0.5450622,0.32189074,0.5390101,0.7742709,0.5925219,0.56389385,0.46039888,0.7123379,0.5056239
CRWD,0.93203104,1.2696629,0.9832749,0.35741228,0.11532831,0.088548765,0.7945268,0.9469628,1.0402399,0.49414682,0.14125927,0.76767665,0.57509255,0.61490977,0.84575814,0.78266895,1.0062534,0.33436713,1.0195168,0.74630964,1.1456676,1.028958,1.2887322,1.1382117,1.1023064,0.9392633,0.88463795,0.79450464,1.0745201,0.565779,0.73180324,0.84544504,1.2180809,0.842335,0.8643101,0.8608099,0.87756455,0.43312263,0.04578044,0.06332915,0.07710403,0.06423172,0.057236128,0.73000133,1.3646436,1.3376223,1.1012095,1.6975399,1.3651706,0.90694636,0.14125927,0.71101534,0.70640063,0.57509255,0.61536056,0.965833,0.89771897,0.8968913,0.95530254,1.2257656,0.9193743,1.1021162,0.91083574,0.7920777,1.064826
CS,0.14541464,0.44648337,0.8341268,0.071033485,0.0839266,0.07767607,0.50464463,0.19969545,0.3666523,0.79306746,0.10675933,1.0745379,0.8835358,0.73663986,0.14819403,0.49428022,0.06077029,0.19725451,0.5478275,0.7908634,0.6486647,0.57333666,0.7504546,0.6006488,0.734529,0.53524035,0.7535349,0.83887136,0.46661913,0.3781472,0.71926,0.9802471,0.47777116,0.5431085,0.5024796,0.66985196,0.72723323,0.43312263,0.04578044,0.06332915,0.07710403,0.06423172,0.057236128,0.73000133,0.89457285,0.89025974,0.69887847,0.5991985,0.843048,0.8765426,0.10675933,0.12131457,0.14346777,0.8835358,0.34404215,0.9028947,0.4769898,0.18819961,0.7779143,0.18430045,0.2090035,0.6478956,0.85951227,0.6795528,0.46275848
CSCO,0.1602936,0.2820359,0.39829928,0.964137,0.13075335,0.13499697,0.1813683,0.10236059,0.30732012,1.0327113,0.109714165,0.916204,0.9550594,0.86641866,0.15773408,0.1777971,0.29759857,0.1677087,0.5677747,0.8152257,0.515546,0.32327646,0.64075464,0.6433693,0.6367011,0.55121493,0.83015144,0.4675913,0.41142625,0.45880198,0.5736331,0.36464754,0.6189053,1.0530912,1.0385541,1.0946939,1.0311893,0.43312263,0.04578044,0.06332915,0.07710403,0.06423172,0.057236128,0.73000133,1.373057,1.3923471,0.7464549,0.50841963,1.4043345,0.82475615,0.109714165,0.24697964,0.37438485,0.9550594,0.7445755,0.85803014,0.47579953,0.1917852,0.39801496,0.25531724,0.2565811,0.29590887,0.29045764,0.70272356,0.2923645
CVX,0.9916728,1.0575808,1.3286217,0.86493176,1.1842397,2.0164924,0.7516765,0.84280443,0.63733107,0.86815846,0.118761666,1.033387,0.88575417,0.8711475,0.87226105,0.71738243,0.6609398,0.21929286,0.86621183,1.0684685,0.4868322,0.4699018,0.8384126,0.8303541,0.81291884,0.4796457,0.5422447,0.76911247,0.3684744,0.4882877,0.7849439,0.6618123,0.7470235,0.7694945,0.68480647,0.98770386,0.70871145,0.43312263,0.04578044,0.06332915,0.07710403,0.06423172,0.057236128,0.73000133,1.0898973,1.1333964,1.1259316,0.47766167,1.1664065,0.9226621,0.118761666,0.68142253,0.7624536,0.88575417,0.36953533,0.90290123,1.2219493,1.1218929,1.3395783,0.39477313,0.831497,0.5920631,0.746418,0.6999403,1.1703322
DASH,1.384563,0.6651375,0.6117905,0.4810714,0.19645606,0.13562563,0.2610302,0.26051438,0.24042524,0.38848463,0.09437776,0.4374004,0.5584411,0.5094769,1.398606,0.25304267,1.3150187,0.113130406,0.8550456,0.58449,1.1678222,1.172199,0.9510784,0.9365951,1.1240668,1.043564,0.86596006,0.94990206,1.121233,0.49382398,0.5913936,1.0107579,0.8595129,0.7848003,0.7951796,0.7076844,0.74661857,0.43312263,0.04578044,0.06332915,0.07710403,0.06423172,0.057236128,0.73000133,1.1208466,1.1429138,0.9811401,1.4063389,1.0704043,0.7049949,0.09437776,1.0161978,0.82737136,0.5584411,0.46814442,0.467361,1.3973416,1.548851,0.6316233,0.8899262,1.0424402,0.7057879,0.7552153,0.6737529,0.6304282
DDOG,0.8249958,1.0916268,0.8197658,0.3177534,0.112944655,0.10452516,0.75281805,0.67631555,0.630703,0.5221641,0.08986695,0.80108607,0.6086218,0.59905714,0.7576647,0.7387983,0.41817734,0.16658251,0.8203552,0.5699998,1.2526569,1.1203982,1.1047362,1.0390048,0.93078935,1.4192551,0.94282025,0.9015749,1.2314792,0.47134647,0.4686225,0.8618175,1.1199712,0.92672616,0.8572973,1.0124401,0.8648878,0.43312263,0.04578044,0.06332915,0.07710403,0.06423172,0.057236128,0.73000133,1.356121,1.3437685,0.9269812,1.7176671,1.3611302,0.929401,0.08986695,0.38092452,0.40303147,0.6086218,0.6341646,0.809149,0.76860446,0.7887549,0.8436223,1.0986866,0.8654126,1.7078066,1.4954642,1.2018229,1.15999
DE,0.4469665,0.9218915,1.052018,0.9213542,0.578814,0.48274043,0.123239994,0.115787916,0.30549955,0.7989997,0.117008656,1.0223285,0.81153727,0.976331,0.27937204,0.12470846,0.10792208,0.12240318,0.6333046,0.82779604,0.5903105,0.36823323,0.8425599,0.72883654,0.5880982,0.72787774,0.6129236,0.58953756,0.4172825,0.8596213,0.7514729,0.42194003,0.86121505,1.2108885,1.2355876,1.1462424,1.1659247,0.43312263,0.04578044,0.06332915,0.07710403,0.06423172,0.057236128,0.73000133,1.6374621,1.702964,0.7497783,0.52036226,1.5972459,0.92569107,0.117008656,0.16179489,0.19876572,0.81153727,0.3958264,0.93083644,0.6909415,0.5723344,1.0242959,0.4255281,0.62030935,1.3791797,1.4844562,1.5088187,1.5064414
DELL,0.16265741,0.42777926,0.5256655,0.83832806,0.4396511,0.53526723,0.18687725,0.14227673,0.5226246,0.4001816,1.8219675,0.736338,0.94032025,0.7001831,0.12171953,0.17755425,0.21014479,0.16204016,0.832241,0.6806244,0.9530727,0.870046,1.0359287,0.92630774,0.9770387,1.2767775,0.92142224,0.69381106,0.96311927,0.36159906,0.79443824,1.8204463,1.3706573,0.81970376,0.7305501,1.08503,0.8775657,0.43312263,0.04578044,0.06332915,0.07710403,0.06423172,0.057236128,0.73000133,1.200816,1.1608835,1.0367925,1.3465894,1.1772664,0.80075043,1.8219675,1.7237364,1.416251,0.94032025,1.9141028,0.71697193,0.8554376,0.36869457,0.5008146,1.6848843,1.0908089,0.3124694,0.47001126,0.6299733,0.48479366
DHR,0.24296851,0.65742517,0.9766069,0.9240119,0.19879049,0.13021451,0.13773155,0.110083684,0.15830505,0.7548198,0.074042685,1.095428,0.8603871,0.7917265,0.15739992,0.13627097,0.11157528,0.10293336,0.5795708,0.8442741,0.42309004,0.32806668,0.6387175,0.6359644,0.65875083,0.44992813,0.50948244,0.45142815,0.3906564,0.29421315,0.57180756,0.5794622,0.6420622,0.93016446,0.9046819,0.99724084,0.89909106,0.43312263,0.04578044,0.06332915,0.07710403,0.06423172,0.057236128,0.73000133,1.3209898,1.2997104,0.72614783,0.3702983,1.293995,0.7936731,0.074042685,0.17400816,0.13770364,0.8603871,0.3181929,0.86651313,0.6128038,0.33649138,1.0038574,0.24671447,0.4358734,0.19183111,0.3156185,0.6762079,0.6966
DIS,0.31611508,0.75296694,0.69717145,0.8091731,1.4100654,1.3212477,0.95483196,0.99428654,0.8147438,0.64330286,0.079913236,0.96828175,0.7738891,0.9642684,0.6133067,0.9437693,0.35391915,0.062884614,0.7084849,0.93544984,0.56941736,0.40021065,0.7628821,0.69915307,0.8681117,0.7455141,0.7013959,0.51142234,0.504091,0.40868694,0.698452,0.6145741,0.7268468,1.165336,1.1792916,1.1252084,0.79261386,0.43312263,0.04578044,0.06332915,0.07710403,0.06423172,0.057236128,0.73000133,1.5423318,1.5780491,1.016282,0.544196,1.5783871,0.928993,0.079913236,0.16005886,0.1627033,0.7738891,0.32570726,1.0142603,0.6866512,0.33015695,0.79105824,0.37434322,0.72623134,0.38468254,0.49864364,0.6595607,0.3806814
DLR,0.68482876,0.652667,0.95616096,1.2144547,0.5637709,0.34776342,0.9893852,0.9103625,0.81365865,1.1529827,0.117706314,0.88864034,0.7452598,0.71629107,0.8128,0.9904932,2.3138304,1.5217746,0.7029044,0.94150203,0.50096875,0.38846344,0.844992,0.7446382,0.69576055,0.4488835,0.54077476,0.641137,0.42195404,0.54580057,0.8831708,0.5587298,0.64481986,1.0128163,0.955954,1.1269577,0.74024117,0.43312263,0.04578044,0.06332915,0.07710403,0.06423172,0.057236128,0.73000133,1.35999,1.4527885,0.8515916,0.4282461,1.4369792,0.9595857,0.117706314,0.52768344,0.46657068,0.7452598,0.89266384,0.921685,1.2671856,1.2047342,0.983452,0.40211728,0.16743283,0.46649802,0.59197897,0.5050481,0.28064883
DSY,0.20596996,0.5553834,0.51273036,0.8516714,0.09296963,0.085817106,0.23809391,0.096280254,0.2062108,0.6712233,0.057636168,0.96992403,0.97335035,0.941556,0.10908321,0.23354352,0.076712884,0.12661079,0.6815144,0.94144833,0.5338778,0.3292789,0.7767774,0.7278899,0.9380784,0.58945745,0.83300275,0.55062646,0.3861126,0.4447091,0.81942415,0.7394621,0.6220597,0.916225,0.9589822,0.74993974,1.2181817,0.43312263,0.04578044,0.06332915,0.07710403,0.06423172,0.057236128,0.73000133,1.2464875,1.2639273,0.86631215,0.5327444,1.2277863,0.85562915,0.057636168,0.096287854,0.10463795,0.97335035,0.40936124,1.035879,0.61110413,0.2154978,0.54254776,0.39172196,0.372251,0.24098034,0.26601136,1.0455768,0.38429427
DTE,0.19105974,0.4682182,0.42279652,0.84276843,1.3179045,0.86871845,0.25428894,0.20172249,0.23036191,0.9833532,0.08261377,0.9144988,0.8113282,0.94414896,0.17949016,0.25707886,0.5148015,0.43813854,0.5540412,0.8873648,0.47635192,0.4158754,0.7349346,0.627179,0.6315187,0.39646742,0.43189588,0.65668535,0.35409778,0.81846225,0.7745497,0.656306,0.54852164,0.53699744,0.52209514,0.5736004,0.6844246,0.43312263,0.04578044,0.06332915,0.07710403,0.06423172,0.057236128,0.73000133,0.7810837,0.7621209,0.7810102,0.56199485,0.76494044,0.830032,0.08261377,0.16891575,0.12111885,0.8113282,0.38919216,0.9066084,0.558768,0.2355814,0.44695988,0.2320341,0.2895735,2.1527362,1.6934882,2.2126753,2.10813
ECL,0.119104356,0.75766647,0.92101645,1.0494335,0.23424836,0.24326798,0.13749464,0.12561893,0.12490123,0.8348581,0.056281075,0.7474521,0.7130618,0.6698625,0.62727493,0.13581043,0.46354443,0.06418035,0.45517755,0.70465356,0.4202765,0.37992445,0.51164687,0.45235342,0.45655996,0.47164696,0.5452921,0.42029393,0.3364572,0.7708583,0.59495956,0.30796742,0.41221395,0.89659816,0.94566566,0.73406786,0.68963134,0.43312263,0.04578044,0.06332915,0.07710403,0.06423172,0.057236128,0.73000133,1.5258107,1.5803217,0.6312419,0.36746782,1.4919575,0.6589508,0.056281075,0.114453,0.10348191,0.7130618,0.24717067,0.7072319,0.34405842,0.14500652,0.9521508,0.12517937,0.12587732,0.28995273,0.59623593,0.64550567,0.463066
EMR,0.15621316,0.63630044,0.7890726,0.8952151,0.23181695,0.27328676,0.12830833,0.274345,0.11368105,0.9068101,0.09161335,0.7562658,0.8628065,0.8330536,0.06798069,0.12759428,0.12831584,0.11023492,0.44912294,0.6240991,0.38523468,0.2925513,0.62953705,0.49912497,0.55284154,0.35161415,0.503777,0.44546455,0.2883168,0.8645614,0.7912282,0.35430172,0.58928686,1.0398133,1.0457377,0.9704576,1.0077771,0.43312263,0.04578044,0.06332915,0.07710403,0.06423172,0.057236128,0.73000133,1.446738,1.4925952,0.667946,0.3332201,1.370168,0.68305266,0.09161335,0.19369407,0.1356086,0.8628065,0.48746738,0.8072945,0.49442476,0.21704176,0.8604546,0.25275674,0.44313532,0.35492653,0.48500973,0.9320072,0.6951567
ENEL,0.15645029,0.6667848,0.7419952,1.0052384,2.475259,2.4267595,0.7046181,0.39914566,0.6142556,0.90032464,0.12908909,0.7660849,0.7239543,0.8658724,0.1626931,0.7621562,0.28610727,0.34525794,0.7274491,1.1035962,0.6261743,0.5225177,0.78425026,0.76972115,0.8020946,0.41328996,0.63417625,0.690014,0.47725877,0.57408607,0.7982289,1.1178472,0.52911377,0.4580077,0.44146514,0.50997984,0.5253012,0.43312263,0.04578044,0.06332915,0.07710403,0.06423172,0.057236128,0.73000133,0.6564642,0.7271785,0.94987667,0.58864456,0.69209224,0.9141747,0.12908909,0.090529755,0.093867145,0.7239543,0.31984735,0.81928533,0.4634566,0.17045157,0.7285821,0.28602636,0.36064264,0.37702963,0.6869835,0.54256356,0.6511571
EQIX,0.34099236,0.56576973,0.4719987,1.106483,0.28096923,0.13401161,0.29911283,0.23024875,0.24912065,0.6051881,0.09307904,0.9392557,0.80641073,0.741928,0.4892657,0.29359108,0.58662874,1.0244828,0.7333376,0.9187503,0.47586277,0.2472818,0.75772935,0.74055713,0.6765601,0.5461359,0.53728944,0.57315683,0.39075565,0.4372839,0.76651317,0.4638721,0.6093722,1.1610922,1.1625235,1.090986,0.74566096,0.43312263,0.04578044,0.06332915,0.07710403,0.06423172,0.057236128,0.73000133,1.663512,1.7008473,0.93604136,0.4131487,1.6700873,0.8968448,0.09307904,0.27346438,0.2359438,0.80641073,0.3970261,0.9544565,0.84361845,0.6113869,0.5136623,0.29072857,0.23877738,0.15281396,0.16259941,0.44636446,0.29937932
ETN,0.12012025,0.40924197,0.4215558,0.75743294,0.18575881,0.16394396,0.7085953,0.716336,0.5815679,0.87678987,0.09118213,0.58923894,0.73217756,0.8068602,0.101002745,0.7080133,0.10874051,0.120077044,0.4941174,0.7054274,0.41977656,0.3183612,0.6272339,0.52257895,0.55121917,0.48884144,0.57554656,0.46545205,0.30727154,0.52340806,0.9016117,0.39376658,0.59237367,0.9750331,0.9740344,0.9654858,0.9797769,0.43312263,0.04578044,0.06332915,0.07710403,0.06423172,0.057236128,0.73000133,1.3319614,1.3638304,0.62017906,0.29741654,1.3519938,0.7011422,0.09118213,0.111747645,0.11069987,0.73217756,0.29026285,0.73693216,0.483969,0.1671845,0.41734463,0.21463257,0.2591855,0.49851575,0.67589444,0.875583,0.68408644
FCX,1.361706,0.8394114,0.9557571,0.9613363,1.949363,2.1327405,1.0878252,1.2188153,0.89239025,0.8130247,0.13106391,0.95114726,0.85116893,0.96183854,1.322935,1.0650091,0.5027407,0.34373254,1.6944458,1.0306922,1.2794638,1.3317244,1.7441249,1.6373675,1.5720512,1.1060274,1.2154119,1.2310072,1.27225,0.8232277,0.9216743,0.83565825,1.6131659,0.8239763,0.77184194,0.9921405,0.8073013,0.43312263,0.04578044,0.06332915,0.07710403,0.06423172,0.057236128,0.73000133,1.3558818,1.3467621,1.6619992,2.4768622,1.3505936,1.2043995,0.13106391,1.1470119,1.3265632,0.85116893,0.89683485,0.96418905,1.336289,1.3563632,0.96475434,0.6239204,0.9137751,0.47759926,0.53603244,0.601362,0.588219
FICO,0.15663506,0.35959852,0.35303673,0.75343966,0.18612967,0.14610834,0.12193074,0.109186046,0.10756407,1.1363758,0.8637703,1.0448157,0.95303106,1.1550429,0.15114745,0.12015978,0.30886844,0.17215428,0.99803215,0.9999536,0.7776423,0.56810856,1.0097221,1.0048393,0.93687135,1.1947386,0.8251452,0.55091506,0.7277381,0.7733843,1.6573364,0.8589143,0.99477106,0.96040314,0.88610667,1.0695248,0.8973462,0.43312263,0.04578044,0.06332915,0.07710403,0.06423172,0.057236128,0.73000133,1.3645197,1.3836552,1.3523408,0.91462624,1.3571566,1.0055408,0.8637703,0.73866814,0.82377005,0.95303106,0.28302756,0.96953905,0.7114033,0.27048522,0.36162093,1.2436403,1.1214341,0.4549494,0.358108,0.6874856,0.42212155
FN,0.3163746,0.8218054,0.8061236,0.8725926,0.25098374,0.23368138,0.10554356,0.122192845,0.17377262,1.0048859,0.083890416,0.09572462,0.91252893,0.86442447,0.14988042,0.10177776,0.24909282,0.15789771,1.1434789,0.96027315,1.1523213,1.0177048,1.3376888,1.277422,1.3658612,1.2295805,1.3896964,0.92480123,1.1516914,0.9358539,1.8099385,0.6984494,1.2741202,1.2905725,1.3186139,1.133681,1.3997674,0.43312263,0.04578044,0.06332915,0.07710403,0.06423172,0.057236128,0.73000133,1.878562,1.8912964,1.4100997,1.7645402,1.8220365,1.1888386,0.083890416,0.21088667,0.24239026,0.91252893,0.6375028,0.91210455,0.8949915,0.3143577,0.8072874,0.2844701,0.3742268,0.2581798,0.458008,0.84043694,0.46476555
FTNT,0.3478301,0.5333845,0.5545033,0.5252221,0.15138315,0.16999857,0.76268363,0.55339634,0.6377783,0.6147987,0.8893961,0.90624404,1.0730137,1.0015147,0.28660342,0.75538886,0.45854655,0.10760401,1.0691634,1.0354738,0.84366065,0.49858555,1.1369654,1.2362264,1.0020915,1.1216749,1.3599552,0.6434833,0.7725068,0.8790409,0.8063539,0.5798584,1.2497488,0.961895,0.9852967,0.82551736,1.1290125,0.43312263,0.04578044,0.06332915,0.07710403,0.06423172,0.057236128,0.73000133,1.6882539,1.7115142,1.2727796,1.2443899,1.6956202,1.1454152,0.8893961,0.78405446,0.5758738,1.0730137,1.1653699,1.0221364,0.8531314,0.30917066,0.5448692,0.8050648,0.7440783,0.50622594,0.264118,0.7730348,0.41132358
GE,0.14101525,0.14217627,0.2119712,0.18298046,0.8372271,0.3366087,0.19093461,0.14897788,0.16701037,0.20139691,0.11701842,0.38165334,0.2689691,0.3416156,0.13323706,0.17924018,0.19602,0.08717625,0.21972463,0.32745025,0.18566747,0.096531264,0.27693564,0.25112695,0.21577835,0.14768584,0.26391664,0.23184657,0.14250429,0.41331324,0.36318994,0.21295403,0.28274426,0.4208373,0.43414044,0.3274624,0.5846557,0.43312263,0.04578044,0.06332915,0.07710403,0.06423172,0.057236128,0.73000133,0.628582,0.5941972,0.2701392,0.123324014,0.6485438,0.30094618,0.11701842,0.108405754,0.0944342,0.2689691,0.35763052,0.31603965,0.20957926,0.17534284,0.19862992,0.11295895,0.14745976,0.10365896,0.12628575,0.4918355,0.14555995
GEV,0.504426,0.10157706,0.12996683,0.24353601,0.4340812,0.35390532,0.7985551,0.37432674,0.66499126,0.18737772,0.0808659,0.41564012,0.27876872,0.2484485,0.62178564,0.783109,0.13612948,0.09565091,0.63934857,0.43686384,0.57647836,0.5094147,0.58431345,0.53950894,0.25456977,0.6043008,0.5119417,0.57539415,0.43686193,0.15788971,0.648,0.3575413,0.76556283,0.3904673,0.34664658,0.4565348,0.2469871,0.43312263,0.04578044,0.06332915,0.07710403,0.06423172,0.057236128,0.73000133,0.5063346,0.53631514,0.6957192,0.5289621,0.5044788,0.38437837,0.0808659,0.1424825,0.20388785,0.27876872,0.42995328,0.19711533,0.47897193,0.6346795,0.12597632,0.29577023,0.46437275,0.134864,0.13454802,0.20966633,0.15175536
GILD,0.41746107,0.76370376,1.0441096,1.0795068,0.30684096,0.2213116,0.71497667,0.6503489,0.55752665,1.0548028,0.4506893,1.2100388,0.9375945,1.0083224,0.330948,0.69408184,0.22825207,0.104475036,0.8666281,1.1667635,0.7302061,0.57598,0.9615869,0.9149797,1.1217928,0.53116834,1.0751292,0.67610806,0.59474385,0.76852447,0.59874064,0.7550004,0.77851975,1.1451457,1.157923,1.071881,1.053125,0.43312263,0.04578044,0.06332915,0.07710403,0.06423172,0.057236128,0.73000133,1.5537797,1.670648,1.106075,0.8158983,1.5532607,1.0478572,0.4506893,0.36602426,0.25592855,0.9375945,0.5412096,1.0289407,0.8763376,0.79997206,1.0978929,0.35941425,0.48047423,0.8864182,1.2715819,0.71752197,0.68987304
GLW,0.2288784,0.4049315,0.5357031,0.95244586,0.20706977,0.16866393,0.34004533,0.35124552,0.28904083,0.9613531,0.10325564,0.68788713,0.78188634,0.85354775,0.16666777,0.33160684,0.20253384,0.37823272,0.77879226,0.962087,0.6773885,0.47486863,0.8675937,0.856065,0.7607028,0.77474046,0.68795675,0.57607657,0.6031543,0.588338,0.87530905,0.475205,0.8677439,1.0914888,1.0946147,1.0216136,1.1921166,0.43312263,0.04578044,0.06332915,0.07710403,0.06423172,0.057236128,0.73000133,1.6124573,1.5394175,0.97252655,0.78336185,1.515481,0.91503835,0.10325564,0.14200284,0.108263,0.78188634,0.4599904,0.78941333,0.6753108,0.22913697,0.52541035,0.2628496,0.29303542,0.18141124,0.17418295,0.904095,0.37764096
GM,0.29314196,0.3746956,0.46054646,0.73863125,1.2579367,0.97725177,0.47468862,0.57413125,0.41449502,0.9387102,0.058725983,0.8581887,0.8136334,0.83739114,0.2713321,0.47790727,0.18502483,0.05963047,0.73269886,0.7164181,0.60258627,0.40866157,0.96437126,0.80922604,0.77210975,0.66051614,0.5828008,0.50301117,0.50933045,0.7055309,0.8201796,0.7302113,0.72799516,0.98930025,0.94755363,1.0626374,0.9316813,0.43312263,0.04578044,0.06332915,0.07710403,0.06423172,0.057236128,0.73000133,1.4429288,1.431627,0.9460245,0.61289424,1.3052217,1.0142109,0.058725983,0.23093438,0.15394378,0.8136334,0.49144065,0.87995136,0.73850673,0.5244267,0.45906767,0.4344142,0.38792497,0.33255884,0.31509575,0.678055,0.41173103
GOOGL,0.16141446,0.45145303,0.45045486,0.92074347,0.46766385,0.2850617,0.08959318,0.08836612,0.08284708,0.5887878,0.1022679,0.8233064,0.76018244,0.7433416,0.23658313,0.113134965,0.3162752,0.5490895,0.6175056,0.7859359,0.5280341,0.37727025,0.72864467,0.67878366,0.5310596,0.77797747,0.5748986,0.4574651,0.5045728,0.21148705,0.39251864,0.48533806,0.6463169,1.0347137,0.96970624,1.0857064,0.8910256,0.43312263,0.04578044,0.06332915,0.07710403,0.06423172,0.057236128,0.73000133,1.4097892,1.4878948,0.7545679,0.5311975,1.4174916,0.8843576,0.1022679,0.1407162,0.119372405,0.76018244,0.36549205,0.82159036,0.58574855,0.27499688,0.42689478,0.44890732,0.5499059,0.26424694,0.41536272,0.68433744,0.30359328
GRMN,0.23057878,0.39097828,0.4795044,0.9176229,0.17672119,0.1650065,0.09973233,0.09665139,0.14871727,0.7631012,0.06486545,0.70617014,0.8153285,0.737618,0.19074982,0.097921275,0.13785356,0.103975855,0.7266388,0.940867,0.73067546,0.4487888,0.7793011,0.72669834,0.8219647,1.0593615,0.92355573,0.3874442,0.6963174,1.0752815,1.4949703,0.70133966,0.7617003,1.045274,1.0597327,0.92228246,1.0410479,0.43312263,0.04578044,0.06332915,0.07710403,0.06423172,0.057236128,0.73000133,1.6299293,1.6009694,0.8888618,0.7600294,1.5639188,0.87468463,0.06486545,0.13107552,0.115147054,0.8153285,0.40513247,0.759648,0.48889714,0.26926777,0.45529073,0.17044005,0.3001843,0.17838454,0.1896583,0.599365,0.3887522
GS,0.20765714,0.4017648,0.6065451,0.071033485,0.09209094,0.08981126,0.18836436,0.17047043,0.16393477,0.07082802,0.08950019,0.7848937,0.836921,0.9091952,0.14711915,0.18512616,0.06077029,0.070013516,0.667603,0.9143704,0.40430963,0.29402375,0.72882193,0.7819885,0.6770221,0.43808767,0.42771527,0.44289494,0.37481982,0.57169527,0.741091,0.50879073,0.64605117,1.0133868,0.958503,1.1769094,1.0546523,0.43312263,0.04578044,0.06332915,0.07710403,0.06423172,0.057236128,0.73000133,1.3665488,1.4199052,0.8402575,0.30547813,1.3759978,0.93001723,0.08950019,0.1273234,0.12980002,0.836921,0.33099893,0.88140786,0.4536495,0.26219437,0.56140727,0.16416539,0.17710173,0.5154172,0.55569416,0.6935475,0.55235475
HCA,0.16431263,0.2514978,0.27363646,0.79751766,1.2134318,0.8627687,0.121375374,0.09488968,0.10890667,0.46832785,1.479211,0.93479186,1.1405748,0.88383484,0.16402481,0.1622189,0.18582885,0.059661552,0.7443458,0.88104624,0.72092867,0.48239088,0.97178787,0.83451724,0.71939695,0.8481372,0.91546273,0.49078122,0.59680027,0.5343973,0.69465727,0.49019837,0.9886823,1.0796779,0.98033345,1.240582,0.7187957,0.43312263,0.04578044,0.06332915,0.07710403,0.06423172,0.057236128,0.73000133,1.5597513,1.5721772,0.9090313,0.82929593,1.5526785,1.0247359,1.479211,1.3862406,1.0190631,1.1405748,1.1438446,0.97651976,0.6315381,0.28534147,0.27215245,1.1543906,0.8403549,0.22948982,0.2970894,0.41017807,0.27737188
HD,0.1923932,0.26596448,0.3156614,0.797818,0.11545015,0.08860269,0.10935676,0.090323195,0.29740113,0.6180851,3.036425,0.8628866,1.0782257,0.611848,0.16878909,0.10440288,0.14157443,0.1347694,0.5122678,0.7250905,0.3595126,0.2508443,0.6605629,0.5501272,0.48111755,0.33730334,0.51862097,0.40359703,0.26052022,0.41962248,0.37168872,0.34318224,0.5933042,0.9109366,0.88746655,1.0077933,0.6331471,0.43312263,0.04578044,0.06332915,0.07710403,0.06423172,0.057236128,0.73000133,1.2317585,1.2514799,0.6567059,0.39461115,1.1826074,0.77505565,3.036425,1.4320664,1.2149903,1.0782257,1.7533735,0.6472719,0.43182468,0.22105433,0.28783208,1.4941945,1.0323918,0.22445062,0.1541975,0.37749392,0.27732205
HON,0.16488476,0.40664166,0.5699749,0.90675485,0.33054468,0.2554359,0.33814093,0.14318483,0.3260146,1.0231916,0.10363404,0.861338,0.623153,0.8483906,0.16728531,0.33863255,0.26218963,0.1347307,0.3900233,0.62889457,0.3420691,0.2763326,0.4664613,0.4233554,0.39837843,0.32397118,0.44347954,0.37941605,0.30478424,0.60467505,0.5988212,0.30242133,0.3964968,0.7639372,0.66691124,0.94507563,0.8721681,0.43312263,0.04578044,0.06332915,0.07710403,0.06423172,0.057236128,0.73000133,1.1415042,1.0895672,0.5599153,0.34325376,1.061871,0.6556798,0.10363404,0.3625253,0.15148969,0.623153,0.26055348,0.85384226,0.65779465,0.48514667,0.62349004,0.3368893,0.31902665,0.16353036,0.113569476,0.79517347,0.43244743
HPE,0.22150779,0.80955064,0.79672676,0.8844022,0.44646898,0.3093119,1.1889735,0.9661031,1.630775,0.83682966,0.08248513,0.63375354,0.6673213,0.8081552,0.26999503,1.114129,0.27567807,0.19062278,0.6392323,0.68545,0.66469204,0.3895766,0.92461467,0.7966263,0.8158319,0.6629309,0.790642,0.5739091,0.46002048,0.6502123,0.89714813,0.55183035,1.0572308,0.9225366,0.83575195,1.2395298,0.96041185,0.43312263,0.04578044,0.06332915,0.07710403,0.06423172,0.057236128,0.73000133,1.3333776,1.3135612,0.81168747,0.83747,1.3465228,0.89162236,0.08248513,0.58763456,0.39377502,0.6673213,0.6152057,0.9187081,0.7020146,0.5308642,0.8608598,0.3224427,0.30623484,0.28180224,0.3671357,0.7044424,0.84712505
HSBA,0.28641242,0.3796159,0.36169246,0.071033485,0.66595995,1.2057076,0.9211623,0.65729237,0.7656105,0.07082802,0.106793925,0.8446884,1.1297888,0.11011699,0.21906333,0.9090123,0.06077029,0.070013516,0.8008599,1.221175,0.48022252,0.40724656,0.79641783,0.79242283,0.92627776,0.46631962,0.51870507,0.6063893,0.41577327,0.9796605,0.99480367,1.1019465,0.79913825,0.7066247,0.69615203,0.7639811,0.7865231,0.43312263,0.04578044,0.06332915,0.07710403,0.06423172,0.057236128,0.73000133,0.94018376,0.93110985,1.0070318,0.4781611,0.9620851,0.9183125,0.106793925,0.12597346,0.19179471,1.1297888,0.33141315,1.0496693,0.5173962,0.25879186,0.37941492,0.22879478,0.27630898,0.69488287,0.78176427,0.79774326,0.81838036
HWM,0.19005838,0.31875786,0.39205146,0.5178365,0.4008227,0.27078125,0.13178538,0.09398393,0.118028186,0.52618974,0.096406914,0.64847976,0.5604742,0.5914032,0.21059199,0.13071129,0.42400324,0.07625578,0.6261623,0.60210663,0.60810333,0.47402608,0.5088798,0.6140462,0.36980566,0.71282536,0.52788925,0.58934826,0.41231868,0.6947024,0.91584307,0.39877284,0.77664953,0.67397887,0.6747331,0.61854726,0.87127894,0.43312263,0.04578044,0.06332915,0.07710403,0.06423172,0.057236128,0.73000133,0.89923644,0.95408183,0.8321798,0.50710315,0.9161984,0.53152996,0.096406914,0.12243708,0.09352164,0.5604742,0.2664462,0.5057038,0.45183176,0.25478074,0.4214389,0.18944708,0.35951945,0.13980639,0.17096615,0.66080576,0.32419336
IBE,0.16155766,0.51505554,0.53462166,1.0139284,0.5556708,0.31132284,0.38773507,0.27195644,0.33151415,0.7234549,0.119038746,0.6742551,0.62161297,0.83506626,0.20138006,0.3826961,0.6168047,0.7925363,0.5994821,1.0055114,0.4754386,0.36601815,0.7222104,0.65526307,0.65416276,0.37960875,0.5519858,0.58142674,0.37091458,0.6902118,0.8020506,0.72061974,0.4838871,0.61686164,0.61323047,0.63170886,0.50400144,0.43312263,0.04578044,0.06332915,0.07710403,0.06423172,0.057236128,0.73000133,0.88399285,0.89108425,0.7602958,0.51331973,0.8613968,0.8477642,0.119038746,0.13984758,0.090436615,0.62161297,0.26925835,0.77925783,0.4587807,0.20322892,0.5466678,0.10129756,0.15573072,0.26378325,0.34784555,0.4687934,0.48706943
IBKR,0.30828723,0.73962253,1.0387146,0.7939938,0.20059067,0.1280947,0.2855676,0.3068944,0.25836837,0.9792013,0.24883278,0.90675974,0.85723704,0.7924957,0.20248011,0.28402045,1.3213662,0.1685359,1.0051703,1.1534257,0.5484361,0.3736571,1.0292346,1.0722452,0.8877558,0.6211414,0.520217,0.80847746,0.36809996,1.2950624,1.5857706,0.7610498,1.1826787,1.1443728,1.0888056,1.4324195,1.2027639,0.43312263,0.04578044,0.06332915,0.07710403,0.06423172,0.057236128,0.73000133,1.5596383,1.6220036,1.1807922,0.6003016,1.491216,1.0626177,0.24883278,0.67750794,0.6205314,0.85723704,0.35987607,0.87934023,0.7293893,0.39581695,0.9729662,0.57313395,0.76644725,0.21969238,0.51769245,0.798232,0.40693676
IBM,0.16931048,0.43179318,0.58262014,0.9342863,0.25301495,0.25543746,0.29946175,0.18167976,0.26037824,0.72818273,0.61986786,0.8311943,0.9768402,1.0268836,0.12113549,0.2938893,0.3343943,0.11390737,0.6040757,0.880828,0.56097674,0.3454599,0.73901165,0.6651143,0.7797641,0.58677524,0.8831838,0.4781322,0.4644095,0.3226375,0.70196676,0.72768533,0.5667884,0.86125296,0.8805598,0.7768172,0.8297626,0.43312263,0.04578044,0.06332915,0.07710403,0.06423172,0.057236128,0.73000133,1.3854616,1.4225122,0.8436087,0.5566324,1.3830082,0.8528713,0.61986786,0.15367325,0.16421062,0.9768402,0.57484776,0.8765443,0.49900603,0.20766461,0.5860601,0.3355698,0.56238484,0.3780954,0.638391,0.6361894,0.47558117
ICE,0.16303472,0.59462726,0.8831003,0.7766106,0.08470415,0.07931953,0.08789269,0.09193833,0.08179292,0.88051623,0.09465971,0.9465273,0.7080174,0.73469025,0.17987338,0.08860159,0.5592247,0.07022677,0.375304,0.6078747,0.39155945,0.29991156,0.614193,0.39349625,0.46537206,0.35174313,0.47061092,0.41027868,0.36846268,0.31207037,0.7016964,0.40880165,0.49479398,1.0368413,0.95685756,1.3458406,0.91332954,0.43312263,0.04578044,0.06332915,0.07710403,0.06423172,0.057236128,0.73000133,1.3840501,1.3541362,0.53100836,0.39894354,1.3771597,0.5919962,0.09465971,0.12863322,0.09158062,0.7080174,0.32895258,0.79419506,0.40143555,0.21185787,0.8912009,0.17611304,0.24654427,0.18073909,0.19252838,0.5862935,0.3701733
IFX,0.32250744,0.58898306,0.6918362,1.0717793,0.2846778,0.26387504,0.15599315,0.1784934,0.13574907,0.83156174,0.061746735,0.954912,0.8816832,0.841594,0.24809939,0.15709561,0.24486725,0.43485102,0.8650067,0.82617223,0.55048984,0.3162682,0.99570507,0.93129766,0.8794964,0.6430051,0.5093052,0.6549044,0.38765293,0.61967975,0.8510919,0.9334839,0.8441629,0.99166435,0.98221135,1.0167905,1.0702497,0.43312263,0.04578044,0.06332915,0.07710403,0.06423172,0.057236128,0.73000133,1.3327978,1.3519278,1.0545665,0.8925879,1.3357593,1.0703163,0.061746735,0.14711182,0.107847415,0.8816832,0.46362242,0.86531806,0.7752067,0.47047293,0.6916045,0.31152332,0.44859776,0.92557126,1.4604849,0.84761316,0.5908984
INTC,0.511915,0.61450785,0.7588892,1.1967434,0.49479678,0.35007632,1.3467807,0.96027005,1.149295,1.0592363,0.083805196,1.1081548,0.9594674,1.1164736,0.4523238,1.3348199,1.5626718,1.1749508,1.0787398,0.9778968,0.97329473,0.8266144,1.2168782,1.22134,1.300537,0.99576247,1.1944127,0.69066465,0.9112067,0.99447286,0.9941963,0.7119335,1.2667007,1.2162904,1.2495148,1.0392644,1.2632853,0.43312263,0.04578044,0.06332915,0.07710403,0.06423172,0.057236128,0.73000133,1.7029873,1.6824781,1.2043778,1.4164069,1.6675197,1.1508733,0.083805196,0.7617238,0.59625345,0.9594674,0.81930035,1.040284,0.97199404,1.1847894,0.77143186,0.51058507,1.2366712,0.45831415,0.86295426,0.8809967,0.67060006
INTU,0.15775453,0.3225642,0.6518643,0.37431973,0.15062675,0.109930895,1.7439116,0.94868106,2.368079,0.9250489,0.23988263,0.8535348,0.96705174,0.8687247,0.15889095,1.7274625,0.13101888,0.19700113,0.61007035,0.7775025,0.6027174,0.43048602,0.7441035,0.7002714,0.84112,0.5662312,0.79348963,0.5783856,0.4954978,0.73699766,0.6842227,0.8212994,0.72532445,0.8583148,0.81996465,1.074336,0.86059177,0.43312263,0.04578044,0.06332915,0.07710403,0.06423172,0.057236128,0.73000133,1.2577933,1.3329284,0.73221487,0.5083014,1.1820073,0.783917,0.23988263,0.28359228,0.5279775,0.96705174,0.48667502,0.946473,0.8090999,0.36864498,0.5607828,0.33424696,0.45661098,1.5367789,1.255196,1.6443677,1.5784059
ISRG,0.1587653,0.3687543,0.44800264,0.56634164,0.17183894,0.16723792,0.11904544,0.15261203,0.10710921,0.9020201,0.05493692,0.7654077,0.7565646,1.0507433,0.1474906,0.121013634,0.11959197,0.2959257,0.6570572,0.7797378,0.7807176,0.5307003,0.8872346,0.7261749,0.6715323,0.9552919,0.79718345,0.56688714,0.5562056,0.38769922,0.693974,0.6414229,0.7948088,1.2485096,1.2259643,1.219434,0.94223267,0.43312263,0.04578044,0.06332915,0.07710403,0.06423172,0.057236128,0.73000133,1.838487,1.7973099,0.86113137,0.7721229,1.6968629,0.88521796,0.05493692,0.10207293,0.08227022,0.7565646,0.40947235,0.8863515,0.5272147,0.2893557,0.43015817,0.22236684,0.27723753,0.46103245,0.4099135,0.6082199,0.33557546
ITX,0.1930335,0.43796685,0.40129092,0.64465046,0.097840846,0.09507293,0.25746417,0.124008626,0.7228776,1.1597902,0.102904834,0.9336866,0.9403608,0.936987,0.12520407,0.24561697,0.183251,0.12968256,0.7361612,0.9457651,0.5003966,0.29246774,0.76827943,0.6957581,0.7419609,0.46524906,0.4789617,0.59019935,0.33679315,0.5551033,0.9542997,0.5513833,0.6315822,0.8672954,0.9008104,0.84527725,1.0285417,0.43312263,0.04578044,0.06332915,0.07710403,0.06423172,0.057236128,0.73000133,1.2300422,1.2266465,0.90220094,0.40259227,1.2782454,0.88229406,0.102904834,0.10807462,0.111824565,0.9403608,0.29819003,0.87552387,0.4476452,0.22357674,0.4029013,0.16771446,0.26832393,0.20683804,0.27187967,0.75690275,0.35103384
JNJ,0.14403495,0.30337128,0.4690107,0.7370321,0.19429378,0.13411471,0.14059243,0.11188784,0.14903037,0.7940102,0.07265925,0.7960515,0.85098714,0.99999946,0.12946099,0.13819396,0.07280696,0.07813457,0.5332972,0.8958985,0.35950026,0.2987876,0.6246961,0.5753779,0.5181473,0.35835612,0.518404,0.44536683,0.31952998,0.3865484,0.5089492,0.44470632,0.43925554,0.88319933,0.8826387,0.89167184,0.7603728,0.43312263,0.04578044,0.06332915,0.07710403,0.06423172,0.057236128,0.73000133,1.2479556,1.2094982,0.7706088,0.5983566,1.2623794,0.8297686,0.07265925,0.12274879,0.121374086,0.85098714,0.31726533,0.96867144,0.45320776,0.16064054,0.4462156,0.20099363,0.23753366,0.3947442,0.38586113,0.5781599,0.43507785
JPM,0.11342035,0.2517314,0.32883233,0.071033485,1.0930575,1.844798,0.09123813,0.12984271,0.08624399,0.07082802,0.09618381,0.8537169,0.70669836,0.11011699,0.11763739,0.27483928,0.06077029,0.070013516,0.40945095,0.7045682,0.42246443,0.34562677,0.57942826,0.5208915,0.5253954,0.47520474,0.39913762,0.49790037,0.34213373,0.6306888,0.6748591,0.38177946,0.50658,0.84059954,0.7581941,1.0195421,0.8662341,0.43312263,0.04578044,0.06332915,0.07710403,0.06423172,0.057236128,0.73000133,1.3880813,1.3713596,0.48411328,0.31697306,1.3675747,0.7491203,0.09618381,0.11396746,0.102103345,0.70669836,0.2723315,0.7185348,0.34620094,0.19972962,0.31448627,0.11735771,0.15138477,0.46748063,0.48326617,0.6565689,0.5092339
KEYS,0.32331583,0.43609902,0.5820799,0.8982137,0.14725402,0.11675845,0.61866057,0.6787601,0.89466333,0.9068479,0.11285735,1.1420131,0.9216658,0.8757515,0.31706673,0.6067438,0.12462138,0.11803459,0.78513455,0.90860546,0.72034234,0.44193962,0.8845766,0.8112145,0.75148576,1.0505073,0.84816474,0.61817396,0.6019604,0.74136364,1.535,0.526077,0.9166243,1.056591,1.057681,1.0803485,1.0497667,0.43312263,0.04578044,0.06332915,0.07710403,0.06423172,0.057236128,0.73000133,1.5571891,1.5108806,0.9709671,0.78163826,1.4634379,0.915224,0.11285735,0.20709676,0.19916694,0.9216658,0.4805336,0.8386509,0.61510634,0.27202535,0.57034945,0.30302596,0.47882694,0.15344888,0.20410615,0.68747044,0.38919038
KKR,0.42603567,1.6886238,1.7957646,1.0883375,0.60447764,0.5327224,0.50935894,0.7567276,0.4337316,0.6383381,0.07969097,0.9700172,0.8220722,1.0904642,0.66238177,0.5048804,2.2783701,0.20850496,0.8199193,0.907389,0.5674609,0.4223058,0.8316756,0.843256,0.8485674,0.504748,0.519064,0.66282904,0.38387045,0.30136636,0.6387815,0.53498524,0.831168,1.0191758,0.964503,1.1536516,1.0594097,0.43312263,0.04578044,0.06332915,0.07710403,0.06423172,0.057236128,0.73000133,1.4092504,1.4460586,0.98150766,0.52970755,1.4745629,0.8943296,0.07969097,0.55624676,0.4098302,0.8220722,0.41431206,0.83983356,0.7991948,0.4874109,1.7367029,0.6368476,0.6916319,0.8543711,1.2853281,0.82958895,0.8200696
KLAC,0.20910428,0.66128176,0.7915366,0.5784942,0.17763732,0.16324957,0.11250437,0.11917516,0.10065325,0.8611047,0.8978761,0.74680096,1.0021926,0.8535496,0.27112412,0.11526588,0.11758521,0.14657281,0.62706864,0.6056608,0.7732611,0.51441866,0.9102773,0.7643927,0.69942445,0.89840895,0.8601994,0.788538,0.5609307,0.5446328,0.9809368,0.56259024,0.83813137,0.97814786,0.93799657,1.0063856,1.0935929,0.43312263,0.04578044,0.06332915,0.07710403,0.06423172,0.057236128,0.73000133,1.5462908,1.6083803,0.9864224,0.8935292,1.5721886,0.9189909,0.8978761,1.2639887,1.2536241,1.0021926,1.061607,0.85954887,0.6765764,0.25895232,0.75946677,0.69656765,0.5079285,0.55202115,0.95940596,0.7685492,0.4526878
KO,0.1304417,0.5515626,0.56350297,0.96726483,0.1820258,0.12662391,0.1801588,0.12849104,0.20175657,0.8567055,0.10481912,0.6546923,0.8070975,0.8271884,0.18708305,0.17191346,0.09349407,0.07368488,0.5469342,0.8253316,0.33489954,0.300272,0.6066006,0.57595426,0.53244275,0.3329759,0.5386936,0.35453883,0.32670203,0.63574713,0.64775777,0.42142865,0.46898916,0.7946943,0.7719926,0.84448314,0.81157273,0.43312263,0.04578044,0.06332915,0.07710403,0.06423172,0.057236128,0.73000133,1.0435222,1.0804656,0.7673493,0.6280976,1.007373,0.7308435,0.10481912,0.15903184,0.14766851,0.8070975,0.3127688,0.837674,0.4347525,0.14724948,0.5781368,0.11700819,0.19604908,0.23973712,0.17898609,0.6234277,0.5171442
LIN,0.23966466,0.57233655,0.63297707,0.98028123,0.27731293,0.28978044,0.12051036,0.12732829,0.10629702,0.7519647,0.08937392,1.0113972,1.0088097,0.98441714,0.25467402,0.11798396,0.57825834,0.20294869,0.39216852,0.5875631,0.34998578,0.302161,0.5144578,0.38072908,0.3768871,0.3316296,0.2994382,0.40168276,0.32568443,1.168936,0.96678805,0.27100518,0.39872658,0.8347944,0.8756168,0.6474263,0.7997522,0.43312263,0.04578044,0.06332915,0.07710403,0.06423172,0.057236128,0.73000133,1.0975043,1.1917055,0.53191364,0.3690093,1.105849,0.6432359,0.08937392,0.1533643,0.19635996,1.0088097,0.23675722,0.86548615,0.37342387,0.23163936,0.7546191,0.3005325,0.38189325,0.5284132,0.5698283,0.8550523,0.58634454
LITE,0.93776304,1.2100202,1.3152951,1.1004971,0.49530515,0.54367423,0.8354441,1.1721653,0.7463497,0.8672866,0.12083555,0.9472235,1.0003862,0.8984262,0.82942754,0.78083974,1.0891606,0.19109082,1.5633593,1.1436136,1.3441681,1.3374884,1.6214783,1.518544,1.2902616,1.1688882,1.418376,1.3596334,1.3329229,0.72786885,1.0949956,0.81962764,1.602548,1.3222609,1.3073109,1.2296853,1.2821482,0.43312263,0.04578044,0.06332915,0.07710403,0.06423172,0.057236128,0.73000133,1.8225862,1.8188434,1.674463,2.3257697,1.7910105,1.1466748,0.12083555,0.37550628,0.41797742,1.0003862,1.0636802,0.9824835,1.177089,0.96721935,1.3873276,0.5049966,0.6317762,0.64899224,0.7031448,1.1255351,1.1091224
LLY,0.3129994,0.8624861,0.76533794,0.76963115,0.21971045,0.1693589,1.0280231,1.0111709,0.86426157,0.9025696,0.36814463,0.87698615,0.90896165,1.1943269,0.24438055,1.0194311,0.1261847,0.11213842,0.8269496,1.0592395,0.66964215,0.44911566,0.9991262,0.92279506,0.6389766,0.8184796,0.7486225,0.5112443,0.5509448,0.6028908,0.6183213,0.6438377,0.84977144,0.9911246,0.9515222,1.0406547,0.96061623,0.43312263,0.04578044,0.06332915,0.07710403,0.06423172,0.057236128,0.73000133,1.4089552,1.4162217,1.0577556,0.70050865,1.3689193,1.0830013,0.36814463,0.22296183,0.32905674,0.90896165,0.47945556,1.2312479,0.76020885,0.37245914,0.7979482,0.18116876,0.43328783,0.92593884,0.7864488,1.0965074,1.0911566
LMT,0.26762176,0.45068178,0.41476262,0.9655243,0.6976492,0.39231703,0.27170563,0.19171633,0.25157234,0.8304381,1.2145004,1.0374073,1.0415336,1.0782981,0.21684109,0.26584744,0.07426805,0.12064,0.6880143,1.0195223,0.44546705,0.31666923,0.7603148,0.7095981,0.688796,0.46083164,0.6845246,0.4867828,0.4068991,0.6561477,0.90480316,0.48198026,0.6570941,0.94720954,0.92299366,0.9977296,1.0231719,0.43312263,0.04578044,0.06332915,0.07710403,0.06423172,0.057236128,0.73000133,1.3234918,1.2860098,0.84457153,0.5795237,1.2664013,0.88799554,1.2145004,0.8687188,0.5191332,1.0415336,1.0108448,1.1438261,0.55729115,0.30786598,0.44071048,0.21321048,0.2405573,0.93122745,0.9341157,1.0058893,0.9562002
LNG,1.476567,2.194086,2.1939921,0.8978309,1.080576,0.82836515,1.0017663,0.9479758,0.8285036,1.0188613,1.4312172,1.1829144,1.0424162,0.7930735,1.6238441,1.0034591,1.7719886,2.0582309,1.2068365,1.151898,0.8082165,0.7138546,1.0919236,1.0965921,1.0659922,0.5858741,0.5525855,0.8955505,0.6931512,0.3590442,0.82517767,0.73238486,1.0050228,0.9080106,0.80830586,1.154075,0.72480315,0.43312263,0.04578044,0.06332915,0.07710403,0.06423172,0.057236128,0.73000133,1.2605543,1.3596569,1.413952,1.140486,1.3119944,1.0776016,1.4312172,1.4231862,1.4191024,1.0424162,1.5305148,0.9797132,1.6508001,1.8427501,2.1684659,1.465971,1.6147404,0.8007892,1.0356071,0.90055346,1.1080955
LOW,0.22517328,0.4110026,0.43042016,0.94287384,0.14104436,0.10614211,0.41887116,0.2557775,0.8367006,0.868073,1.6677505,0.90153986,0.94940495,0.7149551,0.1936653,0.41013154,0.114063144,0.1406326,0.6112436,0.7878779,0.58595437,0.3927357,0.8108328,0.66743016,0.5956482,0.6798789,0.7972983,0.46066207,0.4502883,0.63823617,0.64436346,0.3626423,0.7931271,1.10503,1.1042681,1.1668918,0.810369,0.43312263,0.04578044,0.06332915,0.07710403,0.06423172,0.057236128,0.73000133,1.5503621,1.5204693,0.7480475,0.5079618,1.5316666,0.8561272,1.6677505,0.8072979,0.9267658,0.94940495,1.1984748,0.7829976,0.53099036,0.24812466,0.42619592,1.7226592,1.0003362,0.25326484,0.19850335,0.5199356,0.403669
LRCX,0.3468011,1.0494394,1.0822538,0.7400595,0.14332606,0.13966978,0.09176179,0.0963808,0.15954114,0.75738007,0.23433656,0.83239734,0.71182907,0.8348193,0.14904079,0.08969926,0.11808374,0.12517321,0.94106394,0.84057873,0.72028047,0.52682,1.0121022,0.9705909,0.8785974,0.8319059,0.6598056,0.74702275,0.48874354,0.54727346,0.76193815,0.6577743,1.0560235,1.0014724,1.00257,0.9152187,1.1826068,0.43312263,0.04578044,0.06332915,0.07710403,0.06423172,0.057236128,0.73000133,1.6386188,1.6522573,1.296006,1.1227812,1.5803962,1.0032392,0.23433656,0.16958585,0.17855309,0.71182907,0.5546361,0.8580435,0.7592633,0.35697064,1.0845418,0.30845734,0.47395828,0.6082125,1.0555401,0.7094144,0.7112067
LSEG,0.13617878,1.4713283,1.3298101,0.71733403,0.1936507,0.21108158,0.09771397,0.11887484,0.091745324,1.049231,0.07632371,0.8601539,1.0236224,0.8551027,0.37046668,0.09881914,0.5084434,0.30806035,0.74521637,0.9196656,0.69677764,0.60056096,0.7817817,0.7560568,0.8295019,0.77352506,0.8982943,0.7236063,0.6234377,0.5729673,0.89083946,0.7193046,0.74221116,0.7992198,0.77054185,0.93141335,0.7915716,0.43312263,0.04578044,0.06332915,0.07710403,0.06423172,0.057236128,0.73000133,1.1520022,1.1053629,0.92298466,0.7049643,1.082602,0.9152041,0.07632371,0.16675732,0.14104208,1.0236224,0.47693413,0.92601913,0.6043936,0.1919611,1.3461297,0.23091185,0.42474377,0.12609453,0.17116715,0.5338985,0.41361865
LYV,1.9159006,1.2582566,1.1736927,1.0651668,0.3706145,0.21939601,1.2325568,1.3429884,1.0313544,0.67853254,0.5802043,1.0197581,0.8898555,0.8770347,1.9512482,1.2204278,1.8229725,0.1257311,0.72629035,0.7365075,0.7863521,0.65074116,0.87945837,0.76620406,0.7682684,0.88533586,0.76113087,0.617746,0.7304682,0.639856,1.17171,0.74352235,0.69041854,0.9843943,0.9421796,1.0450977,1.3953878,0.43312263,0.04578044,0.06332915,0.07710403,0.06423172,0.057236128,0.73000133,1.6064761,1.7194494,0.9097307,0.74402857,1.6179962,0.98356414,0.5802043,1.9493172,1.611116,0.8898555,1.204814,0.8022036,1.9541585,1.9694301,1.1662124,1.1854776,1.042413,0.3369274,0.41877508,0.994998,0.9855499
MA,0.15696156,0.32001498,0.3343564,0.45074412,1.8985379,1.7917582,0.07338888,0.079341464,0.07254508,0.59416616,0.56980914,0.73674244,0.76004547,0.78738534,0.12233442,0.18031599,0.11365826,0.13967901,0.53807205,0.7296573,0.48232025,0.40522045,0.5240061,0.50229484,0.37739667,0.52234286,0.46146098,0.5421167,0.36286876,0.25226834,0.38784805,0.37131408,0.51589674,1.0019366,0.99507153,0.98951775,0.88870543,0.43312263,0.04578044,0.06332915,0.07710403,0.06423172,0.057236128,0.73000133,1.3892498,1.4133706,0.70324737,0.30721477,1.3592138,0.6159029,0.56980914,0.20125152,0.15780188,0.76004547,0.45427337,0.8449381,0.3306089,0.15874252,0.33579922,0.057439994,0.1825203,0.50954443,0.5759789,0.8201006,0.3969386
MAR,0.31607014,0.9000772,0.8881101,0.8883616,1.7745396,1.9786236,0.21687703,0.35678968,0.19138928,0.75892997,1.6635262,0.9354047,1.2572427,0.8047367,0.3384372,0.31942797,0.15268871,0.13792737,0.5978009,0.78377867,0.54970217,0.49370104,0.73202777,0.65456635,0.7004252,0.5095436,0.51388454,0.52381974,0.56251806,0.59612244,0.52256024,0.3882096,0.57381266,0.99206185,1.0349168,0.8366371,0.7403237,0.43312263,0.04578044,0.06332915,0.07710403,0.06423172,0.057236128,0.73000133,1.4199107,1.2479131,0.7256666,0.50629294,1.375431,0.92105544,1.6635262,1.1525086,1.2051568,1.2572427,1.5073297,0.8184623,0.5401156,0.2471559,0.8868816,1.7615077,1.1280205,0.46631968,0.67461497,0.61312973,0.7222521
MC,0.30541274,0.493585,0.47515684,0.97565204,0.10029551,0.09797207,0.14192466,0.106293,0.12681314,0.7231087,0.07635143,0.882637,0.8742136,0.8273455,0.21449465,0.13963117,0.14259182,0.047199965,0.70679265,0.9196185,0.5575386,0.33683506,0.78522784,0.78792393,0.81135494,0.5792682,0.53348327,0.5958586,0.39458886,0.47271216,0.6879349,0.5427934,0.6836591,1.0471736,1.0933825,0.871164,1.1246618,0.43312263,0.04578044,0.06332915,0.07710403,0.06423172,0.057236128,0.73000133,1.4623346,1.5195409,0.8288541,0.41670197,1.4799945,0.95952743,0.07635143,0.12328172,0.11642675,0.8742136,0.3825044,0.8052588,0.54242337,0.37978715,0.4958815,0.21067329,0.28414994,0.9354116,1.1890141,1.1531017,1.026712
MCD,0.16337733,0.39432162,0.47398674,0.6502298,0.5441839,0.4367833,0.07112956,0.07842223,0.06966029,0.82486993,1.6216284,0.7103739,0.7732123,0.8507456,0.17084238,0.073716894,0.06730671,0.17597198,0.59566176,0.9069977,0.38237128,0.33168447,0.655265,0.64401734,0.5065802,0.5070014,0.39617062,0.3981916,0.3368326,0.6460017,0.7463844,0.37501255,0.64265406,1.0796211,1.097211,0.87513953,0.9166438,0.43312263,0.04578044,0.06332915,0.07710403,0.06423172,0.057236128,0.73000133,1.4871136,1.5512602,0.77178085,0.6093694,1.5204471,0.855337,1.6216284,1.2470069,1.3103583,0.7732123,1.1382697,0.86911356,0.5109516,0.19225043,0.48464626,1.4806108,1.0172668,0.14997362,0.1851587,0.6766202,0.48357767
MCK,0.16210057,0.4021524,0.51026195,0.7608573,0.4715095,0.41128412,0.7660837,0.70681447,0.66871023,0.805951,1.6201227,0.8263306,1.2732592,1.2867861,0.13230535,0.75515026,0.16182937,0.20426044,0.9143494,1.3136163,0.7268045,0.6565136,0.888262,0.88485444,1.1205205,0.6621544,1.0259819,0.6577714,0.73392874,0.95565796,0.9427731,0.40619838,0.8063554,0.8864802,0.7883212,1.0952281,1.01057,0.43312263,0.04578044,0.06332915,0.07710403,0.06423172,0.057236128,0.73000133,1.4542521,1.4162993,1.1039088,0.6874988,1.3894397,0.9144093,1.6201227,1.5174159,1.3631735,1.2732592,1.5782884,1.2024113,0.5603499,0.15860966,0.4995094,1.744422,0.9884368,0.12148276,0.16219035,0.5560358,0.3110355
MCO,0.15839075,0.39479274,0.46299505,0.884997,0.48695365,0.24624448,0.1790389,0.13588947,0.16495861,0.8335782,2.4197047,0.90130675,0.58348805,0.76345253,0.12320827,0.18167053,0.08606142,0.17028594,0.45923802,0.69852525,0.40250602,0.3239331,0.5474148,0.5174146,0.42024976,0.4330905,0.45512813,0.44680446,0.30930907,0.5113095,0.8095153,0.35137185,0.6484708,0.97721076,1.0118133,0.8851434,1.1385602,0.43312263,0.04578044,0.06332915,0.07710403,0.06423172,0.057236128,0.73000133,1.418566,1.4002491,0.58460224,0.3253943,1.4025382,0.7701955,2.4197047,0.5773403,0.89384884,0.58348805,1.4116169,0.79437166,0.38889813,0.2160277,0.4670977,1.791606,1.0347911,0.17560074,0.26473752,0.7124526,0.36434218
MDLZ,0.21308337,0.40762573,0.42124286,0.8079128,0.18812543,0.2544078,0.3675715,0.7520873,0.31500405,0.8822706,0.0979658,0.9346438,0.7381498,0.98354584,0.2311749,0.35912496,0.11131614,0.09758547,0.6238381,0.8958553,0.4592724,0.37220567,0.6611719,0.60913926,0.56394774,0.5530733,0.4361205,0.49944887,0.37409696,0.55163395,0.71515685,0.47093707,0.6251621,1.0008869,0.9514956,1.0819858,0.9102284,0.43312263,0.04578044,0.06332915,0.07710403,0.06423172,0.057236128,0.73000133,1.3459722,1.4165385,0.85645187,0.5121136,1.4117063,0.7659596,0.0979658,0.10676418,0.089122675,0.7381498,0.31523108,1.0681769,0.4952178,0.30009916,0.43246096,0.2577904,0.379687,0.23636608,0.27922013,0.5564842,0.47470838
MDT,0.15135077,0.67314905,0.63962233,0.9189446,0.19270694,0.18188034,0.31294596,0.2005289,0.6743482,0.5632086,0.10531485,0.6887917,0.76091385,0.7791891,0.1932181,0.30498517,0.10712854,0.07782965,0.54148614,0.78829885,0.38718173,0.25275484,0.6522991,0.5758047,0.6018652,0.35197476,0.5082305,0.4219696,0.31337643,0.7022687,0.88738173,0.39375612,0.54523987,0.93635255,0.857502,1.2015082,0.9011186,0.43312263,0.04578044,0.06332915,0.07710403,0.06423172,0.057236128,0.73000133,1.2856853,1.2980157,0.8122286,0.440147,1.2837067,0.81936616,0.10531485,0.22586155,0.17892934,0.76091385,0.437381,0.7595669,0.4165156,0.17897053,0.66893184,0.2960175,0.31777835,0.19823958,0.13146949,0.7166679,0.33215478
META,0.43520978,0.9599854,0.76871413,0.9755504,0.21995741,0.29510027,0.11267955,0.16561207,0.10013753,0.52388865,0.09703035,0.9455969,0.8281374,0.85330427,0.35574856,0.1169201,0.3768721,0.8380974,1.0358481,0.8474067,0.87344205,0.7009374,0.9901193,1.0616784,0.8955204,1.0855991,1.2640566,0.6418875,0.83533055,0.3541542,0.5990042,0.61065316,1.2021062,1.1842425,1.1731676,1.0575349,1.1395406,0.43312263,0.04578044,0.06332915,0.07710403,0.06423172,0.057236128,0.73000133,1.8027644,1.8251083,1.2410471,1.074333,1.7870828,0.88859653,0.09703035,0.20507802,0.25454035,0.8281374,0.46738505,0.8645245,0.6037024,0.4777041,0.80049056,0.65511334,0.63297313,0.6921721,0.9964344,0.9527715,0.74044085
MNST,0.19183227,0.26539275,0.41781303,0.5112799,0.25205356,0.37195128,0.70582426,0.713686,0.5779985,0.92884856,0.21340322,0.9351322,0.8030199,0.77303046,0.16782355,0.70510584,0.07776217,0.14913699,0.90585136,0.9120998,0.8773868,0.9237348,0.9520815,0.8842859,0.77542883,1.1529821,1.0156648,0.5385472,0.98905265,0.53119004,0.8257651,0.4345597,0.9154736,1.0938072,1.0870694,1.0505694,0.8135683,0.43312263,0.04578044,0.06332915,0.07710403,0.06423172,0.057236128,0.73000133,1.5313594,1.5613056,1.0487996,0.85924673,1.5306811,0.95916474,0.21340322,0.24532181,0.17711537,0.8030199,0.49746874,0.94475687,0.62092143,0.22294536,0.3939634,0.20881788,0.23770541,0.2461327,0.28267893,0.7082775,0.33715335
MO,0.14855626,0.3659109,0.33080104,0.6026529,0.15257049,0.11653018,0.09570059,0.09298853,0.08941164,1.0062953,2.628534,1.0334477,1.3277085,1.0166548,0.09931996,0.09656381,0.15539266,0.17202368,0.75290245,1.148974,0.48812842,0.38111457,0.86080533,0.75036204,0.854145,0.3697497,0.7716276,0.5020456,0.45259732,1.0158569,0.9558721,1.3289652,0.63487667,0.5059293,0.49695835,0.5272108,0.5931211,0.43312263,0.04578044,0.06332915,0.07710403,0.06423172,0.057236128,0.73000133,0.7646422,0.793671,0.98776263,0.6743539,0.72395945,0.8781088,2.628534,0.6665004,0.50524145,1.3277085,0.9184053,1.1053107,0.6053895,0.16904083,0.3482416,1.4997913,1.0576695,0.43577537,0.40391102,0.48744556,0.4718107
MPC,1.4559231,1.5281835,1.7693949,1.0094588,2.0402575,1.6218292,1.1955522,1.1458087,1.0012761,0.9810332,0.13220963,0.927176,0.8943703,0.812397,1.445337,1.1823767,1.0439736,0.15359163,1.1124191,1.1169333,0.7321906,0.7159144,1.256184,1.1314692,1.2459643,0.6112001,0.7413331,0.9947266,0.57940006,0.655386,0.75141525,0.9008778,1.0654757,0.97304827,0.87431526,1.2657194,0.74049914,0.43312263,0.04578044,0.06332915,0.07710403,0.06423172,0.057236128,0.73000133,1.3559749,1.4018124,1.3517019,1.1584631,1.3475983,1.1143996,0.13220963,0.88761985,0.99404913,0.8943703,0.708905,0.9192129,1.5044799,1.6308051,1.7425411,0.61033124,1.0635364,0.56155473,0.5735171,0.6588346,1.007257
MPWR,0.17529662,0.5928557,0.6608101,0.6276291,0.13091104,0.12778436,0.10741368,0.11765588,0.09701071,0.89259297,0.060317755,0.7650595,0.71302074,0.70512223,0.15286583,0.104659095,0.27638438,0.15414618,0.5977496,0.5932682,0.73924524,0.68307054,1.0019999,0.72043747,0.7439194,0.7631548,1.000852,0.73869485,0.6456466,0.40436855,1.0490971,0.64724666,0.905563,0.9082154,0.9221111,0.78700125,1.0412406,0.43312263,0.04578044,0.06332915,0.07710403,0.06423172,0.057236128,0.73000133,1.3716859,1.3314126,0.9568012,1.0050536,1.287551,0.8384192,0.060317755,0.14437126,0.12425542,0.71302074,0.5984497,0.73105955,0.67536145,0.2549427,0.6348953,0.2528595,0.22171228,0.9952998,0.7884364,0.9631209,0.7429477
MRK,0.2416613,0.3268765,0.4736772,1.0304619,0.12679948,0.12919618,0.7645058,0.78554606,0.6316833,0.94563127,0.12515385,0.85939884,1.0067878,1.1489241,0.21858586,0.76118594,0.16118895,0.121933796,0.8336083,1.2568705,0.48436564,0.33463985,0.7636748,0.80781627,0.7885634,0.5666429,0.6014058,0.51219094,0.38824528,0.48654637,0.67637503,0.63802904,0.6230333,0.9622863,0.9201449,0.9712709,0.79397625,0.43312263,0.04578044,0.06332915,0.07710403,0.06423172,0.057236128,0.73000133,1.3596303,1.3110644,1.0207056,0.58302236,1.2968532,0.9362464,0.12515385,0.20570129,0.22556594,1.0067878,0.3734192,1.2541804,0.8568968,0.3390642,0.48147216,0.3164708,0.37300974,0.69323605,0.85116726,0.5607643,0.28648606
MRSH,0.13061878,0.24341296,0.28489164,0.51339525,0.08470415,0.07931953,0.18500859,0.10887721,0.16017751,0.97847736,0.06260909,0.6588353,0.86528814,0.8354542,0.15721208,0.18218423,0.10822098,0.14743465,0.44776857,0.7656867,0.29154927,0.2663484,0.51011735,0.4837267,0.49112335,0.3199087,0.39158645,0.3781092,0.3166588,0.8065575,0.9426194,0.3289289,0.43920562,0.7130019,0.6591627,0.84032416,0.61074805,0.43312263,0.04578044,0.06332915,0.07710403,0.06423172,0.057236128,0.73000133,0.9851031,0.9603061,0.5642104,0.40686008,0.97113514,0.635531,0.06260909,0.13060358,0.13008441,0.86528814,0.33949625,0.8935639,0.3452313,0.14419717,0.28397495,0.16015375,0.22131267,0.23470059,0.26414922,0.4610815,0.2263435
MRVL,0.5896486,1.1789882,1.3973707,0.90623623,0.3514647,0.32982743,1.5898948,1.5158211,1.8712969,0.90044534,0.097026154,0.8543441,0.77161837,0.76263946,0.62614125,1.5797402,0.15441564,0.14717071,0.96021414,0.7435802,0.99338436,0.74762034,1.2873017,1.1844159,1.0785346,1.1770679,1.0046337,0.97947043,0.80099463,0.9873167,0.9944357,1.0194769,1.3286333,1.191438,1.2623558,1.0737224,1.297919,0.43312263,0.04578044,0.06332915,0.07710403,0.06423172,0.057236128,0.73000133,1.5565383,1.5451446,1.1385522,1.7390276,1.5411286,1.1434025,0.097026154,1.3204795,1.380159,0.77161837,0.7806995,0.85628057,1.1471393,0.5664816,1.4083827,0.4890268,0.60672843,0.857886,0.80590224,1.2944959,1.0282216
MS,0.17400354,0.4620959,0.52111626,0.66630095,0.6989131,1.3206228,0.24677028,0.18312512,0.20620814,0.9615761,0.1085236,0.9029082,0.81654525,0.11011699,0.13300242,0.2993503,0.32694498,0.19238193,0.7206047,0.86911845,0.46534926,0.34683406,0.73751295,0.77071136,0.69795674,0.43452764,0.4787781,0.52265674,0.3458089,0.6210656,0.66972876,0.5526601,0.6697556,1.0184954,0.9873915,1.0542604,1.0839823,0.43312263,0.04578044,0.06332915,0.07710403,0.06423172,0.057236128,0.73000133,1.4402399,1.4469792,0.8722676,0.34122294,1.4563489,0.9010724,0.1085236,0.11200848,0.119675204,0.81654525,0.32700592,0.9012918,0.4787444,0.19338486,0.4972112,0.13891366,0.1690183,0.6660153,0.60720545,0.7415138,0.6850374
MSCI,0.19652157,0.18635352,0.3572252,0.3940972,0.22454196,0.2898484,0.07134288,0.09096851,0.07019635,0.79966,1.392208,0.8791315,0.98211855,0.8750656,0.1955311,0.0729759,0.13661239,0.15901662,0.7011479,0.8670881,0.53593475,0.36491212,0.73564184,0.76052356,0.532925,0.47841543,0.7430151,0.57371044,0.40494338,0.5070029,0.9935081,0.41878563,0.7996268,0.8566849,0.8159077,0.9633256,0.60717505,0.43312263,0.04578044,0.06332915,0.07710403,0.06423172,0.057236128,0.73000133,1.2349023,1.2475314,0.96297127,0.5098245,1.1921256,0.8928321,1.392208,1.251581,1.2332803,0.98211855,1.2152731,0.9517573,0.4858982,0.17766878,0.31959116,1.5604491,1.0634356,0.34592497,0.30684534,0.48361754,0.26666066
MSFT,0.20558621,0.32404935,0.38298234,0.9164715,0.23149486,0.15579763,0.15213202,0.1573442,0.13892107,0.61954826,0.075742275,0.77060413,0.87772906,0.78338766,0.15286508,0.14911151,0.26150137,0.61894536,0.52389544,0.6873729,0.48547292,0.33214083,0.60153025,0.58675253,0.4622091,0.61809516,0.6114228,0.47946447,0.38528913,0.70903075,0.50954664,0.52512825,0.6217865,1.0075866,1.011763,0.9299757,0.9200707,0.43312263,0.04578044,0.06332915,0.07710403,0.06423172,0.057236128,0.73000133,1.474065,1.4468528,0.7571013,0.404063,1.4832613,0.78350544,0.075742275,0.21320722,0.196923,0.87772906,0.40895596,0.8383225,0.4282333,0.16573179,0.37859875,0.1646399,0.2743546,0.47350666,0.48576456,0.84491366,0.46255654
MSI,0.20721094,0.41416708,0.67432964,0.6925287,0.15156043,0.10445942,0.6045285,0.41928846,0.5101179,0.6846757,2.3357625,0.85533065,1.0841892,0.8908319,0.21922088,0.65711963,0.15096845,0.11350358,0.5849586,0.85761154,0.44663268,0.28299057,0.7702701,0.6338483,0.5611839,0.5652478,0.59713286,0.38424152,0.38020277,0.94570625,0.93059826,0.46400893,0.6752922,0.9212491,0.90779567,0.9464743,0.9898521,0.43312263,0.04578044,0.06332915,0.07710403,0.06423172,0.057236128,0.73000133,1.4134575,1.4063541,0.7347192,0.48183125,1.4506782,0.8507678,2.3357625,2.116705,1.9358999,1.0841892,1.8886502,0.96227837,0.518645,0.2556056,0.77241486,1.8685533,0.99154973,0.12563603,0.102059685,0.5552173,0.78142524
MU,2.149846,2.18077,2.0686202,1.0936724,2.0356362,2.2775054,1.0303044,1.3248166,1.2830635,0.90239465,0.2012783,1.1840204,0.8578974,1.138992,1.9767956,1.0076238,0.8446027,1.1359202,1.6042106,1.0422615,1.0039614,0.7890597,1.5241709,1.6302533,1.3414203,0.87603503,0.9559664,0.8015293,0.8239101,0.4595394,0.86503017,1.0508047,1.9494635,1.2647063,1.3315156,1.2207786,1.3984715,0.43312263,0.04578044,0.06332915,0.07710403,0.06423172,0.057236128,0.73000133,1.7143608,1.7616433,1.7043693,2.2846234,1.6999665,1.1690896,0.2012783,1.1156358,1.4420127,0.8578974,0.6940176,1.1174567,1.9715765,2.2322378,2.1018493,0.8688766,1.3898311,1.1789833,1.4754957,1.2476679,1.7851479
MUV2,0.1592339,0.4054823,0.70814097,0.071033485,0.07980106,0.07242434,0.5010393,0.75547147,0.42289764,0.6999096,0.10853103,0.8679216,0.8954725,1.2717942,0.17892492,0.06900993,0.06077029,0.1925437,0.54821324,0.9049431,0.46254748,0.3873348,0.7094203,0.5840835,0.48618275,0.5106281,0.47580773,0.58635914,0.33038047,0.77187884,0.9908455,0.5595692,0.47910133,0.7713699,0.7592858,0.85709494,0.7526853,0.43312263,0.04578044,0.06332915,0.07710403,0.06423172,0.057236128,0.73000133,1.1160866,1.1892477,0.6765161,0.43295607,1.1188982,0.737194,0.10853103,0.11845054,0.15401499,0.8954725,0.33116272,0.7033245,0.41481245,0.213255,0.64242643,0.2440203,0.33227146,0.26974142,0.3444719,0.60431516,0.44017422
NEE,0.14437315,0.4075029,0.45708033,0.9855463,0.43180513,0.2514401,0.3666,0.34247854,0.3196098,0.562505,0.07268111,0.9318198,0.9438127,1.048061,0.121099286,0.36112335,1.4191186,1.5554003,0.62749934,0.9618185,0.50694585,0.3998891,0.76718265,0.70927936,0.8556359,0.32922822,0.59447074,0.6270346,0.412898,0.4862116,0.7613625,0.5685477,0.60475653,0.4273449,0.420327,0.42835402,0.7306383,0.43312263,0.04578044,0.06332915,0.07710403,0.06423172,0.057236128,0.73000133,0.6202632,0.61774117,0.8094052,0.60470283,0.61449456,0.90175444,0.07268111,0.09873128,0.10643343,0.9438127,0.36981645,1.0732058,0.5264072,0.15059426,0.46524978,0.2003513,0.34571984,0.15018871,0.25631455,0.6494522,0.37828773
NEM,0.8062294,1.2446722,1.2032357,1.1884469,0.9338096,0.600563,1.2628843,0.7475151,1.070258,0.9030066,0.15427151,1.0198708,0.9373738,0.88781005,0.8213445,1.2287153,0.2777016,0.43029204,1.1939094,1.1528177,0.9095219,0.8379806,1.4138188,1.3581957,1.2858493,0.6570626,1.0003166,1.0281199,0.88946617,0.82222307,0.94076306,0.8085772,1.252895,0.88838315,0.8573728,0.943163,1.0097257,0.43312263,0.04578044,0.06332915,0.07710403,0.06423172,0.057236128,0.73000133,1.2169875,1.2013574,1.3562704,1.500573,1.1864318,1.2347288,0.15427151,0.5841474,0.43944275,0.9373738,0.6867592,1.118693,0.9926446,1.0199661,1.2562537,0.4778518,0.8912063,0.7588127,0.76181847,0.93405634,0.7720754
NESN,0.2060317,0.28667206,0.35723376,1.0041409,0.4338535,0.19679406,0.0956748,0.13769953,0.08892211,0.91761655,0.10436587,0.9718707,0.9145561,0.8996588,0.18672422,0.093832694,0.0787881,0.06383369,0.559538,0.9275142,0.48457098,0.45730913,0.63223034,0.59897536,0.656073,0.668722,0.56472164,0.39546037,0.44630757,0.48258448,0.7280663,0.45969835,0.51912,0.70291847,0.66314226,0.82120824,0.7145246,0.43312263,0.04578044,0.06332915,0.07710403,0.06423172,0.057236128,0.73000133,1.2456329,1.2334744,0.8141502,0.59782135,1.2396868,0.72807175,0.10436587,0.11100834,0.12763302,0.9145561,0.2890589,0.9911384,0.43854645,0.22711377,0.36060083,0.27991858,0.4712349,0.64346564,0.73972243,0.66021824,0.30614445
NET,1.1540225,0.88058054,0.6171407,0.5487105,0.105556555,0.0955533,0.24779762,0.111452684,0.18772604,0.37466133,0.11629518,0.67449176,0.552334,0.7105538,1.1428199,0.2392404,0.8901676,0.41830716,1.2104183,0.70650893,1.4314727,1.5062579,1.340255,1.2875123,1.1703048,1.4173093,1.3346479,1.3193386,1.4551566,0.5854875,0.6571683,1.0853915,1.4891924,0.9481283,0.95713884,0.79331017,0.7555586,0.43312263,0.04578044,0.06332915,0.07710403,0.06423172,0.057236128,0.73000133,1.2648697,1.2839456,1.3122376,2.185781,1.2471957,0.8900775,0.11629518,0.9756005,1.0240242,0.552334,0.5710333,0.7682684,0.9273676,0.90762466,0.6562951,1.3348908,1.0716718,1.4855506,0.89633614,0.65151334,0.81097966
NFLX,0.616508,0.74412894,0.59355265,1.1355107,0.30409935,0.28221345,0.27608633,0.1982607,0.23901501,0.8349958,0.1629777,0.77765554,0.944333,0.984204,0.5284634,0.27240697,0.8684093,0.17045179,1.3956176,1.0586627,1.1753417,0.9897952,1.5092975,1.4875292,1.0677196,1.4291289,1.2838664,1.0174757,1.0218152,0.54260606,0.96405315,0.76163054,1.4621542,1.1727515,1.1740505,1.1622643,1.0242813,0.43312263,0.04578044,0.06332915,0.07710403,0.06423172,0.057236128,0.73000133,1.618671,1.594174,1.623487,1.8609723,1.560392,1.3103178,0.1629777,0.2518834,0.4190854,0.944333,0.7417927,1.018494,1.0398902,0.50460696,0.61779433,1.0147909,0.6855596,1.0158864,1.2556378,1.1752946,1.1495376
NKE,0.39181238,0.468046,0.5906291,1.0298113,0.1769457,0.19873019,0.34947467,0.1728526,0.90812767,1.0222524,0.1229135,1.026008,0.9990734,0.8443698,0.32206064,0.33707675,0.120874725,0.12292106,0.8640402,1.0851623,0.84795433,0.3972921,0.9510592,0.8760648,1.0405728,1.0093431,0.9937986,0.5308485,0.6216108,0.6116831,0.8179211,0.5816596,0.9250532,1.1651543,1.1021783,1.5911281,1.0554315,0.43312263,0.04578044,0.06332915,0.07710403,0.06423172,0.057236128,0.73000133,1.6912539,1.7424997,1.1123556,0.88819724,1.6782944,0.93209,0.1229135,0.20397535,0.23914298,0.9990734,0.5449704,0.9660016,0.6280733,0.5774852,0.5523183,0.18599756,0.32376102,0.32481107,0.3474755,0.8990113,0.57330585
NOVN,0.18080807,0.4076504,0.6468623,0.856086,0.32617316,0.2723134,0.104067534,0.09292708,0.09498344,0.7877111,0.10072201,0.88682264,0.92621887,0.91313803,0.1688678,0.10092245,0.14144076,0.12096953,0.55804825,0.8697518,0.44960877,0.38593268,0.65259117,0.5633984,0.5875854,0.5728142,0.4630155,0.41801292,0.41646785,0.64593697,0.7549472,0.6800551,0.5610446,0.7712026,0.80087817,0.6904919,0.83141893,0.43312263,0.04578044,0.06332915,0.07710403,0.06423172,0.057236128,0.73000133,1.1004674,1.1338629,0.7524134,0.5534832,1.0525477,0.7760911,0.10072201,0.15078245,0.14044094,0.92621887,0.32429644,0.9478587,0.48345113,0.19758147,0.6184727,0.205401,0.3140071,0.5240242,0.7122767,0.5483906,0.44840205
NOVOB,0.28195572,0.8021432,0.6805642,0.98111784,0.11167365,0.11372244,0.11547949,0.11037819,0.10002142,0.96487135,0.42783546,1.1881423,1.1470647,1.2887503,0.18255639,0.11318957,0.18170796,0.33939704,1.1336744,1.3091455,0.8749263,0.69024134,1.0690637,1.1264335,1.5870813,0.7024308,1.2701601,0.69900614,0.70417064,0.58976203,0.8439469,0.9984423,1.0506195,0.7664219,0.7732734,0.74210685,1.031766,0.43312263,0.04578044,0.06332915,0.07710403,0.06423172,0.057236128,0.73000133,1.0994011,1.1317511,1.2769471,1.0186641,1.0134193,1.068685,0.42783546,0.15036349,0.1724257,1.1470647,0.50456,1.3109735,0.6962992,0.3502185,0.7363504,0.28904864,0.46229511,2.7014327,2.6804707,1.8445452,1.73381
NOW,1.0333561,0.6471609,0.48365682,0.37038982,0.18428998,0.25109047,1.0061238,0.81106156,0.8466717,0.41552117,0.26320487,0.6777007,0.71522063,0.83671093,0.99925166,0.98485535,0.90324986,0.05028114,0.8376793,0.8048033,0.8254721,0.5971242,1.0418391,0.9174465,0.889464,0.82923543,1.0297967,0.84060866,0.6030297,0.20255205,0.4051602,0.8469867,0.7973584,0.7628531,0.7301943,0.6971684,0.87766576,0.43312263,0.04578044,0.06332915,0.07710403,0.06423172,0.057236128,0.73000133,1.2046082,1.2453201,1.09205,1.1678594,1.2155714,0.9705454,0.26320487,0.9784278,0.89167786,0.71522063,0.5606866,0.7657865,0.9492605,0.9689219,0.50788486,0.94932663,0.5943064,0.8964499,0.7549751,0.6289872,0.59654486
NRG,1.060126,1.0822577,1.5260128,0.7369352,1.969636,1.1883155,1.439435,1.3467015,1.1796256,0.93152946,0.43984476,1.0818304,1.2392341,1.0163018,1.2028866,1.4350244,0.77867305,0.21894489,1.3714901,1.1491816,1.0739925,1.0657728,1.4375335,1.3730378,1.3033344,1.0356284,1.142451,0.916317,1.098298,1.0588412,1.3531756,0.9157081,1.3378686,0.8134438,0.6815463,1.0991986,0.7470289,0.43312263,0.04578044,0.06332915,0.07710403,0.06423172,0.057236128,0.73000133,1.1863372,1.2692512,1.4929663,1.6464108,1.2107143,1.1027588,0.43984476,1.5692139,1.4116486,1.2392341,1.3557763,1.0190654,1.421439,1.1385009,1.4876655,1.2032268,1.3637146,1.086216,1.0207577,1.0703224,1.1375595
NVDA,1.0371114,1.8773761,1.7235005,0.7523594,0.2376621,0.2661196,0.25594062,0.4405011,0.5461607,0.7397548,0.2779252,0.8639164,0.924725,0.96496946,0.5302046,0.24275793,0.082031004,0.14229946,1.6907113,1.1149052,1.0184295,0.903257,1.4086415,1.7445436,1.1085693,1.1956764,0.9503652,0.971906,1.0072831,0.79383177,0.55492014,1.0452452,1.8131368,0.9202904,0.95568144,0.810758,1.1936201,0.43312263,0.04578044,0.06332915,0.07710403,0.06423172,0.057236128,0.73000133,1.7147533,1.7056403,2.1715536,2.0609827,1.6796539,1.0724341,0.2779252,0.20922153,0.28240106,0.924725,0.70498854,0.95631653,1.0226018,0.7809679,1.7459574,0.26641053,0.44571826,0.79310375,0.9770271,1.1224027,1.22889
NXPI,0.21933003,0.9075884,0.90109414,1.013234,0.16338724,0.17591107,0.8910774,0.51521164,0.79499096,0.9829149,0.7214573,0.87155855,0.8690948,0.6315913,0.30828696,0.87315226,0.13351499,0.12884793,0.7738841,0.6471213,1.0513805,0.88098276,0.8888075,0.73713124,0.7659496,1.1246542,0.9874627,0.9595105,0.9507747,0.8738107,1.1452503,0.4879634,0.87021464,1.1254619,1.1336865,1.0389817,1.1863297,0.43312263,0.04578044,0.06332915,0.07710403,0.06423172,0.057236128,0.73000133,1.5881941,1.6550087,0.90882766,1.0178567,1.6251185,0.9523505,0.7214573,0.44290555,0.41613582,0.8690948,0.8548437,0.6642497,0.5882281,0.3127221,0.96291894,0.53992665,0.6578026,0.28730568,0.42687455,0.8851706,0.47681698
ON,0.50674146,0.88653046,0.8905468,0.8548882,0.3962667,0.56401336,0.7432648,0.36097863,0.62821054,0.97061235,0.07123169,0.9930667,0.86656886,0.72431356,0.3905758,0.7222834,0.3134069,0.33173656,1.1397264,0.8596201,0.77295965,0.5346518,1.318243,1.194185,1.135975,0.7594139,1.0219448,0.69287467,0.7076829,0.59096855,0.71929145,0.6931971,1.211773,1.2644775,1.3330739,0.9688118,1.3350892,0.43312263,0.04578044,0.06332915,0.07710403,0.06423172,0.057236128,0.73000133,1.65172,1.7330436,1.3797568,1.6232991,1.7312533,1.134135,0.07123169,0.23682177,0.23102209,0.86656886,0.63466233,0.7028015,0.8550473,0.6784628,0.98774195,0.41502514,0.55450624,0.4359089,0.54822826,0.93489957,0.67472637
OR,0.16609336,0.37394103,0.38110974,0.46473518,0.08662951,0.07958717,0.07736108,0.09237961,0.075894006,0.65052235,0.07330586,0.86876434,0.9234847,0.7933594,0.11702064,0.07728706,0.082104385,0.073471665,0.437521,0.6625597,0.41988707,0.3056273,0.60667235,0.50733954,0.5457047,0.45589384,0.40789944,0.45040262,0.31896695,0.42116982,0.7231592,0.38144764,0.46957818,0.7620111,0.7584647,0.76154834,0.932223,0.43312263,0.04578044,0.06332915,0.07710403,0.06423172,0.057236128,0.73000133,1.0720912,1.0344608,0.6104543,0.35322186,1.0927778,0.728781,0.07330586,0.10690123,0.12036928,0.9234847,0.25898853,0.90271,0.40068087,0.18734792,0.39958405,0.24378565,0.23716386,1.646872,1.3587965,1.7199382,1.7696184
ORCL,0.15195297,0.38886127,0.41458717,1.1254953,0.16701308,0.16631883,0.44268924,0.27360076,0.6017432,0.6703726,1.2348673,0.9701076,1.2049422,0.72214276,0.22586027,0.4351385,1.0508732,1.287477,0.5108357,0.6433587,0.966273,0.7343874,0.8951098,0.7017087,0.819181,1.1647855,0.90877694,0.5535156,0.842206,0.91831917,0.71049494,0.8737314,0.7627563,1.0463947,1.0338073,1.2846482,0.69739157,0.43312263,0.04578044,0.06332915,0.07710403,0.06423172,0.057236128,0.73000133,1.4395348,1.541978,0.6251881,0.94181174,1.4179647,0.9241827,1.2348673,0.96855164,0.8533387,1.2049422,1.2034763,0.8675344,0.68951494,0.19298065,0.40733358,1.1466485,0.7309983,1.218558,1.0501926,0.74878955,0.60908586
ORLY,0.16730395,0.23903167,0.28696012,0.62438303,0.09799055,0.10982913,0.07136505,0.085932925,0.07149829,0.59869945,2.4604087,0.71251214,0.919763,0.9709047,0.14453684,0.072384186,0.076698,0.06098293,0.9277298,1.1274067,0.6893558,0.6359812,0.82994616,0.9202175,0.9863258,0.6819557,0.9527284,0.51831967,0.67737234,0.41567573,0.6646226,0.4564757,0.88603354,1.0300847,1.0506171,0.95677817,0.7843729,0.43312263,0.04578044,0.06332915,0.07710403,0.06423172,0.057236128,0.73000133,1.4687423,1.4427817,1.071117,0.6613386,1.5103021,0.8964746,2.4604087,1.4512845,1.1353116,0.919763,1.1473192,1.0756767,0.5722884,0.19518183,0.29098418,1.5674374,1.1669098,0.15790708,0.19118793,0.4893654,0.2491539
PANW,0.4819747,0.7055159,0.70435196,0.5298723,0.1271366,0.15117675,0.79026204,0.95303154,1.4948165,0.8636228,0.54796356,0.97489107,0.9795492,1.0466242,0.36713672,0.71715635,0.6979189,0.17654026,1.0963268,0.98167354,1.1294029,0.81400657,1.273592,1.1047366,1.051532,1.099047,1.3174584,0.86438215,0.9121411,0.39540347,0.9066714,0.5722031,1.0716915,1.194839,1.1770889,1.3550303,1.2366194,0.43312263,0.04578044,0.06332915,0.07710403,0.06423172,0.057236128,0.73000133,1.7153535,1.7848114,1.3248576,1.2932441,1.7129692,1.0345229,0.54796356,0.943414,0.76161575,0.9795492,0.8648648,1.0508742,0.80195904,0.45058686,0.67322046,0.7896611,0.5719722,0.61420786,0.71012014,0.8250071,0.38160625
PEP,0.17405461,0.29056743,0.28233287,1.0134758,0.113305494,0.14783867,0.4613044,0.20950742,0.6374952,0.9385826,0.15234694,0.837911,0.97586584,1.0351392,0.13963625,0.45148715,0.18728547,0.06430505,0.5939549,0.9218272,0.30464992,0.3050859,0.62633264,0.5773677,0.58243686,0.3365848,0.3265031,0.3505443,0.30310133,0.7004064,0.7896807,0.43255997,0.49669525,0.8076413,0.7505754,0.9495106,0.8857079,0.43312263,0.04578044,0.06332915,0.07710403,0.06423172,0.057236128,0.73000133,1.0863636,1.0977057,0.8074119,0.5514862,1.0916346,0.7711284,0.15234694,0.17110434,0.1938648,0.97586584,0.33773717,1.1577005,0.41052648,0.1761139,0.2831897,0.17423646,0.28510305,0.2596257,0.20311753,0.56935114,0.30665863
PFE,0.2975883,0.9627657,1.069589,0.8711032,0.3020144,0.34280804,0.5503859,0.42048338,0.48296562,0.945901,0.066184856,1.1475723,0.92153823,0.9482789,0.20472318,0.5337592,0.09424548,0.09226,0.84869254,1.1782763,0.50699925,0.35786086,0.79195005,0.8049756,1.1170657,0.45603305,0.45152926,0.47886324,0.46034887,0.5743877,0.7259474,0.75588477,0.7175392,0.9266252,0.85946405,1.0140598,0.93798476,0.43312263,0.04578044,0.06332915,0.07710403,0.06423172,0.057236128,0.73000133,1.3499203,1.3189739,1.1464053,0.63884807,1.2111125,0.8817046,0.066184856,0.22567606,0.20833054,0.92153823,0.32060933,1.0439721,0.50888705,0.28662628,1.1262217,0.31315652,0.32727593,0.7016418,0.5133996,0.7450914,0.8090315
PG,0.17894265,0.2974086,0.34003708,0.7895023,0.18031329,0.2035262,0.44700372,0.14328434,0.37531182,0.7323794,0.093341686,0.94675684,0.80838835,0.8520348,0.14607292,0.43142584,0.08316775,0.05864439,0.62953824,0.9482383,0.3002327,0.282795,0.66475755,0.6647776,0.57318914,0.39196327,0.364259,0.307993,0.31783774,0.45669606,0.63967115,0.37737373,0.6266777,0.85682285,0.88317937,0.73777014,0.7542545,0.43312263,0.04578044,0.06332915,0.07710403,0.06423172,0.057236128,0.73000133,1.2710546,1.2308908,0.83970773,0.6181765,1.2652287,0.8259752,0.093341686,0.093304,0.11734026,0.80838835,0.29428282,0.8494694,0.44170955,0.19531494,0.3410281,0.15913163,0.26205269,0.23181571,0.22918485,0.7123051,0.43969563
PGR,0.34212223,0.43930197,0.4164745,0.81130385,0.07980106,0.07242434,0.6013556,0.34412274,0.5222552,0.7920943,0.09110909,1.190852,0.98083484,0.40816003,0.3005791,0.06900993,0.7305011,0.193084,0.6631325,0.99464625,0.49584556,0.37835693,0.7937828,0.7066629,0.6508061,0.46994504,0.69080347,0.5547851,0.46635157,1.0132672,0.9701397,0.59050924,0.750806,1.1235561,1.1116912,1.2195469,0.92259204,0.43312263,0.04578044,0.06332915,0.07710403,0.06423172,0.057236128,0.73000133,1.5567032,1.5510311,0.87428606,0.56382966,1.521867,0.89879876,0.09110909,0.16239487,0.1681601,0.98083484,0.36258653,1.2904114,0.54157764,0.40216175,0.43287125,0.32821792,0.43140608,0.32011738,0.49686375,0.6416307,0.4119504
PH,0.15250036,0.43209112,0.5242165,0.7846612,0.3549816,0.39483443,0.08320335,0.08925535,0.078691825,0.82492703,0.06213227,0.84792304,0.66377014,0.7267002,0.1302752,0.08331102,0.090775125,0.15137786,0.5035718,0.6909957,0.45668432,0.3801149,0.6673811,0.54053015,0.59602684,0.4970796,0.45323595,0.42970094,0.3266482,0.7408334,1.121813,0.3346384,0.6988954,1.0490141,1.0432801,1.0138445,1.0968046,0.43312263,0.04578044,0.06332915,0.07710403,0.06423172,0.057236128,0.73000133,1.4719517,1.5393633,0.60541946,0.317804,1.4597683,0.7610871,0.06213227,0.106134415,0.09281306,0.66377014,0.3589181,0.84501094,0.49086204,0.2257895,0.5447671,0.19322775,0.27210662,0.47128496,0.6214878,0.8429803,0.50893253
PLD,0.55878884,0.7568035,1.0318108,0.70783556,0.293082,0.23399374,0.08214429,0.1371169,0.078100845,0.7011021,0.14075352,0.6857012,0.75863385,0.82687646,0.63058573,0.081438914,0.40077135,0.21274084,0.56487787,0.8226936,0.40354294,0.30801493,0.7085483,0.5957139,0.5986631,0.31915265,0.4454738,0.48506057,0.26808336,0.46540695,0.94145036,0.51168966,0.4946731,0.8315384,0.77552176,1.0076435,0.82893807,0.43312263,0.04578044,0.06332915,0.07710403,0.06423172,0.057236128,0.73000133,1.2933476,1.2986933,0.7092723,0.34641165,1.228668,0.85161567,0.14075352,0.37697527,0.28287917,0.75863385,0.60470235,0.84266424,1.0273345,0.9151356,0.9454166,0.13427332,0.1702491,0.31428418,0.6262819,0.5040472,0.33937123
PLTR,0.5122436,0.9483061,0.585502,0.47391346,0.1290145,0.07947083,0.72758156,0.79522663,0.60026205,0.5710116,0.12824462,0.56859255,0.75678545,0.53942627,0.2487216,0.726273,0.27565834,0.19710168,1.7223285,0.8408595,1.4218414,1.5317314,1.3052875,1.4838921,1.3690702,1.5928227,1.1359361,1.2163446,1.4192296,1.6109064,1.327791,1.2811737,1.4528927,0.8201357,0.8438991,0.6437533,0.8180134,0.43312263,0.04578044,0.06332915,0.07710403,0.06423172,0.057236128,0.73000133,1.1392779,1.1017734,1.6968167,2.0238574,1.1523013,0.7426932,0.12824462,0.6623916,0.46006688,0.75678545,0.66483986,0.5786358,1.1344041,0.53698266,0.6273448,1.0052551,0.8952619,1.2376063,0.5169642,0.9223426,1.1218274
PM,0.17137796,0.48092422,0.6288337,0.82522476,0.14979495,0.14647402,0.084950246,0.09366522,0.080356546,0.9487396,0.988986,0.95156705,0.09280789,1.0828831,0.13289325,0.08495947,0.118811466,0.11286307,0.7067091,0.9981481,0.52256113,0.4250695,0.8419522,0.7611729,0.807815,0.5605921,0.8295255,0.4211923,0.535527,0.47922778,0.8176457,0.79270744,0.70195764,0.96312296,0.9166247,1.1351886,0.86523557,0.43312263,0.04578044,0.06332915,0.07710403,0.06423172,0.057236128,0.73000133,1.3372937,1.2973446,0.89914834,0.6963815,1.3298936,0.946996,0.988986,0.29874822,0.26112577,0.09280789,0.05033292,0.9825201,0.59184355,0.23038954,0.65499604,0.02745193,0.23620188,0.20111316,0.2709923,0.6362515,0.4516715
PUB,0.17457917,0.51448953,0.5630661,0.6764794,0.22162944,0.3315912,0.21303444,0.15673913,0.18288071,1.0453829,0.061039764,0.99821216,0.91708136,0.9771387,0.13570571,0.21830177,0.1717104,0.13941287,0.87935865,1.0658945,0.59736264,0.32651222,0.8008462,0.8702401,0.9537823,0.4717707,1.0087758,0.65061986,0.52796984,0.603382,0.92907095,0.5895024,0.7391992,0.891574,0.91159546,0.80991757,0.99771345,0.43312263,0.04578044,0.06332915,0.07710403,0.06423172,0.057236128,0.73000133,1.2419316,1.2651759,1.12318,0.6099324,1.3273555,0.97400534,0.061039764,0.08968594,0.096796334,0.91708136,0.39883563,1.1017098,0.5984202,0.22053897,0.5705118,0.15630293,0.12546036,0.22451983,0.22121203,0.6189161,0.39197272
PWR,0.15990093,0.4604966,0.6296807,0.8491903,0.3625952,0.4379058,0.6433204,0.67943406,0.54888403,0.77514315,0.10870349,0.78345734,0.9642096,1.0132489,0.15213768,0.62477523,0.17412935,0.13726814,0.9294339,1.0182534,0.7285882,0.5434204,1.0141245,0.9312134,0.87494165,0.63871336,1.0757121,0.59612507,0.7045149,0.43716332,0.8860276,0.47373313,0.8802044,0.94839615,0.9329037,0.90628994,1.084136,0.43312263,0.04578044,0.06332915,0.07710403,0.06423172,0.057236128,0.73000133,1.3311406,1.352239,1.1037787,0.84506637,1.2232718,0.9219597,0.10870349,0.12903863,0.13402173,0.9642096,0.45435098,1.078617,0.7132107,0.2540333,0.6262481,0.38729876,0.45668462,0.40640622,0.5263088,0.8261867,0.49368885
PYPL,0.24147066,0.50667834,0.43107817,0.72725546,0.39800674,0.3465011,0.10336342,0.099522375,0.094708376,0.9349415,0.08671704,0.8083272,0.92127806,0.8379088,0.18959697,0.10190329,0.25584778,0.1380154,1.3087573,1.1554472,0.635658,0.46598962,0.9662737,1.1621113,1.3316287,0.63804793,1.0562308,0.63095623,0.55896884,0.943623,0.624228,0.8046082,1.1208824,1.0704376,1.0923991,0.94578046,0.91462964,0.43312263,0.04578044,0.06332915,0.07710403,0.06423172,0.057236128,0.73000133,1.4776785,1.5084407,1.4253942,0.88511634,1.4448746,0.9091146,0.08671704,0.1256865,0.13205855,0.92127806,0.46059558,0.9309283,0.6299038,0.2884451,0.45216396,0.770952,0.8909694,1.525671,1.2714384,0.8925659,0.6021579
QCOM,0.32875815,0.72744817,0.8326474,0.9233125,0.24896167,0.21787322,0.78294665,0.7486349,0.74480766,1.0000899,0.36698347,1.1399795,1.1191605,0.77639866,0.31788722,0.7807112,0.1712444,0.100862734,0.83185613,0.80942196,0.86416715,0.5591675,1.1146998,0.93276316,0.91322434,1.0489388,0.9753087,0.5732493,0.8632901,0.5017632,0.7981425,0.62223667,1.1140003,1.1389961,1.1573501,1.0114623,1.1553915,0.43312263,0.04578044,0.06332915,0.07710403,0.06423172,0.057236128,0.73000133,1.5452938,1.614535,1.0413677,1.1281267,1.5908643,1.0626702,0.36698347,0.5892998,0.8402539,1.1191605,1.054119,0.92124456,0.7264407,0.45812297,0.8224475,0.5873344,0.46924615,0.44914976,0.3986421,0.9375266,0.67912656
RACE,0.13652259,0.30991885,0.29202348,0.47217977,0.1798412,0.104452886,0.20056692,0.16196518,0.17152977,0.8976045,1.0196502,0.6184736,0.8122105,0.6599383,0.1240219,0.19793044,0.18037863,0.45626128,0.78274417,0.9330095,0.5612631,0.41178212,0.77506196,0.8122794,0.6167177,0.56373286,0.8627719,0.5564718,0.48086515,0.6175417,1.072569,0.51839715,0.7982376,0.8246021,0.7514806,0.9705712,1.0607157,0.43312263,0.04578044,0.06332915,0.07710403,0.06423172,0.057236128,0.73000133,1.0882456,1.1566358,0.8849624,0.5738531,1.0136222,0.8463329,1.0196502,0.23148808,0.2944031,0.8122105,0.35086668,0.7052068,0.524437,0.17008114,0.30519587,0.11723498,0.25093824,0.15224105,0.23891208,0.79483515,0.24824959
RBLX,0.9362439,0.59548354,1.1735548,0.5358467,0.107657626,0.09505544,0.10779056,0.23659092,0.098599754,0.47167546,1.635797,0.68824804,0.49884266,0.60519946,1.0295633,0.10529835,0.6972955,0.19228895,0.840767,0.6426969,1.4791112,1.5940156,1.2655606,1.023935,1.2979586,1.4028004,1.5926518,0.90492433,1.587699,0.5354273,0.75588787,1.0762823,1.2861445,0.6146565,0.5609861,0.74648696,0.8557699,0.43312263,0.04578044,0.06332915,0.07710403,0.06423172,0.057236128,0.73000133,0.87139887,0.8568586,0.90837336,1.9796712,0.85347027,0.7096085,1.635797,0.8269337,0.6334188,0.49884266,1.3593928,0.47486216,1.1652402,1.0246571,1.0822834,1.6705213,1.2882988,0.99617475,1.3046479,0.93867904,0.70636636
RDDT,1.3089747,1.1315278,0.90460557,0.17236276,0.100011654,0.10703632,1.0103086,1.0203388,0.84121424,0.22066693,0.12136171,0.24388412,0.19877617,0.19021136,1.2995099,1.0088484,0.7050293,0.15532167,0.70876795,0.2558224,1.0645015,1.1200105,0.94418865,0.77491987,0.69769865,1.0305701,0.5901405,0.6493742,1.1297055,0.38649037,0.79281807,0.73359793,0.90784717,0.40963057,0.42005515,0.23558405,0.6493514,0.43312263,0.04578044,0.06332915,0.07710403,0.06423172,0.057236128,0.73000133,0.5980616,0.6278008,0.6810505,1.3524154,0.5981,0.64587206,0.12136171,0.4091186,0.6745926,0.19877617,0.7481965,0.3807841,1.0823606,1.3816174,0.95067793,0.6097497,0.7556217,0.9120599,0.20555396,0.85410124,0.8268996
REGN,0.27661428,0.66240066,0.7990946,0.86360633,0.2015085,0.15977432,0.37790072,0.14793763,0.32536983,0.716296,0.23608845,1.0500917,0.87613505,1.0923235,0.24782129,0.36342072,0.368212,0.11441849,1.1714557,1.3284059,0.8813049,0.67778194,1.2059838,1.3391145,1.6201864,0.853276,0.83484036,0.7494553,0.7231824,0.5398512,0.6351098,0.8984354,1.0329441,0.7987334,0.7502401,0.88609666,0.85222447,0.43312263,0.04578044,0.06332915,0.07710403,0.06423172,0.057236128,0.73000133,1.1042899,1.0973101,1.3495477,1.1772068,1.05026,1.2823144,0.23608845,0.15426604,0.15229414,0.87613505,0.7549183,1.1621572,0.9002155,0.40199304,0.8020608,0.50897646,0.454084,0.46419206,0.47770262,0.5906503,0.4601751
REL,0.16410895,0.4051247,0.45665702,0.7979196,1.5332437,1.096113,0.07357905,0.07869676,0.071875356,0.71244395,0.317066,0.87238693,0.8274314,0.7689189,0.112643346,0.105437875,0.17272218,0.055616647,0.4382811,0.7813665,0.41804856,0.3118924,0.56829065,0.4816418,0.6372701,0.35965812,0.59336656,0.40356487,0.35719246,0.58059734,0.80937177,0.6109126,0.5224719,0.63118297,0.63576645,0.66419905,0.9665796,0.43312263,0.04578044,0.06332915,0.07710403,0.06423172,0.057236128,0.73000133,0.92604315,0.96185493,0.5842042,0.4386415,0.92150146,0.6826938,0.317066,0.21610795,0.19684121,0.8274314,0.6166776,0.8279957,0.4602931,0.2004163,0.46761423,0.11752275,0.24663988,0.14040792,0.14424965,0.81248975,0.4209702
RHM,0.27348477,0.69745994,0.5965743,0.61611205,0.23566385,0.1950722,0.88933516,1.0021707,0.7553409,0.66507584,0.12368569,0.99597794,0.9802214,1.1819705,0.15841044,0.9043115,0.20813523,0.123607665,1.5449347,1.3414431,0.74972725,0.5046673,1.3851699,1.6489016,1.2882032,0.8315477,0.6226023,0.7747108,0.84038734,0.6476241,1.0829026,0.81627357,1.4584656,0.6305295,0.60206056,0.7130608,0.93024105,0.43312263,0.04578044,0.06332915,0.07710403,0.06423172,0.057236128,0.73000133,1.0203317,1.0156331,1.7743194,1.3869715,1.0101739,1.3280948,0.12368569,0.12170249,0.10045881,0.9802214,0.7102171,1.0878731,1.1007502,0.34276944,0.6460116,0.31720588,0.3765535,1.7654297,1.1269139,1.5082717,1.6542426
RIO,0.56296086,0.6556705,0.9297965,0.9431752,1.3266433,1.067135,0.2892505,0.3471175,0.25752655,0.7249248,0.10321348,0.9602689,0.7670145,1.0552435,0.47515154,0.2840563,0.19523543,0.36288345,0.7123506,0.78110385,0.67210984,0.62499946,0.9494778,0.79252654,0.8494364,0.4701235,0.51590705,0.7314503,0.59001696,0.767795,0.9870072,1.6630299,0.82957613,0.7549006,0.69370013,0.9926782,0.7910875,0.43312263,0.04578044,0.06332915,0.07710403,0.06423172,0.057236128,0.73000133,1.0798078,1.0771973,0.8741677,0.70296204,1.1104697,0.9564337,0.10321348,0.23682311,0.32999817,0.7670145,0.37588316,1.0919685,0.72875935,0.56152374,0.9333004,0.4122134,0.4216817,0.3657625,0.34883922,0.5274983,0.7103233
RMS,0.18463135,0.46938774,0.4561498,0.44780245,0.10651454,0.080584295,0.088559106,0.07921962,0.08375589,0.8418982,0.105016574,0.8115117,0.7875584,0.7099737,0.12992531,0.08839097,0.07490948,0.07242337,0.5738971,0.8106038,0.5816442,0.43886065,0.82419395,0.7037939,0.6095243,0.49354482,0.61022186,0.57263535,0.44348094,0.81740034,1.0149338,0.6141523,0.613855,0.8760917,0.8963622,0.81272584,0.9553827,0.43312263,0.04578044,0.06332915,0.07710403,0.06423172,0.057236128,0.73000133,1.205522,1.2168612,0.71244437,0.48785546,1.145013,0.8642057,0.105016574,0.10664778,0.11302795,0.7875584,0.3740929,0.80676377,0.53314614,0.2209907,0.47059596,0.22371703,0.24431935,0.7354164,0.92907757,0.9988904,0.75062674
ROP,0.18930982,0.3726295,0.35686877,0.9944312,0.26776445,0.14458181,0.22006729,0.13433608,0.18884087,0.80334103,0.3134291,0.90292174,1.01662,1.0177865,0.14137444,0.21926303,0.073505975,0.052070644,0.62478423,1.0114678,0.44651288,0.38311544,0.7099356,0.6659954,0.69575095,0.54350275,0.48669866,0.4475989,0.38970634,0.92603934,0.8142996,0.6542673,0.5998827,0.73970324,0.7615053,0.7239241,0.77180815,0.43312263,0.04578044,0.06332915,0.07710403,0.06423172,0.057236128,0.73000133,1.1204588,1.1643386,0.89471585,0.5635645,1.0802932,0.8330753,0.3134291,0.11723389,0.1212311,1.01662,0.34170187,1.0299479,0.5607543,0.3337872,0.37445912,0.2689173,0.1870764,0.43967855,0.48254257,0.6220033,0.43303293
RR/,1.3756554,0.612033,0.585891,0.8901723,1.5216843,1.4198345,0.7817277,1.0410956,0.64439255,0.84648484,0.75259346,0.99657106,1.0234288,0.9354795,1.378983,0.78243047,1.4246367,0.14640404,1.651647,1.4297931,1.1983849,1.1178952,1.4073468,1.5694193,1.5301368,1.3524323,1.2018436,0.85262084,1.21022,1.3054413,1.1441835,0.7070934,1.5979458,0.7511567,0.74785656,0.79649925,0.6720208,0.43312263,0.04578044,0.06332915,0.07710403,0.06423172,0.057236128,0.73000133,1.065657,1.0938675,1.7875291,1.7030175,1.0931841,1.1206949,0.75259346,1.5505652,1.7008789,1.0234288,1.148449,0.8632529,1.2855383,1.5218626,0.61020637,1.456659,0.8731631,0.40789485,0.90577406,0.48489055,0.54609025
RTX,0.18944837,0.4830049,0.4949877,0.9588562,0.6328351,0.45212573,0.50658894,0.722244,0.44334534,0.7031943,0.06982341,0.680141,0.8851084,0.8157063,0.20378305,0.4977686,0.14414252,0.108438745,0.54194933,0.8466413,0.48833126,0.4456661,0.6776032,0.610867,0.7861428,0.43112215,0.6188499,0.5764785,0.4308973,0.83442694,1.0701982,0.4253893,0.6011476,0.7848614,0.7191962,0.8787987,0.74953437,0.43312263,0.04578044,0.06332915,0.07710403,0.06423172,0.057236128,0.73000133,1.1265905,1.0768433,0.71883947,0.46114483,1.0604868,0.84311664,0.06982341,0.12044547,0.12988962,0.8851084,0.38488463,0.87536377,0.4550775,0.20044369,0.5032897,0.6584282,0.85805666,0.36990258,0.3040279,0.6377937,0.4066727
SAF,0.24666142,0.7350638,0.67310697,0.79456425,1.5640422,1.5664039,0.29776382,0.47937888,0.26460296,0.8579414,0.08523099,0.9465411,0.91703445,0.681277,0.15168951,0.30800682,0.16155688,0.09506631,0.6059031,0.8398361,0.6124897,0.6249703,0.75713664,0.700411,0.7665643,0.5660227,0.6968633,0.58947724,0.66536915,0.73648113,0.88581836,0.41021904,0.6166707,0.72698665,0.7495921,0.6994405,0.8103759,0.43312263,0.04578044,0.06332915,0.07710403,0.06423172,0.057236128,0.73000133,1.0222698,0.9914507,0.73822534,0.59623367,1.0040463,0.91528744,0.08523099,0.20827077,0.17517237,0.91703445,0.35336742,0.7054031,0.40442395,0.2328157,0.6942973,0.2570373,0.48589018,0.2761551,0.3544562,0.59972394,0.6607476
SAN,0.19235316,0.3722429,0.45327038,0.9874914,0.15898257,0.1416168,0.96617866,0.6765733,0.80470264,0.83992493,0.070681594,0.7734931,0.7931679,0.7883452,0.13416857,0.8867501,0.10033062,0.054289468,0.51917267,0.7304428,0.5735357,0.47368416,0.79080725,0.6807781,0.73446524,0.42236,0.9796308,0.5937187,0.5224527,0.5044192,0.75795037,0.62577766,0.5789992,0.791082,0.809547,0.73423487,0.7487898,0.43312263,0.04578044,0.06332915,0.07710403,0.06423172,0.057236128,0.73000133,1.086247,1.0599822,0.8380335,0.64798206,1.0542132,0.8743084,0.070681594,0.116300754,0.11482471,0.7931679,0.3698999,0.8359489,0.5166683,0.23306577,0.44120345,0.10725362,0.11132113,0.47924134,0.56648356,0.49976933,0.3916389
SAP,0.18493535,0.40345743,0.43621814,1.057443,0.11841784,0.10762693,0.72451407,0.6581666,0.5958995,0.97811425,0.07607605,0.9390999,0.84735507,0.73883516,0.15655003,0.7221107,0.17963961,0.11989842,0.6669622,0.97098094,0.5101967,0.36098912,0.7399105,0.7112578,0.84325635,0.64844793,0.91548014,0.5040953,0.44507945,0.30741608,0.6395157,0.5605298,0.642079,0.7903475,0.76573086,0.8392474,0.96369725,0.43312263,0.04578044,0.06332915,0.07710403,0.06423172,0.057236128,0.73000133,1.1859229,1.1699119,0.8155945,0.5897841,1.1350777,0.84262973,0.07607605,0.09840445,0.11063304,0.84735507,0.3332548,0.79566014,0.5598797,0.2614327,0.45931396,0.29492837,0.5326779,0.7211972,1.2524096,0.8539967,0.59585637
SBUX,0.31723297,0.35224968,0.4130991,0.9278709,0.8684362,0.27236375,0.20691527,0.16525002,0.24230444,1.0318662,0.6230949,0.97167236,0.9508448,0.90560955,0.28196892,0.20528273,0.12017115,0.07224378,0.879229,1.1622665,0.56618464,0.41656357,0.8313152,0.90338886,0.834084,0.86606216,0.8728353,0.44589216,0.55387866,0.9209132,0.65988433,0.48451692,0.921104,1.138878,1.1783923,0.96870476,0.75125927,0.43312263,0.04578044,0.06332915,0.07710403,0.06423172,0.057236128,0.73000133,1.5870155,1.6793082,1.0727872,0.7166096,1.5643842,0.99781424,0.6230949,0.89596057,0.8980573,0.9508448,0.46613863,1.0196643,0.63095784,0.39536044,0.42604166,1.5717663,1.032219,0.3316306,0.3860256,0.73531395,0.38248265
SCHW,0.26101753,0.94004786,1.0489594,0.8426225,0.08470415,0.07931953,0.08600014,0.10571676,0.08044876,0.77298236,0.085432984,0.9761545,0.86037654,0.90997696,0.20708907,0.08647559,0.2724756,0.096976556,0.75872016,0.8224911,0.7005916,0.49304333,1.007832,0.8890133,0.9743888,0.5382378,0.7209256,0.7863566,0.5972344,0.62916356,0.9686509,0.50110745,1.0163895,0.981079,0.9344128,1.1147165,0.9631151,0.43312263,0.04578044,0.06332915,0.07710403,0.06423172,0.057236128,0.73000133,1.2852371,1.3623322,0.9456812,0.75185764,1.2467211,1.0116906,0.085432984,0.18039268,0.19464238,0.86037654,0.43592322,0.7765608,0.5941599,0.38780135,1.0306705,0.465365,0.58243245,0.5766122,0.8305796,0.8503794,0.7477896
SHEL,0.5195502,0.8017921,1.0703228,0.85048467,2.3857796,2.1322944,1.1826134,1.1346055,0.9723355,0.7553412,0.10130959,1.0703663,0.91000855,1.0239408,0.37688908,1.1928352,0.6630029,0.08864091,0.8516767,0.99600226,0.6072886,0.5672609,0.8692211,0.7832532,1.0624744,0.543436,0.61081934,0.70286155,0.5508981,0.6263688,0.9166091,0.8260586,0.7239667,0.78799427,0.71210426,1.0422513,0.5350938,0.43312263,0.04578044,0.06332915,0.07710403,0.06423172,0.057236128,0.73000133,1.1422021,1.1623945,1.0711977,0.5233147,1.0956564,0.81181014,0.10130959,0.2887032,0.27621782,0.91000855,0.3633404,0.87603015,0.7252981,0.5957365,1.0395929,0.28670996,0.4066385,0.5201061,0.7286612,0.52674425,0.9636039
SHW,0.16195989,0.55731547,0.619502,0.784007,0.26377526,0.32140288,0.14997652,0.13952655,0.13366425,0.84539205,0.76012844,0.82838684,0.90979284,0.73398584,0.17404196,0.14725272,0.10808788,0.14737977,0.4543442,0.69942975,0.44264442,0.3018728,0.6805947,0.54502136,0.4958126,0.4520484,0.7228814,0.40233636,0.40349016,0.4239746,0.7136862,0.33726832,0.57574093,1.1742923,1.1242173,1.2829919,0.9134513,0.43312263,0.04578044,0.06332915,0.07710403,0.06423172,0.057236128,0.73000133,1.652744,1.6520989,0.5729151,0.43440062,1.651911,0.84180754,0.76012844,0.2965762,0.358532,0.90979284,0.63635856,0.68998176,0.41264844,0.21715204,0.6795201,0.121976964,0.12472844,0.35374373,0.31122717,0.68630123,0.41622403
SIE,0.1967984,0.5775301,0.63302153,0.8543132,0.33785546,0.2988606,0.13131607,0.16535933,0.1169007,0.86509037,0.06796394,0.97747827,0.8130533,0.7599859,0.18931606,0.12947404,0.16480011,0.10813566,0.6253062,0.8346605,0.41561976,0.25379297,0.7137508,0.67459863,0.6545348,0.38512805,0.4620954,0.48998392,0.27001116,0.5245542,0.7876022,0.5076254,0.46796575,0.7695612,0.70461255,0.9630117,0.8148786,0.43312263,0.04578044,0.06332915,0.07710403,0.06423172,0.057236128,0.73000133,1.1483799,1.2049776,0.81937975,0.33319274,1.1006781,0.861791,0.06796394,0.11826606,0.15655963,0.8130533,0.3832267,0.6859787,0.4645649,0.2604736,0.6597159,0.31400847,0.43923458,0.17238462,0.24189653,0.63568133,0.6377797
SLB,0.79095966,0.77470964,0.740428,0.9205607,1.1692865,0.905116,1.1494696,1.1012608,0.97324365,0.9034799,0.11664793,0.9927014,0.95231605,1.0278244,0.71873313,1.0970236,0.66196346,0.088134296,1.2718766,1.2180158,0.7672646,0.7218832,1.206947,1.1752257,1.3674664,0.60822445,0.7836096,0.8564239,0.725475,0.5130589,0.7011163,0.9251061,1.1084927,0.9760333,0.9889356,0.953452,0.88044673,0.43312263,0.04578044,0.06332915,0.07710403,0.06423172,0.057236128,0.73000133,1.5535853,1.5277562,1.5749161,1.1148646,1.5180413,1.0499214,0.11664793,0.6113536,0.6618412,0.95231605,0.5623869,1.0736848,1.0369159,0.7842006,0.77307415,0.6891674,1.0880657,0.7158152,0.59439784,0.7731317,0.9914337
SNDK,1.0334774,1.0426073,0.9368807,0.22424497,0.7953068,0.87655175,0.59530735,0.6414776,0.5648599,0.18643206,0.13146847,0.2151298,0.1638349,0.13577127,1.0290505,0.5781681,0.19948348,0.08204783,1.024387,0.55909806,1.145293,1.169814,1.0172344,1.1418451,0.2771017,0.95474845,0.8162638,1.0337565,1.0816416,0.34415308,0.8998954,0.63201183,1.2107522,0.37531802,0.37412652,0.31192684,0.43137088,0.43312263,0.04578044,0.06332915,0.07710403,0.06423172,0.057236128,0.73000133,0.47864923,0.54672897,0.9261776,1.3345454,0.47642013,0.09103568,0.13146847,0.5007066,0.99313176,0.1638349,0.81752354,0.16211976,0.76014173,1.2735425,1.0196068,0.29077542,0.44887382,0.28987172,0.43818158,0.32593244,0.25152028
SNOW,0.9457261,0.9862986,0.7021053,0.3556057,0.119455636,0.1309111,0.09324006,0.10172778,0.17897545,0.6760596,0.122988515,0.8968073,0.71939087,0.73978823,0.9262836,0.08973907,1.6007302,0.16646801,0.62091154,0.50600165,1.2238806,1.1698862,1.021586,0.86930895,1.3577168,1.3732632,1.106373,0.90698117,1.1773931,0.43092433,0.7975923,0.9040742,0.8407411,0.7168595,0.70712614,0.82096326,0.7936902,0.43312263,0.04578044,0.06332915,0.07710403,0.06423172,0.057236128,0.73000133,0.99658185,1.0533355,0.72126836,1.6633556,1.0124818,0.8593931,0.122988515,1.2628582,1.3665904,0.71939087,0.83925176,0.77821803,0.85923225,0.9199653,0.7351586,1.2831745,1.1594712,1.1350403,0.75312865,0.9222311,0.9132382
SNPS,0.2181909,0.38284844,0.5056518,1.0181577,0.12712479,0.11394593,0.2125754,0.2082404,0.5816599,0.86135024,0.09316275,0.9276129,1.0682261,0.9754448,0.35785088,0.19850428,0.8900741,0.13418415,0.5563369,0.7567942,0.73296654,0.6867057,0.7556398,0.6211288,0.7004132,0.5905452,0.91672426,0.57665974,0.7621932,0.39081967,1.0468515,0.6597172,0.6391169,0.98522395,0.9206844,1.3115342,0.87594587,0.43312263,0.04578044,0.06332915,0.07710403,0.06423172,0.057236128,0.73000133,1.5068711,1.4722863,0.75086373,0.45262983,1.4575645,0.78050864,0.09316275,0.26360762,0.24138919,1.0682261,0.46134704,0.8769579,0.48027343,0.2831072,0.44782513,0.21318586,0.3210173,0.4178125,0.4276834,0.46705002,0.28293902
SO,0.1688076,0.41409677,0.4593436,1.0659943,0.4806612,0.33377492,0.8353711,0.79073745,0.6969181,0.8656677,0.07384495,0.8036952,0.80862254,0.8558196,0.17055458,0.83011,0.99344224,1.0500377,0.64595175,1.0120084,0.3527737,0.34659454,0.7639651,0.6747311,0.6436613,0.35098964,0.3311047,0.50033164,0.3106466,0.7496415,1.0810692,0.60963714,0.5913823,0.5759849,0.55540687,0.62295234,0.5555978,0.43312263,0.04578044,0.06332915,0.07710403,0.06423172,0.057236128,0.73000133,0.8022304,0.7942128,0.84310347,0.631021,0.7661758,0.87486964,0.07384495,0.09284619,0.09602773,0.80862254,0.29760924,0.78243524,0.47801164,0.18102966,0.4578535,0.22639327,0.28754452,0.23245294,0.19115368,0.4327831,0.40244108
SPGI,0.14616959,0.5584184,0.6503543,0.54641575,0.9091584,0.7039417,0.37765405,0.28887352,0.3143886,0.7707663,1.7011544,0.8315421,1.0482832,0.7420366,0.1857533,0.41009462,0.12390919,0.1655752,0.49385646,0.719045,0.39324248,0.28176808,0.60432154,0.55794376,0.47914428,0.43516093,0.48289216,0.4326533,0.32205293,0.42825988,0.6637166,0.40611064,0.5340176,1.0088694,1.0117855,0.8904449,1.0130247,0.43312263,0.04578044,0.06332915,0.07710403,0.06423172,0.057236128,0.73000133,1.4888909,1.4815625,0.6002699,0.35270077,1.5061945,0.82547116,1.7011544,0.81972176,0.81474847,1.0482832,1.5175937,0.74446374,0.40227306,0.18700112,0.7601896,0.32517523,0.8756552,0.6463501,1.0196035,0.72554874,0.31706646
SPOT,1.8965265,0.52566075,0.39784545,0.54685426,0.3013422,0.31064987,1.2563654,1.4325643,1.02996,0.8851273,0.19150321,0.6430502,0.61017203,0.4771396,1.9406848,1.220512,1.4562126,0.22633094,1.2494259,1.0372329,0.87580085,0.77087945,1.0617085,1.2101799,1.213511,0.91219777,0.9167204,0.7177995,0.8462135,0.5366438,0.6322099,0.69683075,1.0571495,0.95547724,0.89482564,1.0233258,0.7661691,0.43312263,0.04578044,0.06332915,0.07710403,0.06423172,0.057236128,0.73000133,1.4017919,1.3590275,1.3903022,1.4309739,1.2915792,0.94301254,0.19150321,1.3974733,1.183121,0.61017203,0.41066977,0.9053341,1.5329628,2.1060205,0.42340466,1.3582401,1.1152617,0.7687564,1.1726075,0.80958325,0.51666075
STX,0.8480589,0.9078169,1.0870245,0.9419417,0.70818406,0.7884009,0.49070966,0.45337856,0.47104675,1.0534625,1.4436896,1.0695795,0.967338,1.0393465,0.77036506,0.4844607,0.17433932,0.08895183,1.297194,1.0611154,0.97991997,0.8664942,1.4135882,1.4877975,1.2766391,1.2053168,1.2628319,0.8064101,0.9717689,0.7901178,0.9638465,0.6523837,1.5687168,1.2296388,1.2424141,1.1313967,1.2774781,0.43312263,0.04578044,0.06332915,0.07710403,0.06423172,0.057236128,0.73000133,1.6562757,1.6555347,1.435409,1.823537,1.6496937,1.217457,1.4436896,1.1734515,1.4171362,0.967338,1.3584249,0.99484265,1.2579824,1.0817416,1.0885539,1.1643428,1.0607121,0.3870392,0.7218819,1.0330753,0.8574842
SU,0.12250247,0.27932054,0.2939647,0.55068666,0.14514464,0.08928172,0.11079056,0.08965971,0.099864036,0.9154784,0.0881729,0.73165905,0.7158395,0.636634,0.102767155,0.111954935,0.08719068,0.1202716,0.52327,0.7038583,0.46795565,0.3053016,0.6070829,0.53966075,0.69571227,0.44547024,0.48821098,0.55784047,0.35059953,0.48224553,0.92388433,0.39539054,0.43957752,0.64256257,0.618622,0.65685606,0.66763985,0.43312263,0.04578044,0.06332915,0.07710403,0.06423172,0.057236128,0.73000133,0.923934,0.9890289,0.7082832,0.27116227,0.97806793,0.7401301,0.0881729,0.10837695,0.09829549,0.7158395,0.2841197,0.6262312,0.34844485,0.15965915,0.3054185,0.1108542,0.16516872,0.1674276,0.22909732,0.46608078,0.3039713
SYK,0.13864447,0.28022596,0.28774303,0.8516552,0.11829639,0.12123348,0.7154729,0.73456776,0.58805543,0.8633285,0.04928081,0.78684527,0.6524605,0.7077062,0.113385834,0.7142831,0.13449287,0.0907594,0.37394777,0.56234956,0.43127295,0.33003113,0.55461884,0.41613394,0.37315083,0.5212941,0.4488864,0.42294204,0.36786216,0.37374064,0.4412642,0.3905209,0.46427646,0.9676721,0.9611167,0.94180727,0.72314286,0.43312263,0.04578044,0.06332915,0.07710403,0.06423172,0.057236128,0.73000133,1.2602819,1.2938597,0.49992085,0.33048815,1.3064321,0.6236818,0.04928081,0.135562,0.12556954,0.6524605,0.37483194,0.7920035,0.36518452,0.13816805,0.30734575,0.22926281,0.22481298,0.0774213,0.08937315,0.4401831,0.22121093
T,0.18923527,0.6864888,0.9330654,1.1369233,1.1423066,0.6749683,0.59195787,0.41843256,0.50800604,0.8556085,0.063573666,1.0043685,1.0637251,0.86107767,0.17887072,0.59562707,0.26723272,0.31864682,0.7709237,1.1891935,0.5003237,0.3835733,0.78887665,0.7637194,0.83848333,0.45568028,0.6765801,0.40075043,0.44713572,0.64076066,0.7069146,0.94161206,0.61173594,0.8034873,0.7473769,0.9497793,0.72334373,0.43312263,0.04578044,0.06332915,0.07710403,0.06423172,0.057236128,0.73000133,1.1661307,1.239459,1.0263463,0.671893,1.1664419,0.92395926,0.063573666,0.31312728,0.2021929,1.0637251,0.401993,1.0170617,0.61009973,0.23893322,0.96990466,0.35173684,0.2883581,0.44934583,0.4247679,0.55624294,0.6195715
TEAM,0.38224077,0.8104696,0.6180054,0.6008857,0.3726736,0.1623576,1.219296,0.9870733,1.0162679,0.61567056,0.26379895,0.8513466,1.0160041,0.93250847,0.20976613,1.1838092,0.8434873,0.21746267,1.2553537,0.90759987,1.1280757,1.0875422,1.3968349,1.3545448,1.4551883,1.316045,1.1080239,1.0081605,1.1816857,0.39158854,0.6149855,1.371537,1.3762254,1.0868015,1.0309341,1.1405611,1.0929447,0.43312263,0.04578044,0.06332915,0.07710403,0.06423172,0.057236128,0.73000133,1.5384698,1.5622568,1.4378257,1.986152,1.5728344,1.2267107,0.26379895,0.36086643,0.3412223,1.0160041,0.8239523,1.0146526,1.018258,0.38409543,0.63641906,0.8991026,0.79128,1.4035425,0.8305792,1.1347619,0.8810354
TER,0.36244085,0.75723547,0.8817069,0.86489296,0.1473625,0.115279526,0.90152615,0.9761012,0.7689097,0.8384931,0.1466178,0.92333263,0.9222576,0.7043721,0.250091,0.90012866,0.106949255,0.0819562,0.92013186,0.8111929,0.84411323,0.62828755,1.1264818,1.0481584,0.94604075,1.1368579,1.1095797,0.6833763,0.7470303,0.68676335,1.1265633,0.5207576,1.0716054,1.2601172,1.2047681,1.2821295,1.2784368,0.43312263,0.04578044,0.06332915,0.07710403,0.06423172,0.057236128,0.73000133,1.7538774,1.7630193,1.1322395,1.2385322,1.7069173,1.0210325,0.1466178,0.4379961,0.32622573,0.9222576,0.67686296,0.7530232,0.75139725,0.53776664,0.86605096,0.33451837,0.4893215,0.35531744,0.40597406,0.9007484,0.61172247
TJX,0.13456732,0.28973913,0.34179264,0.7453809,0.20759432,0.15621255,0.7359334,0.56891,0.8269071,0.63166404,0.2922492,0.70941836,0.831354,0.8303252,0.11401964,0.73209393,0.07880617,0.11554871,0.5885199,0.8629467,0.5359355,0.43939516,0.6886864,0.6220622,0.5655498,0.52554566,0.6369246,0.5171487,0.43637666,0.31961405,0.5744976,0.33639404,0.5705689,0.9040932,0.8230319,1.1749991,0.7077077,0.43312263,0.04578044,0.06332915,0.07710403,0.06423172,0.057236128,0.73000133,1.2561743,1.2955012,0.7551426,0.50078297,1.2550884,0.8219893,0.2922492,0.11114255,0.10279248,0.831354,0.3142896,0.85963476,0.47939903,0.25437164,0.33643138,0.13841724,0.27188212,0.1960215,0.18978578,0.4680334,0.26932803
TKO,0.34056666,1.1530702,0.9298797,0.20450214,0.5547085,0.31587926,0.4103635,0.7339724,0.35601604,0.37608323,0.062077884,0.57259005,0.17807509,0.19222932,0.23678239,0.40912548,0.19304155,0.10366409,0.28871518,0.37169728,0.37827337,0.18213165,0.39389664,0.29419166,0.2581428,0.43853918,0.33030987,0.2030489,0.21295136,0.37598658,0.4724249,0.4840862,0.36087742,0.6378694,0.65039605,0.47558495,0.63086057,0.43312263,0.04578044,0.06332915,0.07710403,0.06423172,0.057236128,0.73000133,0.9065483,0.989104,0.37136695,0.289713,0.93339443,0.32577035,0.062077884,0.41831794,0.41939205,0.17807509,0.61567205,0.16457964,0.68908525,0.6055337,0.9197535,0.25316328,0.6459195,0.675838,0.80543995,0.67115945,0.4210113
TMO,0.20061924,0.41449147,0.59805715,0.5886821,0.21985777,0.20869352,0.16866128,0.12281513,0.16260912,1.0413203,0.0759606,0.96461916,0.90516585,0.8022261,0.16225478,0.17478396,0.078243986,0.1378412,0.5618863,0.76211697,0.39942867,0.22385283,0.6600271,0.6033512,0.6357565,0.4223614,0.46175927,0.53434557,0.34405187,0.32746467,0.61397094,0.5596155,0.56094503,0.906044,0.8971263,0.9150957,0.9296491,0.43312263,0.04578044,0.06332915,0.07710403,0.06423172,0.057236128,0.73000133,1.2565929,1.1462342,0.6906961,0.3247659,1.2289826,0.8683758,0.0759606,0.25411907,0.13152426,0.90516585,0.5889876,0.9212347,0.5085181,0.18115135,0.58515084,0.26908728,0.23329799,0.23550376,0.17441276,0.66943836,0.3758806
TMUS,0.4256095,0.90405,0.7139407,0.9417581,0.7933763,0.78567576,0.9519388,1.0465386,0.7876372,1.0448588,0.1559366,0.8619968,0.8571889,0.8646966,0.55660665,0.9896193,0.5663974,0.32436588,0.7409181,0.9962611,0.67377573,0.49223208,0.84604627,0.8425141,0.7458872,0.6667944,0.6849668,0.7275272,0.5278481,0.38387161,0.7569177,0.6942659,0.6026092,0.85366124,0.763404,1.0882455,0.79136753,0.43312263,0.04578044,0.06332915,0.07710403,0.06423172,0.057236128,0.73000133,1.2388825,1.2688099,0.95724595,0.6366089,1.2174823,1.0418373,0.1559366,0.26308066,0.32807276,0.8571889,0.4180977,0.8643806,0.7391357,0.62098926,0.76180744,0.571337,0.9257871,0.27876085,0.16962568,0.44595623,0.36004198
TSLA,2.1327345,1.4853829,1.497789,1.1733466,1.084248,0.85175145,0.37333873,0.54650885,0.31092215,0.7916579,0.29801998,0.8710954,0.9550089,0.9642359,2.1947339,0.37391707,1.7938284,0.47194752,1.7532569,1.1721327,1.1872877,0.9025257,1.9362183,1.9090443,1.2308104,1.2569643,1.123542,0.95230967,1.100149,0.74420273,0.8442254,1.021445,1.69016,1.0037757,1.0425152,0.89660376,0.8516851,0.43312263,0.04578044,0.06332915,0.07710403,0.06423172,0.057236128,0.73000133,1.5737207,1.629949,1.730533,2.7683825,1.5800453,1.3762087,0.29801998,1.3848665,1.4592292,0.9550089,0.89296687,0.92540175,1.8675052,2.0604763,1.5316584,1.0298972,0.7796289,1.4709265,1.2207489,0.9016285,1.3102604
TSM,0.33221877,0.6475403,0.67457056,0.071033485,0.25252637,0.24036717,0.08958274,0.10908661,0.081753194,0.84887105,0.08942392,0.8710474,0.8218132,0.76598126,0.1882593,0.092950515,0.06077029,1.338812,0.66981864,0.7811006,0.5758522,0.38462085,0.8331834,0.7287141,0.6291462,0.559511,0.5059915,0.5380585,0.45889142,1.1402899,1.5837611,0.68664765,1.0774814,0.99430746,0.9678177,1.0554935,1.0505121,0.43312263,0.04578044,0.06332915,0.07710403,0.06423172,0.057236128,0.73000133,1.3874154,1.3701264,0.89478624,0.57776797,1.4413095,0.85810137,0.08942392,0.10268404,0.12185311,0.8218132,0.3388751,0.85071194,0.5441002,0.32651663,0.64387935,0.325971,0.43141305,0.47306126,0.4138161,0.81342596,0.5004966
TT,0.09645158,0.19302733,0.26877394,0.30943662,0.13735287,0.14782077,0.08017563,0.081618875,0.07841544,0.37593192,0.11522888,0.47708228,0.3875873,0.34873712,0.0800163,0.08178543,0.13383423,0.18100059,0.42759603,0.63668436,0.2781156,0.1677399,0.5041078,0.44890362,0.36194187,0.4119485,0.33632383,0.23278922,0.25991198,0.7724515,0.5746457,0.4267375,0.4897273,0.6315616,0.6681183,0.5187825,0.7471539,0.43312263,0.04578044,0.06332915,0.07710403,0.06423172,0.057236128,0.73000133,0.90531063,0.89661163,0.4986505,0.2507501,0.8682549,0.5639473,0.11522888,0.08676202,0.084272265,0.3875873,0.27066597,0.42530352,0.34192532,0.12812261,0.2562983,0.14190926,0.20926504,0.09725945,0.09708341,0.4700602,0.16957901
TTD,0.43103996,1.1860914,0.91026664,0.63528854,0.6243417,0.31263465,0.8232092,0.5911277,0.6977884,0.7239596,0.07316828,0.95734274,1.0049363,1.0400487,0.17107175,0.8057564,0.1496226,0.16038907,1.7498683,0.92708874,1.6006224,1.7503554,1.7251092,1.7564117,1.6323769,1.8706319,1.598273,1.3475665,1.7899381,0.6991928,1.1954752,1.0962075,1.7633674,0.7897811,0.7380411,0.73604846,0.9707089,0.43312263,0.04578044,0.06332915,0.07710403,0.06423172,0.057236128,0.73000133,1.2235762,1.2136453,1.8474778,2.8033864,1.1570324,1.0469333,0.07316828,0.1769247,0.1328524,1.0049363,0.6519689,0.96427685,1.2233186,0.5573718,0.97327214,0.5680748,0.550559,1.1334893,1.2959938,0.97732186,0.96409684
TTE,0.47276863,0.9744113,1.3902463,0.8407345,1.9256091,1.6950129,0.8288847,0.74667263,0.69489086,0.86721593,0.09738145,0.78484493,0.7923884,0.866475,0.32986793,0.8540574,0.18806525,0.1554645,0.6964169,0.88577425,0.5364694,0.4781408,0.81563395,0.6620269,0.88757306,0.44591594,0.5123723,0.7249635,0.46239963,0.5344249,0.7281286,0.9105907,0.6249464,0.7375275,0.7413269,0.7762313,0.55004156,0.43312263,0.04578044,0.06332915,0.07710403,0.06423172,0.057236128,0.73000133,1.0797899,1.0695521,0.962192,0.45040923,1.1034139,0.8235427,0.09738145,0.23433043,0.21817897,0.7923884,0.3771843,0.8259655,0.63917476,0.53852504,1.2971034,0.35303283,0.40299228,0.8560077,1.0002868,0.8690005,1.0835832
TTWO,0.37148315,0.944866,1.6215202,0.88024575,0.6539091,0.29123878,1.385313,0.9756546,1.1474391,0.5402948,0.11385605,0.7719118,0.971129,0.81214064,0.3217892,1.3765548,0.34622014,0.12721975,0.99679995,0.93191713,0.88980246,0.69198304,0.99359185,1.0576148,0.85441184,1.1007911,1.0765803,0.7262522,0.7550602,0.47368938,0.7696235,0.6083796,1.0511698,1.3275541,1.2991475,1.3437599,1.2797159,0.43312263,0.04578044,0.06332915,0.07710403,0.06423172,0.057236128,0.73000133,1.7618285,1.876459,1.1436646,1.1284645,1.7351143,1.1040243,0.11385605,0.5560055,0.42270687,0.971129,0.99022985,0.7526598,1.3509588,1.1898304,1.5940868,0.4348674,0.4536872,0.53795165,0.6212584,0.8194828,0.62864846
TXN,0.22591485,0.4849549,0.66995764,0.97519386,0.2461851,0.26130933,0.07776364,0.09776961,0.0750205,0.9656115,0.135043,0.82487625,0.8940245,0.75251937,0.18905312,0.079276614,0.3984785,0.94436115,0.45368043,0.6190124,0.5343847,0.33561835,0.60722804,0.5447449,0.4901577,0.70441335,0.66121376,0.46214747,0.45662647,0.56366605,0.5304611,0.42445844,0.64979553,1.2930952,1.2786483,1.1927997,1.2625626,0.43312263,0.04578044,0.06332915,0.07710403,0.06423172,0.057236128,0.73000133,1.7800375,1.756111,0.55274326,0.36725324,1.7594692,0.7583618,0.135043,0.14287993,0.16264565,0.8940245,0.36840683,0.73281944,0.49427524,0.32929176,0.6450656,0.17633997,0.3940793,0.3520364,0.42434782,0.8866797,0.4786645
UBER,1.0956585,0.7584475,0.62675303,0.37086174,0.31455874,0.25254902,0.523719,0.4104417,0.52112275,0.89187646,0.26520318,1.1241672,0.5676359,0.823009,1.1287228,0.5127682,1.043202,0.18693578,0.8134132,0.6357593,0.8226773,0.835368,0.91191524,0.8075819,0.9841414,0.9809377,0.69087416,0.6396529,0.8972878,0.5113799,0.77217335,1.0292548,0.6705582,0.8861798,0.89307296,0.7822035,0.71759915,0.43312263,0.04578044,0.06332915,0.07710403,0.06423172,0.057236128,0.73000133,1.2150973,1.2167447,0.9136989,1.251148,1.2356646,0.8125878,0.26520318,0.60104525,0.7068538,0.5676359,0.5137898,0.86849666,0.59193283,1.3125895,0.65293515,0.99067366,1.1325905,0.6602725,0.4771967,0.74817497,0.52168626
UBSG,0.40643302,0.5636596,0.7119324,0.7911181,1.1489631,1.9785063,0.43844384,0.33706892,0.36690605,0.9295515,0.08962379,0.64606285,0.9027852,1.0352845,0.49610102,0.8495354,0.6923205,1.5172833,0.74471676,0.93765324,0.59281904,0.41523492,0.7935938,0.73629403,0.91764665,0.52787024,0.7212781,0.65521526,0.46634638,0.54072183,0.899137,0.5507897,0.70838255,0.7869935,0.7555707,0.8659469,0.8952304,0.43312263,0.04578044,0.06332915,0.07710403,0.06423172,0.057236128,0.73000133,1.0998718,1.1155106,0.9347122,0.4468266,1.1352334,0.90872145,0.08962379,0.20854978,0.17847286,0.9027852,0.34569782,0.8083138,0.6322787,0.48116916,0.6794781,0.1417357,0.28633294,1.1834061,0.9622613,1.2155393,1.1551088
UCG,0.45300677,0.50186974,0.5257674,0.071033485,0.07980106,0.07242434,0.81384987,0.8464612,0.68497527,0.07082802,0.14064924,0.8386382,1.057835,0.84388155,0.41187775,0.06900993,0.06077029,0.070013516,1.5633732,1.3714471,1.1180125,1.0799606,1.3349309,1.4828485,1.6502452,0.92966217,0.95809627,1.3399879,0.98162943,0.8146116,0.9831054,1.078012,1.2243694,0.75732076,0.7587953,0.7658206,0.9976496,0.43312263,0.04578044,0.06332915,0.07710403,0.06423172,0.057236128,0.73000133,1.0024924,0.9842049,1.693968,1.6198896,0.97907794,1.120785,0.14064924,0.1748768,0.18558538,1.057835,0.6741397,0.840303,0.88058716,0.38791963,0.5513773,0.2870647,0.378891,0.330468,0.25869527,0.58247304,0.4000412
ULVR,0.21704793,0.41403073,0.4159401,0.9121513,0.40303776,0.26202393,0.16449343,0.10799157,0.14401697,1.075337,0.11609162,0.9683179,0.9577542,0.8657776,0.16982788,0.16506447,0.0891565,0.11471884,0.5042905,0.7200256,0.55439174,0.42083496,0.69408596,0.6023807,0.5536702,0.62611854,0.67436105,0.4756418,0.46967736,0.5158748,0.84369993,0.4375084,0.6102461,0.7241877,0.68255174,0.8432775,0.7432008,0.43312263,0.04578044,0.06332915,0.07710403,0.06423172,0.057236128,0.73000133,1.0777953,1.0885001,0.72272104,0.679837,1.0829037,0.8069403,0.11609162,0.15836011,0.12771739,0.9577542,0.37129596,0.92190206,0.4840964,0.26235336,0.41277322,0.17105843,0.22249824,0.45390314,0.5998189,0.6295662,0.60499585
UMG,0.101834595,0.17825367,0.17807254,0.38605246,0.20439325,0.1024458,0.078576505,0.087229155,0.0761572,0.5831871,0.19876873,0.6432523,0.62461615,0.51489186,0.09265265,0.078289606,0.1042498,0.20253278,0.3278622,0.4425318,0.4253646,0.26239297,0.5120763,0.4182928,0.51082915,0.44321585,0.7691522,0.3433236,0.4163715,0.40716705,1.0375457,0.4978367,0.36746323,0.4428552,0.39929432,0.44705525,0.44869286,0.43312263,0.04578044,0.06332915,0.07710403,0.06423172,0.057236128,0.73000133,0.6887269,0.6994555,0.46541443,0.5073758,0.61857903,0.5372827,0.19876873,0.11583459,0.10817532,0.62461615,0.3003221,0.5461367,0.35584643,0.19621138,0.1883068,0.15789516,0.3458982,0.09443539,0.11444755,0.32475507,0.16648926
UNH,0.35145953,0.32746646,0.40537637,0.96521777,0.46379724,0.40806183,0.7054136,0.15906979,0.5776369,0.66477436,0.06181126,0.91834027,0.9457488,0.96082854,0.374991,0.7042668,0.13713871,0.18067996,0.8188888,1.0633594,0.6876251,0.5289369,0.9094569,0.8786213,1.1019356,0.5511019,0.9885833,0.6278338,0.6936041,0.43704972,0.7896835,0.52801937,0.8572461,0.84683436,0.8339775,0.80715495,0.7198834,0.43312263,0.04578044,0.06332915,0.07710403,0.06423172,0.057236128,0.73000133,1.1459411,1.1590148,0.9763638,0.70664185,1.1112497,0.9699574,0.06181126,0.17753653,0.1638955,0.9457488,0.41481772,1.0616419,0.70507395,0.6438753,0.4061045,0.21664706,0.3185078,0.44743228,0.5279211,0.5763817,0.5298136
UNP,0.17528921,0.3047263,0.337213,0.65698946,0.6175591,0.4391345,0.07488724,0.08538952,0.07333132,0.8087865,0.14228559,0.802263,0.96742314,0.7876791,0.17188281,0.07542479,0.078795046,0.28001598,0.54843205,0.72005594,0.4513668,0.32759964,0.62299067,0.5688133,0.6055897,0.51238275,0.46537617,0.50157434,0.3717395,0.39343455,0.6017593,0.3613359,0.59768015,0.98120755,0.9652182,1.1047183,0.8853704,0.43312263,0.04578044,0.06332915,0.07710403,0.06423172,0.057236128,0.73000133,1.4364077,1.3903599,0.7579926,0.33140808,1.3748055,0.80252934,0.14228559,0.1817218,0.17595248,0.96742314,0.30343783,0.76551014,0.3979772,0.20695469,0.32480448,0.16619942,0.26978576,0.17495388,0.21798235,0.79333067,0.32471773
V,0.124545336,0.28241533,0.3466283,0.6629816,0.9845603,0.76908606,0.2633802,0.17279153,0.22778136,0.42805383,0.16698813,0.6437326,0.6199158,0.7375378,0.10402832,0.2624611,0.28414962,0.10041866,0.48893198,0.65059036,0.4106204,0.31982908,0.5012157,0.49261004,0.36818445,0.5923494,0.426724,0.45078358,0.35457098,0.15778075,0.38043135,0.34412494,0.4649577,0.8686432,0.8468752,0.87499213,0.75556254,0.43312263,0.04578044,0.06332915,0.07710403,0.06423172,0.057236128,0.73000133,1.2031046,1.2474755,0.6326745,0.36316958,1.2146404,0.6680068,0.16698813,0.09370616,0.08529686,0.6199158,0.31551844,0.7942221,0.3424626,0.14040798,0.3495613,0.18868913,0.36753723,0.4297833,0.56910086,0.70547533,0.3124963
VRSN,0.16548163,0.25398096,0.2658264,0.8211636,0.09925476,0.08088458,0.07614419,0.085965455,0.073516816,1.0351127,0.9684314,0.8592376,0.32769868,1.1145841,0.14773075,0.07684043,0.186702,0.12643383,0.84122795,1.144798,0.5180915,0.3884826,0.80114824,0.84131366,0.6847361,0.83350474,0.57547194,0.48725218,0.5131828,1.3539174,2.5122664,0.770912,0.9933922,0.95798653,0.8254692,1.1675962,0.69338554,0.43312263,0.04578044,0.06332915,0.07710403,0.06423172,0.057236128,0.73000133,1.2743845,1.2907311,1.0152558,0.5691214,1.2738452,1.0078547,0.9684314,0.78728545,0.62274057,0.32769868,0.37707576,1.0146669,0.58045167,0.19667928,0.26920652,0.63891387,0.4775986,0.1908018,0.18507352,0.5850789,0.28416058
VRT,0.36582613,0.4777568,0.4221409,0.68116516,0.3659992,0.39585808,0.78008795,0.78431296,0.64272135,0.8089437,0.17463039,0.9302399,0.83672786,0.73115885,0.2957656,0.7780015,0.27296168,0.18412656,1.4530888,0.8000485,1.3199365,1.3470001,1.2019225,1.3478154,0.87676585,1.1672692,1.2102243,1.2763934,1.2589209,0.77606237,1.194105,1.8039703,1.4645202,0.8696115,0.8361165,0.9324454,0.6944176,0.43312263,0.04578044,0.06332915,0.07710403,0.06423172,0.057236128,0.73000133,1.2699808,1.2492299,1.553633,1.7695986,1.1973048,0.8455373,0.17463039,0.18056566,0.15221208,0.83672786,0.75915974,0.6625763,0.8836078,0.341303,0.43321124,0.26548174,0.53312504,0.34479296,0.35203314,0.5469436,0.45120478
VRTX,1.2486522,1.160066,1.2920998,0.6816687,0.14212003,0.08585446,0.8954169,1.0362059,0.75058144,0.7510125,0.3992879,1.0686283,0.9023428,0.9489057,1.1482937,0.88492227,1.3473625,0.15762839,1.1562185,1.1222538,1.1920776,1.2293178,1.2122643,1.1762787,1.2161927,1.373944,1.1722558,0.9448579,1.0708845,0.4033937,0.7307129,0.6219435,1.0689265,0.99963397,0.98150265,1.0042968,1.0914019,0.43312263,0.04578044,0.06332915,0.07710403,0.06423172,0.057236128,0.73000133,1.3427802,1.3809093,1.2701195,1.4515378,1.3631203,1.0850916,0.3992879,1.0483274,1.1073903,0.9023428,0.70391333,1.1366253,1.1500882,1.3406682,1.2291256,1.1482325,0.7818509,2.0741773,1.9010286,1.8061483,1.9427468
VST,0.95092666,1.38824,1.4417596,0.98971975,1.0563352,0.6613884,1.398936,1.4531759,1.1563731,0.67611635,0.21056508,0.90304035,0.91513,0.96678424,0.809501,1.3962331,0.58186686,0.26716134,1.2442442,1.0766599,0.9325699,0.8520311,1.1463654,1.1257018,0.90799856,0.7075898,1.100231,0.86018133,0.88076615,0.7136553,1.4407711,1.2758113,1.3410997,0.8179137,0.7898674,0.91127014,0.57552916,0.43312263,0.04578044,0.06332915,0.07710403,0.06423172,0.057236128,0.73000133,1.1924989,1.2435058,1.3479993,1.236796,1.1878375,0.89880395,0.21056508,0.6102954,0.68121254,0.91513,0.865985,0.7607845,1.57698,1.1890458,1.4361953,0.41419765,0.93494475,1.0524535,1.1514436,1.0526888,1.1387991
VZ,0.15943067,0.2566225,0.25766966,0.9275537,0.1824914,0.15635087,0.76320696,0.78718966,0.61421096,1.0288446,0.7139829,0.9732812,0.91231513,0.75837034,0.13308598,0.75872916,0.15453722,0.31335405,0.63243824,0.9432119,0.456145,0.40954915,0.74925226,0.6348875,0.70248616,0.55462915,0.5236463,0.3733834,0.42779568,0.77189934,0.55894506,0.7524013,0.4512735,0.7871054,0.78543794,0.7940956,0.7049286,0.43312263,0.04578044,0.06332915,0.07710403,0.06423172,0.057236128,0.73000133,1.0735612,1.1086158,0.9152159,0.61739486,1.0153714,0.8571062,0.7139829,0.28969562,0.25239727,0.91231513,0.51837623,1.0043949,0.5073287,0.1822802,0.2675568,0.29540074,0.39895672,0.41642067,0.23574136,0.63770276,0.3963066
WDAY,1.467993,0.67262185,0.6246764,0.35749763,0.16480944,0.21121989,1.0098686,0.8591671,1.3249308,0.9579903,0.37631297,0.6910436,0.6620798,0.5081446,1.4943624,1.0031415,1.1582692,0.2218769,0.8138065,0.7409923,0.9668729,0.61104167,1.1220431,0.8940222,0.9987425,0.9722685,1.0771304,0.9288828,0.58880335,0.65469867,0.5577407,0.7881745,0.92589235,0.9543473,0.87763095,1.2989601,0.9353096,0.43312263,0.04578044,0.06332915,0.07710403,0.06423172,0.057236128,0.73000133,1.651745,1.605344,1.0101068,1.2581812,1.6292733,1.0869619,0.37631297,0.8921797,0.8508643,0.6620798,0.6284899,0.75996774,0.9781569,1.2822665,0.6236511,1.2241653,0.79404515,1.4234804,2.0362384,0.508687,0.533556
WDC,0.16150548,0.2205133,0.35433584,0.17041732,0.29164463,0.24277186,0.08095453,0.075977795,0.089132905,0.1325812,0.16102043,0.11180023,0.19685496,0.23090433,0.14869078,0.0804389,0.13483496,0.07000667,0.67171156,0.5004891,0.6540116,0.5867043,0.617732,0.7329968,0.23116669,0.5618225,0.40750548,0.64981973,0.5494387,0.275697,0.22578867,0.41988772,0.7564789,0.37315217,0.38385364,0.23148192,0.44934466,0.43312263,0.04578044,0.06332915,0.07710403,0.06423172,0.057236128,0.73000133,0.50643605,0.5468108,0.71024656,1.0947957,0.48517764,0.11588132,0.16102043,0.43663612,0.15787916,0.19685496,0.64209527,0.21567897,0.57973105,0.44052324,0.36249435,0.3701684,0.4185176,0.55733645,0.69037175,0.5068861,0.31814802
WELL,0.48541403,0.6467066,0.61645615,0.8543591,0.2488668,0.17773283,0.17519718,0.29411358,0.1595245,0.78024316,0.12630858,0.81009126,0.72617424,0.83248585,0.47096002,0.17132601,1.5909536,0.14196645,0.78139734,1.1346542,0.6412336,0.7023374,0.88325375,0.88786286,1.031941,0.6772094,0.6325221,0.82220274,0.6031945,0.9774163,1.0519048,0.58172464,0.7978534,0.97122157,0.9466974,1.0066688,0.91211176,0.43312263,0.04578044,0.06332915,0.07710403,0.06423172,0.057236128,0.73000133,1.361739,1.3578961,0.9197017,0.71544075,1.300966,1.0323994,0.12630858,1.0382808,0.8448968,0.72617424,0.5741285,0.9802079,1.1373817,0.8387638,0.6277523,0.484001,0.4021721,0.432906,0.6636289,0.7354394,0.5367969
WFC,0.2967276,0.38501826,0.3857909,0.071033485,0.07980106,0.07242434,0.13315028,0.18197861,0.1187314,0.07082802,0.07406502,0.76140445,0.87102646,0.11011699,0.28096992,0.06900993,0.06077029,0.070013516,0.77802396,0.85030854,0.59384584,0.5148866,0.79843205,0.8391413,1.0218302,0.45943704,0.60275793,0.5781346,0.55260205,0.7859036,0.95177674,0.41795218,0.71787095,0.9666203,0.9754885,1.0008118,0.94151676,0.43312263,0.04578044,0.06332915,0.07710403,0.06423172,0.057236128,0.73000133,1.3513008,1.3781321,1.0113726,0.5586872,1.3294106,0.89877146,0.07406502,0.133322,0.1398322,0.87102646,0.35574004,0.73504025,0.5298029,0.35598218,0.3938029,0.14686368,0.22439037,0.4841858,0.70746857,0.77828234,0.41643095
WM,0.120937176,0.25381735,0.40221116,0.7513862,0.11794542,0.13759652,0.10485802,0.099551246,0.095609434,0.7198695,0.08528079,0.8238301,0.87246025,0.68983305,0.16712205,0.10863258,0.19141491,0.25548306,0.4841498,0.8612938,0.35203627,0.26850858,0.6206471,0.5407808,0.43265364,0.4282242,0.45932096,0.3813827,0.2965207,0.5805047,1.0121458,0.33856124,0.5152697,0.9654495,0.9347654,1.0149281,0.7241697,0.43312263,0.04578044,0.06332915,0.07710403,0.06423172,0.057236128,0.73000133,1.4155302,1.3876565,0.58479106,0.60782903,1.2954274,0.73788464,0.08528079,0.11596326,0.1165533,0.87246025,0.5882577,0.66078156,0.4139698,0.17729312,0.3955431,0.2470897,0.15891713,0.25783154,0.26389077,0.5687908,0.2810997
WMB,0.21265505,0.76389164,1.2964815,1.0114441,1.3722488,1.1743996,0.43371603,0.28139335,0.37751234,0.93594563,0.111341834,0.92,1.0012866,1.0027287,0.35384682,0.44700316,0.7064167,0.813198,0.9764503,1.0150671,1.2326012,1.407235,1.1882608,1.1831053,1.2107062,1.3040719,1.1652792,1.1567277,1.2669901,0.6320836,1.0219414,1.321259,1.1883483,0.68933046,0.6190125,0.86611557,0.7063232,0.43312263,0.04578044,0.06332915,0.07710403,0.06423172,0.057236128,0.73000133,1.0615416,1.031163,1.193744,1.4559052,1.1031961,1.1657269,0.111341834,0.82222974,0.5412086,1.0012866,0.7959122,0.99674517,0.8054625,0.4939318,1.2658938,0.5060718,0.6526154,0.24681413,0.4415113,0.6592787,0.6221094
WMT,0.1702045,0.23640503,0.22583508,0.8090796,0.09875193,0.10094548,0.16296585,0.11900848,0.32600138,0.94240415,0.069922365,0.79051363,0.78423274,0.8341106,0.15411921,0.16003586,0.19256668,0.140372,0.5405247,0.86608684,0.5510419,0.37233493,0.75140065,0.6361583,0.68576235,0.70152235,0.7844027,0.39275396,0.44759625,1.0249102,0.56114733,0.32897967,0.6613002,1.1265689,1.1046244,1.1980572,0.5120471,0.43312263,0.04578044,0.06332915,0.07710403,0.06423172,0.057236128,0.73000133,1.5456169,1.6136385,0.6770571,0.68594587,1.5051833,0.87569207,0.069922365,0.09346049,0.10078694,0.78423274,0.3429952,0.7322916,0.4987892,0.2022268,0.23496376,0.29534495,0.43059254,0.21447994,0.1878309,0.36283123,0.24721766
XOM,1.0245312,0.9709775,1.3730991,0.97744405,1.809021,2.400563,0.7932327,0.7380019,0.666676,0.87385684,0.09978233,0.8972128,1.0478114,0.86458224,0.9319421,0.80746925,0.3901597,0.14847377,1.0474584,1.2371593,0.49465534,0.44128555,0.8704749,0.96843314,0.9576183,0.38658452,0.38204607,0.7114373,0.47742105,0.7393429,0.56064284,0.6414726,0.7943539,0.8284477,0.7799347,1.0039239,0.7343773,0.43312263,0.04578044,0.06332915,0.07710403,0.06423172,0.057236128,0.73000133,1.2111351,1.198782,1.3080806,0.45444134,1.1916705,0.91671526,0.09978233,0.6077004,0.749894,1.0478114,0.43329504,0.83021575,1.0147915,1.0027533,1.2981538,0.41092503,0.7440336,0.79515785,1.105908,0.73640996,1.1051034
ZS,1.3428116,1.3354601,0.90504014,0.4418318,0.09301841,0.080669,0.49371555,0.33506745,0.7605828,0.47813934,0.13569722,0.84428966,0.79353625,0.63634974,1.317946,0.48040354,0.5690161,0.15332606,1.2330897,0.8111722,1.3917499,1.25034,1.3891419,1.5169781,1.3944165,1.5085135,1.3586502,1.0171124,1.3270608,0.43577704,0.8181853,1.0372622,1.5315975,0.9844058,0.97727865,1.1719705,0.9119789,0.43312263,0.04578044,0.06332915,0.07710403,0.06423172,0.057236128,0.73000133,1.5264261,1.5308684,1.333538,2.0765195,1.4972707,1.1665689,0.13569722,1.0720195,1.167347,0.79353625,0.6357175,0.7279224,1.1973771,1.1022991,0.8986466,1.3236599,0.95544475,1.1076771,0.7279966,0.8924748,1.1565233
ZTS,0.15395398,0.21429566,0.27787894,0.7121394,0.11604254,0.12324742,0.7073427,0.7152606,0.5889395,0.9048243,0.28436756,0.8528614,0.8146099,0.91913646,0.13797319,0.70617217,0.12778059,0.18352234,0.72095853,1.0034269,0.59444726,0.36516154,0.743159,0.69685227,0.76998776,0.6283153,0.9653375,0.3827665,0.501689,0.5392884,0.8273937,0.904983,0.70680827,0.96781224,0.9151721,1.0152217,0.808802,0.43312263,0.04578044,0.06332915,0.07710403,0.06423172,0.057236128,0.73000133,1.3200138,1.3499191,0.92353255,0.5718617,1.2954308,0.7934534,0.28436756,0.32648715,0.19542724,0.8146099,0.45584366,1.044185,0.58346194,0.19895595,0.27502578,0.21801233,0.4143606,0.3138151,0.48390678,0.7189874,0.32520536
ZURN,0.14285445,0.532907,1.0429027,0.071033485,0.5675954,0.44159418,0.32974762,0.19104765,0.29682213,0.07082802,0.106167816,0.8451899,0.7328087,0.99659854,0.13824394,0.3239592,0.06077029,0.070013516,0.43749708,0.7852953,0.4628628,0.40922827,0.5350581,0.44051182,0.5128849,0.558384,0.5665707,0.47702983,0.46055892,1.0854204,0.743126,0.8948639,0.49246103,0.6247296,0.5643262,0.7773329,0.5128189,0.43312263,0.04578044,0.06332915,0.07710403,0.06423172,0.057236128,0.73000133,1.1312817,1.1845156,0.5708593,0.43484154,1.0938922,0.65372443,0.106167816,0.0910917,0.11911177,0.7328087,0.21821862,0.55736804,0.33733508,0.16090652,0.87134635,0.12375155,0.21374537,0.24309133,0.2773757,0.4214659,0.5237913
