ticker,best_eps_chg_252d,best_sales_chg_252d,best_sales_accel,best_calculated_fcf_level_z,best_gross_margin_chg_63d,best_gross_margin_chg_252d,oper_margin_chg_63d,oper_margin_chg_252d,oper_margin_accel,best_capex_level_z,best_roe_level_z,best_peg_ratio_level_z,best_px_bps_ratio_level_z,best_ev_to_best_ebitda_level_z,earnings_quality_252d,op_leverage_63d,cash_conversion_z,capex_intensity_z,momentum_252d,risk_adj_mom_252d,realized_vol_21d,realized_vol_126d,ma_cross_21_50,ma_cross_50_200,dist_52w_high,max_ret_63d,min_ret_63d,beta_63d,idio_vol_63d,analyst_rec_level,analyst_rec_stability,tg_upside,tg_mom_63d,eps_rev,eps_rev_ma_63d,eps_rev_trend,sales_rev_ma_63d,cal_is_Q1,regime_mkt_ret_21d,fac_F_Quality_mom_63d,fac_F_Growth_mom_63d,fac_F_Value_mom_63d,fac_value_growth_63d,fac_yield_slope,mc_rate_x_eps_rev,mc_slope_x_eps_rev,mc_vix_x_mom252,mc_vol_x_mom63,mc_dxy_x_eps_rev,mom_accel_63_252,fin_roe_level_z,fin_roe_chg_63d,fin_roe_chg_252d,fin_pb_level_z,fin_pb_chg_63d,fin_pe_level_z,fin_pe_chg_63d,fin_eps_chg_63d,fin_sales_chg_63d,fin_roe_pb_gap,fin_roe_pe_gap,fwd_sales_slope_level,fwd_sales_slope_chg_63d,nl_fslope_rev_confirm,nl_fslope_growth_confirm
000660,0.09072495,0.61996126,-0.4348726,0.0,0.1955673,0.30272114,-0.05871711,0.0,0.047079753,-0.45572808,-0.052625332,-0.45528486,-0.29969633,-0.5127811,0.0,-0.07046738,-0.17537932,-2.195527,0.0674705,-0.033052348,0.94808966,1.0586275,0.040263772,0.0,-0.44168976,0.44120565,-0.35691836,-0.70837355,1.4872048,1.341281,-0.5268398,0.45785698,0.11810182,0.21204045,0.11405159,-0.0032988351,0.51571727,0.0,0.021236973,0.04195329,0.04920171,0.031752918,-0.016480274,0.5252,0.2045663,0.006040956,0.0,0.07779886,-0.047417402,0.0,-0.052625332,-0.020807726,-0.044601258,-0.29969633,-0.070291325,-0.6149973,-0.17430565,0.14150837,0.545818,1.37165,1.1538,0.0056388834,0.0,0.46658444,0.4190874
005930,-0.06901877,-0.18894085,0.08468694,-0.32870153,0.0448632,0.0,-0.053551137,-0.019772327,0.049740855,-0.30179995,-0.13739254,-0.42808387,-0.17533992,-0.032974213,-0.04102815,-0.057734273,-0.2744812,-0.74826777,-0.09385183,-0.14499177,0.1671872,0.027712313,0.0,-0.05907846,-0.23996976,-0.097188696,0.2564009,-0.9614866,0.47556114,1.3356371,-0.73317224,0.80447704,-0.00064158207,-0.33301878,-0.37584484,0.0,-0.36294338,0.0,0.021236973,0.04195329,0.04920171,0.031752918,-0.016480274,0.5252,0.014515837,-0.0091278255,0.0,0.024678448,-0.039143275,0.06685957,-0.13739254,-0.0108158495,-0.06735904,-0.17533992,-0.073589504,-0.1277262,-0.08534026,-0.021922141,-0.10214177,0.6775739,0.44352353,-0.026557885,0.0033953185,-0.06611614,-0.08396456
285A,-0.093238465,-0.13345633,0.08348512,0.17252943,-0.036353536,-0.06498671,-0.06336549,-0.07519186,0.053799067,-0.15147522,-0.08656402,-0.15860155,0.017913956,0.013651268,-0.072010875,-0.0676076,-0.0535752,0.30742216,-0.04812985,0.010035495,-0.22689945,-0.23681802,0.0,-0.018776875,0.2908666,-0.2669935,0.23938568,-0.08418141,-0.2425752,0.10016932,-0.1940704,-0.14964226,-0.091475904,0.019605981,0.016246472,0.0061796824,-0.006320445,0.0,0.021236973,0.04195329,0.04920171,0.031752918,-0.016480274,0.5252,0.006611042,-0.0025193465,0.005611159,0.015633577,-0.0023734034,0.0,-0.08656402,-0.021025768,-0.07128437,0.017913956,-0.0779542,0.027090272,-0.052142836,-0.06863062,-0.083349735,0.20367658,0.08602467,-0.0077624433,-0.0041240645,0.3132806,0.15200391
4063,-0.034756266,-0.12003912,0.0946187,0.21293874,0.0,0.0,-0.06347025,-0.06526644,0.05148408,-0.41034386,-0.15303926,-0.27099636,0.0,-0.18631074,-0.023843845,-0.060912464,-0.2358504,-0.6043726,-0.0051950356,-0.029483793,-0.009807929,-0.017639972,-0.13003956,-0.14374402,-0.0005890679,-0.1365302,0.13384141,-1.1588014,0.30417362,0.61840373,-0.08424851,0.053978268,-0.08707926,0.05257313,0.0038465515,0.06215909,0.014677319,0.0,0.021236973,0.04195329,0.04920171,0.031752918,-0.016480274,0.5252,0.0,-0.23389973,0.0,0.0,0.13545965,0.0,-0.15303926,-0.021576783,-0.036291596,0.0,-0.08048924,-0.34558848,-0.07274989,-0.04891225,-0.097150356,0.11375623,-0.29561907,-0.016379643,-0.008886521,0.2923283,0.05053132
6146,0.0,0.06059203,-0.12091675,0.24475823,0.020041743,0.0,-0.056922976,-0.052269585,0.049740855,-0.19717117,-0.10676349,-0.117957905,0.041827206,0.0,-0.053468075,-0.06036831,-0.11919747,0.09726645,0.427978,0.23127742,0.76234007,0.96088076,0.23876476,0.27426752,0.043241136,0.45107263,-0.32468852,-1.0548096,1.2862513,-0.39442775,0.31284285,-0.42790082,0.17595786,0.19905402,0.22657345,0.031313945,0.47563025,0.0,0.021236973,0.04195329,0.04920171,0.031752918,-0.016480274,0.5252,0.07997309,-0.07068441,-0.0060323454,0.047861733,0.0024009214,-0.04297671,-0.10676349,-0.0169893,-0.055564348,0.041827206,-0.057805527,0.0,-0.022077193,0.0,0.1451221,0.019289207,-0.38155937,0.0,0.0,0.4257371,0.11420886
6758,-0.064263925,-0.29987973,0.19738303,0.3255204,-0.0063172122,0.0,-0.049151167,-0.034990184,0.04256631,-0.19907871,-0.14837946,-0.21015541,0.0,0.17359804,0.0,-0.05262689,0.1150539,0.20988873,0.0,0.0,0.061887156,0.12275492,0.051726315,0.04709471,0.0,0.0,0.14247026,-1.0756146,0.4140577,0.8520299,-0.21396229,-0.14171402,0.0,0.23303954,0.24547753,0.0737634,0.16077422,0.0,0.021236973,0.04195329,0.04920171,0.031752918,-0.016480274,0.5252,0.035593964,0.042304978,0.0,0.011756314,-0.004195374,0.0,-0.14837946,-0.00051641127,-0.040051255,0.0,-0.0673994,-0.40623754,-0.10125609,0.0,-0.22194754,0.13868418,-0.28918073,-0.05268514,-0.0061567044,0.0,-0.032511882
6857,0.11835457,0.35296297,-0.27197427,0.55700284,-0.02749903,0.0,-0.04883859,0.0,0.03734333,0.0,-0.046222117,-0.44321138,0.27704746,-0.118806,0.062314946,-0.046108667,-0.040531006,0.38264033,0.6533011,0.16900551,0.93387175,1.1089656,0.24033624,0.29374862,-0.18702906,0.4480439,-0.4217886,-0.7970685,1.4681389,-0.40595227,0.30528495,-0.5812246,0.45626733,0.4269753,0.48800236,0.03035459,0.59639096,0.0,0.021236973,0.04195329,0.04920171,0.031752918,-0.016480274,0.5252,0.046335097,-0.036988392,-0.067972295,0.24875532,0.21953031,-0.026979236,-0.046222117,0.020605147,0.0036369578,0.27704746,-0.06367466,-0.3003785,-0.14856265,0.14248797,0.39058036,0.027503267,-0.28347507,0.0,0.0,0.4886084,0.4336133
6981,-0.11853256,-0.3050484,0.10934206,-0.06181695,0.00942217,-0.0127245635,-0.036078632,-0.073217675,0.036588363,0.0,-0.15247205,-0.0360571,-0.40478474,-0.12504455,-0.0827563,-0.033546988,-0.22696376,-0.5005565,-0.29523006,-0.42515028,0.18261983,0.28592283,-0.16008992,-0.22877212,-0.23558941,0.048892777,0.14355592,-1.0782784,0.52504206,0.60937595,-0.060550768,0.12205323,-0.19906911,-0.15250349,-0.13581455,0.018796403,-0.269449,0.0,0.021236973,0.04195329,0.04920171,0.031752918,-0.016480274,0.5252,-0.007987673,0.0,0.0,0.025914257,0.112001225,0.05781534,-0.15247205,-0.013744884,-0.074180506,-0.40478474,-0.08458722,-0.0925898,-0.06577226,-0.053878594,-0.13960145,0.047002405,-0.41056365,-0.008974018,0.0,0.07851255,0.0
7011,-0.026209733,-0.40320054,0.18959713,0.0,0.0,0.0,-0.037969265,-0.06108592,0.036127843,-0.108922884,-0.20000926,-0.24063823,0.0,0.08285185,-0.009045632,-0.02734443,-0.06864762,0.33315057,-0.28019702,-0.35348874,0.05895461,0.08049372,-0.16450538,-0.007590429,-0.08089526,-0.0050724177,0.13053925,-1.3348597,0.4432192,0.0817303,0.026578417,-0.010092094,-0.089763775,-0.2320271,-0.2776245,-0.035423756,-0.1323615,0.0,0.021236973,0.04195329,0.04920171,0.031752918,-0.016480274,0.5252,-0.004283232,-0.00906528,0.024145292,0.08013677,0.07103251,0.018465854,-0.20000926,-0.02861646,-0.06147478,0.0,-0.06772585,0.0,-0.062401004,0.0022848335,-0.19256763,0.15472278,-0.38413057,-0.015843056,-0.0055774646,0.020894902,-0.07723201
7203,-0.10000604,-0.26137036,0.17020224,-0.021291211,-0.07489431,-0.099207886,-0.05966259,-0.053812776,0.04829863,-0.31530702,-0.16489457,-0.44324833,-0.34384316,0.0,-0.08740873,-0.054174315,-0.17156854,0.26672086,-0.27333894,-0.23004746,-0.30277655,-0.36320618,-0.063740425,-0.11434168,0.22972123,-0.30168003,0.4280519,-1.2572565,0.0,0.20985426,-0.027698187,0.33014745,-0.13783172,0.06868051,0.013413555,0.10347172,0.18395749,0.0,0.021236973,0.04195329,0.04920171,0.031752918,-0.016480274,0.5252,0.049983285,0.0,0.031517964,0.021824306,0.0053629214,0.08128401,-0.16489457,-0.04009796,-0.08091658,-0.34384316,-0.07485701,0.0,-0.041609224,-0.056967415,-0.17597353,0.595063,0.3668673,-0.022245858,-0.008240291,0.25699025,0.0
7974,0.0,-0.05954457,0.042946417,0.08847269,-0.016085263,-0.025601303,-0.030854512,-0.048358053,0.031164477,0.06472239,-0.11251613,-0.034076486,0.013657532,-0.51445955,0.0,-0.019808719,-0.18903917,0.63561386,0.0,0.0,0.1880987,0.3393198,-0.07821166,-0.05028003,-0.0879841,-0.04638275,-0.12977383,-1.2475858,0.6355328,0.016829815,-0.08345696,0.22355348,-0.073003195,-0.08371228,0.0,-0.014174801,-0.2020087,0.0,0.021236973,0.04195329,0.04920171,0.031752918,-0.016480274,0.5252,0.082101524,0.037913267,0.0,0.009506757,-0.043571275,0.0,-0.11251613,-0.009016194,0.0,0.013657532,-0.069578536,-0.70493126,-0.1384051,-0.009311575,-0.027971696,-0.120509125,-0.68703294,-0.015843056,0.0,0.076223746,0.0
8035,0.03682236,0.1563713,-0.20691955,0.29707286,0.0,0.0,-0.053197574,-0.060335726,0.046938334,-0.3598992,-0.035687137,-0.33762378,0.24608794,0.0,0.0,-0.05278079,-0.1842436,0.36465535,0.5407395,0.33667552,0.58646315,0.6372828,0.1216138,0.44584635,0.0,0.21592194,-0.115929425,-1.0425692,1.062624,0.25271106,0.1350188,-0.04309111,0.37475175,0.4094148,0.46868268,0.036897633,0.5545166,0.0,0.021236973,0.04195329,0.04920171,0.031752918,-0.016480274,0.5252,0.077443235,0.0,-0.006905101,0.04691724,0.05655173,-0.058306195,-0.035687137,0.0072629084,-0.0065674623,0.24608794,-0.04899152,-0.06790348,-0.047573794,0.069490045,0.2842668,0.5386424,0.43040192,4.78499e-06,0.0,0.4868409,0.4008176
8306,-0.07625957,-0.20951067,0.09364117,0.17252943,-0.050440688,-0.07087615,-0.05725744,-0.07128914,0.048091877,-0.14995617,-0.21007642,-0.3239447,0.0,0.0072748293,-0.073601894,-0.07110189,-0.047648482,0.31225428,0.0,0.0,-0.17733929,-0.066947676,-0.08118927,0.0,0.039739702,-0.17326227,0.3127622,-1.192751,0.12239796,0.32957354,0.16073093,0.9576148,-0.061845474,0.3334545,0.41683018,0.0074845348,-0.22092642,0.0,0.021236973,0.04195329,0.04920171,0.031752918,-0.016480274,0.5252,0.02908916,-0.081089795,0.0,0.03917847,0.10484563,0.0,-0.21007642,-0.027025055,-0.05569495,0.0,-0.06751282,0.2309968,-0.03838784,-0.053770706,-0.115240574,0.31880832,0.08735443,-0.026055794,0.0,-0.09240711,-0.1360593
8316,-0.111648075,-0.3149633,0.22309873,0.17252943,-0.050440688,-0.07087615,-0.05169412,-0.07318937,0.041156705,-0.14995617,-0.20503627,-0.39925483,-0.0806194,0.0072748293,-0.06942613,-0.07110189,-0.047648482,0.31225428,-0.14708965,-0.16281535,-0.27157965,-0.23805739,-0.09725879,-0.06525355,0.03145183,-0.3332374,0.4630719,-1.1996549,-0.030268326,0.7315617,-0.19886306,1.3876555,-0.17875367,0.18386872,0.18498753,0.013556009,-0.07224364,0.0,0.021236973,0.04195329,0.04920171,0.031752918,-0.016480274,0.5252,-0.011344025,-0.02680083,0.0,0.04495554,0.027907941,0.0,-0.20503627,-0.035630666,-0.0717801,-0.0806194,-0.070083596,0.27281284,-0.016536187,-0.07468996,-0.27564406,0.3467697,0.18244621,-0.012399963,-0.0041240645,0.1475531,-0.14054455
9432,-0.16282064,-0.40271288,0.30555403,-0.6959314,-0.061561126,-0.117698595,-0.060307227,-0.0704688,0.043244317,-0.016630372,-0.17290507,-0.22402088,0.072203085,0.5439827,-0.08256081,-0.05737267,-0.21445423,-0.83839095,-0.43119216,-0.3028685,-0.5881085,-0.77223146,-0.17947222,-0.30982363,0.3516556,-0.5040273,0.57093215,-1.6049874,-0.40308952,0.5617067,-0.15627155,0.49778268,-0.32889187,-0.15075667,-0.15682253,-0.002216267,-0.13118234,0.0,0.021236973,0.04195329,0.04920171,0.031752918,-0.016480274,0.5252,-0.036762007,-0.07278557,0.036840484,0.08133861,0.013817245,0.13615213,-0.17290507,-0.032120775,-0.06477147,0.072203085,-0.07115133,0.0,-0.056757085,-0.118580535,-0.32769614,0.41521767,0.14047469,-0.07394146,-0.014821813,-0.10594448,-0.24089803
9433,-0.16017012,-0.33546573,0.25383586,0.0,-0.061208364,-0.124676764,-0.06658565,-0.076155104,0.049742047,-0.07783405,-0.13018121,0.07051423,0.059795555,0.10600089,-0.08072271,-0.04776286,-0.09856083,-0.45055783,-0.37445688,-0.31581703,-0.54984194,-0.6608117,-0.10886118,-0.23022291,0.39372185,-0.5025531,0.49216703,-1.5393038,-0.30755553,-0.37841696,-0.10212923,0.31869835,-0.27533635,-0.18999995,-0.1999205,-0.019126585,-0.06169432,0.0,0.021236973,0.04195329,0.04920171,0.031752918,-0.016480274,0.5252,-0.10470078,0.0,0.008761747,0.07517839,0.023151916,0.05819945,-0.13018121,-0.045860253,-0.082774945,0.059795555,-0.08387583,0.11715853,-0.062452637,-0.0922752,-0.2792911,0.7102096,0.54471177,-0.044774342,-0.007438695,0.0692321,-0.10282633
AAPL,-0.11169627,-0.18949288,0.044445876,0.3177982,-0.010810834,0.0,-0.06495503,-0.07965519,0.05383,0.03933816,0.54961026,0.1487651,0.08790717,0.39281434,-0.073107794,-0.06694698,0.12940173,0.31885222,0.020999882,0.14035213,-0.2651137,-0.23577677,0.14891684,0.15188877,0.39795986,-0.221275,0.33527943,0.067936264,-0.40080544,0.35787472,-0.356401,-0.5297919,0.1482943,0.22553773,0.2174858,-0.010104796,0.0835149,0.0,0.021236973,0.04195329,0.04920171,0.031752918,-0.016480274,0.5252,0.040092763,-0.040215492,0.0,-0.0065154415,0.05254565,-0.076162435,0.54961026,-0.013129214,-0.022548271,0.08790717,-0.06588782,0.33510417,-0.040274516,-0.057195198,-0.033029187,0.19923156,0.91750824,0.0104023,0.0,0.2635278,0.0
ABBN,-0.12076251,-0.48605967,0.33258137,-0.0696663,-0.0027505874,-0.005519299,-0.06698221,-0.056162037,0.05389933,0.8120379,-0.075588025,-0.26801804,0.49411395,0.26615173,-0.038478587,-0.06802683,-0.10414428,0.48350182,-0.0012567353,0.11283253,-0.5023765,-0.55263454,-0.03511138,-0.07530179,0.30838662,-0.49600208,0.4027084,-0.30317047,-0.47616893,-1.4194093,0.048906207,-0.18909097,-0.16360775,-0.311619,-0.3635534,-0.0054610283,-0.6027921,0.0,0.021236973,0.04195329,0.04920171,0.031752918,-0.016480274,0.5252,0.0,0.12805502,0.0,0.026367191,-0.14069355,0.05905555,-0.075588025,-0.025526851,-0.064692356,0.49411395,-0.06749341,0.31189856,-0.052541327,-0.091230504,-0.39990768,0.43864805,0.43226424,-0.08942451,-0.0028650875,-0.14202279,-0.19788696
ABBV,-0.07338792,-0.058428682,0.033997413,0.31705636,-0.030263348,-0.060948484,-0.061150376,-0.043108627,0.049990065,-0.06993013,1.0973557,-0.1889475,0.0,-0.28589275,-0.08860656,-0.058369447,-0.0983748,0.59021044,-0.09370436,0.0,-0.4615206,-0.50144404,0.0,-0.070184626,0.31298146,-0.40145537,0.2682473,-0.548226,-0.3282528,0.18952124,-0.13085622,0.58156025,-0.23654106,-0.07965177,-0.08308966,0.049668256,-0.009819181,0.0,0.021236973,0.04195329,0.04920171,0.031752918,-0.016480274,0.5252,-0.082785554,-0.03021975,0.013771568,-0.0020697732,0.021808924,0.0,1.0973557,0.0,0.0,0.0,-0.019487059,-0.010991446,-0.068051115,-0.07264729,-0.03163799,0.4285331,2.0021412,-0.23030938,0.0079868585,-0.10786082,-0.11581196
ABNB,-0.07574965,-0.09979664,0.048517305,0.18154666,-0.044304002,-0.0689446,-0.053844996,-0.046045434,0.038945124,-0.05302642,-0.06996196,-0.10920439,-0.0029612908,0.025202276,-0.06347941,-0.034057055,-0.015496058,0.3364821,-0.08128801,-0.009784928,-0.19442803,-0.1904773,-0.009526166,-0.05172045,0.23073402,-0.25474912,0.21343493,0.012193954,-0.22197276,0.027245302,-0.2023919,-0.19161633,-0.13841973,0.022729756,0.0,0.002649283,0.00864618,0.0,0.021236973,0.04195329,0.04920171,0.031752918,-0.016480274,0.5252,0.017829414,-0.013445246,0.007856664,0.008986574,0.0,0.0,-0.06996196,-0.030147072,-0.07021673,-0.0029612908,-0.08958463,0.0,-0.06830004,-0.050890755,-0.05435365,0.18569228,0.057664365,0.046782464,-0.022934513,0.4153905,0.20181192
ABT,-0.14811604,-0.20165338,0.13033246,-0.023638958,-0.053673387,-0.0715733,-0.044978064,-0.043829974,0.037646543,-0.32720837,-0.0861778,0.025515055,0.24580356,0.0,-0.09061139,-0.039024793,-0.040376015,0.24903862,-0.19172752,-0.039302606,-0.6004809,-0.66892123,-0.035723798,-0.15628834,0.3867595,-0.53808725,0.5819542,-0.36045545,-0.64695984,0.6726091,-0.47568083,-0.14224707,-0.16039607,-0.00019044506,-0.014049734,-0.02626277,-0.038926054,0.0,0.021236973,0.04195329,0.04920171,0.031752918,-0.016480274,0.5252,-0.044605814,-0.030902557,0.03065347,0.018149965,-0.04610611,0.0,-0.0861778,-0.017784763,-0.056984372,0.24580356,-0.07139945,0.0,-0.06634486,-0.10126233,-0.14557132,0.17874889,-0.21439624,-0.003416433,-0.012378821,0.42588878,0.11928446
ACN,-0.13078113,-0.10176178,0.08590164,0.4754726,-0.06665048,-0.06788684,-0.056533705,-0.07703785,0.06673538,0.0,0.08049286,0.31821743,-0.568814,0.23270181,-0.121120736,-0.051777493,0.088564895,0.6411664,-0.01999069,0.014504428,-0.5508294,-0.55580187,0.019338649,0.0,0.50450087,-0.47291595,0.39229503,0.0,-0.75924,0.080350116,-0.31582978,-0.2977484,-0.066747956,-0.0966353,-0.11613542,-0.056497324,0.046813883,0.0,0.021236973,0.04195329,0.04920171,0.031752918,-0.016480274,0.5252,-0.004906958,0.0,0.016562898,-0.012776746,-0.01793771,0.0,0.08049286,-0.06493969,-0.111383624,-0.568814,-0.09340828,0.2920876,-0.027476761,-0.11030411,-0.09238969,0.28448224,0.38718402,0.043400984,-0.017634321,0.14676051,0.18329401
ADBE,0.0,0.20047455,-0.19413145,0.6269701,-0.047606967,-0.06763615,-0.0629671,-0.06854312,0.055579428,-0.033492323,0.06963127,-0.5549978,0.07752191,-0.3016867,-0.049698263,-0.061765034,0.21848059,0.49053684,0.114746936,0.026769746,-0.04524138,0.05156696,0.078154474,0.0,0.29198983,-0.21822606,-0.091387,0.52411383,-0.17631753,0.44784907,-0.41953078,-0.72067153,0.012125168,0.31770447,0.34656656,0.013014459,-0.16331339,0.0,0.021236973,0.04195329,0.04920171,0.031752918,-0.016480274,0.5252,-0.049151476,-0.04759242,0.0,-0.002489064,0.013924231,0.0,0.06963127,0.010369589,0.0,0.07752191,-0.07629088,-0.5788762,-0.17375515,0.013692359,0.21416527,-0.018263629,-0.1137288,0.24827018,-0.013354453,0.36490425,0.51497906
ADI,-0.04108811,0.10628762,-0.0220049,0.23573926,-0.029591458,-0.051946655,-0.06121587,-0.04245599,0.0526093,0.0,-0.10719388,0.0,0.0,0.12223873,-0.09633324,-0.060276773,0.0005944599,0.22863433,0.025607057,0.0,-0.05348579,-0.05118296,0.0,0.0,0.39393488,-0.17832068,0.12513351,0.6220982,-0.3443096,0.34864253,-0.3979402,-0.12543184,-0.021401843,0.91036105,0.9050857,0.0005967886,0.9738197,0.0,0.021236973,0.04195329,0.04920171,0.031752918,-0.016480274,0.5252,0.09952138,-0.26602286,-0.020073196,-0.00685203,0.05787959,0.0,-0.10719388,0.003823958,-0.0494429,0.0,-0.06426741,0.0,-0.060078893,-0.0015273517,0.08523356,-0.13486682,-0.3639323,0.010450342,-0.0046288217,0.4954989,0.30558977
ADP,-0.10962463,-0.2270302,0.12314852,-0.038436517,-0.023232108,-0.010194512,-0.033036392,-0.0716735,0.028899793,0.56252825,0.19267651,0.0,-0.0072540906,0.16163145,-0.07101755,-0.030009722,0.051287748,0.6402585,-0.046088055,0.061313774,-0.67343396,-0.72811645,-0.030042237,0.0,0.5657058,-0.63799876,0.5330188,-0.2465994,-0.81637126,-1.642449,-0.28432918,-0.4468036,-0.03420968,0.1051793,0.06331491,0.02407667,-0.13849929,0.0,0.021236973,0.04195329,0.04920171,0.031752918,-0.016480274,0.5252,0.06999099,-0.012773482,0.0017328054,0.011041889,0.061792787,0.0,0.19267651,-0.022976069,-0.02971433,-0.0072540906,-0.07347209,0.13095331,-0.06833509,-0.06886947,-0.14420408,0.44210377,0.3414299,-0.0076907626,-0.006832619,0.25978363,0.079189844
ADSK,0.0,0.0,-0.07631515,0.0,-0.055160653,-0.065814175,-0.064749315,-0.058612753,0.052738015,0.5490597,0.0891989,-0.23387606,-0.62164235,-0.5957671,-0.009064212,-0.062091682,0.32084122,0.567506,0.0,-0.05021151,0.16356443,0.33284417,-0.021875635,0.0,0.11895731,-0.018734468,-0.14894928,0.90118665,-0.01511989,0.31908122,-0.16995849,-0.5832122,-0.034872126,0.1278337,0.051984146,-0.028812516,-0.1580794,0.0,0.021236973,0.04195329,0.04920171,0.031752918,-0.016480274,0.5252,0.22204477,0.08175617,0.0,-0.0077475556,-0.028882643,-0.0010047628,0.0891989,-0.029801242,-0.08714341,-0.62164235,-0.11882824,-0.506233,-0.1510217,-0.008348604,0.08648047,-0.08104833,0.09092328,0.07424579,0.0,0.307336,0.42096475
AI,-0.1647202,-0.2922396,0.2607266,0.1911257,-0.055015072,-0.034727808,-0.07677327,-0.0735213,0.061723277,-0.3172279,-0.1345329,0.0,0.21095516,0.16755348,-0.10037194,-0.074760094,-0.2407776,-0.5122695,-0.2692333,-0.06869976,-0.68789244,-0.8028581,-0.09203096,-0.15574059,0.52682835,-0.5728672,0.6426435,-0.54071605,-0.6829679,-0.56991696,-0.1028423,-0.26542145,-0.23238526,-0.43762872,-0.49855968,0.02003386,-0.6842738,0.0,0.021236973,0.04195329,0.04920171,0.031752918,-0.016480274,0.5252,0.006964867,0.031552453,0.015717668,0.04126883,-0.0017813053,0.122614734,-0.1345329,-0.045813773,-0.09128896,0.21095516,-0.07201858,0.3181462,-0.057680584,-0.13397968,-0.28715247,-0.043396845,-0.56567025,-0.07326122,-0.009289738,-0.16896893,-0.07044629
AIR,-0.104913875,-0.1860679,0.12048607,0.0,-0.035328973,-0.057089668,-0.037756737,-0.04900402,0.03547044,0.0,0.05357298,0.0,-0.26236704,0.18964878,-0.068310946,-0.03763727,-0.22957374,0.3363928,0.0,0.0,-0.033252236,-0.01581876,0.0,0.03358413,0.30465797,-0.16429944,0.15969078,0.043018814,0.030693583,0.4891495,-0.034485143,-0.03688842,-0.021639291,-0.44661236,-0.5367456,-0.028618012,-0.5418336,0.0,0.021236973,0.04195329,0.04920171,0.031752918,-0.016480274,0.5252,-0.06630134,0.008348956,0.0,0.0,0.06289782,-0.038818955,0.05357298,-0.05744349,-0.033056535,-0.26236704,-0.10347595,0.10783606,-0.05375489,-0.052140146,-0.13552165,0.5174582,0.64425033,0.020116074,0.0,-0.0882674,0.066207975
ALV,-0.14624342,-0.32563585,0.24177226,0.16911057,-0.07299575,-0.1030108,-0.06605804,-0.05750133,0.045363788,-0.12918516,-0.15308239,-0.31904855,0.42345402,0.036530524,-0.110071756,-0.04865149,-0.26091957,0.6656972,-0.15546833,0.0,-0.71511495,-0.7926788,0.0,-0.060242955,0.4958601,-0.6448816,0.57786906,-0.24863027,-0.82096636,0.09847075,-0.045168042,1.0860977,-0.16998877,-0.081386104,-0.058670335,0.024853965,-0.17038572,0.0,0.021236973,0.04195329,0.04920171,0.031752918,-0.016480274,0.5252,-0.07226415,-0.0091919,0.0043021943,0.01845867,-0.041977238,0.0,-0.15308239,-0.041823458,-0.06885186,0.42345402,-0.067638755,0.5248395,-0.014179691,-0.10749492,-0.2677225,0.7950086,0.5662562,0.0061288862,0.0,0.16647527,-0.054981295
AMAT,-0.051287077,0.0,0.0,-0.013206733,-0.009880417,-0.023822034,-0.061521605,-0.06988083,0.051296808,-0.32704106,0.11049335,-0.16114545,0.1341744,0.0,-0.062967114,-0.05702889,0.020799475,0.44485417,0.45885712,0.17461067,0.6070112,0.72155213,0.18507084,0.3278676,0.01694559,0.12663065,-0.35310385,1.285056,0.19117665,0.5232455,-0.2744369,-0.21447812,0.1874509,0.58579516,0.5229465,-0.0077457316,0.59332675,0.0,0.021236973,0.04195329,0.04920171,0.031752918,-0.016480274,0.5252,0.1955389,0.011967046,-4.1567608e-05,0.040077746,-0.14745678,-0.061473813,0.11049335,-0.007017371,-0.039366614,0.1341744,-0.06781988,-0.1055737,-0.061553203,-0.012323683,0.044587325,0.64974886,1.1162938,0.0032515915,0.0,0.47770104,0.21171306
AMD,0.12612802,0.68472326,-0.38611144,0.22347145,0.018813832,0.044220835,-0.022327036,0.044092827,0.027755916,-0.5459223,-0.04831782,-0.41584188,-0.2877066,-0.2161626,-0.01864337,-0.01628516,-0.20421492,0.5542887,0.84725726,0.16110353,1.558346,1.8322178,0.13600557,0.4130756,-0.7346523,1.2751974,-0.95513135,1.6988592,1.5763472,-0.7851678,-0.25903702,-0.76146823,0.13006173,-0.045285974,-0.0052103903,0.05432915,0.24045694,0.0,0.021236973,0.04195329,0.04920171,0.031752918,-0.016480274,0.5252,0.0799544,-0.016857686,-0.057016037,0.38537437,0.029583357,-0.0023307386,-0.04831782,-0.023757124,-0.052493885,-0.2877066,-0.06974544,-0.29123783,-0.107721984,0.19642742,0.5819107,-0.37974736,-0.40217167,0.035265137,0.015323411,0.47380072,0.4610114
AMGN,-0.15333447,-0.1960677,0.18300113,-0.070923805,-0.06636379,-0.08141802,-0.05708277,-0.054247655,0.04801047,-0.07445863,0.34549922,0.03871702,0.0,-0.13039213,-0.09304869,-0.04867586,-0.017071353,0.41747084,-0.16988389,-0.10513277,-0.41086552,-0.43763697,0.0,-0.08651723,0.28520918,-0.35021648,0.49629757,-0.364972,-0.35639176,-0.5166052,-0.378311,0.10189729,-0.25237104,0.24424835,0.2337822,-0.0012106522,0.22611436,0.0,0.021236973,0.04195329,0.04920171,0.031752918,-0.016480274,0.5252,0.018531363,-0.033535533,0.014983196,0.013900264,-0.03251582,0.0,0.34549922,0.00028387134,-0.016972613,0.0,-0.061018683,0.0,-0.06342418,-0.11867084,-0.20296575,0.75011355,1.718878,-0.81389576,0.0,-0.43564096,-0.62107366
AMT,-0.090463005,-0.0719043,0.07665585,0.21654996,-0.0649044,-0.07975088,-0.0766871,-0.06310203,0.05728778,-0.20543945,0.12056787,-0.24045368,-0.16634049,-0.22279535,-0.1155875,-0.07013357,0.27353275,-0.6859745,-0.2107355,-0.14586999,-0.4853706,-0.6246313,-0.09927728,-0.078496836,0.17668174,-0.47007975,0.5235381,-0.6635853,-0.3881814,0.9253171,-0.205879,0.31047907,-0.25714293,-0.34928724,-0.4695371,0.018456781,0.055222422,0.0,0.021236973,0.04195329,0.04920171,0.031752918,-0.016480274,0.5252,-0.08789029,-0.004854753,0.03547927,-0.0028945827,0.022799823,0.0,0.12056787,0.03306287,0.0,-0.16634049,-0.054393597,-0.13036942,-0.06892915,-0.118086286,-0.09233849,-0.24001488,-0.20316237,-0.004230824,-0.013554948,0.3811763,0.20062046
AMZN,0.10679295,0.25003043,-0.28555363,0.24749334,0.07688789,0.12404264,-0.043728553,-0.018053647,0.037242126,-0.8085192,-0.06320131,-0.33210745,-0.8365314,-0.48933032,0.0,-0.04298162,0.06994534,0.09713273,0.053834334,0.08624609,-0.031557374,0.030591136,0.072795674,0.0,0.18148154,-0.09180741,0.1276559,0.37137228,-0.011630622,1.3781384,-0.74797106,-0.26869082,0.02113899,0.14761207,0.12568752,-0.0034813427,0.23253095,0.0,0.021236973,0.04195329,0.04920171,0.031752918,-0.016480274,0.5252,0.038975336,0.1997025,0.0,0.0,0.0,-0.016492825,-0.06320131,-0.011881691,-0.04972974,-0.8365314,-0.12938814,-1.0864934,-0.16159667,0.07128467,0.33717352,-0.78384125,-0.8138761,0.2560828,0.0,0.3938782,0.46207875
ANET,0.095862456,1.0424376,-0.51833636,0.4841143,-0.06097965,-0.07810027,-0.06199685,-0.05616271,0.05624239,0.0,-0.032407105,-0.1121067,0.0,0.0,-0.015492643,-0.061721034,0.13885796,0.6494716,0.5477956,0.29293734,0.67922676,1.1588304,0.24377981,0.32433498,0.0,0.32340112,-0.59924835,0.8317515,0.7181235,0.12169888,-0.19325899,-0.7208628,0.18334535,1.2512275,1.3621633,0.027168805,1.2663709,0.0,0.021236973,0.04195329,0.04920171,0.031752918,-0.016480274,0.5252,0.17527619,-0.34831235,-0.016828619,0.074415445,0.14234549,-0.09562589,-0.032407105,-0.027578985,-0.06736688,0.0,-0.0702375,-0.05061407,-0.06553785,0.09671084,0.5882522,-0.20116916,-0.4878904,0.9459002,0.0,0.66815805,0.57871354
AON,-0.10262453,-0.25906077,0.17995276,0.14982931,-0.06302875,-0.06955269,-0.056533705,-0.048863266,0.034108397,0.16083413,0.13915586,0.13006069,0.5289265,0.14478083,-0.024304528,-0.02642918,0.07671292,0.57306033,-0.04776335,0.16892649,-0.68439776,-0.7978397,-0.0026839545,0.0,0.5687362,-0.59845406,0.54017544,-0.466894,-0.72969884,-0.2542086,-0.98432636,-0.7581965,-0.07939347,-0.22078298,-0.23617527,0.0,-0.524616,0.0,0.021236973,0.04195329,0.04920171,0.031752918,-0.016480274,0.5252,-0.1174031,-0.035419412,0.012103178,0.016845359,0.06673604,0.0,0.13915586,0.0,0.0,0.5289265,-0.065863274,0.2007883,-0.06888151,-0.07100637,-0.21813074,0.41306788,0.8815555,-0.031079631,-0.010810323,-0.08880916,-0.009702389
APD,-0.11782381,-0.31884682,0.2211242,-0.24052659,-0.033280063,-0.013546939,-0.06984223,-0.059285324,0.057215154,0.12289131,-0.08792603,-0.056162134,-0.100158125,-0.02717147,-0.084294654,-0.06598641,-0.5730967,-2.1123445,-0.19049826,-0.077137925,-0.58491945,-0.5908367,-0.012966385,-0.10217038,0.39084187,-0.44602853,0.49537137,-0.14670089,-0.64909774,-0.2725308,-0.0075281463,-0.0018392422,-0.13374002,-0.27488634,-0.2663726,0.044443894,-0.7957829,0.0,0.021236973,0.04195329,0.04920171,0.031752918,-0.016480274,0.5252,-0.07261945,-0.032302212,0.0,0.008667689,-0.0586258,0.0655813,-0.08792603,-0.031733688,-0.07032354,-0.100158125,-0.07523083,0.045615315,-0.052826848,-0.100657634,-0.2473431,0.1230759,-0.27249786,0.0077622836,-0.00771782,-0.4433818,0.0
APH,-0.06882483,0.080747835,-0.05743946,0.4086063,0.0,0.0,-0.060849823,-0.07631,0.051990464,-0.46345484,-0.0021239817,-0.34688944,0.116596885,0.041508626,-0.09334369,-0.05913395,-0.009707245,0.38904572,0.0,0.30344942,-0.5533077,-0.60777164,0.058307648,0.025719108,0.6250761,-0.56504107,0.52513117,0.2745547,-0.9870467,0.060467534,-0.30574238,-0.68094796,0.057384618,0.92037505,0.88913995,0.044449948,1.190298,0.0,0.021236973,0.04195329,0.04920171,0.031752918,-0.016480274,0.5252,0.1663647,-0.029613005,0.0,-0.004957013,-0.014716511,-0.0397415,-0.0021239817,-0.016455557,-0.059707172,0.116596885,-0.068076245,0.2451615,-0.06324558,-0.019180717,0.15076147,0.06820479,-0.17978051,0.007548592,0.0,0.493925,0.43011633
APO,-0.11809523,0.0595065,-0.021392351,-0.6760913,-0.05921755,-0.08219546,-0.058082193,-0.05761929,0.049742047,-0.13888742,0.1748714,-0.08106171,0.0,0.0,-0.13277203,-0.059817735,-0.47287238,0.75860834,0.12018546,0.011139689,0.20593277,0.28373548,0.0,0.030880393,-0.024627423,-0.0689265,0.0,0.6326504,0.002466421,0.38640258,-0.18819945,0.4764558,-0.073386826,-0.79708064,-0.7590892,-0.071299985,0.21599877,0.0,0.021236973,0.04195329,0.04920171,0.031752918,-0.016480274,0.5252,0.24146162,0.061214555,0.0,-0.006288589,0.0,-0.029846398,0.1748714,-0.06261016,-0.07476735,0.0,-0.07487283,0.124892,-0.040003512,-0.052556988,0.01625761,0.9471697,1.7304531,0.0039330483,-0.006618066,0.4716174,0.32982847
APP,-0.03872314,-0.10949518,0.043574244,0.18381977,-0.042610824,-0.0707105,-0.053889528,-0.015050332,0.044812784,-0.10310994,-0.09191572,-0.14893,0.022934813,0.023518462,-0.01634728,-0.05175793,-0.013081828,0.32961667,-0.01017617,0.024313318,-0.1739628,-0.17830202,0.0,0.0,0.2587068,-0.21942809,0.20035216,0.02469058,-0.2068029,0.09559842,-0.19914983,-0.14848265,-0.09827495,0.022661775,0.017510768,0.0,0.019841898,0.0,0.021236973,0.04195329,0.04920171,0.031752918,-0.016480274,0.5252,0.002697593,0.02618081,0.0068391166,0.014216473,-0.013115974,0.0,-0.09191572,-0.013546815,-0.06485375,0.022934813,-0.08165786,0.0,-0.06843422,0.0,-0.040366188,0.17690602,0.074012876,0.03912297,0.0029023378,0.40037748,0.18654425
ARM,-0.09134887,-0.10882528,0.05604151,0.16369176,-0.053222608,-0.0698951,-0.060554467,-0.07548587,0.049740855,-0.15649347,-0.08729046,-0.12708132,0.0,0.0,-0.07626832,-0.052386694,-0.070378035,0.3117671,-0.036022242,0.005218647,-0.21566415,-0.22204417,0.00023616843,-0.024469387,0.26121157,-0.25908497,0.22730473,-0.036849864,-0.23157677,0.07782978,-0.20047668,-0.15553987,-0.085364535,0.018035615,0.018422576,0.0008536653,0.009899603,0.0,0.021236973,0.04195329,0.04920171,0.031752918,-0.016480274,0.5252,0.017095096,-0.0031576115,0.0051865624,0.009799775,0.0,0.0,-0.08729046,-0.02902882,-0.07701489,0.0,-0.08165786,0.005148469,-0.055839695,-0.043008447,-0.052876703,0.18664059,0.06247049,0.026607122,0.0,0.34802145,0.17266233
ASM,-0.035621684,0.26028606,-0.17832266,0.46985692,0.00518093,0.0,-0.06298567,-0.063811466,0.049740855,-0.40199697,-0.10049611,-0.20510241,0.1798,0.0,-0.09560832,-0.06330879,-0.107221685,0.18450846,0.35835156,0.12990978,0.5319528,0.6435302,0.24008238,0.33251724,0.0,0.2758347,-0.31824395,0.50616074,0.6911166,0.8222766,-0.094822586,-0.27805832,0.1318638,0.17998709,0.21857247,0.06555611,0.5747239,0.0,0.021236973,0.04195329,0.04920171,0.031752918,-0.016480274,0.5252,-0.044313353,0.0,0.0,0.069551185,0.0,-0.022252252,-0.10049611,-0.00055131677,-0.029955173,0.1798,-0.03805729,0.19840346,0.0,-0.007869615,0.22217235,-0.0291655,-0.40333545,0.051899236,0.023678409,0.5670969,0.49213666
ASML,-0.025741588,0.3971581,-0.21126463,0.5019234,-0.0023165375,-0.032002963,-0.055529006,-0.07763127,0.043965954,-0.6241362,0.03839096,0.0,0.26171142,0.0,-0.08927672,-0.05417289,-0.04487896,0.1787682,0.27718976,0.18191712,0.17350523,0.215065,0.13439889,0.31207383,0.2606999,-0.11925337,-0.029524252,0.49864638,0.10671851,-0.031287502,-0.20585467,-0.51536715,0.11490392,0.022138387,0.011547859,0.0051329187,0.2943409,0.0,0.021236973,0.04195329,0.04920171,0.031752918,-0.016480274,0.5252,0.0704987,0.056366872,0.0,0.0,-0.014564946,-0.104085356,0.03839096,-0.014233667,-0.03241409,0.26171142,-0.06217606,0.16015442,-0.04817047,0.01567304,0.2827667,-0.06905328,-0.19718078,0.032018844,0.019611377,0.4797093,0.39647844
AVGO,0.0258349,0.4214174,-0.28111574,0.6769042,0.023974326,0.013573813,-0.05602227,0.0,0.021999745,0.0,0.19474164,-0.005848529,0.0,0.13219193,-0.079979315,-0.050885227,-0.015867464,0.5596313,0.6793823,0.51809573,0.2973602,0.5164021,0.21705423,0.50830615,0.3989101,0.14716662,-0.073428884,0.8739949,0.122397564,1.0068465,-0.6136558,0.10975596,0.3187051,0.86934614,0.90976536,0.035604455,0.5504619,0.0,0.021236973,0.04195329,0.04920171,0.031752918,-0.016480274,0.5252,0.09782413,-0.21978785,-0.13697223,0.024883892,0.050403602,-0.22948414,0.19474164,0.0,-0.024305988,0.0,-0.064772554,0.02509274,-0.044106394,0.0628691,0.34869322,0.607404,1.2937696,0.015254325,0.0,0.5108158,0.4668073
AXON,0.03150077,1.0814261,-0.59838897,0.20144488,-0.023698129,-0.037281327,-0.055164583,-0.094869085,0.046191085,-0.22713406,-0.092055865,-0.117713794,-0.2581473,0.0,-0.11050182,-0.05700602,0.7502833,0.37572104,0.7300368,0.13254386,0.97387105,1.2817506,0.06506486,0.20213458,-0.4122435,0.8279665,-0.9481076,0.48308134,1.3785393,0.78391266,0.15832756,-0.41389194,0.038677044,0.4656612,0.39892456,0.03740468,1.3906733,0.0,0.021236973,0.04195329,0.04920171,0.031752918,-0.016480274,0.5252,0.040244095,0.07582979,-0.07316384,0.0038958122,0.024402663,-0.06544128,-0.092055865,-0.027826445,-0.070175745,-0.2581473,-0.07034513,0.0,-0.07413865,0.054592855,0.70238894,-1.1403973,-1.3030143,0.013219429,0.0,0.53557706,0.473206
AXP,-0.082803644,-0.12336478,0.08111923,0.076812536,-0.050440688,-0.07087615,-0.07259325,-0.085923,0.060242243,-0.1115328,0.03643414,-0.1269522,0.0,-0.16723241,-0.08480766,-0.07110189,0.041739482,0.4551061,0.0,0.005390501,-0.3998264,-0.3878099,0.0,-0.047018755,0.2768376,-0.4076201,0.30839503,0.16587052,-0.6456362,-0.93594706,-0.074944,-0.50783753,-0.09246292,0.11154109,0.13657291,-0.015726512,-0.13718231,0.0,0.021236973,0.04195329,0.04920171,0.031752918,-0.016480274,0.5252,-0.04242368,-0.11296914,0.0,0.0035348642,0.013625318,0.0,0.03643414,-0.039102692,-0.06633199,0.0,-0.07302373,0.0,-0.06835165,-0.06274618,-0.098226674,0.7589743,1.0329008,-0.018565392,-0.0061567044,0.10303076,0.0
AZN,-0.14817742,-0.039745282,0.094884664,0.0,-0.062497754,-0.07283984,-0.0676309,-0.0489216,0.049742047,-0.123619854,-0.046255898,-0.28976512,0.107445434,-0.02286952,-0.13058586,-0.059991263,-0.15943217,0.27198988,-0.17582354,-0.16953968,-0.4223332,-0.44239795,-0.067077756,-0.011104143,0.28552133,-0.41641587,0.47959495,-0.76816875,-0.18799992,0.0104274815,0.015820064,0.1436435,-0.09884411,-0.22615007,-0.22903757,0.015417437,0.12611014,0.0,0.021236973,0.04195329,0.04920171,0.031752918,-0.016480274,0.5252,-0.054187875,-0.014544584,0.017162537,-0.0010077187,-0.0050419276,0.0,-0.046255898,-0.037338812,-0.04768998,0.107445434,-0.06748516,0.0,-0.06434494,-0.11051455,-0.0983184,0.012355618,0.4925245,-0.24865599,-0.01630697,0.17659773,-0.024167182
BAC,-0.07216434,-0.42403394,0.25695294,0.17252943,-0.050440688,-0.07087615,-0.07406367,-0.05365209,0.054992083,-0.14995617,-0.16829722,0.0,0.0,0.0072748293,-0.00799202,-0.07110189,-0.047648482,0.31225428,-0.10174483,-0.015155193,-0.18985435,-0.19622602,-0.016282406,-0.02470011,0.12756869,-0.15882267,0.2911796,0.19120796,-0.33478025,0.027060047,-0.22538367,0.061192088,-0.17402658,0.22011995,0.17209557,-0.00031303888,-0.19373773,0.0,0.021236973,0.04195329,0.04920171,0.031752918,-0.016480274,0.5252,0.1825062,0.018384695,0.0,-0.0078802975,-0.009914782,0.0,-0.16829722,-0.010519824,-0.037826143,0.0,-0.07111271,-0.0073302356,-0.065565065,-0.06185974,-0.30196393,0.3307988,-5.166945e-18,-0.012813436,-0.0065110526,-0.011780343,-0.16389233
BE,0.0,-0.091132365,-0.0041617,0.09527053,-0.0024647005,0.0,-0.056533705,-0.048015907,0.03932459,-0.16184118,-0.13076809,-0.14932226,-0.06125851,0.0,0.0,-0.053404447,-0.5946789,0.21459734,0.0,0.0,2.1318948,2.8090272,-0.0009927639,0.0,-0.21669474,1.2074596,-1.0622622,1.4986681,2.4731085,-0.39723754,-0.18500648,-0.13452515,-0.14901863,-0.07922282,-0.07045217,-0.0017898154,-0.048267756,0.0,0.021236973,0.04195329,0.04920171,0.031752918,-0.016480274,0.5252,-0.00052334566,0.0039584604,-0.00028218798,0.011482487,-0.03438271,-1.4256157e-17,-0.13076809,-0.020533577,-0.034310132,-0.06125851,-0.09371567,0.0,-0.06830004,0.029491834,-0.017751254,-0.44767556,-0.8263995,0.05080568,0.0,0.39258587,0.31971753
BKNG,-0.028874202,0.12995526,-0.16860585,0.45053923,-0.02147659,-0.035347708,-0.063618265,-0.07468566,0.045021653,-0.07341596,0.1585865,0.0,0.0,-0.18004844,-0.047360662,-0.064992905,0.14261325,0.49202225,-0.03625947,-0.12234488,-0.12213009,0.0,-0.02469394,-0.04399142,0.05252891,-0.18347159,0.07461018,0.28052676,-0.1421028,0.26360622,-0.43397042,-0.618387,-0.07012098,0.13846694,0.08848085,-0.07177372,-0.0056677493,0.0,0.021236973,0.04195329,0.04920171,0.031752918,-0.016480274,0.5252,-0.064610556,-0.074436136,0.0,-0.011147892,0.023321578,0.0,0.1585865,-0.015508456,-0.060070556,0.0,-0.079311505,-0.3825132,-0.13107242,-0.029800378,0.16930997,0.23285133,0.27404028,0.028133728,-0.006155768,0.2638278,0.4054611
BLK,-0.13704363,-0.08663066,0.0,0.00096414454,-0.060209356,-0.09851174,-0.073446035,-0.07867824,0.05943473,0.19045667,-0.13292396,-0.017102143,0.036838792,0.07163144,-0.099586405,-0.06725255,-0.0023596678,0.5920489,-0.06707308,0.0,-0.424341,-0.4812475,-0.044542637,-0.0059189145,0.33393282,-0.40909454,0.3963879,0.44890982,-0.86800474,0.958872,-0.4738131,0.109723434,-0.16734414,0.34500602,0.22066018,-0.04353316,-0.06916148,0.0,0.021236973,0.04195329,0.04920171,0.031752918,-0.016480274,0.5252,0.005576789,0.12489607,0.0,0.0345783,-0.049782347,0.0,-0.13292396,-0.03556664,-0.08276321,0.036838792,-0.07239324,0.15194301,-0.0693858,-0.07948973,0.0,0.26251444,-0.10648817,0.025174055,0.0,0.23757246,0.18381879
BN,-0.10228252,-0.15627056,0.10270274,0.17252943,-0.057625927,-0.08019927,-0.06250612,-0.07400745,0.05417767,-0.14995617,-0.11186337,-0.15678084,0.032595687,0.0,-0.06286962,-0.061496533,-0.047648482,0.27363014,-0.02779185,0.012081893,-0.22764683,-0.2346248,-0.0017153709,-0.0051823724,0.30016682,-0.27886152,0.23688222,-0.022849783,-0.25547418,0.09461811,-0.19132066,-0.14414166,-0.10235623,-0.0050775805,-0.008879369,0.0035923969,-0.01428837,0.0,0.021236973,0.04195329,0.04920171,0.031752918,-0.016480274,0.5252,0.004066054,-0.0045438805,0.006282585,0.0032821682,-0.0048466185,-6.556817e-17,-0.11186337,-0.024607206,-0.07402442,0.032595687,-0.0813831,0.055407207,-0.054198883,-0.081406325,-0.094878346,0.1960545,0.07885933,-0.0073472303,-0.0059760786,0.31657517,0.15225516
BNP,-0.15205812,-0.38879243,0.26302278,0.1707977,-0.069532484,-0.10790433,-0.07467546,-0.058993693,0.053808194,-0.1380691,-0.19155918,0.09325292,0.006911198,0.0,-0.09708787,-0.054839253,-0.037565477,0.23220271,-0.07762847,-0.1636967,-0.09993231,-0.05185752,-0.081554055,-0.14913473,-0.010227397,-0.3206452,0.2271104,-0.000602599,0.025527893,-0.09146188,-0.02198206,2.1405973,-0.2532474,0.23097774,0.26293018,0.015964704,-0.0645096,0.0,0.021236973,0.04195329,0.04920171,0.031752918,-0.016480274,0.5252,0.0038705708,0.051654354,0.0,-0.0014245636,0.0084601175,0.0,-0.19155918,-0.033607934,-0.068271935,0.006911198,-0.07557992,-0.027120939,-0.07404455,-0.100527026,-0.30060554,0.4423871,0.30188423,-0.06457042,-0.0065110526,0.0,-0.17288119
BNY,-0.108330384,-0.36883622,0.2803973,0.17252943,-0.050440688,-0.07087615,-0.0704902,-0.052178476,0.056314673,-0.14995617,-0.17131296,-0.27807453,0.045983758,0.0072748293,-0.0581082,-0.07110189,-0.047648482,0.31225428,-0.101608455,-0.045027237,-0.47231975,-0.46218157,0.022454333,0.0,0.3182001,-0.42276326,0.3996741,-0.04832686,-0.56807977,-0.44868842,0.0,0.027962754,-0.039352097,0.07451242,0.06272776,0.017136877,-0.3144602,0.0,0.021236973,0.04195329,0.04920171,0.031752918,-0.016480274,0.5252,0.06689437,0.092548594,0.0,-0.02306312,-0.03459596,0.0,-0.17131296,-0.008172679,-0.051747967,0.045983758,-0.06466242,-0.15171409,-0.023596313,-0.06741768,-0.3059043,0.38011694,0.081188604,-0.062137052,-0.010774158,-0.11998866,-0.15465973
BRK/B,-0.101647586,-0.183903,0.14512269,0.17252943,-0.05930867,-0.07788564,-0.06593598,-0.055194326,0.049990065,-0.1416919,-0.21634112,-0.14195037,-0.23319592,0.046034142,-0.0767132,-0.06407382,-0.047648482,0.04673978,-0.23973797,0.04732295,-0.9178999,-1.0757493,-0.091010064,-0.14676982,0.52870715,-0.7370674,0.8277295,-0.38588622,-1.1106869,-0.18669386,-1.0988464,-0.7550746,-0.10047616,-0.09052494,-0.04425416,0.13575055,0.026477134,0.0,0.021236973,0.04195329,0.04920171,0.031752918,-0.016480274,0.5252,-0.038139574,0.1589711,0.039943572,0.13546044,0.05005934,0.061193474,-0.21634112,-0.060584273,-0.08172335,-0.23319592,-0.102500744,0.0,-0.066674724,-0.08974715,-0.11627931,-0.15970705,-1.3607979,-0.0018963193,-0.005881789,0.34388903,0.17945653
BSX,-0.065140374,0.0,0.0047873133,0.072160214,-0.058420874,-0.07185474,-0.052824367,-0.022301221,0.037242126,-0.5359736,-0.07212592,-0.017740117,0.0,0.40669754,-0.10677982,-0.039110385,0.02229025,0.34794387,0.0,0.13045365,-0.3903412,-0.28089184,0.03804926,0.030157974,0.5980653,-0.32218483,0.358941,-0.17637107,-0.43527403,1.213287,-0.6512055,-0.5735378,0.025522415,0.07409466,0.06145205,-0.060883217,0.15042685,0.0,0.021236973,0.04195329,0.04920171,0.031752918,-0.016480274,0.5252,-0.09794696,0.00036544775,0.0,-0.018021813,0.020574259,-0.00020439035,-0.07212592,-0.028326796,-0.05836902,0.0,-0.07208236,0.168984,-0.064990446,-0.03529313,-0.0048988685,-0.01693424,-0.47141838,0.058472246,-0.0063023428,0.49118084,0.37800527
BX,-0.15256897,-0.1548951,-0.008139213,0.17028445,-0.05862308,-0.076675974,-0.06173069,-0.07472857,0.049990065,-0.1051787,0.07575573,-0.1753238,0.18730333,0.0,-0.14542307,-0.060222555,-0.34779167,0.7128341,0.0,0.0,0.04926983,0.11902046,0.0,0.0,0.0,-0.043068156,0.122324646,0.7282093,-0.21449602,0.5895099,-0.29379267,0.5652918,-0.15716855,-0.1818048,-0.28741014,-0.042299706,-0.13003318,0.0,0.021236973,0.04195329,0.04920171,0.031752918,-0.016480274,0.5252,0.17442854,0.0064285076,0.0,-0.019406088,0.077989146,0.0,0.07575573,-0.016561793,-0.038054865,0.18730333,-0.06800557,0.45159855,0.0034726625,-0.08478555,0.0031991752,0.63174903,1.158021,0.00870146,-0.0027349326,0.2444103,0.07886263
C,-0.08567788,-0.4284903,0.2738196,0.12968896,-0.050440688,-0.07087615,-0.07400691,-0.06917981,0.058100823,0.0,-0.19529428,-0.39759216,-0.144499,0.061940324,-0.029736644,-0.07110189,-1.3584372,-4.160215,-0.17090334,-0.19316478,-0.18873543,-0.22984567,-0.022022618,-0.07101641,0.009409833,-0.24820144,0.26267153,0.40730512,-0.43783662,0.3794372,-0.15684372,0.5723012,-0.15146084,0.32538688,0.256883,0.051821418,-0.14022227,0.0,0.021236973,0.04195329,0.04920171,0.031752918,-0.016480274,0.5252,0.112451985,0.0633083,0.0,-0.011272164,0.12869914,0.01943982,-0.19529428,-0.011122856,-0.040054776,-0.144499,-0.06951724,-0.07080925,-0.069614924,-0.052008517,-0.30507606,0.36953956,0.12068522,-0.01921498,-0.0012208131,0.0,-0.18720599
CAT,-0.074051015,-0.26698175,0.21224947,-0.2457946,0.08459616,0.0,-0.06654015,-0.06364422,0.049740855,0.4203907,0.08507652,-0.0410037,0.34804243,0.0,-0.0329674,-0.063710734,0.0110911,0.49194092,0.0,0.0,-0.09390855,-0.11392258,0.0583056,0.0,0.10153134,-0.1553776,0.13776226,0.4351018,-0.21590084,-0.89137375,-0.068748966,-0.36327273,-0.030059539,0.36955157,0.41306683,0.023124138,-0.18338528,0.0,0.021236973,0.04195329,0.04920171,0.031752918,-0.016480274,0.5252,0.094021186,-0.14484158,-0.00066764257,-0.02504464,-0.011009292,0.0,0.08507652,-0.012658299,-0.04951682,0.34804243,-0.058164783,0.0,-0.034703296,-0.04585476,-0.24451272,0.6255963,1.0360681,-0.00086402963,-0.0031958064,0.14767711,0.0
CB,-0.13244505,-0.15072569,0.14826414,0.17252943,-0.050440688,-0.07087615,-0.059382048,-0.038694505,0.049742047,-0.14995617,-0.17451565,0.04315518,0.15543449,0.0072748293,-0.12629099,-0.07110189,-0.047648482,0.31225428,-0.23233205,0.0,-0.7782334,-0.9195737,-0.06524447,-0.041839764,0.56640697,-0.64385396,0.6512182,-0.64856845,-0.7411881,0.020957848,-0.035768755,-0.27611777,-0.19379805,0.10554616,0.0,-0.025495432,-0.21444215,0.0,0.021236973,0.04195329,0.04920171,0.031752918,-0.016480274,0.5252,0.008482765,-0.10343865,0.038365647,0.014451039,0.20468599,0.0,-0.17451565,-0.046033546,-0.08265046,0.15543449,-0.077361494,0.022169681,-0.041472252,-0.08204722,-0.16468708,0.35254788,0.02203452,-0.04794762,-0.0103046205,0.0,0.0
CDNS,-0.05939486,0.03073469,-0.025244676,0.54538494,-0.045142267,-0.0716949,-0.062612206,-0.06107211,0.051586453,-0.5246668,0.07965026,0.16852175,0.14947432,0.5748334,-0.075988896,-0.06443769,-0.0040263515,0.44871,0.30701452,0.39944056,-0.05010052,0.013821247,0.14925337,0.2756131,0.50375843,-0.16419855,0.06836489,0.5698594,-0.23131563,0.31585246,0.08684176,-0.8817849,0.23559724,0.99179316,0.92445695,0.0,0.21733283,0.0,0.021236973,0.04195329,0.04920171,0.031752918,-0.016480274,0.5252,0.10197569,-0.045344576,-0.047024373,-0.020898085,-0.00035050395,-0.2339916,0.07965026,-0.021120155,-0.06261663,0.14947432,-0.08760895,0.4291124,-0.010983501,-0.05847372,0.026028184,-0.08217726,-0.20536293,0.034756914,-0.0043412587,0.50227535,0.4331043
CEG,-0.056943778,-0.12493924,0.09027677,0.14972106,-0.038959514,-0.07732514,-0.05954752,-0.06625673,0.049740855,-0.15636896,-0.10239893,-0.09803583,0.05505587,0.07289033,-0.044929165,-0.05671916,-0.08027532,0.20624799,0.0,0.024117688,-0.20572595,-0.2045539,0.0,0.0,0.27663317,-0.250015,0.22105575,-0.027330117,-0.22235581,0.098504044,-0.19434395,-0.15600862,-0.08928603,0.0074855303,-0.0009654178,0.0020993557,0.0,0.0,0.021236973,0.04195329,0.04920171,0.031752918,-0.016480274,0.5252,0.00834098,0.011408292,0.0031803953,0.010348284,-0.00072453567,-0.0053381952,-0.10239893,-0.028931044,-0.07203364,0.05505587,-0.07682775,0.040119544,-0.052592836,-0.039847102,-0.088046126,0.18375157,0.05020518,-0.016550655,-1.1748026e-15,0.30725956,0.14414345
CFR,-0.19813934,-0.19955106,0.1658448,-0.093012445,-0.05152312,-0.07085995,-0.06127408,-0.06901907,0.049742047,0.0,-0.124318354,-0.30744722,-0.09993651,-0.01783067,-0.15530652,-0.06131168,-0.06730913,0.17746022,-0.25445086,-0.22223729,-0.14144418,-0.09697734,-0.15584728,-0.22734846,-0.109444864,-0.1404736,0.2004375,-0.1356022,0.0,-0.3168716,0.01694659,-0.0026404893,-0.2418126,-0.5916249,-0.68468034,0.057044946,-0.30675456,0.0,0.021236973,0.04195329,0.04920171,0.031752918,-0.016480274,0.5252,0.045674253,-0.015844434,0.0,0.006399821,-0.0035016898,0.07001771,-0.124318354,-0.050463673,-0.0793204,-0.09993651,-0.08232401,0.0,-0.06275783,-0.10698242,-0.20147297,-0.06933071,-0.5648758,0.025174055,-0.008240291,0.09113162,0.024892973
CL,-0.20182893,-0.46595252,0.27380386,-0.26664993,-0.059980564,-0.06754215,-0.061131377,-0.079920664,0.05350397,0.87845296,4.3235545,0.12878726,-0.15874352,0.0,-0.13272882,-0.060743436,-0.039942317,0.3956309,-0.42750868,-0.34881452,-0.875069,-1.0186954,-0.17272504,-0.24161333,0.4357112,-0.73155713,0.7550665,-1.0572037,-0.73495203,-1.1467222,-0.22971688,-0.18980394,-0.33860722,-0.58342427,-0.7316286,-0.021915385,-0.31778038,0.0,0.021236973,0.04195329,0.04920171,0.031752918,-0.016480274,0.5252,0.04078123,0.26312375,0.06441656,0.15519953,-0.1402199,0.2231366,4.3235545,0.009738728,0.0,-0.15874352,-0.07212107,0.100047536,-0.066930264,-0.16008323,-0.32671753,0.07820415,0.9207907,-0.08948904,-0.0133978035,-0.02341831,-0.19251037
CMCSA,-0.11479596,-0.40520218,0.24855354,0.051012017,-0.07292937,-0.033175528,-0.0717495,-0.08424629,0.059572842,0.0,-0.11594304,-0.015404087,-0.5397298,-0.4711597,-0.0769985,-0.07751083,-0.0086288415,-0.25623858,-0.39325535,-0.33677125,-0.48977703,-0.53845257,-0.12264018,-0.15632054,0.15062556,-0.52736855,0.397393,-0.3281529,-0.45040455,0.7360571,-0.34370762,0.46405172,-0.24930952,-0.07385937,-0.11607118,-0.027009245,-0.14020252,0.0,0.021236973,0.04195329,0.04920171,0.031752918,-0.016480274,0.5252,-0.021008516,-0.011558261,0.0092618745,0.0,0.017647598,0.053053778,-0.11594304,-0.038338285,-0.07385151,-0.5397298,-0.091411546,-0.6924843,-0.08999858,-0.07839243,-0.2812685,0.6568517,0.48553917,-0.54832864,-0.02399296,-0.14238156,-0.3144251
CME,-0.091139816,-0.09365446,0.1385344,0.40123275,-0.059151843,-0.083640575,-0.0732541,-0.07558174,0.060027514,1.2469331,-0.17436254,0.17446811,0.5367119,0.15529594,-0.08363046,-0.0652085,-0.055923738,0.44631842,0.0,0.29649284,-0.6531951,-0.7638724,0.0,0.042693008,0.5530064,-0.5854592,0.58274907,-0.8838278,-0.54842615,-0.9141867,0.10814021,0.22246371,-0.14066541,0.09798575,0.10223772,-0.07746192,-0.26961118,0.0,0.021236973,0.04195329,0.04920171,0.031752918,-0.016480274,0.5252,-0.027910238,0.0486604,0.0101966355,0.0062353117,-0.00047465798,0.0,-0.17436254,-0.010238179,-0.025945364,0.5367119,-0.06301698,0.37165284,-0.023167871,-0.0851737,-0.16318569,-0.18927161,-0.96889836,-0.020725127,-0.011639325,0.06213369,0.0691697
CMG,-0.026064025,0.06983451,-0.07333922,0.30432925,0.031986874,0.0,-0.06416356,-0.05055703,0.0501028,-0.4395744,0.029930849,-0.081261694,-0.06292247,-0.0956397,-0.053263936,-0.054373726,0.025167959,0.1676934,0.0,0.0,0.020284295,0.14304139,-0.043377757,-0.12204097,0.0,0.0,-0.05016132,-0.22560963,0.25116834,0.1496522,-0.37490317,-0.8093786,-0.066694066,-0.21560362,-0.23847723,0.025069173,-0.19904563,0.0,0.021236973,0.04195329,0.04920171,0.031752918,-0.016480274,0.5252,-0.1417441,0.04091287,0.0,-0.02506404,0.0,0.0,0.029930849,0.0,-0.013477908,-0.06292247,-0.07259781,-0.31714424,-0.1439606,0.0037536467,0.048714146,-0.49695006,-0.4378888,0.24165456,0.0,0.24717262,0.4605114
COF,-0.108045004,-0.1469961,0.087185346,0.17252943,-0.050440688,-0.07087615,-0.065840945,-0.07593544,0.056533705,-0.14995617,-0.10330696,-0.15675661,0.008284087,0.006945021,-0.0856214,-0.07110189,-0.047648482,0.31225428,-0.061322235,0.0017273241,-0.23914525,-0.24351431,-0.0051943404,-0.0379938,0.28558284,-0.27519163,0.2507478,-0.07366733,-0.2502833,0.11521706,-0.19288875,-0.14266987,-0.1224955,0.009830971,0.008668533,0.0050605168,-0.009133386,0.0,0.021236973,0.04195329,0.04920171,0.031752918,-0.016480274,0.5252,0.0036842602,0.0016147766,0.008867373,0.009957498,-0.004140195,0.0,-0.10330696,-0.03310087,-0.07568918,0.008284087,-0.08346946,0.0318849,-0.05716986,-0.07425513,-0.08864733,0.20120277,0.07919574,-0.019559724,-0.013428628,0.2881834,0.1421901
COHR,0.0,0.507995,-0.1394949,0.032859042,-0.0036265708,-0.013168094,-0.051990464,-0.03691447,0.037242126,-0.34573066,-0.15226123,-0.24692008,0.0,0.0,-0.036990512,-0.04498406,-0.9434137,-0.10249207,0.4132321,-0.0007097057,1.2610575,1.6565199,0.05309466,0.0,-0.5498104,0.78442454,-0.91822916,1.7099514,1.3421643,0.5293632,0.13488373,-0.46782503,0.0,0.23762242,0.26554534,-0.031037629,0.46480513,0.0,0.021236973,0.04195329,0.04920171,0.031752918,-0.016480274,0.5252,0.0,0.038114313,-0.09880301,0.08995375,-0.14737377,0.0,-0.15226123,-0.00218296,-0.030702397,0.0,-0.068408296,0.0,-0.056093987,0.044610046,0.18288517,-0.06527294,-0.85234946,0.0,0.0,0.4909167,0.43761283
COP,-0.13244148,-0.613036,0.32566467,-0.17467318,0.0020028395,0.0,-0.08038108,-0.074539736,0.059918407,0.15809499,-0.13174495,-0.26576048,-0.07197831,-0.18492614,-0.0766226,-0.0754988,0.06664238,-1.0942893,-0.4969954,-0.71653825,0.15417065,0.21355018,-0.22341725,-0.5082499,-0.50736,-0.08491283,0.10698111,-0.027751762,0.28997025,0.662364,-0.20952922,0.8254561,-0.31263158,-0.36801615,-0.43266276,-0.023914756,-0.39543167,0.0,0.021236973,0.04195329,0.04920171,0.031752918,-0.016480274,0.5252,0.015309389,-0.08419014,0.0,0.0,0.051995177,0.01980903,-0.13174495,0.0,0.0,-0.07197831,-0.0727389,0.0,-0.13565952,-0.06571466,-0.37402785,0.3309184,0.07533345,0.0,-0.008691934,-0.26012695,-0.8001047
COST,-0.094798096,-0.11350331,0.07033408,0.2859021,-0.0647472,-0.06785154,-0.074778765,-0.072176605,0.06316379,-0.47715858,-0.03189414,0.17637445,0.4326032,0.43591976,-0.07966994,-0.06761234,-0.20092547,0.58414686,0.037259158,0.4706806,-0.7473541,-0.8777234,0.1059381,0.11169656,0.59928846,-0.55094075,0.702575,-0.64809185,-0.7277141,0.24644019,-0.43124798,-0.5032394,0.0,-0.00056980614,0.04706891,0.017282953,-0.11913352,0.0,0.021236973,0.04195329,0.04920171,0.031752918,-0.016480274,0.5252,0.026655253,0.06875909,0.008914158,-0.040855087,0.018055607,-0.009178936,-0.03189414,-0.041192945,-0.067155875,0.4326032,-0.06844508,0.47491622,0.0018535529,-0.07130448,-0.07690436,-0.21204251,-0.47207537,0.016219987,-0.013554948,0.39772582,0.32144162
CRM,0.019124521,0.4021833,-0.31531656,0.71388423,-0.063774794,-0.06296085,-0.060375802,0.0,0.060017783,-0.28778777,-0.15618943,-0.4538066,-0.92256486,-0.7063397,-0.040884275,-0.056873698,0.5686398,0.36522582,0.0,-0.09879359,0.053849593,0.15933146,0.0,0.0,0.04527834,-0.09259758,0.0029596863,0.4756914,-0.02386731,1.0414603,-0.73809713,-0.33244002,-0.08073969,1.0173082,0.9696495,0.023549143,0.12187739,0.0,0.021236973,0.04195329,0.04920171,0.031752918,-0.016480274,0.5252,0.012862709,-0.10232975,0.0,-0.025176033,0.041233122,0.0,-0.15618943,-0.012468681,-0.05958655,-0.92256486,-0.111437924,-1.1868478,-0.17920113,0.0131884515,0.39739183,-1.0830178,-1.4822553,0.07424579,-0.00406721,0.4811506,0.48148677
CRWD,-0.021439768,0.0,-0.088762425,0.22260892,-0.03304104,-0.04781475,-0.059723053,-0.03917714,0.059572842,-0.1815772,-0.11768341,-0.16041176,0.0,0.0,-0.025961287,-0.05352888,0.034870442,0.102399595,0.0,0.018901559,0.19928898,0.5310097,0.019043917,0.016775332,0.24270849,-0.06221542,0.10483271,0.05087541,0.26063368,0.13945046,-0.20437595,-0.1751446,-0.070452385,0.20912288,0.17021185,0.0011662456,0.038794592,0.0,0.021236973,0.04195329,0.04920171,0.031752918,-0.016480274,0.5252,0.015018396,-0.0036573235,0.0,0.017958548,0.003022937,-6.7257195e-18,-0.11768341,-0.013546815,-0.035576057,0.0,-0.08050401,0.0,-0.06857457,0.02720939,0.06337946,-0.6285105,-0.71165574,0.06501772,-0.0004829865,0.5215264,0.47864422
CS,-0.16897474,-0.52516764,0.34208554,0.17252943,-0.0585358,-0.08108581,-0.07527071,-0.08577081,0.060527094,-0.16037591,-0.17193341,0.0,0.33858907,0.0,-0.09940341,-0.0732575,-0.047648482,0.7356187,-0.11573104,0.0,-0.5321799,-0.5116579,0.0,-0.072201476,0.3427255,-0.4775156,0.34080556,-0.29492837,-0.42158148,0.9033464,-0.21476983,1.686507,-0.25858447,-0.32598662,-0.37192625,0.01582828,-0.33166045,0.0,0.021236973,0.04195329,0.04920171,0.031752918,-0.016480274,0.5252,-0.06128609,0.017258395,0.00012188046,0.0,-0.005477463,0.0,-0.17193341,-0.03467799,-0.06973626,0.33858907,-0.066735595,0.48416638,-0.0037981768,-0.12697592,-0.3753461,0.7158471,0.49526373,0.0,-0.015927989,0.12561074,-0.17149833
CSCO,-0.1180823,-0.42221498,0.20446838,0.0,-0.040381588,-0.05726714,-0.07013863,-0.06646446,0.052957654,0.8930196,0.025914337,0.0,0.0,0.0,-0.07021057,-0.066361256,-0.05533631,0.61241233,0.0,0.12070182,-0.6135599,-0.51210076,0.015804388,0.032745093,0.46661532,-0.42032713,0.3272623,-0.10949043,-0.7486183,-0.1626569,-0.3130605,0.10290317,-0.01388591,0.16360502,0.20801269,0.047356248,-0.09000086,0.0,0.021236973,0.04195329,0.04920171,0.031752918,-0.016480274,0.5252,0.0066644438,0.022207845,0.0,-0.0031534263,-0.10880041,0.0,0.025914337,-0.027638687,-0.06305961,0.0,-0.065305814,0.38628373,-0.034558676,-0.09663615,-0.2426109,0.9165328,1.0831726,-0.38595897,-0.030311607,-0.06912092,-0.20692721
CVX,-0.13777904,-0.60802484,0.23947282,0.0,-0.05308848,-0.07732699,-0.08165986,-0.014200242,0.060527094,1.0774794,-0.17086768,-0.06844092,0.09446134,-0.12571494,-0.0578015,-0.078716494,-0.03484806,-0.17403945,-0.43602458,-0.417751,-0.44762215,-0.49984935,-0.17462789,-0.3093788,0.18465221,-0.43020102,0.35155997,-0.4066219,-0.4148113,0.1127037,-0.061985083,0.83255,-0.33001542,-0.46795893,-0.4683053,0.13662265,-0.22409359,0.0,0.021236973,0.04195329,0.04920171,0.031752918,-0.016480274,0.5252,0.14225814,-0.03057525,0.0,0.028342849,0.13241506,0.118157655,-0.17086768,0.0,-0.010007957,0.09446134,-0.07364655,-0.14039972,-0.07950165,-0.11496829,-0.2664252,0.13999386,-0.2819706,-0.0896389,-0.002267518,-0.20298006,-0.66961145
DASH,-0.037540484,-0.073287256,0.008217904,0.17763588,-0.06343965,-0.08739273,-0.061131377,-0.04615785,0.050214045,-0.17758042,-0.12793526,-0.15768138,0.0,0.0,-0.039390326,-0.054833144,-0.010301195,0.32597977,-0.034232195,0.007051147,-0.18058877,-0.16789493,0.0009634845,-0.0049482184,0.26256877,-0.22360173,0.21209309,0.015204827,-0.20870051,0.06657226,-0.20092468,-0.15503015,-0.0962731,-0.036142513,-0.027736185,0.0,0.027710628,0.0,0.021236973,0.04195329,0.04920171,0.031752918,-0.016480274,0.5252,-0.0028720824,0.009140582,0.00542924,0.0057562212,-0.015376005,0.0,-0.12793526,-0.02959821,-0.06079013,0.0,-0.078672335,0.0,-0.06442726,-0.023581007,-0.0072519565,0.14585158,0.023421457,0.05809476,-0.0051750853,0.43558416,0.2885474
DDOG,-0.056453057,0.0,-0.05699384,0.24125585,-0.04769221,-0.06602023,-0.062468123,-0.07466205,0.050214045,-0.17969415,-0.10492024,-0.11102834,-0.00567099,-0.00740869,-0.04480885,-0.060406014,0.0074021034,0.4422855,-0.0042737247,0.0,0.0,0.28322428,0.004056561,0.0,0.20836025,-0.03549115,0.15638323,0.04303317,0.0,0.11133029,-0.20335022,-0.15534607,-0.08562116,0.063900076,0.05229453,0.004054172,0.0779611,0.0,0.021236973,0.04195329,0.04920171,0.031752918,-0.016480274,0.5252,0.0035742917,0.003968713,0.0023627859,0.004236806,-0.0027846834,-0.0005171259,-0.10492024,-0.028991595,-0.046806976,-0.00567099,-0.08546847,-0.04584995,-0.07255829,0.025734052,0.052474637,-0.6149693,-0.781354,0.06327337,-0.013062011,0.47044128,0.32328314
DE,-0.062469993,-0.29469362,0.23165756,0.0,-0.018129162,-0.05974708,-0.06936355,-0.07297421,0.07529741,0.0,0.007283035,-0.091884084,0.01789864,-0.3317446,-0.0391363,-0.063355535,-0.061778158,0.45269156,0.0,0.0,-0.26073635,-0.21627526,0.0,0.0,0.31830883,-0.18714222,0.25792518,-0.06981733,-0.21891193,-0.42061022,-0.10419394,-0.48463807,-0.17823696,-0.13700727,-0.036789764,-0.13214548,-0.3825688,0.0,0.021236973,0.04195329,0.04920171,0.031752918,-0.016480274,0.5252,0.39824685,-0.04228646,0.0,-0.018252473,-0.066447735,0.0,0.007283035,-0.049223706,-0.07100951,0.01789864,-0.069427855,0.0,-0.0062288027,-0.06995032,-0.25706443,0.64379036,0.74598676,-0.007909435,-0.0018306706,-0.09007352,-0.24071594
DELL,-0.08519724,-0.16733247,0.10559617,0.10006492,-0.08355263,-0.119163446,-0.05916176,-0.065358326,0.059572842,-0.18572058,-0.12886105,-0.061988667,0.0013193476,0.020632345,-0.062928274,-0.05622853,-0.059225753,0.45200938,0.0,0.015528302,-0.14570498,-0.10734101,0.01698885,0.0,0.2664064,-0.21051279,0.20086119,0.04928992,-0.19783118,0.101219445,-0.19075502,-0.101258814,-0.10140128,0.0731892,0.07988325,-0.00016680997,-0.015394647,0.0,0.021236973,0.04195329,0.04920171,0.031752918,-0.016480274,0.5252,0.0028514394,0.0036796385,0.0,0.005680238,-0.027089724,0.0,-0.12886105,-0.050188553,-0.09451,0.0013193476,-0.08415681,0.11724845,-0.030970216,-0.041716173,-0.10105811,0.16737136,0.086534426,-0.016650839,-0.00300596,0.35612604,0.13370952
DHR,-0.108306594,-0.21663016,0.16115656,-0.21124725,-0.028383471,-0.037887394,-0.06446963,-0.07211417,0.056021485,-0.031275082,-0.16189916,0.0,0.23123269,0.31841806,-0.08583946,-0.061754316,-0.04821472,0.33697307,-0.030686148,0.06341946,-0.5415254,-0.5657257,0.013615687,-0.03930188,0.50917196,-0.4270253,0.52210516,-0.13314377,-0.5817199,1.0132781,-0.3209832,-0.37531215,-0.16042747,-0.15143284,-0.26311544,-0.06273977,-0.2286111,0.0,0.021236973,0.04195329,0.04920171,0.031752918,-0.016480274,0.5252,0.032349434,-0.008853511,0.0,0.0,-0.010170464,0.0,-0.16189916,-0.03812046,-0.079182856,0.23123269,-0.07125479,0.04476494,-0.06861059,-0.10774685,-0.16357958,-0.16137795,-0.8148294,0.0077622836,-1.1748026e-15,0.18381158,0.0
DIS,-0.13889311,-0.32494712,0.19868723,-0.48464552,-0.06585227,-0.0066901627,-0.07623892,-0.07524144,0.056533705,-0.26955613,-0.09994492,-0.041558973,-0.5373008,-0.52413017,-0.07796672,-0.062658764,-0.11389412,0.042644966,-0.46231484,-0.45070145,-0.49366847,-0.40844625,-0.20378552,-0.4068454,-0.068848535,-0.46902022,0.42044577,-0.16151467,-0.49460614,0.4868333,-0.24154137,-0.3186728,-0.29839653,-0.15035951,-0.23363996,-0.14858286,-0.43774748,0.0,0.021236973,0.04195329,0.04920171,0.031752918,-0.016480274,0.5252,-0.0051988154,0.017329676,0.019571679,0.046697937,0.0,0.048330035,-0.09994492,-0.03085042,-0.06689378,-0.5373008,-0.13781594,-0.601679,-0.08522656,-0.08998309,-0.22077778,-0.03633239,-0.51917225,-0.049455844,-0.012155941,-0.0061979075,-0.0559746
DLR,-0.12081572,-0.09866614,0.11344238,-0.16749291,-0.06710939,-0.12292065,-0.07254491,-0.07569233,0.049990065,0.0,-0.24529186,0.0,-0.10123538,0.12157359,-0.12098182,-0.0680592,-0.0970024,-1.3137796,-0.06978301,0.0,-0.35551494,-0.4439865,-0.009783429,-0.095324695,0.25573406,-0.53806657,0.3426736,-0.5406465,-0.2173633,-0.2683053,0.0,0.21294163,-0.19968206,-0.12248332,-0.13305119,0.022119362,-0.21168585,0.0,0.021236973,0.04195329,0.04920171,0.031752918,-0.016480274,0.5252,-0.22197951,0.004382143,0.0,-0.033249497,-0.0056424015,0.0,-0.24529186,-0.012334313,-0.062877044,-0.10123538,-0.07055579,0.0,0.0056035505,-0.09777534,-0.116029374,-0.6311541,-2.1969385,0.043400984,0.0,0.23243429,0.27109993
DSY,-0.09781352,-0.056584906,0.031322803,0.50620544,-0.06388101,-0.091788724,-0.059195723,-0.066607855,0.05275446,-0.3446561,-0.09735528,0.0,0.0,0.0,-0.12082294,-0.061343964,0.029968733,0.4941735,-0.1405821,-0.07161772,-0.30414495,-0.24716447,-0.040605,-0.06503296,0.12889843,-0.25789386,0.2904813,-0.34213406,-0.09782803,-1.2271382,-0.03611803,-0.84393084,-0.14575058,-0.035659306,0.0,-0.05145911,-0.31683907,0.0,0.021236973,0.04195329,0.04920171,0.031752918,-0.016480274,0.5252,-0.09752587,-0.08844736,0.0,0.0,0.09501521,0.04379778,-0.09735528,-0.03982376,-0.08087328,0.0,-0.084594965,-0.021569058,-0.07119666,-0.075177625,-0.06803105,-0.590929,-0.8600044,0.043400984,-0.013530551,0.11142633,0.2874693
DTE,-0.11370876,-0.2500214,0.17723124,0.068148494,-0.067649476,0.0,-0.062648125,-0.034695804,0.055080112,-0.020584842,-0.1357976,-0.07934473,-0.021056892,-0.065069355,-0.08805931,-0.06735988,0.14170977,-1.0430773,-0.31323192,-0.070563294,-0.68629825,-0.83403236,-0.095280044,-0.21273924,0.38550577,-0.62282914,0.63248307,-0.5080364,-0.7007622,0.5005406,-0.22770847,0.83879733,-0.22609541,-0.23329982,-0.3041514,0.009815518,0.028795838,0.0,0.021236973,0.04195329,0.04920171,0.031752918,-0.016480274,0.5252,-0.021257726,-0.024195794,0.018119315,0.06679259,0.0123856375,0.012664603,-0.1357976,-0.027169324,-0.05104851,-0.021056892,-0.079771586,-0.16323976,-0.07263687,-0.096686035,-0.20407453,0.4310891,0.30076638,-0.67916286,-0.043471064,-0.33260638,-0.4617653
ECL,-0.12459087,-0.36989057,0.214701,0.0,-0.03438564,-0.060342744,-0.050024446,-0.06139097,0.039205745,-0.22215886,-0.061778568,0.071466275,0.21513611,0.24927896,-0.055062782,-0.044019066,-0.06464614,0.17011027,-0.29245627,-0.12654625,-0.71551615,-0.802525,-0.08227808,-0.18386716,0.56122535,-0.6279626,0.538736,-0.25907475,-0.8333134,-0.54856634,-0.20480682,-0.68197817,-0.24081908,-0.4975888,-0.66456294,-0.0013512758,-0.34505552,0.0,0.021236973,0.04195329,0.04920171,0.031752918,-0.016480274,0.5252,-0.054105654,0.07772805,0.041392095,0.06802614,-0.052561786,0.074407704,-0.061778568,-0.031622674,-0.06893873,0.21513611,-0.076415226,0.051366895,-0.061249614,-0.08272689,-0.25563732,-0.25816515,-0.59977996,0.0,-0.0038265514,0.047520783,-0.10887162
EMR,-0.13584813,-0.46776894,0.26133695,-0.0613088,-0.02058749,-0.033844803,-0.060098197,-0.043000095,0.048010364,0.54879826,-0.029513555,-0.106117256,0.0,0.23225653,-0.06358182,-0.056133423,0.015640838,0.4295442,-0.20126638,-0.17684494,-0.35555115,-0.3802121,-0.11020066,-0.10078655,0.19977273,-0.28328976,0.40113932,0.2953271,-0.5840174,-0.3862112,-0.27527526,-0.04373655,-0.19430293,0.058420353,0.026199054,0.0,-0.2823722,0.0,0.021236973,0.04195329,0.04920171,0.031752918,-0.016480274,0.5252,0.09671125,-0.021285359,0.0,0.007803707,0.0021805079,0.012958693,-0.029513555,-0.03095741,-0.071721986,0.0,-0.072855234,0.0825762,-0.06923927,-0.09168518,-0.31500405,0.45206797,0.42976508,-0.022326164,-0.008240291,0.0,-0.18357758
ENEL,-0.14146157,-0.4035847,0.3001907,-0.5279256,-0.020705212,0.16948801,-0.076578155,-0.07819986,0.059572842,-0.38182098,-0.12329581,-0.009843736,0.3826515,0.083471015,-0.05981566,-0.07076684,-0.4090485,-0.4839012,-0.071158186,0.0,-0.43232378,-0.5196584,-0.06065706,-0.08239063,0.29094186,-0.4824661,0.41245064,-0.39050838,-0.3330935,0.56978506,-0.074933514,1.8134189,-0.18683349,-0.103061974,-0.13039921,0.0,-0.27080983,0.0,0.021236973,0.04195329,0.04920171,0.031752918,-0.016480274,0.5252,-0.08052023,-0.013037116,0.004104757,0.0,-0.027649011,0.0,-0.12329581,-0.023620112,-0.050289914,0.3826515,-0.062581666,0.14762188,-0.051050883,-0.09973942,-0.35425267,0.860638,0.71004474,-0.018927878,-0.005430474,0.06779614,-0.20072229
EQIX,-0.05819402,0.09391528,-0.005086193,-0.20930913,-0.03260332,-0.07252586,-0.068637945,-0.068070404,0.056533705,-0.592689,-0.19372194,-0.022253798,-0.05995968,0.047052637,-0.07569712,-0.06899199,-0.42680374,-2.701613,-0.0829013,0.0,-0.37199572,-0.35762602,0.0,0.0,0.41184556,-0.3612792,0.35251158,-0.30764478,-0.23515858,0.8501885,-0.47935754,-0.049867004,-0.10587865,-0.38711685,-0.5425001,0.02794491,-0.14462171,0.0,0.021236973,0.04195329,0.04920171,0.031752918,-0.016480274,0.5252,-0.03567162,0.123885565,0.0,0.0,0.0,0.0,-0.19372194,-0.016269391,-0.050056037,-0.05995968,-0.07125258,-0.080635235,-0.076386906,-0.023787891,-0.0038486975,-1.4963608,-2.021085,0.03867283,0.0,0.35856745,0.4345896
ETN,-0.10001629,-0.30800256,0.17996275,0.19330539,-0.0066641564,0.0,-0.06761118,-0.06646878,0.05338177,0.0,-0.123862624,0.12762286,0.40380105,0.18533891,-0.05614332,-0.0666866,-0.035566524,0.4362079,0.0,0.016790384,-0.28864574,-0.2671475,0.0,0.0,0.35042703,-0.3831265,0.28469634,0.41086793,-0.5593685,0.11814975,-0.19210202,-0.17014198,-0.022024933,-0.0034899362,-0.007408847,0.0155860875,-0.017033486,0.0,0.021236973,0.04195329,0.04920171,0.031752918,-0.016480274,0.5252,0.0,0.027100082,0.0,-0.005110523,-0.064120084,0.0,-0.123862624,-0.01770757,-0.06329344,0.40380105,-0.065924026,0.34075874,-0.049698085,-0.06746298,-0.19157998,0.2177289,-0.047864165,-0.018045561,0.0,0.36963853,0.0
FCX,-0.15458019,-0.36626118,0.24564129,-0.21423775,-0.02547277,-0.047810126,-0.06482154,-0.051223364,0.053983983,0.06784943,-0.096181035,-0.3528855,-0.08685877,-0.11639007,-0.12383242,-0.07012873,-0.027678879,-0.7901685,0.0,-0.3456868,1.139975,1.3770131,-0.17157042,-0.3152411,-0.92161876,0.48924288,-0.7928631,1.3564042,1.0938898,-0.16680467,0.16798161,-0.11290009,-0.2786673,-0.63335985,-0.8007528,-0.068131596,-0.54533815,0.0,0.021236973,0.04195329,0.04920171,0.031752918,-0.016480274,0.5252,0.04036346,0.10313377,0.0,-0.01581454,-0.15927544,0.00026928727,-0.096181035,-0.041635074,-0.056062665,-0.08685877,-0.075690486,-0.09313716,-0.03641017,-0.074404076,-0.33808172,0.20143983,-0.1584222,-0.3562736,0.0,-0.3436696,-0.4723844
FICO,0.0,0.041009653,-0.014402876,0.39236447,-0.0056224796,-0.014125875,-0.061131377,-0.051144846,0.048449386,0.6112362,0.37780032,0.0,0.0,0.02312807,-0.016059095,-0.057118144,-0.2247013,0.5780179,0.6590266,0.63260245,-0.09018823,0.16586275,0.3066342,0.31064743,0.42943755,-0.11612564,0.11003554,0.31928995,-0.049321704,-0.29905835,-0.22062445,-0.9671632,0.2398274,0.28429154,0.24926104,0.024013575,0.10266468,0.0,0.021236973,0.04195329,0.04920171,0.031752918,-0.016480274,0.5252,-0.008716825,0.010318241,-0.007554517,-0.043692537,-0.017295817,-0.11618776,0.37780032,-0.045087367,-0.08038921,0.0,-0.118246526,0.41789943,-0.027988473,0.026387662,0.036366694,-0.06099054,0.23386334,0.049305186,-0.006003,0.50255805,0.43369493
FN,0.0,0.23017642,-0.18512301,-0.31768793,-0.06584019,-0.0665081,-0.07308939,-0.07101312,0.05805777,0.0,-0.108161986,-0.15678084,0.28559735,0.2999371,-0.11536536,-0.06260987,-0.23961917,0.5066583,0.42997566,0.12101235,0.77528864,1.2440943,0.18540503,0.23657171,0.027914762,0.50383854,-0.69603735,0.86673325,1.0848773,0.55685174,-0.28707615,-0.64159375,0.2145592,1.0108174,0.8902998,0.025632396,0.8198466,0.0,0.021236973,0.04195329,0.04920171,0.031752918,-0.016480274,0.5252,0.03990372,0.22436914,0.0,0.071743324,0.05334951,-0.03415174,-0.108161986,-0.023181438,-0.048464816,0.28559735,-0.06717078,0.2801036,-3.25621e-05,-0.024756858,0.25044852,0.38946596,0.102059975,0.0,-0.0015661876,0.4769933,0.4230281
FTNT,0.058157753,0.60787416,-0.32949877,0.6085453,-0.03952875,-0.05291866,-0.05934228,-0.052403137,0.049742047,-0.215268,0.087831534,-0.22132987,0.0,-0.0023398567,0.0,-0.061388183,0.82283103,0.19589218,0.22448854,0.04047199,0.3146509,0.6483086,0.21878554,0.20252535,0.13350059,0.08724143,-0.25074354,0.55829567,0.441446,-0.3691065,-0.18937273,-0.7856466,0.23661758,1.1618677,1.24203,0.024510168,0.863165,0.0,0.021236973,0.04195329,0.04920171,0.031752918,-0.016480274,0.5252,0.09747594,-0.16013518,0.0,0.0,-0.12203985,-0.0074391845,0.087831534,-0.015653517,0.0,0.0,-0.065849856,-0.46295422,-0.069142975,0.072135404,0.4199209,-0.13217758,-0.16518785,0.056055594,-0.0051750853,0.5383237,0.50230527
GE,-0.08594707,-0.122149736,0.08338019,0.17383319,-0.048731226,-0.070290335,-0.06797988,-0.07415044,0.056533705,-0.14225972,-0.08425574,-0.13704795,0.02648624,0.031336553,-0.06917903,-0.061904006,-0.047648482,0.3178854,-0.03478068,0.017314326,-0.23257558,-0.23661357,0.001700869,-0.0108562885,0.30183816,-0.27108943,0.2428807,-0.060392797,-0.24938075,0.11561424,-0.19512054,-0.1521216,-0.088714294,0.040009607,0.036737565,0.0068303477,0.0030412097,0.0,0.021236973,0.04195329,0.04920171,0.031752918,-0.016480274,0.5252,0.014070966,0.004257592,0.00502724,0.0036655406,-0.0027781564,0.0,-0.08425574,-0.018291933,-0.062131546,0.02648624,-0.07564779,0.04001364,-0.050603136,-0.050865684,-0.08063446,0.19097179,0.067372315,-0.0005063503,-0.0041240645,0.33528936,0.16358322
GEV,-0.07946867,-0.12301464,0.079012014,0.17319882,-0.028751822,-0.06493662,-0.06336549,-0.07415044,0.053799067,-0.1533125,-0.08624026,-0.15289691,0.028245023,0.032916054,-0.06351032,-0.06321299,-0.04779584,0.3178854,-0.03336204,0.017838523,-0.22010185,-0.22871003,0.004126432,-0.0005457974,0.29583192,-0.26313022,0.23363106,-0.05201338,-0.2370412,0.10786499,-0.19074087,-0.15332827,-0.08068275,0.012258286,0.0101853125,0.007857605,-0.004313349,0.0,0.021236973,0.04195329,0.04920171,0.031752918,-0.016480274,0.5252,0.008929256,-0.0021004719,0.0040376512,0.013725566,-0.0034148134,0.0,-0.08624026,-0.008373003,-0.0620708,0.028245023,-0.076162696,0.027292278,-0.05517611,-0.038575772,-0.07891605,0.1908229,0.067372315,0.00870146,-0.00079650583,0.33704907,0.1623579
GILD,-0.12878902,-0.31518134,0.21770188,-0.32158658,-0.06347352,-0.0728636,-0.06759858,-0.0871577,0.049740855,0.05126193,0.12243355,-0.15096904,-0.10016581,0.112966314,-0.10707071,-0.06808205,-0.0691302,0.45247823,-0.33685502,-0.35569432,-0.33787158,-0.35528022,-0.19111037,-0.27729842,-0.045543548,-0.3370214,0.4634753,-0.5444848,-0.1801499,0.0128762,-0.24824762,0.5594496,-0.3854616,0.09293633,0.12096345,-0.062111616,0.27038434,0.0,0.021236973,0.04195329,0.04920171,0.031752918,-0.016480274,0.5252,-0.24520881,-0.002664186,0.009529111,0.03441074,-0.104111165,0.0706214,0.12243355,-0.04623866,-0.07337534,-0.10016581,-0.081084765,0.18729693,-0.075768895,-0.0874066,-0.2195037,1.2265465,1.6738126,-0.44712624,-0.016056389,-0.08568324,-0.36284634
GLW,-0.11389356,-0.22028217,0.14249688,-0.71345496,-0.06885567,-0.08712444,-0.056533705,-0.06454134,0.04942679,0.5747964,-0.13819568,-0.19841014,0.44873565,0.0918788,-0.08792632,-0.05061751,-0.19712204,-0.47031403,0.0,0.0,-0.23529269,-0.17594501,0.0,0.0,0.15248232,-0.22069779,0.12633128,0.44909832,-0.41162074,-0.4360511,0.138112,-0.08096165,-0.1277148,-0.092590705,-0.12854075,-0.08718911,0.36540383,0.0,0.021236973,0.04195329,0.04920171,0.031752918,-0.016480274,0.5252,0.17333357,0.14051604,0.0,0.008393663,-0.077853784,0.0,-0.13819568,0.0,-0.0428733,0.44873565,-0.054712057,0.34445056,-0.04226339,-0.059870683,-0.09328866,0.3059692,-0.017169606,-0.022245858,0.0035671655,0.40900418,0.085562624
GM,-0.094592564,-0.40284458,0.28502378,-0.30322048,-0.046956163,-0.06978908,-0.07222911,-0.056045145,0.056058273,0.0,-0.09377698,-0.09698046,-0.31405625,-0.20314188,-0.048950136,-0.066155076,-0.2583727,0.13792291,-0.19307962,-0.2872092,0.15334195,0.16315012,-0.14631307,-0.23486814,-0.19206592,0.101672366,0.04558555,0.300881,0.0045839557,0.019632813,0.0071514104,0.33803782,-0.30560383,0.59801966,0.52995473,0.07820163,-0.2372085,0.0,0.021236973,0.04195329,0.04920171,0.031752918,-0.016480274,0.5252,0.029303895,-0.08111432,0.0,-0.0017559914,-0.0025499302,0.047706243,-0.09377698,-0.038986724,-0.06791716,-0.31405625,-0.09078553,-0.40527496,-0.10453573,-0.052441448,-0.31212574,1.2442737,0.975446,-0.021461744,-0.01459645,0.0,-0.10868387
GOOGL,-0.036068674,0.38342786,-0.32476476,0.04573358,-0.099001676,-0.090584606,-0.06362273,-0.07662389,0.056533705,-0.57451946,-0.05422521,-0.00045501825,0.014919105,0.0,-0.09058329,-0.0653748,-0.21939477,-0.7642796,0.026060335,0.14247699,-0.2454537,-0.22464459,0.04514444,0.0,0.39907527,-0.18636899,0.36214125,0.20436308,-0.44196436,1.255589,-0.7029683,-0.47261417,0.0,0.5444869,0.4920612,0.007757797,0.4230201,0.0,0.021236973,0.04195329,0.04920171,0.031752918,-0.016480274,0.5252,0.23759902,0.0,0.0,-0.00433795,0.024203463,0.0,-0.05422521,-0.017621582,-0.059934516,0.014919105,-0.075589806,-0.13439082,-0.089944065,-0.0121792015,0.40299344,-0.030132014,-0.32161158,0.049305186,6.489518e-05,0.5163218,0.48405546
GRMN,-0.111880176,0.0,0.054993745,0.0,-0.043485053,-0.05907404,-0.05963896,-0.08029889,0.049990065,-0.11311721,-0.10725823,-0.23550051,0.041787468,0.1274918,-0.099422164,-0.0584544,-0.09174399,0.305158,0.0,0.090466574,-0.45442754,-0.26805875,0.0,0.0,0.24063458,-0.32933632,0.39615926,-0.02384738,-0.40263754,-1.8351517,0.040728092,-0.41882026,-0.026973875,0.72359395,0.78747267,0.036837712,0.96878296,0.0,0.021236973,0.04195329,0.04920171,0.031752918,-0.016480274,0.5252,-0.09223267,-0.064320266,0.0,-0.002209023,0.0,0.0,-0.10725823,-0.0394686,-0.0708853,0.041787468,-0.06811961,0.3594843,-0.049719397,-0.06758126,0.0,0.18488398,-0.17075104,0.010686543,-0.005927955,0.50017744,0.30110312
GS,-0.08859015,-0.16933875,0.18156113,0.17252943,-0.056175336,-0.071166754,-0.06378314,-0.07297345,0.05223074,-0.14995617,-0.15889533,-0.21713206,0.0,0.06871374,-0.06859426,-0.064660214,-0.047648482,0.31225428,0.0,0.0,-0.27242666,-0.27411693,0.0,0.0,0.17536023,-0.37918627,0.36331433,0.41634786,-0.59033513,-0.3737311,-0.23477146,-0.11177945,-0.100224614,0.3369713,0.39913288,0.024744255,0.54032075,0.0,0.021236973,0.04195329,0.04920171,0.031752918,-0.016480274,0.5252,0.19027068,0.008346917,0.0,-0.0017806363,0.16173095,0.0,-0.15889533,-0.015749209,-0.050607167,0.0,-0.068612024,0.0197519,-0.02477836,-0.07290864,-0.1798557,0.5112663,0.27196944,-0.07394146,-0.006003,-0.15080105,-0.23498072
HCA,-0.020169389,-0.13924998,0.113500684,0.041581772,-0.053706087,-0.056740053,-0.0788274,-0.07350469,0.05539923,-0.49968868,-1.0458905,0.0,0.0,0.0,0.0,-0.06179863,-0.08866048,0.013678368,0.0,0.0,-0.2062373,-0.10320204,0.15121141,0.11430472,0.2851859,-0.23306327,0.2841478,-0.23425303,-0.058692623,0.71197397,-0.31220323,-0.49516442,0.0,0.72679627,0.71882904,-0.108658805,0.10248404,0.0,0.021236973,0.04195329,0.04920171,0.031752918,-0.016480274,0.5252,-0.033780154,0.0,0.0,-0.036489658,0.09584206,0.0,-1.0458905,-0.06671085,-0.1478837,0.0,-0.12466407,-0.012975629,-0.056372844,-0.020278404,-0.11161444,-3.342079,-0.5938733,0.0009810537,-0.0041240645,0.45179942,0.06939062
HD,-0.10298021,-0.25022534,0.15880929,0.351228,-0.06751507,-0.08435157,-0.06777533,-0.07510489,0.075680934,-0.47764224,1.7761792,0.21815309,-0.020699587,0.12584303,-0.0600177,-0.06507769,-0.021703122,0.5508287,-0.10739243,0.0,-0.60849607,-0.69004303,0.0,0.0,0.39623234,-0.5652831,0.58384025,-0.22912371,-0.6883609,0.17959943,-0.4452052,-0.08449617,-0.14667504,0.02252975,0.094170995,0.0,0.0014197754,0.0,0.021236973,0.04195329,0.04920171,0.031752918,-0.016480274,0.5252,0.001983496,-0.036975946,0.003443569,0.001307197,0.0057654213,0.0,1.7761792,0.0074000764,0.062007595,-0.020699587,-0.054940723,0.118534975,-0.05778499,-0.080981664,-0.16784185,0.04788023,1.0930883,-0.046870694,-0.007869128,0.28722212,0.08497538
HON,-0.17018293,-0.4315362,0.24686885,0.0,0.0,-0.019080326,-0.07321062,-0.07535416,0.058585472,0.14154515,0.056130867,0.13679075,0.45185983,0.36683252,-0.07823306,-0.07487974,-0.4897813,0.47263822,-0.2137962,0.0,-0.7188709,-0.82938576,-0.06125831,-0.08560726,0.52235967,-0.61001146,0.64568585,-0.15979324,-0.92627573,0.7353162,-0.41952226,-0.10316163,-0.21376398,-0.03516749,-0.03220744,0.0,-0.40043634,0.0,0.021236973,0.04195329,0.04920171,0.031752918,-0.016480274,0.5252,-0.030726906,-0.0042692893,0.0,0.05895937,-0.031315792,0.07219615,0.056130867,-0.02593983,-0.05316873,0.45185983,-0.07226975,0.38314378,-0.05635875,-0.118682034,-0.2748452,1.4940507,1.683987,-0.021896437,-0.010585966,0.0,-0.12456131
HPE,-0.11510025,-0.43293273,0.28628588,0.012283391,-0.016708732,0.0,-0.053297836,-0.030569864,0.052957654,0.21655579,-0.13219112,-0.049992677,0.08103953,0.0,-0.068108626,-0.053126827,-0.23651627,-0.09487014,0.0,-0.032647274,0.062416196,0.23554821,0.0,0.0,0.18423055,-0.08564814,-0.11568421,0.43517348,0.097584434,-0.9274595,-0.009553516,0.03293391,-0.1376654,0.31786418,0.35662615,-0.00520727,-0.046723355,0.0,0.021236973,0.04195329,0.04920171,0.031752918,-0.016480274,0.5252,0.034271803,0.03243996,0.0,-0.015956312,0.022379234,0.0,-0.13219112,-0.020620206,-0.056963995,0.08103953,-0.06933494,0.16125412,-0.030682184,-0.07413468,-0.35110095,0.6046361,0.44055858,-0.02741058,-0.013587041,0.00544592,-0.26452053
HSBA,-0.16342387,-0.46920314,0.31641254,0.17252943,-0.066091016,-0.10285839,-0.08483509,-0.04677463,0.056989957,-0.14995617,-0.18631141,-0.13435736,0.0701305,0.0072748293,-0.10372235,-0.08147052,-0.047648482,0.31225428,-0.13368824,0.0,-0.46358064,-0.48459443,-0.108268686,-0.080509126,0.16251133,-0.43547216,0.38858965,-0.39142576,-0.46110228,-1.2389119,0.2700317,1.2108108,-0.20806634,-0.024002492,-0.06896786,-0.009610718,-0.22807078,0.0,0.021236973,0.04195329,0.04920171,0.031752918,-0.016480274,0.5252,0.0137159005,-0.014931355,0.0,0.025419354,0.005624362,0.0095470585,-0.18631141,-0.036308173,-0.05125155,0.0701305,-0.06783771,-0.010256707,-0.050595026,-0.11708485,-0.3849204,0.40381816,0.20742017,-0.022245858,-0.004534887,-0.22496554,-0.3799088
HWM,-0.0095526315,-0.09726202,0.07451936,0.14319928,-0.009317149,-0.027027503,-0.063184,-0.05456076,0.056533705,-0.15405211,-0.094552174,0.0,0.11946155,0.14689618,-0.012729094,-0.0626813,-0.023192398,0.3141092,0.032707117,0.06494457,-0.22280173,-0.22352222,0.038688123,0.059100363,0.36242837,-0.25887698,0.2435978,0.017198244,-0.24938075,0.12872303,-0.21084648,-0.19416974,0.010347826,0.017840276,0.008022344,0.0034039393,-0.024036208,0.0,0.021236973,0.04195329,0.04920171,0.031752918,-0.016480274,0.5252,0.0011676896,0.01135265,0.0,0.0,-0.0055046333,-0.024777092,-0.094552174,-0.008469747,-0.033211716,0.11946155,-0.06666756,0.1181486,-0.036716014,0.0,-0.06847429,0.13968319,-0.24341999,0.007103834,-0.000407987,0.38911802,0.19054958
IBE,-0.10733873,-0.25521135,0.22679336,-1.0105315,0.0,0.0,-0.060109735,-0.05681566,0.049990065,-0.4167883,-0.1867597,-0.2642845,0.46897474,0.0034459638,-0.04657408,-0.063968115,-0.6511738,-1.293581,-0.05696227,0.06865819,-0.7543987,-0.89478457,-0.009876936,0.0,0.50909543,-0.6714784,0.70253783,-0.8397772,-0.6132502,-0.68517673,0.17448972,0.5550111,-0.11592842,0.03425789,0.048546918,-0.00018119853,-0.20912272,0.0,0.021236973,0.04195329,0.04920171,0.031752918,-0.016480274,0.5252,-0.078850925,0.0,0.0035213598,0.024674313,0.029576084,0.0,-0.1867597,-0.022078786,-0.06682719,0.46897474,-0.06571828,0.23208877,-0.031197848,-0.087705396,-0.25100213,0.18561935,-0.22597413,-0.022398312,-0.0030076148,0.10252997,0.0
IBKR,-0.037535135,0.1517222,-0.039449025,0.18815118,-0.05680096,-0.083214656,-0.062362913,-0.071007036,0.049740855,-0.08724274,-0.17821263,-0.08833201,0.07613338,0.0021248048,-0.08506728,-0.05865139,-0.26730087,0.48738587,0.13618231,0.19268462,0.0050312495,0.029774468,0.1162093,0.008577338,0.10718192,-0.11642536,0.19795957,0.19411649,0.0,0.3858403,0.116649434,-0.4625608,0.0,-0.017462818,-0.006617675,-0.029201241,0.50079983,0.0,0.021236973,0.04195329,0.04920171,0.031752918,-0.016480274,0.5252,0.06714124,0.030987581,-0.013522139,-0.0030190249,-0.23539704,0.0,-0.17821263,-0.03668761,-0.071615465,0.07613338,-0.10025025,-0.31248415,-0.067926854,-0.03179748,0.107795246,-0.5378837,-1.2348572,0.0,-0.004534887,0.477458,0.38116837
IBM,-0.24039824,-0.51257366,0.3695267,-0.7924608,-0.039135095,-0.03043986,-0.051972054,-0.06888532,0.03733192,1.3237195,0.18274048,0.0,-0.1446086,0.07128002,-0.12933081,-0.03956984,-0.08073903,0.30199164,-0.38610002,-0.409988,-0.60300934,-0.53935724,-0.10218378,-0.2250194,0.024600385,-0.45712534,0.18642363,-0.19478083,-0.52884364,-1.5319893,-0.26085854,0.29742402,-0.3724879,-0.35713828,-0.49581635,-0.021238951,-0.4846614,0.0,0.021236973,0.04195329,0.04920171,0.031752918,-0.016480274,0.5252,-0.046669997,0.18474782,0.027031425,0.02178231,-0.0480106,0.13365515,0.18274048,-0.078361966,-0.10620695,-0.1446086,-0.0818632,0.6026984,-0.009155007,-0.17431864,-0.42052507,0.96681154,1.8610048,-0.089886636,-0.0047769127,-0.2312529,-0.38551548
ICE,-0.12585993,-0.16930692,0.14594094,0.21521325,-0.05921755,-0.08198603,-0.06710501,-0.0746699,0.05859872,-0.37114057,-0.15221977,0.28796795,0.22730258,0.34577557,-0.10456544,-0.06622599,0.16406283,0.068987995,-0.15915154,0.09808005,-0.63609135,-0.74341846,-0.038657293,-0.062620774,0.58316207,-0.594314,0.5767278,-0.49435028,-0.67525727,1.040892,-0.3224513,-0.21216102,-0.14561626,-0.105399,-0.23381771,-0.042370696,-0.20924039,0.0,0.021236973,0.04195329,0.04920171,0.031752918,-0.016480274,0.5252,0.0,0.09127831,0.0407269,0.03385387,-0.013420281,6.934018e-05,-0.15221977,-0.029484205,-0.061579864,0.22730258,-0.07374292,0.15619996,-0.041423865,-0.08592379,-0.16474771,-0.20849349,-0.7420866,-0.01840086,-0.010585966,0.09221407,0.056304153
IFX,-0.08431727,-0.023948882,-0.01158515,0.0,-0.032822832,-0.07539407,-0.057932373,-0.046035986,0.041185446,-0.42350015,-0.12695414,-0.0011397646,0.0,0.16356903,-0.10086178,-0.05349304,-0.32206145,-0.8342558,0.0,0.0,0.45106104,0.51247436,0.059409507,0.0,-0.0076476,0.014541179,-0.21426557,1.0428272,0.16361527,0.27240512,-0.010054186,-0.24353579,-0.004599333,-0.112853855,-0.15991853,-0.080264054,0.13568729,0.0,0.021236973,0.04195329,0.04920171,0.031752918,-0.016480274,0.5252,0.041975055,-0.06731326,-0.0468759,0.014520671,0.043853723,0.0,-0.12695414,-0.025316479,-0.06856228,0.0,-0.0684501,0.0,-0.06376964,-0.039749388,0.016244179,-0.06831101,-0.40479165,0.12373259,0.026911387,0.3023076,0.25780368
INTC,-0.099433325,-0.33862248,0.20302966,0.0,-0.08269654,-0.18286519,-0.06455923,-0.07493547,0.048449386,0.0,-0.10550476,-0.1362692,-0.3480642,-0.11242755,-0.041634023,-0.06727659,-0.22266515,-1.6734297,-0.18265921,-0.24621727,0.1883128,0.2960733,0.0,-0.112529,-0.09118066,0.023429643,-0.29806012,0.44495872,0.12355237,-1.6851541,-0.15351386,-0.250025,-0.17343593,0.551939,0.37124413,0.010656541,0.2585345,0.0,0.021236973,0.04195329,0.04920171,0.031752918,-0.016480274,0.5252,0.03446799,-0.17205893,0.0,0.046940167,0.18244234,0.050538715,-0.10550476,-0.04726576,-0.08852474,-0.3480642,-0.07330458,0.0,-0.005674226,-0.069436215,-0.24817686,0.70105255,0.735494,-0.006770374,0.0,0.4387989,0.0
INTU,-0.01168994,0.20673317,-0.15032227,0.6053223,-0.066691704,-0.09475936,0.09920032,-0.03324365,0.0031506508,0.38188592,0.09094174,0.0,-0.36868942,-0.003139495,-0.09691296,0.0982191,0.14142127,0.5274551,0.084442824,0.16408525,-0.17840615,-0.07997134,0.082528524,0.12023673,0.46362227,-0.30500674,0.10974971,0.32822388,-0.39419982,-0.25491837,-0.22798891,-0.6313948,0.09287412,0.08642423,0.13048594,0.0018464429,0.22166684,0.0,0.021236973,0.04195329,0.04920171,0.031752918,-0.016480274,0.5252,-0.036210727,0.0045424816,0.0,-0.032262314,0.0011389151,-0.05673815,0.09094174,-0.017788071,-0.06857972,-0.36868942,-0.074612975,-0.12951116,-0.0701088,-0.03088944,0.19054401,-0.0013424589,-0.033994053,0.28524956,-0.019693637,0.5236287,0.5798147
ISRG,-0.05329186,0.29886237,-0.18455227,0.39926234,-0.062454656,-0.09537109,-0.066676475,-0.0736875,0.049990065,-0.31057486,-0.101762086,-0.26671645,0.0,0.074447155,-0.11559985,-0.052565977,0.042460576,0.096381694,0.10785336,0.17409132,-0.11926517,-0.018852396,0.08402847,0.11441901,0.30258036,-0.084097944,0.11793154,0.31338495,-0.19839217,0.1250096,-0.3290635,-0.9207781,0.14290603,0.8299903,0.49417335,0.0,0.44933748,0.0,0.021236973,0.04195329,0.04920171,0.031752918,-0.016480274,0.5252,0.08731019,-0.09340177,0.0,-0.004680345,0.06848826,-0.1481684,-0.101762086,-0.041663315,-0.07698569,0.0,-0.079717755,0.09614952,-0.05324128,-0.018487718,0.23964533,-0.9843176,-1.1365768,0.07212003,-0.0038265514,0.5219953,0.48148087
ITX,-0.12520117,-0.15129477,0.06322569,0.32007307,-0.07011184,-0.070343524,-0.055423792,-0.068329215,0.06172639,0.079441674,0.011468931,0.0,0.0,-0.21324538,-0.11212137,-0.053402323,0.011246015,0.18676929,-0.23634161,-0.23122121,-0.2659636,-0.34874707,-0.053503152,-0.145602,0.11784077,-0.2710204,0.36897698,-0.33698106,-0.16028313,-0.3744505,0.0024001729,0.113125585,-0.22718346,-0.35789967,-0.40573093,-0.0461459,-0.30288008,0.0,0.021236973,0.04195329,0.04920171,0.031752918,-0.016480274,0.5252,-0.004000113,0.0063013798,0.0,0.016175833,0.054571413,0.048954684,0.011468931,-0.039856166,-0.07751462,0.0,-0.06988107,-0.025550641,-0.06616306,-0.08813097,-0.07336317,0.26153395,0.22259544,0.0019314054,-0.0064210193,0.18296584,0.16297832
JNJ,-0.16864334,-0.29161325,0.19140387,-0.033606064,-0.05416486,-0.06507763,-0.07054889,-0.07481946,0.056533705,0.093738146,0.04886881,0.0,0.2593727,-0.06801712,-0.08646392,-0.069483526,-0.104823194,0.2914413,-0.38057712,-0.098951645,-0.9449354,-1.0892857,-0.10272641,-0.27073485,0.478609,-0.762138,0.8010166,-0.9723597,-0.9138959,-0.2586226,-0.3697932,0.05901967,-0.28347766,0.04326197,0.06776189,0.01417126,-0.07371284,0.0,0.021236973,0.04195329,0.04920171,0.031752918,-0.016480274,0.5252,0.0065428875,-0.05315573,0.045615423,0.117652,-0.06429725,0.18964088,0.04886881,-0.0373386,-0.06022764,0.2593727,-0.06761502,0.0,-0.05904162,-0.123901114,-0.21107078,0.77323025,1.0427945,-0.08963407,0.0,0.035192586,-0.18452702
JPM,-0.08809513,-0.2347142,0.13918552,0.17252943,-0.06337928,-0.099758245,-0.07366654,-0.07533843,0.060242243,-0.14995617,-0.14135905,-0.3222604,0.32491612,0.0072748293,-0.05100968,-0.070405215,-0.047648482,0.31225428,0.0,0.24706127,-0.48906457,-0.5513417,0.043193612,0.0,0.5231661,-0.4602775,0.43607426,0.0052293716,-0.66557205,-0.18777217,-0.12414871,-0.016968314,-0.11165648,0.7814716,0.7386711,0.0,0.44832206,0.0,0.021236973,0.04195329,0.04920171,0.031752918,-0.016480274,0.5252,0.19855,0.10560326,0.0,-0.009433176,0.0,-0.009697806,-0.14135905,-0.016694715,-0.05999765,0.32491612,-0.068456165,0.24533047,-0.040877007,-0.05869029,-0.14446877,0.59137297,0.32413974,-0.048431847,-0.006755427,0.100449085,0.0
KEYS,-0.089696415,-0.12186581,0.08973071,0.17510802,-0.0056659933,-0.031021785,-0.052111074,-0.038740877,0.056314673,0.0,-0.016853938,-0.24308263,0.0,0.41883904,-0.07339848,-0.053607773,0.027992563,0.40082523,0.0,0.008818197,-0.19915769,-0.104187176,0.0005185169,0.0,0.24537948,-0.270874,0.2720977,0.42552513,-0.27190715,0.34452185,0.018120341,-0.57835025,-0.087426715,0.59186244,0.47628745,0.007892078,0.114432365,0.0,0.021236973,0.04195329,0.04920171,0.031752918,-0.016480274,0.5252,0.071045406,-0.025464844,0.0,-0.016596707,0.065654665,0.0,-0.016853938,-0.057028767,-0.07899721,0.0,-0.06986426,0.16446465,-0.019552724,-0.038220324,-0.10184548,0.22099532,0.1360184,-0.037843406,-0.004628554,0.29519352,0.14474665
KKR,-0.08141758,0.0,-0.25588623,0.09345357,-0.059911113,-0.077274695,-0.04558863,-0.078210555,0.041156705,-0.11405936,-0.12314369,-0.39383355,0.0,-0.07207888,-0.11886715,-0.04636369,3.9488027,0.6037017,0.030438181,0.0,0.20181826,0.24510136,0.0,0.0,0.021886205,-0.08799676,0.0,0.8646927,-0.19925517,0.9503074,-0.4742385,0.16502967,-0.077666044,-0.35364,-0.40051168,0.038347166,0.13951732,0.0,0.021236973,0.04195329,0.04920171,0.031752918,-0.016480274,0.5252,0.069911726,0.037334666,0.0,-0.019015802,0.020657694,0.0,-0.12314369,-0.048602697,-0.06415724,0.0,-0.06809876,0.10301292,-0.061537478,-0.034925833,0.2991867,0.42854106,0.10692346,0.0077622836,-0.0075103925,0.42784512,0.2830967
KLAC,0.0,0.286538,-0.08821275,0.58800316,-0.03271308,-0.039089154,-0.07430653,-0.05629911,0.06266781,-0.32337856,0.52073413,-0.09515167,0.0,0.17246173,-0.060077585,-0.07269327,0.018168962,0.46226278,0.517606,0.32970816,0.47228998,0.61381054,0.2483294,0.36729127,0.31343213,0.039347634,-0.3115928,1.2133437,0.08490843,-0.21980472,0.0,-0.39661282,0.16646819,0.8808002,0.9024715,0.014757013,0.94358855,0.0,0.021236973,0.04195329,0.04920171,0.031752918,-0.016480274,0.5252,0.18164688,0.017099168,-0.04285422,0.04193846,-0.07150911,-0.19174981,0.52073413,-0.043079834,-0.07726926,0.0,-0.0620021,0.0,-0.019486189,0.014696847,0.21422994,0.5047095,1.2404544,-0.00028837938,0.0,0.48838142,0.40398023
KO,-0.19198573,-0.40225008,0.26572344,-0.21946916,-0.04007424,-0.04392704,-0.061845955,-0.06563708,0.053749062,0.46916914,0.17932174,0.0,0.17661917,0.17381038,-0.105268426,-0.060657438,-0.15080462,0.22997786,-0.3998152,-0.067103125,-1.0171448,-1.1919082,-0.13106984,-0.273883,0.5605643,-0.80178505,0.85045344,-1.0604475,-0.98130906,0.22149263,-0.3125906,0.20994045,-0.2690613,-0.060387846,-0.059853464,-0.0076619685,-0.054736998,0.0,0.021236973,0.04195329,0.04920171,0.031752918,-0.016480274,0.5252,0.033204086,0.010260731,0.0905168,0.18266349,-0.045227554,0.2748154,0.17932174,-0.018766822,-0.048952248,0.17661917,-0.06786852,0.3281232,-0.051378492,-0.14948466,-0.3133791,0.38359728,0.78338754,-0.041099507,-0.006829377,0.29858506,-0.10994605
LIN,-0.12360638,-0.40978158,0.29621306,0.1461614,-0.028336482,-0.021436796,-0.062763326,-0.06373984,0.049990065,-0.18276006,-0.15466964,0.0,0.50618976,0.14992607,-0.077134915,-0.06501309,-0.0629494,-0.46878853,-0.08529754,0.11245722,-0.6624508,-0.74286896,-0.042582225,0.0,0.58217037,-0.57736754,0.66720134,-0.23549564,-0.86779726,-0.043370575,-0.67810845,-0.35658664,-0.15435335,-0.24040104,-0.3020896,-0.04178076,-0.48987812,0.0,0.021236973,0.04195329,0.04920171,0.031752918,-0.016480274,0.5252,0.0818203,0.037403755,0.0067548174,0.048040945,0.010438922,0.029268159,-0.15466964,-0.02964028,-0.06280228,0.50618976,-0.072229944,0.049792483,-0.07550893,-0.11432615,-0.33946487,-0.08039691,-1.095574,-0.029720109,-0.013406659,-0.1410487,-0.049152523
LITE,0.0,0.0,-0.101037405,0.12958208,0.009804936,0.02149189,-0.010138907,0.0,0.026218437,0.0,-0.06890023,-0.06929888,-0.03775799,0.0090730395,0.0,-0.0068234443,-0.0538514,0.08921189,0.04681523,0.0,1.1322662,1.5937347,0.016598668,0.022817014,-0.12421984,0.7076033,-0.9381126,1.0324156,1.1991297,0.36730653,-0.11395517,-0.255086,0.0,0.033902768,0.015580922,0.021801254,-0.11153236,0.0,0.021236973,0.04195329,0.04920171,0.031752918,-0.016480274,0.5252,0.063972294,0.016918514,0.0,0.02197622,-0.006868831,0.0,-0.06890023,-0.003514162,-0.023157723,-0.03775799,-0.068391465,0.0,-0.04020912,0.020464385,0.060440686,0.27296624,0.12788601,0.0,0.0,0.2980299,0.38700932
LLY,0.0,-0.06408034,-0.010946445,0.373043,-0.041716266,-0.03448989,-0.060589038,-0.021826532,0.041156705,-0.12925835,0.31296426,-0.44409043,0.363755,0.0,-0.012964899,-0.05015191,-0.08083298,0.20556644,0.2787447,0.33766633,-0.33783087,-0.31689888,0.12615487,0.1763381,0.42053908,-0.22930562,0.3101163,-0.6218534,-0.031488504,0.23726168,-0.15181704,-0.38197225,0.14132491,0.49914208,0.52301854,0.105195604,0.28566483,0.0,0.021236973,0.04195329,0.04920171,0.031752918,-0.016480274,0.5252,0.010930127,-0.11108627,0.0,-0.009629963,0.019265018,0.0,0.31296426,-0.00030085168,-0.015838953,0.363755,-0.06621046,0.0,-0.06827542,0.015519224,0.021616312,0.1921076,0.43480843,0.02397805,0.047951464,0.07567471,0.040386263
LMT,-0.12426553,-0.26203844,0.20900387,-0.2617012,-0.06568099,-0.07505546,-0.059991423,-0.078697085,0.049990065,-0.49812457,0.99224484,0.0,0.0,0.0,-0.08433836,-0.05777757,-0.08013728,0.48561373,-0.080624156,0.05764996,-0.7530428,-0.7711574,-0.015254356,-0.07250525,0.42981213,-0.6251609,0.5901318,-0.7456309,-0.65029365,-0.62979746,-0.23308584,-0.014638511,-0.06778355,0.2929864,0.16498375,-0.030919686,0.20596026,0.0,0.021236973,0.04195329,0.04920171,0.031752918,-0.016480274,0.5252,-0.014030976,-0.08227242,0.023173165,0.020367397,0.022137923,0.0,0.99224484,-0.015459387,-0.02398689,0.0,-0.086501844,0.1702132,-0.041966245,-0.08555305,-0.22497232,0.38008526,1.5098838,-0.07977603,-0.0043411697,0.038693536,-0.0970822
LNG,0.1258164,1.0197527,-0.4068884,0.13928892,-0.06665961,-0.10745818,-0.061131377,-0.07778523,0.037245102,0.1583875,0.13925397,-0.062356923,-0.4402686,-0.79539967,0.0,-0.049696904,-0.29241553,-1.4210587,-0.10849356,-0.21460651,0.15495978,0.13411973,0.0,-0.0586125,0.0,-0.05835038,0.0672283,-0.15666635,0.26916426,1.3484771,-0.7175015,-0.109142944,-0.20769317,-0.21745223,-0.31043208,0.02865014,0.09049,0.0,0.021236973,0.04195329,0.04920171,0.031752918,-0.016480274,0.5252,-0.010370927,0.0,0.0,0.0,0.0,0.0,0.13925397,-0.06117204,-0.11850888,-0.4402686,-0.12710832,-0.25586012,-0.10702768,0.05873393,0.42911422,0.18873675,-0.034103423,-0.02374856,0.00051721826,0.14448611,0.40309894
LOW,-0.082702085,-0.34594956,0.25778913,0.14236307,-0.054105926,-0.078498736,-0.06324929,-0.0608115,0.063233346,0.0,0.2943133,-0.023734683,0.1849629,0.0,-0.025262212,-0.060056947,0.04780486,0.5292817,-0.060688812,-0.023014056,-0.39863577,-0.3962903,0.0,-0.01124284,0.19501515,-0.39251485,0.33837625,-0.10683533,-0.4186863,0.39927837,-0.36274356,-0.12381193,-0.12724686,-0.1371581,-0.1716127,-0.009249625,-0.009555909,0.0,0.021236973,0.04195329,0.04920171,0.031752918,-0.016480274,0.5252,-0.021961333,-0.07261793,0.0,-0.00020587229,0.054283503,0.0,0.2943133,0.00045120652,0.0,0.1849629,-0.06703685,0.0,-0.07018734,-0.066845395,-0.2781898,0.053283714,0.53378326,-0.08905355,-0.01326855,0.16156875,-0.050388176
LRCX,0.0,0.2775865,-0.12179795,0.20851015,-0.03891898,-0.058139753,-0.06762104,-0.057994846,0.059572842,-0.19507027,0.111028254,-0.27174303,0.26528567,0.0,-0.035540618,-0.0684113,-0.019672738,0.4545061,0.62938374,0.33947194,0.6452615,0.79914826,0.35618022,0.46558186,0.20252283,0.27298674,-0.3129115,1.4079297,0.23143813,0.6561338,-0.2875362,-0.2994934,0.3050231,0.990713,0.9794949,0.008926189,0.963752,0.0,0.021236973,0.04195329,0.04920171,0.031752918,-0.016480274,0.5252,0.09369142,0.030612128,-0.06172337,0.07727405,-0.026773969,-0.09137782,0.111028254,0.0076246993,0.0,0.26528567,-0.04050871,0.0,-0.010822396,0.0046600387,0.30612963,0.6173434,1.0766155,0.00870146,-0.0033547834,0.4910722,0.4018343
LSEG,-0.1032119,0.0,0.10398639,0.48378697,-0.050811883,-0.071971215,-0.072108135,-0.06568427,0.061131377,0.5878441,-0.13554507,-0.061844125,0.0,0.036044516,-0.10145267,-0.07077232,0.12259378,0.1982121,0.0,0.10840051,-0.41049162,-0.3094579,0.0,0.0,0.44393733,-0.3592552,0.5187408,-0.541605,-0.09573081,0.31443346,0.16141468,-0.39214227,0.018802948,-0.2685038,-0.3559026,0.047917895,-0.0068939887,0.0,0.021236973,0.04195329,0.04920171,0.031752918,-0.016480274,0.5252,-0.03660364,-0.021289725,0.0,0.0,0.0,0.0,-0.13554507,-0.036077343,-0.0796622,0.0,-0.06529348,0.17430817,-0.052600637,-0.069942564,-0.072214894,-0.15724283,-0.7376184,-0.009672249,-0.012321076,0.37194097,0.32046348
LYV,0.0,0.22405483,-0.10540953,-0.17680016,-0.062471572,-0.08777791,0.0,-0.07649517,0.011691153,-0.5488346,-0.22207347,-0.13586217,0.18418667,0.1552746,-0.047985982,0.0,2.861838,0.47732228,0.041484144,0.0,0.02467487,0.07198874,0.019846765,0.0,0.11650215,0.0,0.03569117,0.33134642,0.0,0.5756046,-0.059152212,-0.52723056,0.0,-0.77432555,-0.7972816,0.121086344,0.41317943,0.0,0.021236973,0.04195329,0.04920171,0.031752918,-0.016480274,0.5252,-0.08815416,0.0046169977,0.0,-0.005884581,-0.024032922,-0.101103894,-0.22207347,0.020351915,0.0,0.18418667,-0.06691239,-0.34454507,-0.08944483,0.08873958,0.14789939,-2.2993035,-2.2273166,0.009261218,-0.012095929,0.4464642,0.43415797
MA,-0.056094844,0.105966866,-0.14799891,0.6341068,-0.028178917,-0.08526727,-0.071853936,-0.072107345,0.056843944,-0.033696145,0.96156144,0.116573036,0.2217147,0.17778148,-0.07077446,-0.06805738,0.086691454,0.5525422,0.0,0.20721534,-0.50340664,-0.5361501,0.06993306,0.03380811,0.589584,-0.46619758,0.385191,0.27351037,-0.79592663,1.1465999,-0.58387333,-0.4395247,-0.026463777,-0.11257926,0.0,0.09031621,-0.05953621,0.0,0.021236973,0.04195329,0.04920171,0.031752918,-0.016480274,0.5252,0.033813465,-0.050061926,0.0,-0.0015825082,0.073814906,-0.022081748,0.96156144,0.001981975,0.0,0.2217147,-0.06250094,0.2272043,-0.06866855,-0.019171005,0.18003622,0.12400699,0.36432087,0.31634143,-0.011724967,0.4302406,0.4997809
MAR,-0.0505826,-0.022672223,0.0438265,0.09831472,-0.089291036,-0.11009483,-0.07188833,-0.054413732,0.05383,0.26248324,-0.24509822,-0.14944749,0.0,-0.109628126,-0.0062016128,-0.06317096,-0.023662163,0.5055455,0.0,0.013851233,-0.25010383,-0.26119977,0.0,0.0,0.23043104,-0.2836978,0.272907,0.2631318,-0.41109827,-0.92395616,-0.25579402,-0.76805514,-0.012558122,0.1544582,0.19556028,0.023299655,-0.30101794,0.0,0.021236973,0.04195329,0.04920171,0.031752918,-0.016480274,0.5252,-0.04318675,-0.37157992,0.0,-0.0013445391,0.101563595,0.0,-0.24509822,0.070355214,0.03897305,0.0,-0.07466221,-0.22766994,-0.06838436,-0.024921581,-0.06825183,-2.0388968,-1.1089555,0.004481937,-0.004534887,0.025145156,0.0
MC,-0.084393345,0.007814162,0.0,0.57059157,-0.057230383,-0.07805186,-0.07022941,-0.07700949,0.060242243,-0.6128704,-0.08280043,-0.15936664,0.20457947,0.0,-0.09041658,-0.067652255,-0.03126421,0.15454383,0.0,0.0,-0.14664789,-0.10737838,-0.011285406,0.0,0.18289627,-0.14985034,0.30358645,0.026065148,-0.1354893,0.293527,-0.14197356,-0.16969402,0.002699451,-0.29760045,-0.24147712,0.049898766,0.19022392,0.0,0.021236973,0.04195329,0.04920171,0.031752918,-0.016480274,0.5252,0.13483445,-0.01597592,0.0,-0.02030344,0.014358578,0.0,-0.08280043,-0.04256567,-0.053841237,0.20457947,-0.07177888,0.05507407,-0.05209418,-0.06162344,0.008807577,0.083147995,-0.2570634,-0.0632312,-0.04387705,0.0,0.22276329
MCD,-0.15410456,-0.4822422,0.28816277,0.21947105,-0.008812497,0.014088275,-0.062256593,-0.07322807,0.048679676,0.18864192,-1.1261752,0.17464708,-0.20808116,0.124905236,-0.05178559,-0.061923783,-0.083375566,-0.29168168,-0.24227656,0.0,-0.91871744,-1.072148,-0.065308794,-0.13425535,0.5965006,-0.7172319,0.77996254,-0.8579761,-0.8717219,0.3701768,-0.5042904,-0.07732412,-0.22041488,-0.14564379,-0.06282813,0.04861017,0.014284592,0.0,0.021236973,0.04195329,0.04920171,0.031752918,-0.016480274,0.5252,0.0,-0.024344832,0.01959249,0.08299271,-0.061711073,0.104692526,-1.1261752,-0.019700585,-0.05248172,-0.20808116,-0.09349353,0.14275874,-0.047292273,-0.11840251,-0.32899547,-3.2050645,-1.3684256,-0.033986945,-0.007187496,0.3095588,-0.20565595
MCK,-0.060672123,0.0,0.0668981,0.025296524,-0.12947255,-0.18558922,-0.046744715,-0.029879058,0.03692888,0.036543734,-0.0056930427,-0.06269635,-0.29710358,-0.4588343,-0.07319371,-0.025064496,0.1698288,0.7607899,-0.10886863,0.0,-0.3544322,-0.3060771,0.0,-0.07372307,0.3037515,-0.3215148,0.36151883,-0.4533687,-0.17313597,0.98544097,-0.16360848,-0.39927453,-0.11799014,0.7279049,0.7300448,0.062201217,0.5693933,0.0,0.021236973,0.04195329,0.04920171,0.031752918,-0.016480274,0.5252,0.042891864,-0.003713526,0.017858226,-0.03868827,0.07473303,0.0,-0.0056930427,-0.029339112,-0.008650666,-0.29710358,-0.082825765,-0.03185527,-0.0588589,-0.056044772,-0.034442674,0.3018722,0.85594195,-0.015920358,-0.010303992,0.46695325,0.11171803
MCO,-0.07254853,0.0,0.026706181,0.19988221,-0.048804794,-0.06980121,-0.08009583,-0.08121186,0.06068684,-0.07126197,0.35326558,0.0,-0.786099,0.2513565,-0.06462281,-0.08120471,0.011794337,0.34469944,-0.06184259,0.025338784,-0.4812247,-0.5201286,0.045901414,0.0,0.48074484,-0.49188158,0.38765413,0.23869662,-0.7545654,-0.396716,-0.26791182,-0.70784205,-0.0059838463,0.50593764,0.6143492,0.037502963,0.3154742,0.0,0.021236973,0.04195329,0.04920171,0.031752918,-0.016480274,0.5252,0.0188198,0.04802654,0.023680596,-0.0011127576,-0.008354059,0.0,0.35326558,-0.047676824,-0.060901277,-0.786099,-0.12391134,0.18885982,-0.054936327,-0.05415111,-0.03625759,0.11904502,0.28795266,0.0,-0.013530551,0.4558729,0.30021033
MDLZ,-0.15325199,-0.48892358,0.3432743,-0.124083444,-0.072714314,-0.1170799,-0.033668704,-0.05011903,0.030283488,0.039370004,-0.13233012,0.0,0.17313719,-0.10609464,-0.085311316,-0.030050691,-0.1634186,0.36183122,-0.42739215,-0.27400243,-0.72819763,-0.83574265,-0.1448974,-0.2781987,0.3637124,-0.55603415,0.6517279,-0.82196516,-0.6815676,0.90788615,-0.39438343,0.11735438,-0.3741386,-0.07701482,-0.025912667,-0.00457426,-0.36074665,0.0,0.021236973,0.04195329,0.04920171,0.031752918,-0.016480274,0.5252,0.0,-0.003631007,0.061301555,0.08435874,-0.06418905,0.1272474,-0.13233012,-0.02935251,-0.064591564,0.17313719,-0.07422156,0.0,-0.07518017,-0.12258298,-0.38565156,0.11085572,-0.2849134,-0.08911751,-0.014821813,0.0,-0.24682762
MDT,-0.19468714,-0.33239523,0.18002713,-0.28798458,-0.068307094,-0.09369012,-0.0506392,-0.0779356,0.052357778,-0.38960174,-0.12270598,0.0,-0.20311265,-0.06310088,-0.15272619,-0.03839128,-0.16565056,0.2940943,-0.4565654,-0.3446111,-0.63234437,-0.731373,-0.049068652,-0.22359394,0.33062726,-0.5172021,0.5737987,-0.4830001,-0.67458576,0.094680436,-0.36650375,0.20425868,-0.26262724,-0.3008478,-0.40667862,0.04120324,-0.13191743,0.0,0.021236973,0.04195329,0.04920171,0.031752918,-0.016480274,0.5252,-0.036778178,0.14361116,0.054485913,0.06004776,-0.06616134,0.1424865,-0.12270598,-0.03940747,-0.07488405,-0.20311265,-0.072448,0.0,-0.06661681,-0.14284334,-0.21532372,0.23929793,-0.050788965,0.0,-0.017918484,0.19633742,-0.009231232
META,0.061076302,0.9182885,-0.65745336,0.010090933,-0.069412634,-0.07044508,-0.062209215,-0.077531055,0.049990065,-0.77627397,-0.04683162,-0.2803359,-0.5411422,-0.568759,-0.08643938,-0.06504283,-0.27842188,-1.7256271,0.13417314,0.15099666,0.13997583,0.17806806,0.08393942,0.13614666,0.29904047,-0.011289212,0.0,0.42161894,0.11101681,1.0300013,-0.65053034,-0.40128508,0.11371384,1.0392498,1.041078,0.0014076581,1.0014701,0.0,0.021236973,0.04195329,0.04920171,0.031752918,-0.016480274,0.5252,0.11635727,0.0,-0.0019024406,-0.0064456738,0.008934105,-0.1014419,-0.04683162,-0.014748453,-0.07085523,-0.5411422,-0.10171028,-0.73875374,-0.14269783,0.07994949,0.72767663,0.17022343,0.011599862,0.43788913,0.009548572,0.6316167,0.6338977
MNST,-0.07725627,0.028403832,-0.03533269,0.5086838,-0.060079433,-0.06810009,-0.06724592,-0.07634481,0.055122808,0.0,-0.0021836432,0.0,-0.53526795,0.0,-0.084120855,-0.06786566,0.04012138,0.5568698,-0.085629016,0.0,-0.423725,-0.4152849,-0.016762305,0.0,0.3772091,-0.20348965,0.4134812,-0.5035834,-0.33817673,0.28871515,-0.20271462,-0.80771196,-0.118923426,-0.10754055,-0.086237684,0.08704281,-0.11185378,0.0,0.021236973,0.04195329,0.04920171,0.031752918,-0.016480274,0.5252,-0.14116077,0.044549286,0.0,0.0,-0.04511933,0.0,-0.0021836432,-0.037245516,-0.07201069,-0.53526795,-0.07150268,-0.14929259,-0.06601736,-0.059700277,0.055241656,-0.15902176,-0.41112152,0.03418958,-0.0061631515,0.29423672,0.43467617
MO,-0.15631863,-0.50740707,0.34112176,0.24258652,0.0,0.0,-0.07254419,-0.070180625,0.059189003,0.11369227,0.29560193,-0.024301007,0.0,-0.23442754,-0.057909798,-0.06972712,-0.23027925,0.6590419,-0.26339978,0.0,-0.69700176,-0.7914182,-0.060216717,-0.17604403,0.25671974,-0.7173153,0.52026945,-0.90738547,-0.58054477,-0.55400276,-0.030870624,1.710819,-0.3219158,-0.2008763,-0.19437075,-0.0038434216,-0.34202436,0.0,0.021236973,0.04195329,0.04920171,0.031752918,-0.016480274,0.5252,-0.00015046088,0.005748809,0.007861902,0.01017286,0.00019415193,0.024767531,0.29560193,-0.022083294,-0.062946394,0.0,-0.078394234,0.22664116,-0.047684774,-0.12068591,-0.38333952,0.28841636,1.9280808,-0.06456383,-0.022429205,-0.03613281,-0.2830158
MPC,-0.019831449,-0.44393948,0.21535467,-0.31891474,-0.08035009,-0.24014023,-0.06280591,0.0,0.04901958,0.0,-0.08461491,-0.2165922,0.12895614,0.0,-0.021130791,-0.059936818,0.057734974,0.3833534,0.12355549,0.0,0.31752732,0.30408964,0.06810649,0.19807172,0.0,-0.09735048,-0.13128233,0.24285205,0.3935755,0.8954571,0.0,0.6606598,0.014541246,-0.15088357,-0.2713029,0.0,0.06692578,0.0,0.021236973,0.04195329,0.04920171,0.031752918,-0.016480274,0.5252,0.2384646,-0.02007833,0.0,-0.035558965,0.06887686,-0.0161427,-0.08461491,0.0,-0.021450048,0.12895614,-0.06465383,-0.004382776,-0.06852422,-0.0069155875,-0.2793141,0.69968647,0.68920785,-0.017787699,-0.0017731496,0.22448996,-0.4759293
MPWR,0.0,0.65038407,-0.3597841,0.5247222,-0.050019704,-0.07487072,-0.056533705,-0.04845741,0.039205745,0.0,0.0035777001,-0.012436729,0.11123876,0.29594022,-0.12874827,-0.05449616,0.08982884,0.26113412,0.5980233,0.32482177,0.64747673,0.8681385,0.26028982,0.44517615,0.26297924,0.2521488,-0.44777554,1.498599,0.23849823,0.83017606,-0.81163627,-0.46852216,0.34053007,0.3184113,0.31187084,0.04355492,0.9700002,0.0,0.021236973,0.04195329,0.04920171,0.031752918,-0.016480274,0.5252,0.09183175,-0.0392588,-0.09554658,0.075847596,0.03784532,-0.3317473,0.0035777001,-0.0029211205,-0.052653566,0.11123876,-0.057758294,0.20327124,-0.01039655,0.03291704,0.44880897,-0.2347136,-0.47521964,0.05080568,-0.0033547834,0.5734984,0.5040219
MRK,-0.12527606,-0.32584906,0.16652931,-0.50483006,-0.026594736,-0.061287995,-0.035407808,-0.03445909,0.031620137,0.0,0.08471075,-0.6087304,0.040889006,0.0,-0.07606637,-0.0326732,-0.08179484,0.18305409,-0.31982973,-0.24466278,-0.67532945,-0.69712204,-0.03637541,-0.15071237,0.36377522,-0.5364126,0.6584005,-0.7299593,-0.54295343,0.41465166,-0.21820688,0.39874277,-0.21711488,0.17932723,0.18572389,-0.02185186,0.0,0.0,0.021236973,0.04195329,0.04920171,0.031752918,-0.016480274,0.5252,0.07285581,-0.079453215,0.02822996,0.04609947,0.08871237,0.08805806,0.08471075,-0.016170673,-0.04997171,0.040889006,-0.0712669,-0.029493148,-0.08227007,-0.09079561,-0.19613254,0.90315276,1.3387705,-0.18646029,-0.0030076148,0.12434071,-0.064687364
MRSH,-0.11138017,-0.17461511,0.13166271,0.33764714,-0.05921755,-0.08198603,-0.062256593,-0.07926735,0.049990065,0.3577114,0.02815242,0.32184356,0.3585669,0.3741876,-0.10819271,-0.059489533,-0.062105022,0.5552439,-0.10734835,0.20950577,-0.83028674,-0.9957986,-0.004942496,-0.034445286,0.68395007,-0.68648124,0.6573775,-0.4463184,-0.985691,-0.93650967,-0.20558609,-0.4308164,-0.05295553,0.003635278,0.07755151,0.038225725,-0.08530024,0.0,0.021236973,0.04195329,0.04920171,0.031752918,-0.016480274,0.5252,-0.01356954,-0.008614931,0.009868532,0.020277763,-0.03213478,0.0024965697,0.02815242,-0.03575123,-0.059114657,0.3585669,-0.06687774,0.41281512,-0.055656664,-0.086433426,-0.11901197,0.42293632,0.45590094,-0.022245858,-0.011662016,0.2369164,0.13038649
MRVL,-0.06801301,0.0,0.0035104377,0.0,-0.030849945,-0.050051253,-0.06125544,-0.0675966,0.07060693,-0.15899892,-0.18007877,-0.30936742,0.073083185,0.13193734,-0.099138625,-0.05752961,0.032515172,0.4025012,0.3766142,0.0,0.8816007,1.0913403,-0.0014586623,0.07754507,-0.42821527,0.4613715,-0.50702363,1.4057279,0.73415613,0.7193281,-0.3404895,-0.30046135,-0.12920855,0.2532058,0.00019370868,-0.06274807,-0.19202034,0.0,0.021236973,0.04195329,0.04920171,0.031752918,-0.016480274,0.5252,0.14859048,-0.17544097,0.0,0.0,0.010066202,-0.016192159,-0.18007877,-0.021680817,-0.062287048,0.073083185,-0.06538959,0.0,-0.034562327,-0.032232415,-0.06986014,-0.45878798,-1.1866494,0.04761272,0.0,0.13533528,0.0
MS,-0.061402153,-0.1952164,0.14204076,0.16671483,-0.08547122,-0.10703691,-0.06861012,-0.07613523,0.049742047,-0.14261682,-0.15706061,-0.12135254,0.31720027,0.0072748293,-0.03452674,-0.061298095,0.46641645,0.727985,0.0,0.0,-0.15412587,-0.118838236,0.07212417,0.0,0.22156477,-0.20562698,0.24544275,0.54851955,-0.45067397,-0.23342693,-0.20940891,0.221227,-0.112915516,0.71019644,0.72932845,0.005703242,0.7136736,0.0,0.021236973,0.04195329,0.04920171,0.031752918,-0.016480274,0.5252,0.13921887,0.08329834,-0.0075144414,-0.01613588,0.002225597,0.0,-0.15706061,-0.0073093586,-0.034238294,0.31720027,-0.055683147,0.22584353,-0.057974715,-0.04238378,-0.17143415,0.4315031,0.17885032,-0.07326122,-0.0041240645,0.030076142,-0.08829851
MSCI,-0.016482418,0.010566055,-0.0027831984,0.60235316,-0.027250092,-0.050781466,-0.06929794,-0.076391116,0.060242243,0.45020992,-0.92700315,0.0,0.0,0.3385942,-0.017772377,-0.068249136,0.112037614,0.5103879,0.27084583,0.43413714,-0.23033608,-0.15728913,0.060007244,0.1907227,0.46253198,-0.27238485,0.24756564,0.20258255,-0.41626257,-0.36321363,-0.14554653,-0.5681967,0.17552595,0.30524862,0.3518344,-0.002246138,0.08601818,0.0,0.021236973,0.04195329,0.04920171,0.031752918,-0.016480274,0.5252,0.0,0.007398345,0.0,-0.013187722,-0.022356959,-0.104880914,-0.92700315,0.0,0.0,0.0,-0.07350589,0.12719387,-0.04858099,-0.010631405,0.013753793,-3.1649706,-1.9126135,0.047677737,-0.012070824,0.4590946,0.4474047
MSFT,-0.07646154,0.09614191,-0.08459046,0.38079628,-0.05355858,-0.07169665,-0.06552594,-0.07710556,0.05650949,-0.71870697,0.08244241,0.0,0.0,0.403823,-0.08114822,-0.06691617,-0.040761672,-0.5777231,0.14570895,0.42166367,-0.40432927,-0.41818923,0.10206846,0.13588908,0.5935831,-0.3833971,0.46464458,0.20931618,-0.6525464,1.2439531,-0.6334142,-0.32858267,0.15874974,0.80202717,0.7373241,-0.03397575,0.2205823,0.0,0.021236973,0.04195329,0.04920171,0.031752918,-0.016480274,0.5252,0.20216303,0.039853446,0.0,-0.007817775,-0.08982349,-0.19656682,0.08244241,-0.042887192,-0.073410146,0.0,-0.071573295,0.53165185,-0.03968193,-0.048121028,0.11007622,0.24254183,0.13953726,0.49999875,0.017546743,0.49288663,0.5018136
MSI,-0.06484106,-0.111508384,0.1607224,0.05640913,-0.053472344,-0.06414887,-0.056533705,-0.0669171,0.046010524,0.0,-0.23064329,-0.042942826,-0.2843268,0.3221282,-0.064931,-0.0598369,-0.05372412,0.44822878,0.0854768,0.3158956,-0.5903633,-0.63127154,0.1027693,0.0,0.5569503,-0.43414438,0.5093905,-0.33394295,-0.5996439,0.37099376,0.10530286,-0.5226328,0.0,0.67430073,0.6544283,-0.017155474,0.017044066,0.0,0.021236973,0.04195329,0.04920171,0.031752918,-0.016480274,0.5252,0.00021526964,0.0,0.0,-0.027601073,-0.00782219,0.0,-0.23064329,-0.095275044,-0.15503226,-0.2843268,-0.142402,0.28026143,-0.00021526217,-0.072954156,-0.1807511,-2.9716182,-0.84997946,-0.020811874,-0.0131783215,0.43456006,0.08848438
MU,0.08472265,0.36292765,-0.32656702,-0.38284877,0.21201153,0.2638674,-0.056533705,0.0,0.061086893,-0.4012617,-0.06513143,-0.38670546,-0.342931,-0.49512962,0.0,-0.06863732,-0.40868092,-2.789037,0.13474263,-0.0311437,1.1791925,1.5883965,0.023944953,0.015948107,-0.39477122,0.59965765,-0.6790884,1.8063484,1.0399029,0.78024566,-0.08004055,-0.013674403,0.38130355,0.4301705,0.36912623,-0.004759839,0.46869114,0.0,0.021236973,0.04195329,0.04920171,0.031752918,-0.016480274,0.5252,0.07543082,-0.0850497,-0.0014530902,0.13580802,-0.06332242,0.0,-0.06513143,0.0,0.0,-0.342931,-0.07029758,-0.52148,-0.15802322,0.11756561,0.5289334,0.997799,0.9986787,0.031714853,0.0,0.45455948,0.3401834
MUV2,-0.10524172,-0.4055991,0.32268724,0.17252943,-0.050440688,-0.07087615,-0.032116275,-0.05533544,0.029957322,-0.15442023,-0.16921043,-0.31055537,0.3163659,0.03404514,-0.039060514,-0.07110189,-0.047648482,0.72358066,-0.09635758,0.0,-0.6413567,-0.70478827,-0.029454902,-0.07475481,0.4372462,-0.5640963,0.5630638,-0.42006814,-0.6439123,-1.130193,0.011722835,0.4061022,-0.202179,-0.17719972,-0.23155873,-0.0070809587,-0.33245108,0.0,0.021236973,0.04195329,0.04920171,0.031752918,-0.016480274,0.5252,-0.079631716,-0.015102455,0.0010949419,0.0,0.0,0.025121588,-0.16921043,-0.03843021,-0.06729536,0.3163659,-0.068861246,0.40395927,-0.06421448,-0.07368357,-0.3631257,0.5516868,0.30404422,-0.0135112805,-0.0039500077,0.036347605,-0.13920589
NEE,-0.13998093,-0.19543602,0.15220217,-1.1944705,-0.021668399,-0.02816668,-0.056164198,-0.06243871,0.039205745,-0.39442876,-0.15974168,-0.078655384,0.026780587,0.39318657,-0.09478539,-0.043154486,-1.3053594,-5.0,-0.007223696,0.13879313,-0.62985855,-0.67382514,-0.039163634,0.041301165,0.5216451,-0.54012877,0.49910164,-0.88810265,-0.4798539,0.738221,-0.3187491,-0.034277216,-0.083280504,-0.108117074,-0.1049733,-0.037629366,-0.5351368,0.0,0.021236973,0.04195329,0.04920171,0.031752918,-0.016480274,0.5252,-0.028805457,-0.04682145,0.013761298,0.0,-0.0071917553,0.0,-0.15974168,-0.048109405,-0.08953883,0.026780587,-0.070167415,0.30666298,-0.037106562,-0.11672739,-0.20979162,-0.08789788,-0.5792021,-0.003416433,-0.004477331,-0.06760105,0.0
NEM,-0.023786828,-0.16978203,0.10923583,-0.009623869,0.057404153,0.0,-0.054139104,-0.05080795,0.043362755,-0.04168557,-0.1894667,-0.6621505,0.0,-0.33656844,-0.05858184,-0.059109345,0.00041953387,-0.81860095,-0.060557093,-0.21731518,0.3061396,0.23545358,-0.07554884,-0.18709664,-0.32809925,0.042574126,-0.118194036,-0.7599396,0.6333066,-0.14383297,0.106738016,0.3399709,-0.25440603,-0.12443653,-0.08674183,-0.10839391,-0.11642824,0.0,0.021236973,0.04195329,0.04920171,0.031752918,-0.016480274,0.5252,-0.07623396,0.038616676,0.0,0.0,-0.10260715,0.04787656,-0.1894667,0.013543146,0.0,0.0,-0.0701782,-0.45291215,-0.18979715,-0.02280726,-0.14341636,-0.11189538,-0.95680594,-0.0896389,0.005339202,-0.43683133,-0.40398148
NESN,-0.19191596,-0.5733029,0.3260199,-0.7096765,-0.06230997,-0.08658711,-0.079480775,-0.07311406,0.06335494,0.54461735,-0.031168565,0.0,0.2102469,0.0,-0.11126664,-0.07715057,-0.14738019,0.2249399,-0.37857667,-0.2895498,-0.89336795,-1.0592825,-0.17326963,-0.16131198,0.3823526,-0.7351011,0.8509466,-1.1701165,-0.76559764,-0.46986592,-0.10611615,0.09238817,-0.29119983,-0.5687994,-0.68338084,-0.06551219,-0.6276417,0.0,0.021236973,0.04195329,0.04920171,0.031752918,-0.016480274,0.5252,-0.011905002,0.0,0.05245658,0.18514076,0.008317116,0.16674331,-0.031168565,-0.025220593,-0.060440406,0.2102469,-0.06855262,0.1790561,-0.0601671,-0.15918246,-0.39074418,0.2712373,0.24301349,-0.15566382,-0.022828463,-0.15937187,-0.26723942
NET,0.0,0.0,-0.10515507,0.20482048,-0.055257294,-0.07536404,-0.06173069,-0.056829203,0.05417767,-0.23021746,-0.13355054,-0.15482473,0.027812826,0.0,-0.014032571,-0.06004181,-0.12800837,-0.3919451,0.01257777,0.023061335,0.32332268,0.65988696,0.017760515,0.007141855,0.25024483,0.0,-0.01033825,0.05648348,0.20490117,0.051695686,-0.18682943,-0.17986988,-0.08387114,0.037859906,0.026589356,0.008309911,0.041829914,0.0,0.021236973,0.04195329,0.04920171,0.031752918,-0.016480274,0.5252,0.012799564,0.005855687,0.0,0.022246733,-0.0022362315,-0.00874001,-0.13355054,0.0,-0.035462126,0.027812826,-0.073448494,0.0,-0.06745977,0.050894294,0.0757317,-1.4127319,-1.2684578,0.036534112,-0.0065119127,0.48183915,0.42594686
NFLX,0.17199126,0.47088128,-0.31000805,0.2500195,0.07249337,0.023286704,-0.05198051,-0.060268853,0.04766739,-0.3882357,-0.006962144,-0.46159407,-0.37729508,-0.41004467,0.059960753,-0.056743693,-0.31688583,0.6326769,0.5728869,0.2260456,0.54353833,0.97927654,0.05938778,0.38635117,-0.013802882,0.47166982,-0.49426648,0.4480588,0.8068472,-0.019662458,-0.22503819,-0.8834024,0.2304294,0.4248524,0.18424529,0.005734638,0.09935699,0.0,0.021236973,0.04195329,0.04920171,0.031752918,-0.016480274,0.5252,0.001023548,0.06661183,-0.021085963,0.0070617623,-0.14858475,-0.08320094,-0.006962144,0.0014589999,-0.012828868,-0.37729508,-0.07521944,-0.69745094,-0.12354599,0.09992556,0.34065872,-0.51001257,-0.5435694,0.38525748,-0.048434783,0.4347971,0.6841241
NKE,-0.13723561,-0.21209717,0.13977793,-0.092769906,-0.052877817,-0.066800125,-0.06508289,-0.07807412,0.054854166,0.24821764,0.14314778,0.0,-0.077316016,0.0,-0.10219038,-0.060389157,-0.08366445,0.45114458,-0.22784157,-0.294583,-0.26675218,-0.12952545,-0.17701271,-0.19220723,0.0,-0.23957998,0.2357042,-6.246157e-05,-0.1828089,0.24244575,-0.25304756,-0.15439318,-0.26217028,-0.53149617,-0.49278006,0.02199952,-0.36718726,0.0,0.021236973,0.04195329,0.04920171,0.031752918,-0.016480274,0.5252,-0.05154987,-0.028656665,0.0,0.003417614,-0.06758562,0.016623374,0.14314778,-0.03044901,-0.056739233,-0.077316016,-0.08235168,0.0,-0.06818701,-0.098503634,-0.18256627,0.12551792,0.18502547,0.051136225,-0.012730734,0.0,0.030856183
NOVN,-0.17835504,-0.53626764,0.28771782,0.0,-0.023243712,-0.052852876,-0.06996153,-0.071442805,0.049742047,1.1466178,-0.07563024,-0.049469527,0.24020736,-0.2675623,-0.05994289,-0.06403025,-0.22268403,0.35836717,-0.26695928,0.0,-0.7931669,-0.8935079,-0.08302908,-0.054739505,0.47524303,-0.7084378,0.7381514,-0.9638037,-0.6922867,-0.67749065,-0.070474066,0.49406078,-0.25899592,-0.30075067,-0.40136114,0.028638408,-0.23634231,0.0,0.021236973,0.04195329,0.04920171,0.031752918,-0.016480274,0.5252,-0.06064893,0.2293396,0.04362783,0.0962707,-0.14098659,0.07104745,-0.07563024,-0.03589261,-0.05827595,0.24020736,-0.06725001,0.116175726,-0.049391806,-0.11652323,-0.33574322,0.7650298,0.8228419,-0.5907503,0.0040317867,-0.3629584,-0.5147386
NOVOB,-0.046966854,0.04806614,-0.041601833,0.49713868,-0.05301807,-0.07938231,-0.06491914,-0.0747723,0.049740855,-0.4112537,0.50032437,0.0,0.0,0.0,-0.11406902,-0.05675998,-0.14939895,0.042011365,0.0,0.030667303,-0.15483327,-0.050373934,-0.027195064,0.0,0.32775992,-0.22433648,0.25690416,-0.8468644,0.18873201,-0.6910278,-0.019417223,-0.16437554,0.0,-0.22571667,-0.2906277,-0.028389338,-0.01763177,0.0,0.021236973,0.04195329,0.04920171,0.031752918,-0.016480274,0.5252,0.013981126,-0.06011525,0.0032077685,-0.02528007,0.04269401,-0.01183328,0.50032437,-0.055619396,-0.074885115,0.0,-0.08421921,0.07801317,-0.06786077,-0.05975834,0.056112725,0.30058485,0.9151353,0.28513256,0.0,0.06497172,0.12411144
NOW,0.16200525,0.899054,-0.66321385,0.7867282,-0.021203553,-0.033017956,-0.047288503,0.0,0.03692888,-0.74619323,0.012685585,-0.5379402,-0.6150226,-0.4313943,0.0035168333,-0.034023087,0.4720619,0.008715855,0.36834052,0.097940646,0.53843963,0.64543974,0.1905184,0.21181475,0.10435117,0.08505178,-0.40583935,1.012518,0.423724,1.1200514,-0.5865256,-0.6187569,0.18388325,0.7071246,0.6998624,0.004570718,0.35879526,0.0,0.021236973,0.04195329,0.04920171,0.031752918,-0.016480274,0.5252,0.015402826,-0.005866562,0.0,0.0,0.010951705,-0.07361231,0.012685585,-0.0058132997,-0.057616882,-0.6150226,-0.12273656,-0.83316785,-0.18518183,0.1310158,0.7100469,-0.5492525,-0.57602453,0.6727789,-0.0051961415,0.51494914,0.6160994
NRG,-0.0064082006,-0.17464092,0.18579361,-0.13942197,-0.04504191,-0.072315976,-0.043166276,-0.021967009,0.036606178,0.10513611,-0.07679775,-0.3279337,0.0,-0.07253223,0.0,-0.050552405,0.5691182,0.53499,0.0,-0.12522644,0.27814096,0.373496,0.0,0.0,-0.122441076,0.073569655,-0.08936848,0.049659766,0.40396708,0.6037685,0.23305148,0.36820734,-0.105844714,-0.36041906,-0.3626964,-0.083550796,-0.24632178,0.0,0.021236973,0.04195329,0.04920171,0.031752918,-0.016480274,0.5252,-0.07410529,0.0022151042,0.01999419,-0.00018268147,-0.032650758,0.0,-0.07679775,0.0057640746,0.019803388,0.0,-0.07001052,-0.30459127,-0.045642983,-0.014917332,-0.12804781,0.2301409,0.9064039,-0.03185888,-0.010377533,-0.18431777,-0.3677109
NVDA,0.29304385,1.7259668,-0.6092329,0.7765188,-0.0068829665,0.0,-0.056678552,-0.019503606,0.042647358,-0.5752313,0.081687406,-0.3560226,0.11041515,0.0,0.0,-0.06033932,0.02490258,0.3536222,1.4087985,0.71732247,0.88047534,1.274112,0.49095064,0.9328767,0.29295105,0.6790688,-0.42936984,1.4312476,0.6869874,0.52176434,-0.33065087,-0.67447066,0.57709473,1.0922606,1.1898972,0.02222531,1.3039126,0.0,0.021236973,0.04195329,0.04920171,0.031752918,-0.016480274,0.5252,0.028754737,-0.14112954,-0.10513317,0.15369985,0.15095052,-0.077425525,0.081687406,0.0,0.0,0.11041515,-0.062222134,0.0,-0.07051822,0.23760656,0.96681434,-0.111226454,-0.15838392,0.6644621,0.0,0.5977537,0.5815796
NXPI,-0.10711085,-0.2170152,0.13589883,0.0,-0.023701636,-0.009250026,-0.04536959,-0.03713359,0.039037134,0.0,0.046093363,0.0,-0.30207375,-0.09222489,-0.08425129,-0.043972082,-0.071428195,0.09595052,0.0,-0.009612061,0.47604448,0.6343835,-0.025972625,-0.084699176,0.0,0.17522347,-0.13874924,1.1595792,0.06900187,0.18603913,-0.20926581,-0.19418159,-0.12196755,0.31352812,0.26890334,0.06607001,0.030849654,0.0,0.021236973,0.04195329,0.04920171,0.031752918,-0.016480274,0.5252,0.095144644,-0.10014977,0.0,0.021347402,0.02553069,0.0,0.046093363,-0.030525705,-0.08048428,-0.30207375,-0.06854516,0.0,-0.057074893,-0.06803683,-0.13034107,0.2177636,0.98739636,0.0148936,-0.0042912085,0.4078389,0.0
ON,-0.07068065,-0.17368703,0.114661075,-0.052578945,-0.020952834,-0.08279011,-0.06316958,-0.06961048,0.049742047,-0.3047353,-0.046323545,-0.16400066,-0.029040933,0.01168078,-0.09397203,-0.065585755,0.07471717,-0.036736332,0.37388533,0.0,1.0587554,1.3352466,0.07626177,0.020748133,-0.3714233,0.5344757,-0.6616931,1.767488,0.72340316,0.036504697,-0.19706945,-0.5215503,0.035541933,0.71455324,0.58998716,-0.0125015285,0.48987645,0.0,0.021236973,0.04195329,0.04920171,0.031752918,-0.016480274,0.5252,0.5222773,-0.30716133,-0.06144338,0.0709627,0.02839365,-0.0015361268,-0.046323545,-0.015526957,-0.05865598,-0.029040933,-0.07541208,-0.024886984,-0.05578897,-0.033233803,-0.106385,0.6089982,0.6537686,0.01687918,0.0,0.45887545,0.121343724
OR,-0.1146257,-0.15087126,0.13853264,0.43140242,-0.040435016,-0.06383432,-0.06764978,-0.076700024,0.05919059,-0.14516866,-0.10743751,-0.018101007,0.27272138,0.0,-0.12490442,-0.0644144,-0.017716125,0.26010424,-0.15095304,0.0,-0.4903561,-0.57767385,-0.12301049,-0.09273058,0.43064836,-0.49329832,0.61888963,-0.51685864,-0.46174198,-1.4411575,0.03426999,-0.6604119,-0.17580166,-0.26916397,-0.28875884,0.05047779,-0.10799877,0.0,0.021236973,0.04195329,0.04920171,0.031752918,-0.016480274,0.5252,0.0,-0.033697825,0.002343313,0.028634904,0.053762857,0.023727776,-0.10743751,-0.037260935,-0.07526007,0.27272138,-0.07394392,0.1296868,-0.06648187,-0.116356,-0.13980524,-0.35670632,-0.71811897,-0.09051622,-0.04578644,-0.1705778,-0.11623243
ORCL,-0.1416398,-0.30456954,0.1927388,-1.1091249,-0.08813275,-0.13618919,-0.06942066,-0.08601918,0.05613147,-0.61597294,0.16616541,0.0,0.0,0.4077498,-0.1238001,-0.06294086,-0.057304673,0.14247543,-0.095492736,-0.08687934,-0.3920832,-0.28879684,-0.056912452,-0.042601213,0.19343804,-0.36164364,0.19525345,0.0,-0.2917111,-0.116252095,-0.21893463,-0.32024792,-0.10138382,-0.18493982,-0.1711498,0.0032344994,-0.34253693,0.0,0.021236973,0.04195329,0.04920171,0.031752918,-0.016480274,0.5252,-0.020251006,0.026704576,0.0032315764,0.008355763,-0.07982663,0.0,0.16616541,-0.03653153,-0.032961626,0.0,-0.06773684,0.42338783,-0.0574919,-0.1006004,-0.22425699,0.5543421,0.9909877,0.011558499,0.0,-0.012670279,0.0
ORLY,-0.026912197,-0.021654807,0.07289716,0.31857538,-0.04655202,-0.070108704,-0.07057114,-0.07712967,0.059572842,-0.44812262,0.6440914,0.2145878,0.06733328,0.26711285,-0.023627775,-0.069401935,-0.026042318,0.19964159,0.0,0.23233499,-0.5226296,-0.5829013,0.053599373,0.05849283,0.5973884,-0.44204986,0.5118297,-0.6655585,-0.3973524,0.36255547,-0.32893068,-0.8869806,0.08412805,0.34089202,0.4285242,0.048250385,0.084100984,0.0,0.021236973,0.04195329,0.04920171,0.031752918,-0.016480274,0.5252,-0.019062312,-0.10873086,0.0,-0.031102292,-0.0005171053,-0.05314929,0.6440914,0.0051389337,0.0,0.06733328,-0.06640035,0.112386055,-0.067753874,-0.057350073,-0.071757294,0.047218826,0.20801228,-0.06456383,-0.011674524,0.36094093,0.23406239
PANW,0.019957462,0.68852526,-0.49842533,0.6468165,-0.034757845,-0.063066594,-0.039628044,0.0,0.051271345,-0.051342525,0.06697655,0.0,-0.72115666,-0.07425793,-0.032580096,-0.03723557,1.1873763,0.32788244,0.22150153,0.034435704,0.28400722,0.48772848,0.24040468,0.07106508,0.18478543,0.24914916,-0.2274305,0.31416163,0.5467485,0.9624611,-0.5060403,-0.5510706,0.23782946,0.965069,0.87504345,0.05395328,0.73426193,0.0,0.021236973,0.04195329,0.04920171,0.031752918,-0.016480274,0.5252,0.07315735,0.024547774,-0.0016191301,0.025147084,-0.004045734,-0.0609563,0.06697655,-0.06288712,-0.0043646134,-0.72115666,-0.09328242,-0.56243384,-0.101499885,0.03757444,0.57055175,-0.23828787,-0.33993933,0.059309583,-0.0016926659,0.5115497,0.51072323
PEP,-0.17690894,-0.36045876,0.21381271,-0.2606318,-0.04038232,-0.06399592,-0.07941987,-0.07280626,0.057935745,-0.12305646,0.34865442,0.0,-0.03472109,0.09668185,-0.1282858,-0.07539066,-0.2010104,0.15429042,-0.34213433,-0.0056643374,-0.9377036,-1.1601013,-0.12504306,-0.27759865,0.5994338,-0.7518091,0.80830216,-0.9943788,-0.91666114,-0.39971414,-0.31445342,0.1134119,-0.26521227,-0.20228635,-0.2472562,-0.069489576,-0.110343516,0.0,0.021236973,0.04195329,0.04920171,0.031752918,-0.016480274,0.5252,0.0,-0.040199224,0.04337917,0.14974055,0.03729684,0.07379386,0.34865442,-0.028089369,-0.06544048,-0.03472109,-0.0734169,0.15624052,-0.058104225,-0.13363867,-0.27008405,0.37275875,0.97559905,-0.07326122,-0.013299369,0.21721308,-0.04376748
PFE,-0.17023288,-0.5299698,0.3714926,-0.7023543,-0.045182902,-0.08514218,-0.09579706,-0.077237874,0.060532168,-0.14494175,-0.026057133,-0.32115203,-0.111824736,-0.12029676,-0.09229891,-0.096194655,-0.19033019,0.34089497,-0.412823,-0.30668017,-0.6525324,-0.7198334,-0.135354,-0.28748634,0.15749139,-0.5529968,0.67604554,-0.74397326,-0.52292234,-0.5722631,-0.14859939,1.2778705,-0.39525953,-0.0045283064,0.0,0.08693159,-0.24010502,0.0,0.021236973,0.04195329,0.04920171,0.031752918,-0.016480274,0.5252,-0.03178352,0.0092606265,0.06533825,0.07611502,-0.04138002,0.16705237,-0.026057133,-0.014023345,-0.05198292,-0.111824736,-0.079528525,-0.16181701,-0.07110568,-0.15012266,-0.42565033,1.2223576,1.2802825,-0.9178111,-0.020771068,-0.68727773,-0.9897354
PG,-0.19382726,-0.5253263,0.33040726,-0.138541,-0.06422645,-0.062175553,-0.06279359,-0.07979123,0.047252607,0.3976126,0.0077410163,0.25940436,0.13506411,0.0,-0.09624722,-0.06019493,-0.0712421,0.24091743,-0.4362228,-0.11517449,-0.9535574,-1.1249181,-0.09671099,-0.21255974,0.5802524,-0.7545912,0.7471806,-1.0565932,-0.847194,-0.4186831,-0.26081976,-0.068363465,-0.33879352,-0.3817929,-0.5064659,0.04900657,-0.4729714,0.0,0.021236973,0.04195329,0.04920171,0.031752918,-0.016480274,0.5252,-0.055480234,0.19218993,0.07012254,0.16835181,-0.07465963,0.07909567,0.0077410163,-0.044876244,-0.07580943,0.13506411,-0.06974315,0.2561054,-0.045362864,-0.15993525,-0.36517486,0.33645022,0.29466277,-0.08923928,-0.019461017,0.0,-0.17579131
PGR,0.0,0.35550544,-0.13299753,0.14481261,-0.050440688,-0.07087615,-0.07087676,-0.064045504,0.051179823,-0.14121895,-0.0773568,0.0,0.32293797,-0.33980992,-6.125746e-07,-0.07110189,0.15322678,0.71645665,0.12819636,0.5049954,-0.63090354,-0.7080644,0.005937267,0.25111187,0.6486712,-0.54281986,0.60361785,-0.6970733,-0.48852953,-1.1781765,0.063468754,-0.14259163,0.09947567,0.53294164,0.45805392,0.04820885,0.34361714,0.0,0.021236973,0.04195329,0.04920171,0.031752918,-0.016480274,0.5252,-0.067569435,-0.061722796,0.0,-0.003783934,-0.04574665,-0.013451522,-0.0773568,-0.021755364,-0.061150357,0.32293797,-0.07420643,0.0,-0.069003835,0.026947232,0.17213763,0.5745433,0.44823912,-0.006437611,-0.014038115,0.46995816,0.43587354
PH,-0.103945814,-0.39635798,0.21643807,0.30527344,0.038553454,0.026444834,-0.06442412,-0.068002105,0.056533705,0.0,-0.04372822,-0.020504143,0.14490019,0.40078306,-0.047583003,-0.063315146,0.07266058,0.57767993,0.06230693,0.06512959,-0.21557158,-0.22508566,0.038669147,0.015390734,0.41063502,-0.2823924,0.2849942,0.5051921,-0.48211914,0.40357888,0.016193097,-0.3390634,0.0058736145,0.51289386,0.57274914,-0.039799493,-0.3128164,0.0,0.021236973,0.04195329,0.04920171,0.031752918,-0.016480274,0.5252,0.035456106,-0.050662644,-0.030795284,-0.017577376,-0.107293986,0.0,-0.04372822,-0.023076687,-0.06256015,0.14490019,-0.06770154,0.1874163,-0.019103752,-0.06752423,-0.2589207,0.43577176,0.40521592,-0.3288286,-0.008608155,-0.06552719,-0.14459695
PLD,-0.05701848,0.0,0.05174503,0.23483668,-0.057963673,-0.067783736,-0.056533705,-0.049341775,0.051270567,0.21135618,-0.22929639,-0.38245124,0.0452648,-0.20495664,-0.09240089,-0.059020445,0.28282222,0.16375396,-0.095351264,0.0,-0.47241393,-0.5524702,0.0013039688,-0.0030790502,0.4786951,-0.5514677,0.46350482,-0.29837635,-0.4947616,0.7287109,-0.18035153,0.08636404,-0.075142995,0.6764109,0.666002,0.06377568,-0.17112216,0.0,0.021236973,0.04195329,0.04920171,0.031752918,-0.016480274,0.5252,0.030134566,-0.13400605,0.0,-0.012460961,0.2277122,0.0,-0.22929639,-0.003642501,-0.03199521,0.0452648,-0.06826701,-0.38647437,-0.07214818,-0.016714439,-0.043695174,-0.41782007,-1.9705178,0.00627739,-0.0030076148,0.2778774,0.29056764
PLTR,-0.019355593,-0.06776951,-0.012082327,0.1829032,-0.034531467,-0.058127128,-0.030481,0.0,0.030350514,-0.106728435,-0.11635237,-0.14199665,0.006188014,0.03339724,-0.031086773,-0.02062313,-0.039858628,0.3395198,-0.014190531,0.018227436,-0.14570498,-0.14182843,0.0018785063,0.0,0.24041043,-0.19247319,0.13110153,0.03660858,-0.19574106,0.01985698,-0.1734016,-0.19539756,-0.07599656,0.01229825,0.010923004,0.009218455,0.016735762,0.0,0.021236973,0.04195329,0.04920171,0.031752918,-0.016480274,0.5252,0.007798198,0.018781122,0.0052100467,0.012649944,-0.0050038025,-2.2545254e-16,-0.11635237,-0.0044942484,-0.016580427,0.006188014,-0.0813831,0.014023049,-0.064687714,0.0,0.0,0.13604632,0.02302259,0.04129422,0.0060904045,0.44299442,0.303889
PM,-0.15683255,-0.2803507,0.21668917,0.0,-0.065805584,-0.06978273,-0.06959344,-0.08312815,0.059195764,0.012583553,-1.2865746,-0.27600095,0.010759437,0.12090855,-0.11036818,-0.069209605,-0.14077215,0.35444605,-0.23275255,-0.007862534,-0.68453157,-0.74938524,-0.06672485,-0.08446592,0.3588105,-0.5932256,0.534003,-0.837162,-0.56722814,0.19450183,0.002649853,0.91745543,-0.2410699,-0.1938099,-0.18791655,-0.09889074,-0.36871544,0.0,0.021236973,0.04195329,0.04920171,0.031752918,-0.016480274,0.5252,-0.027002199,0.12065976,0.028675549,0.018908922,-0.04891545,0.08555054,-1.2865746,-0.057844695,-0.09435764,0.010759437,-0.083397105,0.4067866,-0.0349782,-0.12691048,-0.2448411,0.19731173,-0.633295,-0.0017068645,-0.011926677,0.046912905,0.0
PUB,-0.16987175,-0.23952946,0.21028753,0.3066968,-0.06557225,-0.10366047,-0.07355818,-0.05940902,0.060532168,0.31370157,-0.112561144,-0.115557276,-0.2231444,-0.32586494,-0.14526828,-0.0689076,-0.034465477,0.53207535,-0.45103836,-0.5365935,-0.25188246,-0.20085692,-0.09771587,-0.3294985,0.0,-0.32251254,0.18078865,-0.44477093,-0.032786872,-0.28787556,0.11477464,0.95742047,-0.3141456,-0.20169929,-0.21553528,0.009768232,-0.089022644,0.0,0.021236973,0.04195329,0.04920171,0.031752918,-0.016480274,0.5252,0.0,0.03669326,0.005719679,0.0,0.0,0.1274412,-0.112561144,-0.05229707,-0.08465139,-0.2231444,-0.08715998,-0.30666223,-0.08518497,-0.123223186,-0.24105304,0.8755376,0.72192454,-0.08911751,-0.0065110526,0.013745318,-0.012705379
PWR,-0.027691187,0.25823593,-0.078382455,0.30650958,-0.062440034,-0.06520261,-0.044567622,-0.07555742,0.03770148,-0.29468077,-0.16453023,-0.15034977,0.19038548,0.35439524,-0.095635094,-0.03675253,0.013890861,0.50712335,0.20495363,0.15368372,0.04468807,0.09049159,0.1005628,0.19179443,0.21851683,-0.0044822637,0.07784215,0.4335682,-0.075840175,0.93472064,-0.4634635,-0.5569168,0.0,0.029803231,0.05380538,0.053457666,0.7980654,0.0,0.021236973,0.04195329,0.04920171,0.031752918,-0.016480274,0.5252,-0.014907573,0.0040402794,-0.05062299,-0.023208395,-0.007126774,0.0,-0.16453023,-0.023840506,-0.05966032,0.19038548,-0.061966993,0.18543012,-0.0052544666,-0.006782081,0.12092063,-0.25828618,-0.66055244,0.036258906,-0.0041240645,0.5182924,0.47754022
PYPL,-0.057203256,0.0,-0.033352926,0.0,-0.11539098,-0.13735868,-0.077471234,-0.07002122,0.060527094,0.0,-0.06911077,-0.10797525,0.0,-0.0030907674,-0.073449776,-0.07165667,0.17666925,0.28141576,0.0,0.0,0.16499482,0.23288223,-0.022191852,0.0,0.0,-0.19071868,-0.03413039,0.49039555,0.08422239,0.23776892,-0.22318363,-0.30097654,-0.15612441,0.09116682,0.19934855,-0.009572574,-0.07304744,0.0,0.021236973,0.04195329,0.04920171,0.031752918,-0.016480274,0.5252,-0.047488544,-0.02118505,0.0,-0.0035993769,-0.06652895,0.0,-0.06911077,-0.020201145,-0.048431322,0.0,-0.08434625,-0.04681327,-0.07069076,-0.03049013,0.03077509,-0.28144634,-0.57716805,0.059586473,-0.008240291,0.3348106,0.41171145
QCOM,-0.11825561,-0.2949753,0.14949091,-0.20181623,-0.059454404,-0.07852542,-0.057512473,-0.065856606,0.047346365,0.5649575,0.1549082,-0.29772446,-0.5532199,-0.09356141,-0.084591225,-0.05714981,-0.047917735,0.30487615,-0.14836644,-0.28943485,0.13214494,0.37452984,-0.12543613,-0.24093488,-0.4659522,-0.037784714,-0.29991022,0.6077099,0.0067463904,-0.07163767,-0.22710659,0.2802326,-0.29117346,-0.13595973,-0.1599905,0.010004528,-0.11128621,0.0,0.021236973,0.04195329,0.04920171,0.031752918,-0.016480274,0.5252,0.014614086,0.050984982,0.0025466674,0.019076522,0.0946309,0.08355212,0.1549082,-0.043382004,-0.088827156,-0.5532199,-0.09673416,-0.09670445,-0.06607605,-0.09898863,-0.17162411,0.7717613,1.3232874,-0.015986307,-0.0041240645,-0.13991827,-0.32057625
RACE,-0.057203256,-0.07861681,0.008806451,0.38291007,-0.055257294,-0.06714395,-0.06354634,-0.0716415,0.049990065,-0.12913187,0.13525102,-0.014815656,-0.23702475,0.23670669,-0.04446004,-0.065487914,-0.0833178,-0.4306115,0.027769187,0.029414212,-0.23238644,-0.21788883,0.014101467,0.07536043,0.27541664,-0.22761407,0.3176345,0.04665972,-0.261019,-0.5569213,0.08734231,-0.6158947,0.0042335954,0.04813446,0.039479334,-0.0011060362,-0.024175847,0.0,0.021236973,0.04195329,0.04920171,0.031752918,-0.016480274,0.5252,-0.03548968,0.0,0.0,-0.013808836,-0.16302723,-0.024038386,0.13525102,-0.068132505,-0.10008462,-0.23702475,-0.10315081,0.15770544,-0.06085843,-0.024509894,-0.013467853,-0.004759221,-0.04046588,-0.0060659875,-0.0061631515,0.31436425,0.2757814
RBLX,-0.1338355,-0.10037442,0.06331091,0.16321543,-0.034686763,-0.068425186,-0.061131377,-0.07440302,0.051270824,-0.12323144,-0.15454492,-0.12088317,0.000947349,0.0,-0.13633484,-0.05992298,-0.06910761,0.24655268,-0.039236367,0.0,-0.17230025,-0.17506626,-0.008788054,-0.026242765,0.2362819,-0.21651842,0.20035216,0.0,-0.20676243,0.06612415,-0.18298388,-0.1662654,-0.104368314,-0.022825055,-0.023309968,-0.0047538206,0.010695063,0.0,0.021236973,0.04195329,0.04920171,0.031752918,-0.016480274,0.5252,0.0040564393,0.013658693,0.0038689745,0.004937965,-0.0087214485,0.0,-0.15454492,-0.03370179,-0.07628076,0.000947349,-0.082639754,0.071337596,-0.05468187,-0.09405475,-0.057256024,0.15084459,0.034157652,0.036672764,-0.0026676676,0.4153905,0.20474891
RDDT,-0.07817136,-0.120390795,0.05759605,0.17383319,-0.045966048,-0.06953026,-0.06173069,-0.06091287,0.049990065,-0.14314343,-0.1041572,-0.1712368,0.0015205886,0.0,-0.06790918,-0.05344244,-0.05128829,0.32058156,-0.036551498,0.011028371,-0.21962343,-0.2283461,6.691538e-05,-0.019723898,0.27585265,-0.26279134,0.23018388,-0.057361204,-0.23689657,0.08433038,-0.19625987,-0.14977719,-0.10002825,0.04314489,0.036737565,0.004875921,0.026435222,0.0,0.021236973,0.04195329,0.04920171,0.031752918,-0.016480274,0.5252,0.012978203,0.0023096814,0.004396142,0.010751732,-0.0025741835,0.0,-0.1041572,-0.004020238,-0.061929572,0.0015205886,-0.0807585,0.0016388501,-0.05900549,-0.04589249,-0.061183408,0.19109775,0.0680444,0.015057623,-0.0018632166,0.36508003,0.16578828
REGN,-0.086534455,0.09450714,-0.15775868,0.0,-0.069185756,-0.07652697,-0.07150589,-0.08034388,0.06066366,-0.16237608,-0.020173492,-0.38740677,-0.8654479,-0.7545219,-0.1332234,-0.066536106,-0.04046462,0.13216704,-0.12176229,-0.1347771,0.12256443,0.21414131,-0.1481983,0.0,0.0,-0.047143985,0.06381429,-0.28813726,0.3732607,0.086152636,-0.18082301,-0.5912956,-0.17405969,0.16657642,0.09164932,-0.033698484,0.551418,0.0,0.021236973,0.04195329,0.04920171,0.031752918,-0.016480274,0.5252,0.0014920277,0.020545075,0.0,0.0,0.031832475,0.0,-0.020173492,-0.053012766,-0.115666725,-0.8654479,-0.09765052,-0.69234854,-0.10428538,-0.043429766,0.19404387,0.28178835,0.022723421,0.0,0.0,0.3555942,0.07679964
REL,-0.11716093,-0.16340034,0.22851199,0.3454581,-0.05208527,-0.061788283,-0.07035952,-0.07377361,0.059572842,-0.21822205,0.4469026,-0.17651565,0.0,0.4165751,-0.093681194,-0.06572234,-0.022592334,0.21549706,-0.1140824,0.0,-0.70575356,-0.8514447,-0.041750897,-0.020099318,0.56034267,-0.64164925,0.6241142,-0.66221315,-0.6083619,-0.16786519,0.0073491735,-0.22979206,-0.09352637,-0.29191166,-0.27091184,-0.0509232,-0.5261022,0.0,0.021236973,0.04195329,0.04920171,0.031752918,-0.016480274,0.5252,-0.100567155,-0.035890132,0.010936204,0.01622366,0.053465378,0.0,0.4469026,0.0,-0.035437256,0.0,-0.06972188,0.5897834,-0.034101307,-0.1022589,-0.2470197,0.32237542,1.0605676,-0.004230824,-0.013354453,0.0,0.16262183
RHM,-0.0038480205,-0.09187968,0.039599214,0.40553558,-0.029840862,-0.06116563,-0.045531943,-0.04676294,0.031825885,-0.4343278,-0.120569184,-0.2894988,0.3096639,0.0943939,-0.008442244,-0.030254649,-0.16490686,0.20046248,0.34459886,0.21536814,0.3447747,0.4530383,0.04682644,0.0,0.0,0.12740052,-0.24008341,0.13252974,0.47493443,0.65264225,0.3228372,-0.082394525,-0.025672982,-0.37663412,-0.38433528,0.0030659337,-0.531057,0.0,0.021236973,0.04195329,0.04920171,0.031752918,-0.016480274,0.5252,-0.020277608,0.06270588,0.0,0.011155562,-0.032313805,-0.045332797,-0.120569184,-0.01601533,-0.048956674,0.3096639,-0.0658442,0.22510862,-0.055954725,0.004955144,-0.017217778,0.48585773,0.22042108,0.0,0.0,-0.10448645,0.1655571
RIO,-0.16383791,-0.45571843,0.29372364,-0.57248735,-0.15185414,-0.082617834,-0.07533753,-0.0834988,0.060532168,-0.24258137,-0.062230512,-0.03239704,0.1267811,-0.18376072,-0.09728409,-0.06815606,-0.39227924,-0.86067986,-0.027009444,-0.12995319,0.094281346,0.0,-0.020364223,-0.07663319,-0.029609535,-0.20206173,0.1827897,-0.17438796,0.23662084,-0.67906797,0.41295055,1.725001,-0.31727982,-0.29861584,-0.3269934,-0.01749829,-0.04619141,0.0,0.021236973,0.04195329,0.04920171,0.031752918,-0.016480274,0.5252,-0.031593956,0.054571502,0.0,-0.02097225,-0.037221577,0.03626132,-0.062230512,-0.031490277,-0.07156765,0.1267811,-0.06774815,0.10789662,-0.029624678,-0.11853627,-0.31129456,1.3068805,1.1715565,-0.17047717,-0.011926677,-0.14227833,-0.36080945
RMS,-0.050777767,0.028755838,-0.077837236,0.60418266,-0.0443421,-0.069035456,-0.07582114,-0.07777599,0.06172639,-0.5025781,-0.0022012696,0.020932479,0.0,0.15309711,-0.08970174,-0.07374372,-0.016323172,0.1504169,0.0,0.13579862,-0.39579365,-0.3840987,-0.050385896,0.0,0.2534236,-0.44508174,0.38665324,-0.33672422,-0.24065328,-1.7399129,0.21006317,-1.0535058,0.040028624,0.01925194,-0.04464832,-0.12405435,0.0903007,0.0,0.021236973,0.04195329,0.04920171,0.031752918,-0.016480274,0.5252,0.070248686,-0.042085223,0.0,0.014259724,0.1240162,-0.0334087,-0.0022012696,-0.05499033,-0.08443606,0.0,-0.0997844,0.28007424,-0.07786705,-0.043203644,0.09001924,-0.3870764,-0.669007,0.060490433,-0.008240291,0.45783642,0.4282472
ROP,-0.17760083,-0.42155358,0.25917378,-0.38806167,-0.071647,-0.09854905,-0.079480775,-0.07825113,0.056533705,0.14290291,0.19591936,-0.08275443,-0.31868345,-0.33576,-0.11089067,-0.07906213,-0.09203413,0.068394594,-0.4243888,-0.45262754,-0.7086037,-0.84638417,-0.17511252,-0.20498694,0.2853096,-0.639647,0.66390735,-1.0472505,-0.57766926,-0.572024,0.07003899,0.5511341,-0.2897095,-0.3099739,-0.37347314,0.06535057,-0.22456448,0.0,0.021236973,0.04195329,0.04920171,0.031752918,-0.016480274,0.5252,-0.07006209,0.024214933,0.060122836,0.14310688,0.05124553,0.14221951,0.19591936,-0.047500536,-0.083803706,-0.31868345,-0.10151778,0.0,-0.0692045,-0.12679534,-0.29179096,0.89110184,1.4629548,-0.43095943,-0.004628554,-0.1530875,-0.31149143
RR/,-0.06542037,-0.271926,0.16957238,-0.06457968,0.007625021,0.024241785,-0.07846399,-0.025165623,0.059572842,0.26051733,-0.20613253,-0.15329958,-0.0836988,0.16429506,-0.039657306,-0.07515157,0.37078035,0.20580825,-0.07537994,-0.41711143,0.3573049,0.535388,-0.07284187,-0.13074659,-0.5954085,0.38914517,-0.12579833,-0.018673379,0.72714406,-1.9527822,0.21223691,-0.85875744,-0.030123405,-0.33089337,-0.4196766,-0.0075888485,-0.1684287,0.0,0.021236973,0.04195329,0.04920171,0.031752918,-0.016480274,0.5252,0.0007869768,0.14783198,0.0,-0.0011622884,-0.09113542,0.0,-0.20613253,-0.11093666,-0.1598348,-0.0836988,-0.09301032,0.32001618,-0.042378798,-0.0061533046,-0.19683252,-1.3021013,-1.350079,-0.0051282397,0.0,0.30439803,0.01847718
RTX,-0.16362283,-0.24732287,0.16548423,-0.3805992,-0.05685687,-0.12418136,-0.06279144,-0.08035421,0.056533705,-0.2490466,-0.10234799,0.1444295,0.18893547,0.38103455,-0.12274534,-0.05993497,-0.2171281,0.41863334,-0.21810022,0.0,-0.6086031,-0.6676808,-0.045365665,-0.059154794,0.434532,-0.53313804,0.53159326,-0.26669475,-0.64558953,0.21993458,-0.084794395,0.041016474,-0.1534873,0.018730897,0.02800319,0.01525092,-0.11000918,0.0,0.021236973,0.04195329,0.04920171,0.031752918,-0.016480274,0.5252,0.008898283,0.0073266434,0.009042343,-0.0004964769,0.035719004,0.0,-0.10234799,-0.035620335,-0.06483629,0.18893547,-0.067776665,0.49999562,-0.04162357,-0.11275318,-0.17521475,0.6625103,0.010431875,0.0077622836,-0.0025748133,0.10880636,-0.022802422
SAF,-0.04678896,0.022794282,-0.021126699,0.36221936,0.002087577,-0.014435385,-0.06634619,-0.040767226,0.059522405,-0.09443572,-0.0511026,0.0,0.24909393,0.19480214,-0.068106286,-0.06604798,-0.015815903,0.27366954,0.06570664,0.1883069,-0.24808824,-0.30690566,0.004494029,0.0,0.4051211,-0.24540927,0.39357793,-0.14810298,-0.1965218,-0.29798934,0.046614803,-0.49606702,0.004572354,-0.08615104,-0.03877302,-0.07580851,-0.15001823,0.0,0.021236973,0.04195329,0.04920171,0.031752918,-0.016480274,0.5252,-0.043592386,0.0013787311,0.0,-0.026706269,0.011413687,-0.06375278,-0.0511026,-0.025448315,-0.03398971,0.24909393,-0.06852242,0.30891025,-0.051766284,-0.014763253,0.022678917,0.12606746,-0.10209342,0.0,0.0,0.29584694,0.31271246
SAN,-0.19069724,-0.35731474,0.24347198,-0.51714927,-0.030505551,-0.04383177,-0.03252124,-0.06675584,0.031216389,0.0,-0.15066558,-0.30468822,-0.24341075,-0.5643441,-0.10617573,-0.035667893,-0.22647129,0.19269392,-0.47343108,-0.50723326,-0.58513796,-0.6984795,-0.15998334,-0.38780287,0.15409242,-0.49902347,0.66552013,-0.81662965,-0.44721222,-0.07236536,-0.06522843,1.0491863,-0.3626887,-0.16565572,-0.20737438,0.015092507,-0.17075546,0.0,0.021236973,0.04195329,0.04920171,0.031752918,-0.016480274,0.5252,-0.0872767,-0.009523406,0.051502794,0.049272027,0.06959053,0.3222217,-0.15066558,-0.043020494,-0.085646555,-0.24341075,-0.07673868,-0.050022792,-0.07435141,-0.13085029,-0.27309713,0.5818853,0.37440988,-0.23933242,0.0,0.07009316,-0.12243576
SAP,-0.11714012,-0.03849487,0.038554728,0.131618,-0.058836732,-0.065991245,-0.048851036,-0.073747605,0.037242126,0.36223507,-0.085493535,0.0,0.0,0.2359137,-0.11940035,-0.045623064,-0.12896083,0.35878322,-0.10685682,0.0,-0.43205753,-0.44235936,-0.041531477,0.0,0.25941774,-0.4419842,0.4451891,0.0,-0.5740803,0.1133616,-0.22206143,-0.2016954,-0.10333627,-0.4588725,-0.46087903,-0.071774505,-0.119208835,0.0,0.021236973,0.04195329,0.04920171,0.031752918,-0.016480274,0.5252,-0.060893748,0.11231773,0.0,0.01620903,-0.02077119,0.0,-0.085493535,-0.03849372,-0.07695939,0.0,-0.07967578,0.38609165,-0.052186873,-0.09709235,-0.046385895,0.015731318,-0.26179856,0.18382761,0.0,0.13382708,0.17809556
SBUX,-0.12614962,-0.19955236,0.038690027,0.0019227269,-0.03967982,-0.05087071,-0.06808727,-0.07568439,0.04985176,-0.24640527,-0.47357664,0.0,0.0,0.00031702188,-0.113145545,-0.06305448,-0.13607702,0.027051304,-0.17865613,-0.14691949,-0.47664368,-0.4469527,-0.04517817,-0.15147704,0.03429172,-0.4142267,0.41496754,-0.17259054,-0.48355246,-0.47344595,-0.36077094,-0.043830756,-0.2727137,-0.1993692,-0.21633175,0.002190171,-0.29760402,0.0,0.021236973,0.04195329,0.04920171,0.031752918,-0.016480274,0.5252,-0.049518995,-0.0058820285,0.0,0.014522819,-0.023701064,0.0658293,-0.47357664,-0.018218664,-0.03321504,0.0,-0.09041656,0.0627776,-0.069911815,-0.08243888,-0.07293798,-2.991059,-1.4850205,0.02663723,-0.0051750853,0.18315466,0.19651972
SCHW,-0.02444802,0.11750062,-0.03124031,0.2451415,-0.05921755,-0.08198603,-0.061319172,-0.039607696,0.051990464,-0.15285084,-0.107597046,-0.2623905,-0.220894,-0.12958808,-0.06675745,-0.06142443,-0.063108906,0.31948364,-0.008077865,-0.021801898,0.08212822,0.14766033,0.0,-0.008477112,0.0603335,-0.07382941,0.047680993,0.37240165,-0.028845783,0.09495339,-0.0024784366,-0.2480819,-0.09365508,0.020437416,-0.11003405,-0.06886465,-0.04616345,0.0,0.021236973,0.04195329,0.04920171,0.031752918,-0.016480274,0.5252,0.15888047,0.046379156,0.0,-0.019043457,-0.05217611,0.0,-0.107597046,-0.025311312,-0.034825314,-0.220894,-0.06820112,-0.46385932,-0.09432101,-0.019647107,0.042201597,0.21894526,-0.21105078,0.00870146,-0.0030076148,0.3290595,0.41084522
SHEL,-0.1537001,-0.68785816,0.3007283,-0.015224699,-0.06268724,-0.17911188,-0.06929794,-0.032623127,0.049742047,1.1214621,-0.16070312,0.0,0.23509827,-0.14058533,-0.10242414,-0.07554833,-0.01095933,-0.028705044,-0.24028173,-0.15975271,-0.38007265,-0.35494214,-0.16269144,-0.17505898,0.16103694,-0.4148646,0.2729566,-0.6294474,-0.18364914,0.16213751,0.29806805,1.2881403,-0.27064404,-0.18894307,-0.32146734,0.027405705,-0.37986112,0.0,0.021236973,0.04195329,0.04920171,0.031752918,-0.016480274,0.5252,0.08969325,0.0027468142,0.016970351,0.025906062,0.05064022,0.06141154,-0.16070312,-0.010911734,-0.032030523,0.23509827,-0.07378648,0.0,-0.07402507,-0.08406398,-0.36324608,0.5519912,0.3402445,-0.02883232,-0.0041240645,0.0,-0.5826433
SHW,-0.07911473,-0.27578208,0.15763642,0.2731988,0.0,-0.018660678,-0.06691546,-0.06768118,0.049740855,-0.20582867,0.43522674,0.0,-0.19260544,0.012941437,-0.07034419,-0.06392067,-0.028089363,0.49345404,-0.036847007,0.008689744,-0.4878985,-0.53517556,-0.0024976179,0.0,0.39427167,-0.41204855,0.47077948,-0.12096692,-0.52183473,-0.27471602,-0.17107768,-0.56167805,0.0,-0.0073685776,-0.14821419,0.009328876,-0.21677214,0.0,0.021236973,0.04195329,0.04920171,0.031752918,-0.016480274,0.5252,0.026551066,0.012578361,0.00964547,0.0,-0.1042139,0.0,0.43522674,-0.031183153,-0.05665336,-0.19260544,-0.070723586,-0.018825471,-0.07147051,-0.051521484,-0.18857805,0.22003064,0.54245704,-0.0402819,-0.011662016,-0.043967202,0.0
SIE,-0.16598226,-0.32493132,0.18924104,0.0,-0.0049078176,-0.02348333,-0.06909102,-0.061120562,0.060242243,-0.02742322,-0.11821254,-0.057934154,0.0,0.040052593,-0.10681733,-0.071077555,-0.08890558,0.44720322,-0.14396107,-0.06481187,-0.29961756,-0.3056511,-0.08174999,-0.17470272,0.12028258,-0.43162662,0.26722685,0.32073307,-0.5238815,0.26777625,-0.14553073,0.28415757,-0.19220753,-0.33312035,-0.37993303,0.0,-0.1336116,0.0,0.021236973,0.04195329,0.04920171,0.031752918,-0.016480274,0.5252,-0.06427447,-0.0109062875,0.0,0.0044687414,-0.1324163,0.07225435,-0.11821254,-0.05327113,-0.08736305,0.0,-0.07955374,0.3340151,-0.032771606,-0.13335261,-0.20854859,0.49555194,0.26863745,-0.06456383,-0.0059909276,0.2384004,0.0
SLB,-0.21797614,-0.43359342,0.16622184,-0.9807333,-0.12941352,-0.12287051,-0.06337583,-0.07921262,0.050460473,1.021155,-0.11036325,-0.106512435,-0.35965714,-0.40617225,-0.16756338,-0.0654052,0.13956691,0.11779909,-0.7267162,-0.8864105,0.13948403,0.08770207,-0.32851228,-0.55882823,-0.936821,0.0422615,0.10484584,0.0054944013,0.16512538,0.74819505,-0.33977315,0.6111701,-0.44101495,-0.6769525,-0.7636803,-0.02749814,-0.7083175,0.0,0.021236973,0.04195329,0.04920171,0.031752918,-0.016480274,0.5252,0.09095232,0.10446525,0.0,0.0014043425,-0.08088955,0.12208969,-0.11036325,-0.042485457,-0.06251256,-0.35965714,-0.085968934,-0.49552953,-0.11273831,-0.123646416,-0.2047034,0.038055696,-0.44208604,-0.07373451,0.0,-0.6941678,-0.6252226
SNDK,-0.096533865,-0.13781998,0.07723369,0.17219223,-0.0326921,-0.06649368,-0.062256593,-0.07467121,0.05277603,-0.1463918,-0.095990755,-0.16403493,0.015397984,0.005473853,-0.07497261,-0.06321299,-0.05227302,0.31857663,-0.052318856,0.007896098,-0.22918548,-0.23800278,0.0015357347,-0.022973306,0.29286978,-0.26781604,0.24170347,-0.07306796,-0.2435827,0.10055492,-0.1907868,-0.14656223,-0.09916505,0.02226339,0.020567223,0.0072191874,0.00084091787,0.0,0.021236973,0.04195329,0.04920171,0.031752918,-0.016480274,0.5252,0.010879126,-0.0015659498,0.007084389,0.012692134,-0.002582791,0.0,-0.095990755,-0.01764609,-0.07286982,0.015397984,-0.07584232,0.02561973,-0.054198883,-0.05994735,-0.0788339,0.20260066,0.081049055,-0.018639343,-0.007948387,0.29222432,0.145721
SNOW,0.0,-0.06353186,-0.016436558,0.20567289,-0.036873028,-0.068425186,-0.061131377,-0.053340945,0.053266503,-0.122735806,-0.13942486,-0.14647055,0.009429611,-0.0020177283,-0.027156468,-0.05777128,-0.024608623,0.32711476,-0.05536534,-0.0047231046,-0.1548063,-0.13850605,-0.003161253,-0.022071349,0.21984164,-0.20615473,0.17051424,0.041796815,-0.19457598,0.08228863,-0.20770623,-0.15029392,-0.10700902,0.029227275,0.024975765,0.009020316,0.0019085617,0.0,0.021236973,0.04195329,0.04920171,0.031752918,-0.016480274,0.5252,0.007798198,-0.0031422153,0.0,0.0,0.0,0.0,-0.13942486,-0.018624982,-0.048431322,0.009429611,-0.084035344,-0.0042056064,-0.06787493,0.015636355,0.0064151776,0.13381413,0.02260566,0.05351507,0.0,0.4249232,0.30851835
SNPS,-0.06677808,0.10898738,-0.04869942,0.25428668,-0.051542792,-0.069742106,-0.07277306,-0.0575526,0.07268837,0.0135032935,-0.12066229,0.0,0.58070636,0.569748,-0.07301741,-0.06977791,0.031568117,0.40039018,0.2570376,0.41281626,-0.19285572,-0.04938768,0.12034018,0.1849123,0.46597335,-0.26092532,0.14573683,0.46006027,-0.3770984,1.2490032,-0.8527015,-0.63741547,0.05453374,0.8366719,0.8012714,0.011820196,0.2793646,0.0,0.021236973,0.04195329,0.04920171,0.031752918,-0.016480274,0.5252,0.008430335,-0.051861126,-0.039272003,-0.052195244,0.025905438,-0.08854609,-0.12066229,-0.031207753,-0.04852728,0.58070636,-0.06942175,0.47868767,-0.024931055,-0.053550057,0.073160574,-0.338366,-0.7049094,0.028978745,-0.004534887,0.5109492,0.4442991
SO,-0.18445532,-0.2619505,0.20946366,-0.46997324,-0.026788417,-0.021127438,-0.03659249,-0.060217105,0.035003543,-0.050870825,-0.16142358,-0.16117613,0.2802922,0.0,-0.1227074,-0.0417256,-1.068853,-3.1763406,-0.31224796,-0.05655869,-0.828072,-0.9991382,-0.12190426,-0.22031906,0.41434634,-0.7257584,0.74140865,-1.2601411,-0.681888,-2.0922887,0.10376025,0.09956991,-0.22580667,-0.19341522,-0.24561015,-0.016991403,-0.067826085,0.0,0.021236973,0.04195329,0.04920171,0.031752918,-0.016480274,0.5252,-0.04012723,-0.010991971,0.048303436,0.09109623,0.0545342,0.043593407,-0.16142358,-0.05131821,-0.08822839,0.2802922,-0.07168249,0.37646776,-0.019250039,-0.14277357,-0.24283688,0.18848416,-0.17379908,-0.018450232,-0.00525818,0.17542784,0.0
SPGI,-0.052676965,-0.07294282,0.080343254,0.594279,-0.04389181,-0.070438,-0.07200189,-0.060787313,0.05867062,0.0014819527,1.4675592,0.07094819,-0.45410898,0.42571434,-0.029012978,-0.06994576,0.020164253,0.60610366,-0.00673275,0.111434184,-0.52628565,-0.5690714,0.050070696,0.0,0.47037908,-0.49461,0.44089353,0.08182409,-0.725358,0.89817435,-0.6073166,-0.4428462,0.0,0.6685407,0.75101584,-0.029753314,0.06010624,0.0,0.021236973,0.04195329,0.04920171,0.031752918,-0.016480274,0.5252,-0.0062744385,0.06876441,0.00442953,-0.0047879643,-0.15405226,0.0,1.4675592,-0.021032348,-0.032141484,-0.45410898,-0.051863544,0.08433781,-0.058730394,-0.06530002,-0.08145473,0.06300703,0.67125577,-0.0015288781,-0.018152436,0.34903494,0.2625128
SPOT,-0.05832709,0.0,-0.014970018,0.21786505,-0.017020216,-0.032648288,-0.049151864,-0.030682206,0.040548783,0.13563089,-0.14350028,-0.18139446,-0.04502703,-0.013388425,-0.04218948,-0.051274832,-0.055186067,0.6324447,-0.009666398,0.0032569086,0.2531245,0.5488695,0.00697708,-0.0035629736,0.20787573,0.0,0.15363075,0.021881208,0.5060991,0.06455942,-0.19122206,-0.19461867,-0.1262907,-0.046702664,-0.045240633,-0.012059037,-0.07705477,0.0,0.021236973,0.04195329,0.04920171,0.031752918,-0.016480274,0.5252,-0.011568586,0.0,0.0,0.0,-0.018389368,0.0,-0.14350028,-0.02722327,-0.06892295,-0.04502703,-0.08707008,-0.10723999,-0.06851782,0.0,7.863669e-05,-0.4794322,-0.7824186,0.35203254,0.0,0.37024444,0.44324005
STX,-0.04208165,-0.3651419,0.14997555,-0.83211726,0.070852265,-0.047196183,-0.044480834,0.0,0.037565585,0.8038909,0.6016789,-0.1559881,-0.201609,0.0,0.0,-0.049180254,-0.024973655,0.25360063,0.0,-0.060266007,0.49034148,0.6552125,0.06861443,0.0,-0.30930126,0.14076221,-0.50571823,0.7315501,0.4535656,-1.1507275,0.0,-0.3538229,-0.09160897,0.34247935,0.082804576,-0.014462399,0.0066405525,0.0,0.021236973,0.04195329,0.04920171,0.031752918,-0.016480274,0.5252,0.17306922,0.22175275,0.0,-0.00024103434,-0.003722548,0.0,0.6016789,-0.07382472,-0.020099232,-0.201609,-0.076601185,-0.16489182,-0.054278444,0.011632496,-0.17119783,0.50762355,1.8620561,0.0,0.0,0.12634696,-0.22824557
SU,-0.15921505,-0.22781916,0.19460388,0.41651082,-0.011652925,-0.039590154,-0.06963268,-0.074135095,0.05870171,0.07806163,-0.14123765,-0.32943517,0.18727364,0.048305757,-0.11726744,-0.06777241,-0.060561005,0.46879107,-0.03576415,0.0,-0.19425204,-0.1844564,-0.03449787,-0.017316556,0.30066165,-0.32355508,0.3081468,0.13222119,-0.24180618,-0.48609677,0.0,-0.21399724,-0.05536829,-0.2668316,-0.24485761,0.038567044,-0.17030208,0.0,0.021236973,0.04195329,0.04920171,0.031752918,-0.016480274,0.5252,0.00353216,0.030961405,0.0,0.0,0.0121640945,0.0,-0.14123765,-0.03923589,-0.06679392,0.18727364,-0.06626195,0.22797772,-0.04155236,-0.106649786,-0.2078896,0.16764462,-0.2131502,0.0,-0.0068073235,0.23807544,0.036766384
SYK,-0.11774131,-0.019022493,0.039483394,0.20098038,-0.0661386,-0.086339585,-0.0653473,-0.07052447,0.053016327,-0.3870617,-0.04221333,0.0,0.0,0.3519433,-0.12559174,-0.063703686,-0.05816918,0.36647686,-0.07401601,0.071478926,-0.57416207,-0.63839704,-0.018108146,-0.03672759,0.5571337,-0.5547183,0.46642467,-0.15561602,-0.6843075,0.19073796,-0.43679973,-0.5449655,-0.08679405,-0.206629,-0.1184199,-0.015458052,0.039706774,0.0,0.021236973,0.04195329,0.04920171,0.031752918,-0.016480274,0.5252,-0.08214571,0.016460286,0.0,0.026050895,-0.0059136036,0.0,-0.04221333,-0.040190633,-0.07123657,0.0,-0.0690009,0.4054028,-0.058907457,-0.095585234,-0.034526724,0.06786792,-0.15787837,0.0,-0.0042912085,0.4604827,0.33830884
T,-0.21165437,-0.52939206,0.36693078,-0.4393499,-0.065600626,-0.06195748,-0.06836732,-0.07412124,0.056314673,0.022000343,-0.13389897,0.0,0.0,0.0,-0.13480294,-0.061335012,-0.24360108,-0.63373554,-0.37309578,-0.2800443,-0.6562233,-0.7666524,-0.19355781,-0.26308984,0.20665923,-0.58938503,0.58874345,-0.9354555,-0.51850945,-0.854482,-0.18079056,1.2638068,-0.41256872,-0.31954122,-0.3495124,0.037237227,-0.3187717,0.0,0.021236973,0.04195329,0.04920171,0.031752918,-0.016480274,0.5252,0.0031655664,-0.0915567,0.017104473,0.06999377,-0.0017698586,0.1111659,-0.13389897,-0.0472669,-0.086931676,0.0,-0.07783276,0.021122409,-0.052661985,-0.17376879,-0.4086622,1.0202689,0.8220616,-0.08910886,-0.014401236,-0.29881763,-0.5236755
TEAM,0.042159174,0.705672,-0.53638417,0.2726367,-0.052777503,-0.0647598,-0.037990127,-0.050621778,0.03692888,0.0,0.022282053,-0.04470677,0.049515437,-0.7180628,-0.043416437,-0.038650014,0.9296294,0.5547954,0.041443907,0.0,0.9717477,1.1951112,0.00046792533,0.068017036,-0.018665202,0.38970912,-0.58014226,0.6201589,1.1545005,0.1391049,-0.2109656,-0.24952677,-0.0131487725,0.57062596,0.45923522,0.0,0.82583493,0.0,0.021236973,0.04195329,0.04920171,0.031752918,-0.016480274,0.5252,-0.011001202,-0.014925131,0.0,-0.00054116535,0.02549369,-0.032174934,0.022282053,0.0033894032,-0.01958464,0.049515437,-0.06896773,0.0,-0.07460739,0.07389928,0.61721796,-0.2399043,-0.21631368,1.4440612,0.0,0.6291703,1.0354441
TER,-0.0747714,-0.10515327,-0.006473813,0.0,-0.033168707,-0.054868147,-0.06603301,-0.058435544,0.04708928,0.15982829,-0.0039720507,0.0,0.27626055,0.40422383,-0.0633467,-0.06400017,-0.019346252,0.19431464,0.09506663,0.0,0.5331932,0.67091423,0.16609073,0.0,0.0,0.17916977,-0.32439354,1.2875929,0.2031872,-0.16083199,0.28207636,-0.59954524,0.0,0.7404486,0.39685112,0.041042663,0.31691974,0.0,0.021236973,0.04195329,0.04920171,0.031752918,-0.016480274,0.5252,0.12465805,-0.05784616,0.0,0.0058984854,-0.13817763,-0.010739297,-0.0039720507,-0.0034756872,0.0,0.27626055,-0.06738383,0.28775716,-0.014201069,0.013602954,0.008586563,0.10415216,-0.021163058,0.023777045,0.0,0.46969074,0.04778429
TJX,-0.11100412,-0.1658315,0.105370775,0.16432452,-0.029041274,-0.051908664,-0.06614712,-0.07446647,0.06256063,-0.21664591,0.3478571,0.09059406,0.21081258,0.34966263,-0.089622356,-0.06664729,-0.09067613,0.42852652,-0.03905857,0.1618523,-0.5666424,-0.59132266,-0.01422139,0.0,0.57181036,-0.42233467,0.6131848,-0.44932514,-0.49029672,0.9213737,-0.5524437,-0.28018242,-0.14651576,0.02914256,-0.059420463,-0.08439069,-0.090892486,0.0,0.021236973,0.04195329,0.04920171,0.031752918,-0.016480274,0.5252,0.0,0.020287447,0.0,0.0057368213,0.010750133,0.0,0.3478571,-0.042966783,-0.06798286,0.21081258,-0.07978227,0.24697356,-0.06209798,-0.07846659,-0.12969092,0.3039677,0.76616395,-0.08356559,-0.0128184175,0.16073173,0.06063458
TKO,-0.087693244,-0.11491348,0.06616485,0.17472875,-0.039385732,-0.071845375,-0.06183738,-0.074587606,0.05221636,-0.14380984,-0.097670734,-0.16947214,0.0060487245,0.006263179,-0.0864088,-0.056442227,-0.059447575,0.31712022,-0.031018268,0.018072365,-0.2322363,-0.23697051,0.0,-0.0030444092,0.2982736,-0.2681592,0.24342664,-0.08849397,-0.24127634,0.11338853,-0.19610706,-0.14894184,-0.09968646,-0.018178523,-0.01772494,0.0034908876,0.008063293,0.0,0.021236973,0.04195329,0.04920171,0.031752918,-0.016480274,0.5252,0.008227206,-0.0049112774,0.007084389,0.003771985,-0.0012118916,-0.00094736094,-0.097670734,-0.02668498,-0.07123819,0.0060487245,-0.07622412,0.013075272,-0.057870127,-0.056655932,-0.069322035,0.19650903,0.062452406,-0.00867298,-0.0075839227,0.30277622,0.14745578
TMO,-0.11356379,0.0,0.09043304,0.14410998,-0.08183304,-0.10926746,-0.065840945,-0.078568764,0.056533705,0.0,-0.09709801,0.0,0.0,0.1872414,-0.09749176,-0.06828976,-0.014085793,0.35403618,0.0,0.0,-0.42679027,-0.465028,0.0,0.0,0.4622779,-0.38673812,0.41924134,0.005104988,-0.54530925,1.2484075,-0.48351935,-0.6368832,0.0,-0.0128292125,0.044308297,-0.0382551,0.16567965,0.0,0.021236973,0.04195329,0.04920171,0.031752918,-0.016480274,0.5252,0.04806215,-0.0015143596,0.00017653822,-0.0024054076,-0.004994,0.0,-0.09709801,-0.032223407,-0.07017112,0.0,-0.06842764,0.066925846,-0.062072378,-0.091933385,-0.09133063,-0.012118392,-0.42060807,0.02352385,-0.007771592,0.47804698,0.38823578
TMUS,0.0,-0.12053872,0.1297484,0.25323513,-0.024835778,-0.02864852,-0.068776816,-0.059547104,0.05358014,-0.21277,-0.1598081,-0.40814462,0.09933925,0.0,0.013398962,-0.07007322,0.2465655,-0.5900516,0.0,0.12681566,-0.34617937,-0.37928733,0.013262246,0.0,0.42898887,-0.23574315,0.2976782,-0.45317248,-0.21412756,0.90567786,-0.46751618,-0.26984763,-0.023865456,-0.016756661,0.0,0.0,-0.03420998,0.0,0.021236973,0.04195329,0.04920171,0.031752918,-0.016480274,0.5252,0.0,-0.00031297165,0.0,0.0009725106,-0.012673759,0.0,-0.1598081,0.014613712,0.0,0.09933925,-0.06883433,-0.71813214,-0.17625599,0.057254024,-0.1597356,-0.34482896,-1.2158452,-0.08911751,-0.012095929,0.037380863,-0.027880432
TSLA,-0.13731071,1.0326195,-0.678948,-0.48743394,-0.13650593,-0.17297727,-0.056314673,-0.04308251,0.03737828,-0.4482866,-0.12587371,0.088901214,-0.72302455,-0.23765968,-0.2042239,-0.053783238,-0.73507553,-0.2427134,0.13382216,0.0,1.5465456,2.0322185,0.0,0.0,-0.86250484,0.8633479,-1.2927641,1.1049081,1.8503965,-1.7605506,0.16419767,-1.2444814,-0.024680834,-0.86040455,-1.111688,-0.07019271,-0.31873453,0.0,0.021236973,0.04195329,0.04920171,0.031752918,-0.016480274,0.5252,0.13804786,0.19181563,0.0,0.12419206,0.0,-0.005975186,-0.12587371,-0.07512111,-0.083663866,-0.72302455,-0.0841007,0.0,-0.004851266,-0.09879808,0.7479493,-1.9132088,-1.8312137,1.2295326,0.0,0.029171163,0.5184725
TSM,-0.016327087,0.29556578,-0.18457173,0.17252943,-0.00023014328,0.0,-0.0649417,-0.06480467,0.05634058,-0.23432292,0.011591587,0.0,0.21657068,0.34227824,-0.06796311,-0.07071803,-0.047648482,-2.8291297,0.23795246,0.26828247,0.0,0.047331247,0.18409434,0.2433587,0.27808157,-0.1582208,0.12253948,0.48443967,-0.16017757,0.23244347,-0.12491845,-0.051808987,0.13625468,0.32449135,0.34678873,-0.012194389,0.17618242,0.0,0.021236973,0.04195329,0.04920171,0.031752918,-0.016480274,0.5252,0.07376377,0.025461487,-0.0076217023,0.007813156,-0.043550618,-0.07178455,0.011591587,-0.03190577,-0.066962816,0.21657068,-0.06668734,0.42851883,-0.02483167,-0.018055832,0.25665846,0.6252668,0.68374425,0.022612805,0.0049367207,0.45401374,0.44055012
TT,-0.065816544,-0.1108074,0.08136828,0.18739903,-0.02008873,-0.05187323,-0.0715072,-0.072396025,0.060818173,-0.17540266,-0.063827485,-0.12517588,0.081384316,0.06964771,-0.05097525,-0.06927425,-0.019558124,0.3471834,0.0,0.032417506,-0.24873629,-0.2718815,0.014236789,0.0059648766,0.32881007,-0.28238901,0.27500057,-0.013838031,-0.2816294,-0.2594002,-0.20001471,-0.20913668,-0.070496865,0.023585955,0.021229327,0.0053729243,0.053424582,0.0,0.021236973,0.04195329,0.04920171,0.031752918,-0.016480274,0.5252,0.008227751,0.017399257,0.0,0.0,-0.018154092,-0.00874001,-0.063827485,-0.024573738,-0.05654188,0.081384316,-0.0762006,0.039265648,-0.047031365,-0.037179966,-0.07008075,0.18704149,0.08035492,-0.012921242,-0.0027349326,0.41890368,0.18778193
TTD,0.033522625,0.68418735,-0.53791374,0.4431846,-0.06543705,-0.0686833,-0.0057562105,-0.07016531,0.027485415,-0.16778798,-0.049909275,-0.09599529,-0.008630079,-0.023497807,-0.059577305,-0.0064933514,0.013034636,0.22495595,0.19458507,0.0,1.282149,2.4739628,0.016457263,0.027477292,-0.059103698,1.0985906,-0.8712902,1.2390907,1.8417116,0.07184321,-0.16055083,-0.24928835,0.02970111,0.30840495,0.4834595,0.005377068,0.19604775,0.0,0.021236973,0.04195329,0.04920171,0.031752918,-0.016480274,0.5252,0.022745738,-0.02890588,0.0,0.035034813,-0.00071910967,-0.0069346325,-0.049909275,-0.027488317,-0.08796692,-0.008630079,-0.09078886,-0.02498979,-0.06972304,0.03259421,0.6446979,-0.5263475,-0.7648764,0.2913426,-0.021989075,0.5367367,0.5289999
TTE,-0.16235977,-0.61904436,0.39792952,-0.069357626,-0.014939148,0.25837216,-0.061131377,-0.045560636,0.045365598,1.1825768,-0.14223444,-0.18866578,0.044558298,0.0,-0.12966017,-0.052814752,-0.25886273,-0.077317394,-0.2918219,-0.25043988,-0.3305829,-0.36213973,-0.17655092,-0.19928887,0.2448695,-0.45449114,0.3306693,-0.48642957,-0.23599319,0.27161083,0.18450262,1.719618,-0.3497312,-0.17463809,-0.24644203,-0.03755949,-0.27400038,0.0,0.021236973,0.04195329,0.04920171,0.031752918,-0.016480274,0.5252,0.07356838,-0.02927313,0.006135705,0.0,0.023014585,0.10943613,-0.14223444,-0.023134938,-0.039934922,0.044558298,-0.07416718,0.0,-0.06845537,-0.13537933,-0.43565732,0.7946615,0.565975,-0.08337058,0.0,-0.31999403,-0.8401359
TTWO,-0.06488539,0.020661734,-0.20978977,0.0,0.0,0.021176567,-0.051639624,-0.013493283,0.037245102,-0.4761501,-0.095310494,-0.22585943,-0.23128304,0.07811086,-0.06913937,-0.04839064,0.018732853,0.4980291,0.052032832,0.0,0.063514955,0.15981896,0.120743036,0.060988907,0.22330841,0.049780507,-0.009234266,0.0,0.26783192,0.77635735,-0.28627747,-0.59616613,-0.09339753,0.15313299,0.0,0.00016401935,0.27317813,0.0,0.021236973,0.04195329,0.04920171,0.031752918,-0.016480274,0.5252,0.19960041,-0.045152966,0.0,4.645196e-05,-0.016233342,-0.038194712,-0.095310494,-0.011771379,-0.0028762151,-0.23128304,-0.06776806,-0.013114485,-0.116565235,0.0,0.22333232,-0.3963656,-0.73846656,0.0,-0.0026624952,0.11362638,0.10407337
TXN,-0.09127474,-0.20957103,0.1254312,-0.14589795,-0.003326101,-0.0226722,-0.06615686,-0.07438957,0.049740855,-0.44491434,0.17005977,0.20300896,0.37044153,0.24633747,-0.047040418,-0.06671683,-0.075827554,0.022612544,0.0,0.0,-0.21923593,-0.20266148,0.0,0.029307399,0.4610975,-0.25712276,0.23315507,0.512694,-0.48259673,-1.3088912,-0.37413856,-0.12029631,-0.0250261,0.8048132,0.5009853,0.022302728,0.24839693,0.0,0.021236973,0.04195329,0.04920171,0.031752918,-0.016480274,0.5252,0.10761808,-0.36709362,-0.020973973,-0.0040646954,0.17766517,-0.0023331293,0.17005977,0.0,-0.015186186,0.37044153,-0.06850237,0.2306814,-0.058401585,-0.035381515,-0.05951599,0.39386645,0.864904,0.028071582,-0.011639325,0.45179942,0.0
UBER,0.0,-0.0751952,-0.02276907,0.2126537,-0.07247169,-0.10605377,-0.040663447,0.0,0.03692888,-0.114712186,-0.13216953,-0.1509652,0.0,-0.021826284,-0.012074001,-0.036830503,-0.05233451,0.3842175,-0.005384362,0.00014617547,-0.042755313,0.0,-0.005183804,-0.0022024072,0.20485033,-0.14195944,0.19841716,0.06406993,0.0,0.7221092,-0.2563779,-0.1059895,-0.14670205,-0.016284721,-0.019615743,0.00786791,-0.028183794,0.0,0.021236973,0.04195329,0.04920171,0.031752918,-0.016480274,0.5252,0.0,0.033895925,0.0,0.0029304826,-0.013006117,-0.0041180947,-0.13216953,-0.001524884,-0.039499145,0.0,-0.09165055,0.0,-0.067757405,0.0,0.009721156,0.15020943,0.023499658,0.52926624,-0.014670873,0.40848333,0.32048544
UBSG,-0.08464191,-0.3716359,0.25904948,0.16812482,-0.049879204,-0.12964359,-0.068096064,-0.027116125,0.049990065,-0.10753772,-0.1824703,-0.30854943,0.0,0.078602046,-0.049629923,-0.0711541,-0.99332553,-3.299965,-0.028819617,0.0,-0.28480586,-0.31164142,-0.16768818,-0.11706601,0.1414725,-0.3053462,0.3033312,-0.19135004,-0.16818756,-0.6462802,0.0,0.38049698,-0.2536272,-0.03877062,-0.03711922,-0.026005346,0.0,0.0,0.021236973,0.04195329,0.04920171,0.031752918,-0.016480274,0.5252,0.043342523,0.12887502,0.0,0.014359395,-0.1022357,0.06577058,-0.1824703,-0.00038785723,-0.03995567,0.0,-0.075431965,-0.3460406,-0.080452725,-0.072150424,-0.30949965,0.40938926,0.14923967,-0.07373451,-0.011359249,-0.10107299,-0.3365595
UCG,-0.028093368,-0.46839726,0.2929818,0.17252943,-0.050440688,-0.07087615,-0.07221884,-0.074535914,0.049990065,-0.14995617,-0.19852741,-0.31168213,-0.14676659,0.03545064,0.017499378,-0.07110189,-0.047648482,0.31225428,0.0,-0.118098766,0.5244067,0.64227223,0.012645499,0.0,-0.22091725,0.19653839,-0.28281248,0.2661961,0.7608204,0.20904924,0.13072787,1.0689498,-0.09168477,-0.014032494,-0.014414895,0.010248205,-0.18180162,0.0,0.021236973,0.04195329,0.04920171,0.031752918,-0.016480274,0.5252,-0.02346408,-0.022822155,0.0,-0.06395988,-0.0052060494,0.0,-0.19852741,0.0039797253,-0.022876913,-0.14676659,-0.06250758,-0.36129487,-0.10879464,-0.0029452178,-0.3118001,0.3237463,0.18038186,-0.020725127,-0.0041240645,-0.06648047,-0.35698918
ULVR,-0.14176719,-0.38263363,0.28665826,0.025766788,-0.025215488,-0.06406696,-0.07360942,-0.070085436,0.056533705,0.39604223,0.16712412,0.0,0.0,-0.10461977,-0.073246315,-0.07372676,-0.14012422,0.43272412,-0.37045947,-0.22917011,-0.77222097,-0.89954424,-0.16629922,-0.21807176,0.39951915,-0.5949161,0.69372153,-1.0345694,-0.6128739,-1.2075373,0.032210693,0.1551544,-0.29106426,-0.24082671,-0.27543652,0.00018214871,-0.32528263,0.0,0.021236973,0.04195329,0.04920171,0.031752918,-0.016480274,0.5252,-0.03606524,0.03340837,0.02995814,0.108398385,-0.010693046,0.19544078,0.16712412,-0.034667064,-0.065260336,0.0,-0.08398208,0.0,-0.0686595,-0.113842845,-0.30502144,0.6243846,1.1509514,-0.33138734,-0.014717132,0.0,-0.19345777
UMG,-0.11288262,-0.15341288,0.09396728,0.18514408,-0.07421836,-0.10336175,-0.07571462,-0.07466205,0.060242243,-0.095615335,-0.06304786,-0.1266859,0.0,0.0,-0.09151808,-0.07044717,-0.04543374,0.32406232,-0.06334516,0.0,-0.23276764,-0.2237061,-0.017944846,-0.03430389,0.28131935,-0.2665934,0.23312312,-0.093517676,-0.230898,0.07749632,-0.1990636,-0.1391488,-0.14740363,-0.03705429,-0.03689219,-7.176609e-05,-0.026223939,0.0,0.021236973,0.04195329,0.04920171,0.031752918,-0.016480274,0.5252,0.0043534627,0.0009686078,0.008285849,0.007430189,-0.0024273945,0.0,-0.06304786,-0.04315117,-0.08301915,0.0,-0.09075453,0.014096992,-0.06534134,-0.08394869,-0.0956765,0.21241277,0.10206919,-0.022514073,-0.006584121,0.370457,0.16842307
UNH,-0.040707663,0.021276295,0.0077759465,0.44161633,-0.08762331,-0.11422068,-0.06580943,-0.073075004,0.05235909,-0.5088054,-0.053437363,0.0,0.2674416,0.22583143,-0.06638335,-0.06583075,0.05163844,0.6861537,0.030092405,0.3024426,-0.43662646,-0.42892364,0.11398531,0.16649084,0.59845644,-0.32856634,0.49854347,-0.5689197,-0.334927,1.1867903,-0.62967783,-0.13662577,0.09799403,0.04676038,0.11736564,-0.004389867,-0.007549207,0.0,0.021236973,0.04195329,0.04920171,0.031752918,-0.016480274,0.5252,-0.033221453,-0.05016685,0.0,-0.04573241,-0.019660724,-0.040610548,-0.053437363,-0.03308069,-0.06336755,0.2674416,-0.067884736,0.03983564,-0.0141933635,-0.06815751,0.0,0.42119107,0.442928,-0.024838433,-0.0128718335,0.32766926,0.4038413
UNP,-0.13108954,-0.46037447,0.2679239,0.0,0.0,0.0,-0.070628025,-0.08040365,0.056552846,0.76083946,0.124972135,0.11133158,0.0,0.049475674,-0.062559225,-0.06908118,-0.1158504,-0.8090187,-0.22794762,-0.116949484,-0.48095962,-0.42384565,-0.08299163,-0.1363059,0.41362306,-0.43033898,0.44045666,-0.16887107,-0.52523345,0.18796171,-0.24359058,-0.12954518,-0.16589376,-0.34999487,-0.3157836,0.047134,-0.43413833,0.0,0.021236973,0.04195329,0.04920171,0.031752918,-0.016480274,0.5252,-0.06724149,-0.19254386,0.022901956,0.02606274,0.0942573,0.049115393,0.124972135,-0.03227485,-0.043813154,0.0,-0.068118066,0.14748266,-0.05360664,-0.104267396,-0.31032762,0.4740338,0.8917395,-0.054375786,-0.0061567044,0.0,-0.15852939
V,-0.051218703,0.035385508,-0.046184625,0.10944757,-0.08336535,-0.070956364,-0.07404209,-0.07929905,0.059572842,-0.5522152,0.081028216,0.19703726,0.523099,0.09668845,-0.06419068,-0.06408444,-0.010766081,0.40732977,0.0,0.25434566,-0.6119568,-0.64391243,0.038356263,0.011656273,0.6384891,-0.53701484,0.5348807,0.03754085,-0.8511818,1.1327837,-0.6314747,-0.3581762,-0.051772494,0.18814863,0.20525502,0.030945813,-0.12945142,0.0,0.021236973,0.04195329,0.04920171,0.031752918,-0.016480274,0.5252,-0.004000113,-0.20049608,0.0,0.010030086,0.02964719,-0.058560673,0.081028216,0.0,-0.02401892,0.523099,-0.06682976,0.045578007,-0.071031645,-0.019428402,0.051886413,0.043189608,0.02032857,0.16351902,-0.009402021,0.37881103,0.44188926
VRSN,-0.08428489,-0.30673188,0.18833436,0.07925005,-0.027344942,-0.054335777,-0.077277064,-0.079703785,0.060174447,0.7311595,-0.8256463,0.06358511,-0.3716077,-0.006210582,-0.058533598,-0.071790576,0.26849294,0.37279665,-0.08119767,0.0,-0.5110814,-0.5543173,-0.035366632,0.0,0.29613534,-0.5295016,0.31782144,-0.10472091,-0.5783859,-1.3267792,-0.94676346,-0.6604357,-0.1801564,0.23186398,0.19457276,0.0865939,-0.22523363,0.0,0.021236973,0.04195329,0.04920171,0.031752918,-0.016480274,0.5252,-0.12760554,-0.08561216,0.0,0.0,-0.119883634,0.0,-0.8256463,-0.04355541,-0.07239703,-0.3716077,-0.117895335,0.0,-0.048954494,-0.07435199,-0.21174818,-2.9829707,-1.8201393,-0.0059663514,-0.008240291,0.04969277,0.0
VRT,-0.06284016,-0.118003614,0.055803463,0.21128865,-0.017694978,-0.068948545,-0.06178875,-0.06174133,0.054196194,-0.18729103,0.040679764,-0.022914467,0.034894112,0.11151859,-0.043931462,-0.06259687,-0.09497327,0.49240267,0.011827258,0.058765624,-0.16480221,0.0,0.018887667,0.035458695,0.2982736,-0.18848369,0.1990664,0.02135278,0.0,0.44424558,-0.22801806,-0.14894962,-0.040927067,0.04177606,0.024743415,-0.0049913465,0.035745036,0.0,0.021236973,0.04195329,0.04920171,0.031752918,-0.016480274,0.5252,0.0,0.012777953,0.0,0.019643307,-0.004184407,-0.0063577374,0.040679764,-0.029376183,-0.07752555,0.034894112,-0.075398326,0.115270175,-0.046240326,0.0,-0.059088863,0.23489562,0.2625337,0.031714853,0.0,0.4922852,0.24169323
VRTX,0.0,0.22768167,-0.2925213,0.26146355,-0.06951697,-0.102607526,-0.06430666,0.0,0.039141487,-0.14524026,0.0006086691,-0.20510067,-0.81465304,-0.69769764,-0.036483895,-0.056320816,0.104721025,0.4818527,0.0,0.0,0.04970427,0.14083154,-0.0020074951,0.0,0.1476314,-0.046945184,-0.02129617,-0.0151999565,0.19176854,0.46621206,-0.31803828,-0.5377158,-0.12055421,0.097110905,0.0,0.053231716,0.30638346,0.0,0.021236973,0.04195329,0.04920171,0.031752918,-0.016480274,0.5252,0.036658235,-0.040053975,0.0,0.0,0.0044332882,0.0,0.0006086691,-0.04181228,-0.07177302,-0.81465304,-0.10514972,-0.6902268,-0.1586117,0.010283952,0.31604508,0.027925944,-0.15163936,-0.13672061,-0.013790801,0.028356083,0.0
VST,0.0,-0.090405025,0.051116403,0.1301813,-0.03612401,-0.04914445,-0.05605893,-0.030647887,0.037245102,-0.2063539,-0.11870551,-0.14185853,0.16935575,0.0,0.0,-0.056585826,0.5175409,0.10289545,0.0,0.013350726,-0.030032575,0.0,0.010715562,0.0,0.251774,-0.17577404,0.18728682,-0.0648856,0.09543648,1.3847553,-0.24678636,0.28985202,0.0,-0.067369826,-0.099139445,-0.0027156924,-0.071916215,0.0,0.021236973,0.04195329,0.04920171,0.031752918,-0.016480274,0.5252,0.0077318423,0.016460286,0.0,-0.008246,0.013365352,-0.0069346325,-0.11870551,-0.00815273,0.0,0.16935575,-0.07409816,-0.0074647176,-0.07993832,0.009449299,-0.04219179,0.24882543,0.13913998,-0.0617469,-0.009976635,0.02254352,0.019935502
VZ,-0.17952617,-0.48320007,0.32670388,0.0,-0.0672179,-0.086289994,-0.0721882,-0.073465824,0.059215974,0.10272601,0.03145798,-0.11770258,-0.9878707,-0.13210975,-0.10628204,-0.07190788,-0.21287176,-0.71002144,-0.43418404,-0.36930653,-0.7806261,-0.9366459,-0.23597087,-0.33371142,0.37871394,-0.6711861,0.63412744,-1.0744749,-0.62135965,-1.1060098,-0.2704931,1.2766893,-0.43359205,-0.06645268,-0.10831425,-0.07554541,-0.15950686,0.0,0.021236973,0.04195329,0.04920171,0.031752918,-0.016480274,0.5252,0.0180936,0.00093409163,0.077097826,0.2017885,-0.010081684,0.21911205,0.03145798,-0.0677517,-0.113635495,-0.9878707,-0.114047304,0.0,-0.0763293,-0.15681304,-0.3537863,1.2550734,1.537454,-0.089351706,-0.020830313,0.0,-0.31197336
WDAY,0.21515748,0.5204468,-0.35541013,0.6822111,-0.0012748255,-0.034746982,-0.03645513,0.0,0.03259744,0.0,-0.08649598,-0.65563077,-0.79216623,-1.0213257,0.06669171,-0.035841372,0.41490048,0.003691207,-0.1600832,-0.4375474,0.4652286,0.6353518,-0.10367063,-0.1338517,-0.3426232,0.047446262,-0.39019528,0.6429118,0.40694833,-0.09968531,-0.35398307,-0.5728527,-0.0887171,1.0390972,1.0834961,0.046157926,-0.008653818,0.0,0.021236973,0.04195329,0.04920171,0.031752918,-0.016480274,0.5252,-0.11349927,-0.15867476,0.0,0.0,0.013859873,0.047920223,-0.08649598,-0.016082041,-0.020414203,-0.79216623,-0.0910845,-1.2965769,-0.26623908,0.13836914,0.3855874,-1.0072725,-1.0897065,0.63273686,-0.015649868,0.4581229,0.6054341
WDC,-0.096533865,-0.13988815,0.07819255,0.17252943,-0.02920276,-0.06649368,-0.06649116,-0.07582708,0.056533705,-0.14846466,-0.08478798,-0.15607268,0.016342884,0.018617105,-0.07497261,-0.0708819,-0.050109014,0.31293985,-0.052318856,0.007896098,-0.2300551,-0.23800278,0.004263184,-0.022973306,0.29565614,-0.26781604,0.24613956,-0.0760435,-0.2435827,0.11521706,-0.1990856,-0.14930065,-0.09766873,0.026664304,0.019570451,0.008628458,-0.006160834,0.0,0.021236973,0.04195329,0.04920171,0.031752918,-0.016480274,0.5252,0.0099803,-0.00028994624,0.007084389,0.0124277705,-0.003777982,0.0,-0.08478798,-0.026618171,-0.07402442,0.016342884,-0.07527597,0.040415812,-0.04321611,-0.059734777,-0.07917894,0.20317611,0.08413585,-0.0033514493,-0.0028418272,0.31586462,0.1499924
WELL,-0.037035406,0.21119499,-0.05681307,-0.52975,-0.068129525,-0.12046513,-0.05042326,-0.06698593,0.04666171,-0.27475145,-0.21589828,-0.3244172,0.13004074,0.19450262,-0.088150196,-0.047946423,1.6869477,0.48276547,0.0,0.0,-0.46731582,-0.5724871,0.0,0.08386829,0.36851883,-0.556556,0.38312194,-0.8281972,-0.26677117,-0.47969472,-0.052164152,-0.05569609,0.0,-0.0577081,0.02803913,-0.0022501966,0.43180767,0.0,0.021236973,0.04195329,0.04920171,0.031752918,-0.016480274,0.5252,0.010106278,0.19651733,0.0,-0.03272748,0.11973572,0.0,-0.21589828,0.005163059,-0.030405983,0.13004074,-0.060090736,-0.059962764,-0.07976315,0.0023091992,0.108545594,-0.37683773,-2.0666778,0.030740444,0.0,0.48991555,0.3220999
WFC,-0.14891453,-0.44165793,0.2921855,0.17252943,-0.050440688,-0.07087615,-0.06781483,-0.072754234,0.058723316,-0.14995617,-0.16752616,-0.010773784,-0.14206058,0.0072748293,-0.06924865,-0.07110189,-0.047648482,0.31225428,-0.24471758,-0.21845551,-0.31703764,-0.34781387,-0.068837814,-0.085266545,0.06746389,-0.3504219,0.29700622,0.041966487,-0.38878632,-0.34814447,0.09554992,0.12880482,-0.20038244,-0.22525254,-0.2705391,-0.013512738,-0.27253765,0.0,0.021236973,0.04195329,0.04920171,0.031752918,-0.016480274,0.5252,0.07923471,0.10008518,0.022143207,0.018138565,0.0,0.0,-0.16752616,-0.036165625,-0.07422424,-0.14206058,-0.080676675,-0.016427655,-0.06924975,-0.10344806,-0.34771398,0.48586336,0.23826559,-0.012672319,-0.0072769895,-0.04372784,-0.27716434
WM,-0.11402611,-0.20600864,0.1691117,0.0,-0.016391817,-0.049577076,-0.07132489,-0.07322014,0.06043086,-0.3982589,0.006769602,-0.25551903,0.3835176,0.45896572,-0.07626916,-0.06967091,-0.1279715,-0.42283824,-0.09009601,0.44178608,-0.9401036,-1.0752152,0.022647373,-0.0070817606,0.69555026,-0.73842955,0.78270304,-0.85293955,-0.8700369,-0.2401156,0.021190267,-0.41525373,-0.09381614,0.21177523,0.1495809,0.03791019,-0.15653327,0.0,0.021236973,0.04195329,0.04920171,0.031752918,-0.016480274,0.5252,0.03702906,-0.099772975,0.019622792,0.014535367,0.09607703,0.0,0.006769602,-0.027487135,-0.059925526,0.3835176,-0.0672525,0.43029717,-0.0116266655,-0.08553717,-0.17660499,0.17959715,0.10573014,-0.010540724,-0.026260443,0.22448368,0.10033856
WMB,-0.16058642,-0.28743386,0.2674398,-0.03486244,-0.0239803,0.0,-0.06129797,-0.034599666,0.05278321,0.3722024,-0.12562424,-0.050583713,0.0914882,-0.49779573,-0.08875831,-0.059918612,-0.23116617,-1.7176505,-0.0961787,-0.105943024,-0.33758762,-0.3856341,-0.09949743,-0.12892804,0.043609396,-0.41099328,0.35273847,-0.26371118,-0.2501848,0.5579701,-0.05805266,0.9810047,-0.2489288,-0.33537734,-0.37039474,-0.038051568,-0.40042818,0.0,0.021236973,0.04195329,0.04920171,0.031752918,-0.016480274,0.5252,0.0,0.0064616743,0.0,-0.026294595,-0.029783484,0.0058499076,-0.12562424,-0.017953819,-0.039885417,0.0914882,-0.065203,0.0,-0.04940732,-0.09606107,-0.24244875,0.05564827,-0.3224366,-0.008155547,-0.0030076148,0.06136699,-0.02105374
WMT,-0.17169277,-0.31618384,0.23153558,-0.34660587,-0.060600653,-0.06975239,-0.072124735,-0.08083521,0.06867246,-0.1679219,-0.06956766,-0.06445954,0.33454305,0.3431216,-0.12685049,-0.06742328,-0.11342202,0.48393017,-0.063741684,0.15189616,-0.7980993,-0.8661538,0.00010058349,0.0,0.51275015,-0.5543288,0.70397854,-1.0037876,-0.60885286,0.26267084,-0.43665224,-0.3509751,-0.10451138,0.12614948,0.08099715,0.0,-0.13166025,0.0,0.021236973,0.04195329,0.04920171,0.031752918,-0.016480274,0.5252,0.028886992,0.004771614,0.021674065,0.028092695,-0.0074958694,0.0,-0.06956766,-0.044578362,-0.08629201,0.33454305,-0.0655438,0.6837082,-0.003180158,-0.115512624,-0.2642387,0.1494441,-0.15222862,-0.0742833,-0.0061567044,0.18397303,0.0
XOM,-0.22419521,-0.665387,0.22068845,-0.31286868,-0.03859027,0.0,-0.07257767,-0.084658235,0.05650949,0.29898858,-0.13194041,-0.13689566,-0.4065863,-0.09053844,-0.14298955,-0.06529209,-0.11716086,-0.014695214,-0.48730662,-0.4623421,-0.46139914,-0.5774558,-0.21914029,-0.3498562,0.062355842,-0.5817397,0.45760804,-0.47088575,-0.46840912,-1.3250338,-0.077030025,0.5279902,-0.37911046,-0.35239938,-0.4404585,0.049688965,-0.0967212,0.0,0.021236973,0.04195329,0.04920171,0.031752918,-0.016480274,0.5252,0.12078284,-0.07066428,0.0,0.09476324,0.1022764,0.10999594,-0.13194041,-0.017030977,-0.080694854,-0.4065863,-0.08961706,0.0,-0.07490016,-0.11724504,-0.33619386,0.2384834,-0.097519726,-0.07326122,-0.0033261552,-0.08668996,-0.7370154
ZS,0.0,0.8037507,-0.46135405,0.27005345,-0.05491462,-0.08471363,-0.061312765,-0.066930026,0.060017936,-0.36318403,-0.12326429,-0.1073449,0.0,-0.53833604,-0.056246,-0.063409515,0.06857651,0.028547801,0.0,0.0036881724,0.4274975,0.87540966,0.016139526,0.0,0.19124922,0.22138482,-0.35609972,0.27139708,0.5996785,0.10339609,-0.20323958,-0.19065374,-0.08531145,0.73971117,0.38842148,-0.0037417738,0.38503763,0.0,0.021236973,0.04195329,0.04920171,0.031752918,-0.016480274,0.5252,-0.0011604545,0.0,0.0,0.013478717,-0.0059085693,0.0,-0.12326429,-0.01669395,-0.047309667,0.0,-0.085820824,-0.7407618,-0.06851522,0.05561431,0.5698982,-0.8832416,-0.9537142,0.072519794,-0.0030475808,0.6072158,0.4871777
ZTS,-0.078827575,-0.16011408,0.13082571,0.2929124,-0.035385683,-0.053803455,-0.072422005,-0.07655139,0.056412388,-0.41507056,0.31662726,-0.15210186,-0.14412686,0.0,-0.05144425,-0.07355526,-0.070534736,0.101169795,-0.005491875,0.0,-0.4481228,-0.45744112,0.0,0.0,0.29781377,-0.34336212,0.47011408,-0.14630444,-0.4881482,0.61101234,-0.20830265,-0.36025512,-0.06514487,0.16082267,0.17492916,-0.020530585,-0.1536037,0.0,0.021236973,0.04195329,0.04920171,0.031752918,-0.016480274,0.5252,0.014127774,0.024899542,0.0120719485,0.0,-0.010939002,0.0,0.31662726,-0.042588472,-0.062214606,-0.14412686,-0.07803802,-0.01370463,-0.0721769,-0.07521907,-0.12731402,0.11527667,0.27617097,0.00012637749,-0.020351723,0.24313293,0.18207213
ZURN,-0.18183936,-0.46815592,0.27600756,0.17252943,-0.048871785,-0.069187246,-0.066803046,-0.060397424,0.05650949,-0.14995617,-0.13841441,-0.3382032,0.6337576,-0.16782703,-0.07907079,-0.06524818,-0.047648482,0.31225428,-0.1416525,0.090219386,-0.8689218,-1.0093195,-0.054427292,-0.06781692,0.6542144,-0.7029216,0.7297344,-0.82794654,-0.84247106,-1.3004705,0.017004559,0.9254097,-0.23490173,-0.5467421,-0.5986407,-0.0544575,-0.38272,0.0,0.021236973,0.04195329,0.04920171,0.031752918,-0.016480274,0.5252,-0.075456515,0.07875731,0.01898213,0.08254728,-0.08365668,0.016978728,-0.13841441,-0.03778867,-0.068559825,0.6337576,-0.06603718,0.6965472,-0.0106088305,-0.12738512,-0.32813397,0.83516634,0.64418393,-0.018790366,-0.0030076148,-0.005107226,-0.22002709
