date,coverage,icorr,rho_trail,rho_fwd
2014-07-21,1.0,0.2589469053595235,0.2321435323431924,0.28162562241458666
2014-07-22,1.0,0.25089145458930434,0.23141913111044196,0.27654615569622054
2014-07-23,1.0,0.2748158342453889,0.23612024125989808,0.2825307202804291
2014-07-24,1.0,0.28452427160239324,0.23309911286872498,0.29565528793744966
2014-07-25,1.0000000000000002,0.3211637999627909,0.2351781885052785,0.30005383963817794
2014-07-28,1.0000000000000002,0.3136395230547949,0.23728374196295682,0.3040788107957337
2014-07-29,1.0,0.35411261170449004,0.21795947659145834,0.30930503455122127
2014-07-30,1.0,0.36177396269750706,0.21838915066545772,0.33081667677033316
2014-07-31,1.0,0.5209246274101392,0.23402204315039501,0.21426984741521185
2014-08-01,1.0,0.5084983163529311,0.2296187351631402,0.20032248193041916
2014-08-04,1.0,0.3957906359955407,0.2224702169153826,0.19610661860815462
2014-08-05,0.9999999999999999,0.5121880641313862,0.22457515157091498,0.14978686313231765
2014-08-06,1.0,0.48254567593893394,0.21952395452679943,0.15880673057223998
2014-08-07,1.0,0.5322979780073579,0.21996613008612997,0.13886604507469477
2014-08-08,1.0000000000000002,0.4636519144648183,0.2216829549169771,0.15785815801875575
2014-08-11,1.0,0.40805170044591527,0.22252894511893878,0.17095753787325102
2014-08-12,1.0,0.4304564415385729,0.22222676847714418,0.16489680535821366
2014-08-13,1.0,0.3672881924767163,0.22576332027866416,0.14991135224868002
2014-08-14,1.0,0.34634641984933145,0.22554608099091442,0.15127771463202216
2014-08-15,1.0,0.36415324532762877,0.22604678426253605,0.14963928601682716
2014-08-18,1.0,0.344479951647409,0.23005559582144902,0.1294682798194033
2014-08-19,1.0,0.35862837875253767,0.2303957651882791,0.11945215413099203
2014-08-20,1.0,0.35015460481439464,0.23222104533276192,0.14097880161616136
2014-08-21,1.0,0.3455469612410456,0.23309111805308558,0.1293256096442713
2014-08-22,0.9999999999999999,0.3414982468083594,0.2331012273893305,0.14803945999932128
2014-08-25,0.9999999999999999,0.33668138504308176,0.2343200097299151,0.15873687337604678
2014-08-26,1.0,0.33644205605387084,0.22846507123143608,0.17096983917643144
2014-08-27,1.0,0.3451095903180199,0.21794229738763787,0.25873451044392626
2014-08-28,0.9999999999999999,0.33603423980968117,0.21950301284307522,0.268272646740561
2014-08-29,1.0,0.324338997723027,0.21992207024096044,0.2657098687879159
2014-09-01,0.9999999999999998,0.3239437176525344,0.22029457960196397,0.262075783357063
2014-09-02,0.9999999999999999,0.3354006724764426,0.22016941649461624,0.3077223218883582
2014-09-03,1.0000000000000002,0.34384838233845894,0.21870702676355305,0.31060914711065135
2014-09-04,1.0,0.36807549919151344,0.21927428790163747,0.32820521303279654
2014-09-05,1.0,0.2993357702634287,0.21314335321713748,0.31882865734250715
2014-09-08,1.0000000000000002,0.32282480567972005,0.2123165395074517,0.35929293270982654
2014-09-09,0.9999999999999998,0.3902041947984504,0.20947687321550337,0.38704313951967095
2014-09-10,1.0,0.35585418957546755,0.20761847236377173,0.4183234413503378
2014-09-11,0.9999999999999998,0.33630519182622565,0.2057675624239539,0.4201680593244025
2014-09-12,1.0,0.38754157467823835,0.20668463077450486,0.40821674965872246
2014-09-15,1.0,0.4029244351980629,0.2078580482060338,0.3963178387308071
2014-09-16,0.9999999999999999,0.3310869605149039,0.2098915906231359,0.37838765637630956
2014-09-17,1.0,0.3103563686533893,0.20992668164940667,0.36039912844355615
2014-09-18,1.0,0.2716732517576677,0.21186153263318983,0.3678426771840296
2014-09-19,0.9999999999999999,0.26209874008990475,0.21261181562476378,0.3722338939680814
2014-09-22,1.0,0.35602854788906635,0.21414756042769384,0.39368571701004407
2014-09-23,1.0,0.3788521237014413,0.21554204993790316,0.3857807387238656
2014-09-24,1.0,0.3320444119124169,0.21629945592679758,0.38926970694470314
2014-09-25,1.0,0.4280303071776415,0.22683911049600716,0.36574603429837627
2014-09-26,1.0,0.39871111148246474,0.22826526498145328,0.36509765398981103
2014-09-29,1.0,0.4087868763954684,0.22365572388371957,0.3651372688876901
2014-09-30,1.0,0.4515385396320552,0.2199652930110122,0.3598065780372681
2014-10-01,1.0,0.462830526338819,0.2278705245538088,0.33180271539993705
2014-10-02,0.9999999999999999,0.40708737835248265,0.2256773823267676,0.34840620036741154
2014-10-03,1.0000000000000002,0.36024149869035144,0.21427816931394658,0.3481661975352457
2014-10-06,1.0,0.3729233832473968,0.20753009741223236,0.34133072076747023
2014-10-07,1.0,0.44943800746386087,0.2154508076880636,0.3123516197645183
2014-10-08,1.0,0.3540276519898285,0.22379698570141912,0.2976889774553887
2014-10-09,1.0,0.5244792520051701,0.2322023326518512,0.2543441561706847
2014-10-10,1.0,0.5286775919069641,0.24093956181105344,0.21736005352677568
2014-10-13,1.0,0.6034294361812994,0.2396300155074902,0.20394511750136374
2014-10-14,1.0,0.5586215685461143,0.23801150216349698,0.2121371752243969
2014-10-15,1.0,0.5599464173978403,0.23954151706656018,0.17544512427673356
2014-10-16,1.0,0.5116277604661249,0.23885192279002226,0.16593428119890544
2014-10-17,1.0,0.5176965483442532,0.2505770536874692,0.16103616229047565
2014-10-20,1.0,0.4552569103645969,0.246664927075747,0.16584862314753418
2014-10-21,1.0,0.39316349153539976,0.25902791094662087,0.1392700472447477
2014-10-22,0.9999999999999999,0.48325077318364,0.2571279070323842,0.13344996396395029
2014-10-23,1.0,0.4451605950090425,0.2612480389364236,0.1229735642711451
2014-10-24,1.0,0.4619923447303252,0.26151290726508564,0.1233686199496695
2014-10-27,1.0,0.4372365575324814,0.26093590761359775,0.11993912893829001
2014-10-28,1.0,0.39247949548949795,0.26315629847072586,0.10806461814438834
2014-10-29,0.9999999999999999,0.4079326123237863,0.25914010712579677,0.1071650737749276
2014-10-30,1.0,0.4024980997293216,0.25801711662984333,0.10500304064562058
2014-10-31,0.9999999999999999,0.392751049850672,0.26506249415245686,0.06745012162070847
2014-11-03,1.0,0.40074527917838104,0.2655394473383124,0.05955997355468667
2014-11-04,1.0,0.40508702749743114,0.25981428745571333,0.05985455636800012
2014-11-05,1.0,0.3676619282951,0.2604039391472056,0.05998222071411522
2014-11-06,1.0000000000000002,0.351600947312581,0.25911657437940655,0.059581504622258405
2014-11-07,1.0000000000000002,0.31883920116121267,0.2569958505435725,0.0740319180161074
2014-11-10,1.0,0.3041247507399877,0.2568217982972195,0.0767106056764763
2014-11-11,1.0,0.3211524005488303,0.25779828010951156,0.13946065751770015
2014-11-12,1.0000000000000002,0.3281879420630927,0.2571074859152943,0.13949170882579856
2014-11-13,1.0,0.33020909050416253,0.2542709539853362,0.21898060427095958
2014-11-14,1.0,0.3420126563256578,0.25391955599859567,0.23736372727710994
2014-11-17,1.0,0.34291564398921837,0.25355956390720663,0.21760298068779557
2014-11-18,0.9999999999999998,0.3476160186845323,0.2530889826226027,0.23647564955137812
2014-11-19,1.0,0.3724081855707925,0.25224365146721467,0.3459830477993059
2014-11-20,0.9999999999999999,0.3270416579573332,0.2515333626489765,0.3410319431572008
2014-11-21,1.0,0.30409394470941015,0.2513294496828012,0.3411187911657715
2014-11-24,0.9999999999999998,0.2944797437768802,0.25133331836468054,0.3369877806887753
2014-11-25,0.9999999999999999,0.2900370262939586,0.250561533236704,0.34141767687342744
2014-11-26,1.0,0.29011048916269133,0.25147761605219515,0.3423618245262674
2014-11-27,0.9999999999999998,0.2894445615610643,0.2503086544112585,0.3452380040090457
2014-11-28,1.0,0.3415222071849016,0.2449423821119427,0.3608460316810002
2014-12-01,1.0,0.37262678536881544,0.24386761823863967,0.37253422493873123
2014-12-02,0.9999999999999998,0.31982441534166695,0.24348313503496383,0.3867648777396783
2014-12-03,1.0,0.3028131097976767,0.24317808294315865,0.39803642532189387
2014-12-04,1.0,0.29991253838360454,0.24249451087897658,0.40000761120369627
2014-12-05,0.9999999999999998,0.271499524081311,0.24150246836982361,0.44113219992495256
2014-12-08,1.0,0.38063946421876615,0.24137013215109346,0.44766483091397596
2014-12-09,1.0,0.3419809206453328,0.2407757435843111,0.4699477306862684
2014-12-10,1.0,0.494281469286963,0.24648354187314375,0.5008936271352742
2014-12-11,1.0,0.5908626633886599,0.24562005540231768,0.5027435550583338
2014-12-12,1.0,0.5498216058854445,0.2565126430715502,0.46931084105811394
2014-12-15,1.0,0.48219655833374053,0.26113896401456904,0.45580612526364195
2014-12-16,1.0,0.5587527561299244,0.2564445205867916,0.48855571584324126
2014-12-17,1.0,0.44312056208878453,0.2629261447113874,0.4208169188290918
2014-12-18,0.9999999999999999,0.3595934495224106,0.2844920385586173,0.31115074826364864
2014-12-19,1.0,0.35907800492030645,0.28161030453926633,0.32243095509175584
2014-12-22,1.0,0.3470052083616462,0.2821285538881034,0.31490127842355214
2014-12-23,1.0,0.33665883622604376,0.28139194238771326,0.3227647983124417
2014-12-24,1.0,0.333966830539901,0.2794412154741533,0.3247743613384801
2014-12-25,1.0000000000000002,0.334279766908534,0.28032767468101955,0.31203874793057274
2014-12-26,1.0,0.3129664647293387,0.2795593550364362,0.3079399728020535
2014-12-29,0.9999999999999999,0.29125503722820806,0.2792382856787065,0.3019765253243696
2014-12-30,1.0,0.3126617189598766,0.2803831628348068,0.2972893569298769
2014-12-31,1.0,0.42921616546176944,0.2802540662051428,0.279019429204877
2015-01-01,1.0000000000000002,0.4292164489323684,0.2806618077290127,0.2691288254115121
2015-01-02,1.0000000000000002,0.3491789494403416,0.2799723180289856,0.27799384596887533
2015-01-05,1.0,0.39815170361951757,0.2905493442343769,0.25408778824926603
2015-01-06,1.0,0.46275133690702763,0.2905938150686755,0.23394465106291068
2015-01-07,1.0,0.4100879827518133,0.2938393509595409,0.23570046555171922
2015-01-08,0.9999999999999999,0.3379388646124531,0.308000679303475,0.18989400265113518
2015-01-09,1.0,0.3404639018775395,0.3051941862930615,0.18061081251639077
2015-01-12,1.0,0.42207015043187485,0.3025386754898873,0.1834539458586101
2015-01-13,1.0,0.45006146182145573,0.3014598020098177,0.18132420339993438
2015-01-14,1.0,0.4676205454383741,0.30157104909420085,0.17573474616128534
2015-01-15,1.0,0.5072293269514839,0.2846650069833525,0.19318910848037094
2015-01-16,1.0,0.45665796856483426,0.2832063644176077,0.21923906379707764
2015-01-19,1.0,0.46064729452295183,0.28292755043319284,0.2178317107362709
2015-01-20,1.0,0.47186240471136676,0.28171592456238603,0.21593451575765177
2015-01-21,1.0,0.4374295970788785,0.28148125828169657,0.21408090956574835
2015-01-22,0.9999999999999999,0.34673610260763893,0.2862107522982143,0.212695793895296
2015-01-23,1.0000000000000002,0.38143308748012383,0.2734520651252373,0.2125546721325333
2015-01-26,0.9999999999999999,0.31741823016830006,0.27311423996184453,0.21494843847539552
2015-01-27,1.0,0.4719699609662499,0.26975080612229757,0.19575393002096161
2015-01-28,0.9999999999999999,0.5429980118109521,0.26808705209415185,0.16855681746350634
2015-01-29,1.0,0.45315886095046004,0.2680406384504638,0.18199629215939442
2015-01-30,1.0,0.5606997445645137,0.2645318025864589,0.1551313221511857
2015-02-02,1.0,0.4386464100382286,0.26763083844520164,0.16709640860715716
2015-02-03,1.0,0.39038921071901284,0.27213567378945075,0.1447978176320315
2015-02-04,1.0,0.44339860517111385,0.2675313657720119,0.15200981080421136
2015-02-05,1.0,0.39939129330790996,0.26871301761083477,0.19384179595483866
2015-02-06,1.0,0.41670286727543576,0.26771647867564435,0.1956168089652634
2015-02-09,1.0,0.47312492893661817,0.2656394787901423,0.30298579965575706
2015-02-10,1.0,0.4033391182824267,0.2657148677146455,0.2839073211437412
2015-02-11,1.0,0.4100050978846305,0.2652869445987966,0.30588048037868665
2015-02-12,1.0,0.3387465475866,0.2665315587632561,0.29761673369279873
2015-02-13,1.0,0.3248053087371309,0.2659559272599271,0.33995703331399596
2015-02-16,0.9999999999999998,0.3163222670137088,0.26563872087739565,0.33332490400390424
2015-02-17,1.0,0.3543354105077522,0.2654533796090394,0.36559900465113715
2015-02-18,1.0,0.35428719296677436,0.2634064942405428,0.3745363022408959
2015-02-19,1.0,0.3573147843357737,0.2613229844420269,0.3952749552039235
2015-02-20,1.0,0.33435364358908864,0.2618440172652594,0.3878211450838959
2015-02-23,0.9999999999999998,0.3316117924290639,0.26048001171788454,0.3976276391219022
2015-02-24,1.0,0.3060784345636938,0.2605767900132449,0.41573549490836453
2015-02-25,1.0,0.3070081841005569,0.2599563498874222,0.4178206113771045
2015-02-26,1.0,0.3246990306660729,0.25961105738888796,0.42064985839061325
2015-02-27,1.0,0.330034235907956,0.25969117997870583,0.4352392006693155
2015-03-02,1.0,0.29274092228324267,0.25948131213446657,0.4504666090931745
2015-03-03,1.0,0.33922307274713703,0.2601170152387831,0.44430966820847995
2015-03-04,1.0,0.33988201770519255,0.2598602508168785,0.44500137200781176
2015-03-05,1.0,0.35573727233608743,0.2594643317307644,0.4565902035431632
2015-03-06,1.0,0.42294568837438706,0.26314240281690565,0.4344576073658969
2015-03-09,1.0,0.40958889214778776,0.2638724585269887,0.4357794084966922
2015-03-10,0.9999999999999998,0.47133964007357526,0.27448373287792716,0.3638717315249844
2015-03-11,1.0,0.48728454489027007,0.27318930369229816,0.36970019647682456
2015-03-12,0.9999999999999998,0.4326838685871572,0.2755673503380127,0.37519286516664424
2015-03-13,1.0,0.448480762487442,0.2741628582018235,0.3762074978072358
2015-03-16,1.0,0.41776502813697863,0.2799500382153955,0.3427155065067679
2015-03-17,1.0,0.41530465865313587,0.27774457347467085,0.3469997707752554
2015-03-18,1.0,0.3259697390721297,0.2807539900727253,0.28639323257786325
2015-03-19,1.0,0.3277061801161933,0.2805680146064846,0.3243771099105097
2015-03-20,1.0,0.2923659765010556,0.2769794196478054,0.32006506473817037
2015-03-23,1.0,0.2984190577286169,0.27615097721476517,0.31689155970216193
2015-03-24,0.9999999999999999,0.3136094586790494,0.2757163272443742,0.3126402523570583
2015-03-25,0.9999999999999999,0.37935270276503363,0.2794550241255519,0.25084997549649996
2015-03-26,1.0,0.3847170168404785,0.27687994503503993,0.2146021824412147
2015-03-27,1.0,0.36096548969119885,0.2758182654490714,0.21498597933013988
2015-03-30,1.0,0.31448365531010775,0.27809362035832697,0.1866443869814964
2015-03-31,1.0,0.3580866198391763,0.2817558103590099,0.14271506567190564
2015-04-01,1.0,0.3437301308116643,0.27624826742907255,0.159020119173401
2015-04-02,1.0,0.333033687762712,0.27349298710358017,0.15860028779085128
2015-04-03,1.0,0.33259765222081766,0.2669681437657054,0.15525467216073605
2015-04-06,1.0,0.32814233398135034,0.26289562603334965,0.1896846245249243
2015-04-07,0.9999999999999999,0.3295723936301562,0.26189905493437327,0.18863004218207907
2015-04-08,1.0,0.2948957700763165,0.2625466356010629,0.19052661776891444
2015-04-09,1.0,0.2547651499314479,0.26107036568326897,0.2313251072147562
2015-04-10,1.0,0.22973985429453167,0.262077224234147,0.23793032015870513
2015-04-13,1.0,0.28863352188815894,0.2604961097402492,0.2392689929968672
2015-04-14,1.0,0.27417630811210625,0.26084694853665674,0.23885590961012304
2015-04-15,1.0,0.2449722808327051,0.25764074422477584,0.25970552151966153
2015-04-16,0.9999999999999999,0.24465611135226162,0.2554193288102403,0.2678893640920399
2015-04-17,1.0,0.27427809956329924,0.25919679737490336,0.22433585800352634
2015-04-20,0.9999999999999999,0.26125199174514147,0.2622931418503207,0.2067947381785263
2015-04-21,1.0,0.26849987205666515,0.26097408374415076,0.21214313544172483
2015-04-22,1.0,0.23820684266998676,0.2603454164751316,0.21473765420552635
2015-04-23,1.0,0.24770049233997224,0.2599313935085736,0.22724952346237448
2015-04-24,1.0,0.24310260131490724,0.2571160470436574,0.25924786878427614
2015-04-27,0.9999999999999998,0.2833041290580031,0.25197797573157965,0.30919976592110454
2015-04-28,1.0,0.26389049163684825,0.25088357334157874,0.34892006017753574
2015-04-29,1.0,0.29479265697798773,0.2520670983434151,0.3562549794214405
2015-04-30,0.9999999999999999,0.3508755954803542,0.2533758048819045,0.36887748762031997
2015-05-01,1.0,0.27775117946016903,0.25499414734502135,0.3722284664534711
2015-05-04,1.0,0.2934557318788646,0.2560472675592996,0.3687125687902908
2015-05-05,0.9999999999999998,0.3662880687286333,0.25926419228756725,0.3429071557943898
2015-05-06,0.9999999999999999,0.38242541767048704,0.2590895010314266,0.36227022818071847
2015-05-07,1.0,0.40335767905020714,0.2590572618323168,0.3650693931986026
2015-05-08,1.0,0.30696461324130425,0.26521918162185565,0.3062250510624929
2015-05-11,1.0,0.27369895186514637,0.26603455424393396,0.2974113510276771
2015-05-12,1.0,0.34844893688409717,0.266692937025808,0.35051637183864337
2015-05-13,1.0,0.3568029166663712,0.26574167407996785,0.35641080228103594
2015-05-14,1.0,0.3183167731467337,0.2698109676316987,0.33755407834332324
2015-05-15,1.0,0.304310388581758,0.2695630587384842,0.3549979011757648
2015-05-18,1.0,0.3359575564898834,0.2692775851417707,0.36218602691125656
2015-05-19,1.0,0.3566060888727266,0.26902920068206476,0.37576334625322777
2015-05-20,1.0,0.3619090167146623,0.2694550401924607,0.38536885215684313
2015-05-21,1.0,0.3348556875621228,0.2687558337696898,0.38636692490011654
2015-05-22,1.0,0.3481882027535498,0.2695940107013608,0.40595713857491406
2015-05-25,1.0,0.3467675651430318,0.2720908894250131,0.3929628151168579
2015-05-26,1.0,0.4044169646244433,0.2764472867927324,0.36400364667457974
2015-05-27,1.0,0.3593757659027358,0.27998356279955444,0.34695674075005967
2015-05-28,1.0,0.3655166712284469,0.28053839703307143,0.33906472097244783
2015-05-29,1.0,0.40286280287659915,0.2818394514899268,0.4274988485814014
2015-06-01,1.0,0.3963130504497513,0.28303619428511745,0.4166091648199202
2015-06-02,1.0000000000000002,0.41038238053823534,0.283431482475258,0.4283969352603948
2015-06-03,1.0,0.3806450838839917,0.2854127892913648,0.4247909159976975
2015-06-04,1.0,0.4247496155474707,0.281820897211712,0.426188966822704
2015-06-05,1.0,0.41537350375985066,0.2827637444815997,0.44240137412709896
2015-06-08,1.0,0.4586434558330472,0.27575326564529173,0.42225843945634906
2015-06-09,1.0,0.417267852697602,0.27336275504791174,0.4220781751229838
2015-06-10,0.9999999999999999,0.36479382882609185,0.2811324633911474,0.3727604422231584
2015-06-11,1.0,0.334799332870687,0.28029080489553027,0.42825775916635267
2015-06-12,1.0,0.3927597541286157,0.265929961230939,0.43386734402274907
2015-06-15,1.0,0.4282836145054616,0.2690876777507693,0.4214974699559641
2015-06-16,1.0,0.4027635764750208,0.26973031469602676,0.41483331973055493
2015-06-17,1.0,0.3953973234113882,0.2709854991339158,0.41753795516639974
2015-06-18,0.9999999999999999,0.3306517863230669,0.2723336287728695,0.3752313952726354
2015-06-19,1.0,0.38222544773416556,0.2720265588748171,0.3665359349124174
2015-06-22,1.0,0.3143949028523727,0.2731768563670622,0.3504451458974581
2015-06-23,0.9999999999999998,0.2742721659148785,0.2718454758205335,0.343816719179198
2015-06-24,1.0000000000000002,0.3296951608195526,0.27119975706907307,0.3344526875244366
2015-06-25,1.0,0.35669967762138116,0.2694704468681722,0.3250773935098626
2015-06-26,1.0,0.339982306683069,0.26865882472321473,0.33574543740826296
2015-06-29,1.0,0.4528185496613273,0.281327813509281,0.2649888863744907
2015-06-30,0.9999999999999999,0.42907530023962875,0.2711826428844799,0.27073537669026027
2015-07-01,0.9999999999999999,0.35734901979351796,0.27040053580247836,0.25500997727766017
2015-07-02,1.0,0.39730371241018186,0.26860636561185086,0.24821131874309282
2015-07-03,1.0,0.3850368979391218,0.2582218146530982,0.24374531238071512
2015-07-06,1.0,0.40008058852732764,0.2588840233408543,0.2351709816738525
2015-07-07,1.0,0.3573827800463207,0.25739888433531066,0.23311220409298244
2015-07-08,0.9999999999999998,0.46018796796152295,0.26003999598831923,0.21749225733001473
2015-07-09,1.0,0.4718377042295997,0.25847684138339255,0.21911610520765573
2015-07-10,1.0,0.3736559543066037,0.27795439959244317,0.19588307455925016
2015-07-13,0.9999999999999999,0.29228200471816534,0.2875339298327673,0.19553219530956428
2015-07-14,1.0,0.27039984165783326,0.28761127788199203,0.18349577244374352
2015-07-15,0.9999999999999999,0.2720418367417748,0.2884801458675366,0.18287817550628546
2015-07-16,1.0,0.23855395346608915,0.2902900123455754,0.16327223512417283
2015-07-17,1.0,0.2143229605395401,0.2794890474786599,0.18047730963480527
2015-07-20,0.9999999999999998,0.21967312845838094,0.28120985236608886,0.1799557695790205
2015-07-21,1.0,0.22331347401400778,0.28055278196308336,0.19236213800604593
2015-07-22,0.9999999999999998,0.22494574166977682,0.2804168523054019,0.26009374814693814
2015-07-23,1.0,0.25628957609767805,0.2802080378198895,0.3898846101798239
2015-07-24,1.0,0.30974845613944135,0.2808351023672625,0.5111136880057967
2015-07-27,1.0,0.36927775980498595,0.28604280834796325,0.48007619630034337
2015-07-28,1.0,0.28318149865050307,0.28665564106092983,0.4779315171271864
2015-07-29,1.0,0.24984582052145138,0.2840447742725208,0.5133537601029426
2015-07-30,1.0,0.24704570541674478,0.28598995236995467,0.5185041048605993
2015-07-31,1.0,0.2601910584577011,0.28246688816509297,0.5239431343858642
2015-08-03,0.9999999999999999,0.2753128452624975,0.28331773701962576,0.5559650169568854
2015-08-04,1.0,0.30205889237581346,0.283493735538685,0.5684272968229667
2015-08-05,1.0,0.300374793808067,0.27940995637463734,0.5768845812239037
2015-08-06,1.0,0.32569796879363805,0.2809677924468075,0.5890737233245181
2015-08-07,1.0,0.3212991683330777,0.27923718920035595,0.5951525340452364
2015-08-10,1.0,0.2649490108915283,0.2828318457771687,0.6078376929256101
2015-08-11,1.0,0.31863150412309227,0.28339330696731163,0.5938612563849925
2015-08-12,1.0,0.2921265632929881,0.281780800184415,0.5984880730394239
2015-08-13,1.0,0.3107534229683781,0.28265920129821076,0.6014091025826511
2015-08-14,0.9999999999999999,0.2971544370735865,0.28433901423323305,0.6005466388669584
2015-08-17,1.0,0.29760485152792604,0.28355515871106474,0.6074315728387162
2015-08-18,1.0,0.3343893411586244,0.284168065133669,0.6115829591896076
2015-08-19,0.9999999999999998,0.3865010588115398,0.2857310166798313,0.6020048738871482
2015-08-20,1.0,0.5081952097820246,0.2973759723370481,0.5962744337757567
2015-08-21,1.0,0.6558681930038603,0.3281645657188157,0.5586985848980431
2015-08-24,1.0,0.7494008831115578,0.3653585795052873,0.4927797971538144
2015-08-25,1.0,0.7094521429754982,0.35932774154856684,0.5124730933619869
2015-08-26,1.0,0.6138661145087083,0.3654225350793922,0.5436824986460883
2015-08-27,1.0,0.5673664588172777,0.3777646597621999,0.4789036086653855
2015-08-28,1.0,0.5371902222717286,0.37646004617434004,0.5030328373474102
2015-08-31,1.0,0.5858119495545946,0.3738394908308768,0.48912617833449595
2015-09-01,1.0,0.6024201785749174,0.3897548383154835,0.46609039612270153
2015-09-02,1.0,0.5214645552716839,0.38567661444541723,0.45524289351452196
2015-09-03,1.0,0.5640834661224947,0.38503625468061486,0.46434368279273625
2015-09-04,1.0,0.5682595997343427,0.39040573480687696,0.45931280229935817
2015-09-07,1.0,0.5769381572742841,0.39106117878983454,0.4472581545631568
2015-09-08,1.0,0.5268364492815658,0.397239473731895,0.41052671274847613
2015-09-09,0.9999999999999999,0.606578056106375,0.39030483698096263,0.42890058782877716
2015-09-10,1.0,0.5436947289574501,0.3869029607640451,0.43301573334453947
2015-09-11,0.9999999999999998,0.5086889495123406,0.38808146543095845,0.4308788756879513
2015-09-14,1.0,0.524320986142534,0.3873813301246739,0.43172757858429056
2015-09-15,0.9999999999999999,0.5143313921029108,0.39087309363047973,0.4128134343046822
2015-09-16,1.0,0.47040225749327924,0.3913746810419049,0.41172534189747145
2015-09-17,1.0,0.5054916175686875,0.38381707425301315,0.42112620371906456
2015-09-18,1.0000000000000002,0.5202565919927886,0.3883949949656821,0.3880712374933879
2015-09-21,1.0000000000000002,0.4478797002841239,0.391125063839905,0.383492184898094
2015-09-22,0.9999999999999998,0.4789510113055265,0.39430376142782353,0.3452455559828745
2015-09-23,1.0,0.46266393058775446,0.3919677662013889,0.3375517029077848
2015-09-24,1.0,0.482226009877925,0.39258153938867923,0.32086637088990533
2015-09-25,0.9999999999999999,0.5057289476062684,0.38861700343795735,0.3336762210733964
2015-09-28,1.0,0.5432448792103497,0.39481169713802455,0.26486596978273913
2015-09-29,0.9999999999999999,0.5134950903228105,0.393768703129108,0.2620942526532424
2015-09-30,1.0,0.49672993183462877,0.4012879355105061,0.22475718813984466
2015-10-01,1.0000000000000002,0.4360344441681191,0.3999439933761389,0.2291604633636377
2015-10-02,0.9999999999999999,0.3966239101261107,0.4011899613699892,0.22165999126439054
2015-10-05,1.0,0.3676997700554178,0.40730683036630383,0.17953050879622745
2015-10-06,1.0,0.35906968675927375,0.40386884861322336,0.183932562325356
2015-10-07,1.0,0.32045047263072673,0.40144261155661415,0.18391589333612857
2015-10-08,1.0,0.2867890688064605,0.40184658208710955,0.1764657930326235
2015-10-09,1.0,0.29819537291078047,0.40317157700130896,0.19465632272877112
2015-10-12,1.0,0.27206687440518296,0.399759278280482,0.19490475633690174
2015-10-13,1.0,0.3213882503130762,0.39870412509381714,0.18580146418418514
2015-10-14,1.0,0.33033908677165874,0.3964966037053133,0.21875230510901028
2015-10-15,1.0,0.28863339399263654,0.3995070911670911,0.2276497718519358
2015-10-16,1.0,0.26381159438465285,0.4007280418971406,0.23636212990155545
2015-10-19,0.9999999999999999,0.24898369034847817,0.4075957087871143,0.23244327065442696
2015-10-20,1.0,0.27377499264573113,0.40730681969156063,0.2522910847469119
2015-10-21,1.0,0.3163892668442481,0.40778558558775463,0.24862270782982537
2015-10-22,0.9999999999999999,0.2492348570749907,0.40909316199793433,0.23988737666516874
2015-10-23,1.0,0.27118719852197065,0.40806810466843635,0.22567576898691896
2015-10-26,1.0,0.29345126777123803,0.40672536481488497,0.2290584013839407
2015-10-27,1.0000000000000002,0.2920874851917671,0.4062463867517741,0.2258538448533219
2015-10-28,1.0,0.2819348158428708,0.4057022766525897,0.21398783419671
2015-10-29,1.0,0.2820048220333955,0.40463548173433395,0.22302746730339712
2015-10-30,1.0,0.30372435217739824,0.40154714195859154,0.2294708875888522
2015-11-02,0.9999999999999998,0.25821732554141164,0.3985179554787018,0.2418183300989335
2015-11-03,1.0,0.287206509758134,0.3976897018734874,0.2514891431029089
2015-11-04,1.0,0.330280230586281,0.39596829413519063,0.2755318874485972
2015-11-05,0.9999999999999998,0.31973361402794703,0.39325006475770263,0.3101903512724438
2015-11-06,0.9999999999999999,0.2873306960586015,0.38881741161235506,0.33098676762243434
2015-11-09,0.9999999999999999,0.3495799287224205,0.3887561491322109,0.3285671801287164
2015-11-10,1.0000000000000002,0.3059131769703782,0.38846656410917013,0.33238827717246683
2015-11-11,1.0,0.35901844235102076,0.38803773815605785,0.3353180846268357
2015-11-12,1.0,0.43490874474261043,0.3896769993705054,0.36194811017323847
2015-11-13,1.0,0.459656157215124,0.3920577554725714,0.3265847000554152
2015-11-16,1.0,0.3932761520831345,0.3933491924288947,0.3294855165880244
2015-11-17,0.9999999999999999,0.4524812431478858,0.39065583915053925,0.35978619810284457
2015-11-18,0.9999999999999999,0.3750452180572093,0.3908444656855572,0.3590767256176258
2015-11-19,1.0,0.38671990893864866,0.3884966222773309,0.3909427472017154
2015-11-20,0.9999999999999998,0.35158123875111974,0.3873430016511647,0.3983038211264287
2015-11-23,1.0,0.35343354975726665,0.3868183702183489,0.4078699334943068
2015-11-24,1.0000000000000002,0.34984677002669884,0.3861324510521593,0.42778401182054065
2015-11-25,1.0,0.3461195406274572,0.3856369801399885,0.4333541529164742
2015-11-26,1.0,0.34849045034597587,0.3852070431235108,0.434332751280444
2015-11-27,1.0,0.35322299264770834,0.3851867537897692,0.4323198298985259
2015-11-30,1.0,0.4013905387922381,0.38581129622240734,0.4537781748768543
2015-12-01,1.0,0.3332412673539968,0.38659351361866373,0.4559791016348573
2015-12-02,1.0,0.4016891866615179,0.3866122735411458,0.4682304309056168
2015-12-03,1.0,0.4664998805039498,0.3838361536221527,0.4666259942702657
2015-12-04,1.0,0.34935393178434404,0.386898531151322,0.49364909027710985
2015-12-07,1.0,0.38994493425341975,0.38531066071750664,0.4945446923113872
2015-12-08,0.9999999999999999,0.44730962085358944,0.38437965127609136,0.49973280497081435
2015-12-09,1.0,0.4822204753136502,0.38268301129324067,0.5334204787376738
2015-12-10,1.0,0.4976256887082755,0.38299163547154125,0.5315037189206824
2015-12-11,1.0,0.5762281452355522,0.3859938421426985,0.49512841284665965
2015-12-14,1.0,0.5048901725314623,0.3857902811987813,0.5106844524746738
2015-12-15,1.0000000000000002,0.48386259310699864,0.3861052605687578,0.5113876125673688
2015-12-16,0.9999999999999998,0.42016879968719656,0.38950628093276124,0.47600822225447026
2015-12-17,1.0,0.500304766993036,0.388987605268535,0.5063014543980066
2015-12-18,1.0,0.5315263973287152,0.39115773088323474,0.5016830845679082
2015-12-21,1.0,0.46210035269003796,0.392461456894249,0.4907834676953385
2015-12-22,1.0,0.41346755194324436,0.38598461268098233,0.4688251100232809
2015-12-23,1.0,0.38395202742004425,0.3880283894364537,0.4385143125926184
2015-12-24,1.0,0.37824113714013446,0.3877103346114805,0.48918231575491306
2015-12-25,1.0,0.37947859823076213,0.3883485830335021,0.4774783146860382
2015-12-28,0.9999999999999999,0.37589598957150694,0.38781702816198954,0.4776615261679875
2015-12-29,1.0000000000000002,0.3247850863270847,0.3898281526088032,0.43661111370264516
2015-12-30,0.9999999999999999,0.3588663132800612,0.39209978086844016,0.39717274827299587
2015-12-31,1.0,0.397859236350744,0.39317002431676495,0.41597734897000505
2016-01-01,1.0,0.3978667953845011,0.39453634775058277,0.4085135869303919
2016-01-04,1.0,0.41506085934076137,0.3964399290851961,0.4103822034421086
2016-01-05,1.0000000000000002,0.3822009311864494,0.3938299337073443,0.39035905487762984
2016-01-06,0.9999999999999999,0.41187505774494704,0.3947802391548251,0.3739359429071301
2016-01-07,1.0,0.4825007861902635,0.39972222025050896,0.36160645383972834
2016-01-08,1.0000000000000002,0.5254927121157474,0.40004126575011073,0.3550518900988261
2016-01-11,1.0,0.45545512814243144,0.40989710567654347,0.3546927107813034
2016-01-12,1.0,0.42273814925681613,0.4115927797680957,0.34445595003772095
2016-01-13,1.0,0.4804298491661631,0.41186598909494665,0.32802352015713
2016-01-14,1.0,0.4576004567871491,0.41411917344824295,0.3319778015472086
2016-01-15,1.0000000000000002,0.45647484134663807,0.42039310903015575,0.3000549898723129
2016-01-18,1.0,0.45600173222253176,0.4242481714885043,0.30318765446052354
2016-01-19,1.0000000000000004,0.5001236251494259,0.42131568056052127,0.3214392651883996
2016-01-20,1.0,0.4809092066370968,0.42227873253801584,0.3073173464340928
2016-01-21,0.9999999999999999,0.49366817356102477,0.42016482961428625,0.3115617157944729
2016-01-22,0.9999999999999999,0.4098497037959156,0.42783169121299575,0.28746229889365804
2016-01-25,1.0,0.4544076276210716,0.4270472054940437,0.2930423672110072
2016-01-26,1.0,0.42660419712301906,0.42866884094694074,0.29138379631962424
2016-01-27,1.0,0.46066108195769107,0.42347782130911216,0.3076156452611606
2016-01-28,0.9999999999999999,0.43061194702735067,0.41810444191185353,0.33076388293483144
2016-01-29,1.0,0.41292492073023257,0.4234696001764898,0.3078234382887792
2016-02-01,1.0,0.40652364921617046,0.4204893205905965,0.3495013938234416
2016-02-02,1.0,0.4687677978318369,0.42147085311213217,0.3224857541827214
2016-02-03,0.9999999999999998,0.44162753939900035,0.4166816180905099,0.34319123243348426
2016-02-04,1.0,0.4593801446071742,0.41402715586625194,0.3554371932779639
2016-02-05,1.0,0.479593471999854,0.41543326932996455,0.3218892927039508
2016-02-08,1.0,0.49058468933730437,0.4125923789022879,0.3203706208518427
2016-02-09,1.0,0.49079455652016013,0.4125167284769095,0.32204700318295504
2016-02-10,1.0000000000000002,0.5065284690054696,0.4101257509733681,0.33319870897676
2016-02-11,1.0,0.5123527721462485,0.4076607927330562,0.33096375536424105
2016-02-12,1.0,0.48430247157086637,0.4060458144482946,0.3458732506635628
2016-02-15,1.0,0.5008597585048529,0.38872562585430703,0.351015745915277
2016-02-16,1.0,0.4682127753163411,0.3698440648944812,0.3496491496839053
2016-02-17,1.0,0.47227280114811604,0.37688256962198236,0.31958347098121404
2016-02-18,0.9999999999999999,0.4558483948029061,0.3712691993499269,0.31442602851274054
2016-02-19,1.0,0.4301681130918037,0.36274938297451453,0.31776828641403376
2016-02-22,1.0,0.40415701832635176,0.3649803831118682,0.30975006840295827
2016-02-23,1.0,0.454665175123981,0.36548775606893963,0.27384698293898696
2016-02-24,0.9999999999999999,0.43655853147667206,0.35241543712949763,0.2812347810968396
2016-02-25,0.9999999999999998,0.39806838107440695,0.3525612930394006,0.27104125461706235
2016-02-26,1.0,0.4498209577256087,0.3518094896681492,0.28194814026883125
2016-02-29,1.0,0.47368001557438244,0.34589318680517017,0.2784899930578537
2016-03-01,1.0,0.40902637881106946,0.35500214615882897,0.18865408994267635
2016-03-02,0.9999999999999999,0.38719782302034844,0.3464067507630918,0.1997706332662163
2016-03-03,0.9999999999999999,0.3968593931449752,0.347485260285322,0.19594782546913964
2016-03-04,1.0,0.41159617739605603,0.3475332740686309,0.19662234283559882
2016-03-07,1.0,0.39913074715697655,0.3462920795105934,0.25441967636538976
2016-03-08,1.0,0.4439817230561087,0.3464838067419313,0.2580828867026325
2016-03-09,1.0,0.43490849324862424,0.34478856988733286,0.2906368487283881
2016-03-10,0.9999999999999999,0.41145287269546127,0.34241797392391127,0.29098066453241717
2016-03-11,1.0,0.3873346832484022,0.3483685489611885,0.2403680906318235
2016-03-14,1.0,0.39377915236315364,0.3437219135165153,0.2576460019034262
2016-03-15,0.9999999999999999,0.3874956999922586,0.3441648166202602,0.2811766777218362
2016-03-16,1.0,0.34202560644402574,0.3399741322606034,0.27810386602322573
2016-03-17,1.0,0.322116990418675,0.3397033014824794,0.2885247037802158
2016-03-18,1.0,0.3104666497902733,0.33941361842148027,0.29722029568982683
2016-03-21,1.0,0.27873318805930103,0.34214306326491006,0.2828906168092464
2016-03-22,1.0,0.27916901100705077,0.33320073831450087,0.27361088629752545
2016-03-23,1.0,0.32410165858151924,0.3347840082375536,0.26152771600268704
2016-03-24,0.9999999999999998,0.29979321682443993,0.32822874784797623,0.24745436770333162
2016-03-25,0.9999999999999999,0.2998819874695955,0.32925279663167284,0.24321447790847042
2016-03-28,1.0,0.2942283241810155,0.327452812268565,0.23800634082400818
2016-03-29,1.0,0.23756055947059201,0.3231137228486124,0.2092267024418672
2016-03-30,1.0,0.2383430236753886,0.32553846501164097,0.2071287643541298
2016-03-31,1.0,0.2514298874820701,0.327374053627816,0.1956861125350522
2016-04-01,1.0,0.20978617469177085,0.32747713835870046,0.2113422886550438
2016-04-04,1.0,0.2375696808189787,0.32674826315948735,0.23368821972047274
2016-04-05,1.0,0.27114768617105456,0.33001238813724465,0.2114172305886611
2016-04-06,1.0,0.23073955531469076,0.3316628817916645,0.18851640656956622
2016-04-07,0.9999999999999999,0.28734741095815064,0.33361783707081816,0.1692321341424532
2016-04-08,1.0,0.2630064185660402,0.33078800027766836,0.16554647415838697
2016-04-11,0.9999999999999999,0.24048024685241534,0.33143767287235915,0.1961712354167023
2016-04-12,0.9999999999999999,0.24837801373826615,0.3329701879984001,0.18683347890353955
2016-04-13,1.0,0.21635617983791425,0.33634076243298483,0.15692537215081526
2016-04-14,0.9999999999999999,0.21818265171948734,0.3356878079665088,0.1620082006789158
2016-04-15,1.0,0.2194821965642027,0.3358892721631662,0.17746293920116674
2016-04-18,1.0000000000000002,0.21045670307619116,0.3376851552044879,0.18260684561063611
2016-04-19,1.0000000000000002,0.21409061831133314,0.3361103209634535,0.17491936442503617
2016-04-20,1.0,0.2251352201389072,0.3356175306033968,0.1747487896292063
2016-04-21,1.0,0.24143518374163647,0.3322066271348294,0.19617932577522376
2016-04-22,1.0,0.23657946852568798,0.33031328497875556,0.21002160054345007
2016-04-25,0.9999999999999998,0.259817815810994,0.33166913245690954,0.24617801097337003
2016-04-26,1.0,0.26272980396824724,0.3311261357424222,0.2669320204867258
2016-04-27,1.0,0.2761545161522029,0.329605121507118,0.2834835722595659
2016-04-28,1.0,0.32948424208199545,0.3277457206297326,0.2946160441070157
2016-04-29,1.0,0.33718388852046277,0.3266209651396265,0.3130178524303163
2016-05-02,1.0,0.2966711901334853,0.331443537952717,0.30876543164299636
2016-05-03,1.0,0.3375992658125437,0.33219067968046206,0.27766470713215086
2016-05-04,1.0,0.368935371430381,0.3328032064582699,0.2631399000185481
2016-05-05,1.0,0.36847805820038987,0.33323762967596376,0.2543227535228488
2016-05-06,1.0,0.336068105239139,0.3311513764856292,0.254987596385586
2016-05-09,0.9999999999999998,0.3210949879550611,0.32733943153916184,0.25675357421535
2016-05-10,1.0,0.29028276393910246,0.3298408766936735,0.2234336030761042
2016-05-11,1.0,0.34224582701229644,0.32979350664541235,0.21721351103840267
2016-05-12,1.0,0.3269334689044702,0.3281078708665804,0.26266824844165837
2016-05-13,1.0,0.35036447363358403,0.3293650375351708,0.2770521114785407
2016-05-16,1.0,0.3318450705010735,0.33141016706575066,0.26912865219009746
2016-05-17,1.0,0.3690530337840741,0.33166947162229365,0.2549277639593195
2016-05-18,1.0,0.3967995871564978,0.3322110965294866,0.272352050202442
2016-05-19,1.0,0.41851409482335183,0.3298390744305148,0.2666202808368609
2016-05-20,1.0,0.39998902920030605,0.3299505313806581,0.2858324935422197
2016-05-23,0.9999999999999999,0.42673218238872257,0.3294298570892504,0.2886844753370574
2016-05-24,1.0,0.3739044857988957,0.33413224322093116,0.2490089328092915
2016-05-25,1.0,0.35410592597580665,0.3337050388345365,0.2863794530869247
2016-05-26,0.9999999999999999,0.33708979365362574,0.33277755617202265,0.581128387440252
2016-05-27,0.9999999999999999,0.3183871272104047,0.3318067242127538,0.5760222561240506
2016-05-30,1.0,0.31384605798002696,0.3306586444261403,0.5920045872223982
2016-05-31,1.0,0.3486901210342135,0.3296916671620632,0.6236966315331395
2016-06-01,1.0,0.3345808255085131,0.3293458261969245,0.62311114010101
2016-06-02,1.0,0.32336318912334855,0.328984579913218,0.6262991719631974
2016-06-03,1.0,0.32173857383101095,0.3264609600986367,0.6356095003380373
2016-06-06,0.9999999999999998,0.32773428839437563,0.32055316010244456,0.6368725582054771
2016-06-07,1.0,0.33971891515814934,0.32142345018201246,0.6308530937493874
2016-06-08,1.0,0.3428250251443518,0.32042363293261006,0.6217296224778054
2016-06-09,0.9999999999999999,0.35952229503680927,0.3175436001926706,0.6270836439015719
2016-06-10,1.0,0.4201708186635272,0.31784930680180584,0.6162102616110471
2016-06-13,1.0,0.5011674764072206,0.3157761499262107,0.6039449335488285
2016-06-14,1.0,0.46690205981430993,0.3152579399085596,0.6051692129382035
2016-06-15,1.0,0.4626147589246118,0.3133470001614809,0.6073442588872813
2016-06-16,1.0,0.41188801748644926,0.31147311883260387,0.610216516057633
2016-06-17,1.0,0.4438593757543419,0.30923544755527327,0.6230585096898411
2016-06-20,0.9999999999999999,0.42440816696999134,0.3100764581102565,0.6182237719904713
2016-06-21,0.9999999999999998,0.43012505429089437,0.3106015819694165,0.6077095497108409
2016-06-22,0.9999999999999999,0.5210182787914844,0.30753326769261863,0.6072821850104457
2016-06-23,0.9999999999999998,0.35581277722096866,0.31154866496638756,0.5970324764364425
2016-06-24,1.0,0.5543995045077265,0.34043544427814953,0.3808870694833511
2016-06-27,0.9999999999999999,0.4862533752869699,0.34007922063157375,0.3160880855023442
2016-06-28,0.9999999999999999,0.36799375883408003,0.3414541787955522,0.2510199961354359
2016-06-29,0.9999999999999999,0.3148357417459285,0.34928807841759696,0.17020026844001873
2016-06-30,1.0,0.2851440517073082,0.3490101399071152,0.14595685909015893
2016-07-01,1.0,0.2694952545259292,0.3403996565885555,0.1421404967516079
2016-07-04,1.0,0.2699346285107572,0.33792080630854854,0.15628131743679297
2016-07-05,0.9999999999999998,0.2789771744365563,0.3388241843062221,0.13231822685989783
2016-07-06,1.0,0.25937939768530915,0.338150654872571,0.1381224395786263
2016-07-07,1.0,0.24174962354433963,0.3332377391119179,0.14379641461309878
2016-07-08,1.0,0.20717552529918254,0.33773339373720024,0.11140639384117892
2016-07-11,1.0,0.22278152464138057,0.32732716893604596,0.10273884485148949
2016-07-12,1.0,0.22227864841065914,0.32745537793565005,0.10143013193121186
2016-07-13,1.0,0.20721744612493914,0.32835439693900326,0.10571135626408937
2016-07-14,1.0,0.21220567127346787,0.3253360916054659,0.09657821167686872
2016-07-15,1.0,0.2106845508231477,0.32610478861323855,0.09332714804162949
2016-07-18,1.0,0.2077695246218429,0.3184376284098203,0.09867663324615975
2016-07-19,1.0,0.19416123330073978,0.31572847202797844,0.09781952590394535
2016-07-20,1.0,0.20243149619944775,0.3171328914038811,0.09461400124648298
2016-07-21,1.0,0.23289219730600647,0.31931256765589744,0.0933990207167342
2016-07-22,1.0,0.21468617367294324,0.3296065016977436,0.09626916372837706
2016-07-25,1.0,0.24092309986798532,0.32462456905870224,0.0937307830659991
2016-07-26,1.0,0.24737641644815261,0.3254669737443995,0.10787515338945212
2016-07-27,1.0000000000000002,0.24244353182853975,0.3149160307691959,0.1206229745062219
2016-07-28,1.0,0.25752464554507154,0.321059104614772,0.12725452432662235
2016-07-29,1.0,0.24816591673675656,0.32189396314649843,0.13829502345576014
2016-08-01,0.9999999999999999,0.26156523969823753,0.3142958199336389,0.15027964324195914
2016-08-02,1.0,0.3052886232898818,0.31498782318957524,0.13419264080168877
2016-08-03,1.0,0.2783648188857487,0.31644962156457435,0.13792502585361094
2016-08-04,1.0,0.280464277645083,0.3195311372429279,0.1496093467162114
2016-08-05,0.9999999999999999,0.2377689563395932,0.3191484392077781,0.12413903979551677
2016-08-08,1.0,0.23720612059492213,0.3185701454264599,0.13354749401380764
2016-08-09,1.0,0.2538664982453449,0.3194967804460399,0.1275126501947094
2016-08-10,1.0,0.2805963183530764,0.3182269106131701,0.12899994075384236
2016-08-11,1.0,0.26733173805415905,0.3132915000527188,0.31879240512235757
2016-08-12,1.0,0.26130091137308115,0.31485076915658317,0.3245078117533363
2016-08-15,0.9999999999999999,0.2576971597658006,0.31615174007930563,0.34363068307757333
2016-08-16,1.0,0.28691992477406697,0.3147018945297076,0.3382185093409245
2016-08-17,1.0,0.2798411827150015,0.30880849559716794,0.3649608207141362
2016-08-18,1.0,0.2610614857173192,0.30976932101651156,0.36313618952461385
2016-08-19,1.0,0.2603150294227658,0.30688948130515525,0.36375164520204567
2016-08-22,1.0,0.2985648366761309,0.30849993656741775,0.36301290641714057
2016-08-23,1.0,0.3106648325591864,0.3084854649526806,0.37743367297857777
2016-08-24,1.0,0.356438892443883,0.29779834589228915,0.3840663077221274
2016-08-25,0.9999999999999998,0.36346791377246895,0.2984726238984455,0.39310976169109874
2016-08-26,1.0,0.3636566872184983,0.3002123049839118,0.41184193930100393
2016-08-29,1.0000000000000002,0.32448419580113663,0.300692974973346,0.41053258351175786
2016-08-30,1.0,0.3350459609162416,0.30369017060603487,0.40783650336007876
2016-08-31,1.0,0.355471798452917,0.30266362958784365,0.3907680800788665
2016-09-01,1.0,0.3462592274144931,0.3027224887473491,0.3893450129646501
2016-09-02,1.0,0.3045742294563479,0.30455925523162714,0.3872994913475322
2016-09-05,1.0,0.30101726417792,0.29879483720192046,0.379167300409083
2016-09-06,1.0,0.27588478164804753,0.29793941832890214,0.37386162069048245
2016-09-07,1.0,0.2752618877139064,0.29856178469479006,0.3695648922098447
2016-09-08,1.0,0.3113490363517448,0.2984312396000801,0.37176597387468546
2016-09-09,1.0,0.5475783068757573,0.31415337906885993,0.2802034226632899
2016-09-12,1.0,0.40408450712585625,0.31577664788307475,0.3156501284017356
2016-09-13,0.9999999999999998,0.5201082389037048,0.3188515058730754,0.2836503869788591
2016-09-14,1.0,0.5234895041303543,0.3185568543413953,0.2915041658909736
2016-09-15,1.0,0.43956172339884125,0.3206201506862353,0.2732127309500676
2016-09-16,1.0,0.4222477608175582,0.3207533651779386,0.27465935806106334
2016-09-19,1.0,0.4345877488848688,0.3199436592252511,0.2802690806031492
2016-09-20,1.0,0.46218944054969796,0.3193721585642857,0.27484271272953364
2016-09-21,1.0,0.3354599928136973,0.3181617208659359,0.24731890258359326
2016-09-22,0.9999999999999999,0.2742132786939691,0.319985421506946,0.21268659091404682
2016-09-23,1.0,0.2835421450806063,0.3211765369453074,0.20571052648436597
2016-09-26,1.0,0.33292533501168226,0.32534467161668024,0.17085246563047116
2016-09-27,1.0,0.2650258993468674,0.32684446542514156,0.15540700497736404
2016-09-28,0.9999999999999999,0.23208824916540507,0.3222627581153666,0.15075679254996197
2016-09-29,1.0,0.2845673940222473,0.31789003002006516,0.13218372691217167
2016-09-30,1.0,0.24136158237559177,0.316143416464136,0.12183682344155972
2016-10-03,1.0,0.2619410064732079,0.3169102000299755,0.12140550582688323
2016-10-04,1.0000000000000002,0.2731557650723109,0.3172572868318073,0.13206833609200427
2016-10-05,1.0,0.25813976739689276,0.31555614726233544,0.12610740589095243
2016-10-06,0.9999999999999998,0.25172961743265243,0.3120394139581205,0.12727893265885706
2016-10-07,1.0,0.22808474088637715,0.3117920028574268,0.24209383435773812
2016-10-10,1.0,0.2602451145949256,0.3123404016135889,0.24350806434658104
2016-10-11,0.9999999999999999,0.3357015737713717,0.31729389934289787,0.1751273550380729
2016-10-12,1.0,0.34007916301647717,0.31951340095836284,0.14747944105242813
2016-10-13,1.0,0.35685054768683017,0.32113278587207394,0.13752431351649433
2016-10-14,1.0,0.348530557339651,0.3231316166516379,0.1377033331585917
2016-10-17,1.0,0.34340843091000345,0.32893975811693543,0.14045676248083874
2016-10-18,1.0,0.3194937041219567,0.3282752123337289,0.1307575415779566
2016-10-19,1.0,0.2945769211325649,0.3285705576265417,0.1313713963780541
2016-10-20,1.0,0.26919204541430775,0.3315731650074169,0.13357227745877512
2016-10-21,0.9999999999999998,0.2638943978907145,0.3332970928750758,0.14773342721760266
2016-10-24,1.0,0.2560841700889632,0.3388179229547956,0.14355033749287288
2016-10-25,0.9999999999999998,0.28925762947636424,0.33578111909889163,0.14439343245757444
2016-10-26,1.0,0.3327012914704968,0.33208977964859326,0.14430931404926906
2016-10-27,1.0,0.3785215021732874,0.3307811038561228,0.14719556811386528
2016-10-28,0.9999999999999998,0.4182195963900012,0.3245807261644328,0.15724563906531083
2016-10-31,1.0,0.456534284487936,0.3236933587702496,0.15706522437741502
2016-11-01,1.0,0.4719925522021779,0.32403462145855294,0.1528278870797382
2016-11-02,0.9999999999999999,0.5269941228284238,0.32097986422175917,0.14179662663563217
2016-11-03,1.0,0.5916205705770867,0.31995346419986176,0.13641963856159714
2016-11-04,1.0000000000000002,0.5876820085549672,0.32139876685735735,0.1374999934813875
2016-11-07,1.0,0.4630835740187502,0.3317919577328746,0.07717722047816925
2016-11-08,1.0,0.4550955617505925,0.33150366010774285,0.10591755219350847
2016-11-09,0.9999999999999998,0.306225846395181,0.3215778784886416,0.11822999598115119
2016-11-10,1.0,0.28423570320568337,0.31221020845435254,0.13854279299473538
2016-11-11,1.0,0.26332230727231287,0.31060937639069663,0.13782428489952758
2016-11-14,1.0000000000000002,0.24277006126460937,0.3068112514748507,0.14379066875867302
2016-11-15,1.0,0.22866582224622473,0.3064392976672895,0.16843070352090095
2016-11-16,1.0,0.2597023153089048,0.2994895820983233,0.1749218625086661
2016-11-17,1.0,0.25945665786071165,0.2969907698772514,0.17950625453177232
2016-11-18,0.9999999999999999,0.24887943383466452,0.29703199337001257,0.17269216587271957
2016-11-21,0.9999999999999998,0.2563673111393224,0.2977331012935296,0.16702036267273151
2016-11-22,1.0,0.2471163452701865,0.295369852628759,0.17858437925945236
2016-11-23,1.0,0.26029525619200533,0.2945987905133286,0.1811283741949485
2016-11-24,1.0,0.2631862302163795,0.2950908422092656,0.1811386138172179
2016-11-25,1.0,0.23621965169171993,0.2961039338503789,0.18133810551472143
2016-11-28,1.0,0.25364810695162243,0.29605124202051813,0.17829748818596677
2016-11-29,1.0,0.2543330172491293,0.2961284647007023,0.19790472124054206
2016-11-30,1.0,0.2855902853544018,0.29489058886963476,0.2076413982084792
2016-12-01,1.0,0.28300671525827004,0.29175926665120894,0.22649106424177348
2016-12-02,1.0,0.27596031019500605,0.2904326412237697,0.23802392156434407
2016-12-05,1.0,0.23209210837497063,0.28828192831419297,0.23540757338505539
2016-12-06,1.0,0.2321512050740063,0.2851138841065598,0.23742835714276522
2016-12-07,1.0000000000000002,0.2399052419859288,0.2891831113411248,0.17400104841747224
2016-12-08,1.0,0.2588692795546362,0.288890855002042,0.1713165259367478
2016-12-09,1.0,0.21345894348666028,0.2886420115273664,0.16502265292401397
2016-12-12,0.9999999999999998,0.24441736798174474,0.2883842786173142,0.17427888771445676
2016-12-13,1.0,0.26623598847374036,0.2877973399927624,0.1440646789919209
2016-12-14,1.0,0.27885656707779527,0.28947643820422797,0.10754243777605499
2016-12-15,1.0,0.25772580831843156,0.2896891340289785,0.11407027037614982
2016-12-16,1.0,0.24022395583874215,0.2827486192517146,0.12418177291476634
2016-12-19,1.0,0.2325346600429054,0.22019557336348666,0.1202428411049103
2016-12-20,1.0,0.2435069427316379,0.2111258052036622,0.11253069909184925
2016-12-21,1.0,0.2427637505780504,0.20098630652968522,0.10933397282161036
2016-12-22,1.0,0.2291090487269353,0.1871371939534871,0.11777183967829093
2016-12-23,1.0,0.21066145364131109,0.1840599617923094,0.1119815132669019
2016-12-26,1.0,0.21016958177785247,0.1847123903451663,0.10542378082968443
2016-12-27,1.0,0.20821494046679953,0.18472267105139312,0.13941445598908536
2016-12-28,1.0,0.23447367146421413,0.18447485158779453,0.11370851568358947
2016-12-29,1.0,0.2425691841723311,0.18544078502147898,0.10811876153782854
2016-12-30,1.0,0.23958986539026594,0.18628733760112323,0.11980333146744652
2017-01-02,1.0,0.24022306513434377,0.18053309057178113,0.11472409758368858
2017-01-03,1.0,0.2034167420808994,0.18021023851031,0.09507094354000913
2017-01-04,0.9999999999999999,0.17523096769776805,0.17922358385176845,0.08614889285586695
2017-01-05,1.0,0.170188813565674,0.17880907146622146,0.09682657361258311
2017-01-06,0.9999999999999999,0.15460942043966888,0.17723428815460807,0.10195500576546042
2017-01-09,0.9999999999999998,0.16883918485037486,0.1764713977958421,0.1011746032092438
2017-01-10,1.0,0.1695436719302848,0.17590228019875673,0.10049441265123464
2017-01-11,0.9999999999999999,0.1686882189950952,0.17662772946724536,0.09925763304035287
2017-01-12,0.9999999999999998,0.17020195755721876,0.17650914161155276,0.09775714483774199
2017-01-13,1.0,0.14891828127062245,0.17665875277536727,0.10229689440150172
2017-01-16,1.0,0.14433835964616348,0.17793290718626298,0.09579068415858251
2017-01-17,1.0,0.16496380254456156,0.17651780393552371,0.10122467429594413
2017-01-18,1.0,0.17512966445957842,0.17740267780608224,0.0997927868800921
2017-01-19,1.0,0.19304612936354448,0.17950858473363254,0.09099773474764401
2017-01-20,1.0,0.16241879593009775,0.18110893576538598,0.0911479571852381
2017-01-23,1.0000000000000002,0.18399636923178442,0.18098756883430003,0.09307856005777779
2017-01-24,1.0,0.17049872000228078,0.1822827279902619,0.0974237774587362
2017-01-25,0.9999999999999998,0.1675612283288429,0.1837736669225317,0.06779248952623193
2017-01-26,0.9999999999999999,0.1577767652498494,0.18377256581781395,0.07034524478828628
2017-01-27,1.0,0.16686416342680452,0.18291400523796256,0.07343939656104939
2017-01-30,1.0,0.18276027832932332,0.18158002499259657,0.05375340362575466
2017-01-31,1.0,0.18228823005367908,0.1809269143812128,0.10703835139844041
2017-02-01,1.0,0.17534167716418092,0.17830157524007403,0.14069124156207996
2017-02-02,1.0000000000000002,0.19617249198852388,0.1772348210738573,0.14414354882266225
2017-02-03,1.0,0.1842702692222266,0.17718073048058625,0.15328557971219203
2017-02-06,1.0,0.1872241021023046,0.17658580491604875,0.15476188207809133
2017-02-07,1.0000000000000002,0.19849381536657346,0.1763422713637833,0.16196115335942973
2017-02-08,1.0,0.2042354393044593,0.17554098555172692,0.16437999684572896
2017-02-09,1.0,0.20862714798774795,0.1762432553596373,0.1711925636678976
2017-02-10,1.0,0.22050035351594527,0.1762199370696592,0.1737639660190736
2017-02-13,0.9999999999999999,0.19931276508035836,0.1775991581869922,0.17898003589739347
2017-02-14,1.0,0.19268073375781883,0.17748012467249308,0.20632548082994476
2017-02-15,1.0,0.25610802165696234,0.178143513397118,0.1968879665026975
2017-02-16,1.0000000000000002,0.2574109958436513,0.17658191267201617,0.19952390988565918
2017-02-17,1.0,0.24378680738261188,0.17491080917652668,0.20921951672225686
2017-02-20,1.0,0.24641581223202055,0.17507729718428686,0.24559553207942214
2017-02-21,1.0,0.25328911058818226,0.17432497540351038,0.2405310724865725
2017-02-22,1.0,0.25591732886297086,0.17406469728049914,0.24285293449936224
2017-02-23,1.0000000000000002,0.2645264874589905,0.17349876828663366,0.24899861511908797
2017-02-24,1.0,0.24455686300796498,0.17366018224048038,0.2545450103601863
2017-02-27,1.0,0.26370217160940596,0.17284981467064997,0.26633881201534554
2017-02-28,0.9999999999999999,0.30588678339821374,0.1725448667284936,0.2626573686512916
2017-03-01,1.0,0.3231473658237376,0.17849312401397327,0.18900452208392987
2017-03-02,0.9999999999999999,0.2904402690696718,0.1794486894141249,0.1796529921475442
2017-03-03,1.0,0.24021192882316325,0.1795701605540163,0.17959390490989469
2017-03-06,0.9999999999999999,0.2658385185032868,0.15936282242008507,0.17159277141001048
2017-03-07,1.0,0.2810755402053666,0.15831494873726093,0.17568492756940698
2017-03-08,1.0,0.2950056441858409,0.15223600845617144,0.1728242832966392
2017-03-09,1.0,0.31780521421942826,0.15293899662028781,0.17623444500935592
2017-03-10,1.0,0.2727050476418993,0.15025775863308485,0.16551815266280573
2017-03-13,1.0,0.27271579198280604,0.1483824089302578,0.166471041664841
2017-03-14,1.0,0.29664061735052344,0.14925841564118672,0.1608940820772379
2017-03-15,1.0,0.2804623370543185,0.15148244544265235,0.14194488018888315
2017-03-16,0.9999999999999999,0.2524913749187893,0.14791281940456802,0.14407006584601895
2017-03-17,1.0,0.25091207792877657,0.14545724298766,0.18721875151240197
2017-03-20,1.0,0.2808319786055551,0.1425104816298512,0.18374866196216438
2017-03-21,1.0,0.317343916632776,0.1409516140877121,0.13724174664443445
2017-03-22,1.0,0.340469531363946,0.13956643497990687,0.17080686282243837
2017-03-23,1.0,0.3636943204292846,0.13990763085797123,0.16777240177157118
2017-03-24,1.0,0.3265529389125263,0.13946092928848844,0.27868199724661447
2017-03-27,0.9999999999999999,0.2765759161885759,0.13868515167429066,0.2866211767039192
2017-03-28,1.0,0.237023123703875,0.13940732761514069,0.2768078891466508
2017-03-29,1.0000000000000002,0.22780219166897844,0.13917442398097268,0.27071095932776074
2017-03-30,1.0,0.23354194694547495,0.13930277516883036,0.26106192196541506
2017-03-31,0.9999999999999999,0.24882917616396066,0.14031004054127438,0.25070729606901837
2017-04-03,1.0,0.2522281102726688,0.14053051368807393,0.2481477813978927
2017-04-04,1.0,0.2210367733508002,0.14017552739278208,0.24544151017260382
2017-04-05,0.9999999999999999,0.25475305887854954,0.13203478463664367,0.23084466924935124
2017-04-06,1.0,0.25696741695665526,0.1324003418851119,0.22873163554734732
2017-04-07,1.0,0.2696817659488451,0.13138202591571096,0.2165293284732784
2017-04-10,0.9999999999999998,0.3035688924495692,0.13142388418624393,0.2156748573939325
2017-04-11,1.0,0.3102050457863617,0.130517917852875,0.20466412437661424
2017-04-12,0.9999999999999999,0.33110248056098557,0.12974200479528047,0.20561008452421126
2017-04-13,1.0,0.3701890308408715,0.13342043299359224,0.16789540050024487
2017-04-14,1.0,0.3709964883905035,0.13430656321640327,0.16270899291452498
2017-04-17,1.0,0.29654983249348493,0.1383979235872077,0.1537104689250633
2017-04-18,0.9999999999999999,0.28415301513369123,0.13799240436713955,0.24622328628938958
2017-04-19,1.0000000000000002,0.30879054707949205,0.13919331494113377,0.22984701389330567
2017-04-20,1.0,0.27308888202323217,0.14117209194892225,0.23281664306738806
2017-04-21,0.9999999999999998,0.28594491929205484,0.1407262400112354,0.23276544360517415
2017-04-24,1.0,0.18175393902080791,0.15470416305251927,0.18096204891976586
2017-04-25,1.0,0.18075174550743406,0.15623563378039332,0.17459133477117358
2017-04-26,1.0,0.1836273383457019,0.15464346513296268,0.1803080901070311
2017-04-27,0.9999999999999999,0.1708390096489578,0.1505293016714502,0.1860924789994814
2017-04-28,1.0,0.18622946207952273,0.14908410838259728,0.1983539224490217
2017-05-01,1.0,0.18276050225508683,0.1479722410621328,0.20285931170090082
2017-05-02,0.9999999999999999,0.20002967682550102,0.13034168464553558,0.20077203444209532
2017-05-03,1.0000000000000002,0.2133167681408582,0.12975710968417722,0.2081807511956235
2017-05-04,1.0,0.2046805305522614,0.1349216392818175,0.22047442278014745
2017-05-05,1.0,0.1847965702961936,0.14299068365694254,0.2242752092194305
2017-05-08,0.9999999999999998,0.17734600249495713,0.14468333468612415,0.2365835506704414
2017-05-09,1.0,0.1853327092202808,0.14549570418916388,0.23370696387235765
2017-05-10,1.0,0.19468414410959745,0.14366260255722355,0.23472510032156785
2017-05-11,1.0,0.20480631440311153,0.1451310910536286,0.20618873445308447
2017-05-12,1.0,0.19094907372853054,0.1452957922998277,0.21805941869244636
2017-05-15,1.0,0.21908396302122404,0.14505164012728997,0.22030074892947804
2017-05-16,1.0,0.2164541214840868,0.14272858437385497,0.22270304491640347
2017-05-17,1.0,0.38389328831456865,0.15948589810458827,0.13268788735264342
2017-05-18,1.0,0.3292599965695327,0.15879123780398208,0.133987924618609
2017-05-19,1.0,0.2528245532667497,0.16055490023490945,0.1485063982624451
2017-05-22,0.9999999999999999,0.2311084965715479,0.16073347881557515,0.15118145892011142
2017-05-23,1.0,0.23209668574814005,0.16085601821721598,0.14622228840710455
2017-05-24,1.0,0.20738909930200464,0.16142008164462135,0.13631862933535138
2017-05-25,1.0,0.19007520110909162,0.16301977360642508,0.12971547677967357
2017-05-26,1.0,0.18095377350827688,0.1637059513641691,0.12598094999309903
2017-05-29,1.0,0.17864218271077517,0.16499873071731966,0.13405406673586184
2017-05-30,1.0,0.20579992653103274,0.16296495019786045,0.15104379199567217
2017-05-31,0.9999999999999998,0.20372441659741639,0.16217416103068472,0.17951061485249611
2017-06-01,1.0000000000000002,0.18541672392790934,0.15391738873225158,0.16999250699209026
2017-06-02,1.0,0.17872783683466648,0.1559310536836611,0.15372046666597752
2017-06-05,1.0,0.17905501085546702,0.15565608687221938,0.15548725257616075
2017-06-06,1.0,0.2078667693358113,0.15756244937379202,0.15619181953902816
2017-06-07,1.0,0.21241192047949528,0.15359623319416799,0.16808240375720493
2017-06-08,0.9999999999999999,0.1907859922425388,0.14900628664936955,0.17922330371391246
2017-06-09,1.0,0.1637530749838613,0.1465255305919198,0.19358814442024894
2017-06-12,0.9999999999999999,0.18030479622340262,0.14841847576431993,0.190125300808182
2017-06-13,0.9999999999999999,0.17459612045257827,0.15049961776964868,0.20571532610823814
2017-06-14,1.0,0.17703267306653842,0.15022451425479155,0.2038621110185664
2017-06-15,1.0,0.18178793563187626,0.15116584653873852,0.2023931116069931
2017-06-16,1.0,0.1682273149208597,0.1499078727144999,0.21592180064532016
2017-06-19,1.0,0.1785087958571447,0.15422316752395546,0.1874260140221806
2017-06-20,1.0,0.20731370248474465,0.15453974417320285,0.18320837451135547
2017-06-21,0.9999999999999999,0.20528697732193696,0.1535858918145985,0.18342205620513125
2017-06-22,1.0,0.18543217230435788,0.1484106489229625,0.19662541357847638
2017-06-23,1.0,0.16043202483103203,0.14819978529625463,0.19817943813667738
2017-06-26,1.0,0.1441696970464803,0.14595837129054318,0.18893759994536552
2017-06-27,1.0,0.1700392944564711,0.1474783293616109,0.16765205469405783
2017-06-28,1.0,0.1420213329760381,0.1494297647397832,0.14048103642432214
2017-06-29,1.0,0.16598962214098478,0.1536609351170654,0.09952244415173356
2017-06-30,1.0,0.16560359377613493,0.15384870613770013,0.09564473085588988
2017-07-03,1.0,0.1635930217867415,0.15396512901360931,0.10235814113580702
2017-07-04,1.0,0.16381352863817664,0.15516869577918857,0.09105906160803943
2017-07-05,0.9999999999999998,0.15058608789042527,0.1557071536605112,0.09401721371624304
2017-07-06,1.0,0.19387569514988356,0.15891504137663248,0.06646368969716643
2017-07-07,1.0,0.14385295451090271,0.16047518165432595,0.06243157315287324
2017-07-10,1.0000000000000002,0.1467585340524778,0.16022990266318943,0.06727267353938426
2017-07-11,1.0,0.14646811818243263,0.15921021918007158,0.0692222971851946
2017-07-12,0.9999999999999999,0.12177769734877948,0.16360062035845796,0.12746425218511626
2017-07-13,1.0,0.10872586271619727,0.16370267766175411,0.1245084806405991
2017-07-14,1.0000000000000002,0.10413747985534721,0.16433456477662597,0.14284895884622661
2017-07-17,1.0,0.11087494605037389,0.16439511710320437,0.14145219843511678
2017-07-18,1.0000000000000002,0.11319650125713032,0.16497293138612915,0.14518653612014984
2017-07-19,1.0000000000000002,0.11135317810259596,0.16642288105492475,0.19432021573923472
2017-07-20,1.0000000000000002,0.1092028746433232,0.16062106707960178,0.19821253724359808
2017-07-21,1.0,0.10461980865839728,0.16178464103942236,0.20037649701538807
2017-07-24,1.0000000000000002,0.10916241159611789,0.16298232488790299,0.232812949019896
2017-07-25,1.0,0.10642302550267221,0.15860208823001448,0.24618919742727158
2017-07-26,1.0,0.11017486682758243,0.15818542102916291,0.25032220648833087
2017-07-27,1.0,0.11962427948655387,0.1571055434147607,0.28227247464833327
2017-07-28,0.9999999999999999,0.1332000960483715,0.15764732095956258,0.29922157498351976
2017-07-31,1.0000000000000002,0.1470470564714612,0.1556845094251401,0.309121669771733
2017-08-01,0.9999999999999998,0.1347273105959646,0.15601770530149764,0.308658736620419
2017-08-02,1.0000000000000002,0.1364358857709445,0.1550089048141299,0.3304055793368645
2017-08-03,1.0,0.15902426905825512,0.15540604844221698,0.33497274027325347
2017-08-04,1.0,0.14117001550697006,0.15576412401726075,0.34431495941079926
2017-08-07,1.0,0.1448642521576916,0.15611198867623535,0.33967549503360733
2017-08-08,1.0000000000000002,0.1819370243904893,0.15561933983976392,0.33422979776664324
2017-08-09,1.0000000000000002,0.1818881712797539,0.15560362309890136,0.32208678623693615
2017-08-10,1.0000000000000002,0.3404250329141261,0.16657303370700016,0.2478819467946579
2017-08-11,1.0,0.31976256439866924,0.1670644269075945,0.2841027077590195
2017-08-14,0.9999999999999998,0.231024935537202,0.1739765281237735,0.2621761326877066
2017-08-15,0.9999999999999998,0.23086047768855583,0.17425579201111627,0.26155876833428854
2017-08-16,0.9999999999999999,0.2225773715057148,0.1744405936784692,0.2582382079558541
2017-08-17,0.9999999999999999,0.35989782794790004,0.185334966930153,0.16176364651018887
2017-08-18,1.0,0.35585914945320135,0.18702966993712888,0.15152505328095295
2017-08-21,1.0,0.3423875776410052,0.18734949430163386,0.14944895589624915
2017-08-22,1.0,0.2577298011088315,0.192864522013031,0.11868812545914405
2017-08-23,1.0,0.3059464583828334,0.19264362793303316,0.11728863937247135
2017-08-24,1.0,0.2913177684570996,0.18522217938225097,0.1116613846909723
2017-08-25,1.0,0.2587413962460119,0.18330367634931055,0.12382114779216949
2017-08-28,1.0000000000000002,0.2626247478694084,0.1835731264216688,0.12261078585417061
2017-08-29,1.0,0.2589934183900366,0.18310428679941254,0.12246512971675812
2017-08-30,0.9999999999999999,0.24004770965351493,0.18325497031303312,0.12263597041873688
2017-08-31,0.9999999999999999,0.20010030725816963,0.18452694594777172,0.11885245862060788
2017-09-01,1.0,0.17907458350826383,0.18453679020140684,0.11807061854589779
2017-09-04,1.0,0.1754065331211005,0.18448740331332808,0.1170720589403997
2017-09-05,1.0,0.2536593511779005,0.18468923972253645,0.0990988662236573
2017-09-06,1.0,0.21438191483882715,0.18391249291251335,0.1060304270194388
2017-09-07,1.0,0.2014882352483566,0.17818230088090348,0.1164626361726315
2017-09-08,1.0,0.22087433237851273,0.17755681811363985,0.11243781804101718
2017-09-11,0.9999999999999999,0.1650952463343923,0.18336580556322182,0.07433711284522841
2017-09-12,1.0,0.15527092853328228,0.18311444562853085,0.07559107285132269
2017-09-13,0.9999999999999999,0.16284148559596165,0.17788339127318842,0.07647736881261925
2017-09-14,1.0000000000000002,0.15680984227286493,0.17770017154360893,0.07491558596434797
2017-09-15,1.0,0.14626538159022037,0.176531870437821,0.07792221139245994
2017-09-18,1.0,0.1476384777730277,0.1757308478535721,0.07696788794854023
2017-09-19,1.0,0.15476628777477935,0.17563300203766355,0.07165789838882863
2017-09-20,1.0,0.14926417771668615,0.17399374485535402,0.06892854079709043
2017-09-21,1.0,0.14609938863266494,0.17427217482028184,0.06328820088042712
2017-09-22,1.0,0.1350308964896581,0.17424237452004665,0.06909599480690683
2017-09-25,1.0,0.13467930959368132,0.17282988086871479,0.046635479273343425
2017-09-26,1.0,0.13449966373417352,0.17338470220282384,0.0554964886528851
2017-09-27,1.0,0.1325099623786937,0.17422631328204782,0.05329293307271649
2017-09-28,1.0,0.12091392067909543,0.17331324793258912,0.07687515161739052
2017-09-29,1.0,0.10892062825286007,0.17459445539628507,0.07309651743384803
2017-10-02,1.0,0.10510414712982928,0.17386639215843558,0.07150210636933105
2017-10-03,0.9999999999999999,0.10496292118158618,0.17409113773365403,0.06787001951450583
2017-10-04,1.0,0.09476073258266168,0.17343270221007254,0.06608336131122695
2017-10-05,1.0,0.08946187946702554,0.1749369922334261,0.0604306269328763
2017-10-06,1.0,0.09281911599487107,0.17156897027514148,0.05991956368415659
2017-10-09,1.0,0.10882577977129712,0.1711332094018646,0.06051516849549179
2017-10-10,0.9999999999999999,0.10062549998956453,0.1679733232135781,0.05984641434922123
2017-10-11,0.9999999999999998,0.09284772052062552,0.1680339623137851,0.06906743625021268
2017-10-12,1.0,0.09806448747395863,0.1673474285727989,0.07050733783656374
2017-10-13,1.0,0.08316297903254397,0.1659258047878698,0.0710217591465367
2017-10-16,1.0,0.09022561194481445,0.1658450820592356,0.0710737438135776
2017-10-17,1.0,0.1009703116101917,0.15276665263032047,0.08506421762559714
2017-10-18,1.0,0.09892398171695607,0.14987513026846133,0.10421658410434148
2017-10-19,1.0,0.09827232074537237,0.14867116321653945,0.11256681647473722
2017-10-20,1.0,0.09943489267376622,0.14897853080448178,0.1152951020519688
2017-10-23,1.0,0.13377324112073313,0.1498792594239411,0.12844307805346045
2017-10-24,1.0,0.13137348627223008,0.14976786109680854,0.13037691929541106
2017-10-25,0.9999999999999999,0.1492752898423746,0.15030731424203067,0.128107502780496
2017-10-26,1.0,0.14485276574814265,0.15052320164901556,0.13503099302231347
2017-10-27,0.9999999999999999,0.1105275300585793,0.1524580336489526,0.12380721177654519
2017-10-30,1.0,0.1319831908104505,0.15147804707283938,0.13680607293563568
2017-10-31,1.0,0.12050417419371005,0.15158612207941957,0.13841302664999883
2017-11-01,1.0,0.12837638986897132,0.15036374560367816,0.14542183211124207
2017-11-02,1.0,0.1346049444233086,0.1508633407837864,0.15222356306604534
2017-11-03,1.0,0.10859026947383131,0.15053285098988756,0.1380834007435373
2017-11-06,0.9999999999999999,0.11640865147461868,0.15058127278394953,0.1412351834872127
2017-11-07,0.9999999999999999,0.13238724340650504,0.14914547334823658,0.14048243544916197
2017-11-08,1.0,0.1322847024325216,0.1487307326840961,0.13985158708201217
2017-11-09,1.0,0.144238136224274,0.13415511042720643,0.13375667326427482
2017-11-10,1.0,0.1636596209148654,0.13581119925653445,0.13299352375963652
2017-11-13,1.0,0.17881060564648782,0.13417206061614892,0.13231761105181752
2017-11-14,1.0000000000000002,0.18443955510571952,0.13271795363534342,0.12993956690353164
2017-11-15,1.0,0.24432353478882937,0.13485735772296006,0.12078181288058097
2017-11-16,0.9999999999999999,0.18433388224883765,0.1371294622693459,0.10741370032636817
2017-11-17,0.9999999999999999,0.174581005804636,0.13668111687598278,0.10951854410619774
2017-11-20,1.0,0.16401414906975523,0.13682816990587923,0.1175131566232087
2017-11-21,0.9999999999999999,0.14321692771616348,0.13966023872455843,0.10825219666988231
2017-11-22,1.0000000000000002,0.14872960924083442,0.13881879154346602,0.10794162880738514
2017-11-23,1.0,0.14901348302248,0.13959594275149345,0.10863467775339881
2017-11-24,0.9999999999999999,0.14276646309786756,0.1398834729700784,0.10821345018698976
2017-11-27,1.0,0.14791436151587944,0.13831655379236613,0.11211842060349932
2017-11-28,1.0,0.17108198274293254,0.1386455731606136,0.10261039334772483
2017-11-29,1.0,0.16937472821196686,0.1356960128015518,0.09611460061867513
2017-11-30,1.0,0.20292575682131786,0.13708086519744248,0.1005670233254314
2017-12-01,0.9999999999999999,0.19679939865710208,0.13723575455767087,0.10067657961976616
2017-12-04,0.9999999999999998,0.16879853420297322,0.13409996375645006,0.13597072560115278
2017-12-05,1.0,0.17855448307426175,0.1333743684537235,0.13779132166547484
2017-12-06,1.0,0.1776370832983407,0.13237752081227636,0.15182635535702335
2017-12-07,1.0,0.15725849684494236,0.1324152885397883,0.1726792761674594
2017-12-08,0.9999999999999998,0.13167385833307887,0.13105379466769482,0.16951351682061774
2017-12-11,0.9999999999999998,0.13194516509870005,0.1326119926215671,0.1667575832071747
2017-12-12,1.0,0.15416330665729022,0.12786209900313816,0.16831564566026236
2017-12-13,1.0,0.14837318398519245,0.12568641223369442,0.1753799976621017
2017-12-14,1.0,0.15239853225102543,0.12761851217685027,0.1693484792982342
2017-12-15,1.0,0.13168254296323292,0.12974001959759066,0.18144827357711568
2017-12-18,1.0,0.15428953735743886,0.13179365991327147,0.16359681969367657
2017-12-19,1.0,0.16819203448096381,0.1331060380514411,0.15230474335093525
2017-12-20,1.0,0.154278925430875,0.1315953781543552,0.14185260942110786
2017-12-21,1.0,0.14448381489850173,0.12849400012498044,0.14439623533339213
2017-12-22,1.0,0.15278223654408654,0.12394736507578644,0.14088618567515332
2017-12-25,1.0,0.15276746498823676,0.12473725187501847,0.1253139653144725
2017-12-26,0.9999999999999998,0.15576697550904228,0.12598617546190968,0.11037374803330235
2017-12-27,1.0,0.15992706775732932,0.12565431280973938,0.108752347735331
2017-12-28,1.0000000000000002,0.137680497161541,0.12580455604500906,0.12901577912788706
2017-12-29,1.0,0.15484281294978375,0.12374935406992982,0.14169055176516782
2018-01-01,1.0,0.15483833284654677,0.12348931933187313,0.1810264241949691
2018-01-02,1.0000000000000002,0.11092348252198898,0.12578103503545357,0.17464219240916662
2018-01-03,0.9999999999999999,0.0947159395745369,0.1270119527843937,0.15876478713584002
2018-01-04,0.9999999999999998,0.10186745272637479,0.1248980269841075,0.27081433179041525
2018-01-05,1.0,0.1048578898788602,0.12805719214711012,0.44613723550080153
2018-01-08,0.9999999999999999,0.11012337280291773,0.12723303765488891,0.4133605489544912
2018-01-09,1.0000000000000002,0.12683801472049105,0.12672372887981137,0.40613605568635774
2018-01-10,1.0,0.11702970782820225,0.12675952761953976,0.4787437377090047
2018-01-11,0.9999999999999999,0.11618847927430483,0.1268116980727742,0.47331388804683827
2018-01-12,1.0,0.12578878986077577,0.12965493993902732,0.4878556401520821
2018-01-15,1.0,0.12556524194597585,0.1294055686109979,0.481971568938316
2018-01-16,1.0,0.16037708476471613,0.1283625746951876,0.49740849458095354
2018-01-17,1.0,0.15476623608277648,0.13146890574114475,0.506304202055442
2018-01-18,0.9999999999999999,0.16778290450174643,0.13195778293196758,0.5042995678193218
2018-01-19,1.0000000000000002,0.14309389834188632,0.13380490889565355,0.5070842366414421
2018-01-22,1.0,0.1493755621693838,0.13653451299655714,0.49505345814672497
2018-01-23,0.9999999999999998,0.1538955678390513,0.13634674081908796,0.4975622327328394
2018-01-24,0.9999999999999999,0.16411458796546124,0.13439825171746306,0.5028197845240618
2018-01-25,1.0,0.1555930342023626,0.13466423560584137,0.5170461266175308
2018-01-26,1.0,0.1454023881416526,0.13968023421793369,0.5289810529449632
2018-01-29,0.9999999999999998,0.19232125982597784,0.14250431099268956,0.5307030299957586
2018-01-30,1.0,0.22077618103252541,0.14837624813709638,0.5316073726749089
2018-01-31,1.0,0.1869928998225473,0.14708873903207745,0.543039953408223
2018-02-01,1.0,0.22099537250755116,0.14451293675256685,0.5579217227504157
2018-02-02,1.0,0.3352932804538589,0.15657130365907007,0.5475344139719422
2018-02-05,1.0,,0.22465565639670357,0.4526765090226136
2018-02-06,1.0,0.5715862810919712,0.22090348662874268,0.48500193567820993
2018-02-07,1.0,0.4866477969836697,0.2191985620352496,0.49713512631981394
2018-02-08,1.0,0.6718114329422402,0.2597094549729375,0.38453128252508956
2018-02-09,1.0000000000000002,0.49069826188233817,0.25545315300786015,0.4008583222056597
2018-02-12,1.0,0.4117962876699253,0.2613166415066987,0.3883777238172542
2018-02-13,1.0,0.43443772516221524,0.26036998325569677,0.3967197805608171
2018-02-14,1.0000000000000002,0.37130836037195697,0.2635920752258131,0.3778744942952241
2018-02-15,1.0,0.36733439583460165,0.2674855174498612,0.35432698875087504
2018-02-16,1.0,0.3642477567563799,0.26633990985044853,0.3891473975742242
2018-02-19,1.0,0.36144450314450366,0.26672788377756396,0.37383630115431227
2018-02-20,1.0,0.39473992567151744,0.26601215367012665,0.3820172537869321
2018-02-21,1.0,0.42469068657675385,0.26663971187900204,0.4484096967805187
2018-02-22,1.0,0.3681561861608674,0.26601455186741074,0.4882871236257483
2018-02-23,1.0,0.3003824696000918,0.27010744918383106,0.5134401746916577
2018-02-26,1.0,0.28508516024036795,0.2749964262405782,0.4827451989597656
2018-02-27,1.0,0.3717058702723573,0.2779110176714638,0.4623853778974887
2018-02-28,1.0,0.38043424460973707,0.28057540184750657,0.47670914347445764
2018-03-01,0.9999999999999999,0.40966427998939864,0.2851486827565245,0.4698706250045576
2018-03-02,1.0,0.34948710012621653,0.2866575376068311,0.5019118247701072
2018-03-05,0.9999999999999999,0.352383372940814,0.2889678307850126,0.49907377715795165
2018-03-06,1.0,0.3482533026652688,0.28560025010451007,0.4999118711150735
2018-03-07,0.9999999999999998,0.3278407592129565,0.28430755370205196,0.510039157129734
2018-03-08,0.9999999999999999,0.30075771891400777,0.2843971280996313,0.5277643672602594
2018-03-09,1.0,0.26230596268407136,0.29118556533484174,0.5155354335639597
2018-03-12,1.0,0.2987124974639527,0.290940477896063,0.5385280257936783
2018-03-13,1.0,0.29462715903758807,0.2907928506307325,0.5402980342448931
2018-03-14,1.0,0.3160905030715423,0.29125029309177847,0.5431983426118998
2018-03-15,1.0,0.2727288017950683,0.2918170906563078,0.5389704623657232
2018-03-16,1.0,0.2706140185508942,0.29145293514072396,0.5430345072059314
2018-03-19,0.9999999999999998,0.3534435659745253,0.2972364432925946,0.5340093418064787
2018-03-20,1.0,0.36454435423107945,0.29540996342303094,0.5359930006004556
2018-03-21,1.0,0.34371686078758346,0.29468307566716395,0.508797793336194
2018-03-22,1.0,0.45592610043519977,0.30764781997328017,0.47867118905584005
2018-03-23,1.0,0.47110187998410913,0.31978751550390744,0.4376755543860574
2018-03-26,1.0,0.38496921133948897,0.3333855679974493,0.4036524991970162
2018-03-27,1.0,0.42670831162587564,0.3325344537624298,0.38858413247313534
2018-03-28,1.0,0.40507939933775644,0.3302181861089094,0.39128192649127547
2018-03-29,1.0,0.3830592721159322,0.3343834694591377,0.3706773673920729
2018-03-30,1.0,0.380372608691407,0.33430745269256285,0.3614963757470917
2018-04-02,1.0,0.4449822795832615,0.34034041075188265,0.3073808752913883
2018-04-03,0.9999999999999998,0.3624709572697366,0.3416834864347982,0.301501271437981
2018-04-04,1.0,0.3639623291862432,0.3437919182612384,0.2987228215497865
2018-04-05,1.0,0.33376206771842876,0.34385648843619643,0.3032197525251933
2018-04-06,1.0,0.37743627677454034,0.3504013876717718,0.247718190749671
2018-04-09,1.0,0.39736372233383466,0.35071334625896866,0.24311880937704228
2018-04-10,1.0,0.370111123249206,0.3573327908468192,0.20731827344005158
2018-04-11,0.9999999999999998,0.37572647479779503,0.3579761410584827,0.21274069127015885
2018-04-12,1.0,0.3294511551438954,0.3608068897144631,0.2087843150074452
2018-04-13,1.0,0.2908897819896532,0.3613209433791587,0.2082807453100435
2018-04-16,1.0,0.257097618795761,0.3630553064193396,0.22043640665623881
2018-04-17,1.0,0.23906872981020827,0.36561142808001074,0.2062743484133591
2018-04-18,0.9999999999999998,0.23003523441613002,0.3639229937111216,0.21087237196566944
2018-04-19,1.0,0.23908431544439615,0.35922198570808506,0.2275787511934403
2018-04-20,1.0,0.2620364699992567,0.36094674834986373,0.21929931894081753
2018-04-23,0.9999999999999998,0.2673172576682506,0.36723637525025615,0.2200535261013129
2018-04-24,1.0,0.3363550261562575,0.367076950937874,0.1805630366293723
2018-04-25,1.0,0.3461937983116844,0.3675677576972458,0.18642794848799643
2018-04-26,1.0,0.31145030338322904,0.3681552480230174,0.176660276542057
2018-04-27,0.9999999999999998,0.313984423149059,0.3664100623550965,0.19418631706769326
2018-04-30,1.0,0.3381850646298193,0.3657934413117635,0.23135951275505132
2018-05-01,1.0,0.32245958990890145,0.3662303949014735,0.25789807618834176
2018-05-02,1.0,0.3617081311833064,0.3654326857266539,0.2682833893052617
2018-05-03,0.9999999999999998,0.3477380991226266,0.3652957435717248,0.2896889504363135
2018-05-04,1.0000000000000002,0.3064477168109293,0.36767649611042297,0.2745682025772373
2018-05-07,1.0,0.3182250817319474,0.36849118158076327,0.27246970815193267
2018-05-08,1.0,0.31788483046747856,0.36801845230297425,0.2783883674188841
2018-05-09,1.0,0.26630264401728937,0.36941241693721594,0.26590353850956705
2018-05-10,1.0,0.24556320733914339,0.37019992655914175,0.2425601529549746
2018-05-11,1.0,0.22639460407117498,0.3697517368737105,0.24253882814291602
2018-05-14,0.9999999999999999,0.25412072827822507,0.36919209027755806,0.2450101002776742
2018-05-15,1.0,0.2924541073241365,0.37038065530976216,0.22201884978489217
2018-05-16,1.0,0.2603093057777376,0.3692689052689368,0.21235161910551997
2018-05-17,0.9999999999999999,0.26350417718678787,0.3685636331790029,0.21267908316246698
2018-05-18,0.9999999999999999,0.2663154498850673,0.3674370793417862,0.20909119656498548
2018-05-21,1.0,0.26345660597175163,0.36869608426145467,0.19990298805012083
2018-05-22,1.0,0.26551505161461475,0.36907212905034936,0.19579097550260627
2018-05-23,0.9999999999999999,0.22692860487539995,0.3678722144919156,0.21289382902881834
2018-05-24,1.0000000000000002,0.213583654084317,0.37138652891232954,0.20262320118324445
2018-05-25,1.0,0.23158209550074577,0.3715475139817122,0.2597043914989948
2018-05-28,0.9999999999999999,0.22811827007601004,0.37255988826729425,0.2550098550575139
2018-05-29,1.0,0.34090832313566444,0.3787770162536805,0.2384686332447751
2018-05-30,0.9999999999999999,0.27395855042138034,0.38105422926213645,0.2197999386342865
2018-05-31,1.0,0.28912501026363047,0.3810496972681147,0.21811669258771468
2018-06-01,1.0,0.2496750547762041,0.3841105041898498,0.18262363562463485
2018-06-04,1.0,0.22616107539728275,0.38417521981392366,0.17053792217938513
2018-06-05,1.0,0.2288833012211009,0.3839226002365365,0.1742975767139763
2018-06-06,1.0,0.1879965195393812,0.385178968055966,0.1838508965334414
2018-06-07,1.0,0.18706792129752525,0.38351464822440584,0.2084369592334197
2018-06-08,1.0,0.19307102980528917,0.3835126333652696,0.22918052774123307
2018-06-11,1.0,0.200193274227154,0.383775403168799,0.23114532958787604
2018-06-12,0.9999999999999998,0.20080251721275816,0.3839951044189789,0.2439267966143991
2018-06-13,0.9999999999999998,0.235650108141929,0.3823541762115705,0.26140503531206644
2018-06-14,1.0000000000000002,0.20076492240508242,0.3813393440083901,0.26598219831148995
2018-06-15,0.9999999999999999,0.18552339050893868,0.3805731995118496,0.26127854132589556
2018-06-18,1.0,0.19180141616573293,0.38045379954833913,0.26276488081117333
2018-06-19,0.9999999999999998,0.21206022796206558,0.37945368902828086,0.24892572711341462
2018-06-20,1.0,0.20052764652926433,0.37789638620787036,0.2539685192532344
2018-06-21,1.0,0.22787864028726684,0.37784268266184806,0.24009911869751116
2018-06-22,0.9999999999999999,0.21737773157213808,0.3747906115136585,0.2444937884600743
2018-06-25,1.0,0.2838102890977813,0.3780061104339483,0.16459115028161547
2018-06-26,1.0,0.25172576407530106,0.3773529356247522,0.16895285131714458
2018-06-27,1.0,0.31445941069946576,0.3766180371644754,0.1248574132891812
2018-06-28,1.0,0.26748025053848734,0.3776038610488576,0.13109154350312366
2018-06-29,1.0000000000000002,0.2508994332517946,0.37454991541500376,0.14528491527538887
2018-07-02,0.9999999999999998,0.22276635358514865,0.3735935682867194,0.14766290372670346
2018-07-03,0.9999999999999998,0.24598852854779732,0.3710280240187811,0.1325742481735842
2018-07-04,1.0,0.2469910294056878,0.3717249784010098,0.12371685875132092
2018-07-05,1.0,0.1992163645376708,0.37468602174084875,0.11654513257811817
2018-07-06,1.0,0.16296648963252716,0.37622717275193185,0.10727313552454172
2018-07-09,1.0,0.15250388117041502,0.3778132477685479,0.09556936868881799
2018-07-10,1.0,0.1530805656638583,0.37678939966995295,0.09437841928919145
2018-07-11,1.0,0.17360676602759714,0.3792388233072342,0.07729169086474351
2018-07-12,0.9999999999999999,0.14668896528309777,0.3808385353300702,0.09101493274348424
2018-07-13,1.0,0.1333702245822066,0.37979419520351027,0.09588399543389726
2018-07-16,0.9999999999999999,0.1480810021121858,0.379364841125376,0.10058238422624947
2018-07-17,1.0,0.13313271186028025,0.37883381991357923,0.11775257412727529
2018-07-18,0.9999999999999999,0.12520282216662149,0.3788801722860499,0.12631964043996807
2018-07-19,1.0,0.14446546961813433,0.3786132240886363,0.12585834263406384
2018-07-20,1.0,0.15138080528853265,0.3791177522602604,0.1277021972488003
2018-07-23,1.0,0.14860363876069876,0.3789207539152294,0.12929685482607034
2018-07-24,0.9999999999999999,0.1610485733325413,0.3786390284770894,0.12342527531754649
2018-07-25,1.0,0.15765442356904882,0.37884014535862953,0.11518428891106788
2018-07-26,0.9999999999999998,0.15762877332402567,0.3695335932925429,0.15683042951406737
2018-07-27,1.0,0.18446049122209598,0.36971879943922126,0.1787932493093193
2018-07-30,1.0,0.21722009892406555,0.36093797366148483,0.17365074114328496
2018-07-31,0.9999999999999998,0.17865834010705556,0.33041707709794677,0.18186135345433177
2018-08-01,0.9999999999999998,0.19996973776398191,0.332375458051139,0.20537990397651265
2018-08-02,1.0,0.17857642730558257,0.33257634999997654,0.2227075815615925
2018-08-03,1.0,0.15908614051535924,0.3049508575803305,0.22556027688406433
2018-08-06,1.0,0.17132991106757903,0.3052548890498785,0.23184916305674763
2018-08-07,1.0000000000000002,0.17525402300424706,0.3006207970884241,0.2319366089613125
2018-08-08,1.0,0.17717440531471235,0.3012362066144269,0.23211806134939753
2018-08-09,1.0,0.18880586966109947,0.2970027833379513,0.22974875069908615
2018-08-10,1.0,0.2203104539215266,0.2965018609893964,0.19508842242101623
2018-08-13,1.0,0.2744041585818523,0.2973865473981429,0.19048520889842374
2018-08-14,0.9999999999999999,0.23856852138253462,0.29760415765444365,0.18125593195309478
2018-08-15,0.9999999999999998,0.25698101035195214,0.30041711368034235,0.15396577059363478
2018-08-16,1.0,0.22577849009556683,0.29933925400688083,0.14623937508713505
2018-08-17,1.0,0.21187450263950633,0.2989148422973627,0.16264435393741436
2018-08-20,1.0,0.21365524690574939,0.29480080781452545,0.16863560279257256
2018-08-21,0.9999999999999998,0.23496235234536342,0.2894561403453522,0.16353329643015183
2018-08-22,1.0,0.2245065091924405,0.2864478550481789,0.1937926156694569
2018-08-23,0.9999999999999998,0.2251974055921696,0.2849655305245009,0.18833859828200766
2018-08-24,1.0,0.21368290800343043,0.2815478693908703,0.168746636194201
2018-08-27,1.0,0.21915695348537595,0.2850694981839083,0.1426075554305412
2018-08-28,0.9999999999999997,0.2317303632672052,0.28367092078460404,0.1429959235801174
2018-08-29,1.0,0.2218937828166898,0.28521779794599983,0.13382335541775092
2018-08-30,1.0,0.2505884092359056,0.28663590482330914,0.13042132361945727
2018-08-31,0.9999999999999998,0.2010123726703762,0.2866939049898986,0.1331765121179734
2018-09-03,1.0,0.20083523840443898,0.28198950171365583,0.13043869505276653
2018-09-04,1.0000000000000002,0.20442586527358952,0.282623207958894,0.1272245430466684
2018-09-05,0.9999999999999999,0.21790371077596796,0.28118752658350726,0.14159383181661633
2018-09-06,1.0000000000000002,0.2289835052852147,0.28052071540121826,0.15665929598054254
2018-09-07,1.0,0.23513949753899124,0.28035492641789334,0.15780027970987334
2018-09-10,1.0,0.20774177095623025,0.2797970797131177,0.15437911085569342
2018-09-11,1.0,0.18533811130352712,0.2740939840346521,0.3455200645503115
2018-09-12,1.0,0.17758688158138594,0.27406821364895667,0.37310431904304203
2018-09-13,1.0,0.1583942394385417,0.2750060631678924,0.39524999230202484
2018-09-14,0.9999999999999999,0.15792594756590408,0.25889760276469925,0.3935799838309702
2018-09-17,1.0,0.1868225173103871,0.24427530213428222,0.4513382706189216
2018-09-18,1.0,0.17670210514197907,0.22887443287747053,0.4400651302468693
2018-09-19,1.0,0.1563761129080897,0.22148744065856862,0.45596152114090027
2018-09-20,1.0,0.15972868180153127,0.2250963979363016,0.4266329320744709
2018-09-21,1.0000000000000002,0.16028755717537196,0.21960527318511966,0.4216545396104363
2018-09-24,1.0,0.15968238378844288,0.2185442015871148,0.41980717940449025
2018-09-25,1.0000000000000002,0.16761801750106417,0.20500879048097284,0.45657509087133635
2018-09-26,1.0,0.17658709960010696,0.2035089368097501,0.46870449344605447
2018-09-27,1.0000000000000002,0.1511162932752797,0.20236468239315814,0.46769255791882425
2018-09-28,0.9999999999999999,0.14365574754387025,0.2002231409039625,0.45559588387997535
2018-10-01,1.0,0.1383764547239662,0.1865728834120629,0.458744065216295
2018-10-02,1.0,0.13656209167660233,0.18571439368207018,0.47202689601778325
2018-10-03,1.0,0.12813858964808378,0.17580071575522144,0.4652117412803483
2018-10-04,1.0,0.16459519317843194,0.17664129703690726,0.449365462051024
2018-10-05,0.9999999999999998,0.18787918425843506,0.17735028472109304,0.4394503995943943
2018-10-08,1.0,0.21879326890294734,0.17684024158791345,0.4414518209182147
2018-10-09,0.9999999999999999,0.22970896936820437,0.17515620057508952,0.4676560513111164
2018-10-10,0.9999999999999999,0.37768103855976826,0.20458732173395863,0.41399097324318723
2018-10-11,0.9999999999999999,0.4100296373712808,0.21740259244462,0.40805356495456363
2018-10-12,1.0,0.3465300928247897,0.22767657854818274,0.4305637226264758
2018-10-15,1.0,0.34901316303306035,0.22514562850801567,0.4218846487085662
2018-10-16,1.0,0.26235620206299026,0.2413071298031463,0.38909082345714996
2018-10-17,1.0,0.2599875610394889,0.23681376830814357,0.3966768338874923
2018-10-18,1.0,0.3240503555767496,0.2423081032750403,0.3746298173826647
2018-10-19,1.0,0.35116039374101704,0.23757118163870886,0.3962858527976132
2018-10-22,0.9999999999999999,0.3445197413307839,0.2393392738698265,0.4088536405714345
2018-10-23,0.9999999999999998,0.34196899935735936,0.23826017153337628,0.41232089839757824
2018-10-24,1.0,0.4245435469503946,0.2590584624054372,0.37030736115593177
2018-10-25,0.9999999999999999,0.44233759650546056,0.26987554862626506,0.36699495373720953
2018-10-26,1.0,0.4245630601107174,0.27391197203594053,0.37119071456154906
2018-10-29,0.9999999999999999,0.41206992831654315,0.26560342787672725,0.3761664344877624
2018-10-30,0.9999999999999998,0.4245085685188541,0.2672374372193927,0.41252161243384766
2018-10-31,1.0,0.41974813155921764,0.27452867801109815,0.40790521128461193
2018-11-01,1.0,0.35786633216936364,0.27347474398338134,0.4211871118303354
2018-11-02,1.0,0.3830905784570118,0.2653943626371827,0.43743299063497815
2018-11-05,1.0,0.39439620897816097,0.26295879843116177,0.49983025149078125
2018-11-06,1.0,0.40501153584956573,0.2635507366478037,0.5009473200535562
2018-11-07,1.0,0.3353606089368886,0.2747545502493299,0.45701860352848034
2018-11-08,1.0,0.341417041544285,0.2734261287420381,0.4683423056266933
2018-11-09,0.9999999999999999,0.35130863346475183,0.2741736550321168,0.4565150506019201
2018-11-12,1.0,0.4035291803263792,0.2816724141770573,0.4312501182752327
2018-11-13,0.9999999999999998,0.40908149588150655,0.279695615018517,0.44155354324643725
2018-11-14,1.0,0.4433310378514028,0.27829659921531735,0.4432338156526154
2018-11-15,1.0,0.402333899226559,0.28276675564892345,0.4546317761429711
2018-11-16,1.0,0.36826256391396467,0.2798119695109141,0.4761937688963961
2018-11-19,0.9999999999999998,0.416778682930898,0.2812299771209711,0.46896124166688635
2018-11-20,0.9999999999999998,0.45144688877183514,0.2858244105371928,0.45755347578461075
2018-11-21,0.9999999999999999,0.45340873421191497,0.2839831534247076,0.466406595839968
2018-11-22,1.0,0.4520076423123389,0.28238256528358613,0.4702464097883222
2018-11-23,0.9999999999999999,0.44444934184016677,0.282758468434958,0.48264720126524197
2018-11-26,0.9999999999999999,0.3980200202579785,0.28757018571575227,0.4616925463699496
2018-11-27,1.0,0.43624279351225353,0.28636898879479983,0.5586567332822412
2018-11-28,0.9999999999999998,0.4444137314441131,0.3006971045189878,0.5315840287881682
2018-11-29,1.0,0.44318466824260533,0.29920590523118,0.5301826197012338
2018-11-30,1.0,0.4150054850821292,0.3003169093199795,0.5411817863133959
2018-12-03,1.0,0.3854374688116931,0.3039255367996373,0.5449623391844072
2018-12-04,1.0,0.5088094463913786,0.3166496263356074,0.5088701407879275
2018-12-05,1.0,0.49766177216831,0.31756170738758044,0.5115505124782787
2018-12-06,1.0,0.4396800378377987,0.31790976159691275,0.5816870128277121
2018-12-07,1.0000000000000002,0.49564272280858185,0.32086888562832877,0.5728889995084859
2018-12-10,1.0,0.46455500055590004,0.320783382343401,0.5850144580284933
2018-12-11,1.0,0.47755621196969145,0.32117495521788403,0.5808338645969754
2018-12-12,1.0,0.4789622077498688,0.3225788197295089,0.5817172329913678
2018-12-13,1.0,0.4565231811014107,0.3235558190965824,0.5821674446810335
2018-12-14,1.0,0.45070374463126756,0.3262357306033754,0.5741455892562418
2018-12-17,1.0000000000000002,0.503885307098505,0.3307879355013216,0.5608096730122676
2018-12-18,1.0,0.528022962836454,0.3267867550616278,0.5643292583598389
2018-12-19,1.0000000000000002,0.5110758820798094,0.3277545138447061,0.5603638587933072
2018-12-20,1.0,0.5172031514767809,0.328988886215479,0.5491738416504915
2018-12-21,0.9999999999999999,0.5891967876389719,0.3317232775821445,0.534224624030625
2018-12-24,1.0,0.6466021121369626,0.3375720068985373,0.5215947864905475
2018-12-25,1.0,0.6458660585245719,0.3394616974853692,0.5092543604166098
2018-12-26,1.0,0.6115353335241849,0.37344355487918374,0.4208633880714527
2018-12-27,0.9999999999999998,0.6308099679655247,0.37260947153286916,0.4206927852717994
2018-12-28,1.0000000000000002,0.6596324249054272,0.36963033540098367,0.4369692092486798
2018-12-31,1.0,0.4499361642475961,0.3702449767139917,0.42703076941851076
2019-01-01,1.0,0.44992588307120496,0.3700842744440059,0.4248518185923539
2019-01-02,1.0000000000000002,0.3927293632925344,0.368961548902366,0.4128821290108638
2019-01-03,1.0,0.4474472519237928,0.37078077138076104,0.33050053807022167
2019-01-04,0.9999999999999999,0.35953096629345616,0.3897514161352942,0.22435107383698075
2019-01-07,1.0,0.3724094110253125,0.3904958055065241,0.22873532435696178
2019-01-08,1.0,0.35255333574167597,0.3918969589194977,0.23448702305634148
2019-01-09,1.0,0.34284464149943084,0.391840327582346,0.2642453612652828
2019-01-10,1.0,0.33060116520181165,0.392821537059345,0.2624320134851028
2019-01-11,1.0,0.30199730529504276,0.39285829375457526,0.2629042497421488
2019-01-14,1.0,0.33228963659401967,0.3930872336101619,0.27293971230503766
2019-01-15,1.0000000000000002,0.3108046343130866,0.3960625715318188,0.2675966702169645
2019-01-16,1.0,0.3146617976612311,0.3958972893220664,0.2702283159311345
2019-01-17,0.9999999999999999,0.29365177445975815,0.3965566482942518,0.2684656300879235
2019-01-18,1.0,0.30926278819983183,0.406624137921375,0.26238747932802026
2019-01-21,1.0,0.3087647312168078,0.4085862594991715,0.25866304466129925
2019-01-22,1.0,0.39192298473002035,0.41007679902590355,0.21560916784588632
2019-01-23,1.0000000000000002,0.3619519363983283,0.4093543209710713,0.22583465104465034
2019-01-24,1.0,0.32268829843187213,0.4094402215029526,0.23927812399851064
2019-01-25,1.0,0.32203160944488585,0.4111130094023665,0.2419851394257789
2019-01-28,1.0000000000000002,0.35898657088334107,0.41019367431767967,0.21633042037411587
2019-01-29,1.0,0.3708827224490881,0.4080425737578891,0.2174839878364153
2019-01-30,1.0,0.3334408705095381,0.4113222071162857,0.18321800838648636
2019-01-31,0.9999999999999999,0.3142342625892259,0.4088228382482878,0.1997110952425157
2019-02-01,1.0,0.3406463317677966,0.4056930614657297,0.2211949858593015
2019-02-04,1.0,0.28557114220424207,0.4062800715080395,0.2204117075988374
2019-02-05,0.9999999999999998,0.31486148935340225,0.40679157852532943,0.22247451601874813
2019-02-06,1.0,0.30865562980929423,0.4060739947725475,0.2479898328418128
2019-02-07,0.9999999999999999,0.32847449616365815,0.40617080799863525,0.2082698275743472
2019-02-08,1.0,0.3062339074917534,0.4071715642177856,0.26340029331605613
2019-02-11,1.0,0.30529287016001283,0.4074156755153748,0.2672428991939402
2019-02-12,1.0,0.3087333325328079,0.4107360534350529,0.23046616914058415
2019-02-13,1.0,0.32400940185568705,0.4111255259066946,0.23123034200145948
2019-02-14,1.0,0.3458857432524897,0.40927729621811015,0.24062531834175505
2019-02-15,1.0,0.30303146604491155,0.4090658686483656,0.2284805756437015
2019-02-18,1.0,0.2984085929795569,0.4086869932965598,0.2195305567202346
2019-02-19,1.0,0.2977326738297278,0.4075759135874999,0.21129845118219345
2019-02-20,1.0,0.2773049093070107,0.4067438036692788,0.23296674158523417
2019-02-21,1.0,0.3004701386984515,0.40621983081474616,0.32575108904115646
2019-02-22,1.0000000000000002,0.28001712916661337,0.40692341615108624,0.32288824008438877
2019-02-25,0.9999999999999998,0.2907394169293125,0.40725242558014724,0.32923420308630263
2019-02-26,1.0,0.3157527066997683,0.407167980806148,0.3344947931158121
2019-02-27,1.0,0.29808609207082715,0.407640841523462,0.3367138184137455
2019-02-28,0.9999999999999999,0.30836392829593917,0.4080934273031347,0.34458839171640276
2019-03-01,1.0000000000000002,0.25916132054160024,0.4101680342481298,0.35686816415138006
2019-03-04,0.9999999999999999,0.29943236295743075,0.40997693416393316,0.3579778433556133
2019-03-05,0.9999999999999998,0.3185633251068455,0.4099082725032399,0.35911630957381585
2019-03-06,1.0,0.36604324243728237,0.4102909830892312,0.34671998498060813
2019-03-07,0.9999999999999998,0.4049335753822659,0.41135368423674085,0.32518566434530893
2019-03-08,0.9999999999999998,0.3549749052113752,0.411818263495503,0.3234207183454352
2019-03-11,1.0,0.3157967871748382,0.41654987562072726,0.30252450146982285
2019-03-12,0.9999999999999999,0.2996293179285865,0.4169314021245669,0.29935666200681443
2019-03-13,1.0,0.2892691714099189,0.4176368898368189,0.294438606031565
2019-03-14,1.0000000000000002,0.30229970088527164,0.41897161069707933,0.27793854344349334
2019-03-15,0.9999999999999999,0.2697572418833887,0.41751334586500727,0.2790629829162391
2019-03-18,1.0,0.2966293845870048,0.4179039374331098,0.27240770929545616
2019-03-19,0.9999999999999999,0.3131927558521839,0.4191691614353588,0.2561745564227547
2019-03-20,1.0,0.3121158826542813,0.4189464129015292,0.25910072437606413
2019-03-21,0.9999999999999998,0.28785728095140983,0.4208484615262042,0.24669084349949444
2019-03-22,0.9999999999999998,0.36725234340029944,0.42211078217543657,0.11813094792888991
2019-03-25,0.9999999999999999,0.3572019145064641,0.4232211362525271,0.12227639357528783
2019-03-26,1.0,0.3052416590466198,0.4234133640950605,0.1205700017034264
2019-03-27,1.0,0.31814148215381277,0.42430356671205477,0.0903452883531226
2019-03-28,1.0,0.2858860391890426,0.42539737189998467,0.08465363269640287
2019-03-29,0.9999999999999999,0.24999054822243744,0.4271008834632816,0.07807669771778754
2019-04-01,1.0,0.21728956813111483,0.4285246946869262,0.040068354755797744
2019-04-02,1.0,0.20930713749010665,0.428698169380775,0.052891696629302806
2019-04-03,1.0,0.22751252479702205,0.42938368735345084,0.05487486022701703
2019-04-04,1.0,0.21255162920860635,0.4165647129827845,0.07577659923100052
2019-04-05,1.0000000000000002,0.17989109837562892,0.4139201598002489,0.0846498227747026
2019-04-08,1.0,0.1816590919411297,0.41337901269222144,0.15723259401769488
2019-04-09,1.0,0.21749101991306147,0.4135483142471116,0.15283516858445512
2019-04-10,1.0,0.19138281408929483,0.40795434934016506,0.15557158650954508
2019-04-11,0.9999999999999998,0.18478521028333988,0.40946970051627246,0.15844442787969523
2019-04-12,0.9999999999999999,0.15939129553018697,0.4039200109992568,0.26393790135785367
2019-04-15,1.0000000000000002,0.16120864801013057,0.40715267406593697,0.27700361265936213
2019-04-16,1.0,0.17101820025922185,0.40546019423107826,0.29357278864769637
2019-04-17,1.0000000000000002,0.17714099785001974,0.40438740938231343,0.32278244693530544
2019-04-18,1.0,0.17749897895125846,0.39336949930422466,0.33174025442045335
2019-04-19,1.0,0.1778232228805837,0.39288453070397084,0.3306739254500327
2019-04-22,1.0000000000000002,0.17448669192351163,0.39017426677897715,0.3393869064118168
2019-04-23,1.0,0.17127656600118818,0.39374096510692747,0.325377585876928
2019-04-24,1.0,0.1978279187510092,0.3927038639339567,0.34615251698419985
2019-04-25,0.9999999999999999,0.20667266403705709,0.3897549062558287,0.36102715336693314
2019-04-26,1.0,0.1980078083946626,0.391334955252806,0.3773725624774966
2019-04-29,1.0,0.2060333425014843,0.39471779620631386,0.3711996395245899
2019-04-30,1.0,0.22130749595642016,0.39263813368972006,0.39635119723454476
2019-05-01,1.0,0.3131573439046593,0.39116781120163036,0.4155900485288339
2019-05-02,1.0,0.29704153453286203,0.3842164174169989,0.4298208088249716
2019-05-03,1.0,0.24148237214215576,0.386894096555642,0.3610262565167971
2019-05-06,0.9999999999999998,0.3238010478813018,0.38580845597410374,0.41048336478714487
2019-05-07,1.0,0.46495324581251835,0.3826248771253517,0.3915100667853567
2019-05-08,1.0,0.4793601340048221,0.38395334301725137,0.4003522931341972
2019-05-09,0.9999999999999999,0.4715546027479525,0.385223469300006,0.4207628623085255
2019-05-10,1.0,0.35471171231753224,0.38447527769927625,0.4141348881757845
2019-05-13,0.9999999999999998,0.5018565171660269,0.39343039927308054,0.3358442713248053
2019-05-14,1.0,0.46396854014946703,0.3920783379483399,0.3315979976787148
2019-05-15,1.0,0.42379162251867064,0.38872127768654274,0.3256557212992564
2019-05-16,1.0000000000000002,0.38334283063571395,0.39104170164508995,0.321050679738165
2019-05-17,1.0,0.3873082012926855,0.3902370130910771,0.3119846993998901
2019-05-20,1.0,0.40496387067452067,0.3893967351489322,0.3164229064193999
2019-05-21,0.9999999999999999,0.3646693498385363,0.3871718974850524,0.31145094775309423
2019-05-22,1.0000000000000002,0.36175005133700405,0.38638541452486364,0.32816601663605843
2019-05-23,0.9999999999999998,0.4030412179917272,0.3787786923002789,0.2968517740840713
2019-05-24,1.0,0.3828911065813698,0.3790189529574491,0.30062297112007413
2019-05-27,1.0,0.3832940475088129,0.38065382256875957,0.3173721834413097
2019-05-28,1.0,0.46520428625869836,0.3804598395963784,0.3025310296565407
2019-05-29,1.0,0.4661253751026712,0.36720047991530197,0.28275169361116836
2019-05-30,1.0,0.44982850447628725,0.36682086182703766,0.28125119181892516
2019-05-31,1.0,0.5055132566947153,0.37171165916634824,0.2366792190902977
2019-06-03,1.0,0.46572870139960604,0.35706011164757817,0.2572367871022393
2019-06-04,0.9999999999999999,0.4280591480576664,0.3668176246524688,0.21478502075038347
2019-06-05,1.0,0.38025284542994015,0.3679493166802012,0.221946852022449
2019-06-06,1.0,0.3884163968271737,0.36895748729354366,0.22926931206586554
2019-06-07,1.0,0.3980325791510471,0.3725025221885039,0.2136006142087716
2019-06-10,1.0,0.37570228597966643,0.3670884827941906,0.21858368707680872
2019-06-11,0.9999999999999999,0.39812236709001325,0.35922412919944996,0.22545965393917347
2019-06-12,1.0000000000000002,0.39905109671755484,0.36072824955845256,0.21353525802733583
2019-06-13,1.0,0.40155059889807765,0.3581506651931422,0.2106295540818558
2019-06-14,1.0,0.38296984441091775,0.3534352616529541,0.20563962607450023
2019-06-17,1.0,0.3669202493705945,0.3448291690318797,0.22375084305971182
2019-06-18,0.9999999999999998,0.36861402208128136,0.33669272438933423,0.20849090603403583
2019-06-19,0.9999999999999999,0.3176206803397517,0.3355753096889287,0.19878650085016253
2019-06-20,1.0000000000000002,0.3293122409933641,0.29996007339219743,0.1857886342467164
2019-06-21,1.0,0.3501077446061294,0.3006710464550572,0.1888189242648187
2019-06-24,0.9999999999999998,0.3264061867228218,0.3015874007619372,0.19113302701856608
2019-06-25,1.0,0.35967292250942307,0.3020971129964571,0.14222037346848193
2019-06-26,1.0,0.3502215588817777,0.3008363605480956,0.15964128133099087
2019-06-27,1.0,0.32297586330987527,0.30250556175058474,0.15152003861246602
2019-06-28,1.0,0.2842933132721976,0.2864340440566827,0.14892487831001966
2019-07-01,1.0,0.28103863256763434,0.259151807381778,0.14071672884419514
2019-07-02,0.9999999999999999,0.24278313083251407,0.2593700324596837,0.17505763189630133
2019-07-03,1.0,0.22465056190597996,0.2596666165116415,0.15590916052601295
2019-07-04,1.0,0.22208756374689295,0.2606440871266842,0.16837655757146805
2019-07-05,1.0,0.2251070976932173,0.2617580004901505,0.3104637172734413
2019-07-08,1.0000000000000002,0.2550196949356918,0.26295712336682825,0.327489384751486
2019-07-09,1.0,0.26728553619985285,0.2621569446063124,0.3205323117487648
2019-07-10,1.0,0.22960004640892318,0.260508326879899,0.37274692043770313
2019-07-11,1.0,0.2167932094495651,0.26104505619018004,0.38115432885027106
2019-07-12,0.9999999999999998,0.1948985014792524,0.26012462387819413,0.39102805362548176
2019-07-15,1.0,0.1992286248057854,0.2573215872029579,0.40567557714563973
2019-07-16,0.9999999999999998,0.2047906229507692,0.2573078912362565,0.45207896021516564
2019-07-17,1.0,0.2399265572145535,0.25058094380204027,0.44533278166673973
2019-07-18,1.0,0.22396238822126874,0.25060749982094105,0.4744446019416665
2019-07-19,1.0,0.2682743502563388,0.2541673257411046,0.4888762993736053
2019-07-22,1.0,0.23675173818559228,0.25448267655896484,0.4899490914245664
2019-07-23,1.0,0.209209075255021,0.25192075436714223,0.49828065712823916
2019-07-24,1.0,0.19438505055707136,0.25170779791734743,0.5075845359513448
2019-07-25,0.9999999999999999,0.2227330025456413,0.24543281031527767,0.5382116415028316
2019-07-26,1.0,0.22107236724551915,0.24572756482442704,0.5626316964663783
2019-07-29,0.9999999999999999,0.23688276631872468,0.24869298313863286,0.5616110967074399
2019-07-30,1.0,0.2919546035728455,0.24818702450502272,0.5665837857016663
2019-07-31,0.9999999999999998,0.3711107391952322,0.25145083743873836,0.5784732760435308
2019-08-01,1.0,0.4370781819631019,0.24932811588583226,0.5938168637387901
2019-08-02,1.0000000000000002,0.3990317286140553,0.24677352957523604,0.6031314217024089
2019-08-05,1.0,0.6093546059550821,0.2755837800188419,0.5340470696714994
2019-08-06,0.9999999999999999,0.48141063992953953,0.27840920695336785,0.547523630389603
2019-08-07,1.0,0.44830171726043666,0.27253960672035904,0.552684046763166
2019-08-08,1.0,0.357921142714038,0.2845771023616562,0.5291261362488665
2019-08-09,0.9999999999999999,0.40261992868043694,0.28638754065618194,0.5025973065731536
2019-08-12,0.9999999999999999,0.5394581625912737,0.28718931056474745,0.47317033480515697
2019-08-13,1.0,0.40711834455609586,0.2918962389244181,0.4677381786352225
2019-08-14,1.0,0.5616301267022312,0.30897851257215725,0.37158701591796284
2019-08-15,1.0,0.5274954225421712,0.3065293370436679,0.3825753066726559
2019-08-16,1.0,0.45424471076536876,0.31204655835222755,0.36874149478844215
2019-08-19,1.0,0.4247224642609044,0.3156250226090821,0.3516736514944472
2019-08-20,0.9999999999999999,0.4634809369643114,0.31616503857180006,0.3460758012905764
2019-08-21,1.0,0.4058724496717523,0.3181301238055822,0.33433287135965645
2019-08-22,0.9999999999999998,0.41825849576265556,0.31875647647465943,0.33437441798197265
2019-08-23,1.0,0.4811461598642355,0.330030884671643,0.2253325242942687
2019-08-26,0.9999999999999999,0.48788929272950615,0.332070760121452,0.2335082544525182
2019-08-27,1.0,0.5466219226366339,0.33137590736397776,0.23050220182695086
2019-08-28,1.0,0.5000666141706368,0.33171086140451916,0.2271124931054697
2019-08-29,1.0,0.4410738585278207,0.3356371902343694,0.20549484937541662
2019-08-30,1.0,0.4833352856759696,0.33301746860675646,0.20555718505464554
2019-09-02,1.0,0.482710861798031,0.3333890809215646,0.2199334131982077
2019-09-03,0.9999999999999999,0.48513907576818316,0.3288725522405983,0.2846418543434434
2019-09-04,1.0,0.40972248109894643,0.33201283578438867,0.2649481012445735
2019-09-05,1.0,0.3545040884200742,0.3352910904761098,0.2822991662637674
2019-09-06,0.9999999999999998,0.321250006142879,0.3346772575304347,0.28441808677737407
2019-09-09,1.0,0.30012056617184907,0.33166005726157244,0.3281403572163043
2019-09-10,0.9999999999999998,0.29193853625502025,0.3291137832025131,0.36662940446128767
2019-09-11,0.9999999999999999,0.29170367751342224,0.329501468361153,0.36931586285998774
2019-09-12,0.9999999999999999,0.27425147064392547,0.33098296984003256,0.3844443347898257
2019-09-13,0.9999999999999999,0.27163824542503917,0.3283317285273428,0.39762840770220115
2019-09-16,1.0,0.28468015940414937,0.3207563656626186,0.4027568397050021
2019-09-17,1.0,0.2942551111453116,0.3205279936830897,0.3974539630265391
2019-09-18,1.0,0.2731493506148962,0.3200929065554428,0.39458070916880494
2019-09-19,1.0,0.2860448435225526,0.3183520494480852,0.39030058411199126
2019-09-20,1.0,0.34086174845460526,0.3177552958127144,0.3937682837721113
2019-09-23,1.0,0.3045467838643477,0.31694410784789356,0.3796351898686696
2019-09-24,1.0,0.3732564596982311,0.3141222496689126,0.3681442976498955
2019-09-25,1.0,0.3311767772187453,0.3148405506534502,0.36522134614761714
2019-09-26,1.0,0.3245645325160077,0.31364158731906244,0.3652890614134101
2019-09-27,1.0,0.35100700005034047,0.3134469920203616,0.3627048416985521
2019-09-30,1.0,0.3047311456388277,0.3135430005871123,0.3587549055122716
2019-10-01,1.0,0.40750501905256487,0.31411059770147726,0.3369799422043615
2019-10-02,1.0,0.4628690348676137,0.3222064019414368,0.25333726543311597
2019-10-03,1.0,0.4022990652903244,0.3237985965051497,0.2507420500572793
2019-10-04,1.0,0.3312329530946508,0.3294991646906667,0.21302664038020164
2019-10-07,0.9999999999999998,0.37680076325496625,0.33240479186351946,0.20568784448615873
2019-10-08,1.0,0.4483437760215696,0.33499670521554287,0.14313184832777548
2019-10-09,1.0,0.3903647729450946,0.3405660986689062,0.1304082046079421
2019-10-10,1.0,0.35073029640312653,0.34521227857982284,0.12553214518993686
2019-10-11,1.0,0.2811314253012911,0.3483024747439283,0.11126052496565468
2019-10-14,1.0,0.2625992104697319,0.3482610538969971,0.10744455744286616
2019-10-15,1.0,0.2265857350896611,0.35013484809284556,0.0872679671144356
2019-10-16,1.0,0.23786420826996305,0.34847173388857267,0.0844045405168573
2019-10-17,0.9999999999999998,0.2554740712079126,0.34997158709525567,0.09264238471671614
2019-10-18,1.0,0.26095284591897533,0.3511429067321027,0.08034040582167502
2019-10-21,0.9999999999999999,0.24749966780681268,0.3545400918523433,0.07676884094218124
2019-10-22,0.9999999999999998,0.25942121573333793,0.35120479095315915,0.08561041001434555
2019-10-23,1.0,0.2448481772650838,0.3541307899714248,0.09426527413717266
2019-10-24,1.0,0.2527736170505022,0.35387336405437486,0.09714995698881314
2019-10-25,1.0000000000000002,0.22743684026602765,0.35391021563488567,0.11009832089381927
2019-10-28,1.0,0.23685708149077925,0.3529739198904961,0.10409110437592899
2019-10-29,0.9999999999999999,0.2556392023164156,0.3505306106235611,0.10187970101740026
2019-10-30,1.0,0.21946316641053312,0.34280277807086307,0.10554417507351163
2019-10-31,1.0,0.26537013573479573,0.34223883647051073,0.11519169467822041
2019-11-01,1.0,0.24501232267894257,0.342631742469432,0.13634924328466044
2019-11-04,1.0,0.24854341785394762,0.3415223350625458,0.15762807527639203
2019-11-05,1.0,0.267652182066951,0.3269964397869628,0.17696903449450047
2019-11-06,1.0,0.2728442046906378,0.32510348573970466,0.18013899987578108
2019-11-07,1.0,0.2713599830551881,0.3244242383694074,0.21541418573263757
2019-11-08,1.0,0.24248654595509933,0.32345021979869004,0.22682874551279367
2019-11-11,1.0,0.28515422307121624,0.3228225877367778,0.2249495134477581
2019-11-12,1.0,0.2921618743917357,0.3219627533473125,0.2313454499802876
2019-11-13,1.0,0.2961044650590906,0.31955247298893014,0.2477578488868753
2019-11-14,1.0,0.292929291560881,0.32104137281777906,0.24038572824808535
2019-11-15,1.0,0.2622960782607904,0.3181083155994181,0.25442401727110503
2019-11-18,0.9999999999999999,0.2686847416366646,0.3181797708899342,0.2471230437600099
2019-11-19,1.0,0.27690796605597523,0.3167510964402062,0.2534366278409865
2019-11-20,1.0,0.27629362834544463,0.3165951727305512,0.24299583355651314
2019-11-21,1.0,0.29037662192779096,0.3144993057432448,0.23957454315858512
2019-11-22,1.0,0.27328134503946644,0.31473148610806795,0.239549568707717
2019-11-25,1.0,0.2586936967928085,0.31198587176748155,0.23674642791763892
2019-11-26,0.9999999999999998,0.25107757028619265,0.3186360042573982,0.2502953000728964
2019-11-27,1.0,0.2590920838454591,0.3121987022304725,0.25125108074100017
2019-11-28,1.0,0.26068605519173194,0.3129332835851901,0.24659383705364024
2019-11-29,1.0,0.2816524470145393,0.3130514358414019,0.2610700800273083
2019-12-02,1.0,0.40190413537877095,0.3111145117403949,0.22377424546062677
2019-12-03,0.9999999999999998,0.4578254301602764,0.3123267657186,0.20422618247826566
2019-12-04,1.0,0.4232322269927911,0.313731322849972,0.22450484839227494
2019-12-05,1.0,0.4070941036987437,0.31357797933810844,0.25934977330767817
2019-12-06,1.0,0.34865611033180266,0.3167626758711301,0.23146191832715707
2019-12-09,0.9999999999999998,0.44725466180683654,0.3171055746448856,0.2232161455196121
2019-12-10,1.0,0.44287670104078597,0.31788061834040765,0.21619294892195864
2019-12-11,1.0,0.3958358016890888,0.31594962311998104,0.22679890598923602
2019-12-12,1.0,0.3204202366985273,0.317123423942873,0.23571128216656154
2019-12-13,1.0000000000000002,0.2860067819962809,0.313578405944161,0.2519370944289369
2019-12-16,1.0000000000000002,0.2651908645272235,0.31560016193066087,0.2294201317524067
2019-12-17,1.0,0.2775110808602783,0.3141562545452386,0.22978566679691412
2019-12-18,1.0,0.284434453409411,0.3122655077286662,0.23957849741914414
2019-12-19,1.0,0.25392726841626795,0.3146117437331407,0.2377124253708533
2019-12-20,1.0,0.27118139414734665,0.3147080107649043,0.24530977182966252
2019-12-23,0.9999999999999998,0.2735997058284592,0.3152156740647986,0.24340626646672842
2019-12-24,0.9999999999999998,0.27619040103439085,0.3151693173655907,0.23297735981619133
2019-12-25,1.0,0.27616903362494427,0.31610572581010254,0.2233867913041608
2019-12-26,1.0,0.23255679366605406,0.3163980896865893,0.2224829750881603
2019-12-27,0.9999999999999999,0.23381023539217266,0.3156596644732793,0.3242879170294658
2019-12-30,1.0,0.30915286767944716,0.3171017367795754,0.3297539648461592
2019-12-31,1.0,0.2563794404925563,0.31737228851588206,0.31319073054938534
2020-01-01,1.0,0.2563735868224792,0.31837991488268397,0.27701536963664253
2020-01-02,1.0,0.20208736946769487,0.32130808113393006,0.27573966794430504
2020-01-03,0.9999999999999999,0.2602558587425083,0.32315487788435443,0.2651616094231359
2020-01-06,1.0,0.25135422141146585,0.32388602745251693,0.3056984380178141
2020-01-07,1.0,0.2542507794806375,0.3229492663143833,0.2960182224040899
2020-01-08,1.0,0.2274107140342048,0.3227598615758554,0.29756086855461567
2020-01-09,1.0,0.19463045911604734,0.32439070369133827,0.2928756441012441
2020-01-10,0.9999999999999998,0.198599877299495,0.32650711996752285,0.2924820815152732
2020-01-13,1.0,0.1891551669741072,0.3270598991697155,0.27932237224877504
2020-01-14,1.0,0.1972212628550147,0.3262832767261337,0.27748193521565073
2020-01-15,1.0,0.18924232173865194,0.325216094904561,0.2809154767511313
2020-01-16,0.9999999999999999,0.19083051211031976,0.3288882283876917,0.27256316206873626
2020-01-17,1.0,0.18725827708943685,0.3298800559250429,0.27559340922739634
2020-01-20,1.0,0.18738429838737003,0.33580907665790255,0.2716178158812387
2020-01-21,0.9999999999999999,0.2074071533260959,0.33575682901928716,0.27225294065083605
2020-01-22,1.0,0.21786896072071005,0.3355644793138586,0.2766136055320129
2020-01-23,0.9999999999999998,0.20727280556263228,0.3324634538711309,0.28690751855459
2020-01-24,1.0,0.27044155873262105,0.3334543812307396,0.42991418225916517
2020-01-27,1.0,0.3862426960206047,0.34027587475059723,0.44826859859704193
2020-01-28,1.0,0.34184933829897707,0.31495470488450555,0.4302591773231584
2020-01-29,1.0,0.3665912023729329,0.31247583866573286,0.5291577951164177
2020-01-30,1.0,0.33108770484007244,0.3094004935194067,0.514834430067766
2020-01-31,1.0,0.4133220695933746,0.29775722180742586,0.6107856971334032
2020-02-03,1.0,0.3991357272195057,0.2954744748101201,0.6029231223398932
2020-02-04,1.0,0.338637247860026,0.2992127998483144,0.6406732700666646
2020-02-05,0.9999999999999999,0.2943109380193824,0.29434793619859223,0.6569215546518127
2020-02-06,1.0,0.28570268453065606,0.27000686582082645,0.6525366712551683
2020-02-07,1.0,0.3144621393225956,0.27200346554421956,0.7129266812805216
2020-02-10,1.0,0.2664039536643411,0.26741247924518097,0.7155780282417057
2020-02-11,1.0,0.26667435824733,0.26136003173486255,0.7196886556086353
2020-02-12,1.0,0.23064111263176673,0.26062602839446375,0.7749524549584079
2020-02-13,0.9999999999999999,0.2548393909202348,0.25845122337710963,0.7786845945135952
2020-02-14,1.0,0.25908413944003633,0.2575363526604599,0.7913007179961079
2020-02-17,1.0,0.2586669703004911,0.23793358552716706,0.7845254778712974
2020-02-18,1.0000000000000002,0.27889292768281426,0.235415415028218,0.7692244454688274
2020-02-19,1.0,0.26612759283339193,0.23743440454766648,0.742972853983344
2020-02-20,1.0,0.3027176817578896,0.23859235706425785,0.7170273238610166
2020-02-21,1.0,0.335349516501507,0.2357692132073255,0.699617736692989
2020-02-24,0.9999999999999999,0.5770816836983684,0.28083709994227235,0.7254133177041487
2020-02-25,0.9999999999999999,0.59459919367521,0.29953816838473735,0.708246122111236
2020-02-26,1.0,0.6269202902039821,0.29698700316797266,0.7150714547859244
2020-02-27,1.0,0.8937738386215291,0.34046435826007615,0.7068364947030298
2020-02-28,0.9999999999999999,0.6515118090178229,0.3344969961980586,0.7131233603373233
2020-03-02,1.0,0.5883151133409369,0.3764588266744484,0.7078339011109793
2020-03-03,1.0,0.7120206545329697,0.381201668681114,0.7091291185831449
2020-03-04,0.9999999999999998,0.6366036201217596,0.4113871824086606,0.7043749518296389
2020-03-05,1.0,0.7038775398244818,0.41960497265849733,0.7006351771279893
2020-03-06,0.9999999999999999,0.6300903881454054,0.42452781651507765,0.713557224006281
2020-03-09,1.0,0.7753381384976075,0.4884091532140502,0.6954705489670647
2020-03-10,0.9999999999999999,0.728948658385688,0.5037665654239936,0.7016659914846918
2020-03-11,0.9999999999999998,0.770327173710938,0.5157306756386385,0.6919716295675379
2020-03-12,1.0000000000000002,0.9316780036249795,0.5925070393941554,0.6544298335702203
2020-03-13,1.0000000000000002,0.659171921186847,0.6203678285739779,0.6578295276489473
2020-03-16,1.0,0.9166744888563483,0.6519314045027199,0.582322499274716
2020-03-17,1.0,0.9167454945851506,0.6548361516582046,0.5951421943368141
2020-03-18,1.0,0.750285207878649,0.6502799006438666,0.5775474377385398
2020-03-19,1.0,0.7582144960511,0.636561656017758,0.5976581904461364
2020-03-20,0.9999999999999998,0.721509921015758,0.6214295284534569,0.6034457143235543
2020-03-23,1.0000000000000002,0.7336408597777833,0.6115622596239186,0.6361949228382802
2020-03-24,1.0,0.8970978818833947,0.6362054448305654,0.579778247641381
2020-03-25,1.0,0.864479769303754,0.6230243003752769,0.6119983182735045
2020-03-26,0.9999999999999999,0.863955548991249,0.6305986317536196,0.5910821401993118
2020-03-27,1.0,0.8809930746056164,0.6258393902755758,0.5724778545999802
2020-03-30,1.0,0.7802821995766785,0.6283647108809276,0.5668458897224773
2020-03-31,1.0,0.7313630305930591,0.6250801809410584,0.5604933837578653
2020-04-01,1.0,0.8163656409164172,0.6268195288822916,0.5014696696683812
2020-04-02,1.0,0.7371796228882355,0.6272518083425211,0.529597279627817
2020-04-03,1.0,0.6373248286945048,0.6257592503006626,0.513291808957968
2020-04-06,1.0,0.7134673936789884,0.639773513494453,0.4094716117805489
2020-04-07,0.9999999999999999,0.7724237356243772,0.6358917667607334,0.41749765222829244
2020-04-08,1.0,0.6912383332785477,0.638102532044454,0.4074436319960303
2020-04-09,1.0,0.6598853505234031,0.636224881234742,0.42192844700369436
2020-04-10,1.0,0.6582853222078855,0.6364872833663511,0.4165509910677357
2020-04-13,1.0,0.6425835429991739,0.6321324765873845,0.4392517734245621
2020-04-14,0.9999999999999999,0.5962899991697768,0.6337230094698796,0.4206019017058565
2020-04-15,1.0,0.622913775554495,0.6331828148395511,0.40217182840878457
2020-04-16,0.9999999999999999,0.580835339589285,0.6313342183704872,0.41140109132453667
2020-04-17,1.0,0.5344605885880838,0.6307430814508568,0.43033875375962577
2020-04-20,1.0,0.6836276261712332,0.6291072289162722,0.425357144127284
2020-04-21,1.0,0.6844935605731294,0.6310230395651838,0.3693204592058983
2020-04-22,0.9999999999999998,0.6501471792552025,0.6330639279987585,0.35992822381831285
2020-04-23,1.0,0.6713622382969797,0.6323070770966637,0.3635259355611332
2020-04-24,1.0,0.5472558424685107,0.6337584060655567,0.3656439999226162
2020-04-27,1.0,0.5053931908723681,0.633267636053986,0.35475644944982726
2020-04-28,1.0,0.5439394789180267,0.6315078100371606,0.35252377177589955
2020-04-29,0.9999999999999999,0.5066256814405699,0.6322432883316582,0.32887114593254374
2020-04-30,1.0,0.5859662105200216,0.62962589336616,0.3334360903615904
2020-05-01,1.0,0.682866308276638,0.6290085527145249,0.2805184455398602
2020-05-04,1.0,0.666784990285357,0.6284274708215423,0.29435695731620176
2020-05-05,1.0,0.6689028533946724,0.6280007706852578,0.2964104218216516
2020-05-06,0.9999999999999998,0.6876614096470876,0.627123810801605,0.29795060677473634
2020-05-07,1.0000000000000002,0.6276819463530984,0.6268042694230057,0.329893524513689
2020-05-08,1.0,0.49678032569002417,0.6272470735269725,0.3223650596594076
2020-05-11,0.9999999999999999,0.5111819971537201,0.6271329247821708,0.3138487204409048
2020-05-12,1.0,0.7324809352816078,0.6252535038556888,0.26147326932195525
2020-05-13,1.0,0.737678834106116,0.6247565820779418,0.4615318249847709
2020-05-14,1.0,0.6019404833822245,0.6258666328454129,0.4670333598034742
2020-05-15,1.0,0.6051218586252729,0.6251343496280067,0.4725011812733912
2020-05-18,1.0,0.5639421542394825,0.6251118527815748,0.4613855715881534
2020-05-19,1.0,0.6163171779681397,0.6231636064198938,0.4575867633095396
2020-05-20,1.0,0.5488937323976117,0.624334055107481,0.4518236627258005
2020-05-21,1.0,0.5919962964429722,0.6240833044951032,0.44248036621976267
2020-05-22,1.0,0.5521613843036358,0.6244961812879365,0.43890294429420335
2020-05-25,1.0,0.559679588215919,0.6237458243171121,0.4362984268670657
2020-05-26,0.9999999999999999,0.5477741065606778,0.6214656036706138,0.4906283315302062
2020-05-27,1.0,0.5218101664158463,0.6208934762737612,0.5053846049092244
2020-05-28,1.0,0.5484246258796991,0.6177024926761067,0.5319057866114512
2020-05-29,1.0,0.5139010493710789,0.6172172791321324,0.5415022100295618
2020-06-01,1.0,0.5471266384770546,0.6152203366207457,0.5487237926122736
2020-06-02,1.0,0.5163234200866662,0.6152469578251547,0.5384392954601139
2020-06-03,0.9999999999999999,0.49109249325823096,0.6134196875134657,0.5476915551090867
2020-06-04,1.0,0.5108119841188438,0.6121170460767722,0.5602176009488707
2020-06-05,1.0,0.4551699435348637,0.6139175205395835,0.5601223902632988
2020-06-08,1.0,0.4616590736781821,0.6134580728183796,0.5625064737484208
2020-06-09,0.9999999999999999,0.5265410770517542,0.6118408524823512,0.573584892007892
2020-06-10,1.0,0.5282644136568267,0.6103230864113649,0.5805853989498572
2020-06-11,1.0,0.7656452999922989,0.6154805565638868,0.38164935657206644
2020-06-12,0.9999999999999998,0.6226271449731832,0.6169676517383299,0.38481214563809785
2020-06-15,1.0,0.5807004202453354,0.6173179482697387,0.3860667033382294
2020-06-16,1.0000000000000002,0.6149672236798014,0.6167759698680569,0.3591322663737257
2020-06-17,0.9999999999999999,0.6482845996669075,0.6152326180208525,0.3667731335814317
2020-06-18,1.0,0.6197407476755677,0.6149252401081432,0.3637265941368237
2020-06-19,0.9999999999999998,0.7047706961071403,0.6133044914067166,0.36013849482046817
2020-06-22,1.0,0.571149288300698,0.6139176620736586,0.3543066527697873
2020-06-23,1.0,0.5808460383886855,0.61347071825806,0.3513448305873647
2020-06-24,1.0,0.636568602543457,0.6136138813301716,0.30671388554097334
2020-06-25,1.0,0.5426569100201998,0.614242840038456,0.2976949781647472
2020-06-26,1.0,0.5752502093891467,0.6118676792826331,0.23955836337208078
2020-06-29,1.0,0.4888291524179625,0.6128803042809471,0.24828805544169336
2020-06-30,1.0000000000000002,0.48184825060244646,0.6138161253515767,0.24149746731900648
2020-07-01,1.0,0.4443982802709409,0.6122917973154468,0.2459052674322697
2020-07-02,1.0,0.44272650440742967,0.6113415956855266,0.2070871892608082
2020-07-03,0.9999999999999999,0.44226004061339586,0.6116302733023078,0.20085242806695353
2020-07-06,0.9999999999999999,0.41313121216789717,0.6106643085327345,0.165038318181645
2020-07-07,1.0,0.4550008683545917,0.6097876837994628,0.1524284267941745
2020-07-08,1.0,0.39705775233443824,0.6106671552866566,0.14832278929095133
2020-07-09,1.0,0.4069897685329048,0.6100535476962156,0.15612816097399684
2020-07-10,1.0000000000000002,0.33462040205622434,0.6086087134433822,0.155857241445771
2020-07-13,1.0,0.42733505693367474,0.6063192517366133,0.14692541380023005
2020-07-14,1.0,0.3504454918096324,0.6068372510119822,0.17041246998770757
2020-07-15,1.0,0.3327769141695029,0.6057286579693336,0.1702044484312828
2020-07-16,1.0,0.34131876507993214,0.6059306236261642,0.16722900828666282
2020-07-17,1.0,0.32443892159629667,0.605746737990091,0.16799785685462174
2020-07-20,1.0,0.29773320067449416,0.6037456427373057,0.16119621688379016
2020-07-21,0.9999999999999999,0.32641865188056934,0.6019274076227438,0.16946479719974167
2020-07-22,1.0,0.3102203928186982,0.6024023516257778,0.1684744096465186
2020-07-23,1.0,0.3819141321648317,0.6008514570287811,0.13604379640911576
2020-07-24,0.9999999999999999,0.37253424834307947,0.6006117457223896,0.13771635469282245
2020-07-27,1.0,0.349080371536667,0.6016162246204854,0.1308822008312095
2020-07-28,0.9999999999999999,0.38476421347166084,0.6012457518329853,0.12245734337535848
2020-07-29,1.0,0.3460183503398491,0.601895806986843,0.11495957334787395
2020-07-30,1.0,0.3650220298819706,0.6026199611743409,0.11030114900988265
2020-07-31,1.0,0.3764142010260983,0.6000805473331757,0.13583303843247851
2020-08-03,0.9999999999999999,0.35287831151550986,0.6000136087220171,0.13709567185285723
2020-08-04,0.9999999999999999,0.35516180681051157,0.5987182231857433,0.14449638246188937
2020-08-05,1.0,0.33298569505943565,0.5990592215741891,0.3078474773263827
2020-08-06,0.9999999999999998,0.319301361785664,0.5996196479639326,0.3222789053658423
2020-08-07,0.9999999999999999,0.28319279714626494,0.5991901555880199,0.32756865108006833
2020-08-10,1.0,0.286683531270776,0.5990179988089678,0.3939878361731063
2020-08-11,1.0,0.35252114385645644,0.5964412995329362,0.4282992921718635
2020-08-12,1.0,0.32427338508078457,0.5970668717498387,0.4258819933871114
2020-08-13,1.0,0.32537131007207937,0.5965401857662855,0.4287677151049967
2020-08-14,1.0000000000000002,0.31233992200064725,0.5970063514686572,0.43073856781692815
2020-08-17,1.0,0.307061038850728,0.595922562863246,0.4322415419827115
2020-08-18,1.0,0.32323495200686736,0.5919045081677273,0.43405326404151867
2020-08-19,1.0,0.3471661304561876,0.5907380637752542,0.43769064243189504
2020-08-20,1.0,0.33832230466650404,0.591442897810645,0.4531340271765285
2020-08-21,0.9999999999999999,0.2853736712601967,0.5864511122498125,0.4352291263234535
2020-08-24,1.0,0.2688945051411018,0.5885444883502169,0.4251575812427051
2020-08-25,0.9999999999999998,0.27200990216214765,0.5851391525802745,0.44155391301932256
2020-08-26,1.0,0.2630731932015615,0.5824210567406617,0.4433060251806602
2020-08-27,1.0,0.25907540247190586,0.5788103826194709,0.4659176259774236
2020-08-28,1.0,0.21804680653336014,0.577526881172431,0.48268966198041907
2020-08-31,0.9999999999999998,0.2743454355357624,0.5747900316410899,0.49441166721677565
2020-09-01,1.0,0.2619327671645749,0.559815921397648,0.501443483477667
2020-09-02,1.0000000000000002,0.2525528137298034,0.5583190783677361,0.5054516222142876
2020-09-03,1.0,0.35096060140918567,0.5534034124013135,0.4515451968474933
2020-09-04,1.0,0.32032395683188525,0.520086237848527,0.47523763071105163
2020-09-07,1.0,0.3237777928212894,0.5068370842814827,0.48184674505095687
2020-09-08,1.0,0.38454574778961204,0.4582554377210368,0.44941426263890055
2020-09-09,1.0,0.3890200601950331,0.45569389379228925,0.42086060155226174
2020-09-10,1.0,0.43687250161150337,0.4482253705354574,0.4056592614729809
2020-09-11,1.0,0.4175281964527486,0.45695416427581453,0.4172622540613024
2020-09-14,1.0,0.38148200073374483,0.4591361057239143,0.4145763912546824
2020-09-15,1.0000000000000002,0.3731982974773831,0.4634590753424916,0.421926369521747
2020-09-16,1.0,0.3677261555102525,0.4165761520110468,0.42399340499143595
2020-09-17,0.9999999999999999,0.357548332358386,0.4265080097921228,0.40797417455805984
2020-09-18,1.0,0.36748377057681103,0.4117761161502429,0.4159989894411867
2020-09-21,1.0,0.3886650342830987,0.4039419699884032,0.4340425722811189
2020-09-22,1.0,0.3881225000856422,0.40024692560697184,0.4408318701204978
2020-09-23,0.9999999999999998,0.4318109099487456,0.40402349910174695,0.3828346504149772
2020-09-24,1.0,0.4235560543184258,0.3889612531615236,0.3823598994680987
2020-09-25,0.9999999999999999,0.37742684811075633,0.391705867141103,0.3997128531507532
2020-09-28,1.0000000000000002,0.37494613659908177,0.3922468604082277,0.3621938223660614
2020-09-29,1.0000000000000002,0.39650123998565745,0.3546984222737354,0.464948198106004
2020-09-30,0.9999999999999999,0.39876766664610375,0.35694430762733237,0.4694418575876845
2020-10-01,1.0,0.3789070801956748,0.3545418713228167,0.45343551151198735
2020-10-02,1.0,0.3749119866868018,0.35758956393045327,0.4505331311026865
2020-10-05,1.0,0.43266017015925634,0.3599607494613428,0.4491019845884709
2020-10-06,0.9999999999999998,0.4687396722837665,0.3659935850331807,0.4457572488078044
2020-10-07,0.9999999999999998,0.4232061347277027,0.3590017700901024,0.455253302914378
2020-10-08,0.9999999999999998,0.37898781722620317,0.3567715770348324,0.45110105206891865
2020-10-09,1.0,0.3406191750156599,0.36056788769598863,0.3481103797827799
2020-10-12,1.0,0.32475688802373887,0.3630244363699343,0.3291642534088505
2020-10-13,0.9999999999999999,0.3653434756119005,0.3616705721962225,0.3329568809812457
2020-10-14,1.0,0.3761086692723705,0.3482914894740878,0.33392633118994025
2020-10-15,0.9999999999999999,0.3770227802759949,0.34395507731085984,0.335403874999022
2020-10-16,1.0,0.4057337926405124,0.34391462277624707,0.3360603847192215
2020-10-19,0.9999999999999999,0.4380965356690351,0.3450361524139634,0.31976780718432385
2020-10-20,1.0,0.46016907790338135,0.3456406632939903,0.3214735753145536
2020-10-21,1.0,0.4534010305835749,0.3454920242595811,0.3242311970673289
2020-10-22,1.0000000000000002,0.44605889957451883,0.3406913059257388,0.3298677539280372
2020-10-23,1.0,0.4361272311568191,0.343383838058526,0.32650468109157826
2020-10-26,1.0000000000000002,0.5444810582218463,0.33790855688076415,0.3126133686302984
2020-10-27,1.0000000000000002,0.5873700440726236,0.34052894991256566,0.31781696432875733
2020-10-28,1.0000000000000002,0.7190614518861139,0.3555163807754892,0.2153655659955405
2020-10-29,0.9999999999999999,0.6805925101057528,0.35781841483981847,0.21935522134983068
2020-10-30,1.0,0.6683899375185591,0.3576436998007746,0.19968553505290312
2020-11-02,1.0,0.6562405738553679,0.3555125111373809,0.20166027391717936
2020-11-03,1.0,0.6458961186457975,0.3598156344685718,0.18405227141858724
2020-11-04,1.0,0.5535459442404416,0.361082971689565,0.15936966586262052
2020-11-05,1.0,0.5109859513291127,0.3629332405151989,0.12290900128801
2020-11-06,1.0,0.4476609277397797,0.36350780292985746,0.12296466454377472
2020-11-09,1.0,0.4594644219963702,0.34339836678120184,0.1848367378901602
2020-11-10,1.0,0.4061098008989909,0.3338688589223873,0.21562006070113027
2020-11-11,0.9999999999999999,0.3900084719428692,0.33507441290199524,0.20995296943378192
2020-11-12,0.9999999999999998,0.4174351252945015,0.33388540437366754,0.18596171214054177
2020-11-13,1.0,0.37221833147397737,0.33308982035187185,0.17202170937429453
2020-11-16,1.0000000000000002,0.36171262289831624,0.3318818706438016,0.1655361653409065
2020-11-17,1.0,0.3803580081774034,0.33082157225366654,0.1596489508407204
2020-11-18,1.0,0.42314330800886196,0.3327174848403175,0.14690099211469382
2020-11-19,1.0,0.3967412809901056,0.33448974490132627,0.1490164740615628
2020-11-20,1.0,0.4404751857326996,0.3366369823828205,0.13726759064638946
2020-11-23,1.0,0.3789138994368283,0.33507267634711463,0.1463464951122449
2020-11-24,1.0,0.3445961610477578,0.33569081606575646,0.11742373658676551
2020-11-25,1.0,0.3274368299511758,0.33548466300679075,0.12265463699483733
2020-11-26,1.0000000000000002,0.33179871742157613,0.3358886554167824,0.12337526799523033
2020-11-27,1.0,0.3089597864463,0.3368849718009054,0.13444793310395528
2020-11-30,1.0,0.2871379388166234,0.3329900691357734,0.1271340957637666
2020-12-01,1.0,0.3155625543362189,0.3347318487253059,0.09793894567893875
2020-12-02,0.9999999999999999,0.31682585783484213,0.3347104198898198,0.10122920710741268
2020-12-03,1.0,0.32815967078467795,0.33628143804515476,0.10413024397692366
2020-12-04,1.0,0.27562010537668435,0.29976817497389296,0.11457807436496312
2020-12-07,1.0,0.30764915565359496,0.3002745080030885,0.12089934385677566
2020-12-08,1.0,0.2881841257356927,0.30092192244764115,0.10119334960450273
2020-12-09,1.0,0.3238852265518858,0.29718612522880977,0.11925115267419575
2020-12-10,1.0,0.3312156608610885,0.29734131099357863,0.12082925591799162
2020-12-11,1.0,0.33187269242545486,0.2963147919874938,0.13673780191602164
2020-12-14,0.9999999999999998,0.39650664702664656,0.2964826495472356,0.14021795597169343
2020-12-15,1.0,0.3408412649821796,0.2970615139743944,0.13030326766239922
2020-12-16,1.0,0.318029090599127,0.29655421773009294,0.1316536863931173
2020-12-17,1.0,0.2983655502346501,0.28895134255230415,0.14008618400771466
2020-12-18,1.0,0.2833377966529841,0.28853432801130646,0.14437917677157985
2020-12-21,1.0000000000000002,0.37307926067992797,0.28213406045410455,0.15606345138605288
2020-12-22,0.9999999999999999,0.3690249072234248,0.2817575167485629,0.1770206872089718
2020-12-23,1.0,0.36003416160897483,0.2780766389751273,0.1702841341973443
2020-12-24,1.0,0.29189863902946855,0.27926869510903285,0.16886094341215616
2020-12-25,1.0,0.29193728351275305,0.2795321486745008,0.1612051185295246
2020-12-28,1.0,0.26625606819090447,0.2804512939796891,0.15028630887150915
2020-12-29,1.0,0.3155693347561652,0.27426559723342986,0.23817491533583807
2020-12-30,1.0,0.3122500115744009,0.2723843768074376,0.2259281672217918
2020-12-31,1.0,0.2897414969472417,0.27198966999109686,0.26820391400181093
2021-01-01,1.0,0.2897362194038827,0.2738691990192494,0.2874654992227848
2021-01-04,1.0000000000000002,0.36733405244311135,0.2735405016574323,0.29869865089362674
2021-01-05,1.0,0.34286913938747055,0.27303890794987173,0.2865739215296066
2021-01-06,1.0000000000000002,0.3229167293519243,0.2662624753679995,0.30865112832272856
2021-01-07,1.0,0.25860091006527175,0.2701723713182242,0.29155252348692007
2021-01-08,1.0,0.22610051878989018,0.2691338289482467,0.2934046735004562
2021-01-11,1.0,0.284769708607654,0.26845006064078153,0.2967986596006912
2021-01-12,1.0,0.26790771724233897,0.2668666158442944,0.30137687460765306
2021-01-13,1.0000000000000002,0.24246737520434974,0.2678322641625525,0.30141371939611883
2021-01-14,1.0,0.2600361615390722,0.2655437457309096,0.310397670025378
2021-01-15,1.0,0.3011226011335979,0.26449558365307985,0.30371753558962394
2021-01-18,0.9999999999999998,0.30129151517296127,0.2672731509105883,0.2965218786422031
2021-01-19,0.9999999999999999,0.279704581437201,0.26779632207446924,0.2902637476711678
2021-01-20,1.0,0.23679430039539395,0.26908914396454897,0.2878275559238153
2021-01-21,1.0,0.22611779897000392,0.26856941353933367,0.2884547898126279
2021-01-22,0.9999999999999998,0.22502484126279493,0.26966759474726176,0.2910644345399346
2021-01-25,1.0,0.2226005017962385,0.2766257138610792,0.2966236690154862
2021-01-26,1.0,0.2247403119330647,0.2771779428135048,0.30433604017882243
2021-01-27,1.0000000000000002,0.5190512031011608,0.2863704008792091,0.2831763707231831
2021-01-28,1.0,0.38514014752123393,0.2846006095231044,0.2861466963801359
2021-01-29,1.0,0.4620728618509289,0.29142246756904927,0.2866289240774949
2021-02-01,1.0,0.38092226724824424,0.29634423975338453,0.27540826576582855
2021-02-02,1.0000000000000002,0.3098301598042212,0.2985313862783322,0.2772631042728917
2021-02-03,1.0,0.2815784872463518,0.29677551298683424,0.30783290766542015
2021-02-04,1.0,0.27651474813088833,0.29228731029621247,0.3194225415675929
2021-02-05,1.0,0.2711037454686656,0.2923779196462374,0.3034425993591249
2021-02-08,0.9999999999999998,0.253161825517038,0.29122756014506246,0.32302444419644377
2021-02-09,1.0,0.2676535113340962,0.29209427475549005,0.3204075527425937
2021-02-10,1.0000000000000002,0.27737894468994906,0.29245756975563164,0.3295804305358954
2021-02-11,1.0000000000000002,0.2687031938534675,0.2918605257250411,0.33348448518766816
2021-02-12,1.0,0.25449184006602654,0.2927180268031072,0.32680750402368114
2021-02-15,1.0,0.251870578416539,0.29326765018550544,0.32065543331151924
2021-02-16,1.0,0.26337143580911443,0.29191057802469117,0.32185381004773644
2021-02-17,1.0,0.2506177638423168,0.2909931760433199,0.3334297436567254
2021-02-18,1.0,0.30047445801523975,0.29265717136586133,0.3263060647890733
2021-02-19,0.9999999999999999,0.31064516640699613,0.29203514009897086,0.3332230033493587
2021-02-22,1.0,0.3212114585081494,0.29018931730888964,0.32810896512602916
2021-02-23,1.0,0.3129057743267258,0.2916159853511139,0.33264850808442553
2021-02-24,1.0,0.2517617650229423,0.29255243955232096,0.33485569410175486
2021-02-25,1.0,0.40174579442379227,0.2957352222448062,0.3177125754656121
2021-02-26,0.9999999999999999,0.4474721423910326,0.2821728421488606,0.33079581173708783
2021-03-01,1.0,0.31084114074426533,0.28846805909130746,0.28863275027489804
2021-03-02,1.0,0.35484837947575687,0.28808774846537466,0.2781695989336867
2021-03-03,1.0,0.41671017960073486,0.2780889419544035,0.26587200926124854
2021-03-04,1.0,0.4479932953989648,0.27568018574568015,0.24047388024576913
2021-03-05,1.0,0.3298583756328308,0.2739548371792839,0.25310574799067637
2021-03-08,1.0,0.35730369969858106,0.2704243221982905,0.25540441161216926
2021-03-09,1.0,0.3583820992109698,0.2729972855036661,0.24185042994490677
2021-03-10,1.0,0.30504786222833746,0.2720260323834762,0.2491427426257538
2021-03-11,1.0,0.2879273661200969,0.27413006882289825,0.24141079920664263
2021-03-12,1.0,0.25046306030772186,0.2711088806849813,0.24117204261516553
2021-03-15,1.0,0.24572676989920852,0.2696993048323637,0.24441769068091362
2021-03-16,1.0,0.26869039592638083,0.2706335588048124,0.24985857278360354
2021-03-17,1.0,0.2509469026724773,0.27190110942218293,0.26296155451366365
2021-03-18,1.0,0.2690954445377995,0.26546394952914887,0.2165330685538182
2021-03-19,1.0,0.2914871068187005,0.26561759020838543,0.23584417803411664
2021-03-22,1.0,0.2577190529775592,0.2654698738459741,0.25609189985092645
2021-03-23,1.0,0.3053617689433493,0.2625754837268639,0.2436330756115013
2021-03-24,1.0,0.32082911945868753,0.26282346293920766,0.24042568005983864
2021-03-25,1.0000000000000002,0.2693764970523516,0.2604885425830138,0.2514429501833661
2021-03-26,1.0,0.21554363343951286,0.2633344717446636,0.22750720280331144
2021-03-29,1.0,0.2610617163888236,0.26061526524666556,0.23381572412687246
2021-03-30,1.0000000000000002,0.25015221798098164,0.2559953167262487,0.22236731009861258
2021-03-31,1.0,0.260159215630487,0.2535086984559537,0.2142603793464886
2021-04-01,1.0,0.21343483486818926,0.25341521831926445,0.21350944133197816
2021-04-02,1.0000000000000002,0.21359454254179014,0.253500402119261,0.20403515256022997
2021-04-05,0.9999999999999998,0.21548182856271547,0.2558561552725143,0.190514478679884
2021-04-06,0.9999999999999999,0.22628235636145685,0.25317202317496906,0.18675874800872516
2021-04-07,1.0,0.20663953767188478,0.2537937135843238,0.19874185516465934
2021-04-08,1.0,0.2100577309381075,0.25393771305320234,0.20399715130653528
2021-04-09,1.0,0.20782982420383694,0.25423165255424185,0.2300680508842122
2021-04-12,1.0,0.21045217028609414,0.2547145090418871,0.23289433127457634
2021-04-13,0.9999999999999999,0.20540248316885287,0.25113376857565695,0.29474236210026683
2021-04-14,1.0,0.21555331983276993,0.2505245590300907,0.3047415711755501
2021-04-15,1.0,0.2083499771112846,0.2530639417267383,0.33536414878983517
2021-04-16,1.0,0.2078574919281994,0.25369824450120637,0.330607185196909
2021-04-19,1.0,0.23168256240925858,0.2542607332500743,0.3269660621369488
2021-04-20,0.9999999999999999,0.2688466655046933,0.2507950813378075,0.32257406096490276
2021-04-21,1.0,0.24078543032029964,0.25250499513269586,0.3456736767178871
2021-04-22,0.9999999999999998,0.2857941295651355,0.22944727925532196,0.3442010962676782
2021-04-23,1.0,0.253245113088777,0.2309292552514399,0.3496790160846077
2021-04-26,1.0,0.2505313534547922,0.2299019662611367,0.35412533326428247
2021-04-27,1.0,0.2586584991271122,0.22961278511449504,0.3561042992803739
2021-04-28,1.0,0.2693500717819786,0.22318971716398203,0.36283945840394094
2021-04-29,1.0,0.2943055400374332,0.2166503715091096,0.379122928631196
2021-04-30,1.0000000000000002,0.33391438754780334,0.2101513891991155,0.38302485272454107
2021-05-03,1.0,0.32388344464835767,0.20953093489983493,0.3802382237480832
2021-05-04,1.0,0.35502123756817583,0.2268455724267638,0.37361251399455814
2021-05-05,1.0,0.35934408090646724,0.22872857956155165,0.3815728580551415
2021-05-06,1.0000000000000002,0.3068240696227276,0.229436962304207,0.39154421844162224
2021-05-07,0.9999999999999999,0.25211483077446223,0.22838631924445624,0.3786259162432968
2021-05-10,1.0,0.35067183370009547,0.2276639753815546,0.3693475601979833
2021-05-11,0.9999999999999999,0.40930499936862713,0.22867304158021182,0.3645615783527421
2021-05-12,0.9999999999999999,0.5352938924495475,0.2368693144570493,0.26417735962251093
2021-05-13,0.9999999999999999,0.44418192203185397,0.23826743795253427,0.2637248660603304
2021-05-14,1.0,0.31992220258721715,0.24442441461681788,0.19296535856870395
2021-05-17,1.0,0.334506313389029,0.24274326035922678,0.19617483858554247
2021-05-18,1.0,0.4196556204561334,0.2446618093165277,0.1946568999981455
2021-05-19,1.0000000000000002,0.4076317087582445,0.24319308133707468,0.1753518314746171
2021-05-20,1.0,0.37237444210259485,0.24778937798448314,0.1960459748682003
2021-05-21,1.0,0.3618790012235178,0.2467261609776337,0.2106268573600819
2021-05-24,1.0000000000000002,0.32706087767886655,0.2498802926069815,0.19226406006483454
2021-05-25,1.0,0.35520489596472543,0.25071109822144716,0.19056618586667678
2021-05-26,1.0,0.3075454459012039,0.2485255171006531,0.19598032137760354
2021-05-27,1.0,0.281997642215676,0.24852790379615317,0.19539822958354608
2021-05-28,1.0,0.27312019722712894,0.24880960704324442,0.18944578861569192
2021-05-31,1.0,0.2715004729023273,0.24917430492935025,0.18520300520904256
2021-06-01,1.0,0.3076862491389069,0.24865360739232753,0.1916576195588714
2021-06-02,1.0000000000000002,0.29582564586854976,0.2487258855556923,0.19137556362353836
2021-06-03,1.0,0.3146426645310366,0.24667435970873886,0.19416808650781475
2021-06-04,1.0,0.25750756596153485,0.24783653700232855,0.17404243423552362
2021-06-07,1.0,0.25585163615579515,0.24883888583395586,0.16807345037901295
2021-06-08,1.0,0.2886268363558613,0.25036431383233204,0.16358008463051335
2021-06-09,1.0,0.3213898838482487,0.2503907056452513,0.1889434164272074
2021-06-10,1.0,0.26348529244620944,0.2515290595014906,0.2078871851620176
2021-06-11,1.0,0.25378693515210937,0.25185160857610944,0.20677440750839002
2021-06-14,0.9999999999999999,0.2711782836263327,0.2536170963535415,0.2075972971961597
2021-06-15,1.0,0.2903836700569546,0.25452610978301116,0.202974067338651
2021-06-16,0.9999999999999998,0.34191119286311755,0.25611899629293383,0.2020187449150857
2021-06-17,1.0,0.317506787961022,0.2570910653650668,0.2317165987741811
2021-06-18,1.0,0.4285469877956365,0.2610351067005914,0.23891022676590526
2021-06-21,1.0,0.3002322485102284,0.2611498238780717,0.25122241601482775
2021-06-22,1.0,0.252078537399683,0.26179269250420034,0.24911792903825042
2021-06-23,1.0,0.2513977527302397,0.26253725612620266,0.24629853704936489
2021-06-24,1.0,0.2235971933734386,0.26328163085065137,0.25358752094346143
2021-06-25,1.0,0.18596228232491557,0.2614711555402078,0.25963408135170934
2021-06-28,1.0,0.1786404923534514,0.2617279585088626,0.2724513614061949
2021-06-29,1.0,0.18843242344990146,0.2622198429683231,0.26313129945454716
2021-06-30,1.0000000000000004,0.1858562070623322,0.26163507308066514,0.25372182927281356
2021-07-01,0.9999999999999998,0.18135762698462687,0.26734801022173865,0.250150903710143
2021-07-02,1.0,0.16978631452416484,0.2650368669466034,0.23682078130170708
2021-07-05,1.0,0.16772604241762054,0.26590379263029035,0.23816634940316897
2021-07-06,1.0,0.19116263315408918,0.2662122356838152,0.24352131821102205
2021-07-07,1.0000000000000002,0.1874953130427842,0.2674757876422134,0.25069233792517454
2021-07-08,1.0,0.25036264961050736,0.27012937288259,0.23268236276066404
2021-07-09,1.0,0.17037929237266597,0.2735023157378342,0.21898907769328727
2021-07-12,1.0,0.18515993758394497,0.27289242311304746,0.21594746494491945
2021-07-13,1.0,0.22448863263426821,0.27306114436699236,0.216100204237593
2021-07-14,0.9999999999999999,0.20754813262628233,0.272112538558505,0.22025972609079889
2021-07-15,1.0,0.2327086029638103,0.27112529143544856,0.21505265910214263
2021-07-16,1.0,0.28106022464909164,0.2740145181367557,0.19312250544623344
2021-07-19,0.9999999999999999,0.353708938604975,0.28012617563874176,0.15160250201079198
2021-07-20,1.0,0.2965491657942845,0.2840965376125115,0.1503268894930484
2021-07-21,1.0000000000000002,0.25381889680672043,0.28656781986331353,0.12893103372383088
2021-07-22,1.0,0.25929176862393527,0.2732123680428403,0.14098215580900839
2021-07-23,1.0,0.21164052137117303,0.2784352054907382,0.1468813230466705
2021-07-26,1.0000000000000002,0.23534028909832372,0.2683058783950906,0.14453552555033472
2021-07-27,1.0,0.28528183790435574,0.26297037590176775,0.13438396668887617
2021-07-28,1.0,0.2901426118413138,0.25890958186587315,0.14822764515530684
2021-07-29,1.0,0.29255093328815013,0.26136189581694397,0.16871142513916623
2021-07-30,1.0,0.3012498714814334,0.2611667416510307,0.16967335755543106
2021-08-02,1.0,0.3658603653318032,0.26074513863455306,0.17302137600361375
2021-08-03,1.0000000000000002,0.3135052116554251,0.261155915280639,0.16368498492150999
2021-08-04,1.0,0.30926284527921355,0.26125331673874636,0.16331173256911763
2021-08-05,1.0000000000000002,0.2961178893891459,0.262043291933759,0.15735788452901808
2021-08-06,1.0000000000000002,0.2592086737538821,0.26217639460360637,0.1618270833667629
2021-08-09,1.0,0.28340641940077776,0.262627307593202,0.15660735221257305
2021-08-10,0.9999999999999998,0.2903510665604238,0.26156156886028104,0.16225376976848607
2021-08-11,1.0,0.2692632633587007,0.2621633158442507,0.16969693156337284
2021-08-12,1.0,0.24941327423416082,0.26357558003131926,0.17687464823013388
2021-08-13,1.0,0.23137398368612463,0.2638142554892558,0.1727949693976687
2021-08-16,1.0,0.25228340618292716,0.2659659102676344,0.1778659526777073
2021-08-17,0.9999999999999998,0.302328161117453,0.2669470892779658,0.1683287483055614
2021-08-18,1.0,0.4561412174520272,0.2686205384492981,0.1461026111992684
2021-08-19,0.9999999999999998,0.39198444263150767,0.2692745228267411,0.18599043094264509
2021-08-20,1.0,0.3092514554423664,0.25946851793547926,0.2542807241996046
2021-08-23,1.0,0.2798165967185593,0.2637876430977139,0.22412385954862135
2021-08-24,1.0,0.288748281993944,0.25137665250801466,0.2383979649180908
2021-08-25,1.0,0.27111461085069716,0.24943744678054958,0.2680480400825831
2021-08-26,1.0,0.3400398159471231,0.2446078352133049,0.25775137325860065
2021-08-27,0.9999999999999999,0.2575995352257922,0.2413383801800626,0.234649447766909
2021-08-30,0.9999999999999998,0.2583568541433273,0.24141464934579926,0.32911341650468146
2021-08-31,1.0,0.2591398813439219,0.24324951530063305,0.32688002175696795
2021-09-01,1.0,0.26495415084833235,0.23574831374335725,0.3280114505864494
2021-09-02,0.9999999999999999,0.2650436125499203,0.23532053671919104,0.33574875591671327
2021-09-03,1.0,0.2488782757935677,0.231829727797046,0.3503015163648124
2021-09-06,1.0,0.24825130208385246,0.23243047320460142,0.36379798865893104
2021-09-07,1.0,0.30286561494174186,0.2334063287168669,0.36986824701861915
2021-09-08,0.9999999999999999,0.2963853563775535,0.2344631814691062,0.38788505616858365
2021-09-09,0.9999999999999999,0.3503013168115159,0.23592291860326137,0.3906030139061291
2021-09-10,1.0000000000000002,0.3948556709533447,0.22903331835400723,0.3961159187470068
2021-09-13,0.9999999999999998,0.347235428965333,0.23038763525255074,0.394364154061778
2021-09-14,0.9999999999999999,0.37985793660342054,0.22991144196038776,0.40062388007209443
2021-09-15,1.0,0.32769644862544534,0.22929365083548844,0.4333082767226952
2021-09-16,1.0000000000000002,0.34300997210466816,0.22728296841589343,0.4391768070945374
2021-09-17,0.9999999999999998,0.4093924160451781,0.22958907450049834,0.42782267616561714
2021-09-20,1.0,0.5335534342665125,0.23428619605609513,0.39309707433676955
2021-09-21,1.0,0.5424784690594954,0.23462601231250158,0.38796027531064253
2021-09-22,1.0,0.4217853538956518,0.23608979354609813,0.379544333384758
2021-09-23,1.0,0.33681760655683546,0.23949088981566763,0.3484152824896755
2021-09-24,1.0,0.2970941920823963,0.23477549778744375,0.33727169871872553
2021-09-27,1.0,0.3010698533652713,0.2326532216851975,0.3317792215811504
2021-09-28,0.9999999999999998,0.425647000256614,0.24355466334380496,0.21513390630130158
2021-09-29,1.0000000000000002,0.41266021331994956,0.24279369388152178,0.22232705733677963
2021-09-30,1.0,0.46443985754160433,0.24506340865031795,0.196228883913895
2021-10-01,1.0000000000000002,0.37416498799249515,0.2451381573881521,0.188345897265424
2021-10-04,1.0,0.4124749531718255,0.24864817991796792,0.12753750392816074
2021-10-05,0.9999999999999999,0.38929665642711253,0.2529576320146544,0.11954453691249076
2021-10-06,0.9999999999999998,0.36781190428137417,0.25391953669154455,0.11600251765861584
2021-10-07,1.0,0.33780111567854143,0.2567009070748145,0.10171664586127761
2021-10-08,1.0000000000000002,0.3216793749826893,0.2535473375986305,0.0934625369181356
2021-10-11,1.0,0.37189706663133265,0.25409980980176233,0.07801818327835061
2021-10-12,1.0,0.3489010108366234,0.2534359659194971,0.09632910805172228
2021-10-13,1.0,0.3270597486581428,0.2522518488741483,0.09761863929015446
2021-10-14,0.9999999999999999,0.2709389663727356,0.2608429925678201,0.06840118815743305
2021-10-15,1.0,0.24850548873048994,0.26099714743669744,0.062428863269226066
2021-10-18,1.0,0.24869721928274044,0.25801764160991697,0.06195848344051667
2021-10-19,1.0,0.23847990260825047,0.25966659573114986,0.060065835157149194
2021-10-20,1.0,0.22942946932777478,0.25803024849619427,0.0585791814019045
2021-10-21,1.0,0.21380961731708786,0.2591823560833076,0.05913175226530983
2021-10-22,1.0000000000000002,0.22146723977743646,0.25762166168202244,0.06787029595999686
2021-10-25,1.0,0.20728685936752653,0.2531227874075791,0.06617125473135683
2021-10-26,1.0,0.22969942132552246,0.25288529587700637,0.0674279485001431
2021-10-27,1.0,0.27675069046754475,0.24588618444725344,0.07760834498042572
2021-10-28,1.0,0.24079680400973744,0.24854886047560204,0.16274022881671857
2021-10-29,1.0,0.2241493272286612,0.2458328217873932,0.19031391578766815
2021-11-01,1.0000000000000002,0.23061345375583836,0.24028177092959896,0.2236442145120724
2021-11-02,1.0,0.21779164994804676,0.23566686576265414,0.21907509227150218
2021-11-03,1.0,0.19439981379491295,0.23482848627232988,0.21424568346842462
2021-11-04,1.0,0.1788185754110666,0.21891221321091012,0.21546460792108524
2021-11-05,1.0,0.185394692563044,0.21707014197819471,0.2361567377586549
2021-11-08,0.9999999999999999,0.2018632155427845,0.2065524801941052,0.2994528594168233
2021-11-09,1.0,0.2214917828522349,0.20399916033655927,0.3139298940097759
2021-11-10,1.0000000000000002,0.2794713239768466,0.20429409304928284,0.31472035264530906
2021-11-11,1.0,0.27286504326996625,0.20388245948145148,0.3111054839525605
2021-11-12,1.0,0.21794939145971443,0.20008171664184432,0.3157829933734227
2021-11-15,1.0,0.2291817608694522,0.19999239227337737,0.3136422502876475
2021-11-16,1.0,0.2364691402555381,0.19489424995674617,0.3384757458501039
2021-11-17,0.9999999999999998,0.2549777880991156,0.1938787946826343,0.3221718629424018
2021-11-18,1.0000000000000002,0.24333818466753046,0.19295750582394944,0.33165529915949055
2021-11-19,1.0,0.23549198129836763,0.19191115128515462,0.3478831947654438
2021-11-22,1.0,0.26073008341490184,0.19104513032329426,0.3816099781650919
2021-11-23,1.0,0.24566328834240347,0.18967125358218842,0.3940608338485045
2021-11-24,1.0,0.23586688184537277,0.19032932366305794,0.4000901329224608
2021-11-25,1.0,0.23670211695484625,0.1910631950259201,0.40079922946757185
2021-11-26,1.0,0.44168276921397537,0.20722607645050958,0.3690260312979072
2021-11-29,1.0,0.3257107248580004,0.20833330914202408,0.3707112065389379
2021-11-30,1.0,0.41130909700669205,0.21445850288503696,0.36125221010924224
2021-12-01,1.0,0.5323238941589127,0.21371484779914815,0.3754911102381771
2021-12-02,1.0,0.43040134638773225,0.21326373058413148,0.3945423695141326
2021-12-03,1.0,0.4160530115421102,0.21424953330335902,0.36079236552022625
2021-12-06,0.9999999999999999,0.3875266922810302,0.2162649186442943,0.34219561611239907
2021-12-07,0.9999999999999999,0.31028868958304406,0.22968551549235766,0.3338628961129017
2021-12-08,1.0000000000000002,0.27038017087145116,0.22841145701167256,0.32840440407025356
2021-12-09,1.0,0.31523977557699384,0.22963290823320928,0.3175933119674493
2021-12-10,1.0,0.24417269677153336,0.2302292102820089,0.315086125873785
2021-12-13,1.0000000000000002,0.3036136976492329,0.22794425115940462,0.3176257508418207
2021-12-14,1.0,0.3602256836201425,0.22628900939873806,0.31334921843851965
2021-12-15,0.9999999999999998,0.27260554461736325,0.23190883688466393,0.31358964786642163
2021-12-16,1.0000000000000002,0.28603386064167224,0.22711029090949977,0.31729727235287364
2021-12-17,1.0,0.33626348559926406,0.22798676791239583,0.318078168936742
2021-12-20,1.0,0.3836365127702365,0.23299861886315518,0.3511959533950119
2021-12-21,0.9999999999999999,0.36157191749932316,0.2415156513023708,0.30680409073689824
2021-12-22,1.0,0.28668671312786354,0.24413820694344945,0.28764938821601205
2021-12-23,1.0,0.25404052844812997,0.24465213372554473,0.3011803648547971
2021-12-24,0.9999999999999999,0.25268393758441443,0.24535562183760345,0.279135231070782
2021-12-27,1.0,0.21827210907435296,0.24787147844974305,0.24799976915468783
2021-12-28,1.0,0.21989211981952525,0.24714944885505968,0.2386895833541355
2021-12-29,1.0000000000000002,0.19807850650340997,0.2490858491805642,0.21979831349080983
2021-12-30,1.0000000000000002,0.2077437125631018,0.24987404085920267,0.27411609117514574
2021-12-31,1.0,0.2042157569870439,0.24859458311811666,0.31718137931685736
2022-01-03,0.9999999999999999,0.17952203992664384,0.24368561189254218,0.3278111289559931
2022-01-04,1.0,0.1846894890489869,0.24033539969958775,0.3237219201901155
2022-01-05,1.0,0.25792193039043426,0.24513021580998473,0.3218226299315372
2022-01-06,1.0,0.2637460218659563,0.24482842581622322,0.3107344420065851
2022-01-07,1.0,0.23678984700047084,0.24278132512344988,0.3121884224317284
2022-01-10,1.0,0.23523831463255426,0.2398250069611619,0.31998686443183166
2022-01-11,0.9999999999999998,0.23419410063604149,0.2377676054235181,0.3271004778250132
2022-01-12,1.0,0.22617434192270086,0.23569815347073467,0.3326867274754628
2022-01-13,1.0,0.2953624105106523,0.237075359767323,0.3482579617991446
2022-01-14,1.0,0.260652053913311,0.23647355761898894,0.35417926196067634
2022-01-17,1.0,0.2600535959743362,0.23552900569792895,0.3690283585857798
2022-01-18,1.0000000000000002,0.35691290071464193,0.2429395133556486,0.35239243523696484
2022-01-19,1.0,0.3943951969662542,0.24208030203856037,0.3670157807278469
2022-01-20,1.0,0.4475830470713002,0.24342170618502562,0.3675199688761671
2022-01-21,0.9999999999999999,0.4610036533022588,0.2506579802230316,0.3512590208008299
2022-01-24,1.0,0.41796588643748217,0.2508486611962172,0.3638615429582591
2022-01-25,1.0,0.4632687239749196,0.24986803672280067,0.37772466688688405
2022-01-26,1.0,0.4837362082338394,0.24802254003985108,0.35875934919887453
2022-01-27,1.0,0.4571674259365662,0.24643046072726582,0.3818745837257307
2022-01-28,0.9999999999999998,0.4237345847641129,0.25516140537249093,0.36952740022572533
2022-01-31,0.9999999999999999,0.3617605404208541,0.26454529082449785,0.3523776914907645
2022-02-01,1.0,0.2980184213267883,0.2643822203356016,0.36331845886609504
2022-02-02,0.9999999999999999,0.3301287746418572,0.2625018422972008,0.3745891184797897
2022-02-03,1.0,0.3419414302303506,0.2639952940609531,0.368780026817382
2022-02-04,1.0,0.39303780219731355,0.26001492893623035,0.42358998644345114
2022-02-07,1.0000000000000002,0.3552864346403129,0.25874139638339194,0.40917612848332263
2022-02-08,0.9999999999999999,0.3278967314735098,0.26010068298081634,0.46520208935392815
2022-02-09,0.9999999999999999,0.30104357134164167,0.26376792536158833,0.43987602897893335
2022-02-10,1.0000000000000002,0.42147949615152897,0.2659927664946482,0.4384396098602765
2022-02-11,0.9999999999999999,0.48771213932285373,0.272746218864164,0.4138048054422174
2022-02-14,1.0,0.4565385136449158,0.2728759274282581,0.43395480972783534
2022-02-15,0.9999999999999999,0.4286202991001608,0.27772268552888635,0.45600414157585095
2022-02-16,1.0,0.4127079184235865,0.2780106318559583,0.46283518298040777
2022-02-17,1.0,0.5216987503764892,0.28161724079070366,0.4541225183253434
2022-02-18,1.0,0.5372082908912111,0.28174707570486845,0.4494390111514495
2022-02-21,1.0,0.5196253922905119,0.28045637612017976,0.4514669808944417
2022-02-22,1.0,0.5093079219333674,0.28112803824973237,0.45084338715221545
2022-02-23,1.0,0.5781154989679933,0.2843482438231151,0.43791830465009657
2022-02-24,1.0000000000000002,0.5323365500179653,0.2835840533659032,0.473184602452439
2022-02-25,0.9999999999999999,0.5111540614270528,0.2884609792653122,0.4615510971177045
2022-02-28,1.0,0.486409433278551,0.2863609841400755,0.46950536646013424
2022-03-01,0.9999999999999999,0.5390718845513829,0.2868504496339613,0.4582343145357751
2022-03-02,0.9999999999999999,0.5427888684123469,0.291461984275331,0.47112898755708843
2022-03-03,1.0000000000000002,0.522766796042425,0.29079235803030934,0.46787809522732343
2022-03-04,1.0,0.4905163874372411,0.291345425448479,0.45911219231292666
2022-03-07,1.0,0.5404869017854592,0.2998953678019252,0.4171799372519708
2022-03-08,1.0,0.540823159471739,0.2977622460233218,0.4360338268088954
2022-03-09,0.9999999999999999,0.5350522446247274,0.31390839768006007,0.39886109937193853
2022-03-10,1.0,0.4794721653259754,0.3102596166010786,0.40461837619103236
2022-03-11,1.0,0.48693297512603,0.3110370379383873,0.40627342544800327
2022-03-14,1.0,0.5111536738899195,0.307427999441606,0.4107606817584589
2022-03-15,1.0000000000000002,0.4774068033440588,0.3108482457991433,0.4068212577952284
2022-03-16,1.0,0.4288710463802928,0.32129499214913915,0.3847510689666031
2022-03-17,1.0,0.44203059921738497,0.32174915994740694,0.37470625223141246
2022-03-18,1.0,0.3964860336555231,0.32381349219156336,0.36139263490485996
2022-03-21,1.0,0.3960081955516742,0.32277830157122556,0.3758856559571247
2022-03-22,1.0,0.39742535495421843,0.3261130356520001,0.3345842950563342
2022-03-23,0.9999999999999999,0.39828800993175,0.31812618672267695,0.3388888131369207
2022-03-24,1.0,0.3451611944885884,0.32210784531175435,0.3749509050464177
2022-03-25,0.9999999999999998,0.30173495546070517,0.3206384474449919,0.3607578041079169
2022-03-28,1.0000000000000002,0.2535087587026884,0.3221742205134396,0.4005986690801619
2022-03-29,1.0,0.2585001890890889,0.3223741683523699,0.36407468282606487
2022-03-30,0.9999999999999999,0.28013990929142707,0.31940380308595356,0.411680119916173
2022-03-31,1.0,0.30268939508931947,0.32234919618399444,0.4151627748302815
2022-04-01,1.0,0.24988368196012267,0.31999439464160867,0.40736641234242016
2022-04-04,1.0,0.2228138802129195,0.32216935351889175,0.4012413432270811
2022-04-05,0.9999999999999998,0.2893180444863731,0.32198097231817274,0.43928671027428595
2022-04-06,1.0,0.3023831268544616,0.31967228843637324,0.48775680690343337
2022-04-07,1.0000000000000002,0.2816616918938832,0.3189006175070041,0.48573091105175664
2022-04-08,1.0,0.2757353902634606,0.3127206029530405,0.5134851826495996
2022-04-11,0.9999999999999999,0.3404613771771514,0.31312776551361515,0.512086344806253
2022-04-12,0.9999999999999999,0.3535147996515911,0.3130864337642546,0.4996447800615827
2022-04-13,0.9999999999999998,0.3094445799591303,0.31513115506928463,0.4823640596836658
2022-04-14,1.0,0.34995425411849,0.31469271795602927,0.5171800459400305
2022-04-15,1.0,0.3500822346999642,0.3160216910349459,0.5107320822317732
2022-04-18,1.0,0.33318155982438347,0.3177183391797923,0.5197320158189438
2022-04-19,1.0,0.3065589302642227,0.322364124885229,0.5370766755740016
2022-04-20,1.0,0.26892101278975306,0.3182952537315104,0.5426744892148652
2022-04-21,0.9999999999999998,0.32025842754358835,0.32063554996245497,0.5382638443314103
2022-04-22,0.9999999999999999,0.42574283564651044,0.32678846013559676,0.5391625250893761
2022-04-25,1.0,0.372904035634327,0.32889131347194867,0.5429873537407908
2022-04-26,0.9999999999999999,0.48120050653478685,0.33614767356406183,0.5262277266966316
2022-04-27,1.0,0.44119529086532105,0.33390312620491824,0.5506876630803647
2022-04-28,1.0,0.43421194047056505,0.3421704941868497,0.5692076445162545
2022-04-29,1.0,0.5356182981500411,0.3439565566708304,0.5663936635987399
2022-05-02,1.0,0.527225739999314,0.34623210772714963,0.571440189164055
2022-05-03,1.0,0.4856575212182427,0.3464853358951702,0.5689719094332819
2022-05-04,1.0,0.4465568295130916,0.357680258544805,0.5620161416205596
2022-05-05,1.0,0.5170856812933456,0.3659945819798738,0.5301038766314328
2022-05-06,1.0,0.48049569082558274,0.3656561835273648,0.5317275547675414
2022-05-09,0.9999999999999998,0.5631198790647504,0.37357757356734833,0.49019245545184553
2022-05-10,1.0,0.543481724794467,0.37469392544992675,0.500943373621806
2022-05-11,1.0,0.5128084981108202,0.37022047972749134,0.5303794766664286
2022-05-12,1.0,0.5107374673562053,0.36930901680407674,0.5721543094982401
2022-05-13,1.0,0.460850526404677,0.3805524057842939,0.5924246835955822
2022-05-16,1.0,0.4738792109442271,0.3793717213132082,0.5890328967771166
2022-05-17,1.0,0.48941344625786015,0.3850151131063726,0.5972611506014384
2022-05-18,0.9999999999999999,0.5179617658143276,0.3918276928753728,0.5808906710953253
2022-05-19,1.0,0.49317876161965735,0.39028073807826213,0.5827528543355097
2022-05-20,1.0,0.4836566834631157,0.38722227099147816,0.5977028224555889
2022-05-23,0.9999999999999999,0.5193953588060768,0.38669199426441253,0.6017867787589257
2022-05-24,1.0,0.5262539988808297,0.38235238634191265,0.6081380403459277
2022-05-25,1.0,0.5375954587410096,0.383292812672083,0.5985008952556564
2022-05-26,0.9999999999999999,0.5369672175130541,0.3905288169151427,0.6190568204563459
2022-05-27,0.9999999999999999,0.5047774056715021,0.3996308034682964,0.5978685802491507
2022-05-30,1.0,0.5030168362919426,0.39981105274896417,0.5932175913549591
2022-05-31,1.0,0.5033344128289069,0.3990579008251895,0.597834712254821
2022-06-01,1.0,0.5012618300430104,0.3950790028489452,0.6028736024629092
2022-06-02,1.0,0.4825719170122509,0.40096702566726444,0.5863664976343813
2022-06-03,0.9999999999999999,0.46230755778493754,0.4001351288507029,0.5881782228286238
2022-06-06,0.9999999999999998,0.4742901783491582,0.40164616609977194,0.5611869687371306
2022-06-07,0.9999999999999999,0.48226682033599405,0.40202593202334524,0.5583054449988444
2022-06-08,1.0,0.4917809146303663,0.40202030388717336,0.5687898838625762
2022-06-09,1.0,0.5304384514672098,0.4042588857203377,0.5542459315419057
2022-06-10,1.0,0.5298909757839214,0.41370600552564674,0.5211128000636674
2022-06-13,1.0,0.5733614233750715,0.42429379008274976,0.43346884500571164
2022-06-14,0.9999999999999999,0.5706924765901447,0.424108662792869,0.44276368860877374
2022-06-15,1.0,0.5700406326474144,0.4258539638424991,0.42561604220005467
2022-06-16,0.9999999999999999,0.5597859903795884,0.42548879405745865,0.39352963561494053
2022-06-17,1.0,0.5389124321314798,0.42585661367420585,0.3998713542620738
2022-06-20,1.0,0.5421227410914999,0.4251645170434867,0.43116865804010385
2022-06-21,0.9999999999999999,0.5544510302383688,0.42828555549611824,0.40658804984887004
2022-06-22,0.9999999999999998,0.5105612607533794,0.4271071600429842,0.4053411231059358
2022-06-23,1.0,0.5093492881313778,0.42705959849011327,0.42051553143125414
2022-06-24,1.0,0.4645843675352824,0.4366380545534235,0.3572260603198755
2022-06-27,1.0,0.42602429567433847,0.43436135124644665,0.36161507266727555
2022-06-28,1.0,0.4688640577088583,0.43493197555209234,0.3735597855267489
2022-06-29,1.0000000000000002,0.4691975050872841,0.43738417782488226,0.3712640783967626
2022-06-30,1.0,0.45236786642922844,0.437270969835954,0.3422527000354588
2022-07-01,1.0,0.41769059678090475,0.4370250277428849,0.3510234071481338
2022-07-04,1.0,0.4140582505008001,0.4379759136876374,0.35328641331601807
2022-07-05,1.0,0.4274237418356681,0.4392913446027079,0.3754887970603873
2022-07-06,1.0,0.4236057917742761,0.43931589200621113,0.3752960664022467
2022-07-07,1.0,0.42035564366450207,0.44249190654340725,0.3655960265400759
2022-07-08,1.0,0.3754432384777996,0.4432111848231507,0.36367609747960583
2022-07-11,0.9999999999999999,0.4102316820501728,0.4438777664193047,0.34289769245442603
2022-07-12,1.0,0.42430628577886736,0.4419070279952701,0.355157366256702
2022-07-13,0.9999999999999998,0.4253899132205023,0.44001981035322435,0.3508091688478886
2022-07-14,1.0,0.4120575223279131,0.4413186957835358,0.3621040479450967
2022-07-15,0.9999999999999998,0.3629081856984353,0.44420971778711277,0.35105800230729883
2022-07-18,1.0,0.38556158577951183,0.44000206627291005,0.3480099475394438
2022-07-19,1.0,0.38318333190529996,0.4493878823575154,0.32524501908639586
2022-07-20,1.0,0.4036274054935805,0.4519025717333916,0.336423205073593
2022-07-21,1.0,0.36932735117697424,0.4544284503886622,0.3670209289614982
2022-07-22,1.0,0.33909944644678147,0.45435103691764606,0.40342965467369907
2022-07-25,1.0,0.37078398242437677,0.45252921487074166,0.40114295988601245
2022-07-26,1.0,0.377615553493795,0.448613422313778,0.38887262468628725
2022-07-27,1.0,0.4025927125640973,0.45661363436769914,0.3625608707640866
2022-07-28,1.0,0.37858737482781096,0.4585946666800412,0.45943651852668577
2022-07-29,1.0,0.38891442128730724,0.459511484341256,0.4810212870708383
2022-08-01,1.0,0.41902575553672605,0.463056161537718,0.4929851577434293
2022-08-02,1.0,0.4551388736302782,0.463735776368742,0.49987321953427793
2022-08-03,1.0,0.42185636301593366,0.46774953772569705,0.4840344572017504
2022-08-04,1.0,0.40170844003282463,0.46686595728755487,0.492225329285853
2022-08-05,1.0,0.39364924541897345,0.4645040105255449,0.5087164223770777
2022-08-08,1.0,0.39518429674929323,0.4610748306666296,0.5092151095127714
2022-08-09,1.0,0.4070018498883058,0.4593419981091282,0.53417632548826
2022-08-10,0.9999999999999999,0.3801147341317586,0.46381441586597133,0.49618852837745453
2022-08-11,0.9999999999999999,0.3791508707592747,0.46231955962410726,0.5352870648956515
2022-08-12,1.0,0.34406800319289843,0.4642198164113612,0.5244867567944141
2022-08-15,0.9999999999999999,0.38521589439212556,0.4646990516904239,0.6124330582750844
2022-08-16,1.0,0.4071471942367112,0.46360370859495365,0.6073160075258991
2022-08-17,1.0,0.39900053551611603,0.4626620634520056,0.6011742026224359
2022-08-18,1.0000000000000002,0.4145104801027475,0.461299695234733,0.5971225467511622
2022-08-19,1.0,0.40299835764071645,0.466520619730269,0.5970303384565803
2022-08-22,1.0,0.46970048485688753,0.46594718640711014,0.5779278754350451
2022-08-23,1.0000000000000002,0.5064952124579132,0.46754893365936295,0.5907245849975209
2022-08-24,1.0,0.4676920735611631,0.46835762881136217,0.5700164358530042
2022-08-25,0.9999999999999999,0.470494591662231,0.47004262706714073,0.5491288536889982
2022-08-26,1.0,0.5189622118759823,0.47481191896920794,0.5022999458719594
2022-08-29,1.0,0.5178205442787535,0.47608025289533656,0.49850642133237527
2022-08-30,0.9999999999999999,0.5309178148149527,0.4732348358321007,0.5148757190921601
2022-08-31,1.0,0.5070181078355409,0.4762373796131436,0.5158808374793336
2022-09-01,1.0,0.4815142390437359,0.4705753544959953,0.5298260596779372
2022-09-02,1.0,0.4829277102412705,0.4717886593073131,0.5430361779968517
2022-09-05,1.0,0.4768379081108861,0.47202094160083846,0.5911584784899793
2022-09-06,1.0,0.5125492884221947,0.4740636611352673,0.5861599465829637
2022-09-07,0.9999999999999999,0.47288585063352206,0.4757156489786668,0.5811523757033659
2022-09-08,1.0,0.45602345106634307,0.4708754763173432,0.6003503664936274
2022-09-09,1.0,0.444018202501092,0.47342621930225465,0.5785313936515982
2022-09-12,0.9999999999999998,0.49112848678055343,0.47393818193665055,0.5605335166403573
2022-09-13,1.0,0.5312538054541068,0.4832276730241654,0.5028946536879347
2022-09-14,1.0,0.5097508504274759,0.48226582541015395,0.5326955649191593
2022-09-15,1.0,0.5562090305262115,0.4812690659816918,0.5456035372495287
2022-09-16,0.9999999999999999,0.512960575487669,0.48011544052122984,0.5838498645195838
2022-09-19,0.9999999999999999,0.5205074287310232,0.48150253273938615,0.5862656876567817
2022-09-20,0.9999999999999999,,0.482141280328282,0.5760497654902847
2022-09-21,1.0,0.5703948847108286,0.4824708399455669,0.5604891795829882
2022-09-22,1.0,0.5298656642170795,0.4809828085314475,0.5787661261257001
2022-09-23,1.0,0.5134038380154367,0.481415834246137,0.5695160514275168
2022-09-26,0.9999999999999999,0.544773343124063,0.48273703044080396,0.5704182207277936
2022-09-27,0.9999999999999999,0.5206244404978778,0.4820311425573884,0.5338674084710053
2022-09-28,1.0,0.4974404922182791,0.4832951029830497,0.5113807644335981
2022-09-29,1.0,0.4819996916208349,0.4838528792853823,0.48025084690650566
2022-09-30,0.9999999999999999,0.4787499850561761,0.4832809918578483,0.47994111512409315
2022-10-03,1.0,0.4850911884944647,0.48710107756593457,0.4727587806874988
2022-10-04,1.0,0.4724156691802763,0.495857584164885,0.4492955796368545
2022-10-05,1.0,0.46884532132598244,0.49598914943420214,0.45285990854830305
2022-10-06,1.0,0.47460519465145223,0.4951845911159168,0.4519592764718363
2022-10-07,1.0,0.46794130181381594,0.49707999864556185,0.41078170377796985
2022-10-10,1.0,0.5081026778714027,0.49543331645131733,0.4054404993778143
2022-10-11,1.0,0.5260604431365656,0.49422170010179295,0.4193503169643953
2022-10-12,1.0,0.5177905002360241,0.49304718122738433,0.5212748379936429
2022-10-13,0.9999999999999998,0.5057989628464271,0.5013906541135799,0.5000963260898998
2022-10-14,1.0,0.496069784444352,0.501351064810959,0.48244327334206727
2022-10-17,1.0,0.510846323920344,0.5055818720142974,0.46100876319917333
2022-10-18,0.9999999999999999,0.5028441110990924,0.508570299692559,0.46246826935682506
2022-10-19,1.0,0.49981801339088366,0.5031337561775872,0.46552969386620296
2022-10-20,1.0000000000000002,0.5082736449418442,0.5047208287337258,0.4702527765845028
2022-10-21,0.9999999999999999,0.5275273427967682,0.5073208736917505,0.46849406507255564
2022-10-24,1.0,0.5315929429707054,0.5063093107236497,0.47456326669590243
2022-10-25,1.0,0.515539441841994,0.5104056482606706,0.4697975978471866
2022-10-26,0.9999999999999999,0.5026034888674856,0.49898453449950014,0.4913984241025707
2022-10-27,1.0,0.6075594441064749,0.4885631643796763,0.5087301730683913
2022-10-28,0.9999999999999999,0.5253018866181458,0.48003826219483,0.540709562183252
2022-10-31,1.0,0.5212490473965198,0.4797115112268132,0.5356214334473228
2022-11-01,0.9999999999999998,0.5395326716364913,0.4693863225627251,0.5687754426754301
2022-11-02,0.9999999999999999,0.54528024607765,0.471494509296735,0.535506585953611
2022-11-03,1.0,0.5249710033767575,0.47120945882482174,0.5338886882594618
2022-11-04,1.0,0.49660557415514,0.472674559211965,0.56725577341301
2022-11-07,0.9999999999999999,0.4829046414082062,0.4676936701780383,0.5830782445150547
2022-11-08,0.9999999999999998,0.5203414262131941,0.4681222310822354,0.5848063016557635
2022-11-09,1.0,0.5277816611600528,0.46727884978241485,0.5710770264453865
2022-11-10,1.0,0.4771449442710833,0.48860083389726755,0.4164670213753755
2022-11-11,0.9999999999999999,0.40088578906570926,0.48877223676088655,0.4448169230687639
2022-11-14,1.0,0.47059572858639936,0.48991244732028927,0.4425863068790096
2022-11-15,1.0,0.49553762885012886,0.4878659037575733,0.45323868928345346
2022-11-16,0.9999999999999999,0.4772801645682724,0.4877884993747291,0.5163538581741824
2022-11-17,1.0,0.4805449726576408,0.4874037541859261,0.5315937424447225
2022-11-18,1.0,0.48039882554509755,0.4845868769696527,0.5318255855910803
2022-11-21,1.0,0.4615158407151157,0.47927516315716334,0.5350296503262828
2022-11-22,0.9999999999999998,0.4627396048058537,0.4808926169450754,0.5346829476620945
2022-11-23,1.0,0.4368506471669983,0.4825463204246546,0.5371243984694807
2022-11-24,1.0,0.43663484996767493,0.4831290686496079,0.5320688986607135
2022-11-25,1.0,0.4095744695079698,0.48123108270184717,0.5362578190854336
2022-11-28,0.9999999999999998,0.44221561211307164,0.48057144945553126,0.5210992735738007
2022-11-29,1.0000000000000002,0.4552158398703038,0.4792508779306539,0.5274137985106974
2022-11-30,0.9999999999999999,0.4540188680028346,0.4891743906730782,0.47698967965623934
2022-12-01,1.0,0.4297811971403677,0.48695258307741357,0.4897297430098394
2022-12-02,1.0,0.3986111743230412,0.482373734512406,0.49858137301225663
2022-12-05,0.9999999999999998,0.43943737419274237,0.4757602030870891,0.4652770553743982
2022-12-06,1.0,0.4748038501843059,0.4637668925872238,0.4291135761375189
2022-12-07,1.0,0.4765680621821574,0.4647516590702611,0.4359236898743274
2022-12-08,1.0,0.4448461644468381,0.46439492985165554,0.4799750035112449
2022-12-09,1.0,0.4660071971017155,0.45803635687369365,0.46263955141916896
2022-12-12,1.0,0.5163906434910626,0.4620129608081096,0.4654720869664578
2022-12-13,1.0,0.5025661109460717,0.46232477865580995,0.46969173766524003
2022-12-14,0.9999999999999999,0.4615154433554297,0.45864756220326147,0.4680490377963506
2022-12-15,1.0,0.4763412925170023,0.4654665120772589,0.39058841442951364
2022-12-16,1.0,0.470888723894828,0.4686608885651836,0.3764937808220967
2022-12-19,1.0,0.48214880472926536,0.46002083253463244,0.353409785799467
2022-12-20,1.0000000000000002,0.4718760074959482,0.45948365437052646,0.37536236594427086
2022-12-21,0.9999999999999999,0.44150890883520244,0.4600469194328202,0.36280925162232264
2022-12-22,1.0,0.4609341599830084,0.46077013085960966,0.35680976069183357
2022-12-23,1.0,0.42261312273614143,0.46055748826948373,0.36248767031380913
2022-12-26,1.0,0.4229262271372718,0.46313604404104286,0.3511782980183797
2022-12-27,1.0,0.42465753343675633,0.46130472596586214,0.34540232291882145
2022-12-28,1.0,0.4184920136110174,0.46717198319149783,0.31273737877779306
2022-12-29,1.0,0.3901318997740602,0.4725925692690637,0.2775838879728071
2022-12-30,1.0,0.36989055412649613,0.4711751530080626,0.29418923039338124
2023-01-02,1.0,0.36632562596559926,0.47154727211723063,0.2926305486993153
2023-01-03,1.0,0.41396716017897983,0.4682885308770358,0.30428348359273294
2023-01-04,1.0,0.3849521466157082,0.4655648755826826,0.2872416259647375
2023-01-05,1.0,0.38989382081315616,0.46462233997548796,0.26531324134119477
2023-01-06,0.9999999999999998,0.36077406281226454,0.47133896884758064,0.24272565749700986
2023-01-09,1.0,0.3929746046806603,0.46747184996875063,0.25806446575059466
2023-01-10,1.0,0.3496778995824628,0.4695914614376725,0.2693504749838146
2023-01-11,0.9999999999999998,0.35529122334350427,0.4660102165903421,0.26515224250284447
2023-01-12,1.0,0.2902766042796754,0.46696906990995946,0.25702921924071626
2023-01-13,1.0,0.28805419453612446,0.4681114442457768,0.266209409268123
2023-01-16,1.0000000000000002,0.28558767564147197,0.4692936852638607,0.26215060829129827
2023-01-17,1.0,0.3281041838987325,0.46802800937550465,0.26091499466729773
2023-01-18,1.0,0.35720169830568965,0.4685204426547252,0.2637006792930052
2023-01-19,1.0,0.3530018655165636,0.4636340658794126,0.2529864523779882
2023-01-20,1.0,0.35113994526751624,0.4689791638277228,0.23266521307066027
2023-01-23,1.0,0.3331511361941653,0.4734995438613603,0.25707699967936526
2023-01-24,1.0000000000000002,0.3232034757954908,0.4735009736365378,0.25854686806167926
2023-01-25,0.9999999999999998,0.32774595750671015,0.4721468736276853,0.2581803455235354
2023-01-26,1.0,0.3298643418416926,0.47240175472040763,0.26972595151272555
2023-01-27,1.0,0.30746624531098155,0.4715752811698295,0.2801542592019046
2023-01-30,1.0,0.3368015366927713,0.47266770231107424,0.2656398147255781
2023-01-31,1.0,0.3180284735716733,0.4746032291658585,0.2529796290600153
2023-02-01,1.0,0.29109004781033626,0.47672990206267357,0.24182313936803285
2023-02-02,1.0,0.27617066270960455,0.46902222516041997,0.29169850165073274
2023-02-03,1.0,0.3214674747002432,0.4657012597962352,0.3004770660525251
2023-02-06,1.0,0.32896009787553326,0.46362579403704307,0.31939484252368666
2023-02-07,1.0,0.30730411399043794,0.46517037746543627,0.3002015520676534
2023-02-08,1.0000000000000002,0.3323199880925687,0.4626259747231045,0.3178456579736449
2023-02-09,1.0,0.37206653858528166,0.46071781436495995,0.33224176388674753
2023-02-10,1.0,0.4073935295458116,0.45908999345352824,0.3294699886526288
2023-02-13,1.0,0.33720172758777134,0.459700571632737,0.34661336532588327
2023-02-14,1.0000000000000002,0.36587348029321465,0.454184518630891,0.3238223362371285
2023-02-15,1.0,0.35513314977300775,0.4541338456734965,0.3713908411400867
2023-02-16,1.0,0.4045112316615327,0.45432912032871875,0.3597709385351109
2023-02-17,1.0,0.40269265478941185,0.4500826900701151,0.3667279708940016
2023-02-20,0.9999999999999999,0.4025575478075771,0.44117034228745505,0.37419614933756434
2023-02-21,0.9999999999999998,0.44976295348695305,0.44145612473796975,0.35109039192702934
2023-02-22,1.0,0.4785315096632817,0.4408572885668788,0.3490265481457278
2023-02-23,1.0,0.4709529391503164,0.4398465642922481,0.3515737314215351
2023-02-24,1.0,0.4930998496242576,0.44295991276891405,0.3228655722703335
2023-02-27,0.9999999999999998,0.4465611427240058,0.4426608371258605,0.3249860448101124
2023-02-28,1.0,0.4516466605154143,0.4426841757035701,0.3413475137036934
2023-03-01,1.0,0.4570053848344018,0.44136407506102693,0.3460689932269232
2023-03-02,1.0,0.44229708512351407,0.4411372952134031,0.3604729148932528
2023-03-03,1.0000000000000002,0.397762215775034,0.4450067810804623,0.33383641381659496
2023-03-06,1.0,0.42337895238053047,0.4418400084112536,0.3378302208296761
2023-03-07,1.0,0.44832769259104227,0.4430760817288606,0.30140794881932165
2023-03-08,1.0,0.4374099878103855,0.42748014887255986,0.30110045996958745
2023-03-09,1.0,0.5018604729105,0.42873218636465843,0.2725931091596577
2023-03-10,0.9999999999999999,0.4903134974031712,0.4284381289465122,0.24367840803820146
2023-03-13,1.0,0.5296087759592651,0.42645949630213253,0.2469826966456529
2023-03-14,1.0,0.48362596678160996,0.42945779894188946,0.23080763944201818
2023-03-15,1.0,0.4743241254180099,0.42550710056744906,0.25056514170441063
2023-03-16,1.0,0.41966409421600037,0.427646255925615,0.2160511938225153
2023-03-17,1.0,0.46129379170000556,0.4280526721016643,0.20350982500158774
2023-03-20,1.0,0.457646796854323,0.42412419298301496,0.20645682755841868
2023-03-21,1.0,0.4244202319542108,0.4238541397230049,0.18630399397332514
2023-03-22,1.0,0.45526545188594564,0.4237314209003049,0.16641243580430637
2023-03-23,1.0,0.4249299883200131,0.4230296763577685,0.1653951935341176
2023-03-24,0.9999999999999998,0.3739202421074817,0.4188599415732134,0.1730166558925231
2023-03-27,1.0,0.3577290188720041,0.414906118485966,0.22957080818347392
2023-03-28,1.0,0.35552377765033233,0.4119072284980897,0.19734650546340168
2023-03-29,1.0,0.3433668776372511,0.40378934862689053,0.20551945887329845
2023-03-30,0.9999999999999999,0.31165544603245016,0.40543471054357233,0.1991432241651594
2023-03-31,1.0,0.3141354269658537,0.406952487804964,0.17643762247823816
2023-04-03,1.0,0.3028705476353146,0.39468437615726876,0.19114136595813436
2023-04-04,0.9999999999999999,0.3137395589389453,0.3932988604647399,0.18768588261687805
2023-04-05,1.0,0.3300722622471484,0.3905133255822871,0.19466067996098357
2023-04-06,1.0,0.30323234787033954,0.3910164815752185,0.23355770993658542
2023-04-07,1.0,0.30281203463908646,0.3879900309968477,0.2303090413262177
2023-04-10,1.0,0.3046900402950964,0.3823426971085253,0.23447730543722192
2023-04-11,0.9999999999999999,0.31565645701571177,0.3722668815905217,0.23418702187446164
2023-04-12,0.9999999999999999,0.3209707505588986,0.37127690369554384,0.22894345759596102
2023-04-13,1.0,0.2824256542855359,0.3755345683172598,0.2004477290628736
2023-04-14,1.0,0.26459685463371657,0.37607152488750595,0.20455540449420895
2023-04-17,1.0,0.2599157321300734,0.37290965147413185,0.20839863671399023
2023-04-18,0.9999999999999998,0.26565654903939373,0.37335381528949024,0.22026714047920806
2023-04-19,0.9999999999999998,0.26355461258219315,0.37056836306070307,0.23278729886101635
2023-04-20,1.0000000000000002,0.28130989462916256,0.3764113296376847,0.23255950298058856
2023-04-21,1.0,0.27890476616659127,0.37941495238289,0.23388286359294957
2023-04-24,1.0000000000000002,0.27737753871333876,0.3808729732960831,0.2539487966324677
2023-04-25,1.0,0.3280594576449468,0.3802409088514594,0.23436003848722842
2023-04-26,1.0,0.3500545907575103,0.3800989704090147,0.2300278428984257
2023-04-27,1.0,0.2976157852613308,0.37552252030723243,0.23225571567378414
2023-04-28,1.0,0.2716318868814567,0.3743053576786364,0.23985796550940275
2023-05-01,1.0,0.28450002424526877,0.3735401682751115,0.23925077187184074
2023-05-02,1.0,0.3373225120953441,0.3732470454855778,0.23235437128969116
2023-05-03,1.0,0.34688323850445596,0.37121045710618217,0.24555244911238097
2023-05-04,1.0,0.38040426005990374,0.3678825737565029,0.2359571789622579
2023-05-05,0.9999999999999999,0.322879594892671,0.3219819467710495,0.21626637071581142
2023-05-08,1.0,0.31938938421779545,0.32365226485899906,0.21382800953720596
2023-05-09,0.9999999999999999,0.35324998973537636,0.3232382298077955,0.2082209690057222
2023-05-10,1.0,0.3196161802877753,0.32421474891561325,0.21641727575294747
2023-05-11,1.0,0.3115064846603066,0.3235757869118053,0.22178811279490832
2023-05-12,1.0,0.3083594240093514,0.3242657968109444,0.22707633249696624
2023-05-15,1.0,0.32419473823372486,0.32495821689805154,0.22958441454540907
2023-05-16,1.0,0.36974994661861876,0.3250153755855846,0.2237825272832139
2023-05-17,1.0,0.3263662734124352,0.32380278607129,0.22674723663314256
2023-05-18,1.0,0.2946747009740166,0.32505686402189676,0.22519584519095923
2023-05-19,0.9999999999999999,0.3299183055150264,0.32332572042571256,0.23143764734167355
2023-05-22,1.0,0.32422939707821513,0.32236573912221334,0.23785640649733122
2023-05-23,1.0,0.36714920997193046,0.32004900790513785,0.2136955105851808
2023-05-24,1.0,0.39776248138978787,0.3206897984912254,0.1949251187371049
2023-05-25,0.9999999999999999,0.3262741310614102,0.2972774345929341,0.24928368680119398
2023-05-26,0.9999999999999998,0.28040235620556214,0.30291039098318207,0.22123076650242798
2023-05-29,1.0,0.27983948071670983,0.3033676583809275,0.23087413437849857
2023-05-30,1.0,0.26105232147712065,0.2982190188879739,0.23520566970911588
2023-05-31,1.0000000000000002,0.2748210175664353,0.29280006482088883,0.22351827855508968
2023-06-01,0.9999999999999999,0.2268812438578396,0.29461916022207857,0.23358541545906117
2023-06-02,0.9999999999999999,0.2109546094279173,0.29377183645406313,0.22197475037602657
2023-06-05,1.0000000000000002,0.23497460200729559,0.2933322155879395,0.22758215099914256
2023-06-06,1.0,0.21760491243712077,0.293113656009993,0.23306752048585558
2023-06-07,0.9999999999999998,0.2103673535951781,0.2908348360934732,0.2572361063207822
2023-06-08,1.0,0.21806151605605506,0.29136096067177764,0.24871677613350468
2023-06-09,1.0,0.20215708200422988,0.27560060041075896,0.23877721657959505
2023-06-12,1.0,0.2292425499419852,0.27543466860932686,0.22602357862507585
2023-06-13,1.0,0.22856530184282942,0.27356931228710796,0.23975730235302378
2023-06-14,0.9999999999999998,0.21377687105890164,0.2739948648974523,0.26255437920656155
2023-06-15,0.9999999999999998,0.22881437782025124,0.2726746986331584,0.23660956225233676
2023-06-16,0.9999999999999999,0.2252381768469839,0.26605057267903676,0.2269441251391581
2023-06-19,1.0,0.22220292681917161,0.2672233935656704,0.21442644750945677
2023-06-20,1.0,0.22830724247381953,0.266229366387962,0.2120852755960127
2023-06-21,0.9999999999999999,0.2164314197900863,0.2656668433715831,0.20051175892917247
2023-06-22,1.0,0.19515143455923295,0.2633638046226008,0.20185037830985447
2023-06-23,0.9999999999999998,0.19336040620214778,0.2586677248661589,0.18332803142219203
2023-06-26,1.0,0.20041805830420845,0.2576267325552644,0.16773804271793574
2023-06-27,1.0,0.18479221885372954,0.25978265305550385,0.14274804503218355
2023-06-28,1.0,0.18668554689158576,0.26213847373856997,0.13779346450513885
2023-06-29,0.9999999999999999,0.1753196995296632,0.2638215927365595,0.14989953319828783
2023-06-30,1.0,0.17249970826978073,0.26310472043417665,0.12639770371857262
2023-07-03,1.0,0.1689851548312228,0.2539343324812304,0.13174240661979453
2023-07-04,0.9999999999999998,0.16823100637949465,0.2557432575754804,0.17842643621667684
2023-07-05,1.0,0.18201283521364292,0.25605547220043584,0.17612384305872353
2023-07-06,1.0,0.19038748018943014,0.2573574145181183,0.1403615404780174
2023-07-07,1.0,0.18618381845454116,0.25770390025413265,0.14376494654327845
2023-07-10,0.9999999999999999,0.18684270237188447,0.2560282196287911,0.13915162651826876
2023-07-11,0.9999999999999998,0.1780732179460068,0.25558045547467123,0.1448764746165926
2023-07-12,1.0,0.1547478281933055,0.2590825043162221,0.13085917104191705
2023-07-13,1.0,0.1459263251133022,0.2584606165215133,0.11584468327644047
2023-07-14,1.0,0.1452047235139365,0.25589943123059955,0.12356666656594191
2023-07-17,1.0,0.1386480233956703,0.2492203166368163,0.14086412638509402
2023-07-18,1.0,0.13509052327290846,0.24540741191970833,0.14492514583765745
2023-07-19,0.9999999999999999,0.1398435402301037,0.24479373919019068,0.15023484983726323
2023-07-20,0.9999999999999998,0.15266574977801337,0.2419226799979117,0.14914410981175757
2023-07-21,1.0,0.14726764051543956,0.24034495477694323,0.1638538005531078
2023-07-24,1.0,0.14945610198726095,0.24197452327873045,0.1607583770627857
2023-07-25,1.0,0.14386901773840313,0.23741805479371153,0.18919531864944256
2023-07-26,1.0,0.1543519443347286,0.23308144947042278,0.229954492541682
2023-07-27,0.9999999999999998,0.18590665711002494,0.22880871370651645,0.2490312732568351
2023-07-28,0.9999999999999998,0.17977337318687506,0.23306645286760075,0.2488504523697302
2023-07-31,1.0,0.17721227492205466,0.2328513997970506,0.2952357793489527
2023-08-01,1.0,0.1908206565777837,0.23124008476384225,0.3041356485394963
2023-08-02,0.9999999999999999,0.22635175031965177,0.23415935170080576,0.2620386634252012
2023-08-03,1.0,0.21798741030249533,0.23345778916811277,0.258413620350273
2023-08-04,0.9999999999999999,0.2740595515334591,0.22867341802111094,0.29894330948702985
2023-08-07,0.9999999999999998,0.24325991668020971,0.22978645265017655,0.29110813612996317
2023-08-08,1.0,0.24971108557741586,0.22204176782608895,0.3206353248014935
2023-08-09,1.0,0.25852213861806955,0.22272172145617153,0.30290694864098505
2023-08-10,1.0000000000000002,0.26909770769087094,0.22439151532065604,0.30442421423111415
2023-08-11,1.0,0.2541048498622484,0.2194158312686252,0.3043510832926547
2023-08-14,1.0000000000000002,0.24944630403920115,0.221158287577169,0.2978583845318606
2023-08-15,1.0,0.2828812635576213,0.22312247982935254,0.2738637909601766
2023-08-16,1.0000000000000002,0.3064688063022199,0.21627275117019928,0.26709539118826003
2023-08-17,1.0,0.33413240827362567,0.2169957633483269,0.27286936970602527
2023-08-18,0.9999999999999999,0.3110472783122201,0.21822940237814528,0.2709696027816149
2023-08-21,1.0000000000000002,0.31632234372924556,0.21536883033680987,0.2768381674057855
2023-08-22,1.0,0.31062510315467545,0.21532750805590783,0.287729610861739
2023-08-23,1.0,0.2847991314054679,0.218689721380643,0.3097919272532206
2023-08-24,0.9999999999999998,0.3417328661201915,0.22210978117200933,0.27682869189888387
2023-08-25,1.0,0.30843447262926627,0.22322703474285147,0.27475555141964403
2023-08-28,0.9999999999999998,0.2912137581543238,0.21889204805502052,0.295059684245494
2023-08-29,0.9999999999999998,0.2715582664192603,0.22556373086275483,0.2291109427641521
2023-08-30,0.9999999999999999,0.25678385518167,0.2205290987024255,0.23514975624727183
2023-08-31,0.9999999999999998,0.25170874069850635,0.22109906027663595,0.23376243903688407
2023-09-01,1.0,0.2499477226842344,0.21448946931846954,0.23071334963319548
2023-09-04,0.9999999999999998,0.2503426344105626,0.2108496495946902,0.2520723788955043
2023-09-05,1.0,0.2595326761052144,0.21286937459293526,0.27240267057123163
2023-09-06,1.0,0.27274447367607907,0.20737174119462026,0.2704496409178851
2023-09-07,1.0,0.2701539416502191,0.20724739977409165,0.310761150622424
2023-09-08,1.0,0.25774483655525154,0.1992264406948654,0.31011312820623477
2023-09-11,1.0,0.24621929683407964,0.19990407196634535,0.31564214807979596
2023-09-12,1.0,0.27441483576377956,0.19927095770702394,0.3145627787039671
2023-09-13,1.0,0.25223943958569556,0.1960740838583313,0.31547607160497115
2023-09-14,0.9999999999999999,0.2245649730099167,0.1950987677674572,0.3001941976709681
2023-09-15,1.0,0.2615447693318789,0.19726847978101233,0.3082007849279041
2023-09-18,1.0,0.2605227082305597,0.19817908168032,0.30575101572335567
2023-09-19,1.0000000000000002,0.26666089025484063,0.2000678582586866,0.31902804354161796
2023-09-20,0.9999999999999999,0.3009256020532715,0.200597614570587,0.3024840394309836
2023-09-21,0.9999999999999998,0.33789111187640036,0.20358017492766747,0.28520435920209475
2023-09-22,1.0,0.33086566920776495,0.20268244598034493,0.28120558557661973
2023-09-25,1.0,0.2920453182135565,0.19905857835768218,0.2869453095643309
2023-09-26,1.0,0.3143972703396859,0.2052261967248859,0.252198144897731
2023-09-27,1.0000000000000002,0.3059607258405753,0.20515088925515598,0.26291616030020454
2023-09-28,1.0,0.2863265985408629,0.20702831221825918,0.23678065606396237
2023-09-29,1.0000000000000002,0.30197986526446247,0.20805279273794314,0.25764613243505874
2023-10-02,0.9999999999999999,0.2940304798227155,0.2077925092963283,0.267836079797241
2023-10-03,1.0,0.30814334965928003,0.21304852058355775,0.26413196886135587
2023-10-04,1.0,0.2912134412577296,0.21571139708454637,0.2978912588503187
2023-10-05,1.0,0.28862674957653356,0.2143429070062906,0.30072841691988145
2023-10-06,1.0,0.27272369012900327,0.2135155452353306,0.28945775816924574
2023-10-09,0.9999999999999999,0.26226282762979947,0.21374789109115686,0.28852451077010205
2023-10-10,0.9999999999999998,0.24475031088624383,0.21493374084086822,0.2843811671673385
2023-10-11,0.9999999999999999,0.2221225622004456,0.21475433452022383,0.29040553809724223
2023-10-12,1.0,0.23479717489313234,0.2152855082605786,0.3058514300673591
2023-10-13,1.0,0.2729634759255175,0.21538868857965035,0.30025041186349616
2023-10-16,1.0,0.23799669521505293,0.2185032794811085,0.3182589487298884
2023-10-17,1.0000000000000002,0.25245353760648853,0.21765387272358272,0.31597348251105994
2023-10-18,1.0,0.27853043230034613,0.21510936530096852,0.286789716304027
2023-10-19,0.9999999999999999,0.3348108289702515,0.21922694538168833,0.2838691019682704
2023-10-20,1.0,0.3403027444820942,0.21744750025536436,0.25662714204372267
2023-10-23,0.9999999999999999,0.3141417163761686,0.21792298898068854,0.262504380755619
2023-10-24,1.0,0.28405774002243417,0.2191005077212991,0.26455557002309005
2023-10-25,1.0000000000000002,0.3340919793800945,0.2160079728802175,0.25710498610896154
2023-10-26,1.0,0.34724123537647966,0.219225892613376,0.21738089764283108
2023-10-27,1.0,0.39030793480599546,0.21710350166031256,0.24049439322682645
2023-10-30,0.9999999999999998,0.3600180657064348,0.21445289614608803,0.23934051687838476
2023-10-31,1.0000000000000002,0.3275876127946151,0.21460992896501263,0.24334892990423937
2023-11-01,0.9999999999999998,0.30855454384257147,0.2194326517238578,0.22186274248713067
2023-11-02,1.0,0.2846620841250766,0.22706254063005069,0.16350258428029088
2023-11-03,1.0,0.27888304922789947,0.2295015402776944,0.1890205634219691
2023-11-06,1.0,0.26600147239717503,0.22888850047257442,0.18711516973372513
2023-11-07,1.0,0.2677664132130117,0.22967844658769906,0.19860395741255188
2023-11-08,1.0,0.26276313781315497,0.23052441509633365,0.20257011047669615
2023-11-09,0.9999999999999999,0.28538991640820766,0.22875939823278155,0.19260897345643788
2023-11-10,1.0,0.2452174497630422,0.23162974523310947,0.15710719735666848
2023-11-13,1.0,0.2778004058029471,0.2311342314861652,0.1537247216068402
2023-11-14,1.0,0.2461419339132628,0.2392416683858579,0.10479400123782227
2023-11-15,1.0,0.244492047217259,0.23500366619633542,0.09198012092223914
2023-11-16,1.0,0.22779199914015252,0.2323978511678686,0.09851439293576796
2023-11-17,1.0,0.23811515153540083,0.2390670089221965,0.09964274293046568
2023-11-20,1.0,0.23024031603558634,0.23610061630228718,0.09413219315206732
2023-11-21,1.0,0.23839500636026478,0.23497151323924376,0.1364780128005625
2023-11-22,0.9999999999999999,0.24784375537560202,0.23618179007978352,0.1533241377682147
2023-11-23,1.0,0.24835716899910432,0.23635963073758207,0.1495652423592815
2023-11-24,1.0,0.23207888624730466,0.23370026796593227,0.15233447784500623
2023-11-27,1.0,0.2417808010822109,0.23371460327265584,0.15215043270501588
2023-11-28,1.0,0.2457694454158524,0.23402158741712167,0.1559897298391558
2023-11-29,0.9999999999999998,0.2568003247573297,0.2338808548879117,0.16081209406263614
2023-11-30,1.0,0.2643865330120129,0.23176245894363698,0.17221412340638315
2023-12-01,0.9999999999999998,0.2689219111619967,0.23004473297972342,0.17997869578335812
2023-12-04,1.0000000000000002,0.25927587956073517,0.23086959245036606,0.17217273795323104
2023-12-05,1.0000000000000002,0.2621940892887798,0.22902146690249697,0.18966802604010646
2023-12-06,0.9999999999999999,0.27089082625711625,0.22826627840217187,0.18503448366579164
2023-12-07,1.0000000000000002,0.2745298292832048,0.23155309352302086,0.18238920853312798
2023-12-08,0.9999999999999999,0.2616589612615536,0.22932616171175282,0.21889849939855585
2023-12-11,0.9999999999999998,0.24988397230748424,0.22760042134427985,0.22995685790905954
2023-12-12,1.0,0.22477916310665494,0.2272368111961222,0.23869706213691574
2023-12-13,1.0,0.23060545154153067,0.22926458716647632,0.21743424250097984
2023-12-14,1.0,0.2028072736558503,0.22491758692951633,0.25858956710561554
2023-12-15,1.0,0.20959220219121966,0.2260109440570923,0.27048373024560673
2023-12-18,1.0,0.23926292465714616,0.2241632930967897,0.26837952935408155
2023-12-19,0.9999999999999998,0.23075515963069168,0.22435362102651185,0.2714982339413557
2023-12-20,0.9999999999999998,0.2509135358075759,0.2250096950515227,0.2561789226570015
2023-12-21,1.0,0.24633920139215934,0.22795430037161596,0.2690913089201278
2023-12-22,1.0000000000000002,0.24242816804108147,0.2280405101311211,0.26707891811424894
2023-12-25,1.0,0.2424162060391711,0.22507889551147225,0.2544437879063368
2023-12-26,1.0,0.20854394607815022,0.22668669139580278,0.2391277577660871
2023-12-27,1.0000000000000002,0.19489657138885433,0.22632995073574458,0.21857083499712407
2023-12-28,1.0,0.18497856775921684,0.2267745280531615,0.20023754916999623
2023-12-29,1.0,0.1869862242487302,0.22384374246086552,0.20212725444697174
2024-01-01,1.0000000000000002,0.18699243529307513,0.224421812613385,0.19375621418970815
2024-01-02,1.0,0.188722599825226,0.22378255819847204,0.2264827446441791
2024-01-03,1.0,0.20593325101791352,0.22299948550748655,0.22646324918680535
2024-01-04,0.9999999999999999,0.2072597976655261,0.22003837075853594,0.19912203571983036
2024-01-05,1.0000000000000002,0.19078187748827496,0.21824020572044364,0.19277339028863905
2024-01-08,1.0,0.17065944660179547,0.22585374062847555,0.16670217365736353
2024-01-09,1.0,0.16066720788487146,0.2272470943565809,0.1695723282494121
2024-01-10,0.9999999999999998,0.15826836571263267,0.2296258095322272,0.162849687525795
2024-01-11,1.0,0.15139332211721243,0.23009055773616796,0.15992036381289446
2024-01-12,1.0,0.15875710049514213,0.23069514094708224,0.1640100020861241
2024-01-15,0.9999999999999998,0.15888481700515827,0.23195671477680993,0.18991563397297637
2024-01-16,0.9999999999999996,0.1780711434043519,0.23276724684510455,0.1926553542004012
2024-01-17,1.0,0.19482317842444818,0.23462341584693816,0.17515160087265652
2024-01-18,1.0,0.18184365707362948,0.24152955720025582,0.17512972277873365
2024-01-19,0.9999999999999998,0.1581573148075535,0.24887396877845452,0.16478682135479183
2024-01-22,0.9999999999999998,0.1517800013459867,0.2469383592718861,0.16920992882785435
2024-01-23,1.0,0.13792581471314477,0.24749407156668832,0.16749358882685936
2024-01-24,0.9999999999999999,0.14638205995149578,0.24754446488343074,0.217124046629098
2024-01-25,1.0000000000000002,0.15041815345046086,0.2376875120871853,0.22805801322229508
2024-01-26,1.0000000000000002,0.1524453829035578,0.23486237193424148,0.23715738559887478
2024-01-29,1.0000000000000002,0.15756000736651404,0.2419121959286047,0.23025366806061356
2024-01-30,1.0,0.1431476126636844,0.2396740853065138,0.23433562383697992
2024-01-31,0.9999999999999999,0.18857111555744976,0.24868240513635764,0.19452848339422596
2024-02-01,1.0,0.17369206650120664,0.2501831857679025,0.19313270723480871
2024-02-02,1.0,0.1937267461023183,0.24665620528187843,0.2062705866015198
2024-02-05,1.0,0.1727574391835633,0.2449516507045891,0.23672364681616478
2024-02-06,1.0,0.16729041048900611,0.24289298274456697,0.24301387162741048
2024-02-07,1.0000000000000002,0.16824559288059382,0.24156943690563024,0.25012055298717956
2024-02-08,1.0,0.16835140791322029,0.23794751946016685,0.26020632393482346
2024-02-09,0.9999999999999998,0.17182446572340587,0.23677278019576753,0.25735077356001507
2024-02-12,1.0,0.17158080271460452,0.23587919242438465,0.2667539055332989
2024-02-13,1.0,0.19070417324578645,0.23857511234583492,0.2430310944761664
2024-02-14,1.0,0.175652524218235,0.24088951935552116,0.23194119386423126
2024-02-15,1.0,0.1671769335946081,0.23562098850072813,0.24796179114225572
2024-02-16,1.0,0.17587149166837446,0.2286511301078461,0.24623100928870195
2024-02-19,1.0,0.17686403608853213,0.22928645019007934,0.24139073522828117
2024-02-20,1.0,0.20693987967165742,0.22770091703404532,0.24042513180330377
2024-02-21,1.0,0.21284890604855955,0.22062892426450942,0.23116395099312995
2024-02-22,1.0000000000000002,0.2097306180318716,0.23151513662278367,0.1734968692113435
2024-02-23,0.9999999999999999,0.19671139141228342,0.2314262524156364,0.17639472075655352
2024-02-26,1.0,0.18775950937185917,0.23207825777333133,0.1810045302423395
2024-02-27,1.0,0.18463681877908292,0.2312084933306144,0.17684027344473074
2024-02-28,0.9999999999999998,0.19427068241433565,0.23159855288192366,0.17733034723212074
2024-02-29,1.0,0.1869680013504863,0.2316782896611163,0.18323519842747102
2024-03-01,1.0,0.1802059705017603,0.2341097915548857,0.17189315572589492
2024-03-04,1.0,0.1741256587349675,0.2327472021910259,0.18923089766626533
2024-03-05,1.0,0.19240406681094527,0.23434070660848205,0.1622329726399192
2024-03-06,1.0,0.1926623483877868,0.23471164358150132,0.18211109228609165
2024-03-07,1.0,0.17673180986663936,0.23810999434109603,0.16923160073413857
2024-03-08,0.9999999999999999,0.188148197249068,0.23397151780262723,0.16161253288266575
2024-03-11,1.0,0.20973222265406172,0.2287657713165221,0.1591983940784787
2024-03-12,1.0,0.17291338120960362,0.2326232873198619,0.14338108229803467
2024-03-13,0.9999999999999999,0.1711244750064624,0.23089163388643122,0.15464042890201118
2024-03-14,0.9999999999999999,0.19120393760522203,0.22750184075931976,0.19794355498065905
2024-03-15,1.0,0.21165032067724782,0.22010452725818297,0.2120778236137464
2024-03-18,1.0,0.2050492666210396,0.21985173184833315,0.20181694800261096
2024-03-19,1.0,0.2117238871678419,0.21978843051439695,0.1944828870993147
2024-03-20,1.0,0.1842332357800334,0.21548512631480815,0.16505837699255238
2024-03-21,1.0,0.16743736358799488,0.21346069318912567,0.17107452627662298
2024-03-22,1.0,0.16097197097745022,0.21312617836101078,0.19719321294485065
2024-03-25,1.0,0.14440046053526032,0.2133388226370868,0.23744121511825658
2024-03-26,1.0,0.1498177244426585,0.21432347482600522,0.22622094677676316
2024-03-27,1.0,0.1323393045840132,0.20512834401357638,0.2004003835794371
2024-03-28,1.0,0.13967925541094356,0.20521138023392574,0.20789268365414512
2024-03-29,1.0,0.13972982836856865,0.2064218425833362,0.19768729772362903
2024-04-01,1.0,0.14110951526385365,0.2038821559034647,0.21467298766737397
2024-04-02,1.0,0.16665605884529294,0.20526592614255113,0.20614200094388854
2024-04-03,0.9999999999999999,0.169413857916541,0.20449021333594397,0.21348150001148
2024-04-04,1.0,0.19258098638199656,0.20720844689940904,0.2171462387571777
2024-04-05,1.0,0.1917538178054591,0.20940091310782147,0.2248682037262142
2024-04-08,0.9999999999999999,0.17126601364795152,0.20689254344334804,0.21904582956456667
2024-04-09,1.0,0.1688529112782051,0.20471988383826448,0.21996368855912474
2024-04-10,1.0000000000000002,0.18037305955567615,0.20694881074319582,0.2154108169516065
2024-04-11,1.0,0.16404175495391934,0.20295679466053357,0.21349163434708315
2024-04-12,1.0,0.20519684515192357,0.20778437322884763,0.19153248395934788
2024-04-15,0.9999999999999998,0.25681909004677467,0.2054043789453701,0.17141109913465052
2024-04-16,1.0,0.24044049582758062,0.2069137836245839,0.18560194026905405
2024-04-17,1.0,0.2391931244712286,0.20552408983939363,0.17760245167030014
2024-04-18,0.9999999999999999,0.23643335928289447,0.20186607417510394,0.17440745599634755
2024-04-19,1.0,0.24535923750012945,0.195951324647776,0.15091435390311092
2024-04-22,1.0,0.204753756164209,0.20135874106428492,0.14892701245154835
2024-04-23,0.9999999999999998,0.1834420242246258,0.20335216518798296,0.1384499178416636
2024-04-24,1.0,0.1878114938556664,0.20104651056542713,0.13789193006035386
2024-04-25,1.0,0.17127058578494275,0.19440051784210835,0.14305423317809635
2024-04-26,1.0,0.1891101090337348,0.18825277001425886,0.14623955425963128
2024-04-29,1.0,0.17084047657030324,0.18488299456223456,0.14934631344234336
2024-04-30,1.0,0.20561526560680782,0.18889159295441943,0.12244151092009685
2024-05-01,1.0,0.2261922622514697,0.18734876886537288,0.12838142363626892
2024-05-02,1.0,0.22526580548885003,0.18878697521869875,0.1217650480931171
2024-05-03,1.0,0.1921287664129177,0.19127730710438925,0.10076855953001723
2024-05-06,1.0,0.2000554206780172,0.1900867968628819,0.08374453887766962
2024-05-07,1.0,0.20160557274495486,0.18824059020118664,0.11843587039120136
2024-05-08,0.9999999999999999,0.18769110029036948,0.18154863206096464,0.11621803609562467
2024-05-09,1.0,0.19078252030943796,0.1815259853422493,0.12188671232352816
2024-05-10,1.0,0.17657450128407406,0.18353686768218397,0.11963899903808409
2024-05-13,0.9999999999999998,0.22587468716434975,0.18331903892118706,0.1048548918827131
2024-05-14,1.0,0.2115080629427551,0.1828145429551707,0.11370932110965368
2024-05-15,1.0,0.17439814316809907,0.18682025057589763,0.0858421916415203
2024-05-16,0.9999999999999998,0.1722234857640582,0.18571307322814304,0.08412433134348844
2024-05-17,1.0,0.16630467902834936,0.18453505084059338,0.09035792256559269
2024-05-20,1.0,0.16867607863575088,0.1849463352252869,0.09039006731198235
2024-05-21,1.0,0.16229510055624616,0.18386675987908122,0.09348271334975236
2024-05-22,0.9999999999999999,0.1684576680230029,0.18482589454878723,0.08634890444963267
2024-05-23,1.0,0.18959504306738867,0.18431257575945606,0.0912583549559565
2024-05-24,1.0,0.17049375632351157,0.18569129129276582,0.08611788753735744
2024-05-27,1.0,0.17024015476531867,0.18629630275808473,0.08402984450486932
2024-05-28,1.0,0.1697664373784041,0.18380557734555283,0.08824184260027444
2024-05-29,1.0,0.20233261764205052,0.18658074292666996,0.07158454755204449
2024-05-30,1.0,0.20770592631779253,0.18226806832835465,0.06535869344267795
2024-05-31,1.0,0.184366605624405,0.17905933531109208,0.06550523141856754
2024-06-03,1.0,0.18141211485277797,0.17886737550172938,0.06920255399044911
2024-06-04,1.0,0.19998897103462893,0.17988226740721028,0.07037438290984695
2024-06-05,0.9999999999999998,0.18192508661349602,0.18582085043668173,0.04669859696186644
2024-06-06,0.9999999999999999,0.17739279000893682,0.18340405621185452,0.04974503742191008
2024-06-07,1.0,0.17592661195298936,0.18680126135451508,0.04646893810544555
2024-06-10,0.9999999999999999,0.1826688664521819,0.18748233309139536,0.04940520686588318
2024-06-11,1.0,0.19510080373147468,0.1845720659832089,0.07245945248556862
2024-06-12,1.0,0.1551764924127306,0.18672554781780074,0.08774328364466288
2024-06-13,1.0000000000000002,0.14227946112065906,0.18134992999237623,0.09604119483897076
2024-06-14,0.9999999999999999,0.14683623338617507,0.17973524796652934,0.09638352937958022
2024-06-17,1.0,0.14334135648547225,0.18077712528243986,0.08960099369335037
2024-06-18,0.9999999999999998,0.13947202330941733,0.1800526185613247,0.14574058753601427
2024-06-19,1.0,0.13993372210308913,0.18007236699588927,0.14524668177501956
2024-06-20,0.9999999999999998,0.14163301220985805,0.17801970906750045,0.150141072344395
2024-06-21,1.0,0.1445672766368399,0.1771012019737092,0.16285964354307073
2024-06-24,1.0,0.1419469376789166,0.17275581873377963,0.16189732895593614
2024-06-25,1.0,0.12815242978536942,0.17290028133642843,0.24058222083384906
2024-06-26,1.0,0.12189561398539335,0.17033177564432608,0.23981716846753262
2024-06-27,1.0,0.11303568827724164,0.1690709890573728,0.25173698232731606
2024-06-28,1.0,0.11337623712735964,0.1683493224226084,0.25392061005772754
2024-07-01,1.0,0.10074457625650558,0.1678004759253559,0.2521714945346168
2024-07-02,1.0,0.09974860137770546,0.16252920120201164,0.28237442954448977
2024-07-03,1.0,0.09402117278745208,0.16328272109800696,0.2849263022007053
2024-07-04,1.0,0.09331628951671804,0.16296555389072143,0.29052735799156154
2024-07-05,1.0,0.09210524541417794,0.163233619261802,0.3286399852950215
2024-07-08,1.0,0.08554873254987823,0.1635378604061272,0.3404174309953362
2024-07-09,0.9999999999999998,0.08807434400096517,0.16243237401251023,0.33115720043439467
2024-07-10,0.9999999999999998,0.08996561632894973,0.164723595977679,0.3556084913194558
2024-07-11,1.0,0.09078529654872718,0.1637922291891028,0.3592702887003608
2024-07-12,1.0,0.030474261140322756,0.16131058917102353,0.35800594814171827
2024-07-15,1.0,0.07565285444270062,0.15712866819755136,0.3836172595477227
2024-07-16,1.0,0.09898442867902967,0.15514296326314644,0.388140275294228
2024-07-17,1.0,0.09056792333087514,0.15670030795635168,0.39917481834294716
2024-07-18,1.0,0.09544207691529176,0.15907352946523734,0.40445998644957154
2024-07-19,1.0,0.09684075531282291,0.16075312012527576,0.40645922858839056
2024-07-22,1.0,0.04551206566969633,0.16499360668879212,0.40818244380347735
2024-07-23,1.0,0.04632518529356528,0.1636472423617846,0.4149780772042659
2024-07-24,1.0,0.08461932784205495,0.17446583295529108,0.3930654099937828
2024-07-25,1.0,0.10698704160620878,0.16806569444169014,0.40741014948374116
2024-07-26,1.0,0.07314357572170051,0.16779699846943485,0.41166484451551744
2024-07-29,0.9999999999999998,0.07185001240365783,0.16926197367614385,0.41561768518976494
2024-07-30,1.0,0.08903046495845975,0.16765568770293857,0.43090432687728897
2024-07-31,1.0,0.07522787638506692,0.17797016607695157,0.42585707161532166
2024-08-01,1.0,0.09718708319543798,0.17690728022942387,0.4370079535275175
2024-08-02,1.0,0.14872162685715826,0.18208802048865666,0.4357385296346707
2024-08-05,1.0,0.2976837447063636,0.20214498950414747,0.37493816569488214
2024-08-06,0.9999999999999999,0.2116700729405121,0.20494693980001863,0.3843237791972609
2024-08-07,1.0,0.24235004139169633,0.19908666313621617,0.3851223754465093
2024-08-08,1.0,0.19534828483842137,0.20888539625583244,0.4023017028562284
2024-08-09,1.0,0.14728727932612043,0.2104120130863399,0.40993214978355746
2024-08-12,1.0,0.14539969873793845,0.21085331341934058,0.3967196233366633
2024-08-13,1.0,0.11212461691134731,0.21781734586915102,0.36299690677894314
2024-08-14,1.0,0.09828473248270336,0.21703366684803896,0.36797080150403355
2024-08-15,0.9999999999999998,0.08785452557324923,0.22393223697234282,0.3469616858977076
2024-08-16,1.0,0.09425090617812862,0.21446803391143615,0.33811652515508
2024-08-19,1.0,0.14449449317440702,0.21654694730661767,0.32393804194581566
2024-08-20,1.0,0.20007713015544493,0.21627905067970257,0.3233615790614182
2024-08-21,0.9999999999999998,0.16095838530121764,0.21685846359569605,0.3573580847831352
2024-08-22,1.0,0.14953732953127058,0.21694683631519568,0.337739778945341
2024-08-23,0.9999999999999998,0.11190856362424408,0.2195621628215336,0.32960758537554125
2024-08-26,1.0,0.06793384659449393,0.217807724104044,0.3157882206121558
2024-08-27,1.0,0.05963023731607783,0.2196430230379475,0.31386986158080643
2024-08-28,0.9999999999999999,0.08443763144859158,0.21775545240917846,0.2956315465091446
2024-08-29,1.0,0.06783723941154914,0.21583360871150944,0.29867268681924175
2024-08-30,1.0,0.048069618317931884,0.21623878771886965,0.28732024063128997
2024-09-02,1.0,0.05179204433172993,0.21625322069014885,0.2889352251031746
2024-09-03,0.9999999999999999,0.10956638314399048,0.22096800264099264,0.23327145406437685
2024-09-04,1.0,0.14847451483615315,0.21909375623299057,0.23101339270928678
2024-09-05,0.9999999999999999,0.13004117663666429,0.2195816525259435,0.23953329903378243
2024-09-06,0.9999999999999998,0.17894075766543727,0.22490680621638479,0.18071422614274937
2024-09-09,1.0,0.13447260436818936,0.22677078114404065,0.1756909730427127
2024-09-10,0.9999999999999999,0.13924491534115183,0.22645066188743715,0.18595565984851822
2024-09-11,1.0,0.1130648331743542,0.23117217139472201,0.18507937697685295
2024-09-12,0.9999999999999998,0.10443677911441239,0.23135880330384861,0.1715910459184573
2024-09-13,1.0,0.09937366303209114,0.23402884394494142,0.176508085728922
2024-09-16,0.9999999999999999,0.1611309699602592,0.2322379094884339,0.18656861447866008
2024-09-17,1.0,0.18733337000143535,0.23237376566959966,0.18476036353033382
2024-09-18,0.9999999999999999,0.24937587019512059,0.23198816583832224,0.1774477019859499
2024-09-19,1.0000000000000002,0.15311656771801185,0.24098155576033053,0.11904805486511742
2024-09-20,0.9999999999999999,0.13722687354021706,0.23973300582224003,0.11861969803396187
2024-09-23,1.0,0.08649168612898839,0.23911357449488665,0.11528575360768695
2024-09-24,1.0,0.06727336386854271,0.23982890058254944,0.1331922344169479
2024-09-25,0.9999999999999998,0.0590596374517547,0.24069536573944897,0.12104573040647947
2024-09-26,1.0,0.1532392136757089,0.24022365705601198,0.117993814658303
2024-09-27,1.0,0.17566983507899803,0.2358985187795741,0.11799623568312209
2024-09-30,1.0,0.15285651356517146,0.23490967063810284,0.12008995879767623
2024-10-01,1.0,0.19864279556191392,0.234353112504921,0.103059454630031
2024-10-02,0.9999999999999998,0.18887960281086844,0.23540254543323294,0.15702633875960215
2024-10-03,1.0,0.1923498016708786,0.2354249461589847,0.15666190986617687
2024-10-04,1.0,0.1610871298751497,0.2371001759334663,0.1491221428840382
2024-10-07,1.0,0.2581211048759963,0.23374669440820886,0.16377117197898788
2024-10-08,0.9999999999999999,0.2282765532030338,0.23276254187160453,0.17609001347524264
2024-10-09,1.0000000000000002,0.21612219409827255,0.23371870073695825,0.18134104953567967
2024-10-10,1.0,0.2174113553175927,0.23367515536100122,0.17325579052584228
2024-10-11,1.0000000000000002,0.2214185769169739,0.23292651220394403,0.16863135313438088
2024-10-14,1.0,0.20669045399584127,0.23313661345663356,0.1649373768195045
2024-10-15,0.9999999999999998,0.21109159394810223,0.23002029922529266,0.1602936029522682
2024-10-16,1.0,0.19608948869557935,0.22677677478112018,0.1618750557025484
2024-10-17,1.0,0.1840390166558456,0.22867236289305537,0.17967099184772076
2024-10-18,1.0,0.17857650588044505,0.2317408757052238,0.1804336252660295
2024-10-21,1.0,0.17988149805431244,0.23380401869896517,0.18280909313056787
2024-10-22,0.9999999999999999,0.17610420359607226,0.23461816636560862,0.1849923465571993
2024-10-23,0.9999999999999998,0.19929173563236594,0.23187434476090993,0.16970712718576975
2024-10-24,1.0000000000000002,0.2009465891562088,0.23068519109094787,0.17352097610219247
2024-10-25,0.9999999999999998,0.22032168041638936,0.2315205264351885,0.16878458868051924
2024-10-28,1.0000000000000002,0.20792137170495006,0.2291892046902403,0.16993591272722194
2024-10-29,1.0,0.19915705680479276,0.22903432964729545,0.17769628787667005
2024-10-30,1.0,0.22646695920090393,0.22843273567434316,0.1811975823573122
2024-10-31,0.9999999999999998,0.29483814472579306,0.23075477433326863,0.13845553911305136
2024-11-01,1.0,0.30808052892397225,0.23144134857742332,0.1421795549611978
2024-11-04,0.9999999999999999,0.3056633629388228,0.2316343198770499,0.1352618450726741
2024-11-05,1.0,0.25984616863628995,0.23449680718016566,0.1250158154658477
2024-11-06,1.0,0.18077057089028992,0.23542835733663053,0.0962563196470191
2024-11-07,0.9999999999999998,0.17426735159065182,0.2354477009856628,0.08189882512254282
2024-11-08,1.0,0.1717898439349574,0.2336613218730143,0.09219993961276908
2024-11-11,1.0,0.15867892527104996,0.23112099610619913,0.09576212543372055
2024-11-12,1.0,0.15067991011053553,0.23165902735468416,0.10485161268655074
2024-11-13,1.0,0.14360913309024118,0.23078148546293112,0.11307886537294419
2024-11-14,1.0,0.1388881656108329,0.23030697838830794,0.09984543353067578
2024-11-15,1.0,0.16901802667863547,0.2326239843453683,0.06195133213399863
2024-11-18,1.0,0.17510885456317915,0.23230670729984676,0.06751075295473166
2024-11-19,1.0,0.18742833777562584,0.23289506556167802,0.1964379013798331
2024-11-20,0.9999999999999998,0.19454608296377962,0.23361244108119006,0.19284927700612908
2024-11-21,1.0,0.19980920841834263,0.23083676310170856,0.19505533226417307
2024-11-22,1.0,0.1719262845306095,0.2309790162023485,0.20603158680610315
2024-11-25,1.0,0.15639423094692925,0.22935933268812506,0.22861985143445465
2024-11-26,0.9999999999999999,0.1534117139342796,0.23022584805082455,0.23320484726063104
2024-11-27,1.0,0.15874817501584096,0.22943177045104607,0.2325046009332733
2024-11-28,1.0,0.15872197406553287,0.22778177853895468,0.24051812756243673
2024-11-29,1.0000000000000002,0.14498598180544367,0.22993642813814774,0.24909561277375597
2024-12-02,1.0,0.1430087943644977,0.2314812053238007,0.25072546931756196
2024-12-03,1.0,0.14036411765917817,0.23248190432266094,0.2563186095934175
2024-12-04,0.9999999999999999,0.13552009247669625,0.23727928206617493,0.2455546500125587
2024-12-05,1.0,0.13258737580181254,0.2360494843504912,0.2743018985986323
2024-12-06,1.0,0.11779601567055802,0.23819757193305713,0.27675298831342665
2024-12-09,1.0000000000000002,0.14164904669785092,0.23835743747446142,0.2867203706193792
2024-12-10,1.0,0.14354068504214088,0.23545903112625943,0.29733458454038764
2024-12-11,1.0,0.12278547784802597,0.23870123911826052,0.3006530103181459
2024-12-12,1.0,0.13714916119708306,0.2379984842681914,0.3136299455689202
2024-12-13,1.0,0.12174268870735408,0.236312218760889,0.33394843043548683
2024-12-16,1.0,0.12945514953120346,0.23722398640717937,0.34487377712095263
2024-12-17,1.0,0.1477708778652566,0.23769593986123846,0.39561654260912915
2024-12-18,1.0,0.3435681848931183,0.24977798580508978,0.28192480442663087
2024-12-19,1.0,0.28307801777530056,0.25028451064392443,0.29464849245680796
2024-12-20,1.0000000000000002,0.2409449291079831,0.24978900000520973,0.3129498176885182
2024-12-23,1.0,0.2061144395168509,0.2522442044824288,0.30542185176735626
2024-12-24,1.0,0.146187417172843,0.25521754606926794,0.28427909904664833
2024-12-25,1.0,0.14576643457312713,0.2556177804714282,0.27949800771607036
2024-12-26,1.0,0.1358043610320628,0.25527393696304157,0.27149588664866975
2024-12-27,1.0000000000000002,0.15944413596513002,0.2551301261102664,0.20297971163487225
2024-12-30,1.0,0.19031047726050987,0.2577954593947661,0.1866243636423268
2024-12-31,1.0,0.19042425157188583,0.25763834808065045,0.1769720821621621
2025-01-01,0.9999999999999999,0.19042869903268464,0.2585917418866176,0.16112924213189003
2025-01-02,1.0,0.20497743527199191,0.2566994153915745,0.16588873081122948
2025-01-03,1.0,0.16987178132985725,0.2599722452249842,0.16862430434392556
2025-01-06,1.0,0.13657348760497884,0.2618981950505846,0.1720311420059816
2025-01-07,1.0,0.18323420852656708,0.2613607381827142,0.14426758505586762
2025-01-08,1.0,0.17964752752727742,0.2619206204967683,0.1420436974281593
2025-01-09,1.0000000000000002,0.1792555933991122,0.26014138592728625,0.15118732671381835
2025-01-10,0.9999999999999999,0.21533580806360128,0.26240253008053127,0.132220248971404
2025-01-13,1.0,0.2011833156557161,0.26060717686816526,0.12849972177593205
2025-01-14,1.0000000000000002,0.19856550139982956,0.2589514466652411,0.1304934922882636
2025-01-15,1.0000000000000002,0.15471970025307277,0.26706090142249805,0.11210958030628886
2025-01-16,0.9999999999999998,0.1633290504503537,0.25166538886633033,0.115905192685969
2025-01-17,0.9999999999999998,0.15943712662698092,0.25546838778986547,0.11560941816564914
2025-01-20,1.0,0.15936701240286447,0.2548553977851829,0.1122954395949833
2025-01-21,1.0,0.12821376656660244,0.25503994055401363,0.1098741067096954
2025-01-22,1.0,0.11524846059851013,0.25693584448541545,0.10964715354116818
2025-01-23,1.0,0.11397498269537694,0.2518605324208502,0.1317469182966928
2025-01-24,1.0,0.11659294445851796,0.24814232978957046,0.13451502950201194
2025-01-27,1.0000000000000002,0.1379595876037274,0.2259017343830638,0.13394676993936155
2025-01-28,1.0,0.12270105442820012,0.20919629996519043,0.12413682490929029
2025-01-29,1.0000000000000002,0.116499429077704,0.206695233012215,0.15711822741565856
2025-01-30,0.9999999999999998,0.11012763511040859,0.20389130963076071,0.19261523106423623
2025-01-31,1.0000000000000002,0.13575153563470002,0.1957276109380241,0.20926774780770124
2025-02-03,1.0,0.18042709192051898,0.19556504048689752,0.20030867301970362
2025-02-04,1.0,0.15858844226496363,0.19635195661263102,0.21504204475840735
2025-02-05,1.0,0.13623606731119195,0.18818882327546668,0.25542979182239406
2025-02-06,1.0,0.14114202728552216,0.18793298798848315,0.24807983673437234
2025-02-07,0.9999999999999999,0.1658557599438278,0.1846594136195374,0.3070896788370448
2025-02-10,1.0,0.1506841224176925,0.185757950035775,0.2858519808987761
2025-02-11,1.0,0.14278614918047458,0.18291237455176915,0.28582880711406994
2025-02-12,1.0,0.16703269754269862,0.18236021277741526,0.2902049915362187
2025-02-13,1.0,0.13973000704102814,0.18329355787261753,0.32324375837510094
2025-02-14,1.0,0.13148520908251973,0.1808794789474964,0.3320275027818659
2025-02-17,1.0,0.13128349609920675,0.1793098798742464,0.3301149077753376
2025-02-18,0.9999999999999999,0.12473427495681934,0.1777157075438119,0.34321685218094766
2025-02-19,1.0,0.13015935771008874,0.17660961684043386,0.3455736041015488
2025-02-20,1.0,0.13686382449234605,0.17432010723398206,0.34411653725695984
2025-02-21,0.9999999999999998,0.19927176651514483,0.17769849383712466,0.35090204320562585
2025-02-24,1.0,0.22830080975432712,0.17445976533311414,0.3500961720253335
2025-02-25,1.0,0.21616462776215312,0.17173186903625273,0.3596979116900638
2025-02-26,1.0,0.22690464957126188,0.16291208278102653,0.3728212378179193
2025-02-27,1.0,0.2918871227283941,0.16532269971780614,0.3774726196646009
2025-02-28,0.9999999999999998,0.2414804238266588,0.16936063557481898,0.3619530782417538
2025-03-03,1.0,0.289088147281469,0.16030478760314237,0.36713823374433463
2025-03-04,0.9999999999999998,0.33001583448722627,0.15942681670029976,0.38144459490502286
2025-03-05,0.9999999999999998,0.30674397501491546,0.16347063938871795,0.440479166957953
2025-03-06,0.9999999999999999,0.36748263058074143,0.16569354591149402,0.5396308463725495
2025-03-07,0.9999999999999999,0.3460639864275724,0.1633800354970972,0.5210202849941405
2025-03-10,0.9999999999999998,0.3752137903474233,0.1754999144944662,0.49395356766391235
2025-03-11,1.0,0.39807858584588346,0.17700824167120158,0.6130709516151259
2025-03-12,1.0000000000000002,0.3649461705610977,0.17949017368920753,0.5937564496142106
2025-03-13,1.0,0.372298572342496,0.1798916659687091,0.5953050440152247
2025-03-14,0.9999999999999998,0.3430175207435402,0.18276408895138738,0.5903640984206056
2025-03-17,0.9999999999999998,0.31480432559066984,0.1824930525980389,0.5878105018802002
2025-03-18,1.0,0.33312073921217006,0.1822077107854878,0.5856945061110037
2025-03-19,1.0,0.30713451280389575,0.18571939484708028,0.5640859460860398
2025-03-20,0.9999999999999999,0.30377494915780134,0.18598096987662474,0.5671522531905617
2025-03-21,1.0,0.3019433575829845,0.18666303313929714,0.572104390261549
2025-03-24,1.0,0.2562069209997736,0.19302905877087437,0.5807129765946719
2025-03-25,0.9999999999999998,0.2375308434434213,0.1941921734548687,0.5862865395500111
2025-03-26,1.0,0.25329994852187027,0.19330185141355538,0.587396031088025
2025-03-27,0.9999999999999999,0.26012250529875935,0.19255018769400145,0.5832271705455763
2025-03-28,1.0000000000000002,0.3087180260561373,0.1968222444977522,0.576349107785779
2025-03-31,1.0,0.28310997415769673,0.19477317719709591,0.582496053811121
2025-04-01,0.9999999999999999,0.27388567155887794,0.1956864418881825,0.5838946723783109
2025-04-02,1.0,0.2633882016061678,0.19661632869215614,0.57098480991701
2025-04-03,1.0000000000000002,0.38090363907816466,0.21594481069256147,0.5475196204088467
2025-04-04,1.0,0.5347337265604986,0.2649698238555238,0.46937055609067857
2025-04-07,0.9999999999999999,0.48894066596847385,0.26440774637457454,0.49680449028418266
2025-04-08,0.9999999999999998,0.5185407279347347,0.258926070873502,0.48414287169459447
2025-04-09,1.0,0.3670497911419169,0.3473911281936002,0.31926829835369763
2025-04-10,1.0,0.4577959983476597,0.33574831478073525,0.3066436473717385
2025-04-11,1.0,0.4659837897171496,0.3397228137184339,0.3264332603397236
2025-04-14,1.0,0.38347700590020095,0.3383996232523174,0.317734479265507
2025-04-15,1.0,0.38755675679302104,0.3384337381275602,0.31446045428592584
2025-04-16,1.0000000000000002,0.42110019765746903,0.3389702306598429,0.2598801397738189
2025-04-17,1.0,0.405675222608747,0.33399570838538684,0.27303552019142235
2025-04-18,1.0,0.40603251818675723,0.33668988814506656,0.2668136324473678
2025-04-21,0.9999999999999998,0.46253274045469595,0.33746722680968333,0.21227555550229363
2025-04-22,0.9999999999999999,0.4374109545044353,0.3443171815256374,0.22775651668965577
2025-04-23,1.0000000000000002,0.39998429188113066,0.35042348322868183,0.21809975798775136
2025-04-24,1.0,0.37204799537500416,0.3575127098034697,0.19986898372223544
2025-04-25,1.0,0.3536071345690955,0.35770592329102274,0.2077239422213997
2025-04-28,1.0,0.355239730214495,0.35700892349115393,0.23298312995962192
2025-04-29,1.0,0.3432175662470168,0.3574659685462048,0.24181522368973782
2025-04-30,1.0,0.33808164937912394,0.355956083368048,0.2432558686879234
2025-05-01,0.9999999999999998,0.38428306038877347,0.3586419466280226,0.2651636444793966
2025-05-02,1.0,0.34179916220419343,0.36014902800235415,0.2552906897824219
2025-05-05,1.0000000000000002,0.3578951761507863,0.3602993778297423,0.25055328266803756
2025-05-06,1.0,0.40462965102973814,0.3616868832381924,0.23810715282010517
2025-05-07,0.9999999999999998,0.3593236763635235,0.3618236645354088,0.2543034794330298
2025-05-08,0.9999999999999998,0.35575608118915314,0.36383536322144056,0.2657356617738356
2025-05-09,1.0,0.3604657907033575,0.3639065374303209,0.26448081764535875
2025-05-12,1.0,0.2563946908719987,0.3750615618303351,0.18104793139945383
2025-05-13,1.0,0.22711992311925494,0.37763991482765313,0.18369405877288444
2025-05-14,0.9999999999999999,0.23140866303117588,0.37923591291877917,0.19234890560577564
2025-05-15,0.9999999999999998,0.22221891711911018,0.37657116251477046,0.22964646653294124
2025-05-16,1.0,0.22029954803399107,0.377300167824744,0.23750230985842113
2025-05-19,1.0,0.24299939677883897,0.37636358587364116,0.2548952498065765
2025-05-20,1.0,0.24972269076517029,0.37621074999337045,0.24768015069952137
2025-05-21,0.9999999999999999,0.3028404489785665,0.3757620583587691,0.22898215523887128
2025-05-22,1.0,0.29621927086308264,0.37764245414925557,0.22459945610148482
2025-05-23,1.0,0.34077808211672483,0.37554751740816045,0.21830359763957188
2025-05-26,1.0,0.3459632039842546,0.37440197206845693,0.23186954588229766
2025-05-27,1.0,0.23517266206960658,0.38087371475284615,0.17469614581537296
2025-05-28,0.9999999999999999,0.2544011193590219,0.3816755337363819,0.16868902928282162
2025-05-29,1.0,0.27006418596518283,0.3817138496257807,0.16875545276710963
2025-05-30,1.0,0.2794805423942645,0.3806921039062604,0.17199622083081106
2025-06-02,0.9999999999999999,0.2667264705089836,0.3816808028963783,0.16545700810092168
2025-06-03,0.9999999999999999,0.25289931355945255,0.3837456568455655,0.16412310297518085
2025-06-04,1.0,0.254660262276616,0.3842123459927194,0.173346078181911
2025-06-05,1.0,0.26815169038459247,0.38277917024323965,0.17621194592093678
2025-06-06,1.0,0.22524939506036198,0.3846263385406103,0.18694771503747412
2025-06-09,1.0,0.2544721990258046,0.38974785657253413,0.1871819074129276
2025-06-10,0.9999999999999998,0.2438916230677916,0.39140520441526794,0.1930723478854202
2025-06-11,1.0,0.24692789508021246,0.3905940954230836,0.189075302987734
2025-06-12,1.0,0.26453702615787966,0.38320303054017457,0.1947099884046702
2025-06-13,1.0000000000000002,0.31483149184677967,0.3837885216969324,0.16525018195064903
2025-06-16,1.0,0.2708601790432747,0.3880624649409476,0.14983445565069697
2025-06-17,1.0,0.336827370432745,0.3889951818592841,0.12337785473678022
2025-06-18,0.9999999999999998,0.30793690163501447,0.3879924324020683,0.12144105677297337
2025-06-19,1.0,0.30467771772078434,0.3884521070346176,0.11692694815951478
2025-06-20,0.9999999999999998,0.30399647268728947,0.3870403057159302,0.11251725212827474
2025-06-23,0.9999999999999999,0.28065102628777217,0.3873818307184775,0.1083899953581553
2025-06-24,1.0,0.23830354600874226,0.38763377599635007,0.08785465203238409
2025-06-25,1.0,0.21405221966563767,0.3874090072548727,0.08820667829201854
2025-06-26,1.0,0.20101764906033187,0.38790328041218847,0.08327064447699693
2025-06-27,1.0,0.18439689661213227,0.38796874258515435,0.07922702618333774
2025-06-30,1.0,0.18400957780422814,0.3867579547585175,0.0816818237278375
2025-07-01,0.9999999999999999,0.19006952288435458,0.38440704722361524,0.08138533758319334
2025-07-02,1.0,0.18266436054314325,0.3854843070204262,0.06392913156983802
2025-07-03,0.9999999999999999,0.17772188855715845,0.3874425190150847,0.08974718439626428
2025-07-04,0.9999999999999999,0.17714677749384092,0.38746243446984696,0.11620191016480519
2025-07-07,0.9999999999999998,0.19117088942917243,0.38656371825650554,0.10758601137888428
2025-07-08,1.0000000000000002,0.17404379799478767,0.385867182303136,0.10952877965151218
2025-07-09,1.0,0.1586766861494128,0.3877548122073181,0.09614168036909064
2025-07-10,1.0,0.151364641716857,0.3847081362707799,0.10128633468961888
2025-07-11,1.0,0.16313429900079668,0.387443697122527,0.10041156472771931
2025-07-14,0.9999999999999999,0.17594798644846102,0.38740249785169784,0.11282635142220304
2025-07-15,1.0,0.1841701871735228,0.38794933723629355,0.11378970698160185
2025-07-16,1.0,0.17729327161556588,0.38753309457724977,0.11454853803023542
2025-07-17,1.0,0.1648332680474094,0.38947432034411505,0.1144895078320356
2025-07-18,1.0,0.1696556541475014,0.38991170789360596,0.11466519568170035
2025-07-21,0.9999999999999999,0.17000051089464038,0.3903193019699466,0.12039468761981001
2025-07-22,0.9999999999999998,0.16735634255437595,0.4015965914879319,0.12206657759633045
2025-07-23,1.0,0.1436247653771878,0.40221252898495796,0.11903470409559454
2025-07-24,1.0,0.1563540772950946,0.4028571520433992,0.14937879890250408
2025-07-25,1.0,0.14915514874352823,0.4084630612965034,0.15144041792298474
2025-07-28,1.0,0.14203892599577533,0.41097917579817966,0.15597416650489399
2025-07-29,1.0000000000000002,0.15246976219567654,0.4105121516838794,0.16189889506629265
2025-07-30,1.0,0.14690237294652228,0.4126316956105195,0.16910455700370858
2025-07-31,1.0,0.1767219951919938,0.412319851012999,0.20812458682459903
2025-08-01,0.9999999999999999,0.2628433701757035,0.41005328382815825,0.17367041035790454
2025-08-04,1.0000000000000002,0.1914142033084405,0.4124466152352648,0.16585542133751957
2025-08-05,0.9999999999999999,0.21669447718818652,0.4104850182538934,0.1560200902205591
2025-08-06,1.0,0.1901844349527141,0.41134561399039743,0.16422756294629612
2025-08-07,0.9999999999999999,0.1924908460580187,0.4094726756970086,0.16449020422975147
2025-08-08,1.0,0.16627510743738982,0.40985142922681955,0.161115467590801
2025-08-11,1.0,0.1831314553199087,0.4106156799884193,0.15614688563091497
2025-08-12,1.0,0.15459441875347418,0.4113707018163523,0.10867308265826855
2025-08-13,1.0,0.13843037064258815,0.4085280663178367,0.11373736440165573
2025-08-14,1.0000000000000002,0.14946837766003707,0.4096669456719142,0.11043405574669098
2025-08-15,1.0,0.15750462007934643,0.40637162100906105,0.11614865597464542
2025-08-18,0.9999999999999998,0.1617458451677837,0.40502834643658325,0.11501067421448682
2025-08-19,1.0,0.1726912628012253,0.40220590469800416,0.10179125683443135
2025-08-20,1.0,0.18619963054198888,0.401714718444932,0.09466866617263474
2025-08-21,0.9999999999999999,0.21119162002863498,0.40393039651877405,0.08414844732335891
2025-08-22,0.9999999999999999,0.15344496134919025,0.40569380718845033,0.05709844475214705
2025-08-25,1.0,0.1548282052679328,0.4065475644456438,0.06107779168234473
2025-08-26,1.0,0.1462017941656776,0.40924789803140876,0.06726970843679059
2025-08-27,1.0,0.15494191026386173,0.41056314513100006,0.0733247297480617
2025-08-28,1.0,0.166607615023643,0.41040000380880864,0.07135681011584336
2025-08-29,1.0000000000000002,0.19013584666488537,0.4057623657277357,0.054024292888090845
2025-09-01,1.0000000000000002,0.1900441284517336,0.40890754937382445,0.05117940165779684
2025-09-02,1.0,0.22576019454371615,0.40127827395353816,0.034261716489688676
2025-09-03,1.0,0.20969110321972595,0.40051948581956154,0.035457738621019905
2025-09-04,1.0,0.19627718181856915,0.4035334343760644,0.031075258205700725
2025-09-05,0.9999999999999999,0.1899332923619546,0.39938762585586174,0.03304906724901161
2025-09-08,0.9999999999999998,0.18018158396978287,0.39589079538834354,0.04155104850263824
2025-09-09,1.0,0.17731070087460618,0.39628792380315836,0.046019263144767425
2025-09-10,1.0,0.16605276566796076,0.3841765765026312,0.0640797840684794
2025-09-11,0.9999999999999999,0.16082492344093904,0.3822132864144992,0.17761586289986508
2025-09-12,0.9999999999999999,0.15892262491054085,0.382197096988002,0.20827621665600682
2025-09-15,1.0,0.16452917198032455,0.3832510087691522,0.1982116666919732
2025-09-16,1.0,0.17669976055559977,0.38124312906020275,0.20117393818497303
2025-09-17,1.0,0.16606690886941622,0.38077735785451,0.19953983496509742
2025-09-18,0.9999999999999999,0.1587798834954857,0.3780361738941655,0.19999853346855379
2025-09-19,1.0000000000000002,0.16622165851670065,0.3784579160210386,0.2099675518527992
2025-09-22,0.9999999999999999,0.15544055623462058,0.37314732575502874,0.21226433866984734
2025-09-23,1.0,0.16717186661754774,0.37268139988023413,0.21001084740269846
2025-09-24,1.0,0.16340434877664634,0.37318761472819034,0.21001691393957436
2025-09-25,1.0,0.16375951788276882,0.3738213172151192,0.20886100496692406
2025-09-26,1.0,0.1411755463933968,0.35417647316683043,0.22226200780453284
2025-09-29,0.9999999999999999,0.13807105754768004,0.3102934989468229,0.21315600005512766
2025-09-30,0.9999999999999999,0.13459254302506884,0.3140141151222476,0.2070508539879369
2025-10-01,1.0,0.12643258654871883,0.31179644239464877,0.21341975980218855
2025-10-02,1.0,0.1303586698162075,0.19837206297589266,0.20175009872783706
2025-10-03,1.0,0.13020008041454176,0.18942342851345265,0.1995739699038759
2025-10-06,1.0,0.10994947314122841,0.1851674629333546,0.2181158072332448
2025-10-07,1.0,0.1289567689903554,0.18538493557856525,0.20988287680922876
2025-10-08,1.0,0.10974764825685125,0.18685793675050455,0.21659931732530774
2025-10-09,1.0,0.11350990198361668,0.1743386027526822,0.21759178760589767
2025-10-10,1.0,0.201218767726847,0.18870983825540413,0.1687641445744463
2025-10-13,1.0000000000000002,0.14632126556843966,0.1935401352870203,0.14843937398118126
2025-10-14,1.0,0.16458017280920953,0.1803225004317825,0.1467218259320927
2025-10-15,1.0,0.16556726769414323,0.1740661342126707,0.17677954249673714
2025-10-16,0.9999999999999998,0.21975121738902373,0.16574715747913063,0.17835755354099808
2025-10-17,0.9999999999999999,0.17222076745418816,0.1554508085782105,0.18497197067785723
2025-10-20,1.0000000000000002,0.1335979625363702,0.1561695101608435,0.18602086855220795
2025-10-21,1.0,0.1331317404132262,0.156184558257364,0.18767053846440881
2025-10-22,1.0,0.14327584340588045,0.15597174203198147,0.20065343624111567
2025-10-23,1.0,0.13171184166224312,0.15715835004502973,0.19361382384272327
2025-10-24,0.9999999999999999,0.12017014376387192,0.16122533745804732,0.2086932018359743
2025-10-27,1.0,0.1089218980646709,0.161117792652423,0.19623706604242686
2025-10-28,0.9999999999999999,0.1223230129221382,0.16038190423774062,0.2119187104084433
2025-10-29,1.0,0.11609589514565793,0.15844172643332607,0.22545022238862694
2025-10-30,0.9999999999999999,0.1516373036758894,0.16063782575118232,0.2310222270068969
2025-10-31,1.0,0.16672750854826018,0.15897158557631932,0.24284524187951811
2025-11-03,0.9999999999999999,0.1600389235866399,0.1588460498823959,0.2522478612865758
2025-11-04,1.0,0.19321817959449866,0.1411897335719098,0.22595169433218842
2025-11-05,1.0,0.17554048610409745,0.1393907899178061,0.22755809479346845
2025-11-06,1.0,0.20517611242083877,0.14129949630914174,0.21677216718799538
2025-11-07,1.0000000000000002,0.19840234799628123,0.1416411509493789,0.21313142038412802
2025-11-10,1.0,0.15998633973567564,0.14771174147793267,0.18336273088321814
2025-11-11,0.9999999999999999,0.1657270857142797,0.14559071837850146,0.18660870066328528
2025-11-12,0.9999999999999998,0.1731290904079987,0.14440479042239399,0.18198020885561297
2025-11-13,1.0,0.21333099896234656,0.14530645112306145,0.153169560573168
2025-11-14,0.9999999999999999,0.2333384164206973,0.14583864575858907,0.1536900724060288
2025-11-17,1.0,0.2569875519256121,0.14529093535641133,0.14844676073866672
2025-11-18,1.0,0.2919032325883179,0.1473450042090494,0.1495436330317199
2025-11-19,0.9999999999999999,0.2621162126904605,0.14080561377166026,0.16381862299749436
2025-11-20,1.0,0.33464306039132147,0.14212688694347297,0.13611709700056052
2025-11-21,1.0,0.2897214694697806,0.14072095513095131,0.14782569335994547
2025-11-24,1.0,0.2364861999926791,0.14728219319713626,0.13070439876325335
2025-11-25,1.0,0.1950560129501795,0.14673877424220103,0.1302249615937823
2025-11-26,1.0,0.18709227758767683,0.14796010215120736,0.12602660622605985
2025-11-27,1.0000000000000002,0.18554711876404878,0.14839692129302567,0.12433567389793165
2025-11-28,1.0,0.18612484137959676,0.1492579414077229,0.12512463168819002
2025-12-01,1.0,0.1997192483557157,0.14842963587382488,0.12535209552053378
2025-12-02,1.0,0.19358557659892076,0.14908550448568889,0.13512406198378846
2025-12-03,0.9999999999999999,0.18483255254152592,0.1479956058016903,0.1471202441673577
2025-12-04,1.0,0.17814001256515538,0.14806313552492645,0.1419514420272145
2025-12-05,1.0,0.1759450303336654,0.14871967707696054,0.14324845275889983
2025-12-08,1.0,0.18884051054333192,0.1462149086654251,0.14288862808037034
2025-12-09,1.0,0.20684199021820687,0.14480409257044002,0.1374642519531487
2025-12-10,1.0,0.16745355108304721,0.14265776009395034,0.13677255392014628
2025-12-11,1.0,0.1539255133515687,0.14100719252147279,0.148417343728084
2025-12-12,0.9999999999999998,0.18101749738121203,0.13942626537238514,0.1253752099894156
2025-12-15,0.9999999999999999,0.19515083952871545,0.13835055979309885,0.12387109338729958
2025-12-16,0.9999999999999999,0.20175230038179542,0.13864650311470744,0.13234899398530076
2025-12-17,1.0,0.23102622629444275,0.13665265444304567,0.09038044284326653
2025-12-18,1.0,0.21418215037739013,0.14029337351882157,0.07961925591695328
2025-12-19,0.9999999999999999,0.17604499371777282,0.14175981288773146,0.07406751892006067
2025-12-22,1.0000000000000002,0.15198618227065777,0.14254507838659708,0.1514071931008458
2025-12-23,0.9999999999999999,0.151763494621752,0.14377342317035152,0.1518225375924458
2025-12-24,1.0,0.14557994451913303,0.1443373208054604,0.151118737865207
2025-12-25,1.0000000000000002,0.14562845443465736,0.14439691569025911,0.1422294723381749
2025-12-26,1.0,0.13838780796808353,0.143427296056748,0.13885942706390822
2025-12-29,0.9999999999999999,0.14436271712347712,0.14276812777970382,0.13539194784923947
2025-12-30,1.0000000000000002,0.1512038184206459,0.14095929852511882,0.12923292008962625
2025-12-31,1.0,0.15536075900643823,0.14237272932181455,0.10084304881286726
2026-01-01,1.0,0.15535549698795875,0.14214814133907497,0.09857331418807042
2026-01-02,0.9999999999999999,0.13462864804513655,0.1423564311726618,0.09594368764751972
2026-01-05,1.0,0.12018332993493118,0.14230671077522392,0.09581404064619099
2026-01-06,0.9999999999999998,0.11883447512512432,0.1418933025595274,0.09209252058677338
2026-01-07,0.9999999999999999,0.12064310534110045,0.1418434120181058,0.10949036422671839
2026-01-08,1.0,0.1160798664521996,0.14065108170127893,0.13422913531596867
2026-01-09,1.0,0.10262197576942081,0.14251272123465122,0.13393004969105266
2026-01-12,1.0,0.10859978293702198,0.14273303327501116,0.13282077852666732
2026-01-13,1.0,0.11603607299547596,0.14198182248839816,0.13161058834620948
2026-01-14,1.0,0.12529881014157102,0.1414677072658689,0.1328005885913439
2026-01-15,1.0,0.11351819359901508,0.14176752388784106,0.13284472674257222
2026-01-16,1.0000000000000002,0.12367745126753389,0.1428697511016365,0.13463898629582147
2026-01-19,0.9999999999999999,0.1239761117510397,0.14330231206287775,0.13128795305518556
2026-01-20,0.9999999999999999,0.18110413409602918,0.1504931676206324,0.09970510243298883
2026-01-21,1.0,0.1363160179924867,0.15220194619472527,0.09634931416339125
2026-01-22,1.0000000000000002,0.11731610217391088,0.15266621203868153,0.0952450591237786
2026-01-23,1.0,0.11757361438515242,0.1542513023860039,0.10285986638455069
2026-01-26,1.0,0.1128293369964751,0.14925102763174997,0.10832201192968019
2026-01-27,1.0,0.10732648072433174,0.14746815263962584,0.1143736879996143
2026-01-28,0.9999999999999999,0.12103259613329713,0.14693171632182578,0.11406839732749387
2026-01-29,1.0,0.11957112155695981,0.14277388831649793,0.12265586133143841
2026-01-30,1.0,0.14474103386839826,0.14304222976017775,0.11734514617716181
2026-02-02,1.0,0.11525964635347405,0.14168007064528393,0.13335235898835804
2026-02-03,1.0000000000000002,0.12863206750713835,0.13875576131977085,0.14253811155387244
2026-02-04,1.0000000000000002,0.16191658317714852,0.13148473991853282,0.14415298798846965
2026-02-05,1.0,0.20970783540073346,0.13472919173877496,0.1506101046846552
2026-02-06,0.9999999999999998,0.14712144686149292,0.14090110491767235,0.12939725081865436
2026-02-09,1.0000000000000002,0.13790344713872132,0.14255342765894402,0.12629139892313332
2026-02-10,0.9999999999999999,0.1489490124412279,0.14166156133242594,0.12669282671175086
2026-02-11,1.0,0.14418548039636164,0.14025233877806126,0.15504751004700218
2026-02-12,1.0,0.1914226370079996,0.1390281447172012,0.15479902605032836
2026-02-13,0.9999999999999999,0.1942993367711921,0.13737232336070596,0.1767411061453811
2026-02-16,0.9999999999999998,0.1948503711485909,0.13406604442879747,0.17484421805484787
2026-02-17,1.0,0.18162130551406358,0.13345172546334388,0.18790558225986298
2026-02-18,1.0000000000000002,0.18328370366191965,0.13423169194481732,0.18611367577592788
2026-02-19,1.0,0.19746514035060148,0.13386498863005628,0.2029526979342586
2026-02-20,0.9999999999999999,0.17178305198103486,0.13449822893145613,0.21184513853943182
2026-02-23,1.0,0.20398944166617378,0.13232471132070686,0.21347087138466458
2026-02-24,1.0,0.16375328014371177,0.13338099798238684,0.20965859136179843
2026-02-25,1.0,0.12961234787310782,0.1342818810097942,0.22086699863259524
2026-02-26,1.0,0.15179275744093557,0.13250047129314876,0.23901416247097268
2026-02-27,0.9999999999999999,0.1807444623562788,0.12825049070444866,0.25014368367662476
2026-03-02,0.9999999999999999,0.19138764252642365,0.129412233332995,0.3259210422512216
2026-03-03,1.0000000000000002,0.23713635856431722,0.13292072793283327,0.33069784264852514
2026-03-04,0.9999999999999999,0.19720564806108842,0.13521284898130725,0.3258016390840665
2026-03-05,1.0,0.23261065064680655,0.1376046991311634,0.3408838555618809
2026-03-06,1.0,0.3381315673201515,0.13839629979623413,0.33542484320903143
2026-03-09,1.0,0.2676433831291872,0.14139792926022926,0.33860631021314297
2026-03-10,1.0000000000000002,0.30711741533302644,0.140535044283155,0.39488846249194703
2026-03-11,1.0,0.27563355718381166,0.1413029141785515,0.3915889600505837
2026-03-12,1.0,0.3247878877468506,0.1441613438517043,0.3692814165410705
2026-03-13,0.9999999999999998,0.33968451687501433,0.14482005672197024,0.3575016150058127
2026-03-16,1.0,0.25423341703417895,0.14787818803657699,0.35305527827549166
2026-03-17,1.0,0.28143072869971514,0.14897739990161316,0.3423578764281528
2026-03-18,1.0,0.3271749576099188,0.1507529515679868,0.32872820109341927
2026-03-19,1.0,0.3174784837865751,0.15138788979564732,0.32350713284893756
2026-03-20,1.0,0.3706317411472797,0.153910256423362,0.29964714214350036
2026-03-23,1.0,0.35651321506183437,0.15689907899902142,0.304568460444147
2026-03-24,1.0000000000000002,0.33554728919230775,0.15621739898371373,0.30347410349352444
2026-03-25,0.9999999999999998,0.29902865511749305,0.15697593372638527,0.294143122677108
2026-03-26,1.0,0.3705249194235445,0.16067167101827387,0.24234254167214675
2026-03-27,1.0,0.40494046476619977,0.1645366970921183,0.20348069790947693
2026-03-30,1.0,0.34970294424977316,0.1619234596319948,0.20436465939729503
2026-03-31,0.9999999999999999,0.2789363224771046,0.17843034836689775,0.1657966710200697
2026-04-01,1.0000000000000002,0.26377254980632764,0.1801497683398878,0.14249608527523988
2026-04-02,1.0,0.2548753719930278,0.17960814800887248,0.13597602872505107
2026-04-03,1.0,0.2543965099994765,0.17969100897708432,0.13655930762027318
2026-04-06,1.0000000000000002,0.23769061627393476,0.17042520113287246,0.13371902197191002
2026-04-07,1.0,0.254602340048619,0.1670936418299712,0.14410846556412185
2026-04-08,1.0000000000000002,0.17561393012842363,0.18428982708258507,0.09610966397874557
2026-04-09,1.0,0.14954675920357505,0.18475687504986943,0.0970233183707195
2026-04-10,1.0,0.15218112057545483,0.18672094590069124,0.09578089157538885
2026-04-13,1.0,0.13745052993294304,0.18777859398167687,0.09829729461038932
2026-04-14,1.0,0.12879652647143294,0.19083735564616805,0.08995652249402987
2026-04-15,1.0000000000000002,0.1264385454019832,0.19041256660377334,0.09064559708892936
2026-04-16,1.0,0.12576552249162548,0.1887812577959308,0.11092901207388162
2026-04-17,0.9999999999999998,0.13231991171741428,0.19134324091193722,0.1054726309585629
2026-04-20,0.9999999999999999,0.1391458153224202,0.19034236131043855,0.10923997234634855
2026-04-21,1.0,0.15880632851563636,0.18766461322203032,0.11247017596713936
2026-04-22,1.0,0.12824635937389087,0.1915109662360009,0.10749583482658032
2026-04-23,1.0,0.14025035343465037,0.19024909349392405,0.10787929248487384
2026-04-24,1.0,0.1318137062733441,0.1931772055682655,0.11216241760412506
2026-04-27,1.0000000000000002,0.11741794791796513,0.1948540173863825,0.11306287134947296
2026-04-28,1.0,0.12626314075957484,0.1932418901214903,0.10085613638212323
2026-04-29,1.0,0.12210249138166056,0.18898631552046405,0.10150602517322004
2026-04-30,1.0,0.12929523139956503,0.185458119687712,0.11356757570502267
2026-05-01,0.9999999999999999,0.13949357939905918,0.18446834174894425,0.10224062648123683
2026-05-04,0.9999999999999998,0.15268896092419448,0.18390409706561325,0.09348111843252908
2026-05-05,0.9999999999999999,0.13206986994156994,0.18071216349073116,0.10104273645710368
2026-05-06,1.0,0.13058159198045252,0.1879253034093379,0.06530215771464895
2026-05-07,1.0,0.12882199714484133,0.1858010211417804,0.13254077420546342
2026-05-08,1.0,0.11541807588716241,0.18297927147202175,0.13191331290436564
2026-05-11,1.0,0.13320336742500619,0.18180708540372365,0.13392090787680005
2026-05-12,1.0,0.12371993585779535,0.18024567251021892,0.15334076899578294
2026-05-13,1.0,0.12678060954141912,0.17865480039344275,0.17031178388606533
2026-05-14,1.0000000000000002,0.10959996942306015,0.17937208390931195,0.17331696365914165
2026-05-15,0.9999999999999999,0.1382119152564826,0.17619155665920097,0.17930938148444425
2026-05-18,1.0,0.1270174944936671,0.174145111419698,0.17851213119366555
2026-05-19,0.9999999999999999,0.1335704883930813,0.17131575123073337,0.17716720220345475
2026-05-20,1.0,0.12479406321743443,0.17543934646832712,0.17678709631244957
2026-05-21,0.9999999999999999,0.11470538000260255,0.1743890073360536,0.18314684150665456
2026-05-22,1.0,0.12182941946807958,0.1733573195609306,0.17920201472972222
2026-05-25,0.9999999999999998,0.12139552427935979,0.17330121372392066,0.18979323982184693
2026-05-26,1.0,0.11009250696669387,0.17521368736628865,0.19465062166176397
2026-05-27,1.0,0.09644524678162023,0.1744621408194749,0.18555818178802425
2026-05-28,1.0000000000000002,0.09318647383149031,0.17478049474746668,0.17389946895995484
2026-05-29,0.9999999999999999,0.08289104978681842,0.17202524078208986,0.18373480572429007
2026-06-01,1.0000000000000002,0.07411374439756817,0.16935614956771583,0.20340589432591882
2026-06-02,1.0000000000000002,0.07174546872066087,0.16943783167928927,0.20319190176172125
2026-06-03,1.0,0.07675959008858861,0.16950080824732472,0.1946273798590524
2026-06-04,1.0,0.08075996353077049,0.16597131714328014,0.2028227464182653
2026-06-05,0.9999999999999998,0.14789542682302068,0.17276208144783206,0.14553177027285702
2026-06-08,1.0,0.12319852000189095,0.17289163787049286,0.15572181300122812
2026-06-09,1.0,0.13502354932039368,0.17105361968701258,0.15622495488334304
2026-06-10,0.9999999999999998,0.17473332031718444,0.17300759382913425,0.1329416069872375
2026-06-11,0.9999999999999999,0.1393618784640006,0.17737993899012455,0.12206752203367648
2026-06-12,1.0,0.1121354119713961,0.17746571302070244,0.135219501204523
2026-06-15,0.9999999999999999,0.08394589291300111,0.1842667129415189,0.11153466537761983
2026-06-16,1.0,0.09708873279623297,0.1814572475079375,0.10698501355307881
2026-06-17,1.0000000000000002,0.11344265484112143,0.18317380036384748,0.11588155030698681
2026-06-18,1.0,0.0863563311619848,0.1875888721853743,0.11848799328510015
2026-06-19,0.9999999999999999,0.08434473133113192,0.18718143810604151,0.11679661763028598
2026-06-22,1.0,0.0858551438558758,0.18644289723491086,0.13832863670859427
2026-06-23,1.0,0.1235605999415116,0.18497650530468596,0.0986833237232271
2026-06-24,1.0,0.11112517292894196,0.18434383447043226,0.10223747090626929
2026-06-25,1.0,0.10557318379267809,0.18276500784611904,0.11855598665145366
2026-06-26,1.0,0.11266104472353425,0.17575699789976526,0.11243207945306137
2026-06-29,1.0,0.08318709689392054,0.17860157623081654,0.10542438645159466
2026-06-30,1.0,0.06745133769885311,0.18210122555379438,0.11457932266637214
2026-07-01,0.9999999999999999,0.07370217167733731,0.1762041552703859,0.13802743282197508
2026-07-02,1.0,0.0625901503346911,0.16939227044204272,0.12607737667632557
2026-07-03,0.9999999999999998,0.06748377481820977,0.1698859353352179,0.1268360897641675
2026-07-06,0.9999999999999998,0.05529630711831802,0.17171927770543935,0.14370680075813286
2026-07-07,0.9999999999999999,0.06439860617764234,0.1683365079029059,0.1312213001859169
2026-07-08,1.0,0.06474433103389253,0.16968712246888787,0.13477129407883712
2026-07-09,0.9999999999999999,0.05733362837295142,0.17225205119807435,0.13617297370816972
2026-07-10,1.0,0.05458537285475637,0.17253455883137775,0.13653345930946081
2026-07-13,0.9999999999999999,0.07154186964884061,0.1704763673475077,0.12136147169922396
2026-07-14,1.0,0.06471853459034539,0.17172750880763582,0.12705716573481726
2026-07-15,1.0,0.05356324166977449,0.1653259048523836,0.12793335150665117
2026-07-16,0.9999999999999997,0.06507310301352212,0.1603412484305318,0.11787876058089487
2026-07-17,1.0,0.08560309920740036,0.16079233295388118,0.1077754066394013
2026-07-20,1.0,0.08183480456411821,0.16160984250566773,0.11263116955814886
2026-07-21,0.9999999999999998,0.06536267332368972,0.16601529061670783,0.11665712756733049
2026-07-22,1.0000000000000002,0.06655324373402571,,
2026-07-23,1.0,0.0916352435634782,,
2026-07-24,1.0,0.0973793387383928,,
2026-07-27,1.0,0.10097369854704004,,
2026-07-28,1.0,0.10155397650927303,,
2026-07-29,1.0,0.13288584745870827,,
2026-07-30,0.9999999999999998,0.08599826147837639,,
2026-07-31,1.0,0.07877474587394313,,
2026-08-03,1.0,0.07197725585029983,,
2026-08-04,1.0000000000000002,0.08062502927094015,,
2026-08-05,0.9999999999999998,0.08388263893384919,,
2026-08-06,1.0000000000000002,0.0865164407021094,,
2026-08-07,1.0,0.09148265414121466,,
2026-08-10,1.0,0.10004930535426475,,
2026-08-11,1.0000000000000002,0.10811164513856146,,
2026-08-12,1.0,0.09515507748633864,,
2026-08-13,1.0000000000000002,0.09768959107032894,,
2026-08-14,0.9999999999999999,0.09826239410447683,,
2026-08-17,1.0,0.10517683498528964,,
2026-08-18,0.9999999999999999,0.11120388939356186,,
2026-08-19,0.9999999999999999,0.11179524331165418,,
