sheet,ticker,masked_cells,first_masked,last_masked,first_valid_new,old_value_at_first_masked,all_masked
1M_CALL_IMP_VOL_25DELTA_DFLT,285A,4597,2014-01-02,2026-08-03,2026-08-04,156.8405,False
1M_CALL_IMP_VOL_25DELTA_DFLT,6146,4262,2014-01-02,2025-09-02,2025-09-03,55.9752,False
1M_CALL_IMP_VOL_25DELTA_DFLT,SNDK,4079,2014-01-02,2025-03-03,2025-03-04,48.2928,False
1M_CALL_IMP_VOL_25DELTA_DFLT,GEV,3749,2014-01-02,2024-04-07,2024-04-08,29.5465,False
1M_CALL_IMP_VOL_25DELTA_DFLT,RDDT,3736,2014-01-02,2024-03-25,2024-03-26,194.3073,False
1M_CALL_IMP_VOL_25DELTA_DFLT,ARM,3547,2014-01-02,2023-09-18,2023-09-19,50.4925,False
1M_CALL_IMP_VOL_25DELTA_DFLT,CEG,2961,2014-01-02,2022-02-09,2022-02-10,52.4548,False
1M_CALL_IMP_VOL_25DELTA_DFLT,UMG,2822,2014-01-02,2021-09-23,2021-09-24,36.6001,False
1M_CALL_IMP_VOL_25DELTA_DFLT,APP,2667,2014-01-02,2021-04-21,2021-04-22,46.7733,False
1M_CALL_IMP_VOL_25DELTA_DFLT,RBLX,2631,2014-01-02,2021-03-16,2021-03-17,169.0351,False
1M_CALL_IMP_VOL_25DELTA_DFLT,ABNB,2541,2014-01-02,2020-12-16,2020-12-17,133.1609,False
1M_CALL_IMP_VOL_25DELTA_DFLT,DASH,2540,2014-01-02,2020-12-15,2020-12-16,114.8692,False
1M_CALL_IMP_VOL_25DELTA_DFLT,PLTR,2470,2014-01-02,2020-10-06,2020-10-07,139.4668,False
1M_CALL_IMP_VOL_25DELTA_DFLT,SNOW,2456,2014-01-02,2020-09-22,2020-09-23,78.9883,False
1M_CALL_IMP_VOL_25DELTA_DFLT,VRT,2260,2014-01-02,2020-03-10,2020-03-11,246.0531,False
1M_CALL_IMP_VOL_25DELTA_DFLT,DDOG,2100,2014-01-02,2019-10-02,2019-10-03,80.5366,False
1M_CALL_IMP_VOL_25DELTA_DFLT,NET,2092,2014-01-02,2019-09-24,2019-09-25,89.7376,False
1M_CALL_IMP_VOL_25DELTA_DFLT,CRWD,1994,2014-01-02,2019-06-18,2019-06-19,83.279,False
1M_CALL_IMP_VOL_25DELTA_DFLT,UBER,1961,2014-01-02,2019-05-16,2019-05-17,53.606,False
1M_CALL_IMP_VOL_25DELTA_DFLT,DELL,1826,2014-01-02,2019-01-01,2019-01-02,38.2236,False
1M_CALL_IMP_VOL_25DELTA_DFLT,BE,1698,2014-01-02,2018-08-26,2018-08-27,102.3029,False
1M_CALL_IMP_VOL_25DELTA_DFLT,SPOT,1559,2014-01-02,2018-04-09,2018-04-10,53.3903,False
1M_CALL_IMP_VOL_25DELTA_DFLT,ZS,1544,2014-01-02,2018-03-25,2018-03-26,82.3287,False
1M_CALL_IMP_VOL_25DELTA_DFLT,VST,1233,2014-01-02,2017-05-18,2017-05-19,54.41531,False
1M_CALL_IMP_VOL_25DELTA_DFLT,TTD,1201,2014-01-02,2017-04-16,2017-04-17,36.78063,False
1M_CALL_IMP_VOL_25DELTA_DFLT,HWM,1036,2014-01-02,2016-11-02,2016-11-03,41.89887,False
1M_CALL_IMP_VOL_25DELTA_DFLT,TEAM,718,2014-01-02,2015-12-20,2015-12-21,44.50088,False
1M_CALL_IMP_VOL_25DELTA_DFLT,HPE,670,2014-01-02,2015-11-02,2015-11-03,70.38288,False
1M_CALL_IMP_VOL_25DELTA_DFLT,RACE,666,2014-01-02,2015-10-29,2015-10-30,52.40088,False
1M_CALL_IMP_VOL_25DELTA_DFLT,LITE,581,2014-01-02,2015-08-05,2015-08-06,133.0666,False
1M_CALL_IMP_VOL_25DELTA_DFLT,PYPL,565,2014-01-02,2015-07-20,2015-07-21,42.5495,False
1M_CALL_IMP_VOL_25DELTA_DFLT,000660,320,2014-01-02,2014-11-17,2014-11-18,36.79419,False
1M_CALL_IMP_VOL_25DELTA_DFLT,KEYS,306,2014-01-02,2014-11-03,2014-11-04,47.78213,False
1M_CALL_IMP_VOL_25DELTA_DFLT,ANET,211,2014-01-02,2014-07-31,2014-08-01,73.47369,False
1M_CALL_IMP_VOL_25DELTA_DFLT,DSY,46,2014-01-02,2014-02-16,2014-02-17,19.22369,False
1M_CALL_IMP_VOL_25DELTA_DFLT,PUB,46,2014-01-02,2014-02-16,2014-02-17,23.54019,False
1M_CALL_IMP_VOL_25DELTA_DFLT,SAF,46,2014-01-02,2014-02-16,2014-02-17,25.753,False
1M_CALL_IMP_VOL_25DELTA_DFLT,UCG,8,2014-01-02,2014-01-09,2014-01-10,33.52719,False
1M_CALL_IMP_VOL_25DELTA_DFLT,ENEL,8,2014-01-02,2014-01-09,2014-01-10,26.22331,False
1M_CALL_IMP_VOL_25DELTA_DFLT,9433,5,2014-01-02,2014-01-06,2014-01-07,32.563,False
1M_CALL_IMP_VOL_25DELTA_DFLT,FICO,5,2014-01-02,2014-01-06,2014-01-07,18.01281,False
1M_CALL_IMP_VOL_25DELTA_DFLT,9432,5,2014-01-02,2014-01-06,2014-01-07,22.6375,False
1M_CALL_IMP_VOL_25DELTA_DFLT,8316,5,2014-01-02,2014-01-06,2014-01-07,25.45613,False
1M_CALL_IMP_VOL_25DELTA_DFLT,6981,5,2014-01-02,2014-01-06,2014-01-07,27.394,False
1M_CALL_IMP_VOL_25DELTA_DFLT,7203,5,2014-01-02,2014-01-06,2014-01-07,22.14563,False
1M_CALL_IMP_VOL_25DELTA_DFLT,7974,5,2014-01-02,2014-01-06,2014-01-07,37.662,False
1M_CALL_IMP_VOL_25DELTA_DFLT,8306,5,2014-01-02,2014-01-06,2014-01-07,24.31863,False
1M_CALL_IMP_VOL_25DELTA_DFLT,6857,5,2014-01-02,2014-01-06,2014-01-07,34.89531,False
1M_CALL_IMP_VOL_25DELTA_DFLT,8035,5,2014-01-02,2014-01-06,2014-01-07,37.68963,False
1M_CALL_IMP_VOL_25DELTA_DFLT,7011,5,2014-01-02,2014-01-06,2014-01-07,28.47081,False
1M_CALL_IMP_VOL_25DELTA_DFLT,4063,5,2014-01-02,2014-01-06,2014-01-07,24.37138,False
1M_CALL_IMP_VOL_25DELTA_DFLT,6758,5,2014-01-02,2014-01-06,2014-01-07,31.35569,False
1M_CALL_IMP_VOL_25DELTA_DFLT,NESN,4,2014-01-02,2014-01-05,2014-01-06,13.85331,False
1M_CALL_IMP_VOL_25DELTA_DFLT,NOVN,4,2014-01-02,2014-01-05,2014-01-06,14.58831,False
1M_CALL_IMP_VOL_25DELTA_DFLT,ROP,4,2014-01-02,2014-01-05,2014-01-06,17.03513,False
1M_CALL_IMP_VOL_25DELTA_DFLT,ZURN,4,2014-01-02,2014-01-05,2014-01-06,17.04119,False
1M_CALL_IMP_VOL_25DELTA_DFLT,NOVOB,4,2014-01-02,2014-01-05,2014-01-06,21.12219,False
1M_CALL_IMP_VOL_25DELTA_DFLT,CDNS,4,2014-01-02,2014-01-05,2014-01-06,24.25619,False
1M_CALL_IMP_VOL_25DELTA_DFLT,CFR,4,2014-01-02,2014-01-05,2014-01-06,20.067,False
1M_CALL_IMP_VOL_25DELTA_DFLT,UBSG,4,2014-01-02,2014-01-05,2014-01-06,19.80413,False
1M_CALL_IMP_VOL_25DELTA_DFLT,COHR,4,2014-01-02,2014-01-05,2014-01-06,67.59713,False
1M_CALL_IMP_VOL_25DELTA_DFLT,TKO,4,2014-01-02,2014-01-05,2014-01-06,43.84381,False
1M_CALL_IMP_VOL_25DELTA_DFLT,ABBN,4,2014-01-02,2014-01-05,2014-01-06,16.04019,False
1M_CALL_IMP_VOL_25DELTA_DFLT,JNJ,1,2014-01-02,2014-01-02,2014-01-03,12.08519,False
1M_CALL_IMP_VOL_25DELTA_DFLT,WFC,1,2014-01-02,2014-01-02,2014-01-03,18.48581,False
1M_CALL_IMP_VOL_25DELTA_DFLT,MPC,1,2014-01-02,2014-01-02,2014-01-03,31.60081,False
1M_CALL_IMP_VOL_25DELTA_DFLT,PANW,1,2014-01-02,2014-01-02,2014-01-03,42.199,False
1M_CALL_IMP_VOL_25DELTA_DFLT,AMAT,1,2014-01-02,2014-01-02,2014-01-03,24.66469,False
1M_CALL_IMP_VOL_25DELTA_DFLT,LRCX,1,2014-01-02,2014-01-02,2014-01-03,23.86331,False
1M_CALL_IMP_VOL_25DELTA_DFLT,PLD,1,2014-01-02,2014-01-02,2014-01-03,19.93881,False
1M_CALL_IMP_VOL_25DELTA_DFLT,TMUS,1,2014-01-02,2014-01-02,2014-01-03,46.859,False
1M_CALL_IMP_VOL_25DELTA_DFLT,EQIX,1,2014-01-02,2014-01-02,2014-01-03,34.29738,False
1M_CALL_IMP_VOL_25DELTA_DFLT,AMT,1,2014-01-02,2014-01-02,2014-01-03,17.16331,False
1M_CALL_IMP_VOL_25DELTA_DFLT,TSM,1,2014-01-02,2014-01-02,2014-01-03,28.60581,False
1M_CALL_IMP_VOL_25DELTA_DFLT,TMO,1,2014-01-02,2014-01-02,2014-01-03,21.56688,False
1M_CALL_IMP_VOL_25DELTA_DFLT,BX,1,2014-01-02,2014-01-02,2014-01-03,26.13138,False
1M_CALL_IMP_VOL_25DELTA_DFLT,PWR,1,2014-01-02,2014-01-02,2014-01-03,22.47681,False
1M_CALL_IMP_VOL_25DELTA_DFLT,STX,1,2014-01-02,2014-01-02,2014-01-03,29.5005,False
1M_CALL_IMP_VOL_25DELTA_DFLT,MRVL,1,2014-01-02,2014-01-02,2014-01-03,44.85231,False
1M_CALL_IMP_VOL_25DELTA_DFLT,KLAC,1,2014-01-02,2014-01-02,2014-01-03,21.47588,False
1M_CALL_IMP_VOL_25DELTA_DFLT,GLW,1,2014-01-02,2014-01-02,2014-01-03,23.38269,False
1M_CALL_IMP_VOL_25DELTA_DFLT,TER,1,2014-01-02,2014-01-02,2014-01-03,24.81263,False
1M_CALL_IMP_VOL_25DELTA_DFLT,NFLX,1,2014-01-02,2014-01-02,2014-01-03,31.266,False
1M_CALL_IMP_VOL_25DELTA_DFLT,CRM,1,2014-01-02,2014-01-02,2014-01-03,28.95288,False
1M_CALL_IMP_VOL_25DELTA_DFLT,AMD,1,2014-01-02,2014-01-02,2014-01-03,50.7025,False
1M_CALL_IMP_VOL_25DELTA_DFLT,MU,1,2014-01-02,2014-01-02,2014-01-03,68.85081,False
1M_CALL_IMP_VOL_25DELTA_DFLT,MSFT,1,2014-01-02,2014-01-02,2014-01-03,21.0755,False
1M_CALL_IMP_VOL_25DELTA_DFLT,GOOGL,1,2014-01-02,2014-01-02,2014-01-03,16.49188,False
1M_CALL_IMP_VOL_25DELTA_DFLT,META,1,2014-01-02,2014-01-02,2014-01-03,40.13363,False
1M_CALL_IMP_VOL_25DELTA_DFLT,AAPL,1,2014-01-02,2014-01-02,2014-01-03,25.648,False
1M_CALL_IMP_VOL_25DELTA_DFLT,GS,1,2014-01-02,2014-01-02,2014-01-03,21.24331,False
1M_CALL_IMP_VOL_25DELTA_DFLT,COST,1,2014-01-02,2014-01-02,2014-01-03,14.72138,False
1M_CALL_IMP_VOL_25DELTA_DFLT,HD,1,2014-01-02,2014-01-02,2014-01-03,15.60838,False
1M_CALL_IMP_VOL_25DELTA_DFLT,PG,1,2014-01-02,2014-01-02,2014-01-03,14.565,False
1M_CALL_IMP_VOL_25DELTA_DFLT,MCD,1,2014-01-02,2014-01-02,2014-01-03,10.941,False
1M_CALL_IMP_VOL_25DELTA_DFLT,WMT,1,2014-01-02,2014-01-02,2014-01-03,10.84969,False
1M_CALL_IMP_VOL_25DELTA_DFLT,CAT,1,2014-01-02,2014-01-02,2014-01-03,16.9805,False
1M_CALL_IMP_VOL_25DELTA_DFLT,HON,1,2014-01-02,2014-01-02,2014-01-03,15.103,False
1M_CALL_IMP_VOL_25DELTA_DFLT,DE,1,2014-01-02,2014-01-02,2014-01-03,15.64069,False
1M_CALL_IMP_VOL_25DELTA_DFLT,UNP,1,2014-01-02,2014-01-02,2014-01-03,15.03669,False
1M_CALL_IMP_VOL_25DELTA_DFLT,LMT,1,2014-01-02,2014-01-02,2014-01-03,17.20081,False
1M_CALL_IMP_VOL_25DELTA_DFLT,ETN,1,2014-01-02,2014-01-02,2014-01-03,18.66731,False
1M_CALL_IMP_VOL_25DELTA_DFLT,XOM,1,2014-01-02,2014-01-02,2014-01-03,16.4555,False
1M_CALL_IMP_VOL_25DELTA_DFLT,LNG,1,2014-01-02,2014-01-02,2014-01-03,45.9005,False
1M_CALL_IMP_VOL_25DELTA_DFLT,FCX,1,2014-01-02,2014-01-02,2014-01-03,23.158,False
1M_CALL_IMP_VOL_25DELTA_DFLT,LIN,1,2014-01-02,2014-01-02,2014-01-03,13.35531,False
1M_CALL_IMP_VOL_25DELTA_DFLT,NEE,1,2014-01-02,2014-01-02,2014-01-03,15.222,False
1M_CALL_IMP_VOL_25DELTA_DFLT,AVGO,1,2014-01-02,2014-01-02,2014-01-03,32.03431,False
1M_CALL_IMP_VOL_25DELTA_DFLT,TSLA,1,2014-01-02,2014-01-02,2014-01-03,51.36838,False
1M_CALL_IMP_VOL_25DELTA_DFLT,NVDA,1,2014-01-02,2014-01-02,2014-01-03,24.92238,False
1M_CALL_IMP_VOL_25DELTA_DFLT,AMZN,1,2014-01-02,2014-01-02,2014-01-03,26.39731,False
1M_CALL_IMP_VOL_25DELTA_DFLT,005930,1,2014-01-02,2014-01-02,2014-01-03,21.88719,False
1M_CALL_IMP_VOL_25DELTA_DFLT,UNH,1,2014-01-02,2014-01-02,2014-01-03,25.97313,False
1M_CALL_IMP_VOL_25DELTA_DFLT,LLY,1,2014-01-02,2014-01-02,2014-01-03,14.93769,False
1M_CALL_IMP_VOL_25DELTA_DFLT,ISRG,1,2014-01-02,2014-01-02,2014-01-03,23.61769,False
1M_CALL_IMP_VOL_25DELTA_DFLT,ABBV,1,2014-01-02,2014-01-02,2014-01-03,22.19819,False
1M_CALL_IMP_VOL_25DELTA_DFLT,REGN,1,2014-01-02,2014-01-02,2014-01-03,41.07581,False
1M_CALL_IMP_VOL_25DELTA_DFLT,JPM,1,2014-01-02,2014-01-02,2014-01-03,23.18038,False
1M_CALL_IMP_VOL_25DELTA_DFLT,V,1,2014-01-02,2014-01-02,2014-01-03,20.5275,False
1M_CALL_IMP_VOL_25DELTA_DFLT,MA,1,2014-01-02,2014-01-02,2014-01-03,20.79931,False
1M_CALL_IMP_VOL_25DELTA_DFLT,BLK,1,2014-01-02,2014-01-02,2014-01-03,23.31988,False
1M_CALL_IMP_VOL_25DELTA_DFLT,SPGI,1,2014-01-02,2014-01-02,2014-01-03,20.93988,False
1M_CALL_IMP_VOL_25DELTA_DFLT,CS,1,2014-01-02,2014-01-02,2014-01-03,26.66119,False
1M_CALL_IMP_VOL_25DELTA_DFLT,LSEG,1,2014-01-02,2014-01-02,2014-01-03,23.97081,False
1M_CALL_IMP_VOL_25DELTA_DFLT,C,1,2014-01-02,2014-01-02,2014-01-03,26.00031,False
1M_CALL_IMP_VOL_25DELTA_DFLT,BN,1,2014-01-02,2014-01-02,2014-01-03,18.33813,False
1M_CALL_IMP_VOL_25DELTA_DFLT,CME,1,2014-01-02,2014-01-02,2014-01-03,21.96569,False
1M_CALL_IMP_VOL_25DELTA_DFLT,KKR,1,2014-01-02,2014-01-02,2014-01-03,24.50713,False
1M_CALL_IMP_VOL_25DELTA_DFLT,AON,1,2014-01-02,2014-01-02,2014-01-03,20.01469,False
1M_CALL_IMP_VOL_25DELTA_DFLT,PGR,1,2014-01-02,2014-01-02,2014-01-03,17.80938,False
1M_CALL_IMP_VOL_25DELTA_DFLT,IFX,1,2014-01-02,2014-01-02,2014-01-03,26.46388,False
1M_CALL_IMP_VOL_25DELTA_DFLT,AXP,1,2014-01-02,2014-01-02,2014-01-03,19.75763,False
1M_CALL_IMP_VOL_25DELTA_DFLT,SCHW,1,2014-01-02,2014-01-02,2014-01-03,26.96163,False
1M_CALL_IMP_VOL_25DELTA_DFLT,MS,1,2014-01-02,2014-01-02,2014-01-03,29.28763,False
1M_CALL_IMP_VOL_25DELTA_DFLT,ADI,1,2014-01-02,2014-01-02,2014-01-03,19.23213,False
1M_CALL_IMP_VOL_25DELTA_DFLT,NOW,1,2014-01-02,2014-01-02,2014-01-03,33.55163,False
1M_CALL_IMP_VOL_25DELTA_DFLT,ACN,1,2014-01-02,2014-01-02,2014-01-03,15.8155,False
1M_CALL_IMP_VOL_25DELTA_DFLT,IBM,1,2014-01-02,2014-01-02,2014-01-03,14.36188,False
1M_CALL_IMP_VOL_25DELTA_DFLT,SAP,1,2014-01-02,2014-01-02,2014-01-03,20.83788,False
1M_CALL_IMP_VOL_25DELTA_DFLT,SHEL,1,2014-01-02,2014-01-02,2014-01-03,14.61381,False
1M_CALL_IMP_VOL_25DELTA_DFLT,AZN,1,2014-01-02,2014-01-02,2014-01-03,14.369,False
1M_CALL_IMP_VOL_25DELTA_DFLT,ADBE,1,2014-01-02,2014-01-02,2014-01-03,21.24719,False
1M_CALL_IMP_VOL_25DELTA_DFLT,TXN,1,2014-01-02,2014-01-02,2014-01-03,17.60981,False
1M_CALL_IMP_VOL_25DELTA_DFLT,QCOM,1,2014-01-02,2014-01-02,2014-01-03,17.14669,False
1M_CALL_IMP_VOL_25DELTA_DFLT,RIO,1,2014-01-02,2014-01-02,2014-01-03,24.77631,False
1M_CALL_IMP_VOL_25DELTA_DFLT,HSBA,1,2014-01-02,2014-01-02,2014-01-03,15.88338,False
1M_CALL_IMP_VOL_25DELTA_DFLT,MC,1,2014-01-02,2014-01-02,2014-01-03,20.25787,False
1M_CALL_IMP_VOL_25DELTA_DFLT,RR/,1,2014-01-02,2014-01-02,2014-01-03,23.70831,False
1M_CALL_IMP_VOL_25DELTA_DFLT,ASML,1,2014-01-02,2014-01-02,2014-01-03,23.20463,False
1M_CALL_IMP_VOL_25DELTA_DFLT,WMB,1,2014-01-02,2014-01-02,2014-01-03,23.02669,False
1M_CALL_IMP_VOL_25DELTA_DFLT,SU,1,2014-01-02,2014-01-02,2014-01-03,26.05481,False
1M_CALL_IMP_VOL_25DELTA_DFLT,SIE,1,2014-01-02,2014-01-02,2014-01-03,18.008,False
1M_CALL_IMP_VOL_25DELTA_DFLT,RHM,1,2014-01-02,2014-01-02,2014-01-03,24.40113,False
1M_CALL_IMP_VOL_25DELTA_DFLT,ALV,1,2014-01-02,2014-01-02,2014-01-03,21.40088,False
1M_CALL_IMP_VOL_25DELTA_DFLT,MPWR,1,2014-01-02,2014-01-02,2014-01-03,31.11619,False
1M_CALL_IMP_VOL_25DELTA_DFLT,BAC,1,2014-01-02,2014-01-02,2014-01-03,26.35263,False
1M_CALL_IMP_VOL_25DELTA_DFLT,INTC,1,2014-01-02,2014-01-02,2014-01-03,26.79219,False
1M_CALL_IMP_VOL_25DELTA_DFLT,CSCO,1,2014-01-02,2014-01-02,2014-01-03,18.67731,False
1M_CALL_IMP_VOL_25DELTA_DFLT,FN,1,2014-01-02,2014-01-02,2014-01-03,30.12588,False
1M_CALL_IMP_VOL_25DELTA_DFLT,PM,1,2014-01-02,2014-01-02,2014-01-03,13.27638,False
1M_CALL_IMP_VOL_25DELTA_DFLT,BKNG,1,2014-01-02,2014-01-02,2014-01-03,24.44019,False
1M_CALL_IMP_VOL_25DELTA_DFLT,DLR,1,2014-01-02,2014-01-02,2014-01-03,26.42519,False
1M_CALL_IMP_VOL_25DELTA_DFLT,BSX,1,2014-01-02,2014-01-02,2014-01-03,28.04463,False
1M_CALL_IMP_VOL_25DELTA_DFLT,ORCL,1,2014-01-02,2014-01-02,2014-01-03,17.60281,False
1M_CALL_IMP_VOL_25DELTA_DFLT,SNPS,1,2014-01-02,2014-01-02,2014-01-03,14.75781,False
1M_CALL_IMP_VOL_25DELTA_DFLT,APH,1,2014-01-02,2014-01-02,2014-01-03,16.05813,False
1M_CALL_IMP_VOL_25DELTA_DFLT,IBE,1,2014-01-02,2014-01-02,2014-01-03,18.766,False
1M_CALL_IMP_VOL_25DELTA_DFLT,AI,1,2014-01-02,2014-01-02,2014-01-03,17.28912,False
1M_CALL_IMP_VOL_25DELTA_DFLT,ECL,1,2014-01-02,2014-01-02,2014-01-03,15.05313,False
1M_CALL_IMP_VOL_25DELTA_DFLT,INTU,1,2014-01-02,2014-01-02,2014-01-03,16.14619,False
1M_CALL_IMP_VOL_25DELTA_DFLT,MSI,1,2014-01-02,2014-01-02,2014-01-03,15.17588,False
1M_CALL_IMP_VOL_25DELTA_DFLT,ABT,1,2014-01-02,2014-01-02,2014-01-03,16.33519,False
1M_CALL_IMP_VOL_25DELTA_DFLT,ITX,1,2014-01-02,2014-01-02,2014-01-03,20.78762,False
1M_CALL_IMP_VOL_25DELTA_DFLT,DHR,1,2014-01-02,2014-01-02,2014-01-03,17.08031,False
1M_CALL_IMP_VOL_25DELTA_DFLT,SAN,1,2014-01-02,2014-01-02,2014-01-03,21.68563,False
1M_CALL_IMP_VOL_25DELTA_DFLT,GE,1,2014-01-02,2014-01-02,2014-01-03,21.04563,False
1M_CALL_IMP_VOL_25DELTA_DFLT,VRTX,1,2014-01-02,2014-01-02,2014-01-03,40.72469,False
1M_CALL_IMP_VOL_25DELTA_DFLT,VZ,1,2014-01-02,2014-01-02,2014-01-03,14.95388,False
1M_CALL_IMP_VOL_25DELTA_DFLT,T,1,2014-01-02,2014-01-02,2014-01-03,13.87113,False
1M_CALL_IMP_VOL_25DELTA_DFLT,TTWO,1,2014-01-02,2014-01-02,2014-01-03,36.53763,False
1M_CALL_IMP_VOL_25DELTA_DFLT,CMCSA,1,2014-01-02,2014-01-02,2014-01-03,27.47269,False
1M_CALL_IMP_VOL_25DELTA_DFLT,DTE,1,2014-01-02,2014-01-02,2014-01-03,25.85931,False
1M_CALL_IMP_VOL_25DELTA_DFLT,TJX,1,2014-01-02,2014-01-02,2014-01-03,19.12731,False
1M_CALL_IMP_VOL_25DELTA_DFLT,LOW,1,2014-01-02,2014-01-02,2014-01-03,19.65788,False
1M_CALL_IMP_VOL_25DELTA_DFLT,SBUX,1,2014-01-02,2014-01-02,2014-01-03,18.37719,False
1M_CALL_IMP_VOL_25DELTA_DFLT,DIS,1,2014-01-02,2014-01-02,2014-01-03,19.6055,False
1M_CALL_IMP_VOL_25DELTA_DFLT,ORLY,1,2014-01-02,2014-01-02,2014-01-03,18.2195,False
1M_CALL_IMP_VOL_25DELTA_DFLT,NKE,1,2014-01-02,2014-01-02,2014-01-03,17.226,False
1M_CALL_IMP_VOL_25DELTA_DFLT,MCK,1,2014-01-02,2014-01-02,2014-01-03,23.11563,False
1M_CALL_IMP_VOL_25DELTA_DFLT,SYK,1,2014-01-02,2014-01-02,2014-01-03,17.07538,False
1M_CALL_IMP_VOL_25DELTA_DFLT,MRK,1,2014-01-02,2014-01-02,2014-01-03,18.035,False
1M_CALL_IMP_VOL_25DELTA_DFLT,AMGN,1,2014-01-02,2014-01-02,2014-01-03,19.84288,False
1M_CALL_IMP_VOL_25DELTA_DFLT,AXON,1,2014-01-02,2014-01-02,2014-01-03,47.98731,False
1M_CALL_IMP_VOL_25DELTA_DFLT,AIR,1,2014-01-02,2014-01-02,2014-01-03,27.86331,False
1M_CALL_IMP_VOL_25DELTA_DFLT,BNP,1,2014-01-02,2014-01-02,2014-01-03,27.39519,False
1M_CALL_IMP_VOL_25DELTA_DFLT,MUV2,1,2014-01-02,2014-01-02,2014-01-03,17.84781,False
1M_CALL_IMP_VOL_25DELTA_DFLT,EMR,1,2014-01-02,2014-01-02,2014-01-03,15.46481,False
1M_CALL_IMP_VOL_25DELTA_DFLT,RTX,1,2014-01-02,2014-01-02,2014-01-03,14.18019,False
1M_CALL_IMP_VOL_25DELTA_DFLT,COF,1,2014-01-02,2014-01-02,2014-01-03,25.52563,False
1M_CALL_IMP_VOL_25DELTA_DFLT,CB,1,2014-01-02,2014-01-02,2014-01-03,14.993,False
1M_CALL_IMP_VOL_25DELTA_DFLT,ICE,1,2014-01-02,2014-01-02,2014-01-03,18.17463,False
1M_CALL_IMP_VOL_25DELTA_DFLT,MCO,1,2014-01-02,2014-01-02,2014-01-03,23.40331,False
1M_CALL_IMP_VOL_25DELTA_DFLT,NXPI,1,2014-01-02,2014-01-02,2014-01-03,31.01731,False
1M_CALL_IMP_VOL_25DELTA_DFLT,WDAY,1,2014-01-02,2014-01-02,2014-01-03,32.81269,False
1M_CALL_IMP_VOL_25DELTA_DFLT,WDC,1,2014-01-02,2014-01-02,2014-01-03,29.54331,False
1M_CALL_IMP_VOL_25DELTA_DFLT,BRK/B,1,2014-01-02,2014-01-02,2014-01-03,13.08319,False
1M_CALL_IMP_VOL_25DELTA_DFLT,ADSK,1,2014-01-02,2014-01-02,2014-01-03,27.99288,False
1M_CALL_IMP_VOL_25DELTA_DFLT,FTNT,1,2014-01-02,2014-01-02,2014-01-03,50.77313,False
1M_CALL_IMP_VOL_25DELTA_DFLT,TT,1,2014-01-02,2014-01-02,2014-01-03,19.13331,False
1M_CALL_IMP_VOL_25DELTA_DFLT,KO,1,2014-01-02,2014-01-02,2014-01-03,14.31613,False
1M_CALL_IMP_VOL_25DELTA_DFLT,ULVR,1,2014-01-02,2014-01-02,2014-01-03,15.56281,False
1M_CALL_IMP_VOL_25DELTA_DFLT,SHW,1,2014-01-02,2014-01-02,2014-01-03,20.95619,False
1M_CALL_IMP_VOL_25DELTA_DFLT,TTE,1,2014-01-02,2014-01-02,2014-01-03,17.05481,False
1M_CALL_IMP_VOL_25DELTA_DFLT,SO,1,2014-01-02,2014-01-02,2014-01-03,13.24631,False
1M_CALL_IMP_VOL_25DELTA_DFLT,CVX,1,2014-01-02,2014-01-02,2014-01-03,14.14938,False
1M_CALL_IMP_VOL_25DELTA_DFLT,OR,1,2014-01-02,2014-01-02,2014-01-03,21.37,False
1M_CALL_IMP_VOL_25DELTA_DFLT,PEP,1,2014-01-02,2014-01-02,2014-01-03,13.65388,False
1M_CALL_IMP_VOL_25DELTA_DFLT,NEM,1,2014-01-02,2014-01-02,2014-01-03,34.867,False
1M_CALL_IMP_VOL_25DELTA_DFLT,BNY,1,2014-01-02,2014-01-02,2014-01-03,22.7405,False
1M_CALL_IMP_VOL_25DELTA_DFLT,IBKR,1,2014-01-02,2014-01-02,2014-01-03,27.24763,False
1M_CALL_IMP_VOL_25DELTA_DFLT,APO,1,2014-01-02,2014-01-02,2014-01-03,25.66669,False
1M_CALL_IMP_VOL_25DELTA_DFLT,MSCI,1,2014-01-02,2014-01-02,2014-01-03,18.95519,False
1M_CALL_IMP_VOL_25DELTA_DFLT,MRSH,1,2014-01-02,2014-01-02,2014-01-03,15.46631,False
1M_CALL_IMP_VOL_25DELTA_DFLT,ASM,1,2014-01-02,2014-01-02,2014-01-03,21.33188,False
1M_CALL_IMP_VOL_25DELTA_DFLT,ON,1,2014-01-02,2014-01-02,2014-01-03,40.5,False
1M_CALL_IMP_VOL_25DELTA_DFLT,VRSN,1,2014-01-02,2014-01-02,2014-01-03,35.54337,False
1M_CALL_IMP_VOL_25DELTA_DFLT,MDLZ,1,2014-01-02,2014-01-02,2014-01-03,19.43463,False
1M_CALL_IMP_VOL_25DELTA_DFLT,GILD,1,2014-01-02,2014-01-02,2014-01-03,27.74613,False
1M_CALL_IMP_VOL_25DELTA_DFLT,MDT,1,2014-01-02,2014-01-02,2014-01-03,13.93738,False
1M_CALL_IMP_VOL_25DELTA_DFLT,PFE,1,2014-01-02,2014-01-02,2014-01-03,13.70363,False
1M_CALL_IMP_VOL_25DELTA_DFLT,PH,1,2014-01-02,2014-01-02,2014-01-03,18.452,False
1M_CALL_IMP_VOL_25DELTA_DFLT,WM,1,2014-01-02,2014-01-02,2014-01-03,13.38663,False
1M_CALL_IMP_VOL_25DELTA_DFLT,REL,1,2014-01-02,2014-01-02,2014-01-03,17.34238,False
1M_CALL_IMP_VOL_25DELTA_DFLT,ADP,1,2014-01-02,2014-01-02,2014-01-03,14.24981,False
1M_CALL_IMP_VOL_25DELTA_DFLT,CMG,1,2014-01-02,2014-01-02,2014-01-03,21.67369,False
1M_CALL_IMP_VOL_25DELTA_DFLT,RMS,1,2014-01-02,2014-01-02,2014-01-03,16.29488,False
1M_CALL_IMP_VOL_25DELTA_DFLT,ZTS,1,2014-01-02,2014-01-02,2014-01-03,21.05369,False
1M_CALL_IMP_VOL_25DELTA_DFLT,HCA,1,2014-01-02,2014-01-02,2014-01-03,26.1205,False
1M_CALL_IMP_VOL_25DELTA_DFLT,GRMN,1,2014-01-02,2014-01-02,2014-01-03,24.64669,False
1M_CALL_IMP_VOL_25DELTA_DFLT,LYV,1,2014-01-02,2014-01-02,2014-01-03,26.65231,False
1M_CALL_IMP_VOL_25DELTA_DFLT,GM,1,2014-01-02,2014-01-02,2014-01-03,31.57969,False
1M_CALL_IMP_VOL_25DELTA_DFLT,MAR,1,2014-01-02,2014-01-02,2014-01-03,18.10537,False
1M_CALL_IMP_VOL_25DELTA_DFLT,CL,1,2014-01-02,2014-01-02,2014-01-03,13.87163,False
1M_CALL_IMP_VOL_25DELTA_DFLT,MO,1,2014-01-02,2014-01-02,2014-01-03,12.92219,False
1M_CALL_IMP_VOL_25DELTA_DFLT,MNST,1,2014-01-02,2014-01-02,2014-01-03,33.65238,False
1M_CALL_IMP_VOL_25DELTA_DFLT,COP,1,2014-01-02,2014-01-02,2014-01-03,16.02013,False
1M_CALL_IMP_VOL_25DELTA_DFLT,APD,1,2014-01-02,2014-01-02,2014-01-03,21.98531,False
1M_CALL_IMP_VOL_25DELTA_DFLT,SLB,1,2014-01-02,2014-01-02,2014-01-03,26.01869,False
1M_CALL_IMP_VOL_25DELTA_DFLT,NRG,1,2014-01-02,2014-01-02,2014-01-03,24.24288,False
1M_CALL_IMP_VOL_25DELTA_DFLT,WELL,1,2014-01-02,2014-01-02,2014-01-03,20.27813,False
1M_PUT_IMP_VOL_25DELTA_DFLT,285A,4597,2014-01-02,2026-08-03,2026-08-04,166.1597,False
1M_PUT_IMP_VOL_25DELTA_DFLT,6146,4262,2014-01-02,2025-09-02,2025-09-03,56.4599,False
1M_PUT_IMP_VOL_25DELTA_DFLT,SNDK,4079,2014-01-02,2025-03-03,2025-03-04,54.9363,False
1M_PUT_IMP_VOL_25DELTA_DFLT,GEV,3749,2014-01-02,2024-04-07,2024-04-08,41.7158,False
1M_PUT_IMP_VOL_25DELTA_DFLT,RDDT,3736,2014-01-02,2024-03-25,2024-03-26,169.9728,False
1M_PUT_IMP_VOL_25DELTA_DFLT,ARM,3547,2014-01-02,2023-09-18,2023-09-19,57.7479,False
1M_PUT_IMP_VOL_25DELTA_DFLT,CEG,2961,2014-01-02,2022-02-09,2022-02-10,111.8028,False
1M_PUT_IMP_VOL_25DELTA_DFLT,UMG,2822,2014-01-02,2021-09-23,2021-09-24,38.3849,False
1M_PUT_IMP_VOL_25DELTA_DFLT,APP,2667,2014-01-02,2021-04-21,2021-04-22,66.9732,False
1M_PUT_IMP_VOL_25DELTA_DFLT,RBLX,2631,2014-01-02,2021-03-16,2021-03-17,134.3081,False
1M_PUT_IMP_VOL_25DELTA_DFLT,ABNB,2541,2014-01-02,2020-12-16,2020-12-17,117.2953,False
1M_PUT_IMP_VOL_25DELTA_DFLT,DASH,2540,2014-01-02,2020-12-15,2020-12-16,129.9881,False
1M_PUT_IMP_VOL_25DELTA_DFLT,PLTR,2470,2014-01-02,2020-10-06,2020-10-07,112.3901,False
1M_PUT_IMP_VOL_25DELTA_DFLT,SNOW,2456,2014-01-02,2020-09-22,2020-09-23,85.0761,False
1M_PUT_IMP_VOL_25DELTA_DFLT,VRT,2260,2014-01-02,2020-03-10,2020-03-11,114.1697,False
1M_PUT_IMP_VOL_25DELTA_DFLT,DDOG,2100,2014-01-02,2019-10-02,2019-10-03,67.2633,False
1M_PUT_IMP_VOL_25DELTA_DFLT,NET,2092,2014-01-02,2019-09-24,2019-09-25,88.9782,False
1M_PUT_IMP_VOL_25DELTA_DFLT,CRWD,1994,2014-01-02,2019-06-18,2019-06-19,84.0463,False
1M_PUT_IMP_VOL_25DELTA_DFLT,UBER,1961,2014-01-02,2019-05-16,2019-05-17,58.0737,False
1M_PUT_IMP_VOL_25DELTA_DFLT,DELL,1826,2014-01-02,2019-01-01,2019-01-02,38.2236,False
1M_PUT_IMP_VOL_25DELTA_DFLT,BE,1698,2014-01-02,2018-08-26,2018-08-27,102.3029,False
1M_PUT_IMP_VOL_25DELTA_DFLT,SPOT,1559,2014-01-02,2018-04-09,2018-04-10,55.4345,False
1M_PUT_IMP_VOL_25DELTA_DFLT,ZS,1544,2014-01-02,2018-03-25,2018-03-26,86.4622,False
1M_PUT_IMP_VOL_25DELTA_DFLT,VST,1233,2014-01-02,2017-05-18,2017-05-19,54.41531,False
1M_PUT_IMP_VOL_25DELTA_DFLT,TTD,1201,2014-01-02,2017-04-16,2017-04-17,38.71669,False
1M_PUT_IMP_VOL_25DELTA_DFLT,HWM,1036,2014-01-02,2016-11-02,2016-11-03,51.1595,False
1M_PUT_IMP_VOL_25DELTA_DFLT,TEAM,718,2014-01-02,2015-12-20,2015-12-21,49.41813,False
1M_PUT_IMP_VOL_25DELTA_DFLT,HPE,670,2014-01-02,2015-11-02,2015-11-03,70.38288,False
1M_PUT_IMP_VOL_25DELTA_DFLT,RACE,666,2014-01-02,2015-10-29,2015-10-30,50.88688,False
1M_PUT_IMP_VOL_25DELTA_DFLT,LITE,581,2014-01-02,2015-08-05,2015-08-06,133.0666,False
1M_PUT_IMP_VOL_25DELTA_DFLT,PYPL,565,2014-01-02,2015-07-20,2015-07-21,40.31112,False
1M_PUT_IMP_VOL_25DELTA_DFLT,000660,320,2014-01-02,2014-11-17,2014-11-18,37.84969,False
1M_PUT_IMP_VOL_25DELTA_DFLT,KEYS,306,2014-01-02,2014-11-03,2014-11-04,47.78213,False
1M_PUT_IMP_VOL_25DELTA_DFLT,ANET,211,2014-01-02,2014-07-31,2014-08-01,73.77363,False
1M_PUT_IMP_VOL_25DELTA_DFLT,DSY,46,2014-01-02,2014-02-16,2014-02-17,20.13881,False
1M_PUT_IMP_VOL_25DELTA_DFLT,PUB,46,2014-01-02,2014-02-16,2014-02-17,24.73869,False
1M_PUT_IMP_VOL_25DELTA_DFLT,SAF,46,2014-01-02,2014-02-16,2014-02-17,27.32231,False
1M_PUT_IMP_VOL_25DELTA_DFLT,UCG,8,2014-01-02,2014-01-09,2014-01-10,34.89481,False
1M_PUT_IMP_VOL_25DELTA_DFLT,ENEL,8,2014-01-02,2014-01-09,2014-01-10,27.40663,False
1M_PUT_IMP_VOL_25DELTA_DFLT,9433,5,2014-01-02,2014-01-06,2014-01-07,34.07581,False
1M_PUT_IMP_VOL_25DELTA_DFLT,FICO,5,2014-01-02,2014-01-06,2014-01-07,18.01281,False
1M_PUT_IMP_VOL_25DELTA_DFLT,9432,5,2014-01-02,2014-01-06,2014-01-07,22.64638,False
1M_PUT_IMP_VOL_25DELTA_DFLT,8316,5,2014-01-02,2014-01-06,2014-01-07,26.87063,False
1M_PUT_IMP_VOL_25DELTA_DFLT,6981,5,2014-01-02,2014-01-06,2014-01-07,27.30531,False
1M_PUT_IMP_VOL_25DELTA_DFLT,7203,5,2014-01-02,2014-01-06,2014-01-07,23.31569,False
1M_PUT_IMP_VOL_25DELTA_DFLT,7974,5,2014-01-02,2014-01-06,2014-01-07,38.037,False
1M_PUT_IMP_VOL_25DELTA_DFLT,8306,5,2014-01-02,2014-01-06,2014-01-07,24.96488,False
1M_PUT_IMP_VOL_25DELTA_DFLT,6857,5,2014-01-02,2014-01-06,2014-01-07,37.64437,False
1M_PUT_IMP_VOL_25DELTA_DFLT,8035,5,2014-01-02,2014-01-06,2014-01-07,37.599,False
1M_PUT_IMP_VOL_25DELTA_DFLT,7011,5,2014-01-02,2014-01-06,2014-01-07,28.32281,False
1M_PUT_IMP_VOL_25DELTA_DFLT,4063,5,2014-01-02,2014-01-06,2014-01-07,26.823,False
1M_PUT_IMP_VOL_25DELTA_DFLT,6758,5,2014-01-02,2014-01-06,2014-01-07,32.21663,False
1M_PUT_IMP_VOL_25DELTA_DFLT,NESN,4,2014-01-02,2014-01-05,2014-01-06,12.66531,False
1M_PUT_IMP_VOL_25DELTA_DFLT,NOVN,4,2014-01-02,2014-01-05,2014-01-06,14.8435,False
1M_PUT_IMP_VOL_25DELTA_DFLT,ROP,4,2014-01-02,2014-01-05,2014-01-06,16.98187,False
1M_PUT_IMP_VOL_25DELTA_DFLT,ZURN,4,2014-01-02,2014-01-05,2014-01-06,17.04581,False
1M_PUT_IMP_VOL_25DELTA_DFLT,NOVOB,4,2014-01-02,2014-01-05,2014-01-06,25.23081,False
1M_PUT_IMP_VOL_25DELTA_DFLT,CDNS,4,2014-01-02,2014-01-05,2014-01-06,36.92831,False
1M_PUT_IMP_VOL_25DELTA_DFLT,CFR,4,2014-01-02,2014-01-05,2014-01-06,21.50719,False
1M_PUT_IMP_VOL_25DELTA_DFLT,UBSG,4,2014-01-02,2014-01-05,2014-01-06,21.42838,False
1M_PUT_IMP_VOL_25DELTA_DFLT,COHR,4,2014-01-02,2014-01-05,2014-01-06,67.59713,False
1M_PUT_IMP_VOL_25DELTA_DFLT,TKO,4,2014-01-02,2014-01-05,2014-01-06,43.10619,False
1M_PUT_IMP_VOL_25DELTA_DFLT,ABBN,4,2014-01-02,2014-01-05,2014-01-06,17.80819,False
1M_PUT_IMP_VOL_25DELTA_DFLT,JNJ,1,2014-01-02,2014-01-02,2014-01-03,13.85781,False
1M_PUT_IMP_VOL_25DELTA_DFLT,WFC,1,2014-01-02,2014-01-02,2014-01-03,20.72137,False
1M_PUT_IMP_VOL_25DELTA_DFLT,MPC,1,2014-01-02,2014-01-02,2014-01-03,32.114,False
1M_PUT_IMP_VOL_25DELTA_DFLT,PANW,1,2014-01-02,2014-01-02,2014-01-03,43.92481,False
1M_PUT_IMP_VOL_25DELTA_DFLT,AMAT,1,2014-01-02,2014-01-02,2014-01-03,25.90381,False
1M_PUT_IMP_VOL_25DELTA_DFLT,LRCX,1,2014-01-02,2014-01-02,2014-01-03,26.94263,False
1M_PUT_IMP_VOL_25DELTA_DFLT,PLD,1,2014-01-02,2014-01-02,2014-01-03,23.97363,False
1M_PUT_IMP_VOL_25DELTA_DFLT,TMUS,1,2014-01-02,2014-01-02,2014-01-03,44.38131,False
1M_PUT_IMP_VOL_25DELTA_DFLT,EQIX,1,2014-01-02,2014-01-02,2014-01-03,42.461,False
1M_PUT_IMP_VOL_25DELTA_DFLT,AMT,1,2014-01-02,2014-01-02,2014-01-03,20.73438,False
1M_PUT_IMP_VOL_25DELTA_DFLT,TSM,1,2014-01-02,2014-01-02,2014-01-03,40.61681,False
1M_PUT_IMP_VOL_25DELTA_DFLT,TMO,1,2014-01-02,2014-01-02,2014-01-03,23.88,False
1M_PUT_IMP_VOL_25DELTA_DFLT,BX,1,2014-01-02,2014-01-02,2014-01-03,29.52019,False
1M_PUT_IMP_VOL_25DELTA_DFLT,PWR,1,2014-01-02,2014-01-02,2014-01-03,23.383,False
1M_PUT_IMP_VOL_25DELTA_DFLT,STX,1,2014-01-02,2014-01-02,2014-01-03,32.86381,False
1M_PUT_IMP_VOL_25DELTA_DFLT,MRVL,1,2014-01-02,2014-01-02,2014-01-03,44.57238,False
1M_PUT_IMP_VOL_25DELTA_DFLT,KLAC,1,2014-01-02,2014-01-02,2014-01-03,24.46988,False
1M_PUT_IMP_VOL_25DELTA_DFLT,GLW,1,2014-01-02,2014-01-02,2014-01-03,23.65919,False
1M_PUT_IMP_VOL_25DELTA_DFLT,TER,1,2014-01-02,2014-01-02,2014-01-03,27.77913,False
1M_PUT_IMP_VOL_25DELTA_DFLT,NFLX,1,2014-01-02,2014-01-02,2014-01-03,32.32438,False
1M_PUT_IMP_VOL_25DELTA_DFLT,CRM,1,2014-01-02,2014-01-02,2014-01-03,31.1885,False
1M_PUT_IMP_VOL_25DELTA_DFLT,AMD,1,2014-01-02,2014-01-02,2014-01-03,50.16763,False
1M_PUT_IMP_VOL_25DELTA_DFLT,MU,1,2014-01-02,2014-01-02,2014-01-03,70.48088,False
1M_PUT_IMP_VOL_25DELTA_DFLT,MSFT,1,2014-01-02,2014-01-02,2014-01-03,23.00088,False
1M_PUT_IMP_VOL_25DELTA_DFLT,GOOGL,1,2014-01-02,2014-01-02,2014-01-03,17.811,False
1M_PUT_IMP_VOL_25DELTA_DFLT,META,1,2014-01-02,2014-01-02,2014-01-03,40.368,False
1M_PUT_IMP_VOL_25DELTA_DFLT,AAPL,1,2014-01-02,2014-01-02,2014-01-03,25.13081,False
1M_PUT_IMP_VOL_25DELTA_DFLT,GS,1,2014-01-02,2014-01-02,2014-01-03,24.01919,False
1M_PUT_IMP_VOL_25DELTA_DFLT,COST,1,2014-01-02,2014-01-02,2014-01-03,17.02831,False
1M_PUT_IMP_VOL_25DELTA_DFLT,HD,1,2014-01-02,2014-01-02,2014-01-03,17.44963,False
1M_PUT_IMP_VOL_25DELTA_DFLT,PG,1,2014-01-02,2014-01-02,2014-01-03,17.4565,False
1M_PUT_IMP_VOL_25DELTA_DFLT,MCD,1,2014-01-02,2014-01-02,2014-01-03,12.66269,False
1M_PUT_IMP_VOL_25DELTA_DFLT,WMT,1,2014-01-02,2014-01-02,2014-01-03,12.99181,False
1M_PUT_IMP_VOL_25DELTA_DFLT,CAT,1,2014-01-02,2014-01-02,2014-01-03,19.154,False
1M_PUT_IMP_VOL_25DELTA_DFLT,HON,1,2014-01-02,2014-01-02,2014-01-03,18.03581,False
1M_PUT_IMP_VOL_25DELTA_DFLT,DE,1,2014-01-02,2014-01-02,2014-01-03,17.36731,False
1M_PUT_IMP_VOL_25DELTA_DFLT,UNP,1,2014-01-02,2014-01-02,2014-01-03,17.67438,False
1M_PUT_IMP_VOL_25DELTA_DFLT,LMT,1,2014-01-02,2014-01-02,2014-01-03,20.40288,False
1M_PUT_IMP_VOL_25DELTA_DFLT,ETN,1,2014-01-02,2014-01-02,2014-01-03,21.90863,False
1M_PUT_IMP_VOL_25DELTA_DFLT,XOM,1,2014-01-02,2014-01-02,2014-01-03,18.94138,False
1M_PUT_IMP_VOL_25DELTA_DFLT,LNG,1,2014-01-02,2014-01-02,2014-01-03,44.79619,False
1M_PUT_IMP_VOL_25DELTA_DFLT,FCX,1,2014-01-02,2014-01-02,2014-01-03,25.45813,False
1M_PUT_IMP_VOL_25DELTA_DFLT,LIN,1,2014-01-02,2014-01-02,2014-01-03,14.99569,False
1M_PUT_IMP_VOL_25DELTA_DFLT,NEE,1,2014-01-02,2014-01-02,2014-01-03,18.08813,False
1M_PUT_IMP_VOL_25DELTA_DFLT,AVGO,1,2014-01-02,2014-01-02,2014-01-03,34.95363,False
1M_PUT_IMP_VOL_25DELTA_DFLT,TSLA,1,2014-01-02,2014-01-02,2014-01-03,54.82138,False
1M_PUT_IMP_VOL_25DELTA_DFLT,NVDA,1,2014-01-02,2014-01-02,2014-01-03,24.56688,False
1M_PUT_IMP_VOL_25DELTA_DFLT,AMZN,1,2014-01-02,2014-01-02,2014-01-03,29.00769,False
1M_PUT_IMP_VOL_25DELTA_DFLT,005930,1,2014-01-02,2014-01-02,2014-01-03,21.86019,False
1M_PUT_IMP_VOL_25DELTA_DFLT,UNH,1,2014-01-02,2014-01-02,2014-01-03,28.53738,False
1M_PUT_IMP_VOL_25DELTA_DFLT,LLY,1,2014-01-02,2014-01-02,2014-01-03,16.79512,False
1M_PUT_IMP_VOL_25DELTA_DFLT,ISRG,1,2014-01-02,2014-01-02,2014-01-03,25.71069,False
1M_PUT_IMP_VOL_25DELTA_DFLT,ABBV,1,2014-01-02,2014-01-02,2014-01-03,24.10669,False
1M_PUT_IMP_VOL_25DELTA_DFLT,REGN,1,2014-01-02,2014-01-02,2014-01-03,43.21319,False
1M_PUT_IMP_VOL_25DELTA_DFLT,JPM,1,2014-01-02,2014-01-02,2014-01-03,25.48131,False
1M_PUT_IMP_VOL_25DELTA_DFLT,V,1,2014-01-02,2014-01-02,2014-01-03,21.88019,False
1M_PUT_IMP_VOL_25DELTA_DFLT,MA,1,2014-01-02,2014-01-02,2014-01-03,21.06019,False
1M_PUT_IMP_VOL_25DELTA_DFLT,BLK,1,2014-01-02,2014-01-02,2014-01-03,25.63738,False
1M_PUT_IMP_VOL_25DELTA_DFLT,SPGI,1,2014-01-02,2014-01-02,2014-01-03,25.07431,False
1M_PUT_IMP_VOL_25DELTA_DFLT,CS,1,2014-01-02,2014-01-02,2014-01-03,27.9725,False
1M_PUT_IMP_VOL_25DELTA_DFLT,LSEG,1,2014-01-02,2014-01-02,2014-01-03,23.30213,False
1M_PUT_IMP_VOL_25DELTA_DFLT,C,1,2014-01-02,2014-01-02,2014-01-03,27.30869,False
1M_PUT_IMP_VOL_25DELTA_DFLT,BN,1,2014-01-02,2014-01-02,2014-01-03,18.33813,False
1M_PUT_IMP_VOL_25DELTA_DFLT,CME,1,2014-01-02,2014-01-02,2014-01-03,24.5245,False
1M_PUT_IMP_VOL_25DELTA_DFLT,KKR,1,2014-01-02,2014-01-02,2014-01-03,29.03481,False
1M_PUT_IMP_VOL_25DELTA_DFLT,AON,1,2014-01-02,2014-01-02,2014-01-03,25.98413,False
1M_PUT_IMP_VOL_25DELTA_DFLT,PGR,1,2014-01-02,2014-01-02,2014-01-03,19.55638,False
1M_PUT_IMP_VOL_25DELTA_DFLT,IFX,1,2014-01-02,2014-01-02,2014-01-03,21.44863,False
1M_PUT_IMP_VOL_25DELTA_DFLT,AXP,1,2014-01-02,2014-01-02,2014-01-03,21.66338,False
1M_PUT_IMP_VOL_25DELTA_DFLT,SCHW,1,2014-01-02,2014-01-02,2014-01-03,32.55962,False
1M_PUT_IMP_VOL_25DELTA_DFLT,MS,1,2014-01-02,2014-01-02,2014-01-03,31.7,False
1M_PUT_IMP_VOL_25DELTA_DFLT,ADI,1,2014-01-02,2014-01-02,2014-01-03,21.935,False
1M_PUT_IMP_VOL_25DELTA_DFLT,NOW,1,2014-01-02,2014-01-02,2014-01-03,38.8245,False
1M_PUT_IMP_VOL_25DELTA_DFLT,ACN,1,2014-01-02,2014-01-02,2014-01-03,18.11531,False
1M_PUT_IMP_VOL_25DELTA_DFLT,IBM,1,2014-01-02,2014-01-02,2014-01-03,15.94819,False
1M_PUT_IMP_VOL_25DELTA_DFLT,SAP,1,2014-01-02,2014-01-02,2014-01-03,26.3635,False
1M_PUT_IMP_VOL_25DELTA_DFLT,SHEL,1,2014-01-02,2014-01-02,2014-01-03,15.71931,False
1M_PUT_IMP_VOL_25DELTA_DFLT,AZN,1,2014-01-02,2014-01-02,2014-01-03,14.77313,False
1M_PUT_IMP_VOL_25DELTA_DFLT,ADBE,1,2014-01-02,2014-01-02,2014-01-03,22.77581,False
1M_PUT_IMP_VOL_25DELTA_DFLT,TXN,1,2014-01-02,2014-01-02,2014-01-03,20.24369,False
1M_PUT_IMP_VOL_25DELTA_DFLT,QCOM,1,2014-01-02,2014-01-02,2014-01-03,17.35788,False
1M_PUT_IMP_VOL_25DELTA_DFLT,RIO,1,2014-01-02,2014-01-02,2014-01-03,26.71138,False
1M_PUT_IMP_VOL_25DELTA_DFLT,HSBA,1,2014-01-02,2014-01-02,2014-01-03,16.58,False
1M_PUT_IMP_VOL_25DELTA_DFLT,MC,1,2014-01-02,2014-01-02,2014-01-03,21.696,False
1M_PUT_IMP_VOL_25DELTA_DFLT,RR/,1,2014-01-02,2014-01-02,2014-01-03,23.76831,False
1M_PUT_IMP_VOL_25DELTA_DFLT,ASML,1,2014-01-02,2014-01-02,2014-01-03,24.72969,False
1M_PUT_IMP_VOL_25DELTA_DFLT,WMB,1,2014-01-02,2014-01-02,2014-01-03,24.42188,False
1M_PUT_IMP_VOL_25DELTA_DFLT,SU,1,2014-01-02,2014-01-02,2014-01-03,27.53669,False
1M_PUT_IMP_VOL_25DELTA_DFLT,SIE,1,2014-01-02,2014-01-02,2014-01-03,21.43481,False
1M_PUT_IMP_VOL_25DELTA_DFLT,RHM,1,2014-01-02,2014-01-02,2014-01-03,22.228,False
1M_PUT_IMP_VOL_25DELTA_DFLT,ALV,1,2014-01-02,2014-01-02,2014-01-03,23.327,False
1M_PUT_IMP_VOL_25DELTA_DFLT,MPWR,1,2014-01-02,2014-01-02,2014-01-03,31.11619,False
1M_PUT_IMP_VOL_25DELTA_DFLT,BAC,1,2014-01-02,2014-01-02,2014-01-03,27.18469,False
1M_PUT_IMP_VOL_25DELTA_DFLT,INTC,1,2014-01-02,2014-01-02,2014-01-03,29.42288,False
1M_PUT_IMP_VOL_25DELTA_DFLT,CSCO,1,2014-01-02,2014-01-02,2014-01-03,20.59269,False
1M_PUT_IMP_VOL_25DELTA_DFLT,FN,1,2014-01-02,2014-01-02,2014-01-03,30.12588,False
1M_PUT_IMP_VOL_25DELTA_DFLT,PM,1,2014-01-02,2014-01-02,2014-01-03,15.30119,False
1M_PUT_IMP_VOL_25DELTA_DFLT,BKNG,1,2014-01-02,2014-01-02,2014-01-03,25.54081,False
1M_PUT_IMP_VOL_25DELTA_DFLT,DLR,1,2014-01-02,2014-01-02,2014-01-03,33.12538,False
1M_PUT_IMP_VOL_25DELTA_DFLT,BSX,1,2014-01-02,2014-01-02,2014-01-03,24.754,False
1M_PUT_IMP_VOL_25DELTA_DFLT,ORCL,1,2014-01-02,2014-01-02,2014-01-03,20.71519,False
1M_PUT_IMP_VOL_25DELTA_DFLT,SNPS,1,2014-01-02,2014-01-02,2014-01-03,14.75781,False
1M_PUT_IMP_VOL_25DELTA_DFLT,APH,1,2014-01-02,2014-01-02,2014-01-03,17.16969,False
1M_PUT_IMP_VOL_25DELTA_DFLT,IBE,1,2014-01-02,2014-01-02,2014-01-03,24.77013,False
1M_PUT_IMP_VOL_25DELTA_DFLT,AI,1,2014-01-02,2014-01-02,2014-01-03,18.08981,False
1M_PUT_IMP_VOL_25DELTA_DFLT,ECL,1,2014-01-02,2014-01-02,2014-01-03,16.75719,False
1M_PUT_IMP_VOL_25DELTA_DFLT,INTU,1,2014-01-02,2014-01-02,2014-01-03,18.787,False
1M_PUT_IMP_VOL_25DELTA_DFLT,MSI,1,2014-01-02,2014-01-02,2014-01-03,17.516,False
1M_PUT_IMP_VOL_25DELTA_DFLT,ABT,1,2014-01-02,2014-01-02,2014-01-03,19.0035,False
1M_PUT_IMP_VOL_25DELTA_DFLT,ITX,1,2014-01-02,2014-01-02,2014-01-03,23.44138,False
1M_PUT_IMP_VOL_25DELTA_DFLT,DHR,1,2014-01-02,2014-01-02,2014-01-03,19.85312,False
1M_PUT_IMP_VOL_25DELTA_DFLT,SAN,1,2014-01-02,2014-01-02,2014-01-03,22.97169,False
1M_PUT_IMP_VOL_25DELTA_DFLT,GE,1,2014-01-02,2014-01-02,2014-01-03,23.239,False
1M_PUT_IMP_VOL_25DELTA_DFLT,VRTX,1,2014-01-02,2014-01-02,2014-01-03,44.75631,False
1M_PUT_IMP_VOL_25DELTA_DFLT,VZ,1,2014-01-02,2014-01-02,2014-01-03,16.96063,False
1M_PUT_IMP_VOL_25DELTA_DFLT,T,1,2014-01-02,2014-01-02,2014-01-03,15.38469,False
1M_PUT_IMP_VOL_25DELTA_DFLT,TTWO,1,2014-01-02,2014-01-02,2014-01-03,38.83538,False
1M_PUT_IMP_VOL_25DELTA_DFLT,CMCSA,1,2014-01-02,2014-01-02,2014-01-03,25.65988,False
1M_PUT_IMP_VOL_25DELTA_DFLT,DTE,1,2014-01-02,2014-01-02,2014-01-03,23.97738,False
1M_PUT_IMP_VOL_25DELTA_DFLT,TJX,1,2014-01-02,2014-01-02,2014-01-03,20.86481,False
1M_PUT_IMP_VOL_25DELTA_DFLT,LOW,1,2014-01-02,2014-01-02,2014-01-03,22.34719,False
1M_PUT_IMP_VOL_25DELTA_DFLT,SBUX,1,2014-01-02,2014-01-02,2014-01-03,20.73781,False
1M_PUT_IMP_VOL_25DELTA_DFLT,DIS,1,2014-01-02,2014-01-02,2014-01-03,21.51331,False
1M_PUT_IMP_VOL_25DELTA_DFLT,ORLY,1,2014-01-02,2014-01-02,2014-01-03,18.70869,False
1M_PUT_IMP_VOL_25DELTA_DFLT,NKE,1,2014-01-02,2014-01-02,2014-01-03,18.63831,False
1M_PUT_IMP_VOL_25DELTA_DFLT,MCK,1,2014-01-02,2014-01-02,2014-01-03,27.23,False
1M_PUT_IMP_VOL_25DELTA_DFLT,SYK,1,2014-01-02,2014-01-02,2014-01-03,20.02531,False
1M_PUT_IMP_VOL_25DELTA_DFLT,MRK,1,2014-01-02,2014-01-02,2014-01-03,21.14381,False
1M_PUT_IMP_VOL_25DELTA_DFLT,AMGN,1,2014-01-02,2014-01-02,2014-01-03,22.98631,False
1M_PUT_IMP_VOL_25DELTA_DFLT,AXON,1,2014-01-02,2014-01-02,2014-01-03,49.20731,False
1M_PUT_IMP_VOL_25DELTA_DFLT,AIR,1,2014-01-02,2014-01-02,2014-01-03,28.4445,False
1M_PUT_IMP_VOL_25DELTA_DFLT,BNP,1,2014-01-02,2014-01-02,2014-01-03,30.094,False
1M_PUT_IMP_VOL_25DELTA_DFLT,MUV2,1,2014-01-02,2014-01-02,2014-01-03,22.39988,False
1M_PUT_IMP_VOL_25DELTA_DFLT,EMR,1,2014-01-02,2014-01-02,2014-01-03,18.04388,False
1M_PUT_IMP_VOL_25DELTA_DFLT,RTX,1,2014-01-02,2014-01-02,2014-01-03,17.22619,False
1M_PUT_IMP_VOL_25DELTA_DFLT,COF,1,2014-01-02,2014-01-02,2014-01-03,28.1765,False
1M_PUT_IMP_VOL_25DELTA_DFLT,CB,1,2014-01-02,2014-01-02,2014-01-03,18.27963,False
1M_PUT_IMP_VOL_25DELTA_DFLT,ICE,1,2014-01-02,2014-01-02,2014-01-03,20.1445,False
1M_PUT_IMP_VOL_25DELTA_DFLT,MCO,1,2014-01-02,2014-01-02,2014-01-03,26.21881,False
1M_PUT_IMP_VOL_25DELTA_DFLT,NXPI,1,2014-01-02,2014-01-02,2014-01-03,35.25413,False
1M_PUT_IMP_VOL_25DELTA_DFLT,WDAY,1,2014-01-02,2014-01-02,2014-01-03,34.78269,False
1M_PUT_IMP_VOL_25DELTA_DFLT,WDC,1,2014-01-02,2014-01-02,2014-01-03,31.477,False
1M_PUT_IMP_VOL_25DELTA_DFLT,BRK/B,1,2014-01-02,2014-01-02,2014-01-03,14.483,False
1M_PUT_IMP_VOL_25DELTA_DFLT,ADSK,1,2014-01-02,2014-01-02,2014-01-03,28.704,False
1M_PUT_IMP_VOL_25DELTA_DFLT,FTNT,1,2014-01-02,2014-01-02,2014-01-03,49.33063,False
1M_PUT_IMP_VOL_25DELTA_DFLT,TT,1,2014-01-02,2014-01-02,2014-01-03,22.74363,False
1M_PUT_IMP_VOL_25DELTA_DFLT,KO,1,2014-01-02,2014-01-02,2014-01-03,16.44338,False
1M_PUT_IMP_VOL_25DELTA_DFLT,ULVR,1,2014-01-02,2014-01-02,2014-01-03,16.2175,False
1M_PUT_IMP_VOL_25DELTA_DFLT,SHW,1,2014-01-02,2014-01-02,2014-01-03,23.153,False
1M_PUT_IMP_VOL_25DELTA_DFLT,TTE,1,2014-01-02,2014-01-02,2014-01-03,18.39419,False
1M_PUT_IMP_VOL_25DELTA_DFLT,SO,1,2014-01-02,2014-01-02,2014-01-03,15.26319,False
1M_PUT_IMP_VOL_25DELTA_DFLT,CVX,1,2014-01-02,2014-01-02,2014-01-03,16.06263,False
1M_PUT_IMP_VOL_25DELTA_DFLT,OR,1,2014-01-02,2014-01-02,2014-01-03,22.63931,False
1M_PUT_IMP_VOL_25DELTA_DFLT,PEP,1,2014-01-02,2014-01-02,2014-01-03,15.0125,False
1M_PUT_IMP_VOL_25DELTA_DFLT,NEM,1,2014-01-02,2014-01-02,2014-01-03,36.69219,False
1M_PUT_IMP_VOL_25DELTA_DFLT,BNY,1,2014-01-02,2014-01-02,2014-01-03,25.79513,False
1M_PUT_IMP_VOL_25DELTA_DFLT,IBKR,1,2014-01-02,2014-01-02,2014-01-03,30.25281,False
1M_PUT_IMP_VOL_25DELTA_DFLT,APO,1,2014-01-02,2014-01-02,2014-01-03,29.5245,False
1M_PUT_IMP_VOL_25DELTA_DFLT,MSCI,1,2014-01-02,2014-01-02,2014-01-03,22.50888,False
1M_PUT_IMP_VOL_25DELTA_DFLT,MRSH,1,2014-01-02,2014-01-02,2014-01-03,17.48988,False
1M_PUT_IMP_VOL_25DELTA_DFLT,ASM,1,2014-01-02,2014-01-02,2014-01-03,21.61769,False
1M_PUT_IMP_VOL_25DELTA_DFLT,ON,1,2014-01-02,2014-01-02,2014-01-03,40.5,False
1M_PUT_IMP_VOL_25DELTA_DFLT,VRSN,1,2014-01-02,2014-01-02,2014-01-03,20.0375,False
1M_PUT_IMP_VOL_25DELTA_DFLT,MDLZ,1,2014-01-02,2014-01-02,2014-01-03,19.57669,False
1M_PUT_IMP_VOL_25DELTA_DFLT,GILD,1,2014-01-02,2014-01-02,2014-01-03,30.50238,False
1M_PUT_IMP_VOL_25DELTA_DFLT,MDT,1,2014-01-02,2014-01-02,2014-01-03,15.83013,False
1M_PUT_IMP_VOL_25DELTA_DFLT,PFE,1,2014-01-02,2014-01-02,2014-01-03,15.90863,False
1M_PUT_IMP_VOL_25DELTA_DFLT,PH,1,2014-01-02,2014-01-02,2014-01-03,21.02363,False
1M_PUT_IMP_VOL_25DELTA_DFLT,WM,1,2014-01-02,2014-01-02,2014-01-03,14.77563,False
1M_PUT_IMP_VOL_25DELTA_DFLT,REL,1,2014-01-02,2014-01-02,2014-01-03,18.09981,False
1M_PUT_IMP_VOL_25DELTA_DFLT,ADP,1,2014-01-02,2014-01-02,2014-01-03,15.82763,False
1M_PUT_IMP_VOL_25DELTA_DFLT,CMG,1,2014-01-02,2014-01-02,2014-01-03,24.73281,False
1M_PUT_IMP_VOL_25DELTA_DFLT,RMS,1,2014-01-02,2014-01-02,2014-01-03,100.5311,False
1M_PUT_IMP_VOL_25DELTA_DFLT,ZTS,1,2014-01-02,2014-01-02,2014-01-03,20.641,False
1M_PUT_IMP_VOL_25DELTA_DFLT,HCA,1,2014-01-02,2014-01-02,2014-01-03,30.47731,False
1M_PUT_IMP_VOL_25DELTA_DFLT,GRMN,1,2014-01-02,2014-01-02,2014-01-03,22.95031,False
1M_PUT_IMP_VOL_25DELTA_DFLT,LYV,1,2014-01-02,2014-01-02,2014-01-03,28.29031,False
1M_PUT_IMP_VOL_25DELTA_DFLT,GM,1,2014-01-02,2014-01-02,2014-01-03,35.01138,False
1M_PUT_IMP_VOL_25DELTA_DFLT,MAR,1,2014-01-02,2014-01-02,2014-01-03,21.41413,False
1M_PUT_IMP_VOL_25DELTA_DFLT,CL,1,2014-01-02,2014-01-02,2014-01-03,16.33613,False
1M_PUT_IMP_VOL_25DELTA_DFLT,MO,1,2014-01-02,2014-01-02,2014-01-03,15.85581,False
1M_PUT_IMP_VOL_25DELTA_DFLT,MNST,1,2014-01-02,2014-01-02,2014-01-03,35.08481,False
1M_PUT_IMP_VOL_25DELTA_DFLT,COP,1,2014-01-02,2014-01-02,2014-01-03,18.24813,False
1M_PUT_IMP_VOL_25DELTA_DFLT,APD,1,2014-01-02,2014-01-02,2014-01-03,22.68413,False
1M_PUT_IMP_VOL_25DELTA_DFLT,SLB,1,2014-01-02,2014-01-02,2014-01-03,27.93713,False
1M_PUT_IMP_VOL_25DELTA_DFLT,NRG,1,2014-01-02,2014-01-02,2014-01-03,29.5605,False
1M_PUT_IMP_VOL_25DELTA_DFLT,WELL,1,2014-01-02,2014-01-02,2014-01-03,23.13463,False
30DAY_IMPVOL_100.0%MNY_DF,285A,4597,2014-01-02,2026-08-03,2026-08-04,131.4957,False
30DAY_IMPVOL_100.0%MNY_DF,6146,4262,2014-01-02,2025-09-02,2025-09-03,62.6329,False
30DAY_IMPVOL_100.0%MNY_DF,SNDK,4079,2014-01-02,2025-03-03,2025-03-04,51.751,False
30DAY_IMPVOL_100.0%MNY_DF,GEV,3749,2014-01-02,2024-04-07,2024-04-08,42.5372,False
30DAY_IMPVOL_100.0%MNY_DF,RDDT,3736,2014-01-02,2024-03-25,2024-03-26,174.8609,False
30DAY_IMPVOL_100.0%MNY_DF,ARM,3547,2014-01-02,2023-09-18,2023-09-19,54.1955,False
30DAY_IMPVOL_100.0%MNY_DF,CEG,2961,2014-01-02,2022-02-09,2022-02-10,39.9261,False
30DAY_IMPVOL_100.0%MNY_DF,UMG,2822,2014-01-02,2021-09-23,2021-09-24,33.5584,False
30DAY_IMPVOL_100.0%MNY_DF,APP,2667,2014-01-02,2021-04-21,2021-04-22,65.6329,False
30DAY_IMPVOL_100.0%MNY_DF,RBLX,2631,2014-01-02,2021-03-16,2021-03-17,129.0707,False
30DAY_IMPVOL_100.0%MNY_DF,ABNB,2541,2014-01-02,2020-12-16,2020-12-17,112.8828,False
30DAY_IMPVOL_100.0%MNY_DF,DASH,2540,2014-01-02,2020-12-15,2020-12-16,89.7569,False
30DAY_IMPVOL_100.0%MNY_DF,PLTR,2470,2014-01-02,2020-10-06,2020-10-07,110.6355,False
30DAY_IMPVOL_100.0%MNY_DF,SNOW,2456,2014-01-02,2020-09-22,2020-09-23,79.9095,False
30DAY_IMPVOL_100.0%MNY_DF,VRT,2260,2014-01-02,2020-03-10,2020-03-11,143.5082,False
30DAY_IMPVOL_100.0%MNY_DF,DDOG,2100,2014-01-02,2019-10-02,2019-10-03,76.3474,False
30DAY_IMPVOL_100.0%MNY_DF,NET,2092,2014-01-02,2019-09-24,2019-09-25,91.7501,False
30DAY_IMPVOL_100.0%MNY_DF,CRWD,1994,2014-01-02,2019-06-18,2019-06-19,83.279,False
30DAY_IMPVOL_100.0%MNY_DF,UBER,1961,2014-01-02,2019-05-16,2019-05-17,56.9785,False
30DAY_IMPVOL_100.0%MNY_DF,DELL,1826,2014-01-02,2019-01-01,2019-01-02,38.7719,False
30DAY_IMPVOL_100.0%MNY_DF,BE,1698,2014-01-02,2018-08-26,2018-08-27,97.6568,False
30DAY_IMPVOL_100.0%MNY_DF,SPOT,1559,2014-01-02,2018-04-09,2018-04-10,59.1783,False
30DAY_IMPVOL_100.0%MNY_DF,ZS,1544,2014-01-02,2018-03-25,2018-03-26,81.9244,False
30DAY_IMPVOL_100.0%MNY_DF,VST,1233,2014-01-02,2017-05-18,2017-05-19,54.4153,False
30DAY_IMPVOL_100.0%MNY_DF,TTD,1201,2014-01-02,2017-04-16,2017-04-17,37.7887,False
30DAY_IMPVOL_100.0%MNY_DF,HWM,1036,2014-01-02,2016-11-02,2016-11-03,40.3012,False
30DAY_IMPVOL_100.0%MNY_DF,TEAM,718,2014-01-02,2015-12-20,2015-12-21,61.6396,False
30DAY_IMPVOL_100.0%MNY_DF,HPE,670,2014-01-02,2015-11-02,2015-11-03,70.3829,False
30DAY_IMPVOL_100.0%MNY_DF,RACE,666,2014-01-02,2015-10-29,2015-10-30,53.2936,False
30DAY_IMPVOL_100.0%MNY_DF,LITE,581,2014-01-02,2015-08-05,2015-08-06,133.0666,False
30DAY_IMPVOL_100.0%MNY_DF,PYPL,565,2014-01-02,2015-07-20,2015-07-21,40.9809,False
30DAY_IMPVOL_100.0%MNY_DF,000660,320,2014-01-02,2014-11-17,2014-11-18,37.8497,False
30DAY_IMPVOL_100.0%MNY_DF,KEYS,306,2014-01-02,2014-11-03,2014-11-04,47.7821,False
30DAY_IMPVOL_100.0%MNY_DF,ANET,211,2014-01-02,2014-07-31,2014-08-01,72.5161,False
30DAY_IMPVOL_100.0%MNY_DF,8316,5,2014-01-02,2014-01-06,2014-01-07,24.6788,False
30DAY_IMPVOL_100.0%MNY_DF,7011,5,2014-01-02,2014-01-06,2014-01-07,28.1931,False
30DAY_IMPVOL_100.0%MNY_DF,9433,5,2014-01-02,2014-01-06,2014-01-07,33.4659,False
30DAY_IMPVOL_100.0%MNY_DF,9432,5,2014-01-02,2014-01-06,2014-01-07,22.1875,False
30DAY_IMPVOL_100.0%MNY_DF,4063,5,2014-01-02,2014-01-06,2014-01-07,23.5705,False
30DAY_IMPVOL_100.0%MNY_DF,8306,5,2014-01-02,2014-01-06,2014-01-07,24.0793,False
30DAY_IMPVOL_100.0%MNY_DF,6981,5,2014-01-02,2014-01-06,2014-01-07,27.301,False
30DAY_IMPVOL_100.0%MNY_DF,7203,5,2014-01-02,2014-01-06,2014-01-07,20.2385,False
30DAY_IMPVOL_100.0%MNY_DF,7974,5,2014-01-02,2014-01-06,2014-01-07,38.0551,False
30DAY_IMPVOL_100.0%MNY_DF,6857,5,2014-01-02,2014-01-06,2014-01-07,34.1563,False
30DAY_IMPVOL_100.0%MNY_DF,8035,5,2014-01-02,2014-01-06,2014-01-07,37.5025,False
30DAY_IMPVOL_100.0%MNY_DF,6758,5,2014-01-02,2014-01-06,2014-01-07,29.2148,False
30DAY_IMPVOL_100.0%MNY_DF,ABBN,4,2014-01-02,2014-01-05,2014-01-06,17.2436,False
30DAY_IMPVOL_100.0%MNY_DF,ROP,4,2014-01-02,2014-01-05,2014-01-06,16.6748,False
30DAY_IMPVOL_100.0%MNY_DF,NOVN,4,2014-01-02,2014-01-05,2014-01-06,14.6693,False
30DAY_IMPVOL_100.0%MNY_DF,NESN,4,2014-01-02,2014-01-05,2014-01-06,13.0399,False
30DAY_IMPVOL_100.0%MNY_DF,ZURN,4,2014-01-02,2014-01-05,2014-01-06,16.2746,False
30DAY_IMPVOL_100.0%MNY_DF,UBSG,4,2014-01-02,2014-01-05,2014-01-06,20.8968,False
30DAY_IMPVOL_100.0%MNY_DF,CFR,4,2014-01-02,2014-01-05,2014-01-06,21.4662,False
30DAY_IMPVOL_100.0%MNY_DF,MU,1,2014-01-02,2014-01-02,2014-01-03,57.5858,False
30DAY_IMPVOL_100.0%MNY_DF,MSFT,1,2014-01-02,2014-01-02,2014-01-03,24.0315,False
30DAY_IMPVOL_100.0%MNY_DF,GOOGL,1,2014-01-02,2014-01-02,2014-01-03,21.6905,False
30DAY_IMPVOL_100.0%MNY_DF,TSLA,1,2014-01-02,2014-01-02,2014-01-03,63.499,False
30DAY_IMPVOL_100.0%MNY_DF,AVGO,1,2014-01-02,2014-01-02,2014-01-03,31.6108,False
30DAY_IMPVOL_100.0%MNY_DF,PANW,1,2014-01-02,2014-01-02,2014-01-03,38.6856,False
30DAY_IMPVOL_100.0%MNY_DF,AMAT,1,2014-01-02,2014-01-02,2014-01-03,25.3185,False
30DAY_IMPVOL_100.0%MNY_DF,LRCX,1,2014-01-02,2014-01-02,2014-01-03,27.3881,False
30DAY_IMPVOL_100.0%MNY_DF,MPC,1,2014-01-02,2014-01-02,2014-01-03,32.6798,False
30DAY_IMPVOL_100.0%MNY_DF,WFC,1,2014-01-02,2014-01-02,2014-01-03,17.3076,False
30DAY_IMPVOL_100.0%MNY_DF,JNJ,1,2014-01-02,2014-01-02,2014-01-03,12.8284,False
30DAY_IMPVOL_100.0%MNY_DF,GLW,1,2014-01-02,2014-01-02,2014-01-03,26.9623,False
30DAY_IMPVOL_100.0%MNY_DF,TER,1,2014-01-02,2014-01-02,2014-01-03,29.6076,False
30DAY_IMPVOL_100.0%MNY_DF,NFLX,1,2014-01-02,2014-01-02,2014-01-03,48.9101,False
30DAY_IMPVOL_100.0%MNY_DF,CRM,1,2014-01-02,2014-01-02,2014-01-03,28.5853,False
30DAY_IMPVOL_100.0%MNY_DF,AMD,1,2014-01-02,2014-01-02,2014-01-03,53.2514,False
30DAY_IMPVOL_100.0%MNY_DF,PLD,1,2014-01-02,2014-01-02,2014-01-03,21.4547,False
30DAY_IMPVOL_100.0%MNY_DF,TMUS,1,2014-01-02,2014-01-02,2014-01-03,42.5416,False
30DAY_IMPVOL_100.0%MNY_DF,TSM,1,2014-01-02,2014-01-02,2014-01-03,27.3254,False
30DAY_IMPVOL_100.0%MNY_DF,BAC,1,2014-01-02,2014-01-02,2014-01-03,23.9862,False
30DAY_IMPVOL_100.0%MNY_DF,FN,1,2014-01-02,2014-01-02,2014-01-03,40.0159,False
30DAY_IMPVOL_100.0%MNY_DF,TMO,1,2014-01-02,2014-01-02,2014-01-03,23.3092,False
30DAY_IMPVOL_100.0%MNY_DF,BX,1,2014-01-02,2014-01-02,2014-01-03,30.6984,False
30DAY_IMPVOL_100.0%MNY_DF,PWR,1,2014-01-02,2014-01-02,2014-01-03,25.0849,False
30DAY_IMPVOL_100.0%MNY_DF,STX,1,2014-01-02,2014-01-02,2014-01-03,34.7903,False
30DAY_IMPVOL_100.0%MNY_DF,CDNS,1,2014-01-02,2014-01-02,2014-01-03,26.9887,False
30DAY_IMPVOL_100.0%MNY_DF,MRVL,1,2014-01-02,2014-01-02,2014-01-03,42.778,False
30DAY_IMPVOL_100.0%MNY_DF,KLAC,1,2014-01-02,2014-01-02,2014-01-03,24.6538,False
30DAY_IMPVOL_100.0%MNY_DF,BSX,1,2014-01-02,2014-01-02,2014-01-03,29.7051,False
30DAY_IMPVOL_100.0%MNY_DF,DLR,1,2014-01-02,2014-01-02,2014-01-03,30.5246,False
30DAY_IMPVOL_100.0%MNY_DF,BKNG,1,2014-01-02,2014-01-02,2014-01-03,25.4967,False
30DAY_IMPVOL_100.0%MNY_DF,PM,1,2014-01-02,2014-01-02,2014-01-03,14.2393,False
30DAY_IMPVOL_100.0%MNY_DF,WMB,1,2014-01-02,2014-01-02,2014-01-03,23.9347,False
30DAY_IMPVOL_100.0%MNY_DF,CSCO,1,2014-01-02,2014-01-02,2014-01-03,24.7084,False
30DAY_IMPVOL_100.0%MNY_DF,INTC,1,2014-01-02,2014-01-02,2014-01-03,22.8767,False
30DAY_IMPVOL_100.0%MNY_DF,META,1,2014-01-02,2014-01-02,2014-01-03,51.7308,False
30DAY_IMPVOL_100.0%MNY_DF,AAPL,1,2014-01-02,2014-01-02,2014-01-03,29.5924,False
30DAY_IMPVOL_100.0%MNY_DF,GS,1,2014-01-02,2014-01-02,2014-01-03,20.4402,False
30DAY_IMPVOL_100.0%MNY_DF,COST,1,2014-01-02,2014-01-02,2014-01-03,15.0378,False
30DAY_IMPVOL_100.0%MNY_DF,HD,1,2014-01-02,2014-01-02,2014-01-03,15.9004,False
30DAY_IMPVOL_100.0%MNY_DF,PG,1,2014-01-02,2014-01-02,2014-01-03,16.6021,False
30DAY_IMPVOL_100.0%MNY_DF,MCD,1,2014-01-02,2014-01-02,2014-01-03,12.5366,False
30DAY_IMPVOL_100.0%MNY_DF,WMT,1,2014-01-02,2014-01-02,2014-01-03,12.5454,False
30DAY_IMPVOL_100.0%MNY_DF,CAT,1,2014-01-02,2014-01-02,2014-01-03,18.8855,False
30DAY_IMPVOL_100.0%MNY_DF,HON,1,2014-01-02,2014-01-02,2014-01-03,17.208,False
30DAY_IMPVOL_100.0%MNY_DF,DE,1,2014-01-02,2014-01-02,2014-01-03,18.8052,False
30DAY_IMPVOL_100.0%MNY_DF,UNP,1,2014-01-02,2014-01-02,2014-01-03,16.8192,False
30DAY_IMPVOL_100.0%MNY_DF,LMT,1,2014-01-02,2014-01-02,2014-01-03,18.5766,False
30DAY_IMPVOL_100.0%MNY_DF,ETN,1,2014-01-02,2014-01-02,2014-01-03,22.8414,False
30DAY_IMPVOL_100.0%MNY_DF,XOM,1,2014-01-02,2014-01-02,2014-01-03,16.2577,False
30DAY_IMPVOL_100.0%MNY_DF,LNG,1,2014-01-02,2014-01-02,2014-01-03,43.6174,False
30DAY_IMPVOL_100.0%MNY_DF,FCX,1,2014-01-02,2014-01-02,2014-01-03,24.1955,False
30DAY_IMPVOL_100.0%MNY_DF,LIN,1,2014-01-02,2014-01-02,2014-01-03,14.6358,False
30DAY_IMPVOL_100.0%MNY_DF,NEE,1,2014-01-02,2014-01-02,2014-01-03,16.4363,False
30DAY_IMPVOL_100.0%MNY_DF,AMT,1,2014-01-02,2014-01-02,2014-01-03,18.2405,False
30DAY_IMPVOL_100.0%MNY_DF,EQIX,1,2014-01-02,2014-01-02,2014-01-03,35.1809,False
30DAY_IMPVOL_100.0%MNY_DF,NVDA,1,2014-01-02,2014-01-02,2014-01-03,27.2986,False
30DAY_IMPVOL_100.0%MNY_DF,AMZN,1,2014-01-02,2014-01-02,2014-01-03,33.7712,False
30DAY_IMPVOL_100.0%MNY_DF,005930,1,2014-01-02,2014-01-02,2014-01-03,21.8357,False
30DAY_IMPVOL_100.0%MNY_DF,UNH,1,2014-01-02,2014-01-02,2014-01-03,24.5477,False
30DAY_IMPVOL_100.0%MNY_DF,LLY,1,2014-01-02,2014-01-02,2014-01-03,16.3117,False
30DAY_IMPVOL_100.0%MNY_DF,ISRG,1,2014-01-02,2014-01-02,2014-01-03,30.0275,False
30DAY_IMPVOL_100.0%MNY_DF,ABBV,1,2014-01-02,2014-01-02,2014-01-03,23.0921,False
30DAY_IMPVOL_100.0%MNY_DF,REGN,1,2014-01-02,2014-01-02,2014-01-03,43.2622,False
30DAY_IMPVOL_100.0%MNY_DF,JPM,1,2014-01-02,2014-01-02,2014-01-03,20.6613,False
30DAY_IMPVOL_100.0%MNY_DF,V,1,2014-01-02,2014-01-02,2014-01-03,22.7006,False
30DAY_IMPVOL_100.0%MNY_DF,MA,1,2014-01-02,2014-01-02,2014-01-03,24.1961,False
30DAY_IMPVOL_100.0%MNY_DF,BLK,1,2014-01-02,2014-01-02,2014-01-03,22.666,False
30DAY_IMPVOL_100.0%MNY_DF,SPGI,1,2014-01-02,2014-01-02,2014-01-03,23.395,False
30DAY_IMPVOL_100.0%MNY_DF,CS,1,2014-01-02,2014-01-02,2014-01-03,26.1327,False
30DAY_IMPVOL_100.0%MNY_DF,LSEG,1,2014-01-02,2014-01-02,2014-01-03,23.2987,False
30DAY_IMPVOL_100.0%MNY_DF,C,1,2014-01-02,2014-01-02,2014-01-03,23.5222,False
30DAY_IMPVOL_100.0%MNY_DF,BN,1,2014-01-02,2014-01-02,2014-01-03,20.7795,False
30DAY_IMPVOL_100.0%MNY_DF,CME,1,2014-01-02,2014-01-02,2014-01-03,23.6584,False
30DAY_IMPVOL_100.0%MNY_DF,KKR,1,2014-01-02,2014-01-02,2014-01-03,25.0132,False
30DAY_IMPVOL_100.0%MNY_DF,AON,1,2014-01-02,2014-01-02,2014-01-03,22.3925,False
30DAY_IMPVOL_100.0%MNY_DF,PGR,1,2014-01-02,2014-01-02,2014-01-03,17.4977,False
30DAY_IMPVOL_100.0%MNY_DF,IFX,1,2014-01-02,2014-01-02,2014-01-03,21.5793,False
30DAY_IMPVOL_100.0%MNY_DF,AXP,1,2014-01-02,2014-01-02,2014-01-03,18.7525,False
30DAY_IMPVOL_100.0%MNY_DF,SCHW,1,2014-01-02,2014-01-02,2014-01-03,26.8836,False
30DAY_IMPVOL_100.0%MNY_DF,MS,1,2014-01-02,2014-01-02,2014-01-03,27.1319,False
30DAY_IMPVOL_100.0%MNY_DF,ADI,1,2014-01-02,2014-01-02,2014-01-03,20.4596,False
30DAY_IMPVOL_100.0%MNY_DF,NOW,1,2014-01-02,2014-01-02,2014-01-03,40.3395,False
30DAY_IMPVOL_100.0%MNY_DF,ACN,1,2014-01-02,2014-01-02,2014-01-03,16.175,False
30DAY_IMPVOL_100.0%MNY_DF,IBM,1,2014-01-02,2014-01-02,2014-01-03,18.9382,False
30DAY_IMPVOL_100.0%MNY_DF,HSBA,1,2014-01-02,2014-01-02,2014-01-03,16.3624,False
30DAY_IMPVOL_100.0%MNY_DF,SHEL,1,2014-01-02,2014-01-02,2014-01-03,14.5009,False
30DAY_IMPVOL_100.0%MNY_DF,AZN,1,2014-01-02,2014-01-02,2014-01-03,14.159,False
30DAY_IMPVOL_100.0%MNY_DF,ADBE,1,2014-01-02,2014-01-02,2014-01-03,21.1112,False
30DAY_IMPVOL_100.0%MNY_DF,TXN,1,2014-01-02,2014-01-02,2014-01-03,19.8505,False
30DAY_IMPVOL_100.0%MNY_DF,QCOM,1,2014-01-02,2014-01-02,2014-01-03,19.474,False
30DAY_IMPVOL_100.0%MNY_DF,RIO,1,2014-01-02,2014-01-02,2014-01-03,25.3219,False
30DAY_IMPVOL_100.0%MNY_DF,NOVOB,1,2014-01-02,2014-01-02,2014-01-03,23.1782,False
30DAY_IMPVOL_100.0%MNY_DF,SAP,1,2014-01-02,2014-01-02,2014-01-03,19.755,False
30DAY_IMPVOL_100.0%MNY_DF,RR/,1,2014-01-02,2014-01-02,2014-01-03,23.466,False
30DAY_IMPVOL_100.0%MNY_DF,MC,1,2014-01-02,2014-01-02,2014-01-03,20.6801,False
30DAY_IMPVOL_100.0%MNY_DF,ASML,1,2014-01-02,2014-01-02,2014-01-03,25.2882,False
30DAY_IMPVOL_100.0%MNY_DF,SU,1,2014-01-02,2014-01-02,2014-01-03,26.3338,False
30DAY_IMPVOL_100.0%MNY_DF,SIE,1,2014-01-02,2014-01-02,2014-01-03,18.9323,False
30DAY_IMPVOL_100.0%MNY_DF,RHM,1,2014-01-02,2014-01-02,2014-01-03,23.1651,False
30DAY_IMPVOL_100.0%MNY_DF,ALV,1,2014-01-02,2014-01-02,2014-01-03,20.8591,False
30DAY_IMPVOL_100.0%MNY_DF,MPWR,1,2014-01-02,2014-01-02,2014-01-03,38.8142,False
30DAY_IMPVOL_100.0%MNY_DF,ORCL,1,2014-01-02,2014-01-02,2014-01-03,17.5881,False
30DAY_IMPVOL_100.0%MNY_DF,SNPS,1,2014-01-02,2014-01-02,2014-01-03,18.5413,False
30DAY_IMPVOL_100.0%MNY_DF,INTU,1,2014-01-02,2014-01-02,2014-01-03,18.089,False
30DAY_IMPVOL_100.0%MNY_DF,MSI,1,2014-01-02,2014-01-02,2014-01-03,21.02,False
30DAY_IMPVOL_100.0%MNY_DF,APH,1,2014-01-02,2014-01-02,2014-01-03,19.587,False
30DAY_IMPVOL_100.0%MNY_DF,ECL,1,2014-01-02,2014-01-02,2014-01-03,15.5167,False
30DAY_IMPVOL_100.0%MNY_DF,ULVR,1,2014-01-02,2014-01-02,2014-01-03,16.3307,False
30DAY_IMPVOL_100.0%MNY_DF,FTNT,1,2014-01-02,2014-01-02,2014-01-03,52.6267,False
30DAY_IMPVOL_100.0%MNY_DF,WDC,1,2014-01-02,2014-01-02,2014-01-03,33.6283,False
30DAY_IMPVOL_100.0%MNY_DF,WDAY,1,2014-01-02,2014-01-02,2014-01-03,31.3034,False
30DAY_IMPVOL_100.0%MNY_DF,DSY,1,2014-01-02,2014-01-02,2014-01-03,18.2785,False
30DAY_IMPVOL_100.0%MNY_DF,IBE,1,2014-01-02,2014-01-02,2014-01-03,20.5879,False
30DAY_IMPVOL_100.0%MNY_DF,AI,1,2014-01-02,2014-01-02,2014-01-03,17.0601,False
30DAY_IMPVOL_100.0%MNY_DF,CMCSA,1,2014-01-02,2014-01-02,2014-01-03,24.8681,False
30DAY_IMPVOL_100.0%MNY_DF,VZ,1,2014-01-02,2014-01-02,2014-01-03,16.388,False
30DAY_IMPVOL_100.0%MNY_DF,ITX,1,2014-01-02,2014-01-02,2014-01-03,21.4075,False
30DAY_IMPVOL_100.0%MNY_DF,ABT,1,2014-01-02,2014-01-02,2014-01-03,17.7312,False
30DAY_IMPVOL_100.0%MNY_DF,VRTX,1,2014-01-02,2014-01-02,2014-01-03,42.3921,False
30DAY_IMPVOL_100.0%MNY_DF,DHR,1,2014-01-02,2014-01-02,2014-01-03,17.9673,False
30DAY_IMPVOL_100.0%MNY_DF,SAN,1,2014-01-02,2014-01-02,2014-01-03,22.0037,False
30DAY_IMPVOL_100.0%MNY_DF,GE,1,2014-01-02,2014-01-02,2014-01-03,18.5434,False
30DAY_IMPVOL_100.0%MNY_DF,TT,1,2014-01-02,2014-01-02,2014-01-03,22.1675,False
30DAY_IMPVOL_100.0%MNY_DF,KO,1,2014-01-02,2014-01-02,2014-01-03,15.051,False
30DAY_IMPVOL_100.0%MNY_DF,PUB,1,2014-01-02,2014-01-02,2014-01-03,23.9762,False
30DAY_IMPVOL_100.0%MNY_DF,TTWO,1,2014-01-02,2014-01-02,2014-01-03,40.1779,False
30DAY_IMPVOL_100.0%MNY_DF,T,1,2014-01-02,2014-01-02,2014-01-03,14.1361,False
30DAY_IMPVOL_100.0%MNY_DF,DTE,1,2014-01-02,2014-01-02,2014-01-03,22.4213,False
30DAY_IMPVOL_100.0%MNY_DF,TJX,1,2014-01-02,2014-01-02,2014-01-03,18.5745,False
30DAY_IMPVOL_100.0%MNY_DF,LOW,1,2014-01-02,2014-01-02,2014-01-03,20.6334,False
30DAY_IMPVOL_100.0%MNY_DF,SBUX,1,2014-01-02,2014-01-02,2014-01-03,23.3354,False
30DAY_IMPVOL_100.0%MNY_DF,DIS,1,2014-01-02,2014-01-02,2014-01-03,20.7719,False
30DAY_IMPVOL_100.0%MNY_DF,ORLY,1,2014-01-02,2014-01-02,2014-01-03,22.2826,False
30DAY_IMPVOL_100.0%MNY_DF,NKE,1,2014-01-02,2014-01-02,2014-01-03,17.1551,False
30DAY_IMPVOL_100.0%MNY_DF,MCK,1,2014-01-02,2014-01-02,2014-01-03,23.9056,False
30DAY_IMPVOL_100.0%MNY_DF,SYK,1,2014-01-02,2014-01-02,2014-01-03,17.8654,False
30DAY_IMPVOL_100.0%MNY_DF,MRK,1,2014-01-02,2014-01-02,2014-01-03,17.9355,False
30DAY_IMPVOL_100.0%MNY_DF,AMGN,1,2014-01-02,2014-01-02,2014-01-03,21.9087,False
30DAY_IMPVOL_100.0%MNY_DF,SAF,1,2014-01-02,2014-01-02,2014-01-03,23.8573,False
30DAY_IMPVOL_100.0%MNY_DF,AIR,1,2014-01-02,2014-01-02,2014-01-03,26.9598,False
30DAY_IMPVOL_100.0%MNY_DF,BNP,1,2014-01-02,2014-01-02,2014-01-03,28.3772,False
30DAY_IMPVOL_100.0%MNY_DF,AXON,1,2014-01-02,2014-01-02,2014-01-03,53.547,False
30DAY_IMPVOL_100.0%MNY_DF,EMR,1,2014-01-02,2014-01-02,2014-01-03,16.8324,False
30DAY_IMPVOL_100.0%MNY_DF,RTX,1,2014-01-02,2014-01-02,2014-01-03,16.2895,False
30DAY_IMPVOL_100.0%MNY_DF,COF,1,2014-01-02,2014-01-02,2014-01-03,22.232,False
30DAY_IMPVOL_100.0%MNY_DF,MUV2,1,2014-01-02,2014-01-02,2014-01-03,19.5773,False
30DAY_IMPVOL_100.0%MNY_DF,ICE,1,2014-01-02,2014-01-02,2014-01-03,20.1173,False
30DAY_IMPVOL_100.0%MNY_DF,MCO,1,2014-01-02,2014-01-02,2014-01-03,25.8685,False
30DAY_IMPVOL_100.0%MNY_DF,NXPI,1,2014-01-02,2014-01-02,2014-01-03,34.7118,False
30DAY_IMPVOL_100.0%MNY_DF,ADSK,1,2014-01-02,2014-01-02,2014-01-03,27.4989,False
30DAY_IMPVOL_100.0%MNY_DF,CB,1,2014-01-02,2014-01-02,2014-01-03,16.2002,False
30DAY_IMPVOL_100.0%MNY_DF,BRK/B,1,2014-01-02,2014-01-02,2014-01-03,13.3494,False
30DAY_IMPVOL_100.0%MNY_DF,SHW,1,2014-01-02,2014-01-02,2014-01-03,24.3475,False
30DAY_IMPVOL_100.0%MNY_DF,COHR,1,2014-01-02,2014-01-02,2014-01-03,43.5101,False
30DAY_IMPVOL_100.0%MNY_DF,FICO,1,2014-01-02,2014-01-02,2014-01-03,21.9946,False
30DAY_IMPVOL_100.0%MNY_DF,ON,1,2014-01-02,2014-01-02,2014-01-03,41.0946,False
30DAY_IMPVOL_100.0%MNY_DF,VRSN,1,2014-01-02,2014-01-02,2014-01-03,26.5433,False
30DAY_IMPVOL_100.0%MNY_DF,SO,1,2014-01-02,2014-01-02,2014-01-03,14.4974,False
30DAY_IMPVOL_100.0%MNY_DF,TTE,1,2014-01-02,2014-01-02,2014-01-03,17.1268,False
30DAY_IMPVOL_100.0%MNY_DF,NEM,1,2014-01-02,2014-01-02,2014-01-03,35.7733,False
30DAY_IMPVOL_100.0%MNY_DF,CVX,1,2014-01-02,2014-01-02,2014-01-03,14.5681,False
30DAY_IMPVOL_100.0%MNY_DF,MDLZ,1,2014-01-02,2014-01-02,2014-01-03,20.1691,False
30DAY_IMPVOL_100.0%MNY_DF,OR,1,2014-01-02,2014-01-02,2014-01-03,21.7445,False
30DAY_IMPVOL_100.0%MNY_DF,PEP,1,2014-01-02,2014-01-02,2014-01-03,14.0487,False
30DAY_IMPVOL_100.0%MNY_DF,UCG,1,2014-01-02,2014-01-02,2014-01-03,31.165,False
30DAY_IMPVOL_100.0%MNY_DF,IBKR,1,2014-01-02,2014-01-02,2014-01-03,26.3811,False
30DAY_IMPVOL_100.0%MNY_DF,BNY,1,2014-01-02,2014-01-02,2014-01-03,20.7285,False
30DAY_IMPVOL_100.0%MNY_DF,MSCI,1,2014-01-02,2014-01-02,2014-01-03,22.6841,False
30DAY_IMPVOL_100.0%MNY_DF,MRSH,1,2014-01-02,2014-01-02,2014-01-03,16.3134,False
30DAY_IMPVOL_100.0%MNY_DF,APO,1,2014-01-02,2014-01-02,2014-01-03,30.1069,False
30DAY_IMPVOL_100.0%MNY_DF,ASM,1,2014-01-02,2014-01-02,2014-01-03,20.2912,False
30DAY_IMPVOL_100.0%MNY_DF,WM,1,2014-01-02,2014-01-02,2014-01-03,14.7147,False
30DAY_IMPVOL_100.0%MNY_DF,PH,1,2014-01-02,2014-01-02,2014-01-03,20.5219,False
30DAY_IMPVOL_100.0%MNY_DF,GILD,1,2014-01-02,2014-01-02,2014-01-03,31.0585,False
30DAY_IMPVOL_100.0%MNY_DF,MDT,1,2014-01-02,2014-01-02,2014-01-03,16.0252,False
30DAY_IMPVOL_100.0%MNY_DF,PFE,1,2014-01-02,2014-01-02,2014-01-03,15.305,False
30DAY_IMPVOL_100.0%MNY_DF,HCA,1,2014-01-02,2014-01-02,2014-01-03,28.0448,False
30DAY_IMPVOL_100.0%MNY_DF,ZTS,1,2014-01-02,2014-01-02,2014-01-03,20.4551,False
30DAY_IMPVOL_100.0%MNY_DF,REL,1,2014-01-02,2014-01-02,2014-01-03,17.1514,False
30DAY_IMPVOL_100.0%MNY_DF,ADP,1,2014-01-02,2014-01-02,2014-01-03,14.9714,False
30DAY_IMPVOL_100.0%MNY_DF,CMG,1,2014-01-02,2014-01-02,2014-01-03,31.3205,False
30DAY_IMPVOL_100.0%MNY_DF,RMS,1,2014-01-02,2014-01-02,2014-01-03,17.449,False
30DAY_IMPVOL_100.0%MNY_DF,GM,1,2014-01-02,2014-01-02,2014-01-03,30.7713,False
30DAY_IMPVOL_100.0%MNY_DF,MAR,1,2014-01-02,2014-01-02,2014-01-03,19.9045,False
30DAY_IMPVOL_100.0%MNY_DF,LYV,1,2014-01-02,2014-01-02,2014-01-03,25.233,False
30DAY_IMPVOL_100.0%MNY_DF,TKO,1,2014-01-02,2014-01-02,2014-01-03,36.284,False
30DAY_IMPVOL_100.0%MNY_DF,MO,1,2014-01-02,2014-01-02,2014-01-03,13.8893,False
30DAY_IMPVOL_100.0%MNY_DF,GRMN,1,2014-01-02,2014-01-02,2014-01-03,27.6151,False
30DAY_IMPVOL_100.0%MNY_DF,CL,1,2014-01-02,2014-01-02,2014-01-03,15.4415,False
30DAY_IMPVOL_100.0%MNY_DF,MNST,1,2014-01-02,2014-01-02,2014-01-03,30.6724,False
30DAY_IMPVOL_100.0%MNY_DF,SLB,1,2014-01-02,2014-01-02,2014-01-03,23.2855,False
30DAY_IMPVOL_100.0%MNY_DF,COP,1,2014-01-02,2014-01-02,2014-01-03,16.8495,False
30DAY_IMPVOL_100.0%MNY_DF,APD,1,2014-01-02,2014-01-02,2014-01-03,22.3542,False
30DAY_IMPVOL_100.0%MNY_DF,NRG,1,2014-01-02,2014-01-02,2014-01-03,26.3686,False
30DAY_IMPVOL_100.0%MNY_DF,ENEL,1,2014-01-02,2014-01-02,2014-01-03,26.7874,False
30DAY_IMPVOL_100.0%MNY_DF,WELL,1,2014-01-02,2014-01-02,2014-01-03,20.0699,False
30DAY_IMPVOL_110.0%MNY_DF,285A,4597,2014-01-02,2026-08-03,2026-08-04,131.2284,False
30DAY_IMPVOL_110.0%MNY_DF,6146,4262,2014-01-02,2025-09-02,2025-09-03,65.0797,False
30DAY_IMPVOL_110.0%MNY_DF,SNDK,4079,2014-01-02,2025-03-03,2025-03-04,46.0371,False
30DAY_IMPVOL_110.0%MNY_DF,GEV,3749,2014-01-02,2024-04-07,2024-04-08,38.4554,False
30DAY_IMPVOL_110.0%MNY_DF,RDDT,3736,2014-01-02,2024-03-25,2024-03-26,177.6761,False
30DAY_IMPVOL_110.0%MNY_DF,ARM,3547,2014-01-02,2023-09-18,2023-09-19,50.3003,False
30DAY_IMPVOL_110.0%MNY_DF,CEG,2961,2014-01-02,2022-02-09,2022-02-10,38.1275,False
30DAY_IMPVOL_110.0%MNY_DF,UMG,2822,2014-01-02,2021-09-23,2021-09-24,33.4427,False
30DAY_IMPVOL_110.0%MNY_DF,APP,2667,2014-01-02,2021-04-21,2021-04-22,46.7733,False
30DAY_IMPVOL_110.0%MNY_DF,RBLX,2631,2014-01-02,2021-03-16,2021-03-17,131.1969,False
30DAY_IMPVOL_110.0%MNY_DF,ABNB,2541,2014-01-02,2020-12-16,2020-12-17,118.7068,False
30DAY_IMPVOL_110.0%MNY_DF,DASH,2540,2014-01-02,2020-12-15,2020-12-16,87.9266,False
30DAY_IMPVOL_110.0%MNY_DF,PLTR,2470,2014-01-02,2020-10-06,2020-10-07,113.4556,False
30DAY_IMPVOL_110.0%MNY_DF,SNOW,2456,2014-01-02,2020-09-22,2020-09-23,77.6517,False
30DAY_IMPVOL_110.0%MNY_DF,VRT,2260,2014-01-02,2020-03-10,2020-03-11,146.8191,False
30DAY_IMPVOL_110.0%MNY_DF,DDOG,2100,2014-01-02,2019-10-02,2019-10-03,78.3225,False
30DAY_IMPVOL_110.0%MNY_DF,NET,2092,2014-01-02,2019-09-24,2019-09-25,91.1758,False
30DAY_IMPVOL_110.0%MNY_DF,CRWD,1994,2014-01-02,2019-06-18,2019-06-19,83.279,False
30DAY_IMPVOL_110.0%MNY_DF,UBER,1961,2014-01-02,2019-05-16,2019-05-17,55.234,False
30DAY_IMPVOL_110.0%MNY_DF,DELL,1826,2014-01-02,2019-01-01,2019-01-02,38.7719,False
30DAY_IMPVOL_110.0%MNY_DF,BE,1698,2014-01-02,2018-08-26,2018-08-27,97.6568,False
30DAY_IMPVOL_110.0%MNY_DF,SPOT,1559,2014-01-02,2018-04-09,2018-04-10,58.4057,False
30DAY_IMPVOL_110.0%MNY_DF,ZS,1544,2014-01-02,2018-03-25,2018-03-26,80.4334,False
30DAY_IMPVOL_110.0%MNY_DF,VST,1233,2014-01-02,2017-05-18,2017-05-19,54.4153,False
30DAY_IMPVOL_110.0%MNY_DF,TTD,1201,2014-01-02,2017-04-16,2017-04-17,35.5676,False
30DAY_IMPVOL_110.0%MNY_DF,HWM,1036,2014-01-02,2016-11-02,2016-11-03,36.7998,False
30DAY_IMPVOL_110.0%MNY_DF,TEAM,718,2014-01-02,2015-12-20,2015-12-21,64.1466,False
30DAY_IMPVOL_110.0%MNY_DF,HPE,670,2014-01-02,2015-11-02,2015-11-03,70.3829,False
30DAY_IMPVOL_110.0%MNY_DF,RACE,666,2014-01-02,2015-10-29,2015-10-30,57.1056,False
30DAY_IMPVOL_110.0%MNY_DF,LITE,581,2014-01-02,2015-08-05,2015-08-06,133.0666,False
30DAY_IMPVOL_110.0%MNY_DF,PYPL,565,2014-01-02,2015-07-20,2015-07-21,42.5898,False
30DAY_IMPVOL_110.0%MNY_DF,000660,320,2014-01-02,2014-11-17,2014-11-18,36.9804,False
30DAY_IMPVOL_110.0%MNY_DF,KEYS,306,2014-01-02,2014-11-03,2014-11-04,47.7821,False
30DAY_IMPVOL_110.0%MNY_DF,ANET,211,2014-01-02,2014-07-31,2014-08-01,70.2167,False
30DAY_IMPVOL_110.0%MNY_DF,8316,5,2014-01-02,2014-01-06,2014-01-07,27.8955,False
30DAY_IMPVOL_110.0%MNY_DF,7011,5,2014-01-02,2014-01-06,2014-01-07,31.8113,False
30DAY_IMPVOL_110.0%MNY_DF,9433,5,2014-01-02,2014-01-06,2014-01-07,33.7397,False
30DAY_IMPVOL_110.0%MNY_DF,9432,5,2014-01-02,2014-01-06,2014-01-07,25.6223,False
30DAY_IMPVOL_110.0%MNY_DF,4063,5,2014-01-02,2014-01-06,2014-01-07,26.412,False
30DAY_IMPVOL_110.0%MNY_DF,8306,5,2014-01-02,2014-01-06,2014-01-07,29.0416,False
30DAY_IMPVOL_110.0%MNY_DF,6981,5,2014-01-02,2014-01-06,2014-01-07,28.3568,False
30DAY_IMPVOL_110.0%MNY_DF,7203,5,2014-01-02,2014-01-06,2014-01-07,25.2456,False
30DAY_IMPVOL_110.0%MNY_DF,7974,5,2014-01-02,2014-01-06,2014-01-07,38.2279,False
30DAY_IMPVOL_110.0%MNY_DF,6857,5,2014-01-02,2014-01-06,2014-01-07,36.7343,False
30DAY_IMPVOL_110.0%MNY_DF,8035,5,2014-01-02,2014-01-06,2014-01-07,38.7506,False
30DAY_IMPVOL_110.0%MNY_DF,6758,5,2014-01-02,2014-01-06,2014-01-07,33.2628,False
30DAY_IMPVOL_110.0%MNY_DF,ABBN,4,2014-01-02,2014-01-05,2014-01-06,20.9338,False
30DAY_IMPVOL_110.0%MNY_DF,ROP,4,2014-01-02,2014-01-05,2014-01-06,19.3046,False
30DAY_IMPVOL_110.0%MNY_DF,NOVN,4,2014-01-02,2014-01-05,2014-01-06,18.4446,False
30DAY_IMPVOL_110.0%MNY_DF,NESN,4,2014-01-02,2014-01-05,2014-01-06,18.6086,False
30DAY_IMPVOL_110.0%MNY_DF,ZURN,4,2014-01-02,2014-01-05,2014-01-06,19.8427,False
30DAY_IMPVOL_110.0%MNY_DF,UBSG,4,2014-01-02,2014-01-05,2014-01-06,24.0931,False
30DAY_IMPVOL_110.0%MNY_DF,CFR,4,2014-01-02,2014-01-05,2014-01-06,20.819,False
30DAY_IMPVOL_110.0%MNY_DF,MU,1,2014-01-02,2014-01-02,2014-01-03,57.4979,False
30DAY_IMPVOL_110.0%MNY_DF,MSFT,1,2014-01-02,2014-01-02,2014-01-03,24.3218,False
30DAY_IMPVOL_110.0%MNY_DF,GOOGL,1,2014-01-02,2014-01-02,2014-01-03,21.8775,False
30DAY_IMPVOL_110.0%MNY_DF,TSLA,1,2014-01-02,2014-01-02,2014-01-03,62.2713,False
30DAY_IMPVOL_110.0%MNY_DF,AVGO,1,2014-01-02,2014-01-02,2014-01-03,30.4604,False
30DAY_IMPVOL_110.0%MNY_DF,PANW,1,2014-01-02,2014-01-02,2014-01-03,38.9622,False
30DAY_IMPVOL_110.0%MNY_DF,AMAT,1,2014-01-02,2014-01-02,2014-01-03,26.3169,False
30DAY_IMPVOL_110.0%MNY_DF,LRCX,1,2014-01-02,2014-01-02,2014-01-03,26.577,False
30DAY_IMPVOL_110.0%MNY_DF,MPC,1,2014-01-02,2014-01-02,2014-01-03,33.465,False
30DAY_IMPVOL_110.0%MNY_DF,WFC,1,2014-01-02,2014-01-02,2014-01-03,19.8275,False
30DAY_IMPVOL_110.0%MNY_DF,JNJ,1,2014-01-02,2014-01-02,2014-01-03,16.4034,False
30DAY_IMPVOL_110.0%MNY_DF,GLW,1,2014-01-02,2014-01-02,2014-01-03,29.063,False
30DAY_IMPVOL_110.0%MNY_DF,TER,1,2014-01-02,2014-01-02,2014-01-03,27.7198,False
30DAY_IMPVOL_110.0%MNY_DF,NFLX,1,2014-01-02,2014-01-02,2014-01-03,47.6178,False
30DAY_IMPVOL_110.0%MNY_DF,CRM,1,2014-01-02,2014-01-02,2014-01-03,28.343,False
30DAY_IMPVOL_110.0%MNY_DF,AMD,1,2014-01-02,2014-01-02,2014-01-03,54.1037,False
30DAY_IMPVOL_110.0%MNY_DF,PLD,1,2014-01-02,2014-01-02,2014-01-03,20.7651,False
30DAY_IMPVOL_110.0%MNY_DF,TMUS,1,2014-01-02,2014-01-02,2014-01-03,43.3367,False
30DAY_IMPVOL_110.0%MNY_DF,TSM,1,2014-01-02,2014-01-02,2014-01-03,26.1635,False
30DAY_IMPVOL_110.0%MNY_DF,BAC,1,2014-01-02,2014-01-02,2014-01-03,24.398,False
30DAY_IMPVOL_110.0%MNY_DF,FN,1,2014-01-02,2014-01-02,2014-01-03,39.3379,False
30DAY_IMPVOL_110.0%MNY_DF,TMO,1,2014-01-02,2014-01-02,2014-01-03,22.7091,False
30DAY_IMPVOL_110.0%MNY_DF,BX,1,2014-01-02,2014-01-02,2014-01-03,28.4149,False
30DAY_IMPVOL_110.0%MNY_DF,PWR,1,2014-01-02,2014-01-02,2014-01-03,23.8383,False
30DAY_IMPVOL_110.0%MNY_DF,STX,1,2014-01-02,2014-01-02,2014-01-03,34.503,False
30DAY_IMPVOL_110.0%MNY_DF,CDNS,1,2014-01-02,2014-01-02,2014-01-03,30.3352,False
30DAY_IMPVOL_110.0%MNY_DF,MRVL,1,2014-01-02,2014-01-02,2014-01-03,44.3821,False
30DAY_IMPVOL_110.0%MNY_DF,KLAC,1,2014-01-02,2014-01-02,2014-01-03,22.8473,False
30DAY_IMPVOL_110.0%MNY_DF,BSX,1,2014-01-02,2014-01-02,2014-01-03,33.5719,False
30DAY_IMPVOL_110.0%MNY_DF,DLR,1,2014-01-02,2014-01-02,2014-01-03,28.576,False
30DAY_IMPVOL_110.0%MNY_DF,BKNG,1,2014-01-02,2014-01-02,2014-01-03,25.6803,False
30DAY_IMPVOL_110.0%MNY_DF,PM,1,2014-01-02,2014-01-02,2014-01-03,15.9253,False
30DAY_IMPVOL_110.0%MNY_DF,WMB,1,2014-01-02,2014-01-02,2014-01-03,26.2539,False
30DAY_IMPVOL_110.0%MNY_DF,CSCO,1,2014-01-02,2014-01-02,2014-01-03,25.3779,False
30DAY_IMPVOL_110.0%MNY_DF,INTC,1,2014-01-02,2014-01-02,2014-01-03,23.0239,False
30DAY_IMPVOL_110.0%MNY_DF,META,1,2014-01-02,2014-01-02,2014-01-03,52.4239,False
30DAY_IMPVOL_110.0%MNY_DF,AAPL,1,2014-01-02,2014-01-02,2014-01-03,30.8879,False
30DAY_IMPVOL_110.0%MNY_DF,GS,1,2014-01-02,2014-01-02,2014-01-03,19.88,False
30DAY_IMPVOL_110.0%MNY_DF,COST,1,2014-01-02,2014-01-02,2014-01-03,15.9838,False
30DAY_IMPVOL_110.0%MNY_DF,HD,1,2014-01-02,2014-01-02,2014-01-03,16.6957,False
30DAY_IMPVOL_110.0%MNY_DF,PG,1,2014-01-02,2014-01-02,2014-01-03,17.8983,False
30DAY_IMPVOL_110.0%MNY_DF,MCD,1,2014-01-02,2014-01-02,2014-01-03,13.0062,False
30DAY_IMPVOL_110.0%MNY_DF,WMT,1,2014-01-02,2014-01-02,2014-01-03,16.0219,False
30DAY_IMPVOL_110.0%MNY_DF,CAT,1,2014-01-02,2014-01-02,2014-01-03,21.7249,False
30DAY_IMPVOL_110.0%MNY_DF,HON,1,2014-01-02,2014-01-02,2014-01-03,18.3871,False
30DAY_IMPVOL_110.0%MNY_DF,DE,1,2014-01-02,2014-01-02,2014-01-03,19.0874,False
30DAY_IMPVOL_110.0%MNY_DF,UNP,1,2014-01-02,2014-01-02,2014-01-03,16.0424,False
30DAY_IMPVOL_110.0%MNY_DF,LMT,1,2014-01-02,2014-01-02,2014-01-03,18.7695,False
30DAY_IMPVOL_110.0%MNY_DF,ETN,1,2014-01-02,2014-01-02,2014-01-03,21.9527,False
30DAY_IMPVOL_110.0%MNY_DF,XOM,1,2014-01-02,2014-01-02,2014-01-03,18.575,False
30DAY_IMPVOL_110.0%MNY_DF,LNG,1,2014-01-02,2014-01-02,2014-01-03,45.5692,False
30DAY_IMPVOL_110.0%MNY_DF,FCX,1,2014-01-02,2014-01-02,2014-01-03,25.703,False
30DAY_IMPVOL_110.0%MNY_DF,LIN,1,2014-01-02,2014-01-02,2014-01-03,19.0992,False
30DAY_IMPVOL_110.0%MNY_DF,NEE,1,2014-01-02,2014-01-02,2014-01-03,15.6335,False
30DAY_IMPVOL_110.0%MNY_DF,AMT,1,2014-01-02,2014-01-02,2014-01-03,16.9765,False
30DAY_IMPVOL_110.0%MNY_DF,EQIX,1,2014-01-02,2014-01-02,2014-01-03,33.5057,False
30DAY_IMPVOL_110.0%MNY_DF,NVDA,1,2014-01-02,2014-01-02,2014-01-03,29.26,False
30DAY_IMPVOL_110.0%MNY_DF,AMZN,1,2014-01-02,2014-01-02,2014-01-03,33.41,False
30DAY_IMPVOL_110.0%MNY_DF,005930,1,2014-01-02,2014-01-02,2014-01-03,22.1256,False
30DAY_IMPVOL_110.0%MNY_DF,UNH,1,2014-01-02,2014-01-02,2014-01-03,24.4175,False
30DAY_IMPVOL_110.0%MNY_DF,LLY,1,2014-01-02,2014-01-02,2014-01-03,17.3884,False
30DAY_IMPVOL_110.0%MNY_DF,ISRG,1,2014-01-02,2014-01-02,2014-01-03,29.0748,False
30DAY_IMPVOL_110.0%MNY_DF,ABBV,1,2014-01-02,2014-01-02,2014-01-03,25.2472,False
30DAY_IMPVOL_110.0%MNY_DF,REGN,1,2014-01-02,2014-01-02,2014-01-03,42.3077,False
30DAY_IMPVOL_110.0%MNY_DF,JPM,1,2014-01-02,2014-01-02,2014-01-03,20.4919,False
30DAY_IMPVOL_110.0%MNY_DF,V,1,2014-01-02,2014-01-02,2014-01-03,23.0403,False
30DAY_IMPVOL_110.0%MNY_DF,MA,1,2014-01-02,2014-01-02,2014-01-03,26.8904,False
30DAY_IMPVOL_110.0%MNY_DF,BLK,1,2014-01-02,2014-01-02,2014-01-03,22.2111,False
30DAY_IMPVOL_110.0%MNY_DF,SPGI,1,2014-01-02,2014-01-02,2014-01-03,21.9192,False
30DAY_IMPVOL_110.0%MNY_DF,CS,1,2014-01-02,2014-01-02,2014-01-03,27.1286,False
30DAY_IMPVOL_110.0%MNY_DF,LSEG,1,2014-01-02,2014-01-02,2014-01-03,24.0139,False
30DAY_IMPVOL_110.0%MNY_DF,C,1,2014-01-02,2014-01-02,2014-01-03,23.8929,False
30DAY_IMPVOL_110.0%MNY_DF,BN,1,2014-01-02,2014-01-02,2014-01-03,18.7112,False
30DAY_IMPVOL_110.0%MNY_DF,CME,1,2014-01-02,2014-01-02,2014-01-03,24.0975,False
30DAY_IMPVOL_110.0%MNY_DF,KKR,1,2014-01-02,2014-01-02,2014-01-03,24.6332,False
30DAY_IMPVOL_110.0%MNY_DF,AON,1,2014-01-02,2014-01-02,2014-01-03,20.9242,False
30DAY_IMPVOL_110.0%MNY_DF,PGR,1,2014-01-02,2014-01-02,2014-01-03,16.9785,False
30DAY_IMPVOL_110.0%MNY_DF,IFX,1,2014-01-02,2014-01-02,2014-01-03,28.5277,False
30DAY_IMPVOL_110.0%MNY_DF,AXP,1,2014-01-02,2014-01-02,2014-01-03,20.405,False
30DAY_IMPVOL_110.0%MNY_DF,SCHW,1,2014-01-02,2014-01-02,2014-01-03,24.2844,False
30DAY_IMPVOL_110.0%MNY_DF,MS,1,2014-01-02,2014-01-02,2014-01-03,26.5902,False
30DAY_IMPVOL_110.0%MNY_DF,ADI,1,2014-01-02,2014-01-02,2014-01-03,19.5479,False
30DAY_IMPVOL_110.0%MNY_DF,NOW,1,2014-01-02,2014-01-02,2014-01-03,38.4623,False
30DAY_IMPVOL_110.0%MNY_DF,ACN,1,2014-01-02,2014-01-02,2014-01-03,15.4028,False
30DAY_IMPVOL_110.0%MNY_DF,IBM,1,2014-01-02,2014-01-02,2014-01-03,19.5409,False
30DAY_IMPVOL_110.0%MNY_DF,HSBA,1,2014-01-02,2014-01-02,2014-01-03,21.2883,False
30DAY_IMPVOL_110.0%MNY_DF,SHEL,1,2014-01-02,2014-01-02,2014-01-03,15.0383,False
30DAY_IMPVOL_110.0%MNY_DF,AZN,1,2014-01-02,2014-01-02,2014-01-03,15.0645,False
30DAY_IMPVOL_110.0%MNY_DF,ADBE,1,2014-01-02,2014-01-02,2014-01-03,21.7419,False
30DAY_IMPVOL_110.0%MNY_DF,TXN,1,2014-01-02,2014-01-02,2014-01-03,19.4517,False
30DAY_IMPVOL_110.0%MNY_DF,QCOM,1,2014-01-02,2014-01-02,2014-01-03,22.0044,False
30DAY_IMPVOL_110.0%MNY_DF,RIO,1,2014-01-02,2014-01-02,2014-01-03,24.2579,False
30DAY_IMPVOL_110.0%MNY_DF,NOVOB,1,2014-01-02,2014-01-02,2014-01-03,21.7243,False
30DAY_IMPVOL_110.0%MNY_DF,SAP,1,2014-01-02,2014-01-02,2014-01-03,21.6868,False
30DAY_IMPVOL_110.0%MNY_DF,RR/,1,2014-01-02,2014-01-02,2014-01-03,23.6993,False
30DAY_IMPVOL_110.0%MNY_DF,MC,1,2014-01-02,2014-01-02,2014-01-03,22.9633,False
30DAY_IMPVOL_110.0%MNY_DF,ASML,1,2014-01-02,2014-01-02,2014-01-03,26.573,False
30DAY_IMPVOL_110.0%MNY_DF,SU,1,2014-01-02,2014-01-02,2014-01-03,26.2891,False
30DAY_IMPVOL_110.0%MNY_DF,SIE,1,2014-01-02,2014-01-02,2014-01-03,20.4201,False
30DAY_IMPVOL_110.0%MNY_DF,RHM,1,2014-01-02,2014-01-02,2014-01-03,23.0692,False
30DAY_IMPVOL_110.0%MNY_DF,ALV,1,2014-01-02,2014-01-02,2014-01-03,21.6586,False
30DAY_IMPVOL_110.0%MNY_DF,MPWR,1,2014-01-02,2014-01-02,2014-01-03,38.1688,False
30DAY_IMPVOL_110.0%MNY_DF,ORCL,1,2014-01-02,2014-01-02,2014-01-03,17.9441,False
30DAY_IMPVOL_110.0%MNY_DF,SNPS,1,2014-01-02,2014-01-02,2014-01-03,18.2939,False
30DAY_IMPVOL_110.0%MNY_DF,INTU,1,2014-01-02,2014-01-02,2014-01-03,18.1379,False
30DAY_IMPVOL_110.0%MNY_DF,MSI,1,2014-01-02,2014-01-02,2014-01-03,21.7128,False
30DAY_IMPVOL_110.0%MNY_DF,APH,1,2014-01-02,2014-01-02,2014-01-03,19.4437,False
30DAY_IMPVOL_110.0%MNY_DF,ECL,1,2014-01-02,2014-01-02,2014-01-03,15.2586,False
30DAY_IMPVOL_110.0%MNY_DF,ULVR,1,2014-01-02,2014-01-02,2014-01-03,17.3341,False
30DAY_IMPVOL_110.0%MNY_DF,FTNT,1,2014-01-02,2014-01-02,2014-01-03,53.9756,False
30DAY_IMPVOL_110.0%MNY_DF,WDC,1,2014-01-02,2014-01-02,2014-01-03,33.9188,False
30DAY_IMPVOL_110.0%MNY_DF,WDAY,1,2014-01-02,2014-01-02,2014-01-03,31.7886,False
30DAY_IMPVOL_110.0%MNY_DF,DSY,1,2014-01-02,2014-01-02,2014-01-03,18.7623,False
30DAY_IMPVOL_110.0%MNY_DF,IBE,1,2014-01-02,2014-01-02,2014-01-03,20.9792,False
30DAY_IMPVOL_110.0%MNY_DF,AI,1,2014-01-02,2014-01-02,2014-01-03,20.4104,False
30DAY_IMPVOL_110.0%MNY_DF,CMCSA,1,2014-01-02,2014-01-02,2014-01-03,26.7452,False
30DAY_IMPVOL_110.0%MNY_DF,VZ,1,2014-01-02,2014-01-02,2014-01-03,20.5683,False
30DAY_IMPVOL_110.0%MNY_DF,ITX,1,2014-01-02,2014-01-02,2014-01-03,21.364,False
30DAY_IMPVOL_110.0%MNY_DF,ABT,1,2014-01-02,2014-01-02,2014-01-03,18.8585,False
30DAY_IMPVOL_110.0%MNY_DF,VRTX,1,2014-01-02,2014-01-02,2014-01-03,41.7639,False
30DAY_IMPVOL_110.0%MNY_DF,DHR,1,2014-01-02,2014-01-02,2014-01-03,17.8445,False
30DAY_IMPVOL_110.0%MNY_DF,SAN,1,2014-01-02,2014-01-02,2014-01-03,23.577,False
30DAY_IMPVOL_110.0%MNY_DF,GE,1,2014-01-02,2014-01-02,2014-01-03,20.3554,False
30DAY_IMPVOL_110.0%MNY_DF,TT,1,2014-01-02,2014-01-02,2014-01-03,20.5305,False
30DAY_IMPVOL_110.0%MNY_DF,KO,1,2014-01-02,2014-01-02,2014-01-03,18.016,False
30DAY_IMPVOL_110.0%MNY_DF,PUB,1,2014-01-02,2014-01-02,2014-01-03,23.4682,False
30DAY_IMPVOL_110.0%MNY_DF,TTWO,1,2014-01-02,2014-01-02,2014-01-03,40.6364,False
30DAY_IMPVOL_110.0%MNY_DF,T,1,2014-01-02,2014-01-02,2014-01-03,16.1336,False
30DAY_IMPVOL_110.0%MNY_DF,DTE,1,2014-01-02,2014-01-02,2014-01-03,26.2448,False
30DAY_IMPVOL_110.0%MNY_DF,TJX,1,2014-01-02,2014-01-02,2014-01-03,19.2682,False
30DAY_IMPVOL_110.0%MNY_DF,LOW,1,2014-01-02,2014-01-02,2014-01-03,22.5899,False
30DAY_IMPVOL_110.0%MNY_DF,SBUX,1,2014-01-02,2014-01-02,2014-01-03,23.8711,False
30DAY_IMPVOL_110.0%MNY_DF,DIS,1,2014-01-02,2014-01-02,2014-01-03,21.7917,False
30DAY_IMPVOL_110.0%MNY_DF,ORLY,1,2014-01-02,2014-01-02,2014-01-03,22.183,False
30DAY_IMPVOL_110.0%MNY_DF,NKE,1,2014-01-02,2014-01-02,2014-01-03,18.4537,False
30DAY_IMPVOL_110.0%MNY_DF,MCK,1,2014-01-02,2014-01-02,2014-01-03,23.0955,False
30DAY_IMPVOL_110.0%MNY_DF,SYK,1,2014-01-02,2014-01-02,2014-01-03,17.1292,False
30DAY_IMPVOL_110.0%MNY_DF,MRK,1,2014-01-02,2014-01-02,2014-01-03,18.0567,False
30DAY_IMPVOL_110.0%MNY_DF,AMGN,1,2014-01-02,2014-01-02,2014-01-03,22.2689,False
30DAY_IMPVOL_110.0%MNY_DF,SAF,1,2014-01-02,2014-01-02,2014-01-03,23.0398,False
30DAY_IMPVOL_110.0%MNY_DF,AIR,1,2014-01-02,2014-01-02,2014-01-03,27.5676,False
30DAY_IMPVOL_110.0%MNY_DF,BNP,1,2014-01-02,2014-01-02,2014-01-03,27.1603,False
30DAY_IMPVOL_110.0%MNY_DF,AXON,1,2014-01-02,2014-01-02,2014-01-03,53.9183,False
30DAY_IMPVOL_110.0%MNY_DF,EMR,1,2014-01-02,2014-01-02,2014-01-03,16.7786,False
30DAY_IMPVOL_110.0%MNY_DF,RTX,1,2014-01-02,2014-01-02,2014-01-03,15.4164,False
30DAY_IMPVOL_110.0%MNY_DF,COF,1,2014-01-02,2014-01-02,2014-01-03,21.7949,False
30DAY_IMPVOL_110.0%MNY_DF,MUV2,1,2014-01-02,2014-01-02,2014-01-03,20.62,False
30DAY_IMPVOL_110.0%MNY_DF,ICE,1,2014-01-02,2014-01-02,2014-01-03,20.1105,False
30DAY_IMPVOL_110.0%MNY_DF,MCO,1,2014-01-02,2014-01-02,2014-01-03,25.8001,False
30DAY_IMPVOL_110.0%MNY_DF,NXPI,1,2014-01-02,2014-01-02,2014-01-03,33.7134,False
30DAY_IMPVOL_110.0%MNY_DF,ADSK,1,2014-01-02,2014-01-02,2014-01-03,28.5086,False
30DAY_IMPVOL_110.0%MNY_DF,CB,1,2014-01-02,2014-01-02,2014-01-03,15.3619,False
30DAY_IMPVOL_110.0%MNY_DF,BRK/B,1,2014-01-02,2014-01-02,2014-01-03,17.3351,False
30DAY_IMPVOL_110.0%MNY_DF,SHW,1,2014-01-02,2014-01-02,2014-01-03,23.9433,False
30DAY_IMPVOL_110.0%MNY_DF,COHR,1,2014-01-02,2014-01-02,2014-01-03,43.5098,False
30DAY_IMPVOL_110.0%MNY_DF,FICO,1,2014-01-02,2014-01-02,2014-01-03,22.3865,False
30DAY_IMPVOL_110.0%MNY_DF,ON,1,2014-01-02,2014-01-02,2014-01-03,38.2739,False
30DAY_IMPVOL_110.0%MNY_DF,VRSN,1,2014-01-02,2014-01-02,2014-01-03,22.3863,False
30DAY_IMPVOL_110.0%MNY_DF,SO,1,2014-01-02,2014-01-02,2014-01-03,17.2005,False
30DAY_IMPVOL_110.0%MNY_DF,TTE,1,2014-01-02,2014-01-02,2014-01-03,20.5809,False
30DAY_IMPVOL_110.0%MNY_DF,NEM,1,2014-01-02,2014-01-02,2014-01-03,36.0828,False
30DAY_IMPVOL_110.0%MNY_DF,CVX,1,2014-01-02,2014-01-02,2014-01-03,16.9668,False
30DAY_IMPVOL_110.0%MNY_DF,MDLZ,1,2014-01-02,2014-01-02,2014-01-03,23.4436,False
30DAY_IMPVOL_110.0%MNY_DF,OR,1,2014-01-02,2014-01-02,2014-01-03,21.4801,False
30DAY_IMPVOL_110.0%MNY_DF,PEP,1,2014-01-02,2014-01-02,2014-01-03,17.4933,False
30DAY_IMPVOL_110.0%MNY_DF,UCG,1,2014-01-02,2014-01-02,2014-01-03,30.5095,False
30DAY_IMPVOL_110.0%MNY_DF,IBKR,1,2014-01-02,2014-01-02,2014-01-03,26.6127,False
30DAY_IMPVOL_110.0%MNY_DF,BNY,1,2014-01-02,2014-01-02,2014-01-03,23.0694,False
30DAY_IMPVOL_110.0%MNY_DF,MSCI,1,2014-01-02,2014-01-02,2014-01-03,21.185,False
30DAY_IMPVOL_110.0%MNY_DF,MRSH,1,2014-01-02,2014-01-02,2014-01-03,14.8843,False
30DAY_IMPVOL_110.0%MNY_DF,APO,1,2014-01-02,2014-01-02,2014-01-03,30.5297,False
30DAY_IMPVOL_110.0%MNY_DF,ASM,1,2014-01-02,2014-01-02,2014-01-03,23.6208,False
30DAY_IMPVOL_110.0%MNY_DF,WM,1,2014-01-02,2014-01-02,2014-01-03,14.7724,False
30DAY_IMPVOL_110.0%MNY_DF,PH,1,2014-01-02,2014-01-02,2014-01-03,19.5077,False
30DAY_IMPVOL_110.0%MNY_DF,GILD,1,2014-01-02,2014-01-02,2014-01-03,30.1703,False
30DAY_IMPVOL_110.0%MNY_DF,MDT,1,2014-01-02,2014-01-02,2014-01-03,15.1547,False
30DAY_IMPVOL_110.0%MNY_DF,PFE,1,2014-01-02,2014-01-02,2014-01-03,15.8263,False
30DAY_IMPVOL_110.0%MNY_DF,HCA,1,2014-01-02,2014-01-02,2014-01-03,26.1169,False
30DAY_IMPVOL_110.0%MNY_DF,ZTS,1,2014-01-02,2014-01-02,2014-01-03,22.9027,False
30DAY_IMPVOL_110.0%MNY_DF,REL,1,2014-01-02,2014-01-02,2014-01-03,17.7029,False
30DAY_IMPVOL_110.0%MNY_DF,ADP,1,2014-01-02,2014-01-02,2014-01-03,15.1885,False
30DAY_IMPVOL_110.0%MNY_DF,CMG,1,2014-01-02,2014-01-02,2014-01-03,30.5306,False
30DAY_IMPVOL_110.0%MNY_DF,RMS,1,2014-01-02,2014-01-02,2014-01-03,17.5904,False
30DAY_IMPVOL_110.0%MNY_DF,GM,1,2014-01-02,2014-01-02,2014-01-03,29.8362,False
30DAY_IMPVOL_110.0%MNY_DF,MAR,1,2014-01-02,2014-01-02,2014-01-03,19.6222,False
30DAY_IMPVOL_110.0%MNY_DF,LYV,1,2014-01-02,2014-01-02,2014-01-03,24.2966,False
30DAY_IMPVOL_110.0%MNY_DF,TKO,1,2014-01-02,2014-01-02,2014-01-03,37.8107,False
30DAY_IMPVOL_110.0%MNY_DF,MO,1,2014-01-02,2014-01-02,2014-01-03,14.7456,False
30DAY_IMPVOL_110.0%MNY_DF,GRMN,1,2014-01-02,2014-01-02,2014-01-03,29.9075,False
30DAY_IMPVOL_110.0%MNY_DF,CL,1,2014-01-02,2014-01-02,2014-01-03,14.791,False
30DAY_IMPVOL_110.0%MNY_DF,MNST,1,2014-01-02,2014-01-02,2014-01-03,31.2141,False
30DAY_IMPVOL_110.0%MNY_DF,SLB,1,2014-01-02,2014-01-02,2014-01-03,23.8569,False
30DAY_IMPVOL_110.0%MNY_DF,COP,1,2014-01-02,2014-01-02,2014-01-03,18.1162,False
30DAY_IMPVOL_110.0%MNY_DF,APD,1,2014-01-02,2014-01-02,2014-01-03,25.0751,False
30DAY_IMPVOL_110.0%MNY_DF,NRG,1,2014-01-02,2014-01-02,2014-01-03,26.4654,False
30DAY_IMPVOL_110.0%MNY_DF,ENEL,1,2014-01-02,2014-01-02,2014-01-03,25.0887,False
30DAY_IMPVOL_110.0%MNY_DF,WELL,1,2014-01-02,2014-01-02,2014-01-03,19.9514,False
30DAY_IMPVOL_90.0%MNY_DF,285A,4597,2014-01-02,2026-08-03,2026-08-04,134.9495,False
30DAY_IMPVOL_90.0%MNY_DF,6146,4262,2014-01-02,2025-09-02,2025-09-03,61.9932,False
30DAY_IMPVOL_90.0%MNY_DF,SNDK,4079,2014-01-02,2025-03-03,2025-03-04,55.0502,False
30DAY_IMPVOL_90.0%MNY_DF,GEV,3749,2014-01-02,2024-04-07,2024-04-08,40.3756,False
30DAY_IMPVOL_90.0%MNY_DF,RDDT,3736,2014-01-02,2024-03-25,2024-03-26,170.4593,False
30DAY_IMPVOL_90.0%MNY_DF,ARM,3547,2014-01-02,2023-09-18,2023-09-19,58.0393,False
30DAY_IMPVOL_90.0%MNY_DF,CEG,2961,2014-01-02,2022-02-09,2022-02-10,69.2079,False
30DAY_IMPVOL_90.0%MNY_DF,UMG,2822,2014-01-02,2021-09-23,2021-09-24,37.2213,False
30DAY_IMPVOL_90.0%MNY_DF,APP,2667,2014-01-02,2021-04-21,2021-04-22,67.5954,False
30DAY_IMPVOL_90.0%MNY_DF,RBLX,2631,2014-01-02,2021-03-16,2021-03-17,123.9551,False
30DAY_IMPVOL_90.0%MNY_DF,ABNB,2541,2014-01-02,2020-12-16,2020-12-17,108.2919,False
30DAY_IMPVOL_90.0%MNY_DF,DASH,2540,2014-01-02,2020-12-15,2020-12-16,95.0381,False
30DAY_IMPVOL_90.0%MNY_DF,PLTR,2470,2014-01-02,2020-10-06,2020-10-07,108.167,False
30DAY_IMPVOL_90.0%MNY_DF,SNOW,2456,2014-01-02,2020-09-22,2020-09-23,83.1854,False
30DAY_IMPVOL_90.0%MNY_DF,VRT,2260,2014-01-02,2020-03-10,2020-03-11,142.4002,False
30DAY_IMPVOL_90.0%MNY_DF,DDOG,2100,2014-01-02,2019-10-02,2019-10-03,76.5536,False
30DAY_IMPVOL_90.0%MNY_DF,NET,2092,2014-01-02,2019-09-24,2019-09-25,90.3961,False
30DAY_IMPVOL_90.0%MNY_DF,CRWD,1994,2014-01-02,2019-06-18,2019-06-19,86.2667,False
30DAY_IMPVOL_90.0%MNY_DF,UBER,1961,2014-01-02,2019-05-16,2019-05-17,59.0252,False
30DAY_IMPVOL_90.0%MNY_DF,DELL,1826,2014-01-02,2019-01-01,2019-01-02,38.7719,False
30DAY_IMPVOL_90.0%MNY_DF,BE,1698,2014-01-02,2018-08-26,2018-08-27,97.6568,False
30DAY_IMPVOL_90.0%MNY_DF,SPOT,1559,2014-01-02,2018-04-09,2018-04-10,61.2093,False
30DAY_IMPVOL_90.0%MNY_DF,ZS,1544,2014-01-02,2018-03-25,2018-03-26,82.1852,False
30DAY_IMPVOL_90.0%MNY_DF,VST,1233,2014-01-02,2017-05-18,2017-05-19,54.4153,False
30DAY_IMPVOL_90.0%MNY_DF,TTD,1201,2014-01-02,2017-04-16,2017-04-17,39.0599,False
30DAY_IMPVOL_90.0%MNY_DF,HWM,1036,2014-01-02,2016-11-02,2016-11-03,43.8988,False
30DAY_IMPVOL_90.0%MNY_DF,TEAM,718,2014-01-02,2015-12-20,2015-12-21,51.4299,False
30DAY_IMPVOL_90.0%MNY_DF,HPE,670,2014-01-02,2015-11-02,2015-11-03,70.3829,False
30DAY_IMPVOL_90.0%MNY_DF,RACE,666,2014-01-02,2015-10-29,2015-10-30,51.9223,False
30DAY_IMPVOL_90.0%MNY_DF,LITE,581,2014-01-02,2015-08-05,2015-08-06,133.0666,False
30DAY_IMPVOL_90.0%MNY_DF,PYPL,565,2014-01-02,2015-07-20,2015-07-21,40.0772,False
30DAY_IMPVOL_90.0%MNY_DF,000660,320,2014-01-02,2014-11-17,2014-11-18,37.8497,False
30DAY_IMPVOL_90.0%MNY_DF,KEYS,306,2014-01-02,2014-11-03,2014-11-04,47.7821,False
30DAY_IMPVOL_90.0%MNY_DF,ANET,211,2014-01-02,2014-07-31,2014-08-01,74.5805,False
30DAY_IMPVOL_90.0%MNY_DF,8316,5,2014-01-02,2014-01-06,2014-01-07,30.4081,False
30DAY_IMPVOL_90.0%MNY_DF,7011,5,2014-01-02,2014-01-06,2014-01-07,32.9099,False
30DAY_IMPVOL_90.0%MNY_DF,9433,5,2014-01-02,2014-01-06,2014-01-07,36.7937,False
30DAY_IMPVOL_90.0%MNY_DF,9432,5,2014-01-02,2014-01-06,2014-01-07,27.1731,False
30DAY_IMPVOL_90.0%MNY_DF,4063,5,2014-01-02,2014-01-06,2014-01-07,30.7899,False
30DAY_IMPVOL_90.0%MNY_DF,8306,5,2014-01-02,2014-01-06,2014-01-07,30.6878,False
30DAY_IMPVOL_90.0%MNY_DF,6981,5,2014-01-02,2014-01-06,2014-01-07,29.6453,False
30DAY_IMPVOL_90.0%MNY_DF,7203,5,2014-01-02,2014-01-06,2014-01-07,28.5471,False
30DAY_IMPVOL_90.0%MNY_DF,7974,5,2014-01-02,2014-01-06,2014-01-07,39.4699,False
30DAY_IMPVOL_90.0%MNY_DF,6857,5,2014-01-02,2014-01-06,2014-01-07,40.5805,False
30DAY_IMPVOL_90.0%MNY_DF,8035,5,2014-01-02,2014-01-06,2014-01-07,38.6822,False
30DAY_IMPVOL_90.0%MNY_DF,6758,5,2014-01-02,2014-01-06,2014-01-07,35.5779,False
30DAY_IMPVOL_90.0%MNY_DF,ABBN,4,2014-01-02,2014-01-05,2014-01-06,24.9403,False
30DAY_IMPVOL_90.0%MNY_DF,ROP,4,2014-01-02,2014-01-05,2014-01-06,22.3882,False
30DAY_IMPVOL_90.0%MNY_DF,NOVN,4,2014-01-02,2014-01-05,2014-01-06,20.8649,False
30DAY_IMPVOL_90.0%MNY_DF,NESN,4,2014-01-02,2014-01-05,2014-01-06,20.5605,False
30DAY_IMPVOL_90.0%MNY_DF,ZURN,4,2014-01-02,2014-01-05,2014-01-06,23.2855,False
30DAY_IMPVOL_90.0%MNY_DF,UBSG,4,2014-01-02,2014-01-05,2014-01-06,26.9831,False
30DAY_IMPVOL_90.0%MNY_DF,CFR,4,2014-01-02,2014-01-05,2014-01-06,25.3362,False
30DAY_IMPVOL_90.0%MNY_DF,MU,1,2014-01-02,2014-01-02,2014-01-03,59.3243,False
30DAY_IMPVOL_90.0%MNY_DF,MSFT,1,2014-01-02,2014-01-02,2014-01-03,29.3345,False
30DAY_IMPVOL_90.0%MNY_DF,GOOGL,1,2014-01-02,2014-01-02,2014-01-03,25.3024,False
30DAY_IMPVOL_90.0%MNY_DF,TSLA,1,2014-01-02,2014-01-02,2014-01-03,65.8214,False
30DAY_IMPVOL_90.0%MNY_DF,AVGO,1,2014-01-02,2014-01-02,2014-01-03,35.4966,False
30DAY_IMPVOL_90.0%MNY_DF,PANW,1,2014-01-02,2014-01-02,2014-01-03,41.3913,False
30DAY_IMPVOL_90.0%MNY_DF,AMAT,1,2014-01-02,2014-01-02,2014-01-03,30.0419,False
30DAY_IMPVOL_90.0%MNY_DF,LRCX,1,2014-01-02,2014-01-02,2014-01-03,32.6329,False
30DAY_IMPVOL_90.0%MNY_DF,MPC,1,2014-01-02,2014-01-02,2014-01-03,35.0461,False
30DAY_IMPVOL_90.0%MNY_DF,WFC,1,2014-01-02,2014-01-02,2014-01-03,25.5131,False
30DAY_IMPVOL_90.0%MNY_DF,JNJ,1,2014-01-02,2014-01-02,2014-01-03,23.2416,False
30DAY_IMPVOL_90.0%MNY_DF,GLW,1,2014-01-02,2014-01-02,2014-01-03,34.4009,False
30DAY_IMPVOL_90.0%MNY_DF,TER,1,2014-01-02,2014-01-02,2014-01-03,34.1246,False
30DAY_IMPVOL_90.0%MNY_DF,NFLX,1,2014-01-02,2014-01-02,2014-01-03,50.9743,False
30DAY_IMPVOL_90.0%MNY_DF,CRM,1,2014-01-02,2014-01-02,2014-01-03,32.4634,False
30DAY_IMPVOL_90.0%MNY_DF,AMD,1,2014-01-02,2014-01-02,2014-01-03,55.55,False
30DAY_IMPVOL_90.0%MNY_DF,PLD,1,2014-01-02,2014-01-02,2014-01-03,28.5408,False
30DAY_IMPVOL_90.0%MNY_DF,TMUS,1,2014-01-02,2014-01-02,2014-01-03,45.806,False
30DAY_IMPVOL_90.0%MNY_DF,TSM,1,2014-01-02,2014-01-02,2014-01-03,33.2129,False
30DAY_IMPVOL_90.0%MNY_DF,BAC,1,2014-01-02,2014-01-02,2014-01-03,27.4274,False
30DAY_IMPVOL_90.0%MNY_DF,FN,1,2014-01-02,2014-01-02,2014-01-03,42.5772,False
30DAY_IMPVOL_90.0%MNY_DF,TMO,1,2014-01-02,2014-01-02,2014-01-03,30.0803,False
30DAY_IMPVOL_90.0%MNY_DF,BX,1,2014-01-02,2014-01-02,2014-01-03,36.8642,False
30DAY_IMPVOL_90.0%MNY_DF,PWR,1,2014-01-02,2014-01-02,2014-01-03,27.8968,False
30DAY_IMPVOL_90.0%MNY_DF,STX,1,2014-01-02,2014-01-02,2014-01-03,39.6411,False
30DAY_IMPVOL_90.0%MNY_DF,CDNS,1,2014-01-02,2014-01-02,2014-01-03,36.7589,False
30DAY_IMPVOL_90.0%MNY_DF,MRVL,1,2014-01-02,2014-01-02,2014-01-03,45.2866,False
30DAY_IMPVOL_90.0%MNY_DF,KLAC,1,2014-01-02,2014-01-02,2014-01-03,28.8445,False
30DAY_IMPVOL_90.0%MNY_DF,BSX,1,2014-01-02,2014-01-02,2014-01-03,33.2624,False
30DAY_IMPVOL_90.0%MNY_DF,DLR,1,2014-01-02,2014-01-02,2014-01-03,37.7168,False
30DAY_IMPVOL_90.0%MNY_DF,BKNG,1,2014-01-02,2014-01-02,2014-01-03,29.2447,False
30DAY_IMPVOL_90.0%MNY_DF,PM,1,2014-01-02,2014-01-02,2014-01-03,22.2886,False
30DAY_IMPVOL_90.0%MNY_DF,WMB,1,2014-01-02,2014-01-02,2014-01-03,30.7206,False
30DAY_IMPVOL_90.0%MNY_DF,CSCO,1,2014-01-02,2014-01-02,2014-01-03,30.2687,False
30DAY_IMPVOL_90.0%MNY_DF,INTC,1,2014-01-02,2014-01-02,2014-01-03,28.0604,False
30DAY_IMPVOL_90.0%MNY_DF,META,1,2014-01-02,2014-01-02,2014-01-03,52.6693,False
30DAY_IMPVOL_90.0%MNY_DF,AAPL,1,2014-01-02,2014-01-02,2014-01-03,31.0976,False
30DAY_IMPVOL_90.0%MNY_DF,GS,1,2014-01-02,2014-01-02,2014-01-03,26.1512,False
30DAY_IMPVOL_90.0%MNY_DF,COST,1,2014-01-02,2014-01-02,2014-01-03,22.5813,False
30DAY_IMPVOL_90.0%MNY_DF,HD,1,2014-01-02,2014-01-02,2014-01-03,22.4044,False
30DAY_IMPVOL_90.0%MNY_DF,PG,1,2014-01-02,2014-01-02,2014-01-03,25.9233,False
30DAY_IMPVOL_90.0%MNY_DF,MCD,1,2014-01-02,2014-01-02,2014-01-03,21.4318,False
30DAY_IMPVOL_90.0%MNY_DF,WMT,1,2014-01-02,2014-01-02,2014-01-03,21.9337,False
30DAY_IMPVOL_90.0%MNY_DF,CAT,1,2014-01-02,2014-01-02,2014-01-03,25.0671,False
30DAY_IMPVOL_90.0%MNY_DF,HON,1,2014-01-02,2014-01-02,2014-01-03,25.3936,False
30DAY_IMPVOL_90.0%MNY_DF,DE,1,2014-01-02,2014-01-02,2014-01-03,24.554,False
30DAY_IMPVOL_90.0%MNY_DF,UNP,1,2014-01-02,2014-01-02,2014-01-03,23.5417,False
30DAY_IMPVOL_90.0%MNY_DF,LMT,1,2014-01-02,2014-01-02,2014-01-03,27.7136,False
30DAY_IMPVOL_90.0%MNY_DF,ETN,1,2014-01-02,2014-01-02,2014-01-03,29.9789,False
30DAY_IMPVOL_90.0%MNY_DF,XOM,1,2014-01-02,2014-01-02,2014-01-03,24.4826,False
30DAY_IMPVOL_90.0%MNY_DF,LNG,1,2014-01-02,2014-01-02,2014-01-03,46.3136,False
30DAY_IMPVOL_90.0%MNY_DF,FCX,1,2014-01-02,2014-01-02,2014-01-03,29.4042,False
30DAY_IMPVOL_90.0%MNY_DF,LIN,1,2014-01-02,2014-01-02,2014-01-03,21.7688,False
30DAY_IMPVOL_90.0%MNY_DF,NEE,1,2014-01-02,2014-01-02,2014-01-03,21.4604,False
30DAY_IMPVOL_90.0%MNY_DF,AMT,1,2014-01-02,2014-01-02,2014-01-03,24.8696,False
30DAY_IMPVOL_90.0%MNY_DF,EQIX,1,2014-01-02,2014-01-02,2014-01-03,42.3964,False
30DAY_IMPVOL_90.0%MNY_DF,NVDA,1,2014-01-02,2014-01-02,2014-01-03,31.2088,False
30DAY_IMPVOL_90.0%MNY_DF,AMZN,1,2014-01-02,2014-01-02,2014-01-03,38.3706,False
30DAY_IMPVOL_90.0%MNY_DF,005930,1,2014-01-02,2014-01-02,2014-01-03,22.7264,False
30DAY_IMPVOL_90.0%MNY_DF,UNH,1,2014-01-02,2014-01-02,2014-01-03,29.9492,False
30DAY_IMPVOL_90.0%MNY_DF,LLY,1,2014-01-02,2014-01-02,2014-01-03,24.4391,False
30DAY_IMPVOL_90.0%MNY_DF,ISRG,1,2014-01-02,2014-01-02,2014-01-03,34.248,False
30DAY_IMPVOL_90.0%MNY_DF,ABBV,1,2014-01-02,2014-01-02,2014-01-03,26.9043,False
30DAY_IMPVOL_90.0%MNY_DF,REGN,1,2014-01-02,2014-01-02,2014-01-03,45.6555,False
30DAY_IMPVOL_90.0%MNY_DF,JPM,1,2014-01-02,2014-01-02,2014-01-03,27.5047,False
30DAY_IMPVOL_90.0%MNY_DF,V,1,2014-01-02,2014-01-02,2014-01-03,27.4635,False
30DAY_IMPVOL_90.0%MNY_DF,MA,1,2014-01-02,2014-01-02,2014-01-03,27.3712,False
30DAY_IMPVOL_90.0%MNY_DF,BLK,1,2014-01-02,2014-01-02,2014-01-03,27.4203,False
30DAY_IMPVOL_90.0%MNY_DF,SPGI,1,2014-01-02,2014-01-02,2014-01-03,30.4602,False
30DAY_IMPVOL_90.0%MNY_DF,CS,1,2014-01-02,2014-01-02,2014-01-03,30.8509,False
30DAY_IMPVOL_90.0%MNY_DF,LSEG,1,2014-01-02,2014-01-02,2014-01-03,23.3721,False
30DAY_IMPVOL_90.0%MNY_DF,C,1,2014-01-02,2014-01-02,2014-01-03,27.706,False
30DAY_IMPVOL_90.0%MNY_DF,BN,1,2014-01-02,2014-01-02,2014-01-03,23.8887,False
30DAY_IMPVOL_90.0%MNY_DF,CME,1,2014-01-02,2014-01-02,2014-01-03,26.9414,False
30DAY_IMPVOL_90.0%MNY_DF,KKR,1,2014-01-02,2014-01-02,2014-01-03,30.4707,False
30DAY_IMPVOL_90.0%MNY_DF,AON,1,2014-01-02,2014-01-02,2014-01-03,30.9149,False
30DAY_IMPVOL_90.0%MNY_DF,PGR,1,2014-01-02,2014-01-02,2014-01-03,23.5351,False
30DAY_IMPVOL_90.0%MNY_DF,IFX,1,2014-01-02,2014-01-02,2014-01-03,32.4468,False
30DAY_IMPVOL_90.0%MNY_DF,AXP,1,2014-01-02,2014-01-02,2014-01-03,25.0537,False
30DAY_IMPVOL_90.0%MNY_DF,SCHW,1,2014-01-02,2014-01-02,2014-01-03,31.2224,False
30DAY_IMPVOL_90.0%MNY_DF,MS,1,2014-01-02,2014-01-02,2014-01-03,32.1501,False
30DAY_IMPVOL_90.0%MNY_DF,ADI,1,2014-01-02,2014-01-02,2014-01-03,24.4596,False
30DAY_IMPVOL_90.0%MNY_DF,NOW,1,2014-01-02,2014-01-02,2014-01-03,45.7303,False
30DAY_IMPVOL_90.0%MNY_DF,ACN,1,2014-01-02,2014-01-02,2014-01-03,23.2449,False
30DAY_IMPVOL_90.0%MNY_DF,IBM,1,2014-01-02,2014-01-02,2014-01-03,24.7705,False
30DAY_IMPVOL_90.0%MNY_DF,HSBA,1,2014-01-02,2014-01-02,2014-01-03,19.4466,False
30DAY_IMPVOL_90.0%MNY_DF,SHEL,1,2014-01-02,2014-01-02,2014-01-03,16.7424,False
30DAY_IMPVOL_90.0%MNY_DF,AZN,1,2014-01-02,2014-01-02,2014-01-03,19.7356,False
30DAY_IMPVOL_90.0%MNY_DF,ADBE,1,2014-01-02,2014-01-02,2014-01-03,26.251,False
30DAY_IMPVOL_90.0%MNY_DF,TXN,1,2014-01-02,2014-01-02,2014-01-03,27.1372,False
30DAY_IMPVOL_90.0%MNY_DF,QCOM,1,2014-01-02,2014-01-02,2014-01-03,25.6917,False
30DAY_IMPVOL_90.0%MNY_DF,RIO,1,2014-01-02,2014-01-02,2014-01-03,30.0226,False
30DAY_IMPVOL_90.0%MNY_DF,NOVOB,1,2014-01-02,2014-01-02,2014-01-03,25.385,False
30DAY_IMPVOL_90.0%MNY_DF,SAP,1,2014-01-02,2014-01-02,2014-01-03,30.1893,False
30DAY_IMPVOL_90.0%MNY_DF,RR/,1,2014-01-02,2014-01-02,2014-01-03,24.2314,False
30DAY_IMPVOL_90.0%MNY_DF,MC,1,2014-01-02,2014-01-02,2014-01-03,25.3182,False
30DAY_IMPVOL_90.0%MNY_DF,ASML,1,2014-01-02,2014-01-02,2014-01-03,31.4486,False
30DAY_IMPVOL_90.0%MNY_DF,SU,1,2014-01-02,2014-01-02,2014-01-03,30.2721,False
30DAY_IMPVOL_90.0%MNY_DF,SIE,1,2014-01-02,2014-01-02,2014-01-03,28.566,False
30DAY_IMPVOL_90.0%MNY_DF,RHM,1,2014-01-02,2014-01-02,2014-01-03,29.9245,False
30DAY_IMPVOL_90.0%MNY_DF,ALV,1,2014-01-02,2014-01-02,2014-01-03,27.3203,False
30DAY_IMPVOL_90.0%MNY_DF,MPWR,1,2014-01-02,2014-01-02,2014-01-03,40.7478,False
30DAY_IMPVOL_90.0%MNY_DF,ORCL,1,2014-01-02,2014-01-02,2014-01-03,25.3084,False
30DAY_IMPVOL_90.0%MNY_DF,SNPS,1,2014-01-02,2014-01-02,2014-01-03,17.4769,False
30DAY_IMPVOL_90.0%MNY_DF,INTU,1,2014-01-02,2014-01-02,2014-01-03,24.0871,False
30DAY_IMPVOL_90.0%MNY_DF,MSI,1,2014-01-02,2014-01-02,2014-01-03,28.775,False
30DAY_IMPVOL_90.0%MNY_DF,APH,1,2014-01-02,2014-01-02,2014-01-03,22.6421,False
30DAY_IMPVOL_90.0%MNY_DF,ECL,1,2014-01-02,2014-01-02,2014-01-03,22.4737,False
30DAY_IMPVOL_90.0%MNY_DF,ULVR,1,2014-01-02,2014-01-02,2014-01-03,18.8176,False
30DAY_IMPVOL_90.0%MNY_DF,FTNT,1,2014-01-02,2014-01-02,2014-01-03,53.962,False
30DAY_IMPVOL_90.0%MNY_DF,WDC,1,2014-01-02,2014-01-02,2014-01-03,37.5191,False
30DAY_IMPVOL_90.0%MNY_DF,WDAY,1,2014-01-02,2014-01-02,2014-01-03,35.3059,False
30DAY_IMPVOL_90.0%MNY_DF,DSY,1,2014-01-02,2014-01-02,2014-01-03,20.4669,False
30DAY_IMPVOL_90.0%MNY_DF,IBE,1,2014-01-02,2014-01-02,2014-01-03,24.4074,False
30DAY_IMPVOL_90.0%MNY_DF,AI,1,2014-01-02,2014-01-02,2014-01-03,23.5563,False
30DAY_IMPVOL_90.0%MNY_DF,CMCSA,1,2014-01-02,2014-01-02,2014-01-03,27.9217,False
30DAY_IMPVOL_90.0%MNY_DF,VZ,1,2014-01-02,2014-01-02,2014-01-03,23.7336,False
30DAY_IMPVOL_90.0%MNY_DF,ITX,1,2014-01-02,2014-01-02,2014-01-03,25.1579,False
30DAY_IMPVOL_90.0%MNY_DF,ABT,1,2014-01-02,2014-01-02,2014-01-03,24.8485,False
30DAY_IMPVOL_90.0%MNY_DF,VRTX,1,2014-01-02,2014-01-02,2014-01-03,45.8871,False
30DAY_IMPVOL_90.0%MNY_DF,DHR,1,2014-01-02,2014-01-02,2014-01-03,24.9757,False
30DAY_IMPVOL_90.0%MNY_DF,SAN,1,2014-01-02,2014-01-02,2014-01-03,27.2407,False
30DAY_IMPVOL_90.0%MNY_DF,GE,1,2014-01-02,2014-01-02,2014-01-03,25.8873,False
30DAY_IMPVOL_90.0%MNY_DF,TT,1,2014-01-02,2014-01-02,2014-01-03,29.4434,False
30DAY_IMPVOL_90.0%MNY_DF,KO,1,2014-01-02,2014-01-02,2014-01-03,23.2649,False
30DAY_IMPVOL_90.0%MNY_DF,PUB,1,2014-01-02,2014-01-02,2014-01-03,26.0814,False
30DAY_IMPVOL_90.0%MNY_DF,TTWO,1,2014-01-02,2014-01-02,2014-01-03,44.3932,False
30DAY_IMPVOL_90.0%MNY_DF,T,1,2014-01-02,2014-01-02,2014-01-03,21.5202,False
30DAY_IMPVOL_90.0%MNY_DF,DTE,1,2014-01-02,2014-01-02,2014-01-03,29.9214,False
30DAY_IMPVOL_90.0%MNY_DF,TJX,1,2014-01-02,2014-01-02,2014-01-03,23.7082,False
30DAY_IMPVOL_90.0%MNY_DF,LOW,1,2014-01-02,2014-01-02,2014-01-03,27.1604,False
30DAY_IMPVOL_90.0%MNY_DF,SBUX,1,2014-01-02,2014-01-02,2014-01-03,29.1644,False
30DAY_IMPVOL_90.0%MNY_DF,DIS,1,2014-01-02,2014-01-02,2014-01-03,26.901,False
30DAY_IMPVOL_90.0%MNY_DF,ORLY,1,2014-01-02,2014-01-02,2014-01-03,25.6651,False
30DAY_IMPVOL_90.0%MNY_DF,NKE,1,2014-01-02,2014-01-02,2014-01-03,24.5969,False
30DAY_IMPVOL_90.0%MNY_DF,MCK,1,2014-01-02,2014-01-02,2014-01-03,30.5611,False
30DAY_IMPVOL_90.0%MNY_DF,SYK,1,2014-01-02,2014-01-02,2014-01-03,24.2087,False
30DAY_IMPVOL_90.0%MNY_DF,MRK,1,2014-01-02,2014-01-02,2014-01-03,25.9222,False
30DAY_IMPVOL_90.0%MNY_DF,AMGN,1,2014-01-02,2014-01-02,2014-01-03,28.9585,False
30DAY_IMPVOL_90.0%MNY_DF,SAF,1,2014-01-02,2014-01-02,2014-01-03,26.762,False
30DAY_IMPVOL_90.0%MNY_DF,AIR,1,2014-01-02,2014-01-02,2014-01-03,27.6061,False
30DAY_IMPVOL_90.0%MNY_DF,BNP,1,2014-01-02,2014-01-02,2014-01-03,33.3746,False
30DAY_IMPVOL_90.0%MNY_DF,AXON,1,2014-01-02,2014-01-02,2014-01-03,55.7248,False
30DAY_IMPVOL_90.0%MNY_DF,EMR,1,2014-01-02,2014-01-02,2014-01-03,25.9402,False
30DAY_IMPVOL_90.0%MNY_DF,RTX,1,2014-01-02,2014-01-02,2014-01-03,25.1498,False
30DAY_IMPVOL_90.0%MNY_DF,COF,1,2014-01-02,2014-01-02,2014-01-03,28.1136,False
30DAY_IMPVOL_90.0%MNY_DF,MUV2,1,2014-01-02,2014-01-02,2014-01-03,26.0927,False
30DAY_IMPVOL_90.0%MNY_DF,ICE,1,2014-01-02,2014-01-02,2014-01-03,25.9436,False
30DAY_IMPVOL_90.0%MNY_DF,MCO,1,2014-01-02,2014-01-02,2014-01-03,31.1705,False
30DAY_IMPVOL_90.0%MNY_DF,NXPI,1,2014-01-02,2014-01-02,2014-01-03,38.4322,False
30DAY_IMPVOL_90.0%MNY_DF,ADSK,1,2014-01-02,2014-01-02,2014-01-03,31.1505,False
30DAY_IMPVOL_90.0%MNY_DF,CB,1,2014-01-02,2014-01-02,2014-01-03,23.911,False
30DAY_IMPVOL_90.0%MNY_DF,BRK/B,1,2014-01-02,2014-01-02,2014-01-03,21.8938,False
30DAY_IMPVOL_90.0%MNY_DF,SHW,1,2014-01-02,2014-01-02,2014-01-03,30.6173,False
30DAY_IMPVOL_90.0%MNY_DF,COHR,1,2014-01-02,2014-01-02,2014-01-03,43.5042,False
30DAY_IMPVOL_90.0%MNY_DF,FICO,1,2014-01-02,2014-01-02,2014-01-03,27.2425,False
30DAY_IMPVOL_90.0%MNY_DF,ON,1,2014-01-02,2014-01-02,2014-01-03,43.6057,False
30DAY_IMPVOL_90.0%MNY_DF,VRSN,1,2014-01-02,2014-01-02,2014-01-03,25.1024,False
30DAY_IMPVOL_90.0%MNY_DF,SO,1,2014-01-02,2014-01-02,2014-01-03,23.1635,False
30DAY_IMPVOL_90.0%MNY_DF,TTE,1,2014-01-02,2014-01-02,2014-01-03,24.2066,False
30DAY_IMPVOL_90.0%MNY_DF,NEM,1,2014-01-02,2014-01-02,2014-01-03,40.006,False
30DAY_IMPVOL_90.0%MNY_DF,CVX,1,2014-01-02,2014-01-02,2014-01-03,22.5185,False
30DAY_IMPVOL_90.0%MNY_DF,MDLZ,1,2014-01-02,2014-01-02,2014-01-03,25.3045,False
30DAY_IMPVOL_90.0%MNY_DF,OR,1,2014-01-02,2014-01-02,2014-01-03,25.108,False
30DAY_IMPVOL_90.0%MNY_DF,PEP,1,2014-01-02,2014-01-02,2014-01-03,22.3257,False
30DAY_IMPVOL_90.0%MNY_DF,UCG,1,2014-01-02,2014-01-02,2014-01-03,33.9672,False
30DAY_IMPVOL_90.0%MNY_DF,IBKR,1,2014-01-02,2014-01-02,2014-01-03,30.454,False
30DAY_IMPVOL_90.0%MNY_DF,BNY,1,2014-01-02,2014-01-02,2014-01-03,28.025,False
30DAY_IMPVOL_90.0%MNY_DF,MSCI,1,2014-01-02,2014-01-02,2014-01-03,28.1091,False
30DAY_IMPVOL_90.0%MNY_DF,MRSH,1,2014-01-02,2014-01-02,2014-01-03,22.5839,False
30DAY_IMPVOL_90.0%MNY_DF,APO,1,2014-01-02,2014-01-02,2014-01-03,33.9314,False
30DAY_IMPVOL_90.0%MNY_DF,ASM,1,2014-01-02,2014-01-02,2014-01-03,26.57,False
30DAY_IMPVOL_90.0%MNY_DF,WM,1,2014-01-02,2014-01-02,2014-01-03,20.5217,False
30DAY_IMPVOL_90.0%MNY_DF,PH,1,2014-01-02,2014-01-02,2014-01-03,27.5329,False
30DAY_IMPVOL_90.0%MNY_DF,GILD,1,2014-01-02,2014-01-02,2014-01-03,35.6044,False
30DAY_IMPVOL_90.0%MNY_DF,MDT,1,2014-01-02,2014-01-02,2014-01-03,25.1484,False
30DAY_IMPVOL_90.0%MNY_DF,PFE,1,2014-01-02,2014-01-02,2014-01-03,24.4687,False
30DAY_IMPVOL_90.0%MNY_DF,HCA,1,2014-01-02,2014-01-02,2014-01-03,33.0203,False
30DAY_IMPVOL_90.0%MNY_DF,ZTS,1,2014-01-02,2014-01-02,2014-01-03,27.919,False
30DAY_IMPVOL_90.0%MNY_DF,REL,1,2014-01-02,2014-01-02,2014-01-03,18.6101,False
30DAY_IMPVOL_90.0%MNY_DF,ADP,1,2014-01-02,2014-01-02,2014-01-03,23.5798,False
30DAY_IMPVOL_90.0%MNY_DF,CMG,1,2014-01-02,2014-01-02,2014-01-03,36.6469,False
30DAY_IMPVOL_90.0%MNY_DF,RMS,1,2014-01-02,2014-01-02,2014-01-03,20.8713,False
30DAY_IMPVOL_90.0%MNY_DF,GM,1,2014-01-02,2014-01-02,2014-01-03,35.3542,False
30DAY_IMPVOL_90.0%MNY_DF,MAR,1,2014-01-02,2014-01-02,2014-01-03,26.0566,False
30DAY_IMPVOL_90.0%MNY_DF,LYV,1,2014-01-02,2014-01-02,2014-01-03,30.2032,False
30DAY_IMPVOL_90.0%MNY_DF,TKO,1,2014-01-02,2014-01-02,2014-01-03,37.2546,False
30DAY_IMPVOL_90.0%MNY_DF,MO,1,2014-01-02,2014-01-02,2014-01-03,24.1071,False
30DAY_IMPVOL_90.0%MNY_DF,GRMN,1,2014-01-02,2014-01-02,2014-01-03,29.2179,False
30DAY_IMPVOL_90.0%MNY_DF,CL,1,2014-01-02,2014-01-02,2014-01-03,23.3958,False
30DAY_IMPVOL_90.0%MNY_DF,MNST,1,2014-01-02,2014-01-02,2014-01-03,34.9045,False
30DAY_IMPVOL_90.0%MNY_DF,SLB,1,2014-01-02,2014-01-02,2014-01-03,28.4672,False
30DAY_IMPVOL_90.0%MNY_DF,COP,1,2014-01-02,2014-01-02,2014-01-03,24.7433,False
30DAY_IMPVOL_90.0%MNY_DF,APD,1,2014-01-02,2014-01-02,2014-01-03,28.8079,False
30DAY_IMPVOL_90.0%MNY_DF,NRG,1,2014-01-02,2014-01-02,2014-01-03,33.4482,False
30DAY_IMPVOL_90.0%MNY_DF,ENEL,1,2014-01-02,2014-01-02,2014-01-03,33.7806,False
30DAY_IMPVOL_90.0%MNY_DF,WELL,1,2014-01-02,2014-01-02,2014-01-03,26.0741,False
3MTH_IMPVOL_100.0%MNY_DF,285A,4597,2014-01-02,2026-08-03,2026-08-04,120.1442,False
3MTH_IMPVOL_100.0%MNY_DF,6146,4262,2014-01-02,2025-09-02,2025-09-03,63.0657,False
3MTH_IMPVOL_100.0%MNY_DF,SNDK,4079,2014-01-02,2025-03-03,2025-03-04,50.2192,False
3MTH_IMPVOL_100.0%MNY_DF,GEV,3749,2014-01-02,2024-04-07,2024-04-08,36.8291,False
3MTH_IMPVOL_100.0%MNY_DF,RDDT,3736,2014-01-02,2024-03-25,2024-03-26,133.1122,False
3MTH_IMPVOL_100.0%MNY_DF,ARM,3547,2014-01-02,2023-09-18,2023-09-19,53.4741,False
3MTH_IMPVOL_100.0%MNY_DF,CEG,2961,2014-01-02,2022-02-09,2022-02-10,34.9792,False
3MTH_IMPVOL_100.0%MNY_DF,UMG,2822,2014-01-02,2021-09-23,2021-09-24,27.2788,False
3MTH_IMPVOL_100.0%MNY_DF,APP,2667,2014-01-02,2021-04-21,2021-04-22,57.9385,False
3MTH_IMPVOL_100.0%MNY_DF,RBLX,2631,2014-01-02,2021-03-16,2021-03-17,127.8309,False
3MTH_IMPVOL_100.0%MNY_DF,ABNB,2541,2014-01-02,2020-12-16,2020-12-17,103.6359,False
3MTH_IMPVOL_100.0%MNY_DF,DASH,2540,2014-01-02,2020-12-15,2020-12-16,81.7741,False
3MTH_IMPVOL_100.0%MNY_DF,PLTR,2470,2014-01-02,2020-10-06,2020-10-07,109.5844,False
3MTH_IMPVOL_100.0%MNY_DF,SNOW,2456,2014-01-02,2020-09-22,2020-09-23,75.8284,False
3MTH_IMPVOL_100.0%MNY_DF,VRT,2260,2014-01-02,2020-03-10,2020-03-11,117.6844,False
3MTH_IMPVOL_100.0%MNY_DF,DDOG,2100,2014-01-02,2019-10-02,2019-10-03,76.4977,False
3MTH_IMPVOL_100.0%MNY_DF,NET,2092,2014-01-02,2019-09-24,2019-09-25,81.0319,False
3MTH_IMPVOL_100.0%MNY_DF,CRWD,1994,2014-01-02,2019-06-18,2019-06-19,80.9725,False
3MTH_IMPVOL_100.0%MNY_DF,UBER,1961,2014-01-02,2019-05-16,2019-05-17,56.0568,False
3MTH_IMPVOL_100.0%MNY_DF,DELL,1826,2014-01-02,2019-01-01,2019-01-02,39.3043,False
3MTH_IMPVOL_100.0%MNY_DF,BE,1698,2014-01-02,2018-08-26,2018-08-27,91.0069,False
3MTH_IMPVOL_100.0%MNY_DF,SPOT,1559,2014-01-02,2018-04-09,2018-04-10,51.8908,False
3MTH_IMPVOL_100.0%MNY_DF,ZS,1544,2014-01-02,2018-03-25,2018-03-26,59.2478,False
3MTH_IMPVOL_100.0%MNY_DF,VST,1233,2014-01-02,2017-05-18,2017-05-19,54.4153,False
3MTH_IMPVOL_100.0%MNY_DF,TTD,1201,2014-01-02,2017-04-16,2017-04-17,37.7887,False
3MTH_IMPVOL_100.0%MNY_DF,HWM,1036,2014-01-02,2016-11-02,2016-11-03,37.6597,False
3MTH_IMPVOL_100.0%MNY_DF,TEAM,718,2014-01-02,2015-12-20,2015-12-21,51.5784,False
3MTH_IMPVOL_100.0%MNY_DF,HPE,670,2014-01-02,2015-11-02,2015-11-03,93.6041,False
3MTH_IMPVOL_100.0%MNY_DF,RACE,666,2014-01-02,2015-10-29,2015-10-30,37.8577,False
3MTH_IMPVOL_100.0%MNY_DF,LITE,581,2014-01-02,2015-08-05,2015-08-06,90.775,False
3MTH_IMPVOL_100.0%MNY_DF,PYPL,565,2014-01-02,2015-07-20,2015-07-21,36.4115,False
3MTH_IMPVOL_100.0%MNY_DF,000660,320,2014-01-02,2014-11-17,2014-11-18,37.8497,False
3MTH_IMPVOL_100.0%MNY_DF,KEYS,306,2014-01-02,2014-11-03,2014-11-04,47.7821,False
3MTH_IMPVOL_100.0%MNY_DF,ANET,211,2014-01-02,2014-07-31,2014-08-01,75.1547,False
3MTH_IMPVOL_100.0%MNY_DF,8316,5,2014-01-02,2014-01-06,2014-01-07,27.3353,False
3MTH_IMPVOL_100.0%MNY_DF,7011,5,2014-01-02,2014-01-06,2014-01-07,28.2097,False
3MTH_IMPVOL_100.0%MNY_DF,9433,5,2014-01-02,2014-01-06,2014-01-07,33.7869,False
3MTH_IMPVOL_100.0%MNY_DF,9432,5,2014-01-02,2014-01-06,2014-01-07,23.1284,False
3MTH_IMPVOL_100.0%MNY_DF,4063,5,2014-01-02,2014-01-06,2014-01-07,26.4566,False
3MTH_IMPVOL_100.0%MNY_DF,8306,5,2014-01-02,2014-01-06,2014-01-07,26.6897,False
3MTH_IMPVOL_100.0%MNY_DF,6981,5,2014-01-02,2014-01-06,2014-01-07,27.3451,False
3MTH_IMPVOL_100.0%MNY_DF,7203,5,2014-01-02,2014-01-06,2014-01-07,25.0666,False
3MTH_IMPVOL_100.0%MNY_DF,7974,5,2014-01-02,2014-01-06,2014-01-07,37.2219,False
3MTH_IMPVOL_100.0%MNY_DF,6857,5,2014-01-02,2014-01-06,2014-01-07,40.1519,False
3MTH_IMPVOL_100.0%MNY_DF,8035,5,2014-01-02,2014-01-06,2014-01-07,37.0055,False
3MTH_IMPVOL_100.0%MNY_DF,6758,5,2014-01-02,2014-01-06,2014-01-07,32.4632,False
3MTH_IMPVOL_100.0%MNY_DF,ABBN,4,2014-01-02,2014-01-05,2014-01-06,17.593,False
3MTH_IMPVOL_100.0%MNY_DF,ROP,4,2014-01-02,2014-01-05,2014-01-06,14.4555,False
3MTH_IMPVOL_100.0%MNY_DF,NOVN,4,2014-01-02,2014-01-05,2014-01-06,14.9851,False
3MTH_IMPVOL_100.0%MNY_DF,NESN,4,2014-01-02,2014-01-05,2014-01-06,12.9716,False
3MTH_IMPVOL_100.0%MNY_DF,ZURN,4,2014-01-02,2014-01-05,2014-01-06,17.0726,False
3MTH_IMPVOL_100.0%MNY_DF,UBSG,4,2014-01-02,2014-01-05,2014-01-06,22.1303,False
3MTH_IMPVOL_100.0%MNY_DF,CFR,4,2014-01-02,2014-01-05,2014-01-06,22.4628,False
3MTH_IMPVOL_100.0%MNY_DF,MU,1,2014-01-02,2014-01-02,2014-01-03,50.399,False
3MTH_IMPVOL_100.0%MNY_DF,MSFT,1,2014-01-02,2014-01-02,2014-01-03,23.6859,False
3MTH_IMPVOL_100.0%MNY_DF,GOOGL,1,2014-01-02,2014-01-02,2014-01-03,21.5812,False
3MTH_IMPVOL_100.0%MNY_DF,TSLA,1,2014-01-02,2014-01-02,2014-01-03,60.9851,False
3MTH_IMPVOL_100.0%MNY_DF,AVGO,1,2014-01-02,2014-01-02,2014-01-03,32.4817,False
3MTH_IMPVOL_100.0%MNY_DF,PANW,1,2014-01-02,2014-01-02,2014-01-03,45.2229,False
3MTH_IMPVOL_100.0%MNY_DF,AMAT,1,2014-01-02,2014-01-02,2014-01-03,25.6531,False
3MTH_IMPVOL_100.0%MNY_DF,LRCX,1,2014-01-02,2014-01-02,2014-01-03,28.0448,False
3MTH_IMPVOL_100.0%MNY_DF,MPC,1,2014-01-02,2014-01-02,2014-01-03,32.8453,False
3MTH_IMPVOL_100.0%MNY_DF,WFC,1,2014-01-02,2014-01-02,2014-01-03,17.0212,False
3MTH_IMPVOL_100.0%MNY_DF,JNJ,1,2014-01-02,2014-01-02,2014-01-03,13.7412,False
3MTH_IMPVOL_100.0%MNY_DF,GLW,1,2014-01-02,2014-01-02,2014-01-03,27.0659,False
3MTH_IMPVOL_100.0%MNY_DF,TER,1,2014-01-02,2014-01-02,2014-01-03,29.8043,False
3MTH_IMPVOL_100.0%MNY_DF,NFLX,1,2014-01-02,2014-01-02,2014-01-03,45.491,False
3MTH_IMPVOL_100.0%MNY_DF,CRM,1,2014-01-02,2014-01-02,2014-01-03,35.5498,False
3MTH_IMPVOL_100.0%MNY_DF,AMD,1,2014-01-02,2014-01-02,2014-01-03,54.0906,False
3MTH_IMPVOL_100.0%MNY_DF,PLD,1,2014-01-02,2014-01-02,2014-01-03,23.0002,False
3MTH_IMPVOL_100.0%MNY_DF,TMUS,1,2014-01-02,2014-01-02,2014-01-03,39.6994,False
3MTH_IMPVOL_100.0%MNY_DF,TSM,1,2014-01-02,2014-01-02,2014-01-03,25.3273,False
3MTH_IMPVOL_100.0%MNY_DF,BAC,1,2014-01-02,2014-01-02,2014-01-03,24.2532,False
3MTH_IMPVOL_100.0%MNY_DF,FN,1,2014-01-02,2014-01-02,2014-01-03,38.49,False
3MTH_IMPVOL_100.0%MNY_DF,TMO,1,2014-01-02,2014-01-02,2014-01-03,23.4897,False
3MTH_IMPVOL_100.0%MNY_DF,BX,1,2014-01-02,2014-01-02,2014-01-03,29.5935,False
3MTH_IMPVOL_100.0%MNY_DF,PWR,1,2014-01-02,2014-01-02,2014-01-03,25.8419,False
3MTH_IMPVOL_100.0%MNY_DF,STX,1,2014-01-02,2014-01-02,2014-01-03,33.7444,False
3MTH_IMPVOL_100.0%MNY_DF,CDNS,1,2014-01-02,2014-01-02,2014-01-03,28.7788,False
3MTH_IMPVOL_100.0%MNY_DF,MRVL,1,2014-01-02,2014-01-02,2014-01-03,40.8523,False
3MTH_IMPVOL_100.0%MNY_DF,KLAC,1,2014-01-02,2014-01-02,2014-01-03,24.2802,False
3MTH_IMPVOL_100.0%MNY_DF,BSX,1,2014-01-02,2014-01-02,2014-01-03,31.9581,False
3MTH_IMPVOL_100.0%MNY_DF,DLR,1,2014-01-02,2014-01-02,2014-01-03,30.1784,False
3MTH_IMPVOL_100.0%MNY_DF,BKNG,1,2014-01-02,2014-01-02,2014-01-03,31.1698,False
3MTH_IMPVOL_100.0%MNY_DF,PM,1,2014-01-02,2014-01-02,2014-01-03,14.8123,False
3MTH_IMPVOL_100.0%MNY_DF,WMB,1,2014-01-02,2014-01-02,2014-01-03,25.2891,False
3MTH_IMPVOL_100.0%MNY_DF,CSCO,1,2014-01-02,2014-01-02,2014-01-03,22.6526,False
3MTH_IMPVOL_100.0%MNY_DF,INTC,1,2014-01-02,2014-01-02,2014-01-03,20.7187,False
3MTH_IMPVOL_100.0%MNY_DF,META,1,2014-01-02,2014-01-02,2014-01-03,46.8827,False
3MTH_IMPVOL_100.0%MNY_DF,AAPL,1,2014-01-02,2014-01-02,2014-01-03,28.7389,False
3MTH_IMPVOL_100.0%MNY_DF,GS,1,2014-01-02,2014-01-02,2014-01-03,20.1452,False
3MTH_IMPVOL_100.0%MNY_DF,COST,1,2014-01-02,2014-01-02,2014-01-03,16.5326,False
3MTH_IMPVOL_100.0%MNY_DF,HD,1,2014-01-02,2014-01-02,2014-01-03,19.2458,False
3MTH_IMPVOL_100.0%MNY_DF,PG,1,2014-01-02,2014-01-02,2014-01-03,16.1932,False
3MTH_IMPVOL_100.0%MNY_DF,MCD,1,2014-01-02,2014-01-02,2014-01-03,12.9335,False
3MTH_IMPVOL_100.0%MNY_DF,WMT,1,2014-01-02,2014-01-02,2014-01-03,13.3383,False
3MTH_IMPVOL_100.0%MNY_DF,CAT,1,2014-01-02,2014-01-02,2014-01-03,19.696,False
3MTH_IMPVOL_100.0%MNY_DF,HON,1,2014-01-02,2014-01-02,2014-01-03,17.7886,False
3MTH_IMPVOL_100.0%MNY_DF,DE,1,2014-01-02,2014-01-02,2014-01-03,18.8319,False
3MTH_IMPVOL_100.0%MNY_DF,UNP,1,2014-01-02,2014-01-02,2014-01-03,17.5478,False
3MTH_IMPVOL_100.0%MNY_DF,LMT,1,2014-01-02,2014-01-02,2014-01-03,18.9844,False
3MTH_IMPVOL_100.0%MNY_DF,ETN,1,2014-01-02,2014-01-02,2014-01-03,23.0035,False
3MTH_IMPVOL_100.0%MNY_DF,XOM,1,2014-01-02,2014-01-02,2014-01-03,15.4446,False
3MTH_IMPVOL_100.0%MNY_DF,LNG,1,2014-01-02,2014-01-02,2014-01-03,44.2903,False
3MTH_IMPVOL_100.0%MNY_DF,FCX,1,2014-01-02,2014-01-02,2014-01-03,25.312,False
3MTH_IMPVOL_100.0%MNY_DF,LIN,1,2014-01-02,2014-01-02,2014-01-03,15.6487,False
3MTH_IMPVOL_100.0%MNY_DF,NEE,1,2014-01-02,2014-01-02,2014-01-03,16.7409,False
3MTH_IMPVOL_100.0%MNY_DF,AMT,1,2014-01-02,2014-01-02,2014-01-03,19.5749,False
3MTH_IMPVOL_100.0%MNY_DF,EQIX,1,2014-01-02,2014-01-02,2014-01-03,32.1116,False
3MTH_IMPVOL_100.0%MNY_DF,NVDA,1,2014-01-02,2014-01-02,2014-01-03,27.5023,False
3MTH_IMPVOL_100.0%MNY_DF,AMZN,1,2014-01-02,2014-01-02,2014-01-03,31.6396,False
3MTH_IMPVOL_100.0%MNY_DF,005930,1,2014-01-02,2014-01-02,2014-01-03,21.8524,False
3MTH_IMPVOL_100.0%MNY_DF,UNH,1,2014-01-02,2014-01-02,2014-01-03,22.3194,False
3MTH_IMPVOL_100.0%MNY_DF,LLY,1,2014-01-02,2014-01-02,2014-01-03,16.6921,False
3MTH_IMPVOL_100.0%MNY_DF,ISRG,1,2014-01-02,2014-01-02,2014-01-03,32.112,False
3MTH_IMPVOL_100.0%MNY_DF,ABBV,1,2014-01-02,2014-01-02,2014-01-03,24.581,False
3MTH_IMPVOL_100.0%MNY_DF,REGN,1,2014-01-02,2014-01-02,2014-01-03,43.4726,False
3MTH_IMPVOL_100.0%MNY_DF,JPM,1,2014-01-02,2014-01-02,2014-01-03,20.3343,False
3MTH_IMPVOL_100.0%MNY_DF,V,1,2014-01-02,2014-01-02,2014-01-03,23.8079,False
3MTH_IMPVOL_100.0%MNY_DF,MA,1,2014-01-02,2014-01-02,2014-01-03,25.4221,False
3MTH_IMPVOL_100.0%MNY_DF,BLK,1,2014-01-02,2014-01-02,2014-01-03,22.8964,False
3MTH_IMPVOL_100.0%MNY_DF,SPGI,1,2014-01-02,2014-01-02,2014-01-03,26.4695,False
3MTH_IMPVOL_100.0%MNY_DF,CS,1,2014-01-02,2014-01-02,2014-01-03,26.0084,False
3MTH_IMPVOL_100.0%MNY_DF,LSEG,1,2014-01-02,2014-01-02,2014-01-03,23.241,False
3MTH_IMPVOL_100.0%MNY_DF,C,1,2014-01-02,2014-01-02,2014-01-03,23.3166,False
3MTH_IMPVOL_100.0%MNY_DF,BN,1,2014-01-02,2014-01-02,2014-01-03,19.7128,False
3MTH_IMPVOL_100.0%MNY_DF,CME,1,2014-01-02,2014-01-02,2014-01-03,22.799,False
3MTH_IMPVOL_100.0%MNY_DF,KKR,1,2014-01-02,2014-01-02,2014-01-03,27.2601,False
3MTH_IMPVOL_100.0%MNY_DF,AON,1,2014-01-02,2014-01-02,2014-01-03,22.2625,False
3MTH_IMPVOL_100.0%MNY_DF,PGR,1,2014-01-02,2014-01-02,2014-01-03,17.3182,False
3MTH_IMPVOL_100.0%MNY_DF,IFX,1,2014-01-02,2014-01-02,2014-01-03,24.3897,False
3MTH_IMPVOL_100.0%MNY_DF,AXP,1,2014-01-02,2014-01-02,2014-01-03,19.3691,False
3MTH_IMPVOL_100.0%MNY_DF,SCHW,1,2014-01-02,2014-01-02,2014-01-03,25.9476,False
3MTH_IMPVOL_100.0%MNY_DF,MS,1,2014-01-02,2014-01-02,2014-01-03,26.4073,False
3MTH_IMPVOL_100.0%MNY_DF,ADI,1,2014-01-02,2014-01-02,2014-01-03,20.4293,False
3MTH_IMPVOL_100.0%MNY_DF,NOW,1,2014-01-02,2014-01-02,2014-01-03,41.7552,False
3MTH_IMPVOL_100.0%MNY_DF,ACN,1,2014-01-02,2014-01-02,2014-01-03,18.0377,False
3MTH_IMPVOL_100.0%MNY_DF,IBM,1,2014-01-02,2014-01-02,2014-01-03,18.4755,False
3MTH_IMPVOL_100.0%MNY_DF,HSBA,1,2014-01-02,2014-01-02,2014-01-03,17.3604,False
3MTH_IMPVOL_100.0%MNY_DF,SHEL,1,2014-01-02,2014-01-02,2014-01-03,14.48,False
3MTH_IMPVOL_100.0%MNY_DF,AZN,1,2014-01-02,2014-01-02,2014-01-03,14.7401,False
3MTH_IMPVOL_100.0%MNY_DF,ADBE,1,2014-01-02,2014-01-02,2014-01-03,24.8645,False
3MTH_IMPVOL_100.0%MNY_DF,TXN,1,2014-01-02,2014-01-02,2014-01-03,19.8388,False
3MTH_IMPVOL_100.0%MNY_DF,QCOM,1,2014-01-02,2014-01-02,2014-01-03,19.7926,False
3MTH_IMPVOL_100.0%MNY_DF,RIO,1,2014-01-02,2014-01-02,2014-01-03,25.3713,False
3MTH_IMPVOL_100.0%MNY_DF,NOVOB,1,2014-01-02,2014-01-02,2014-01-03,24.1045,False
3MTH_IMPVOL_100.0%MNY_DF,SAP,1,2014-01-02,2014-01-02,2014-01-03,18.4078,False
3MTH_IMPVOL_100.0%MNY_DF,RR/,1,2014-01-02,2014-01-02,2014-01-03,23.4013,False
3MTH_IMPVOL_100.0%MNY_DF,MC,1,2014-01-02,2014-01-02,2014-01-03,20.5523,False
3MTH_IMPVOL_100.0%MNY_DF,ASML,1,2014-01-02,2014-01-02,2014-01-03,27.0781,False
3MTH_IMPVOL_100.0%MNY_DF,SU,1,2014-01-02,2014-01-02,2014-01-03,26.0418,False
3MTH_IMPVOL_100.0%MNY_DF,SIE,1,2014-01-02,2014-01-02,2014-01-03,18.9442,False
3MTH_IMPVOL_100.0%MNY_DF,RHM,1,2014-01-02,2014-01-02,2014-01-03,26.2173,False
3MTH_IMPVOL_100.0%MNY_DF,ALV,1,2014-01-02,2014-01-02,2014-01-03,19.0043,False
3MTH_IMPVOL_100.0%MNY_DF,MPWR,1,2014-01-02,2014-01-02,2014-01-03,36.0199,False
3MTH_IMPVOL_100.0%MNY_DF,ORCL,1,2014-01-02,2014-01-02,2014-01-03,21.6389,False
3MTH_IMPVOL_100.0%MNY_DF,SNPS,1,2014-01-02,2014-01-02,2014-01-03,18.6999,False
3MTH_IMPVOL_100.0%MNY_DF,INTU,1,2014-01-02,2014-01-02,2014-01-03,19.5175,False
3MTH_IMPVOL_100.0%MNY_DF,MSI,1,2014-01-02,2014-01-02,2014-01-03,19.5059,False
3MTH_IMPVOL_100.0%MNY_DF,APH,1,2014-01-02,2014-01-02,2014-01-03,20.7618,False
3MTH_IMPVOL_100.0%MNY_DF,ECL,1,2014-01-02,2014-01-02,2014-01-03,17.7341,False
3MTH_IMPVOL_100.0%MNY_DF,ULVR,1,2014-01-02,2014-01-02,2014-01-03,16.6919,False
3MTH_IMPVOL_100.0%MNY_DF,FTNT,1,2014-01-02,2014-01-02,2014-01-03,46.9688,False
3MTH_IMPVOL_100.0%MNY_DF,WDC,1,2014-01-02,2014-01-02,2014-01-03,32.7575,False
3MTH_IMPVOL_100.0%MNY_DF,WDAY,1,2014-01-02,2014-01-02,2014-01-03,38.4662,False
3MTH_IMPVOL_100.0%MNY_DF,DSY,1,2014-01-02,2014-01-02,2014-01-03,18.3375,False
3MTH_IMPVOL_100.0%MNY_DF,IBE,1,2014-01-02,2014-01-02,2014-01-03,21.2042,False
3MTH_IMPVOL_100.0%MNY_DF,AI,1,2014-01-02,2014-01-02,2014-01-03,17.4195,False
3MTH_IMPVOL_100.0%MNY_DF,CMCSA,1,2014-01-02,2014-01-02,2014-01-03,22.3275,False
3MTH_IMPVOL_100.0%MNY_DF,VZ,1,2014-01-02,2014-01-02,2014-01-03,17.6606,False
3MTH_IMPVOL_100.0%MNY_DF,ITX,1,2014-01-02,2014-01-02,2014-01-03,22.0735,False
3MTH_IMPVOL_100.0%MNY_DF,ABT,1,2014-01-02,2014-01-02,2014-01-03,18.6793,False
3MTH_IMPVOL_100.0%MNY_DF,VRTX,1,2014-01-02,2014-01-02,2014-01-03,41.4697,False
3MTH_IMPVOL_100.0%MNY_DF,DHR,1,2014-01-02,2014-01-02,2014-01-03,18.1246,False
3MTH_IMPVOL_100.0%MNY_DF,SAN,1,2014-01-02,2014-01-02,2014-01-03,21.5806,False
3MTH_IMPVOL_100.0%MNY_DF,GE,1,2014-01-02,2014-01-02,2014-01-03,18.0339,False
3MTH_IMPVOL_100.0%MNY_DF,TT,1,2014-01-02,2014-01-02,2014-01-03,22.7007,False
3MTH_IMPVOL_100.0%MNY_DF,KO,1,2014-01-02,2014-01-02,2014-01-03,15.0242,False
3MTH_IMPVOL_100.0%MNY_DF,PUB,1,2014-01-02,2014-01-02,2014-01-03,24.1772,False
3MTH_IMPVOL_100.0%MNY_DF,TTWO,1,2014-01-02,2014-01-02,2014-01-03,41.0885,False
3MTH_IMPVOL_100.0%MNY_DF,T,1,2014-01-02,2014-01-02,2014-01-03,14.9105,False
3MTH_IMPVOL_100.0%MNY_DF,DTE,1,2014-01-02,2014-01-02,2014-01-03,21.7123,False
3MTH_IMPVOL_100.0%MNY_DF,TJX,1,2014-01-02,2014-01-02,2014-01-03,20.2203,False
3MTH_IMPVOL_100.0%MNY_DF,LOW,1,2014-01-02,2014-01-02,2014-01-03,23.998,False
3MTH_IMPVOL_100.0%MNY_DF,SBUX,1,2014-01-02,2014-01-02,2014-01-03,23.7532,False
3MTH_IMPVOL_100.0%MNY_DF,DIS,1,2014-01-02,2014-01-02,2014-01-03,20.6742,False
3MTH_IMPVOL_100.0%MNY_DF,ORLY,1,2014-01-02,2014-01-02,2014-01-03,23.756,False
3MTH_IMPVOL_100.0%MNY_DF,NKE,1,2014-01-02,2014-01-02,2014-01-03,21.3131,False
3MTH_IMPVOL_100.0%MNY_DF,MCK,1,2014-01-02,2014-01-02,2014-01-03,24.1865,False
3MTH_IMPVOL_100.0%MNY_DF,SYK,1,2014-01-02,2014-01-02,2014-01-03,18.1423,False
3MTH_IMPVOL_100.0%MNY_DF,MRK,1,2014-01-02,2014-01-02,2014-01-03,16.8541,False
3MTH_IMPVOL_100.0%MNY_DF,AMGN,1,2014-01-02,2014-01-02,2014-01-03,23.4634,False
3MTH_IMPVOL_100.0%MNY_DF,SAF,1,2014-01-02,2014-01-02,2014-01-03,23.9641,False
3MTH_IMPVOL_100.0%MNY_DF,AIR,1,2014-01-02,2014-01-02,2014-01-03,26.5165,False
3MTH_IMPVOL_100.0%MNY_DF,BNP,1,2014-01-02,2014-01-02,2014-01-03,26.1526,False
3MTH_IMPVOL_100.0%MNY_DF,AXON,1,2014-01-02,2014-01-02,2014-01-03,54.2979,False
3MTH_IMPVOL_100.0%MNY_DF,EMR,1,2014-01-02,2014-01-02,2014-01-03,17.5364,False
3MTH_IMPVOL_100.0%MNY_DF,RTX,1,2014-01-02,2014-01-02,2014-01-03,17.0461,False
3MTH_IMPVOL_100.0%MNY_DF,COF,1,2014-01-02,2014-01-02,2014-01-03,20.413,False
3MTH_IMPVOL_100.0%MNY_DF,MUV2,1,2014-01-02,2014-01-02,2014-01-03,18.537,False
3MTH_IMPVOL_100.0%MNY_DF,ICE,1,2014-01-02,2014-01-02,2014-01-03,21.5076,False
3MTH_IMPVOL_100.0%MNY_DF,MCO,1,2014-01-02,2014-01-02,2014-01-03,27.128,False
3MTH_IMPVOL_100.0%MNY_DF,NXPI,1,2014-01-02,2014-01-02,2014-01-03,34.0921,False
3MTH_IMPVOL_100.0%MNY_DF,ADSK,1,2014-01-02,2014-01-02,2014-01-03,30.7493,False
3MTH_IMPVOL_100.0%MNY_DF,CB,1,2014-01-02,2014-01-02,2014-01-03,17.1106,False
3MTH_IMPVOL_100.0%MNY_DF,BRK/B,1,2014-01-02,2014-01-02,2014-01-03,14.6716,False
3MTH_IMPVOL_100.0%MNY_DF,SHW,1,2014-01-02,2014-01-02,2014-01-03,24.8592,False
3MTH_IMPVOL_100.0%MNY_DF,COHR,1,2014-01-02,2014-01-02,2014-01-03,28.7662,False
3MTH_IMPVOL_100.0%MNY_DF,FICO,1,2014-01-02,2014-01-02,2014-01-03,24.7587,False
3MTH_IMPVOL_100.0%MNY_DF,ON,1,2014-01-02,2014-01-02,2014-01-03,35.0933,False
3MTH_IMPVOL_100.0%MNY_DF,VRSN,1,2014-01-02,2014-01-02,2014-01-03,21.1203,False
3MTH_IMPVOL_100.0%MNY_DF,SO,1,2014-01-02,2014-01-02,2014-01-03,14.9202,False
3MTH_IMPVOL_100.0%MNY_DF,TTE,1,2014-01-02,2014-01-02,2014-01-03,17.1138,False
3MTH_IMPVOL_100.0%MNY_DF,NEM,1,2014-01-02,2014-01-02,2014-01-03,37.6419,False
3MTH_IMPVOL_100.0%MNY_DF,CVX,1,2014-01-02,2014-01-02,2014-01-03,14.513,False
3MTH_IMPVOL_100.0%MNY_DF,MDLZ,1,2014-01-02,2014-01-02,2014-01-03,19.4295,False
3MTH_IMPVOL_100.0%MNY_DF,OR,1,2014-01-02,2014-01-02,2014-01-03,21.195,False
3MTH_IMPVOL_100.0%MNY_DF,PEP,1,2014-01-02,2014-01-02,2014-01-03,14.4342,False
3MTH_IMPVOL_100.0%MNY_DF,UCG,1,2014-01-02,2014-01-02,2014-01-03,30.955,False
3MTH_IMPVOL_100.0%MNY_DF,IBKR,1,2014-01-02,2014-01-02,2014-01-03,26.6348,False
3MTH_IMPVOL_100.0%MNY_DF,BNY,1,2014-01-02,2014-01-02,2014-01-03,20.434,False
3MTH_IMPVOL_100.0%MNY_DF,MSCI,1,2014-01-02,2014-01-02,2014-01-03,23.2092,False
3MTH_IMPVOL_100.0%MNY_DF,MRSH,1,2014-01-02,2014-01-02,2014-01-03,16.8021,False
3MTH_IMPVOL_100.0%MNY_DF,APO,1,2014-01-02,2014-01-02,2014-01-03,31.7545,False
3MTH_IMPVOL_100.0%MNY_DF,ASM,1,2014-01-02,2014-01-02,2014-01-03,22.053,False
3MTH_IMPVOL_100.0%MNY_DF,WM,1,2014-01-02,2014-01-02,2014-01-03,14.9725,False
3MTH_IMPVOL_100.0%MNY_DF,PH,1,2014-01-02,2014-01-02,2014-01-03,22.1588,False
3MTH_IMPVOL_100.0%MNY_DF,GILD,1,2014-01-02,2014-01-02,2014-01-03,34.3003,False
3MTH_IMPVOL_100.0%MNY_DF,MDT,1,2014-01-02,2014-01-02,2014-01-03,17.1,False
3MTH_IMPVOL_100.0%MNY_DF,PFE,1,2014-01-02,2014-01-02,2014-01-03,16.1188,False
3MTH_IMPVOL_100.0%MNY_DF,HCA,1,2014-01-02,2014-01-02,2014-01-03,28.2418,False
3MTH_IMPVOL_100.0%MNY_DF,ZTS,1,2014-01-02,2014-01-02,2014-01-03,22.1528,False
3MTH_IMPVOL_100.0%MNY_DF,REL,1,2014-01-02,2014-01-02,2014-01-03,17.173,False
3MTH_IMPVOL_100.0%MNY_DF,ADP,1,2014-01-02,2014-01-02,2014-01-03,15.5701,False
3MTH_IMPVOL_100.0%MNY_DF,CMG,1,2014-01-02,2014-01-02,2014-01-03,29.1477,False
3MTH_IMPVOL_100.0%MNY_DF,RMS,1,2014-01-02,2014-01-02,2014-01-03,19.1712,False
3MTH_IMPVOL_100.0%MNY_DF,GM,1,2014-01-02,2014-01-02,2014-01-03,28.7904,False
3MTH_IMPVOL_100.0%MNY_DF,MAR,1,2014-01-02,2014-01-02,2014-01-03,20.3391,False
3MTH_IMPVOL_100.0%MNY_DF,LYV,1,2014-01-02,2014-01-02,2014-01-03,30.4613,False
3MTH_IMPVOL_100.0%MNY_DF,TKO,1,2014-01-02,2014-01-02,2014-01-03,37.9795,False
3MTH_IMPVOL_100.0%MNY_DF,MO,1,2014-01-02,2014-01-02,2014-01-03,13.709,False
3MTH_IMPVOL_100.0%MNY_DF,GRMN,1,2014-01-02,2014-01-02,2014-01-03,27.3567,False
3MTH_IMPVOL_100.0%MNY_DF,CL,1,2014-01-02,2014-01-02,2014-01-03,16.1753,False
3MTH_IMPVOL_100.0%MNY_DF,MNST,1,2014-01-02,2014-01-02,2014-01-03,32.2874,False
3MTH_IMPVOL_100.0%MNY_DF,SLB,1,2014-01-02,2014-01-02,2014-01-03,22.1462,False
3MTH_IMPVOL_100.0%MNY_DF,COP,1,2014-01-02,2014-01-02,2014-01-03,16.729,False
3MTH_IMPVOL_100.0%MNY_DF,APD,1,2014-01-02,2014-01-02,2014-01-03,21.7529,False
3MTH_IMPVOL_100.0%MNY_DF,NRG,1,2014-01-02,2014-01-02,2014-01-03,28.6699,False
3MTH_IMPVOL_100.0%MNY_DF,ENEL,1,2014-01-02,2014-01-02,2014-01-03,26.4153,False
3MTH_IMPVOL_100.0%MNY_DF,WELL,1,2014-01-02,2014-01-02,2014-01-03,21.1763,False
BEST_CALCULATED_FCF,SNDK,4131,2014-01-01,2025-04-23,2025-04-24,243.966,False
BEST_CALCULATED_FCF,285A,4069,2014-01-01,2025-02-20,2025-02-21,164622.864,False
BEST_CALCULATED_FCF,BNP,3921,2014-01-01,2024-09-25,2024-09-26,10763.525,False
BEST_CALCULATED_FCF,ALV,3899,2014-01-01,2024-09-03,2024-09-04,7183.043,False
BEST_CALCULATED_FCF,GEV,3759,2014-01-01,2024-04-16,2024-04-17,1158.925,False
BEST_CALCULATED_FCF,RDDT,3758,2014-01-01,2024-04-15,2024-04-16,7.875,False
BEST_CALCULATED_FCF,ARM,3569,2014-01-01,2023-10-09,2023-10-10,992.356,False
BEST_CALCULATED_FCF,IBKR,3563,2014-01-01,2023-10-03,2023-10-04,579.215,False
BEST_CALCULATED_FCF,MS,3494,2014-01-01,2023-07-26,2023-07-27,14726.062,False
BEST_CALCULATED_FCF,UBSG,3107,2014-01-01,2022-07-04,2022-07-05,-2229.273,False
BEST_CALCULATED_FCF,AXON,3051,2014-01-01,2022-05-09,2022-05-10,135.04,False
BEST_CALCULATED_FCF,PGR,3040,2014-01-01,2022-04-28,2022-04-29,3886.524,False
BEST_CALCULATED_FCF,CEG,2974,2014-01-01,2022-02-21,2022-02-22,448.551,False
BEST_CALCULATED_FCF,KKR,2857,2014-01-01,2021-10-27,2021-10-28,11865.0,False
BEST_CALCULATED_FCF,UMG,2827,2014-01-01,2021-09-27,2021-09-28,1079.505,False
BEST_CALCULATED_FCF,APP,2687,2014-01-01,2021-05-10,2021-05-11,345.177,False
BEST_CALCULATED_FCF,BX,2673,2014-01-01,2021-04-26,2021-04-27,2576.129,False
BEST_CALCULATED_FCF,RBLX,2652,2014-01-01,2021-04-05,2021-04-06,67.395,False
BEST_CALCULATED_FCF,ABNB,2561,2014-01-01,2021-01-04,2021-01-05,-685.609,False
BEST_CALCULATED_FCF,DASH,2560,2014-01-01,2021-01-03,2021-01-04,766.15,False
BEST_CALCULATED_FCF,PLTR,2491,2014-01-01,2020-10-26,2020-10-27,104.689,False
BEST_CALCULATED_FCF,SNOW,2477,2014-01-01,2020-10-12,2020-10-13,-46.811,False
BEST_CALCULATED_FCF,VRT,2277,2014-01-01,2020-03-26,2020-03-27,11.282,False
BEST_CALCULATED_FCF,DDOG,2136,2014-01-01,2019-11-06,2019-11-07,-14.217,False
BEST_CALCULATED_FCF,NET,2107,2014-01-01,2019-10-08,2019-10-09,-62.382,False
BEST_CALCULATED_FCF,CRWD,2015,2014-01-01,2019-07-08,2019-07-09,-103.61,False
BEST_CALCULATED_FCF,UBER,1975,2014-01-01,2019-05-29,2019-05-30,-1956.727,False
BEST_CALCULATED_FCF,DELL,1832,2014-01-01,2019-01-06,2019-01-07,5222.135,False
BEST_CALCULATED_FCF,LIN,1771,2014-01-01,2018-11-06,2018-11-07,4338.359,False
BEST_CALCULATED_FCF,FICO,1735,2014-01-01,2018-10-01,2018-10-02,40.133,False
BEST_CALCULATED_FCF,BE,1693,2014-01-01,2018-08-20,2018-08-21,-26.998,False
BEST_CALCULATED_FCF,C,1581,2014-01-01,2018-04-30,2018-05-01,-8144.499,False
BEST_CALCULATED_FCF,ZS,1561,2014-01-01,2018-04-10,2018-04-11,-22.571,False
BEST_CALCULATED_FCF,SPOT,1555,2014-01-01,2018-04-04,2018-04-05,-235.393,False
BEST_CALCULATED_FCF,COHR,1539,2014-01-01,2018-03-19,2018-03-20,-47.173,False
BEST_CALCULATED_FCF,LNG,1465,2014-01-01,2018-01-04,2018-01-05,-973.421,False
BEST_CALCULATED_FCF,TTD,1381,2014-01-01,2017-10-12,2017-10-13,56.144,False
BEST_CALCULATED_FCF,VST,1227,2014-01-01,2017-05-11,2017-05-12,870.48,False
BEST_CALCULATED_FCF,HWM,1127,2014-01-01,2017-01-31,2017-02-01,1571.213,False
BEST_CALCULATED_FCF,TEAM,734,2014-01-01,2016-01-04,2016-01-05,5.658,False
BEST_CALCULATED_FCF,RACE,685,2014-01-01,2015-11-16,2015-11-17,331.677,False
BEST_CALCULATED_FCF,HPE,673,2014-01-01,2015-11-04,2015-11-05,1321.918,False
BEST_CALCULATED_FCF,LITE,581,2014-01-01,2015-08-04,2015-08-05,35.464,False
BEST_CALCULATED_FCF,PYPL,562,2014-01-01,2015-07-16,2015-07-17,1190.731,False
BEST_CALCULATED_FCF,TKO,366,2014-01-01,2015-01-01,2015-01-02,-10.495,False
BEST_CALCULATED_FCF,KEYS,321,2014-01-01,2014-11-17,2014-11-18,326.948,False
BEST_CALCULATED_FCF,LSEG,203,2014-01-01,2014-07-22,2014-07-23,285.212,False
BEST_CALCULATED_FCF,ANET,182,2014-01-01,2014-07-01,2014-07-02,11.874,False
BEST_CALCULATED_FCF,APO,180,2014-01-01,2014-06-29,2014-06-30,459.958,False
BEST_CALCULATED_FCF,BLK,107,2014-01-01,2014-04-17,2014-04-18,3170.2,False
BEST_CALCULATED_FCF,AXP,107,2014-01-01,2014-04-17,2014-04-18,6999.748,False
BEST_CALCULATED_FCF,GRMN,51,2014-01-01,2014-02-20,2014-02-21,555.536,False
BEST_CALCULATED_FCF,TSLA,51,2014-01-01,2014-02-20,2014-02-21,40.335,False
BEST_CALCULATED_FCF,ZTS,42,2014-01-01,2014-02-11,2014-02-12,655.184,False
BEST_CALCULATED_FCF,MPWR,40,2014-01-01,2014-02-09,2014-02-10,80.04,False
BEST_CALCULATED_FCF,LYV,37,2014-01-01,2014-02-06,2014-02-07,271.525,False
BEST_CALCULATED_FCF,NXPI,37,2014-01-01,2014-02-06,2014-02-07,1086.032,False
BEST_CALCULATED_FCF,CDNS,30,2014-01-01,2014-01-30,2014-01-31,293.529,False
BEST_CALCULATED_FCF,ISRG,26,2014-01-01,2014-01-26,2014-01-27,721.554,False
BEST_CALCULATED_FCF,UNP,23,2014-01-01,2014-01-23,2014-01-24,3766.394,False
BEST_CALCULATED_FCF,WELL,15,2014-01-01,2014-01-15,2014-01-16,2112.626,False
BEST_CALCULATED_FCF,ON,9,2014-01-01,2014-01-09,2014-01-10,363.393,False
BEST_CALCULATED_FCF,CMG,8,2014-01-01,2014-01-08,2014-01-09,367.191,False
BEST_CALCULATED_FCF,WM,7,2014-01-01,2014-01-07,2014-01-08,1251.983,False
BEST_CALCULATED_FCF,ASM,6,2014-01-01,2014-01-06,2014-01-07,78.783,False
BEST_CALCULATED_FCF,FN,1,2014-01-01,2014-01-01,2014-01-02,62.138,False
BEST_CALCULATED_FCF,PANW,1,2014-01-01,2014-01-01,2014-01-02,91.577,False
BEST_CALCULATED_FCF,AMAT,1,2014-01-01,2014-01-01,2014-01-02,1772.479,False
BEST_CALCULATED_FCF,LRCX,1,2014-01-01,2014-01-01,2014-01-02,708.133,False
BEST_CALCULATED_FCF,ORCL,1,2014-01-01,2014-01-01,2014-01-02,14728.159,False
BEST_CALCULATED_FCF,INTC,1,2014-01-01,2014-01-01,2014-01-02,7024.936,False
BEST_CALCULATED_FCF,KLAC,1,2014-01-01,2014-01-01,2014-01-02,704.09,False
BEST_CALCULATED_FCF,EQIX,1,2014-01-01,2014-01-01,2014-01-02,108.542,False
BEST_CALCULATED_FCF,NEE,1,2014-01-01,2014-01-01,2014-01-02,-708.701,False
BEST_CALCULATED_FCF,FCX,1,2014-01-01,2014-01-01,2014-01-02,1649.831,False
BEST_CALCULATED_FCF,ETN,1,2014-01-01,2014-01-01,2014-01-02,2507.705,False
BEST_CALCULATED_FCF,XOM,1,2014-01-01,2014-01-01,2014-01-02,18743.054,False
BEST_CALCULATED_FCF,LMT,1,2014-01-01,2014-01-01,2014-01-02,3541.754,False
BEST_CALCULATED_FCF,CAT,1,2014-01-01,2014-01-01,2014-01-02,3454.861,False
BEST_CALCULATED_FCF,HON,1,2014-01-01,2014-01-01,2014-01-02,3963.896,False
BEST_CALCULATED_FCF,DE,1,2014-01-01,2014-01-01,2014-01-02,2589.163,False
BEST_CALCULATED_FCF,MCD,1,2014-01-01,2014-01-01,2014-01-02,4763.191,False
BEST_CALCULATED_FCF,PG,1,2014-01-01,2014-01-01,2014-01-02,10930.802,False
BEST_CALCULATED_FCF,HD,1,2014-01-01,2014-01-01,2014-01-02,6865.54,False
BEST_CALCULATED_FCF,WMT,1,2014-01-01,2014-01-01,2014-01-02,15656.407,False
BEST_CALCULATED_FCF,COST,1,2014-01-01,2014-01-01,2014-01-02,1259.168,False
BEST_CALCULATED_FCF,V,1,2014-01-01,2014-01-01,2014-01-02,7637.39,False
BEST_CALCULATED_FCF,TMUS,1,2014-01-01,2014-01-01,2014-01-02,275.692,False
BEST_CALCULATED_FCF,AMT,1,2014-01-01,2014-01-01,2014-01-02,1294.391,False
BEST_CALCULATED_FCF,SPGI,1,2014-01-01,2014-01-01,2014-01-02,1120.235,False
BEST_CALCULATED_FCF,MA,1,2014-01-01,2014-01-01,2014-01-02,4100.13,False
BEST_CALCULATED_FCF,AMZN,1,2014-01-01,2014-01-01,2014-01-02,2525.595,False
BEST_CALCULATED_FCF,NVDA,1,2014-01-01,2014-01-01,2014-01-02,613.386,False
BEST_CALCULATED_FCF,GOOGL,1,2014-01-01,2014-01-01,2014-01-02,17355.423,False
BEST_CALCULATED_FCF,MSFT,1,2014-01-01,2014-01-01,2014-01-02,23034.248,False
BEST_CALCULATED_FCF,AAPL,1,2014-01-01,2014-01-01,2014-01-02,40112.991,False
BEST_CALCULATED_FCF,META,1,2014-01-01,2014-01-01,2014-01-02,2511.753,False
BEST_CALCULATED_FCF,AVGO,1,2014-01-01,2014-01-01,2014-01-02,772.231,False
BEST_CALCULATED_FCF,UNH,1,2014-01-01,2014-01-01,2014-01-02,5993.398,False
BEST_CALCULATED_FCF,ABBV,1,2014-01-01,2014-01-01,2014-01-02,5894.538,False
BEST_CALCULATED_FCF,LLY,1,2014-01-01,2014-01-01,2014-01-02,3738.89,False
BEST_CALCULATED_FCF,REGN,1,2014-01-01,2014-01-01,2014-01-02,1052.353,False
BEST_CALCULATED_FCF,005930,1,2014-01-01,2014-01-01,2014-01-02,20149622.478,False
BEST_CALCULATED_FCF,MU,1,2014-01-01,2014-01-01,2014-01-02,1732.603,False
BEST_CALCULATED_FCF,000660,1,2014-01-01,2014-01-01,2014-01-02,3014581.492,False
BEST_CALCULATED_FCF,IFX,1,2014-01-01,2014-01-01,2014-01-02,264.335,False
BEST_CALCULATED_FCF,8035,1,2014-01-01,2014-01-01,2014-01-02,35326.216,False
BEST_CALCULATED_FCF,IBM,1,2014-01-01,2014-01-01,2014-01-02,19296.702,False
BEST_CALCULATED_FCF,ADI,1,2014-01-01,2014-01-01,2014-01-02,739.085,False
BEST_CALCULATED_FCF,ACN,1,2014-01-01,2014-01-01,2014-01-02,3274.624,False
BEST_CALCULATED_FCF,NOW,1,2014-01-01,2014-01-01,2014-01-02,37.024,False
BEST_CALCULATED_FCF,TXN,1,2014-01-01,2014-01-01,2014-01-02,3143.391,False
BEST_CALCULATED_FCF,ADBE,1,2014-01-01,2014-01-01,2014-01-02,982.501,False
BEST_CALCULATED_FCF,NOVOB,1,2014-01-01,2014-01-01,2014-01-02,25346.405,False
BEST_CALCULATED_FCF,SHEL,1,2014-01-01,2014-01-01,2014-01-02,11763.364,False
BEST_CALCULATED_FCF,QCOM,1,2014-01-01,2014-01-01,2014-01-02,9113.825,False
BEST_CALCULATED_FCF,RIO,1,2014-01-01,2014-01-01,2014-01-02,4884.495,False
BEST_CALCULATED_FCF,AZN,1,2014-01-01,2014-01-01,2014-01-02,5836.124,False
BEST_CALCULATED_FCF,ASML,1,2014-01-01,2014-01-01,2014-01-02,1340.087,False
BEST_CALCULATED_FCF,RR/,1,2014-01-01,2014-01-01,2014-01-02,854.242,False
BEST_CALCULATED_FCF,SAP,1,2014-01-01,2014-01-01,2014-01-02,4337.216,False
BEST_CALCULATED_FCF,DLR,1,2014-01-01,2014-01-01,2014-01-02,224.776,False
BEST_CALCULATED_FCF,SIE,1,2014-01-01,2014-01-01,2014-01-02,5283.913,False
BEST_CALCULATED_FCF,NESN,1,2014-01-01,2014-01-01,2014-01-02,9716.3,False
BEST_CALCULATED_FCF,MC,1,2014-01-01,2014-01-01,2014-01-02,3571.85,False
BEST_CALCULATED_FCF,RHM,1,2014-01-01,2014-01-01,2014-01-02,101.947,False
BEST_CALCULATED_FCF,6857,1,2014-01-01,2014-01-01,2014-01-02,3207.726,False
BEST_CALCULATED_FCF,SU,1,2014-01-01,2014-01-01,2014-01-02,2186.645,False
BEST_CALCULATED_FCF,CSCO,1,2014-01-01,2014-01-01,2014-01-02,11213.35,False
BEST_CALCULATED_FCF,MRVL,1,2014-01-01,2014-01-01,2014-01-02,498.174,False
BEST_CALCULATED_FCF,STX,1,2014-01-01,2014-01-01,2014-01-02,2121.063,False
BEST_CALCULATED_FCF,PWR,1,2014-01-01,2014-01-01,2014-01-02,264.032,False
BEST_CALCULATED_FCF,TMO,1,2014-01-01,2014-01-01,2014-01-02,1953.445,False
BEST_CALCULATED_FCF,BSX,1,2014-01-01,2014-01-01,2014-01-02,982.367,False
BEST_CALCULATED_FCF,BKNG,1,2014-01-01,2014-01-01,2014-01-02,2650.625,False
BEST_CALCULATED_FCF,PM,1,2014-01-01,2014-01-01,2014-01-02,9220.987,False
BEST_CALCULATED_FCF,WMB,1,2014-01-01,2014-01-01,2014-01-02,-3312.961,False
BEST_CALCULATED_FCF,PLD,1,2014-01-01,2014-01-01,2014-01-02,487.928,False
BEST_CALCULATED_FCF,NFLX,1,2014-01-01,2014-01-01,2014-01-02,187.565,False
BEST_CALCULATED_FCF,CRM,1,2014-01-01,2014-01-01,2014-01-02,565.445,False
BEST_CALCULATED_FCF,AMD,1,2014-01-01,2014-01-01,2014-01-02,225.783,False
BEST_CALCULATED_FCF,JNJ,1,2014-01-01,2014-01-01,2014-01-02,16072.089,False
BEST_CALCULATED_FCF,MPC,1,2014-01-01,2014-01-01,2014-01-02,2060.434,False
BEST_CALCULATED_FCF,GLW,1,2014-01-01,2014-01-01,2014-01-02,1590.639,False
BEST_CALCULATED_FCF,TER,1,2014-01-01,2014-01-01,2014-01-02,386.963,False
BEST_CALCULATED_FCF,ULVR,1,2014-01-01,2014-01-01,2014-01-02,3834.724,False
BEST_CALCULATED_FCF,KO,1,2014-01-01,2014-01-01,2014-01-02,8697.947,False
BEST_CALCULATED_FCF,ABBN,1,2014-01-01,2014-01-01,2014-01-02,3838.653,False
BEST_CALCULATED_FCF,TT,1,2014-01-01,2014-01-01,2014-01-02,1233.637,False
BEST_CALCULATED_FCF,GE,1,2014-01-01,2014-01-01,2014-01-02,23163.202,False
BEST_CALCULATED_FCF,SAN,1,2014-01-01,2014-01-01,2014-01-02,7260.333,False
BEST_CALCULATED_FCF,VRTX,1,2014-01-01,2014-01-01,2014-01-02,-337.026,False
BEST_CALCULATED_FCF,SCHW,1,2014-01-01,2014-01-01,2014-01-02,1213.945,False
BEST_CALCULATED_FCF,DTE,1,2014-01-01,2014-01-01,2014-01-02,3682.739,False
BEST_CALCULATED_FCF,7974,1,2014-01-01,2014-01-01,2014-01-02,35607.003,False
BEST_CALCULATED_FCF,TJX,1,2014-01-01,2014-01-01,2014-01-02,2011.844,False
BEST_CALCULATED_FCF,LOW,1,2014-01-01,2014-01-01,2014-01-02,3281.921,False
BEST_CALCULATED_FCF,SBUX,1,2014-01-01,2014-01-01,2014-01-02,1703.402,False
BEST_CALCULATED_FCF,7203,1,2014-01-01,2014-01-01,2014-01-02,1960490.963,False
BEST_CALCULATED_FCF,ITX,1,2014-01-01,2014-01-01,2014-01-02,2441.81,False
BEST_CALCULATED_FCF,ABT,1,2014-01-01,2014-01-01,2014-01-02,3376.711,False
BEST_CALCULATED_FCF,DIS,1,2014-01-01,2014-01-01,2014-01-02,6207.9,False
BEST_CALCULATED_FCF,CMCSA,1,2014-01-01,2014-01-01,2014-01-02,9557.122,False
BEST_CALCULATED_FCF,VZ,1,2014-01-01,2014-01-01,2014-01-02,7992.618,False
BEST_CALCULATED_FCF,T,1,2014-01-01,2014-01-01,2014-01-02,13665.023,False
BEST_CALCULATED_FCF,TTWO,1,2014-01-01,2014-01-01,2014-01-02,177.805,False
BEST_CALCULATED_FCF,PUB,1,2014-01-01,2014-01-01,2014-01-02,841.161,False
BEST_CALCULATED_FCF,AON,1,2014-01-01,2014-01-01,2014-01-02,1740.434,False
BEST_CALCULATED_FCF,CME,1,2014-01-01,2014-01-01,2014-01-02,1291.463,False
BEST_CALCULATED_FCF,MCK,1,2014-01-01,2014-01-01,2014-01-02,2747.301,False
BEST_CALCULATED_FCF,SYK,1,2014-01-01,2014-01-01,2014-01-02,1959.071,False
BEST_CALCULATED_FCF,AMGN,1,2014-01-01,2014-01-01,2014-01-02,6501.039,False
BEST_CALCULATED_FCF,MRK,1,2014-01-01,2014-01-01,2014-01-02,15030.361,False
BEST_CALCULATED_FCF,SAF,1,2014-01-01,2014-01-01,2014-01-02,1003.507,False
BEST_CALCULATED_FCF,AIR,1,2014-01-01,2014-01-01,2014-01-02,793.258,False
BEST_CALCULATED_FCF,RTX,1,2014-01-01,2014-01-01,2014-01-02,6168.132,False
BEST_CALCULATED_FCF,EMR,1,2014-01-01,2014-01-01,2014-01-02,2969.691,False
BEST_CALCULATED_FCF,6981,1,2014-01-01,2014-01-01,2014-01-02,97610.364,False
BEST_CALCULATED_FCF,6146,1,2014-01-01,2014-01-01,2014-01-02,9717.543,False
BEST_CALCULATED_FCF,ICE,1,2014-01-01,2014-01-01,2014-01-02,1067.678,False
BEST_CALCULATED_FCF,MCO,1,2014-01-01,2014-01-01,2014-01-02,915.456,False
BEST_CALCULATED_FCF,WDAY,1,2014-01-01,2014-01-01,2014-01-02,-79.81,False
BEST_CALCULATED_FCF,WDC,1,2014-01-01,2014-01-01,2014-01-02,2217.906,False
BEST_CALCULATED_FCF,FTNT,1,2014-01-01,2014-01-01,2014-01-02,137.488,False
BEST_CALCULATED_FCF,DSY,1,2014-01-01,2014-01-01,2014-01-02,478.918,False
BEST_CALCULATED_FCF,AI,1,2014-01-01,2014-01-01,2014-01-02,1050.901,False
BEST_CALCULATED_FCF,IBE,1,2014-01-01,2014-01-01,2014-01-02,3362.587,False
BEST_CALCULATED_FCF,ECL,1,2014-01-01,2014-01-01,2014-01-02,1270.172,False
BEST_CALCULATED_FCF,INTU,1,2014-01-01,2014-01-01,2014-01-02,1122.215,False
BEST_CALCULATED_FCF,ADSK,1,2014-01-01,2014-01-01,2014-01-02,458.764,False
BEST_CALCULATED_FCF,SNPS,1,2014-01-01,2014-01-01,2014-01-02,329.636,False
BEST_CALCULATED_FCF,APH,1,2014-01-01,2014-01-01,2014-01-02,609.497,False
BEST_CALCULATED_FCF,MSI,1,2014-01-01,2014-01-01,2014-01-02,1005.593,False
BEST_CALCULATED_FCF,DHR,1,2014-01-01,2014-01-01,2014-01-02,3091.675,False
BEST_CALCULATED_FCF,NEM,1,2014-01-01,2014-01-01,2014-01-02,-75.495,False
BEST_CALCULATED_FCF,SHW,1,2014-01-01,2014-01-01,2014-01-02,913.259,False
BEST_CALCULATED_FCF,CVX,1,2014-01-01,2014-01-01,2014-01-02,2774.481,False
BEST_CALCULATED_FCF,OR,1,2014-01-01,2014-01-01,2014-01-02,3012.612,False
BEST_CALCULATED_FCF,MDLZ,1,2014-01-01,2014-01-01,2014-01-02,2195.304,False
BEST_CALCULATED_FCF,TTE,1,2014-01-01,2014-01-01,2014-01-02,4420.195,False
BEST_CALCULATED_FCF,NOVN,1,2014-01-01,2014-01-01,2014-01-02,12667.822,False
BEST_CALCULATED_FCF,MSCI,1,2014-01-01,2014-01-01,2014-01-02,336.272,False
BEST_CALCULATED_FCF,MRSH,1,2014-01-01,2014-01-01,2014-01-02,1369.399,False
BEST_CALCULATED_FCF,VRSN,1,2014-01-01,2014-01-01,2014-01-02,534.199,False
BEST_CALCULATED_FCF,SO,1,2014-01-01,2014-01-01,2014-01-02,-1366.554,False
BEST_CALCULATED_FCF,ORLY,1,2014-01-01,2014-01-01,2014-01-02,593.605,False
BEST_CALCULATED_FCF,NKE,1,2014-01-01,2014-01-01,2014-01-02,2560.472,False
BEST_CALCULATED_FCF,CFR,1,2014-01-01,2014-01-01,2014-01-02,2037.345,False
BEST_CALCULATED_FCF,9432,1,2014-01-01,2014-01-01,2014-01-02,780397.129,False
BEST_CALCULATED_FCF,9433,1,2014-01-01,2014-01-01,2014-01-02,398149.459,False
BEST_CALCULATED_FCF,PEP,1,2014-01-01,2014-01-01,2014-01-02,6932.355,False
BEST_CALCULATED_FCF,GILD,1,2014-01-01,2014-01-01,2014-01-02,6314.893,False
BEST_CALCULATED_FCF,7011,1,2014-01-01,2014-01-01,2014-01-02,94939.041,False
BEST_CALCULATED_FCF,ROP,1,2014-01-01,2014-01-01,2014-01-02,14042.166,False
BEST_CALCULATED_FCF,REL,1,2014-01-01,2014-01-01,2014-01-02,666.613,False
BEST_CALCULATED_FCF,PH,1,2014-01-01,2014-01-01,2014-01-02,1255.12,False
BEST_CALCULATED_FCF,ADP,1,2014-01-01,2014-01-01,2014-01-02,1904.134,False
BEST_CALCULATED_FCF,6758,1,2014-01-01,2014-01-01,2014-01-02,183896.425,False
BEST_CALCULATED_FCF,RMS,1,2014-01-01,2014-01-01,2014-01-02,734.117,False
BEST_CALCULATED_FCF,MDT,1,2014-01-01,2014-01-01,2014-01-02,4369.967,False
BEST_CALCULATED_FCF,HCA,1,2014-01-01,2014-01-01,2014-01-02,1588.765,False
BEST_CALCULATED_FCF,PFE,1,2014-01-01,2014-01-01,2014-01-02,19065.27,False
BEST_CALCULATED_FCF,MAR,1,2014-01-01,2014-01-01,2014-01-02,613.29,False
BEST_CALCULATED_FCF,MO,1,2014-01-01,2014-01-01,2014-01-02,4443.964,False
BEST_CALCULATED_FCF,GM,1,2014-01-01,2014-01-01,2014-01-02,3231.844,False
BEST_CALCULATED_FCF,CL,1,2014-01-01,2014-01-01,2014-01-02,2670.081,False
BEST_CALCULATED_FCF,MNST,1,2014-01-01,2014-01-01,2014-01-02,334.817,False
BEST_CALCULATED_FCF,SLB,1,2014-01-01,2014-01-01,2014-01-02,7215.171,False
BEST_CALCULATED_FCF,COP,1,2014-01-01,2014-01-01,2014-01-02,1084.308,False
BEST_CALCULATED_FCF,APD,1,2014-01-01,2014-01-01,2014-01-02,279.436,False
BEST_CALCULATED_FCF,4063,1,2014-01-01,2014-01-01,2014-01-02,99201.848,False
BEST_CALCULATED_FCF,NRG,1,2014-01-01,2014-01-01,2014-01-02,1112.755,False
BEST_CALCULATED_FCF,ENEL,1,2014-01-01,2014-01-01,2014-01-02,3713.682,False
BEST_CAPEX,BN,4657,2014-01-01,2026-10-01,,-20000.0,True
BEST_CAPEX,BNP,4109,2014-01-01,2025-04-01,2025-04-02,-2216.0,False
BEST_CAPEX,SNDK,4075,2014-01-01,2025-02-26,2025-02-27,-268.13,False
BEST_CAPEX,285A,4069,2014-01-01,2025-02-20,2025-02-21,-274310.345,False
BEST_CAPEX,MUV2,3990,2014-01-01,2024-12-03,2024-12-04,-322.697,False
BEST_CAPEX,CS,3929,2014-01-01,2024-10-03,2024-10-04,-413.172,False
BEST_CAPEX,GEV,3745,2014-01-01,2024-04-02,2024-04-03,-802.023,False
BEST_CAPEX,RDDT,3715,2014-01-01,2024-03-03,2024-03-04,-15.955,False
BEST_CAPEX,ARM,3530,2014-01-01,2023-08-31,2023-09-01,-207.966,False
BEST_CAPEX,MS,3494,2014-01-01,2023-07-26,2023-07-27,-257.153,False
BEST_CAPEX,ALV,3360,2014-01-01,2023-03-14,2023-03-15,-1420.611,False
BEST_CAPEX,BRK/B,3192,2014-01-01,2022-09-27,2022-09-28,-17969.395,False
BEST_CAPEX,IBKR,3124,2014-01-01,2022-07-21,2022-07-22,-61.444,False
BEST_CAPEX,UBSG,3109,2014-01-01,2022-07-06,2022-07-07,-12491.0,False
BEST_CAPEX,PGR,2995,2014-01-01,2022-03-14,2022-03-15,-299.778,False
BEST_CAPEX,CEG,2956,2014-01-01,2022-02-03,2022-02-04,-1730.843,False
BEST_CAPEX,KKR,2856,2014-01-01,2021-10-26,2021-10-27,-20.0,False
BEST_CAPEX,UMG,2828,2014-01-01,2021-09-28,2021-09-29,-360.197,False
BEST_CAPEX,APP,2688,2014-01-01,2021-05-11,2021-05-12,-9.203,False
BEST_CAPEX,BX,2672,2014-01-01,2021-04-25,2021-04-26,-35.0,False
BEST_CAPEX,RBLX,2632,2014-01-01,2021-03-16,2021-03-17,-125.452,False
BEST_CAPEX,AXP,2582,2014-01-01,2021-01-25,2021-01-26,-1074.0,False
BEST_CAPEX,ABNB,2536,2014-01-01,2020-12-10,2020-12-11,-88.126,False
BEST_CAPEX,DASH,2528,2014-01-01,2020-12-02,2020-12-03,-170.977,False
BEST_CAPEX,PLTR,2466,2014-01-01,2020-10-01,2020-10-02,-28.008,False
BEST_CAPEX,SNOW,2466,2014-01-01,2020-10-01,2020-10-02,-63.456,False
BEST_CAPEX,VRT,2261,2014-01-01,2020-03-10,2020-03-11,-77.816,False
BEST_CAPEX,DDOG,2114,2014-01-01,2019-10-15,2019-10-16,-14.878,False
BEST_CAPEX,NET,2107,2014-01-01,2019-10-08,2019-10-09,-48.91,False
BEST_CAPEX,CRWD,2016,2014-01-01,2019-07-09,2019-07-10,-85.458,False
BEST_CAPEX,UBER,1955,2014-01-01,2019-05-09,2019-05-10,-407.839,False
BEST_CAPEX,DELL,1825,2014-01-01,2018-12-30,2018-12-31,-1421.969,False
BEST_CAPEX,LIN,1769,2014-01-01,2018-11-04,2018-11-05,-2528.0,False
BEST_CAPEX,BE,1694,2014-01-01,2018-08-21,2018-08-22,-29.13,False
BEST_CAPEX,C,1582,2014-01-01,2018-05-01,2018-05-02,-31880.333,False
BEST_CAPEX,ZS,1561,2014-01-01,2018-04-10,2018-04-11,-17.628,False
BEST_CAPEX,SPOT,1554,2014-01-01,2018-04-03,2018-04-04,-74.657,False
BEST_CAPEX,VST,1227,2014-01-01,2017-05-11,2017-05-12,-237.632,False
BEST_CAPEX,HWM,1127,2014-01-01,2017-01-31,2017-02-01,-524.368,False
BEST_CAPEX,TTD,1009,2014-01-01,2016-10-05,2016-10-06,-9.764,False
BEST_CAPEX,TKO,817,2014-01-01,2016-03-27,2016-03-28,-43.0,False
BEST_CAPEX,TEAM,735,2014-01-01,2016-01-05,2016-01-06,-45.856,False
BEST_CAPEX,RACE,681,2014-01-01,2015-11-12,2015-11-13,-313.023,False
BEST_CAPEX,HPE,672,2014-01-01,2015-11-03,2015-11-04,-3084.301,False
BEST_CAPEX,LITE,581,2014-01-01,2015-08-04,2015-08-05,-44.124,False
BEST_CAPEX,PYPL,560,2014-01-01,2015-07-14,2015-07-15,-815.374,False
BEST_CAPEX,FICO,397,2014-01-01,2015-02-01,2015-02-02,-20.458,False
BEST_CAPEX,KEYS,308,2014-01-01,2014-11-04,2014-11-05,-82.931,False
BEST_CAPEX,LSEG,191,2014-01-01,2014-07-10,2014-07-11,-97.149,False
BEST_CAPEX,ANET,182,2014-01-01,2014-07-01,2014-07-02,-16.795,False
BEST_CAPEX,APO,180,2014-01-01,2014-06-29,2014-06-30,-8.977,False
BEST_CAPEX,AXON,113,2014-01-01,2014-04-23,2014-04-24,-1.0,False
BEST_CAPEX,BLK,107,2014-01-01,2014-04-17,2014-04-18,-118.375,False
BEST_CAPEX,LNG,105,2014-01-01,2014-04-15,2014-04-16,-2990.483,False
BEST_CAPEX,LYV,37,2014-01-01,2014-02-06,2014-02-07,-113.31,False
BEST_CAPEX,ASM,7,2014-01-01,2014-01-07,2014-01-08,-17.336,False
BEST_CAPEX,CMG,7,2014-01-01,2014-01-07,2014-01-08,-219.0,False
BEST_CAPEX,HON,1,2014-01-01,2014-01-01,2014-01-02,-1196.306,False
BEST_CAPEX,CAT,1,2014-01-01,2014-01-01,2014-01-02,-2871.374,False
BEST_CAPEX,ETN,1,2014-01-01,2014-01-01,2014-01-02,-683.871,False
BEST_CAPEX,LMT,1,2014-01-01,2014-01-01,2014-01-02,-845.387,False
BEST_CAPEX,UNP,1,2014-01-01,2014-01-01,2014-01-02,-3846.865,False
BEST_CAPEX,TSM,1,2014-01-01,2014-01-01,2014-01-02,-306632.727,False
BEST_CAPEX,ORCL,1,2014-01-01,2014-01-01,2014-01-02,-680.815,False
BEST_CAPEX,INTC,1,2014-01-01,2014-01-01,2014-01-02,-10874.531,False
BEST_CAPEX,CSCO,1,2014-01-01,2014-01-01,2014-01-02,-1224.048,False
BEST_CAPEX,FN,1,2014-01-01,2014-01-01,2014-01-02,-7.715,False
BEST_CAPEX,CDNS,1,2014-01-01,2014-01-01,2014-01-02,-36.992,False
BEST_CAPEX,MRVL,1,2014-01-01,2014-01-01,2014-01-02,-71.104,False
BEST_CAPEX,KLAC,1,2014-01-01,2014-01-01,2014-01-02,-78.018,False
BEST_CAPEX,AMAT,1,2014-01-01,2014-01-01,2014-01-02,-210.68,False
BEST_CAPEX,PANW,1,2014-01-01,2014-01-01,2014-01-02,-42.469,False
BEST_CAPEX,MPWR,1,2014-01-01,2014-01-01,2014-01-02,-19.009,False
BEST_CAPEX,NFLX,1,2014-01-01,2014-01-01,2014-01-02,-55.574,False
BEST_CAPEX,JNJ,1,2014-01-01,2014-01-01,2014-01-02,-3190.998,False
BEST_CAPEX,DE,1,2014-01-01,2014-01-01,2014-01-02,-1176.585,False
BEST_CAPEX,TER,1,2014-01-01,2014-01-01,2014-01-02,-108.257,False
BEST_CAPEX,CRM,1,2014-01-01,2014-01-01,2014-01-02,-317.458,False
BEST_CAPEX,AMD,1,2014-01-01,2014-01-01,2014-01-02,-130.706,False
BEST_CAPEX,PLD,1,2014-01-01,2014-01-01,2014-01-02,-151.916,False
BEST_CAPEX,TMUS,1,2014-01-01,2014-01-01,2014-01-02,-4122.233,False
BEST_CAPEX,EQIX,1,2014-01-01,2014-01-01,2014-01-02,-573.532,False
BEST_CAPEX,AMT,1,2014-01-01,2014-01-01,2014-01-02,-556.088,False
BEST_CAPEX,NEE,1,2014-01-01,2014-01-01,2014-01-02,-5544.14,False
BEST_CAPEX,FCX,1,2014-01-01,2014-01-01,2014-01-02,-5932.095,False
BEST_CAPEX,XOM,1,2014-01-01,2014-01-01,2014-01-02,-34903.979,False
BEST_CAPEX,AVGO,1,2014-01-01,2014-01-01,2014-01-02,-211.692,False
BEST_CAPEX,TSLA,1,2014-01-01,2014-01-01,2014-01-02,-260.306,False
BEST_CAPEX,SPGI,1,2014-01-01,2014-01-01,2014-01-02,-97.083,False
BEST_CAPEX,COST,1,2014-01-01,2014-01-01,2014-01-02,-2333.517,False
BEST_CAPEX,HD,1,2014-01-01,2014-01-01,2014-01-02,-1492.133,False
BEST_CAPEX,PG,1,2014-01-01,2014-01-01,2014-01-02,-3986.042,False
BEST_CAPEX,REGN,1,2014-01-01,2014-01-01,2014-01-02,-68.253,False
BEST_CAPEX,LLY,1,2014-01-01,2014-01-01,2014-01-02,-864.203,False
BEST_CAPEX,WMT,1,2014-01-01,2014-01-01,2014-01-02,-12478.083,False
BEST_CAPEX,MCD,1,2014-01-01,2014-01-01,2014-01-02,-2872.556,False
BEST_CAPEX,MU,1,2014-01-01,2014-01-01,2014-01-02,-2994.146,False
BEST_CAPEX,000660,1,2014-01-01,2014-01-01,2014-01-02,-3743463.712,False
BEST_CAPEX,ISRG,1,2014-01-01,2014-01-01,2014-01-02,-103.67,False
BEST_CAPEX,ABBV,1,2014-01-01,2014-01-01,2014-01-02,-517.347,False
BEST_CAPEX,UNH,1,2014-01-01,2014-01-01,2014-01-02,-1454.121,False
BEST_CAPEX,005930,1,2014-01-01,2014-01-01,2014-01-02,-25005906.236,False
BEST_CAPEX,V,1,2014-01-01,2014-01-01,2014-01-02,-471.37,False
BEST_CAPEX,MA,1,2014-01-01,2014-01-01,2014-01-02,-116.714,False
BEST_CAPEX,NVDA,1,2014-01-01,2014-01-01,2014-01-02,-236.51,False
BEST_CAPEX,GOOGL,1,2014-01-01,2014-01-01,2014-01-02,-5198.479,False
BEST_CAPEX,MSFT,1,2014-01-01,2014-01-01,2014-01-02,-6677.737,False
BEST_CAPEX,META,1,2014-01-01,2014-01-01,2014-01-02,-1824.31,False
BEST_CAPEX,AMZN,1,2014-01-01,2014-01-01,2014-01-02,-4062.41,False
BEST_CAPEX,AAPL,1,2014-01-01,2014-01-01,2014-01-02,-9860.264,False
BEST_CAPEX,AON,1,2014-01-01,2014-01-01,2014-01-02,-278.027,False
BEST_CAPEX,SCHW,1,2014-01-01,2014-01-01,2014-01-02,-169.044,False
BEST_CAPEX,8035,1,2014-01-01,2014-01-01,2014-01-02,-19978.057,False
BEST_CAPEX,IFX,1,2014-01-01,2014-01-01,2014-01-02,-626.405,False
BEST_CAPEX,NOW,1,2014-01-01,2014-01-01,2014-01-02,-58.703,False
BEST_CAPEX,ACN,1,2014-01-01,2014-01-01,2014-01-02,-417.776,False
BEST_CAPEX,IBM,1,2014-01-01,2014-01-01,2014-01-02,-4089.42,False
BEST_CAPEX,ADI,1,2014-01-01,2014-01-01,2014-01-02,-136.917,False
BEST_CAPEX,ADBE,1,2014-01-01,2014-01-01,2014-01-02,-211.573,False
BEST_CAPEX,TXN,1,2014-01-01,2014-01-01,2014-01-02,-533.218,False
BEST_CAPEX,QCOM,1,2014-01-01,2014-01-01,2014-01-02,-1005.03,False
BEST_CAPEX,RIO,1,2014-01-01,2014-01-01,2014-01-02,-10897.739,False
BEST_CAPEX,ASML,1,2014-01-01,2014-01-01,2014-01-02,-263.864,False
BEST_CAPEX,AZN,1,2014-01-01,2014-01-01,2014-01-02,-854.173,False
BEST_CAPEX,SHEL,1,2014-01-01,2014-01-01,2014-01-02,-33426.896,False
BEST_CAPEX,NOVOB,1,2014-01-01,2014-01-01,2014-01-02,-3656.01,False
BEST_CAPEX,RHM,1,2014-01-01,2014-01-01,2014-01-02,-206.896,False
BEST_CAPEX,SIE,1,2014-01-01,2014-01-01,2014-01-02,-2328.277,False
BEST_CAPEX,SU,1,2014-01-01,2014-01-01,2014-01-02,-732.439,False
BEST_CAPEX,6857,1,2014-01-01,2014-01-01,2014-01-02,-7281.41,False
BEST_CAPEX,SAP,1,2014-01-01,2014-01-01,2014-01-02,-627.042,False
BEST_CAPEX,RR/,1,2014-01-01,2014-01-01,2014-01-02,-726.316,False
BEST_CAPEX,NESN,1,2014-01-01,2014-01-01,2014-01-02,-4973.994,False
BEST_CAPEX,MC,1,2014-01-01,2014-01-01,2014-01-02,-1887.231,False
BEST_CAPEX,TMO,1,2014-01-01,2014-01-01,2014-01-02,-343.029,False
BEST_CAPEX,PWR,1,2014-01-01,2014-01-01,2014-01-02,-217.471,False
BEST_CAPEX,STX,1,2014-01-01,2014-01-01,2014-01-02,-799.739,False
BEST_CAPEX,BSX,1,2014-01-01,2014-01-01,2014-01-02,-259.554,False
BEST_CAPEX,WMB,1,2014-01-01,2014-01-01,2014-01-02,-5468.795,False
BEST_CAPEX,PM,1,2014-01-01,2014-01-01,2014-01-02,-1301.017,False
BEST_CAPEX,BKNG,1,2014-01-01,2014-01-01,2014-01-02,-87.785,False
BEST_CAPEX,DLR,1,2014-01-01,2014-01-01,2014-01-02,-432.165,False
BEST_CAPEX,GLW,1,2014-01-01,2014-01-01,2014-01-02,-1165.902,False
BEST_CAPEX,LRCX,1,2014-01-01,2014-01-01,2014-01-02,-124.809,False
BEST_CAPEX,MPC,1,2014-01-01,2014-01-01,2014-01-02,-2044.291,False
BEST_CAPEX,AI,1,2014-01-01,2014-01-01,2014-01-02,-2079.211,False
BEST_CAPEX,ABBN,1,2014-01-01,2014-01-01,2014-01-02,-1175.096,False
BEST_CAPEX,ECL,1,2014-01-01,2014-01-01,2014-01-02,-740.632,False
BEST_CAPEX,ULVR,1,2014-01-01,2014-01-01,2014-01-02,-2106.534,False
BEST_CAPEX,KO,1,2014-01-01,2014-01-01,2014-01-02,-2785.879,False
BEST_CAPEX,VRTX,1,2014-01-01,2014-01-01,2014-01-02,-32.519,False
BEST_CAPEX,ADSK,1,2014-01-01,2014-01-01,2014-01-02,-74.105,False
BEST_CAPEX,NXPI,1,2014-01-01,2014-01-01,2014-01-02,-259.572,False
BEST_CAPEX,IBE,1,2014-01-01,2014-01-01,2014-01-02,-3258.844,False
BEST_CAPEX,APH,1,2014-01-01,2014-01-01,2014-01-02,-160.741,False
BEST_CAPEX,TT,1,2014-01-01,2014-01-01,2014-01-02,-249.022,False
BEST_CAPEX,GE,1,2014-01-01,2014-01-01,2014-01-02,-3589.192,False
BEST_CAPEX,SAN,1,2014-01-01,2014-01-01,2014-01-02,-1619.428,False
BEST_CAPEX,LOW,1,2014-01-01,2014-01-01,2014-01-02,-1212.573,False
BEST_CAPEX,TJX,1,2014-01-01,2014-01-01,2014-01-02,-919.6,False
BEST_CAPEX,SBUX,1,2014-01-01,2014-01-01,2014-01-02,-1230.487,False
BEST_CAPEX,7203,1,2014-01-01,2014-01-01,2014-01-02,-943965.211,False
BEST_CAPEX,ITX,1,2014-01-01,2014-01-01,2014-01-02,-1315.923,False
BEST_CAPEX,ABT,1,2014-01-01,2014-01-01,2014-01-02,-1150.536,False
BEST_CAPEX,DHR,1,2014-01-01,2014-01-01,2014-01-02,-541.813,False
BEST_CAPEX,DIS,1,2014-01-01,2014-01-01,2014-01-02,-3412.431,False
BEST_CAPEX,CMCSA,1,2014-01-01,2014-01-01,2014-01-02,-6590.916,False
BEST_CAPEX,VZ,1,2014-01-01,2014-01-01,2014-01-02,-16308.085,False
BEST_CAPEX,TTWO,1,2014-01-01,2014-01-01,2014-01-02,-17.285,False
BEST_CAPEX,T,1,2014-01-01,2014-01-01,2014-01-02,-20285.736,False
BEST_CAPEX,PUB,1,2014-01-01,2014-01-01,2014-01-02,-139.47,False
BEST_CAPEX,7974,1,2014-01-01,2014-01-01,2014-01-02,-15699.172,False
BEST_CAPEX,DTE,1,2014-01-01,2014-01-01,2014-01-02,-9271.466,False
BEST_CAPEX,CME,1,2014-01-01,2014-01-01,2014-01-02,-132.051,False
BEST_CAPEX,MCK,1,2014-01-01,2014-01-01,2014-01-02,-395.324,False
BEST_CAPEX,SYK,1,2014-01-01,2014-01-01,2014-01-02,-224.78,False
BEST_CAPEX,AMGN,1,2014-01-01,2014-01-01,2014-01-02,-730.023,False
BEST_CAPEX,MRK,1,2014-01-01,2014-01-01,2014-01-02,-1841.154,False
BEST_CAPEX,SAF,1,2014-01-01,2014-01-01,2014-01-02,-840.018,False
BEST_CAPEX,AIR,1,2014-01-01,2014-01-01,2014-01-02,-2641.748,False
BEST_CAPEX,RTX,1,2014-01-01,2014-01-01,2014-01-02,-1826.62,False
BEST_CAPEX,EMR,1,2014-01-01,2014-01-01,2014-01-02,-719.485,False
BEST_CAPEX,ICE,1,2014-01-01,2014-01-01,2014-01-02,-145.664,False
BEST_CAPEX,MCO,1,2014-01-01,2014-01-01,2014-01-02,-49.272,False
BEST_CAPEX,WDAY,1,2014-01-01,2014-01-01,2014-01-02,-84.144,False
BEST_CAPEX,WDC,1,2014-01-01,2014-01-01,2014-01-02,-810.352,False
BEST_CAPEX,FTNT,1,2014-01-01,2014-01-01,2014-01-02,-17.651,False
BEST_CAPEX,DSY,1,2014-01-01,2014-01-01,2014-01-02,-59.544,False
BEST_CAPEX,6146,1,2014-01-01,2014-01-01,2014-01-02,-9146.552,False
BEST_CAPEX,6981,1,2014-01-01,2014-01-01,2014-01-02,-77225.287,False
BEST_CAPEX,INTU,1,2014-01-01,2014-01-01,2014-01-02,-172.615,False
BEST_CAPEX,MSI,1,2014-01-01,2014-01-01,2014-01-02,-199.843,False
BEST_CAPEX,SNPS,1,2014-01-01,2014-01-01,2014-01-02,-124.943,False
BEST_CAPEX,NEM,1,2014-01-01,2014-01-01,2014-01-02,-2193.185,False
BEST_CAPEX,SHW,1,2014-01-01,2014-01-01,2014-01-02,-159.136,False
BEST_CAPEX,MDLZ,1,2014-01-01,2014-01-01,2014-01-02,-1720.636,False
BEST_CAPEX,PEP,1,2014-01-01,2014-01-01,2014-01-02,-3066.939,False
BEST_CAPEX,9433,1,2014-01-01,2014-01-01,2014-01-02,-571295.386,False
BEST_CAPEX,9432,1,2014-01-01,2014-01-01,2014-01-02,-1808776.741,False
BEST_CAPEX,CFR,1,2014-01-01,2014-01-01,2014-01-02,-754.104,False
BEST_CAPEX,TTE,1,2014-01-01,2014-01-01,2014-01-02,-27651.694,False
BEST_CAPEX,CVX,1,2014-01-01,2014-01-01,2014-01-02,-36394.239,False
BEST_CAPEX,OR,1,2014-01-01,2014-01-01,2014-01-02,-1090.101,False
BEST_CAPEX,NKE,1,2014-01-01,2014-01-01,2014-01-02,-820.311,False
BEST_CAPEX,ORLY,1,2014-01-01,2014-01-01,2014-01-02,-405.953,False
BEST_CAPEX,NOVN,1,2014-01-01,2014-01-01,2014-01-02,-2650.685,False
BEST_CAPEX,MSCI,1,2014-01-01,2014-01-01,2014-01-02,-30.442,False
BEST_CAPEX,MRSH,1,2014-01-01,2014-01-01,2014-01-02,-400.192,False
BEST_CAPEX,VRSN,1,2014-01-01,2014-01-01,2014-01-02,-75.604,False
BEST_CAPEX,ON,1,2014-01-01,2014-01-01,2014-01-02,-145.088,False
BEST_CAPEX,COHR,1,2014-01-01,2014-01-01,2014-01-02,-30.294,False
BEST_CAPEX,SO,1,2014-01-01,2014-01-01,2014-01-02,-5971.935,False
BEST_CAPEX,PH,1,2014-01-01,2014-01-01,2014-01-02,-268.095,False
BEST_CAPEX,ADP,1,2014-01-01,2014-01-01,2014-01-02,-202.384,False
BEST_CAPEX,ROP,1,2014-01-01,2014-01-01,2014-01-02,-2351.695,False
BEST_CAPEX,GILD,1,2014-01-01,2014-01-01,2014-01-02,-239.019,False
BEST_CAPEX,MDT,1,2014-01-01,2014-01-01,2014-01-02,-497.661,False
BEST_CAPEX,PFE,1,2014-01-01,2014-01-01,2014-01-02,-1284.563,False
BEST_CAPEX,HCA,1,2014-01-01,2014-01-01,2014-01-02,-2026.606,False
BEST_CAPEX,REL,1,2014-01-01,2014-01-01,2014-01-02,-324.591,False
BEST_CAPEX,7011,1,2014-01-01,2014-01-01,2014-01-02,-131264.368,False
BEST_CAPEX,WM,1,2014-01-01,2014-01-01,2014-01-02,-1352.05,False
BEST_CAPEX,6758,1,2014-01-01,2014-01-01,2014-01-02,-187494.253,False
BEST_CAPEX,RMS,1,2014-01-01,2014-01-01,2014-01-02,-268.679,False
BEST_CAPEX,ZTS,1,2014-01-01,2014-01-01,2014-01-02,-158.237,False
BEST_CAPEX,MAR,1,2014-01-01,2014-01-01,2014-01-02,-357.856,False
BEST_CAPEX,GRMN,1,2014-01-01,2014-01-01,2014-01-02,-46.452,False
BEST_CAPEX,GM,1,2014-01-01,2014-01-01,2014-01-02,-8279.043,False
BEST_CAPEX,MO,1,2014-01-01,2014-01-01,2014-01-02,-130.996,False
BEST_CAPEX,CL,1,2014-01-01,2014-01-01,2014-01-02,-720.978,False
BEST_CAPEX,MNST,1,2014-01-01,2014-01-01,2014-01-02,-46.771,False
BEST_CAPEX,COP,1,2014-01-01,2014-01-01,2014-01-02,-16056.561,False
BEST_CAPEX,SLB,1,2014-01-01,2014-01-01,2014-01-02,-4132.86,False
BEST_CAPEX,APD,1,2014-01-01,2014-01-01,2014-01-02,-1820.173,False
BEST_CAPEX,4063,1,2014-01-01,2014-01-01,2014-01-02,-111885.058,False
BEST_CAPEX,NRG,1,2014-01-01,2014-01-01,2014-01-02,-674.969,False
BEST_CAPEX,ENEL,1,2014-01-01,2014-01-01,2014-01-02,-5671.41,False
BEST_CAPEX,WELL,1,2014-01-01,2014-01-01,2014-01-02,-71.87,False
BEST_EPS,SNDK,4076,2014-01-01,2025-02-27,2025-02-28,1.957,False
BEST_EPS,285A,4009,2014-01-01,2024-12-22,2024-12-23,185.384,False
BEST_EPS,GEV,3745,2014-01-01,2024-04-02,2024-04-03,4.205,False
BEST_EPS,RDDT,3738,2014-01-01,2024-03-26,2024-03-27,0.239,False
BEST_EPS,ARM,3533,2014-01-01,2023-09-03,2023-09-04,0.79,False
BEST_EPS,CEG,2955,2014-01-01,2022-02-02,2022-02-03,2.781,False
BEST_EPS,UMG,2823,2014-01-01,2021-09-23,2021-09-24,0.728,False
BEST_EPS,APP,2688,2014-01-01,2021-05-11,2021-05-12,0.427,False
BEST_EPS,RBLX,2619,2014-01-01,2021-03-03,2021-03-04,0.695,False
BEST_EPS,ABNB,2536,2014-01-01,2020-12-10,2020-12-11,-0.582,False
BEST_EPS,DASH,2527,2014-01-01,2020-12-01,2020-12-02,0.437,False
BEST_EPS,PLTR,2472,2014-01-01,2020-10-07,2020-10-08,0.108,False
BEST_EPS,SNOW,2465,2014-01-01,2020-09-30,2020-10-01,-0.897,False
BEST_EPS,VRT,2261,2014-01-01,2020-03-10,2020-03-11,0.951,False
BEST_EPS,DDOG,2115,2014-01-01,2019-10-16,2019-10-17,-0.184,False
BEST_EPS,NET,2107,2014-01-01,2019-10-08,2019-10-09,-0.241,False
BEST_EPS,CRWD,2016,2014-01-01,2019-07-09,2019-07-10,-0.193,False
BEST_EPS,UBER,1948,2014-01-01,2019-05-02,2019-05-03,-2.588,False
BEST_EPS,DELL,1814,2014-01-01,2018-12-19,2018-12-20,7.424,False
BEST_EPS,LIN,1769,2014-01-01,2018-11-04,2018-11-05,5.909,False
BEST_EPS,BE,1694,2014-01-01,2018-08-21,2018-08-22,-0.179,False
BEST_EPS,ZS,1568,2014-01-01,2018-04-17,2018-04-18,-0.257,False
BEST_EPS,SPOT,1549,2014-01-01,2018-03-29,2018-03-30,-1.127,False
BEST_EPS,VST,1227,2014-01-01,2017-05-11,2017-05-12,0.983,False
BEST_EPS,HWM,1036,2014-01-01,2016-11-01,2016-11-02,1.12,False
BEST_EPS,TTD,1008,2014-01-01,2016-10-04,2016-10-05,0.078,False
BEST_EPS,TEAM,735,2014-01-01,2016-01-05,2016-01-06,0.215,False
BEST_EPS,RACE,681,2014-01-01,2015-11-12,2015-11-13,1.625,False
BEST_EPS,HPE,665,2014-01-01,2015-10-27,2015-10-28,1.88,False
BEST_EPS,LITE,581,2014-01-01,2015-08-04,2015-08-05,1.211,False
BEST_EPS,PYPL,553,2014-01-01,2015-07-07,2015-07-08,1.353,False
BEST_EPS,KEYS,294,2014-01-01,2014-10-21,2014-10-22,2.605,False
BEST_EPS,LSEG,180,2014-01-01,2014-06-29,2014-06-30,1.144,False
BEST_EPS,ANET,161,2014-01-01,2014-06-10,2014-06-11,0.09,False
BEST_EPS,FICO,26,2014-01-01,2014-01-26,2014-01-27,3.547,False
BEST_EPS,WDAY,15,2014-01-01,2014-01-15,2014-01-16,-0.582,False
BEST_EPS,BN,15,2014-01-01,2014-01-15,2014-01-16,0.256,False
BEST_EPS,IBE,12,2014-01-01,2014-01-12,2014-01-13,0.358,False
BEST_EPS,FTNT,12,2014-01-01,2014-01-12,2014-01-13,0.112,False
BEST_EPS,AMD,12,2014-01-01,2014-01-12,2014-01-13,0.105,False
BEST_EPS,CMG,8,2014-01-01,2014-01-08,2014-01-09,0.261,False
BEST_EPS,ENEL,7,2014-01-01,2014-01-07,2014-01-08,0.306,False
BEST_EPS,APH,7,2014-01-01,2014-01-07,2014-01-08,0.261,False
BEST_EPS,PANW,6,2014-01-01,2014-01-06,2014-01-07,0.093,False
BEST_EPS,DSY,6,2014-01-01,2014-01-06,2014-01-07,0.384,False
BEST_EPS,COF,6,2014-01-01,2014-01-06,2014-01-07,7.023,False
BEST_EPS,ON,5,2014-01-01,2014-01-05,2014-01-06,0.701,False
BEST_EPS,CDNS,5,2014-01-01,2014-01-05,2014-01-06,0.971,False
BEST_EPS,DLR,5,2014-01-01,2014-01-05,2014-01-06,1.275,False
BEST_EPS,CS,5,2014-01-01,2014-01-05,2014-01-06,2.195,False
BEST_EPS,IFX,5,2014-01-01,2014-01-05,2014-01-06,0.413,False
BEST_EPS,FCX,5,2014-01-01,2014-01-05,2014-01-06,3.148,False
BEST_EPS,TER,5,2014-01-01,2014-01-05,2014-01-06,1.512,False
BEST_EPS,NOW,5,2014-01-01,2014-01-05,2014-01-06,0.02,False
BEST_EPS,KLAC,5,2014-01-01,2014-01-05,2014-01-06,0.431,False
BEST_EPS,NVDA,5,2014-01-01,2014-01-05,2014-01-06,0.022,False
BEST_EPS,AVGO,5,2014-01-01,2014-01-05,2014-01-06,0.352,False
BEST_EPS,AMZN,5,2014-01-01,2014-01-05,2014-01-06,0.246,False
BEST_EPS,ABBN,5,2014-01-01,2014-01-05,2014-01-06,1.686,False
BEST_EPS,DTE,5,2014-01-01,2014-01-05,2014-01-06,0.699,False
BEST_EPS,KO,5,2014-01-01,2014-01-05,2014-01-06,2.224,False
BEST_EPS,ORLY,5,2014-01-01,2014-01-05,2014-01-06,0.449,False
BEST_EPS,GRMN,5,2014-01-01,2014-01-05,2014-01-06,2.575,False
BEST_EPS,REL,5,2014-01-01,2014-01-05,2014-01-06,0.574,False
BEST_EPS,RR/,2,2014-01-01,2014-01-02,2014-01-03,0.252,False
BEST_EPS,ITX,2,2014-01-01,2014-01-02,2014-01-03,0.899,False
BEST_EPS,T,2,2014-01-01,2014-01-02,2014-01-03,2.668,False
BEST_EPS,IBKR,2,2014-01-01,2014-01-02,2014-01-03,0.273,False
BEST_EPS,APO,2,2014-01-01,2014-01-02,2014-01-03,3.044,False
BEST_EPS,EQIX,1,2014-01-01,2014-01-01,2014-01-02,3.904,False
BEST_EPS,AMT,1,2014-01-01,2014-01-01,2014-01-02,2.153,False
BEST_EPS,JNJ,1,2014-01-01,2014-01-01,2014-01-02,5.86,False
BEST_EPS,CRM,1,2014-01-01,2014-01-01,2014-01-02,0.486,False
BEST_EPS,NFLX,1,2014-01-01,2014-01-01,2014-01-02,0.07,False
BEST_EPS,PG,1,2014-01-01,2014-01-01,2014-01-02,4.482,False
BEST_EPS,HD,1,2014-01-01,2014-01-01,2014-01-02,4.377,False
BEST_EPS,TMO,1,2014-01-01,2014-01-01,2014-01-02,5.945,False
BEST_EPS,STX,1,2014-01-01,2014-01-01,2014-01-02,5.665,False
BEST_EPS,MRVL,1,2014-01-01,2014-01-01,2014-01-02,1.048,False
BEST_EPS,INTC,1,2014-01-01,2014-01-01,2014-01-02,1.944,False
BEST_EPS,ORCL,1,2014-01-01,2014-01-01,2014-01-02,3.087,False
BEST_EPS,WMB,1,2014-01-01,2014-01-01,2014-01-02,1.13,False
BEST_EPS,BSX,1,2014-01-01,2014-01-01,2014-01-02,0.523,False
BEST_EPS,BX,1,2014-01-01,2014-01-01,2014-01-02,2.918,False
BEST_EPS,PLD,1,2014-01-01,2014-01-01,2014-01-02,0.35,False
BEST_EPS,TMUS,1,2014-01-01,2014-01-01,2014-01-02,0.52,False
BEST_EPS,NEE,1,2014-01-01,2014-01-01,2014-01-02,1.338,False
BEST_EPS,LMT,1,2014-01-01,2014-01-01,2014-01-02,10.224,False
BEST_EPS,LNG,1,2014-01-01,2014-01-01,2014-01-02,-2.033,False
BEST_EPS,XOM,1,2014-01-01,2014-01-01,2014-01-02,7.784,False
BEST_EPS,AMAT,1,2014-01-01,2014-01-01,2014-01-02,1.14,False
BEST_EPS,LRCX,1,2014-01-01,2014-01-01,2014-01-02,0.436,False
BEST_EPS,MPC,1,2014-01-01,2014-01-01,2014-01-02,4.512,False
BEST_EPS,WFC,1,2014-01-01,2014-01-01,2014-01-02,4.015,False
BEST_EPS,GLW,1,2014-01-01,2014-01-01,2014-01-02,1.424,False
BEST_EPS,MCD,1,2014-01-01,2014-01-01,2014-01-02,5.934,False
BEST_EPS,JPM,1,2014-01-01,2014-01-01,2014-01-02,6.032,False
BEST_EPS,V,1,2014-01-01,2014-01-01,2014-01-02,2.32,False
BEST_EPS,HON,1,2014-01-01,2014-01-01,2014-01-02,11.072,False
BEST_EPS,CAT,1,2014-01-01,2014-01-01,2014-01-02,5.804,False
BEST_EPS,DE,1,2014-01-01,2014-01-01,2014-01-02,8.219,False
BEST_EPS,UNP,1,2014-01-01,2014-01-01,2014-01-02,5.372,False
BEST_EPS,ETN,1,2014-01-01,2014-01-01,2014-01-02,4.884,False
BEST_EPS,WMT,1,2014-01-01,2014-01-01,2014-01-02,1.864,False
BEST_EPS,GS,1,2014-01-01,2014-01-01,2014-01-02,15.357,False
BEST_EPS,COST,1,2014-01-01,2014-01-01,2014-01-02,5.057,False
BEST_EPS,SPGI,1,2014-01-01,2014-01-01,2014-01-02,3.72,False
BEST_EPS,BLK,1,2014-01-01,2014-01-01,2014-01-02,17.944,False
BEST_EPS,MA,1,2014-01-01,2014-01-01,2014-01-02,3.114,False
BEST_EPS,GOOGL,1,2014-01-01,2014-01-01,2014-01-02,1.305,False
BEST_EPS,MU,1,2014-01-01,2014-01-01,2014-01-02,2.393,False
BEST_EPS,TSLA,1,2014-01-01,2014-01-01,2014-01-02,0.097,False
BEST_EPS,UNH,1,2014-01-01,2014-01-01,2014-01-02,5.624,False
BEST_EPS,LLY,1,2014-01-01,2014-01-01,2014-01-02,2.781,False
BEST_EPS,ISRG,1,2014-01-01,2014-01-01,2014-01-02,1.892,False
BEST_EPS,ABBV,1,2014-01-01,2014-01-01,2014-01-02,3.17,False
BEST_EPS,REGN,1,2014-01-01,2014-01-01,2014-01-02,9.546,False
BEST_EPS,META,1,2014-01-01,2014-01-01,2014-01-02,1.132,False
BEST_EPS,000660,1,2014-01-01,2014-01-01,2014-01-02,4995.105,False
BEST_EPS,005930,1,2014-01-01,2014-01-01,2014-01-02,4284.0,False
BEST_EPS,MSFT,1,2014-01-01,2014-01-01,2014-01-02,2.783,False
BEST_EPS,AAPL,1,2014-01-01,2014-01-01,2014-01-02,1.602,False
BEST_EPS,ZURN,1,2014-01-01,2014-01-01,2014-01-02,28.114,False
BEST_EPS,C,1,2014-01-01,2014-01-01,2014-01-02,5.352,False
BEST_EPS,CME,1,2014-01-01,2014-01-01,2014-01-02,3.615,False
BEST_EPS,KKR,1,2014-01-01,2014-01-01,2014-01-02,2.432,False
BEST_EPS,AON,1,2014-01-01,2014-01-01,2014-01-02,5.293,False
BEST_EPS,SCHW,1,2014-01-01,2014-01-01,2014-01-02,0.913,False
BEST_EPS,AXP,1,2014-01-01,2014-01-01,2014-01-02,5.436,False
BEST_EPS,PGR,1,2014-01-01,2014-01-01,2014-01-02,1.652,False
BEST_EPS,8035,1,2014-01-01,2014-01-01,2014-01-02,12.878,False
BEST_EPS,ADI,1,2014-01-01,2014-01-01,2014-01-02,2.308,False
BEST_EPS,MS,1,2014-01-01,2014-01-01,2014-01-02,2.49,False
BEST_EPS,RIO,1,2014-01-01,2014-01-01,2014-01-02,5.687,False
BEST_EPS,TXN,1,2014-01-01,2014-01-01,2014-01-02,2.304,False
BEST_EPS,ADBE,1,2014-01-01,2014-01-01,2014-01-02,1.206,False
BEST_EPS,ACN,1,2014-01-01,2014-01-01,2014-01-02,4.637,False
BEST_EPS,IBM,1,2014-01-01,2014-01-01,2014-01-02,18.118,False
BEST_EPS,SAP,1,2014-01-01,2014-01-01,2014-01-02,3.718,False
BEST_EPS,SHEL,1,2014-01-01,2014-01-01,2014-01-02,3.861,False
BEST_EPS,AZN,1,2014-01-01,2014-01-01,2014-01-02,4.546,False
BEST_EPS,ASML,1,2014-01-01,2014-01-01,2014-01-02,3.49,False
BEST_EPS,MC,1,2014-01-01,2014-01-01,2014-01-02,7.947,False
BEST_EPS,QCOM,1,2014-01-01,2014-01-01,2014-01-02,5.207,False
BEST_EPS,NOVOB,1,2014-01-01,2014-01-01,2014-01-02,5.164,False
BEST_EPS,HSBA,1,2014-01-01,2014-01-01,2014-01-02,1.021,False
BEST_EPS,NESN,1,2014-01-01,2014-01-01,2014-01-02,3.633,False
BEST_EPS,BKNG,1,2014-01-01,2014-01-01,2014-01-02,2.038,False
BEST_EPS,PM,1,2014-01-01,2014-01-01,2014-01-02,5.564,False
BEST_EPS,6857,1,2014-01-01,2014-01-01,2014-01-02,2.535,False
BEST_EPS,SU,1,2014-01-01,2014-01-01,2014-01-02,4.388,False
BEST_EPS,SIE,1,2014-01-01,2014-01-01,2014-01-02,6.949,False
BEST_EPS,RHM,1,2014-01-01,2014-01-01,2014-01-02,3.697,False
BEST_EPS,ALV,1,2014-01-01,2014-01-01,2014-01-02,13.562,False
BEST_EPS,MPWR,1,2014-01-01,2014-01-01,2014-01-02,1.439,False
BEST_EPS,BAC,1,2014-01-01,2014-01-01,2014-01-02,1.349,False
BEST_EPS,FN,1,2014-01-01,2014-01-01,2014-01-02,1.769,False
BEST_EPS,CSCO,1,2014-01-01,2014-01-01,2014-01-02,2.019,False
BEST_EPS,TSM,1,2014-01-01,2014-01-01,2014-01-02,40.048,False
BEST_EPS,PWR,1,2014-01-01,2014-01-01,2014-01-02,1.865,False
BEST_EPS,ULVR,1,2014-01-01,2014-01-01,2014-01-02,1.839,False
BEST_EPS,AI,1,2014-01-01,2014-01-01,2014-01-02,3.159,False
BEST_EPS,DHR,1,2014-01-01,2014-01-01,2014-01-02,3.772,False
BEST_EPS,ABT,1,2014-01-01,2014-01-01,2014-01-02,2.232,False
BEST_EPS,WDC,1,2014-01-01,2014-01-01,2014-01-02,8.302,False
BEST_EPS,6146,1,2014-01-01,2014-01-01,2014-01-02,123.185,False
BEST_EPS,BRK/B,1,2014-01-01,2014-01-01,2014-01-02,6.356,False
BEST_EPS,ECL,1,2014-01-01,2014-01-01,2014-01-02,4.196,False
BEST_EPS,TT,1,2014-01-01,2014-01-01,2014-01-02,3.588,False
BEST_EPS,GE,1,2014-01-01,2014-01-01,2014-01-02,13.658,False
BEST_EPS,MSI,1,2014-01-01,2014-01-01,2014-01-02,4.202,False
BEST_EPS,SNPS,1,2014-01-01,2014-01-01,2014-01-02,2.59,False
BEST_EPS,INTU,1,2014-01-01,2014-01-01,2014-01-02,3.75,False
BEST_EPS,SBUX,1,2014-01-01,2014-01-01,2014-01-02,1.398,False
BEST_EPS,SAN,1,2014-01-01,2014-01-01,2014-01-02,5.718,False
BEST_EPS,VRTX,1,2014-01-01,2014-01-01,2014-01-02,-1.671,False
BEST_EPS,LOW,1,2014-01-01,2014-01-01,2014-01-02,2.611,False
BEST_EPS,TJX,1,2014-01-01,2014-01-01,2014-01-02,1.61,False
BEST_EPS,7203,1,2014-01-01,2014-01-01,2014-01-02,125.09,False
BEST_EPS,PUB,1,2014-01-01,2014-01-01,2014-01-02,3.909,False
BEST_EPS,TTWO,1,2014-01-01,2014-01-01,2014-01-02,1.812,False
BEST_EPS,VZ,1,2014-01-01,2014-01-01,2014-01-02,3.52,False
BEST_EPS,7974,1,2014-01-01,2014-01-01,2014-01-02,39.754,False
BEST_EPS,8306,1,2014-01-01,2014-01-01,2014-01-02,63.239,False
BEST_EPS,CMCSA,1,2014-01-01,2014-01-01,2014-01-02,1.444,False
BEST_EPS,DIS,1,2014-01-01,2014-01-01,2014-01-02,4.096,False
BEST_EPS,NKE,1,2014-01-01,2014-01-01,2014-01-02,1.644,False
BEST_EPS,NOVN,1,2014-01-01,2014-01-01,2014-01-02,5.489,False
BEST_EPS,MCK,1,2014-01-01,2014-01-01,2014-01-02,9.475,False
BEST_EPS,SYK,1,2014-01-01,2014-01-01,2014-01-02,4.611,False
BEST_EPS,MRK,1,2014-01-01,2014-01-01,2014-01-02,3.483,False
BEST_EPS,AMGN,1,2014-01-01,2014-01-01,2014-01-02,8.128,False
BEST_EPS,SAF,1,2014-01-01,2014-01-01,2014-01-02,2.987,False
BEST_EPS,AIR,1,2014-01-01,2014-01-01,2014-01-02,3.474,False
BEST_EPS,BNP,1,2014-01-01,2014-01-01,2014-01-02,5.345,False
BEST_EPS,AXON,1,2014-01-01,2014-01-01,2014-01-02,0.391,False
BEST_EPS,EMR,1,2014-01-01,2014-01-01,2014-01-02,3.897,False
BEST_EPS,RTX,1,2014-01-01,2014-01-01,2014-01-02,6.828,False
BEST_EPS,MUV2,1,2014-01-01,2014-01-01,2014-01-02,16.904,False
BEST_EPS,CB,1,2014-01-01,2014-01-01,2014-01-02,8.432,False
BEST_EPS,ICE,1,2014-01-01,2014-01-01,2014-01-02,2.35,False
BEST_EPS,MCO,1,2014-01-01,2014-01-01,2014-01-02,3.906,False
BEST_EPS,NXPI,1,2014-01-01,2014-01-01,2014-01-02,4.107,False
BEST_EPS,6981,1,2014-01-01,2014-01-01,2014-01-02,50.26,False
BEST_EPS,ADSK,1,2014-01-01,2014-01-01,2014-01-02,1.496,False
BEST_EPS,SO,1,2014-01-01,2014-01-01,2014-01-02,2.793,False
BEST_EPS,SHW,1,2014-01-01,2014-01-01,2014-01-02,3.042,False
BEST_EPS,OR,1,2014-01-01,2014-01-01,2014-01-02,5.428,False
BEST_EPS,PEP,1,2014-01-01,2014-01-01,2014-01-02,4.682,False
BEST_EPS,MDLZ,1,2014-01-01,2014-01-01,2014-01-02,1.718,False
BEST_EPS,VRSN,1,2014-01-01,2014-01-01,2014-01-02,2.636,False
BEST_EPS,COHR,1,2014-01-01,2014-01-01,2014-01-02,1.115,False
BEST_EPS,TTE,1,2014-01-01,2014-01-01,2014-01-02,6.803,False
BEST_EPS,NEM,1,2014-01-01,2014-01-01,2014-01-02,1.52,False
BEST_EPS,CVX,1,2014-01-01,2014-01-01,2014-01-02,11.819,False
BEST_EPS,9433,1,2014-01-01,2014-01-01,2014-01-02,77.722,False
BEST_EPS,9432,1,2014-01-01,2014-01-01,2014-01-02,5.174,False
BEST_EPS,CFR,1,2014-01-01,2014-01-01,2014-01-02,3.963,False
BEST_EPS,UCG,1,2014-01-01,2014-01-01,2014-01-02,1.734,False
BEST_EPS,UBSG,1,2014-01-01,2014-01-01,2014-01-02,1.351,False
BEST_EPS,BNY,1,2014-01-01,2014-01-01,2014-01-02,2.493,False
BEST_EPS,MSCI,1,2014-01-01,2014-01-01,2014-01-02,2.412,False
BEST_EPS,ASM,1,2014-01-01,2014-01-01,2014-01-02,1.792,False
BEST_EPS,MRSH,1,2014-01-01,2014-01-01,2014-01-02,2.747,False
BEST_EPS,WM,1,2014-01-01,2014-01-01,2014-01-02,2.384,False
BEST_EPS,ADP,1,2014-01-01,2014-01-01,2014-01-02,3.338,False
BEST_EPS,ROP,1,2014-01-01,2014-01-01,2014-01-02,15.964,False
BEST_EPS,GILD,1,2014-01-01,2014-01-01,2014-01-02,3.163,False
BEST_EPS,MDT,1,2014-01-01,2014-01-01,2014-01-02,4.015,False
BEST_EPS,PFE,1,2014-01-01,2014-01-01,2014-01-02,2.299,False
BEST_EPS,HCA,1,2014-01-01,2014-01-01,2014-01-02,3.776,False
BEST_EPS,PH,1,2014-01-01,2014-01-01,2014-01-02,7.389,False
BEST_EPS,7011,1,2014-01-01,2014-01-01,2014-01-02,36.63,False
BEST_EPS,8316,1,2014-01-01,2014-01-01,2014-01-02,84.859,False
BEST_EPS,6758,1,2014-01-01,2014-01-01,2014-01-02,12.933,False
BEST_EPS,RMS,1,2014-01-01,2014-01-01,2014-01-02,8.588,False
BEST_EPS,ZTS,1,2014-01-01,2014-01-01,2014-01-02,1.614,False
BEST_EPS,GM,1,2014-01-01,2014-01-01,2014-01-02,4.617,False
BEST_EPS,LYV,1,2014-01-01,2014-01-01,2014-01-02,0.15,False
BEST_EPS,TKO,1,2014-01-01,2014-01-01,2014-01-02,0.152,False
BEST_EPS,MO,1,2014-01-01,2014-01-01,2014-01-02,2.578,False
BEST_EPS,MAR,1,2014-01-01,2014-01-01,2014-01-02,2.333,False
BEST_EPS,CL,1,2014-01-01,2014-01-01,2014-01-02,3.111,False
BEST_EPS,MNST,1,2014-01-01,2014-01-01,2014-01-02,0.2,False
BEST_EPS,SLB,1,2014-01-01,2014-01-01,2014-01-02,5.845,False
BEST_EPS,COP,1,2014-01-01,2014-01-01,2014-01-02,6.417,False
BEST_EPS,APD,1,2014-01-01,2014-01-01,2014-01-02,6.013,False
BEST_EPS,4063,1,2014-01-01,2014-01-01,2014-01-02,62.259,False
BEST_EPS,NRG,1,2014-01-01,2014-01-01,2014-01-02,1.679,False
BEST_EPS,WELL,1,2014-01-01,2014-01-01,2014-01-02,0.834,False
BEST_EV_TO_BEST_EBITDA,IBKR,4218,2014-01-02,2025-07-20,2025-07-21,26.03,False
BEST_EV_TO_BEST_EBITDA,SNDK,4081,2014-01-02,2025-03-05,2025-03-06,5.449,False
BEST_EV_TO_BEST_EBITDA,285A,4068,2014-01-02,2025-02-20,2025-02-21,3.602,False
BEST_EV_TO_BEST_EBITDA,ALV,3900,2014-01-02,2024-09-05,2024-09-06,7.707,False
BEST_EV_TO_BEST_EBITDA,UCG,3861,2014-01-02,2024-07-28,2024-07-29,11.378,False
BEST_EV_TO_BEST_EBITDA,BRK/B,3772,2014-01-02,2024-04-30,2024-05-01,87.304,False
BEST_EV_TO_BEST_EBITDA,GEV,3744,2014-01-02,2024-04-02,2024-04-03,14.43,False
BEST_EV_TO_BEST_EBITDA,RDDT,3731,2014-01-02,2024-03-20,2024-03-21,27.553,False
BEST_EV_TO_BEST_EBITDA,ARM,3568,2014-01-02,2023-10-09,2023-10-10,34.239,False
BEST_EV_TO_BEST_EBITDA,BNP,3456,2014-01-02,2023-06-19,2023-06-20,25.225,False
BEST_EV_TO_BEST_EBITDA,GS,3205,2014-01-02,2022-10-11,2022-10-12,6.759,False
BEST_EV_TO_BEST_EBITDA,COF,3170,2014-01-02,2022-09-06,2022-09-07,9.373,False
BEST_EV_TO_BEST_EBITDA,UBSG,3169,2014-01-02,2022-09-05,2022-09-06,0.282,False
BEST_EV_TO_BEST_EBITDA,C,3015,2014-01-02,2022-04-04,2022-04-05,7.27,False
BEST_EV_TO_BEST_EBITDA,CEG,2955,2014-01-02,2022-02-03,2022-02-04,8.823,False
BEST_EV_TO_BEST_EBITDA,SNOW,2892,2014-01-02,2021-12-02,2021-12-03,2114.787,False
BEST_EV_TO_BEST_EBITDA,UMG,2822,2014-01-02,2021-09-23,2021-09-24,22.244,False
BEST_EV_TO_BEST_EBITDA,MUV2,2755,2014-01-02,2021-07-18,2021-07-19,8.439,False
BEST_EV_TO_BEST_EBITDA,APP,2686,2014-01-02,2021-05-10,2021-05-11,26.975,False
BEST_EV_TO_BEST_EBITDA,UBER,2659,2014-01-02,2021-04-13,2021-04-14,20263.518,False
BEST_EV_TO_BEST_EBITDA,RBLX,2651,2014-01-02,2021-04-05,2021-04-06,67.234,False
BEST_EV_TO_BEST_EBITDA,FICO,2576,2014-01-02,2021-01-20,2021-01-21,29.869,False
BEST_EV_TO_BEST_EBITDA,ABNB,2560,2014-01-02,2021-01-04,2021-01-05,9763.531,False
BEST_EV_TO_BEST_EBITDA,DASH,2533,2014-01-02,2020-12-08,2020-12-09,73.787,False
BEST_EV_TO_BEST_EBITDA,PLTR,2490,2014-01-02,2020-10-26,2020-10-27,633.431,False
BEST_EV_TO_BEST_EBITDA,NET,2412,2014-01-02,2020-08-09,2020-08-10,6120.378,False
BEST_EV_TO_BEST_EBITDA,VRT,2276,2014-01-02,2020-03-26,2020-03-27,7.952,False
BEST_EV_TO_BEST_EBITDA,DDOG,2267,2014-01-02,2020-03-17,2020-03-18,112925.815,False
BEST_EV_TO_BEST_EBITDA,CRWD,2211,2014-01-02,2020-01-21,2020-01-22,89770.67,False
BEST_EV_TO_BEST_EBITDA,SPOT,2105,2014-01-02,2019-10-07,2019-10-08,1550.609,False
BEST_EV_TO_BEST_EBITDA,DELL,1824,2014-01-02,2018-12-30,2018-12-31,6.903,False
BEST_EV_TO_BEST_EBITDA,ZS,1798,2014-01-02,2018-12-04,2018-12-05,1983.262,False
BEST_EV_TO_BEST_EBITDA,BE,1692,2014-01-02,2018-08-20,2018-08-21,42.125,False
BEST_EV_TO_BEST_EBITDA,COHR,1538,2014-01-02,2018-03-19,2018-03-20,11.573,False
BEST_EV_TO_BEST_EBITDA,LIN,1461,2014-01-02,2018-01-01,2018-01-02,8.741,False
BEST_EV_TO_BEST_EBITDA,TTD,1380,2014-01-02,2017-10-12,2017-10-13,21.24,False
BEST_EV_TO_BEST_EBITDA,VST,1188,2014-01-02,2017-04-03,2017-04-04,7.289,False
BEST_EV_TO_BEST_EBITDA,HWM,1040,2014-01-02,2016-11-06,2016-11-07,8.361,False
BEST_EV_TO_BEST_EBITDA,BLK,826,2014-01-02,2016-04-06,2016-04-07,10.819,False
BEST_EV_TO_BEST_EBITDA,KEYS,781,2014-01-02,2016-02-21,2016-02-22,6.754,False
BEST_EV_TO_BEST_EBITDA,TEAM,733,2014-01-02,2016-01-04,2016-01-05,64.923,False
BEST_EV_TO_BEST_EBITDA,RACE,684,2014-01-02,2015-11-16,2015-11-17,12.952,False
BEST_EV_TO_BEST_EBITDA,HPE,670,2014-01-02,2015-11-02,2015-11-03,3.378,False
BEST_EV_TO_BEST_EBITDA,LITE,588,2014-01-02,2015-08-12,2015-08-13,7.838,False
BEST_EV_TO_BEST_EBITDA,PYPL,561,2014-01-02,2015-07-16,2015-07-17,15.102,False
BEST_EV_TO_BEST_EBITDA,AXON,421,2014-01-02,2015-02-26,2015-02-27,24.029,False
BEST_EV_TO_BEST_EBITDA,SNPS,413,2014-01-02,2015-02-18,2015-02-19,8.93,False
BEST_EV_TO_BEST_EBITDA,CDNS,400,2014-01-02,2015-02-05,2015-02-06,8.656,False
BEST_EV_TO_BEST_EBITDA,ISRG,386,2014-01-02,2015-01-22,2015-01-23,21.02,False
BEST_EV_TO_BEST_EBITDA,TKO,347,2014-01-02,2014-12-14,2014-12-15,6.751,False
BEST_EV_TO_BEST_EBITDA,VRTX,291,2014-01-02,2014-10-19,2014-10-20,27813.732,False
BEST_EV_TO_BEST_EBITDA,WDAY,239,2014-01-02,2014-08-28,2014-08-29,1851.063,False
BEST_EV_TO_BEST_EBITDA,LSEG,190,2014-01-02,2014-07-10,2014-07-11,9.424,False
BEST_EV_TO_BEST_EBITDA,ANET,181,2014-01-02,2014-07-01,2014-07-02,48.003,False
BEST_EV_TO_BEST_EBITDA,PGR,88,2014-01-02,2014-03-30,2014-03-31,10.46,False
BEST_EV_TO_BEST_EBITDA,WELL,83,2014-01-02,2014-03-25,2014-03-26,16.257,False
BEST_EV_TO_BEST_EBITDA,TMUS,55,2014-01-02,2014-02-25,2014-02-26,7.238,False
BEST_EV_TO_BEST_EBITDA,CS,54,2014-01-02,2014-02-24,2014-02-25,6.599,False
BEST_EV_TO_BEST_EBITDA,ZURN,49,2014-01-02,2014-02-19,2014-02-20,8.945,False
BEST_EV_TO_BEST_EBITDA,GRMN,49,2014-01-02,2014-02-19,2014-02-20,11.525,False
BEST_EV_TO_BEST_EBITDA,ON,39,2014-01-02,2014-02-09,2014-02-10,6.693,False
BEST_EV_TO_BEST_EBITDA,NXPI,39,2014-01-02,2014-02-09,2014-02-10,9.661,False
BEST_EV_TO_BEST_EBITDA,MPWR,39,2014-01-02,2014-02-09,2014-02-10,15.259,False
BEST_EV_TO_BEST_EBITDA,AXP,15,2014-01-02,2014-01-16,2014-01-17,17.762,False
BEST_EV_TO_BEST_EBITDA,WMB,6,2014-01-02,2014-01-07,2014-01-08,14.134,False
BEST_EV_TO_BEST_EBITDA,LNG,6,2014-01-02,2014-01-07,2014-01-08,4037.919,False
BEST_EV_TO_BEST_EBITDA,CMG,6,2014-01-02,2014-01-07,2014-01-08,20.894,False
BEST_EV_TO_BEST_EBITDA,6981,5,2014-01-02,2014-01-06,2014-01-07,8.871,False
BEST_EV_TO_BEST_EBITDA,9432,5,2014-01-02,2014-01-06,2014-01-07,3.6,False
BEST_EV_TO_BEST_EBITDA,4063,5,2014-01-02,2014-01-06,2014-01-07,7.647,False
BEST_EV_TO_BEST_EBITDA,7011,5,2014-01-02,2014-01-06,2014-01-07,8.215,False
BEST_EV_TO_BEST_EBITDA,6758,5,2014-01-02,2014-01-06,2014-01-07,3.718,False
BEST_EV_TO_BEST_EBITDA,7203,5,2014-01-02,2014-01-06,2014-01-07,7.57,False
BEST_EV_TO_BEST_EBITDA,9433,5,2014-01-02,2014-01-06,2014-01-07,5.122,False
BEST_EV_TO_BEST_EBITDA,8035,5,2014-01-02,2014-01-06,2014-01-07,9.221,False
BEST_EV_TO_BEST_EBITDA,6857,5,2014-01-02,2014-01-06,2014-01-07,18.801,False
BEST_EV_TO_BEST_EBITDA,6146,5,2014-01-02,2014-01-06,2014-01-07,8.489,False
BEST_EV_TO_BEST_EBITDA,7974,5,2014-01-02,2014-01-06,2014-01-07,18.003,False
BEST_EV_TO_BEST_EBITDA,NOVN,4,2014-01-02,2014-01-05,2014-01-06,12.493,False
BEST_EV_TO_BEST_EBITDA,ABBN,4,2014-01-02,2014-01-05,2014-01-06,8.706,False
BEST_EV_TO_BEST_EBITDA,ROP,4,2014-01-02,2014-01-05,2014-01-06,10.364,False
BEST_EV_TO_BEST_EBITDA,CFR,4,2014-01-02,2014-01-05,2014-01-06,11.215,False
BEST_EV_TO_BEST_EBITDA,NESN,4,2014-01-02,2014-01-05,2014-01-06,12.363,False
BEST_EV_TO_BEST_EBITDA,NFLX,1,2014-01-02,2014-01-02,2014-01-03,33.737,False
BEST_EV_TO_BEST_EBITDA,CRM,1,2014-01-02,2014-01-02,2014-01-03,34.733,False
BEST_EV_TO_BEST_EBITDA,EQIX,1,2014-01-02,2014-01-02,2014-01-03,11.05,False
BEST_EV_TO_BEST_EBITDA,AMT,1,2014-01-02,2014-01-02,2014-01-03,17.183,False
BEST_EV_TO_BEST_EBITDA,NEE,1,2014-01-02,2014-01-02,2014-01-03,11.151,False
BEST_EV_TO_BEST_EBITDA,FCX,1,2014-01-02,2014-01-02,2014-01-03,5.924,False
BEST_EV_TO_BEST_EBITDA,UNP,1,2014-01-02,2014-01-02,2014-01-03,8.467,False
BEST_EV_TO_BEST_EBITDA,XOM,1,2014-01-02,2014-01-02,2014-01-03,5.731,False
BEST_EV_TO_BEST_EBITDA,AMD,1,2014-01-02,2014-01-02,2014-01-03,8.085,False
BEST_EV_TO_BEST_EBITDA,PLD,1,2014-01-02,2014-01-02,2014-01-03,23.713,False
BEST_EV_TO_BEST_EBITDA,MCD,1,2014-01-02,2014-01-02,2014-01-03,10.149,False
BEST_EV_TO_BEST_EBITDA,V,1,2014-01-02,2014-01-02,2014-01-03,17.397,False
BEST_EV_TO_BEST_EBITDA,HD,1,2014-01-02,2014-01-02,2014-01-03,10.912,False
BEST_EV_TO_BEST_EBITDA,PG,1,2014-01-02,2014-01-02,2014-01-03,11.972,False
BEST_EV_TO_BEST_EBITDA,UNH,1,2014-01-02,2014-01-02,2014-01-03,7.018,False
BEST_EV_TO_BEST_EBITDA,005930,1,2014-01-02,2014-01-02,2014-01-03,2.266,False
BEST_EV_TO_BEST_EBITDA,000660,1,2014-01-02,2014-01-02,2014-01-03,3.393,False
BEST_EV_TO_BEST_EBITDA,MU,1,2014-01-02,2014-01-02,2014-01-03,4.602,False
BEST_EV_TO_BEST_EBITDA,META,1,2014-01-02,2014-01-02,2014-01-03,20.496,False
BEST_EV_TO_BEST_EBITDA,NVDA,1,2014-01-02,2014-01-02,2014-01-03,8.233,False
BEST_EV_TO_BEST_EBITDA,REGN,1,2014-01-02,2014-01-02,2014-01-03,23.448,False
BEST_EV_TO_BEST_EBITDA,ABBV,1,2014-01-02,2014-01-02,2014-01-03,11.94,False
BEST_EV_TO_BEST_EBITDA,SPGI,1,2014-01-02,2014-01-02,2014-01-03,10.651,False
BEST_EV_TO_BEST_EBITDA,COST,1,2014-01-02,2014-01-02,2014-01-03,11.252,False
BEST_EV_TO_BEST_EBITDA,AVGO,1,2014-01-02,2014-01-02,2014-01-03,10.66,False
BEST_EV_TO_BEST_EBITDA,TSLA,1,2014-01-02,2014-01-02,2014-01-03,51.712,False
BEST_EV_TO_BEST_EBITDA,AAPL,1,2014-01-02,2014-01-02,2014-01-03,6.432,False
BEST_EV_TO_BEST_EBITDA,MSFT,1,2014-01-02,2014-01-02,2014-01-03,7.25,False
BEST_EV_TO_BEST_EBITDA,AMZN,1,2014-01-02,2014-01-02,2014-01-03,24.125,False
BEST_EV_TO_BEST_EBITDA,GOOGL,1,2014-01-02,2014-01-02,2014-01-03,11.556,False
BEST_EV_TO_BEST_EBITDA,BN,1,2014-01-02,2014-01-02,2014-01-03,13.712,False
BEST_EV_TO_BEST_EBITDA,KKR,1,2014-01-02,2014-01-02,2014-01-03,23.687,False
BEST_EV_TO_BEST_EBITDA,CME,1,2014-01-02,2014-01-02,2014-01-03,12.625,False
BEST_EV_TO_BEST_EBITDA,AON,1,2014-01-02,2014-01-02,2014-01-03,10.816,False
BEST_EV_TO_BEST_EBITDA,IFX,1,2014-01-02,2014-01-02,2014-01-03,5.915,False
BEST_EV_TO_BEST_EBITDA,SCHW,1,2014-01-02,2014-01-02,2014-01-03,12.976,False
BEST_EV_TO_BEST_EBITDA,ADI,1,2014-01-02,2014-01-02,2014-01-03,11.384,False
BEST_EV_TO_BEST_EBITDA,IBM,1,2014-01-02,2014-01-02,2014-01-03,7.963,False
BEST_EV_TO_BEST_EBITDA,ADBE,1,2014-01-02,2014-01-02,2014-01-03,23.526,False
BEST_EV_TO_BEST_EBITDA,TXN,1,2014-01-02,2014-01-02,2014-01-03,10.665,False
BEST_EV_TO_BEST_EBITDA,NOW,1,2014-01-02,2014-01-02,2014-01-03,116.974,False
BEST_EV_TO_BEST_EBITDA,ACN,1,2014-01-02,2014-01-02,2014-01-03,9.942,False
BEST_EV_TO_BEST_EBITDA,SHEL,1,2014-01-02,2014-01-02,2014-01-03,4.442,False
BEST_EV_TO_BEST_EBITDA,NOVOB,1,2014-01-02,2014-01-02,2014-01-03,14.234,False
BEST_EV_TO_BEST_EBITDA,RIO,1,2014-01-02,2014-01-02,2014-01-03,5.96,False
BEST_EV_TO_BEST_EBITDA,QCOM,1,2014-01-02,2014-01-02,2014-01-03,8.354,False
BEST_EV_TO_BEST_EBITDA,MC,1,2014-01-02,2014-01-02,2014-01-03,8.859,False
BEST_EV_TO_BEST_EBITDA,RHM,1,2014-01-02,2014-01-02,2014-01-03,4.847,False
BEST_EV_TO_BEST_EBITDA,SU,1,2014-01-02,2014-01-02,2014-01-03,9.404,False
BEST_EV_TO_BEST_EBITDA,SIE,1,2014-01-02,2014-01-02,2014-01-03,8.937,False
BEST_EV_TO_BEST_EBITDA,AZN,1,2014-01-02,2014-01-02,2014-01-03,8.973,False
BEST_EV_TO_BEST_EBITDA,ASML,1,2014-01-02,2014-01-02,2014-01-03,15.067,False
BEST_EV_TO_BEST_EBITDA,SAP,1,2014-01-02,2014-01-02,2014-01-03,10.563,False
BEST_EV_TO_BEST_EBITDA,RR/,1,2014-01-02,2014-01-02,2014-01-03,9.082,False
BEST_EV_TO_BEST_EBITDA,BKNG,1,2014-01-02,2014-01-02,2014-01-03,15.382,False
BEST_EV_TO_BEST_EBITDA,BSX,1,2014-01-02,2014-01-02,2014-01-03,10.541,False
BEST_EV_TO_BEST_EBITDA,TMO,1,2014-01-02,2014-01-02,2014-01-03,12.277,False
BEST_EV_TO_BEST_EBITDA,BX,1,2014-01-02,2014-01-02,2014-01-03,11.822,False
BEST_EV_TO_BEST_EBITDA,PWR,1,2014-01-02,2014-01-02,2014-01-03,7.638,False
BEST_EV_TO_BEST_EBITDA,STX,1,2014-01-02,2014-01-02,2014-01-03,6.431,False
BEST_EV_TO_BEST_EBITDA,PM,1,2014-01-02,2014-01-02,2014-01-03,11.449,False
BEST_EV_TO_BEST_EBITDA,DLR,1,2014-01-02,2014-01-02,2014-01-03,13.327,False
BEST_EV_TO_BEST_EBITDA,MPC,1,2014-01-02,2014-01-02,2014-01-03,5.203,False
BEST_EV_TO_BEST_EBITDA,JNJ,1,2014-01-02,2014-01-02,2014-01-03,9.506,False
BEST_EV_TO_BEST_EBITDA,GLW,1,2014-01-02,2014-01-02,2014-01-03,7.799,False
BEST_EV_TO_BEST_EBITDA,LRCX,1,2014-01-02,2014-01-02,2014-01-03,6.631,False
BEST_EV_TO_BEST_EBITDA,TER,1,2014-01-02,2014-01-02,2014-01-03,4.512,False
BEST_EV_TO_BEST_EBITDA,FN,1,2014-01-02,2014-01-02,2014-01-03,6.494,False
BEST_EV_TO_BEST_EBITDA,TSM,1,2014-01-02,2014-01-02,2014-01-03,6.102,False
BEST_EV_TO_BEST_EBITDA,KLAC,1,2014-01-02,2014-01-02,2014-01-03,7.992,False
BEST_EV_TO_BEST_EBITDA,MRVL,1,2014-01-02,2014-01-02,2014-01-03,8.814,False
BEST_EV_TO_BEST_EBITDA,PANW,1,2014-01-02,2014-01-02,2014-01-03,41.554,False
BEST_EV_TO_BEST_EBITDA,AMAT,1,2014-01-02,2014-01-02,2014-01-03,8.832,False
BEST_EV_TO_BEST_EBITDA,CSCO,1,2014-01-02,2014-01-02,2014-01-03,5.151,False
BEST_EV_TO_BEST_EBITDA,ORCL,1,2014-01-02,2014-01-02,2014-01-03,7.654,False
BEST_EV_TO_BEST_EBITDA,INTC,1,2014-01-02,2014-01-02,2014-01-03,5.724,False
BEST_EV_TO_BEST_EBITDA,MA,1,2014-01-02,2014-01-02,2014-01-03,16.754,False
BEST_EV_TO_BEST_EBITDA,LLY,1,2014-01-02,2014-01-02,2014-01-03,10.821,False
BEST_EV_TO_BEST_EBITDA,HON,1,2014-01-02,2014-01-02,2014-01-03,8.967,False
BEST_EV_TO_BEST_EBITDA,CAT,1,2014-01-02,2014-01-02,2014-01-03,8.953,False
BEST_EV_TO_BEST_EBITDA,WMT,1,2014-01-02,2014-01-02,2014-01-03,8.028,False
BEST_EV_TO_BEST_EBITDA,DE,1,2014-01-02,2014-01-02,2014-01-03,8.4,False
BEST_EV_TO_BEST_EBITDA,ETN,1,2014-01-02,2014-01-02,2014-01-03,11.343,False
BEST_EV_TO_BEST_EBITDA,LMT,1,2014-01-02,2014-01-02,2014-01-03,8.235,False
BEST_EV_TO_BEST_EBITDA,AI,1,2014-01-02,2014-01-02,2014-01-03,9.006,False
BEST_EV_TO_BEST_EBITDA,ECL,1,2014-01-02,2014-01-02,2014-01-03,12.661,False
BEST_EV_TO_BEST_EBITDA,INTU,1,2014-01-02,2014-01-02,2014-01-03,11.004,False
BEST_EV_TO_BEST_EBITDA,IBE,1,2014-01-02,2014-01-02,2014-01-03,7.598,False
BEST_EV_TO_BEST_EBITDA,PUB,1,2014-01-02,2014-01-02,2014-01-03,9.76,False
BEST_EV_TO_BEST_EBITDA,TTWO,1,2014-01-02,2014-01-02,2014-01-03,3.155,False
BEST_EV_TO_BEST_EBITDA,T,1,2014-01-02,2014-01-02,2014-01-03,6.039,False
BEST_EV_TO_BEST_EBITDA,VZ,1,2014-01-02,2014-01-02,2014-01-03,6.332,False
BEST_EV_TO_BEST_EBITDA,DIS,1,2014-01-02,2014-01-02,2014-01-03,10.623,False
BEST_EV_TO_BEST_EBITDA,CMCSA,1,2014-01-02,2014-01-02,2014-01-03,7.708,False
BEST_EV_TO_BEST_EBITDA,MCK,1,2014-01-02,2014-01-02,2014-01-03,9.502,False
BEST_EV_TO_BEST_EBITDA,SYK,1,2014-01-02,2014-01-02,2014-01-03,9.269,False
BEST_EV_TO_BEST_EBITDA,AMGN,1,2014-01-02,2014-01-02,2014-01-03,9.191,False
BEST_EV_TO_BEST_EBITDA,MRK,1,2014-01-02,2014-01-02,2014-01-03,8.592,False
BEST_EV_TO_BEST_EBITDA,AIR,1,2014-01-02,2014-01-02,2014-01-03,6.179,False
BEST_EV_TO_BEST_EBITDA,SAF,1,2014-01-02,2014-01-02,2014-01-03,7.985,False
BEST_EV_TO_BEST_EBITDA,RTX,1,2014-01-02,2014-01-02,2014-01-03,9.872,False
BEST_EV_TO_BEST_EBITDA,EMR,1,2014-01-02,2014-01-02,2014-01-03,9.978,False
BEST_EV_TO_BEST_EBITDA,MCO,1,2014-01-02,2014-01-02,2014-01-03,12.118,False
BEST_EV_TO_BEST_EBITDA,ADSK,1,2014-01-02,2014-01-02,2014-01-03,18.001,False
BEST_EV_TO_BEST_EBITDA,APH,1,2014-01-02,2014-01-02,2014-01-03,12.765,False
BEST_EV_TO_BEST_EBITDA,MSI,1,2014-01-02,2014-01-02,2014-01-03,8.958,False
BEST_EV_TO_BEST_EBITDA,DSY,1,2014-01-02,2014-01-02,2014-01-03,12.497,False
BEST_EV_TO_BEST_EBITDA,FTNT,1,2014-01-02,2014-01-02,2014-01-03,15.434,False
BEST_EV_TO_BEST_EBITDA,WDC,1,2014-01-02,2014-01-02,2014-01-03,4.336,False
BEST_EV_TO_BEST_EBITDA,ICE,1,2014-01-02,2014-01-02,2014-01-03,13.418,False
BEST_EV_TO_BEST_EBITDA,SBUX,1,2014-01-02,2014-01-02,2014-01-03,14.623,False
BEST_EV_TO_BEST_EBITDA,TJX,1,2014-01-02,2014-01-02,2014-01-03,10.127,False
BEST_EV_TO_BEST_EBITDA,LOW,1,2014-01-02,2014-01-02,2014-01-03,9.751,False
BEST_EV_TO_BEST_EBITDA,DTE,1,2014-01-02,2014-01-02,2014-01-03,5.714,False
BEST_EV_TO_BEST_EBITDA,ABT,1,2014-01-02,2014-01-02,2014-01-03,10.291,False
BEST_EV_TO_BEST_EBITDA,DHR,1,2014-01-02,2014-01-02,2014-01-03,11.467,False
BEST_EV_TO_BEST_EBITDA,SAN,1,2014-01-02,2014-01-02,2014-01-03,8.437,False
BEST_EV_TO_BEST_EBITDA,ITX,1,2014-01-02,2014-01-02,2014-01-03,15.196,False
BEST_EV_TO_BEST_EBITDA,GE,1,2014-01-02,2014-01-02,2014-01-03,15.995,False
BEST_EV_TO_BEST_EBITDA,TT,1,2014-01-02,2014-01-02,2014-01-03,10.115,False
BEST_EV_TO_BEST_EBITDA,KO,1,2014-01-02,2014-01-02,2014-01-03,14.056,False
BEST_EV_TO_BEST_EBITDA,ULVR,1,2014-01-02,2014-01-02,2014-01-03,11.218,False
BEST_EV_TO_BEST_EBITDA,CVX,1,2014-01-02,2014-01-02,2014-01-03,4.576,False
BEST_EV_TO_BEST_EBITDA,SHW,1,2014-01-02,2014-01-02,2014-01-03,12.194,False
BEST_EV_TO_BEST_EBITDA,SO,1,2014-01-02,2014-01-02,2014-01-03,9.342,False
BEST_EV_TO_BEST_EBITDA,TTE,1,2014-01-02,2014-01-02,2014-01-03,3.773,False
BEST_EV_TO_BEST_EBITDA,APO,1,2014-01-02,2014-01-02,2014-01-03,5.525,False
BEST_EV_TO_BEST_EBITDA,MSCI,1,2014-01-02,2014-01-02,2014-01-03,10.992,False
BEST_EV_TO_BEST_EBITDA,ASM,1,2014-01-02,2014-01-02,2014-01-03,11.667,False
BEST_EV_TO_BEST_EBITDA,MRSH,1,2014-01-02,2014-01-02,2014-01-03,9.837,False
BEST_EV_TO_BEST_EBITDA,VRSN,1,2014-01-02,2014-01-02,2014-01-03,9.99,False
BEST_EV_TO_BEST_EBITDA,NEM,1,2014-01-02,2014-01-02,2014-01-03,7.292,False
BEST_EV_TO_BEST_EBITDA,NKE,1,2014-01-02,2014-01-02,2014-01-03,14.74,False
BEST_EV_TO_BEST_EBITDA,ORLY,1,2014-01-02,2014-01-02,2014-01-03,10.803,False
BEST_EV_TO_BEST_EBITDA,PEP,1,2014-01-02,2014-01-02,2014-01-03,10.756,False
BEST_EV_TO_BEST_EBITDA,MDLZ,1,2014-01-02,2014-01-02,2014-01-03,12.744,False
BEST_EV_TO_BEST_EBITDA,OR,1,2014-01-02,2014-01-02,2014-01-03,14.519,False
BEST_EV_TO_BEST_EBITDA,GILD,1,2014-01-02,2014-01-02,2014-01-03,13.974,False
BEST_EV_TO_BEST_EBITDA,PH,1,2014-01-02,2014-01-02,2014-01-03,9.331,False
BEST_EV_TO_BEST_EBITDA,REL,1,2014-01-02,2014-01-02,2014-01-03,10.834,False
BEST_EV_TO_BEST_EBITDA,WM,1,2014-01-02,2014-01-02,2014-01-03,8.306,False
BEST_EV_TO_BEST_EBITDA,ADP,1,2014-01-02,2014-01-02,2014-01-03,13.671,False
BEST_EV_TO_BEST_EBITDA,ZTS,1,2014-01-02,2014-01-02,2014-01-03,13.118,False
BEST_EV_TO_BEST_EBITDA,RMS,1,2014-01-02,2014-01-02,2014-01-03,17.437,False
BEST_EV_TO_BEST_EBITDA,MDT,1,2014-01-02,2014-01-02,2014-01-03,10.461,False
BEST_EV_TO_BEST_EBITDA,HCA,1,2014-01-02,2014-01-02,2014-01-03,7.18,False
BEST_EV_TO_BEST_EBITDA,PFE,1,2014-01-02,2014-01-02,2014-01-03,7.933,False
BEST_EV_TO_BEST_EBITDA,LYV,1,2014-01-02,2014-01-02,2014-01-03,7.975,False
BEST_EV_TO_BEST_EBITDA,MAR,1,2014-01-02,2014-01-02,2014-01-03,13.504,False
BEST_EV_TO_BEST_EBITDA,GM,1,2014-01-02,2014-01-02,2014-01-03,2.531,False
BEST_EV_TO_BEST_EBITDA,CL,1,2014-01-02,2014-01-02,2014-01-03,13.165,False
BEST_EV_TO_BEST_EBITDA,MO,1,2014-01-02,2014-01-02,2014-01-03,10.597,False
BEST_EV_TO_BEST_EBITDA,MNST,1,2014-01-02,2014-01-02,2014-01-03,15.442,False
BEST_EV_TO_BEST_EBITDA,COP,1,2014-01-02,2014-01-02,2014-01-03,4.274,False
BEST_EV_TO_BEST_EBITDA,APD,1,2014-01-02,2014-01-02,2014-01-03,11.135,False
BEST_EV_TO_BEST_EBITDA,SLB,1,2014-01-02,2014-01-02,2014-01-03,8.313,False
BEST_EV_TO_BEST_EBITDA,NRG,1,2014-01-02,2014-01-02,2014-01-03,8.013,False
BEST_EV_TO_BEST_EBITDA,ENEL,1,2014-01-02,2014-01-02,2014-01-03,5.495,False
BEST_GROSS_MARGIN,SCHW,4657,2014-01-01,2026-10-01,,100.0,True
BEST_GROSS_MARGIN,ICE,4657,2014-01-01,2026-10-01,,100.0,True
BEST_GROSS_MARGIN,MRSH,4657,2014-01-01,2026-10-01,,100.0,True
BEST_GROSS_MARGIN,IBKR,4307,2014-01-01,2025-10-16,2025-10-17,100.0,False
BEST_GROSS_MARGIN,CS,4303,2014-01-01,2025-10-12,2025-10-13,9.633,False
BEST_GROSS_MARGIN,SNDK,4075,2014-01-01,2025-02-26,2025-02-27,29.529,False
BEST_GROSS_MARGIN,285A,4069,2014-01-01,2025-02-20,2025-02-21,25.24,False
BEST_GROSS_MARGIN,CME,3883,2014-01-01,2024-08-18,2024-08-19,100.0,False
BEST_GROSS_MARGIN,BLK,3842,2014-01-01,2024-07-08,2024-07-09,100.0,False
BEST_GROSS_MARGIN,BRK/B,3773,2014-01-01,2024-04-30,2024-05-01,74.169,False
BEST_GROSS_MARGIN,GEV,3745,2014-01-01,2024-04-02,2024-04-03,7.155,False
BEST_GROSS_MARGIN,RDDT,3715,2014-01-01,2024-03-03,2024-03-04,87.083,False
BEST_GROSS_MARGIN,ARM,3541,2014-01-01,2023-09-11,2023-09-12,95.0,False
BEST_GROSS_MARGIN,KKR,3228,2014-01-01,2022-11-02,2022-11-03,73.748,False
BEST_GROSS_MARGIN,HSBA,3221,2014-01-01,2022-10-26,2022-10-27,13.186,False
BEST_GROSS_MARGIN,BN,3138,2014-01-01,2022-08-04,2022-08-05,36.19,False
BEST_GROSS_MARGIN,BNP,3136,2014-01-01,2022-08-02,2022-08-03,36.567,False
BEST_GROSS_MARGIN,JPM,3128,2014-01-01,2022-07-25,2022-07-26,1.6,False
BEST_GROSS_MARGIN,PUB,3124,2014-01-01,2022-07-21,2022-07-22,100.0,False
BEST_GROSS_MARGIN,MS,3120,2014-01-01,2022-07-17,2022-07-18,56.542,False
BEST_GROSS_MARGIN,WELL,3073,2014-01-01,2022-05-31,2022-06-01,47.75,False
BEST_GROSS_MARGIN,CEG,2975,2014-01-01,2022-02-22,2022-02-23,42.95,False
BEST_GROSS_MARGIN,UMG,2892,2014-01-01,2021-12-01,2021-12-02,48.733,False
BEST_GROSS_MARGIN,GS,2865,2014-01-01,2021-11-04,2021-11-05,0.684,False
BEST_GROSS_MARGIN,AON,2767,2014-01-01,2021-07-29,2021-07-30,100.0,False
BEST_GROSS_MARGIN,APP,2688,2014-01-01,2021-05-11,2021-05-12,74.942,False
BEST_GROSS_MARGIN,RBLX,2618,2014-01-01,2021-03-02,2021-03-03,72.835,False
BEST_GROSS_MARGIN,ABNB,2536,2014-01-01,2020-12-10,2020-12-11,75.399,False
BEST_GROSS_MARGIN,DASH,2528,2014-01-01,2020-12-02,2020-12-03,58.71,False
BEST_GROSS_MARGIN,PLTR,2466,2014-01-01,2020-10-01,2020-10-02,72.976,False
BEST_GROSS_MARGIN,SNOW,2465,2014-01-01,2020-09-30,2020-10-01,65.667,False
BEST_GROSS_MARGIN,ALV,2436,2014-01-01,2020-09-01,2020-09-02,41.667,False
BEST_GROSS_MARGIN,VRT,2277,2014-01-01,2020-03-26,2020-03-27,29.58,False
BEST_GROSS_MARGIN,DDOG,2114,2014-01-01,2019-10-15,2019-10-16,75.394,False
BEST_GROSS_MARGIN,NET,2107,2014-01-01,2019-10-08,2019-10-09,76.252,False
BEST_GROSS_MARGIN,CRWD,2016,2014-01-01,2019-07-09,2019-07-10,69.471,False
BEST_GROSS_MARGIN,UBER,1947,2014-01-01,2019-05-01,2019-05-02,51.336,False
BEST_GROSS_MARGIN,DELL,1814,2014-01-01,2018-12-19,2018-12-20,31.576,False
BEST_GROSS_MARGIN,LIN,1776,2014-01-01,2018-11-11,2018-11-12,30.575,False
BEST_GROSS_MARGIN,VST,1772,2014-01-01,2018-11-07,2018-11-08,39.963,False
BEST_GROSS_MARGIN,LNG,1762,2014-01-01,2018-10-28,2018-10-29,100.0,False
BEST_GROSS_MARGIN,BE,1694,2014-01-01,2018-08-21,2018-08-22,25.832,False
BEST_GROSS_MARGIN,DLR,1596,2014-01-01,2018-05-15,2018-05-16,64.4,False
BEST_GROSS_MARGIN,ZS,1561,2014-01-01,2018-04-10,2018-04-11,80.336,False
BEST_GROSS_MARGIN,SPOT,1549,2014-01-01,2018-03-29,2018-03-30,24.854,False
BEST_GROSS_MARGIN,ZURN,1463,2014-01-01,2018-01-02,2018-01-03,9.506,False
BEST_GROSS_MARGIN,SPGI,1449,2014-01-01,2017-12-19,2017-12-20,72.475,False
BEST_GROSS_MARGIN,PLD,1294,2014-01-01,2017-07-17,2017-07-18,73.506,False
BEST_GROSS_MARGIN,HWM,1097,2014-01-01,2017-01-01,2017-01-02,19.797,False
BEST_GROSS_MARGIN,LSEG,1023,2014-01-01,2016-10-19,2016-10-20,100.0,False
BEST_GROSS_MARGIN,TTD,1022,2014-01-01,2016-10-18,2016-10-19,76.306,False
BEST_GROSS_MARGIN,TEAM,735,2014-01-01,2016-01-05,2016-01-06,72.147,False
BEST_GROSS_MARGIN,RACE,684,2014-01-01,2015-11-15,2015-11-16,52.3,False
BEST_GROSS_MARGIN,NRG,679,2014-01-01,2015-11-10,2015-11-11,45.133,False
BEST_GROSS_MARGIN,HPE,666,2014-01-01,2015-10-28,2015-10-29,28.201,False
BEST_GROSS_MARGIN,LITE,581,2014-01-01,2015-08-04,2015-08-05,32.955,False
BEST_GROSS_MARGIN,PYPL,567,2014-01-01,2015-07-21,2015-07-22,67.013,False
BEST_GROSS_MARGIN,WMB,357,2014-01-01,2014-12-23,2014-12-24,47.202,False
BEST_GROSS_MARGIN,SO,323,2014-01-01,2014-11-19,2014-11-20,64.097,False
BEST_GROSS_MARGIN,CMCSA,316,2014-01-01,2014-11-12,2014-11-13,32.794,False
BEST_GROSS_MARGIN,DIS,309,2014-01-01,2014-11-05,2014-11-06,61.7,False
BEST_GROSS_MARGIN,LMT,294,2014-01-01,2014-10-21,2014-10-22,11.88,False
BEST_GROSS_MARGIN,KEYS,294,2014-01-01,2014-10-21,2014-10-22,56.088,False
BEST_GROSS_MARGIN,V,222,2014-01-01,2014-08-10,2014-08-11,82.843,False
BEST_GROSS_MARGIN,MA,217,2014-01-01,2014-08-05,2014-08-06,74.244,False
BEST_GROSS_MARGIN,MAR,212,2014-01-01,2014-07-31,2014-08-01,14.844,False
BEST_GROSS_MARGIN,BX,194,2014-01-01,2014-07-13,2014-07-14,60.142,False
BEST_GROSS_MARGIN,XOM,194,2014-01-01,2014-07-13,2014-07-14,35.791,False
BEST_GROSS_MARGIN,TTE,190,2014-01-01,2014-07-09,2014-07-10,19.777,False
BEST_GROSS_MARGIN,9432,182,2014-01-01,2014-07-01,2014-07-02,54.875,False
BEST_GROSS_MARGIN,APO,180,2014-01-01,2014-06-29,2014-06-30,58.874,False
BEST_GROSS_MARGIN,ANET,166,2014-01-01,2014-06-15,2014-06-16,64.66,False
BEST_GROSS_MARGIN,MCD,148,2014-01-01,2014-05-28,2014-05-29,38.719,False
BEST_GROSS_MARGIN,CVX,148,2014-01-01,2014-05-28,2014-05-29,45.015,False
BEST_GROSS_MARGIN,9433,112,2014-01-01,2014-04-22,2014-04-23,82.482,False
BEST_GROSS_MARGIN,UNP,107,2014-01-01,2014-04-17,2014-04-18,35.295,False
BEST_GROSS_MARGIN,SHEL,98,2014-01-01,2014-04-08,2014-04-09,17.924,False
BEST_GROSS_MARGIN,MCO,89,2014-01-01,2014-03-30,2014-03-31,73.619,False
BEST_GROSS_MARGIN,ENEL,64,2014-01-01,2014-03-05,2014-03-06,24.006,False
BEST_GROSS_MARGIN,DTE,57,2014-01-01,2014-02-26,2014-02-27,44.8,False
BEST_GROSS_MARGIN,RR/,44,2014-01-01,2014-02-13,2014-02-14,22.0,False
BEST_GROSS_MARGIN,CMG,40,2014-01-01,2014-02-09,2014-02-10,26.71,False
BEST_GROSS_MARGIN,MPC,40,2014-01-01,2014-02-09,2014-02-10,15.325,False
BEST_GROSS_MARGIN,UBSG,40,2014-01-01,2014-02-09,2014-02-10,1.31,False
BEST_GROSS_MARGIN,HCA,36,2014-01-01,2014-02-05,2014-02-06,58.82,False
BEST_GROSS_MARGIN,T,28,2014-01-01,2014-01-28,2014-01-29,57.492,False
BEST_GROSS_MARGIN,FICO,26,2014-01-01,2014-01-26,2014-01-27,68.436,False
BEST_GROSS_MARGIN,WMT,8,2014-01-01,2014-01-08,2014-01-09,24.383,False
BEST_GROSS_MARGIN,ADSK,7,2014-01-01,2014-01-07,2014-01-08,90.16,False
BEST_GROSS_MARGIN,ACN,6,2014-01-01,2014-01-06,2014-01-07,32.981,False
BEST_GROSS_MARGIN,STX,6,2014-01-01,2014-01-06,2014-01-07,28.298,False
BEST_GROSS_MARGIN,AXON,5,2014-01-01,2014-01-05,2014-01-06,62.301,False
BEST_GROSS_MARGIN,DSY,5,2014-01-01,2014-01-05,2014-01-06,87.041,False
BEST_GROSS_MARGIN,ORLY,5,2014-01-01,2014-01-05,2014-01-06,50.854,False
BEST_GROSS_MARGIN,TER,5,2014-01-01,2014-01-05,2014-01-06,56.272,False
BEST_GROSS_MARGIN,AMD,5,2014-01-01,2014-01-05,2014-01-06,35.683,False
BEST_GROSS_MARGIN,MC,5,2014-01-01,2014-01-05,2014-01-06,65.357,False
BEST_GROSS_MARGIN,AZN,5,2014-01-01,2014-01-05,2014-01-06,81.682,False
BEST_GROSS_MARGIN,TSLA,5,2014-01-01,2014-01-05,2014-01-06,25.539,False
BEST_GROSS_MARGIN,EQIX,5,2014-01-01,2014-01-05,2014-01-06,68.294,False
BEST_GROSS_MARGIN,MPWR,5,2014-01-01,2014-01-05,2014-01-06,54.819,False
BEST_GROSS_MARGIN,INTC,5,2014-01-01,2014-01-05,2014-01-06,60.03,False
BEST_GROSS_MARGIN,PEP,5,2014-01-01,2014-01-05,2014-01-06,53.067,False
BEST_GROSS_MARGIN,MCK,2,2014-01-01,2014-01-02,2014-01-03,6.186,False
BEST_GROSS_MARGIN,TMUS,1,2014-01-01,2014-01-01,2014-01-02,48.305,False
BEST_GROSS_MARGIN,AMT,1,2014-01-01,2014-01-01,2014-01-02,74.336,False
BEST_GROSS_MARGIN,HON,1,2014-01-01,2014-01-01,2014-01-02,27.276,False
BEST_GROSS_MARGIN,CAT,1,2014-01-01,2014-01-01,2014-01-02,24.877,False
BEST_GROSS_MARGIN,DE,1,2014-01-01,2014-01-01,2014-01-02,25.631,False
BEST_GROSS_MARGIN,ETN,1,2014-01-01,2014-01-01,2014-01-02,31.255,False
BEST_GROSS_MARGIN,8035,1,2014-01-01,2014-01-01,2014-01-02,33.858,False
BEST_GROSS_MARGIN,IFX,1,2014-01-01,2014-01-01,2014-01-02,37.662,False
BEST_GROSS_MARGIN,IBM,1,2014-01-01,2014-01-01,2014-01-02,50.247,False
BEST_GROSS_MARGIN,ADI,1,2014-01-01,2014-01-01,2014-01-02,65.514,False
BEST_GROSS_MARGIN,QCOM,1,2014-01-01,2014-01-01,2014-01-02,61.862,False
BEST_GROSS_MARGIN,TXN,1,2014-01-01,2014-01-01,2014-01-02,54.45,False
BEST_GROSS_MARGIN,ADBE,1,2014-01-01,2014-01-01,2014-01-02,87.066,False
BEST_GROSS_MARGIN,NOW,1,2014-01-01,2014-01-01,2014-01-02,65.991,False
BEST_GROSS_MARGIN,RIO,1,2014-01-01,2014-01-01,2014-01-02,41.796,False
BEST_GROSS_MARGIN,NOVOB,1,2014-01-01,2014-01-01,2014-01-02,83.566,False
BEST_GROSS_MARGIN,6857,1,2014-01-01,2014-01-01,2014-01-02,52.969,False
BEST_GROSS_MARGIN,SU,1,2014-01-01,2014-01-01,2014-01-02,37.501,False
BEST_GROSS_MARGIN,NESN,1,2014-01-01,2014-01-01,2014-01-02,48.089,False
BEST_GROSS_MARGIN,RHM,1,2014-01-01,2014-01-01,2014-01-02,47.952,False
BEST_GROSS_MARGIN,SAP,1,2014-01-01,2014-01-01,2014-01-02,73.185,False
BEST_GROSS_MARGIN,ASML,1,2014-01-01,2014-01-01,2014-01-02,41.695,False
BEST_GROSS_MARGIN,SIE,1,2014-01-01,2014-01-01,2014-01-02,29.967,False
BEST_GROSS_MARGIN,CSCO,1,2014-01-01,2014-01-01,2014-01-02,62.183,False
BEST_GROSS_MARGIN,PANW,1,2014-01-01,2014-01-01,2014-01-02,74.103,False
BEST_GROSS_MARGIN,FN,1,2014-01-01,2014-01-01,2014-01-02,11.648,False
BEST_GROSS_MARGIN,AMAT,1,2014-01-01,2014-01-01,2014-01-02,43.371,False
BEST_GROSS_MARGIN,LRCX,1,2014-01-01,2014-01-01,2014-01-02,46.081,False
BEST_GROSS_MARGIN,GLW,1,2014-01-01,2014-01-01,2014-01-02,44.883,False
BEST_GROSS_MARGIN,TSM,1,2014-01-01,2014-01-01,2014-01-02,46.722,False
BEST_GROSS_MARGIN,PWR,1,2014-01-01,2014-01-01,2014-01-02,16.546,False
BEST_GROSS_MARGIN,CDNS,1,2014-01-01,2014-01-01,2014-01-02,88.351,False
BEST_GROSS_MARGIN,MRVL,1,2014-01-01,2014-01-01,2014-01-02,50.908,False
BEST_GROSS_MARGIN,KLAC,1,2014-01-01,2014-01-01,2014-01-02,59.046,False
BEST_GROSS_MARGIN,BKNG,1,2014-01-01,2014-01-01,2014-01-02,85.668,False
BEST_GROSS_MARGIN,BSX,1,2014-01-01,2014-01-01,2014-01-02,70.484,False
BEST_GROSS_MARGIN,TMO,1,2014-01-01,2014-01-01,2014-01-02,47.242,False
BEST_GROSS_MARGIN,PM,1,2014-01-01,2014-01-01,2014-01-02,66.866,False
BEST_GROSS_MARGIN,CRM,1,2014-01-01,2014-01-01,2014-01-02,80.16,False
BEST_GROSS_MARGIN,NFLX,1,2014-01-01,2014-01-01,2014-01-02,30.345,False
BEST_GROSS_MARGIN,JNJ,1,2014-01-01,2014-01-01,2014-01-02,69.191,False
BEST_GROSS_MARGIN,ORCL,1,2014-01-01,2014-01-01,2014-01-02,82.347,False
BEST_GROSS_MARGIN,LLY,1,2014-01-01,2014-01-01,2014-01-02,76.043,False
BEST_GROSS_MARGIN,ISRG,1,2014-01-01,2014-01-01,2014-01-02,70.508,False
BEST_GROSS_MARGIN,META,1,2014-01-01,2014-01-01,2014-01-02,74.975,False
BEST_GROSS_MARGIN,NVDA,1,2014-01-01,2014-01-01,2014-01-02,54.459,False
BEST_GROSS_MARGIN,AVGO,1,2014-01-01,2014-01-01,2014-01-02,50.751,False
BEST_GROSS_MARGIN,MU,1,2014-01-01,2014-01-01,2014-01-02,33.343,False
BEST_GROSS_MARGIN,AAPL,1,2014-01-01,2014-01-01,2014-01-02,37.271,False
BEST_GROSS_MARGIN,MSFT,1,2014-01-01,2014-01-01,2014-01-02,69.754,False
BEST_GROSS_MARGIN,GOOGL,1,2014-01-01,2014-01-01,2014-01-02,73.26,False
BEST_GROSS_MARGIN,AMZN,1,2014-01-01,2014-01-01,2014-01-02,28.175,False
BEST_GROSS_MARGIN,UNH,1,2014-01-01,2014-01-01,2014-01-02,25.295,False
BEST_GROSS_MARGIN,000660,1,2014-01-01,2014-01-01,2014-01-02,39.729,False
BEST_GROSS_MARGIN,PG,1,2014-01-01,2014-01-01,2014-01-02,50.086,False
BEST_GROSS_MARGIN,HD,1,2014-01-01,2014-01-01,2014-01-02,34.842,False
BEST_GROSS_MARGIN,COST,1,2014-01-01,2014-01-01,2014-01-02,10.83,False
BEST_GROSS_MARGIN,005930,1,2014-01-01,2014-01-01,2014-01-02,39.092,False
BEST_GROSS_MARGIN,FCX,1,2014-01-01,2014-01-01,2014-01-02,43.247,False
BEST_GROSS_MARGIN,NEE,1,2014-01-01,2014-01-01,2014-01-02,65.104,False
BEST_GROSS_MARGIN,ABBV,1,2014-01-01,2014-01-01,2014-01-02,77.101,False
BEST_GROSS_MARGIN,REGN,1,2014-01-01,2014-01-01,2014-01-02,90.9,False
BEST_GROSS_MARGIN,ECL,1,2014-01-01,2014-01-01,2014-01-02,46.103,False
BEST_GROSS_MARGIN,ULVR,1,2014-01-01,2014-01-01,2014-01-02,43.173,False
BEST_GROSS_MARGIN,KO,1,2014-01-01,2014-01-01,2014-01-02,60.891,False
BEST_GROSS_MARGIN,TJX,1,2014-01-01,2014-01-01,2014-01-02,28.855,False
BEST_GROSS_MARGIN,7974,1,2014-01-01,2014-01-01,2014-01-02,31.191,False
BEST_GROSS_MARGIN,LOW,1,2014-01-01,2014-01-01,2014-01-02,34.834,False
BEST_GROSS_MARGIN,TTWO,1,2014-01-01,2014-01-01,2014-01-02,42.783,False
BEST_GROSS_MARGIN,VZ,1,2014-01-01,2014-01-01,2014-01-02,62.882,False
BEST_GROSS_MARGIN,SYK,1,2014-01-01,2014-01-01,2014-01-02,68.036,False
BEST_GROSS_MARGIN,AMGN,1,2014-01-01,2014-01-01,2014-01-02,84.502,False
BEST_GROSS_MARGIN,MRK,1,2014-01-01,2014-01-01,2014-01-02,75.143,False
BEST_GROSS_MARGIN,SAF,1,2014-01-01,2014-01-01,2014-01-02,50.568,False
BEST_GROSS_MARGIN,AIR,1,2014-01-01,2014-01-01,2014-01-02,15.368,False
BEST_GROSS_MARGIN,6981,1,2014-01-01,2014-01-01,2014-01-02,33.228,False
BEST_GROSS_MARGIN,RTX,1,2014-01-01,2014-01-01,2014-01-02,28.416,False
BEST_GROSS_MARGIN,EMR,1,2014-01-01,2014-01-01,2014-01-02,41.049,False
BEST_GROSS_MARGIN,NXPI,1,2014-01-01,2014-01-01,2014-01-02,49.775,False
BEST_GROSS_MARGIN,MSI,1,2014-01-01,2014-01-01,2014-01-02,49.632,False
BEST_GROSS_MARGIN,APH,1,2014-01-01,2014-01-01,2014-01-02,31.751,False
BEST_GROSS_MARGIN,SNPS,1,2014-01-01,2014-01-01,2014-01-02,83.191,False
BEST_GROSS_MARGIN,WDC,1,2014-01-01,2014-01-01,2014-01-02,29.459,False
BEST_GROSS_MARGIN,WDAY,1,2014-01-01,2014-01-01,2014-01-02,65.517,False
BEST_GROSS_MARGIN,FTNT,1,2014-01-01,2014-01-01,2014-01-02,72.419,False
BEST_GROSS_MARGIN,6146,1,2014-01-01,2014-01-01,2014-01-02,49.682,False
BEST_GROSS_MARGIN,IBE,1,2014-01-01,2014-01-01,2014-01-02,38.65,False
BEST_GROSS_MARGIN,INTU,1,2014-01-01,2014-01-01,2014-01-02,86.646,False
BEST_GROSS_MARGIN,AI,1,2014-01-01,2014-01-01,2014-01-02,63.38,False
BEST_GROSS_MARGIN,SBUX,1,2014-01-01,2014-01-01,2014-01-02,57.919,False
BEST_GROSS_MARGIN,7203,1,2014-01-01,2014-01-01,2014-01-02,19.853,False
BEST_GROSS_MARGIN,ITX,1,2014-01-01,2014-01-01,2014-01-02,59.576,False
BEST_GROSS_MARGIN,ABT,1,2014-01-01,2014-01-01,2014-01-02,56.134,False
BEST_GROSS_MARGIN,DHR,1,2014-01-01,2014-01-01,2014-01-02,52.455,False
BEST_GROSS_MARGIN,VRTX,1,2014-01-01,2014-01-01,2014-01-02,90.526,False
BEST_GROSS_MARGIN,SAN,1,2014-01-01,2014-01-01,2014-01-02,69.116,False
BEST_GROSS_MARGIN,GE,1,2014-01-01,2014-01-01,2014-01-02,35.299,False
BEST_GROSS_MARGIN,TT,1,2014-01-01,2014-01-01,2014-01-02,32.042,False
BEST_GROSS_MARGIN,ABBN,1,2014-01-01,2014-01-01,2014-01-02,31.052,False
BEST_GROSS_MARGIN,NOVN,1,2014-01-01,2014-01-01,2014-01-02,69.846,False
BEST_GROSS_MARGIN,CFR,1,2014-01-01,2014-01-01,2014-01-02,64.093,False
BEST_GROSS_MARGIN,NKE,1,2014-01-01,2014-01-01,2014-01-02,44.668,False
BEST_GROSS_MARGIN,MSCI,1,2014-01-01,2014-01-01,2014-01-02,68.2,False
BEST_GROSS_MARGIN,ASM,1,2014-01-01,2014-01-01,2014-01-02,39.751,False
BEST_GROSS_MARGIN,VRSN,1,2014-01-01,2014-01-01,2014-01-02,81.271,False
BEST_GROSS_MARGIN,ON,1,2014-01-01,2014-01-01,2014-01-02,35.684,False
BEST_GROSS_MARGIN,COHR,1,2014-01-01,2014-01-01,2014-01-02,36.033,False
BEST_GROSS_MARGIN,MDLZ,1,2014-01-01,2014-01-01,2014-01-02,37.902,False
BEST_GROSS_MARGIN,NEM,1,2014-01-01,2014-01-01,2014-01-02,46.711,False
BEST_GROSS_MARGIN,SHW,1,2014-01-01,2014-01-01,2014-01-02,45.787,False
BEST_GROSS_MARGIN,OR,1,2014-01-01,2014-01-01,2014-01-02,71.561,False
BEST_GROSS_MARGIN,ROP,1,2014-01-01,2014-01-01,2014-01-02,78.029,False
BEST_GROSS_MARGIN,PFE,1,2014-01-01,2014-01-01,2014-01-02,81.583,False
BEST_GROSS_MARGIN,7011,1,2014-01-01,2014-01-01,2014-01-02,16.995,False
BEST_GROSS_MARGIN,PH,1,2014-01-01,2014-01-01,2014-01-02,23.838,False
BEST_GROSS_MARGIN,REL,1,2014-01-01,2014-01-01,2014-01-02,42.203,False
BEST_GROSS_MARGIN,ADP,1,2014-01-01,2014-01-01,2014-01-02,44.441,False
BEST_GROSS_MARGIN,WM,1,2014-01-01,2014-01-01,2014-01-02,35.502,False
BEST_GROSS_MARGIN,6758,1,2014-01-01,2014-01-01,2014-01-02,33.077,False
BEST_GROSS_MARGIN,RMS,1,2014-01-01,2014-01-01,2014-01-02,67.975,False
BEST_GROSS_MARGIN,ZTS,1,2014-01-01,2014-01-01,2014-01-02,65.284,False
BEST_GROSS_MARGIN,MDT,1,2014-01-01,2014-01-01,2014-01-02,75.052,False
BEST_GROSS_MARGIN,GILD,1,2014-01-01,2014-01-01,2014-01-02,79.364,False
BEST_GROSS_MARGIN,LYV,1,2014-01-01,2014-01-01,2014-01-02,29.104,False
BEST_GROSS_MARGIN,GM,1,2014-01-01,2014-01-01,2014-01-02,15.07,False
BEST_GROSS_MARGIN,GRMN,1,2014-01-01,2014-01-01,2014-01-02,54.453,False
BEST_GROSS_MARGIN,CL,1,2014-01-01,2014-01-01,2014-01-02,59.42,False
BEST_GROSS_MARGIN,MO,1,2014-01-01,2014-01-01,2014-01-02,56.645,False
BEST_GROSS_MARGIN,TKO,1,2014-01-01,2014-01-01,2014-01-02,38.022,False
BEST_GROSS_MARGIN,MNST,1,2014-01-01,2014-01-01,2014-01-02,52.944,False
BEST_GROSS_MARGIN,APD,1,2014-01-01,2014-01-01,2014-01-02,27.216,False
BEST_GROSS_MARGIN,SLB,1,2014-01-01,2014-01-01,2014-01-02,29.307,False
BEST_GROSS_MARGIN,COP,1,2014-01-01,2014-01-01,2014-01-02,43.223,False
BEST_GROSS_MARGIN,4063,1,2014-01-01,2014-01-01,2014-01-02,26.909,False
BEST_PEG_RATIO,SNDK,4326,2014-01-02,2025-11-05,2025-11-06,0.331,False
BEST_PEG_RATIO,285A,4065,2014-01-02,2025-02-17,2025-02-18,0.13,False
BEST_PEG_RATIO,GEV,3792,2014-01-02,2024-05-20,2024-05-21,0.572,False
BEST_PEG_RATIO,RDDT,3757,2014-01-02,2024-04-15,2024-04-16,2.637,False
BEST_PEG_RATIO,ARM,3568,2014-01-02,2023-10-09,2023-10-10,1.206,False
BEST_PEG_RATIO,UBER,3444,2014-01-02,2023-06-07,2023-06-08,0.699,False
BEST_PEG_RATIO,SNOW,3294,2014-01-02,2023-01-08,2023-01-09,8.634,False
BEST_PEG_RATIO,LYV,3238,2014-01-02,2022-11-13,2022-11-14,1.846,False
BEST_PEG_RATIO,CEG,3053,2014-01-02,2022-05-12,2022-05-13,0.475,False
BEST_PEG_RATIO,ABNB,2968,2014-01-02,2022-02-16,2022-02-17,1.345,False
BEST_PEG_RATIO,DDOG,2951,2014-01-02,2022-01-30,2022-01-31,3.278,False
BEST_PEG_RATIO,SPOT,2946,2014-01-02,2022-01-25,2022-01-26,256.015,False
BEST_PEG_RATIO,NET,2867,2014-01-02,2021-11-07,2021-11-08,4162.955,False
BEST_PEG_RATIO,UMG,2825,2014-01-02,2021-09-26,2021-09-27,1.728,False
BEST_PEG_RATIO,DASH,2780,2014-01-02,2021-08-12,2021-08-13,12.318,False
BEST_PEG_RATIO,BE,2748,2014-01-02,2021-07-11,2021-07-12,111.705,False
BEST_PEG_RATIO,APP,2686,2014-01-02,2021-05-10,2021-05-11,2.409,False
BEST_PEG_RATIO,RBLX,2651,2014-01-02,2021-04-05,2021-04-06,115.009,False
BEST_PEG_RATIO,PLTR,2603,2014-01-02,2021-02-16,2021-02-17,7.376,False
BEST_PEG_RATIO,6146,2569,2014-01-02,2021-01-13,2021-01-14,1.615,False
BEST_PEG_RATIO,VRT,2423,2014-01-02,2020-08-20,2020-08-21,0.449,False
BEST_PEG_RATIO,CRWD,2345,2014-01-02,2020-06-03,2020-06-04,180.438,False
BEST_PEG_RATIO,ZS,1978,2014-01-02,2019-06-02,2019-06-03,3.665,False
BEST_PEG_RATIO,DELL,1831,2014-01-02,2019-01-06,2019-01-07,0.242,False
BEST_PEG_RATIO,LIN,1782,2014-01-02,2018-11-18,2018-11-19,1.237,False
BEST_PEG_RATIO,VST,1567,2014-01-02,2018-04-17,2018-04-18,0.997,False
BEST_PEG_RATIO,LNG,1534,2014-01-02,2018-03-15,2018-03-16,0.719,False
BEST_PEG_RATIO,KEYS,1190,2014-01-02,2017-04-05,2017-04-06,36.898,False
BEST_PEG_RATIO,HWM,1099,2014-01-02,2017-01-04,2017-01-05,2.699,False
BEST_PEG_RATIO,7974,1076,2014-01-02,2016-12-12,2016-12-13,0.887,False
BEST_PEG_RATIO,TTD,1028,2014-01-02,2016-10-25,2016-10-26,1.176,False
BEST_PEG_RATIO,8316,756,2014-01-02,2016-01-27,2016-01-28,14.613,False
BEST_PEG_RATIO,BN,748,2014-01-02,2016-01-19,2016-01-20,0.804,False
BEST_PEG_RATIO,TEAM,733,2014-01-02,2016-01-04,2016-01-05,4.248,False
BEST_PEG_RATIO,RACE,680,2014-01-02,2015-11-12,2015-11-13,2.742,False
BEST_PEG_RATIO,HPE,670,2014-01-02,2015-11-02,2015-11-03,0.808,False
BEST_PEG_RATIO,WDAY,606,2014-01-02,2015-08-30,2015-08-31,649.351,False
BEST_PEG_RATIO,PYPL,593,2014-01-02,2015-08-17,2015-08-18,1.518,False
BEST_PEG_RATIO,LITE,588,2014-01-02,2015-08-12,2015-08-13,0.902,False
BEST_PEG_RATIO,AZN,510,2014-01-02,2015-05-26,2015-05-27,7.095,False
BEST_PEG_RATIO,ASM,428,2014-01-02,2015-03-05,2015-03-06,2.796,False
BEST_PEG_RATIO,APO,419,2014-01-02,2015-02-24,2015-02-25,1.255,False
BEST_PEG_RATIO,BRK/B,412,2014-01-02,2015-02-17,2015-02-18,3.004,False
BEST_PEG_RATIO,KKR,405,2014-01-02,2015-02-10,2015-02-11,7.556,False
BEST_PEG_RATIO,VRTX,370,2014-01-02,2015-01-06,2015-01-07,473.189,False
BEST_PEG_RATIO,6857,300,2014-01-02,2014-10-28,2014-10-29,3.825,False
BEST_PEG_RATIO,LSEG,203,2014-01-02,2014-07-23,2014-07-24,1.925,False
BEST_PEG_RATIO,ANET,181,2014-01-02,2014-07-01,2014-07-02,4.275,False
BEST_PEG_RATIO,8035,138,2014-01-02,2014-05-19,2014-05-20,1.978,False
BEST_PEG_RATIO,TTE,113,2014-01-02,2014-04-24,2014-04-25,0.672,False
BEST_PEG_RATIO,MUV2,85,2014-01-02,2014-03-27,2014-03-28,16.701,False
BEST_PEG_RATIO,NRG,82,2014-01-02,2014-03-24,2014-03-25,4.461,False
BEST_PEG_RATIO,IBE,68,2014-01-02,2014-03-10,2014-03-11,21.088,False
BEST_PEG_RATIO,RHM,50,2014-01-02,2014-02-20,2014-02-21,0.85,False
BEST_PEG_RATIO,FICO,25,2014-01-02,2014-01-26,2014-01-27,0.885,False
BEST_PEG_RATIO,SU,22,2014-01-02,2014-01-23,2014-01-24,2.736,False
BEST_PEG_RATIO,TKO,8,2014-01-02,2014-01-09,2014-01-10,4.078,False
BEST_PEG_RATIO,RMS,7,2014-01-02,2014-01-08,2014-01-09,1.416,False
BEST_PEG_RATIO,7203,5,2014-01-02,2014-01-06,2014-01-07,0.205,False
BEST_PEG_RATIO,9432,5,2014-01-02,2014-01-06,2014-01-07,1.147,False
BEST_PEG_RATIO,6981,5,2014-01-02,2014-01-06,2014-01-07,0.52,False
BEST_PEG_RATIO,7011,5,2014-01-02,2014-01-06,2014-01-07,2.129,False
BEST_PEG_RATIO,9433,5,2014-01-02,2014-01-06,2014-01-07,0.502,False
BEST_PEG_RATIO,4063,5,2014-01-02,2014-01-06,2014-01-07,0.971,False
BEST_PEG_RATIO,6758,5,2014-01-02,2014-01-06,2014-01-07,0.442,False
BEST_PEG_RATIO,8306,5,2014-01-02,2014-01-06,2014-01-07,4.657,False
BEST_PEG_RATIO,LLY,5,2014-01-02,2014-01-06,2014-01-07,21.929,False
BEST_PEG_RATIO,SHEL,4,2014-01-02,2014-01-05,2014-01-06,0.126,False
BEST_PEG_RATIO,RIO,4,2014-01-02,2014-01-05,2014-01-06,0.888,False
BEST_PEG_RATIO,KLAC,4,2014-01-02,2014-01-05,2014-01-06,0.577,False
BEST_PEG_RATIO,NESN,4,2014-01-02,2014-01-05,2014-01-06,3.347,False
BEST_PEG_RATIO,ZURN,4,2014-01-02,2014-01-05,2014-01-06,1.383,False
BEST_PEG_RATIO,RR/,4,2014-01-02,2014-01-05,2014-01-06,1.125,False
BEST_PEG_RATIO,PH,4,2014-01-02,2014-01-05,2014-01-06,1.75,False
BEST_PEG_RATIO,MSCI,4,2014-01-02,2014-01-05,2014-01-06,1.041,False
BEST_PEG_RATIO,UBSG,4,2014-01-02,2014-01-05,2014-01-06,0.534,False
BEST_PEG_RATIO,CFR,4,2014-01-02,2014-01-05,2014-01-06,1.246,False
BEST_PEG_RATIO,NOVN,4,2014-01-02,2014-01-05,2014-01-06,1.281,False
BEST_PEG_RATIO,ROP,4,2014-01-02,2014-01-05,2014-01-06,1.317,False
BEST_PEG_RATIO,ASML,4,2014-01-02,2014-01-05,2014-01-06,0.701,False
BEST_PEG_RATIO,ALV,4,2014-01-02,2014-01-05,2014-01-06,0.572,False
BEST_PEG_RATIO,LRCX,4,2014-01-02,2014-01-05,2014-01-06,0.317,False
BEST_PEG_RATIO,ABBN,4,2014-01-02,2014-01-05,2014-01-06,1.041,False
BEST_PEG_RATIO,PLD,1,2014-01-02,2014-01-02,2014-01-03,17.693,False
BEST_PEG_RATIO,AMD,1,2014-01-02,2014-01-02,2014-01-03,3.271,False
BEST_PEG_RATIO,NEE,1,2014-01-02,2014-01-02,2014-01-03,1.876,False
BEST_PEG_RATIO,AMT,1,2014-01-02,2014-01-02,2014-01-03,1.435,False
BEST_PEG_RATIO,XOM,1,2014-01-02,2014-01-02,2014-01-03,0.385,False
BEST_PEG_RATIO,TMUS,1,2014-01-02,2014-01-02,2014-01-03,5.853,False
BEST_PEG_RATIO,AMAT,1,2014-01-02,2014-01-02,2014-01-03,1.63,False
BEST_PEG_RATIO,MPC,1,2014-01-02,2014-01-02,2014-01-03,0.816,False
BEST_PEG_RATIO,WFC,1,2014-01-02,2014-01-02,2014-01-03,0.636,False
BEST_PEG_RATIO,JNJ,1,2014-01-02,2014-01-02,2014-01-03,1.537,False
BEST_PEG_RATIO,TER,1,2014-01-02,2014-01-02,2014-01-03,1.05,False
BEST_PEG_RATIO,GLW,1,2014-01-02,2014-01-02,2014-01-03,0.78,False
BEST_PEG_RATIO,NFLX,1,2014-01-02,2014-01-02,2014-01-03,2.419,False
BEST_PEG_RATIO,CRM,1,2014-01-02,2014-01-02,2014-01-03,3.845,False
BEST_PEG_RATIO,EQIX,1,2014-01-02,2014-01-02,2014-01-03,1.483,False
BEST_PEG_RATIO,BLK,1,2014-01-02,2014-01-02,2014-01-03,0.893,False
BEST_PEG_RATIO,V,1,2014-01-02,2014-01-02,2014-01-03,1.144,False
BEST_PEG_RATIO,MA,1,2014-01-02,2014-01-02,2014-01-03,1.407,False
BEST_PEG_RATIO,PG,1,2014-01-02,2014-01-02,2014-01-03,1.364,False
BEST_PEG_RATIO,MCD,1,2014-01-02,2014-01-02,2014-01-03,1.278,False
BEST_PEG_RATIO,COST,1,2014-01-02,2014-01-02,2014-01-03,1.547,False
BEST_PEG_RATIO,SPGI,1,2014-01-02,2014-01-02,2014-01-03,1.447,False
BEST_PEG_RATIO,AVGO,1,2014-01-02,2014-01-02,2014-01-03,0.689,False
BEST_PEG_RATIO,TSLA,1,2014-01-02,2014-01-02,2014-01-03,5.423,False
BEST_PEG_RATIO,NVDA,1,2014-01-02,2014-01-02,2014-01-03,1.833,False
BEST_PEG_RATIO,META,1,2014-01-02,2014-01-02,2014-01-03,1.529,False
BEST_PEG_RATIO,GOOGL,1,2014-01-02,2014-01-02,2014-01-03,1.375,False
BEST_PEG_RATIO,MU,1,2014-01-02,2014-01-02,2014-01-03,0.7,False
BEST_PEG_RATIO,005930,1,2014-01-02,2014-01-02,2014-01-03,0.341,False
BEST_PEG_RATIO,000660,1,2014-01-02,2014-01-02,2014-01-03,0.405,False
BEST_PEG_RATIO,UNH,1,2014-01-02,2014-01-02,2014-01-03,1.075,False
BEST_PEG_RATIO,ISRG,1,2014-01-02,2014-01-02,2014-01-03,1.543,False
BEST_PEG_RATIO,ABBV,1,2014-01-02,2014-01-02,2014-01-03,6.605,False
BEST_PEG_RATIO,REGN,1,2014-01-02,2014-01-02,2014-01-03,1.337,False
BEST_PEG_RATIO,JPM,1,2014-01-02,2014-01-02,2014-01-03,0.988,False
BEST_PEG_RATIO,AAPL,1,2014-01-02,2014-01-02,2014-01-03,0.558,False
BEST_PEG_RATIO,AMZN,1,2014-01-02,2014-01-02,2014-01-03,2.379,False
BEST_PEG_RATIO,MSFT,1,2014-01-02,2014-01-02,2014-01-03,1.344,False
BEST_PEG_RATIO,CS,1,2014-01-02,2014-01-02,2014-01-03,0.687,False
BEST_PEG_RATIO,C,1,2014-01-02,2014-01-02,2014-01-03,0.844,False
BEST_PEG_RATIO,CME,1,2014-01-02,2014-01-02,2014-01-03,0.871,False
BEST_PEG_RATIO,AON,1,2014-01-02,2014-01-02,2014-01-03,1.376,False
BEST_PEG_RATIO,MS,1,2014-01-02,2014-01-02,2014-01-03,0.736,False
BEST_PEG_RATIO,SCHW,1,2014-01-02,2014-01-02,2014-01-03,1.227,False
BEST_PEG_RATIO,AXP,1,2014-01-02,2014-01-02,2014-01-03,1.226,False
BEST_PEG_RATIO,PGR,1,2014-01-02,2014-01-02,2014-01-03,1.42,False
BEST_PEG_RATIO,IFX,1,2014-01-02,2014-01-02,2014-01-03,1.055,False
BEST_PEG_RATIO,ADI,1,2014-01-02,2014-01-02,2014-01-03,1.397,False
BEST_PEG_RATIO,QCOM,1,2014-01-02,2014-01-02,2014-01-03,0.684,False
BEST_PEG_RATIO,TXN,1,2014-01-02,2014-01-02,2014-01-03,1.324,False
BEST_PEG_RATIO,ADBE,1,2014-01-02,2014-01-02,2014-01-03,4.264,False
BEST_PEG_RATIO,NOW,1,2014-01-02,2014-01-02,2014-01-03,13.64,False
BEST_PEG_RATIO,ACN,1,2014-01-02,2014-01-02,2014-01-03,1.182,False
BEST_PEG_RATIO,IBM,1,2014-01-02,2014-01-02,2014-01-03,0.635,False
BEST_PEG_RATIO,MC,1,2014-01-02,2014-01-02,2014-01-03,1.279,False
BEST_PEG_RATIO,SAP,1,2014-01-02,2014-01-02,2014-01-03,1.206,False
BEST_PEG_RATIO,NOVOB,1,2014-01-02,2014-01-02,2014-01-03,1.047,False
BEST_PEG_RATIO,HSBA,1,2014-01-02,2014-01-02,2014-01-03,0.592,False
BEST_PEG_RATIO,CDNS,1,2014-01-02,2014-01-02,2014-01-03,1.154,False
BEST_PEG_RATIO,MRVL,1,2014-01-02,2014-01-02,2014-01-03,1.462,False
BEST_PEG_RATIO,ORCL,1,2014-01-02,2014-01-02,2014-01-03,0.912,False
BEST_PEG_RATIO,TSM,1,2014-01-02,2014-01-02,2014-01-03,0.585,False
BEST_PEG_RATIO,MPWR,1,2014-01-02,2014-01-02,2014-01-03,1.188,False
BEST_PEG_RATIO,BAC,1,2014-01-02,2014-01-02,2014-01-03,0.925,False
BEST_PEG_RATIO,DLR,1,2014-01-02,2014-01-02,2014-01-03,2.926,False
BEST_PEG_RATIO,WMB,1,2014-01-02,2014-01-02,2014-01-03,1.073,False
BEST_PEG_RATIO,BSX,1,2014-01-02,2014-01-02,2014-01-03,2.229,False
BEST_PEG_RATIO,BKNG,1,2014-01-02,2014-01-02,2014-01-03,1.097,False
BEST_PEG_RATIO,PM,1,2014-01-02,2014-01-02,2014-01-03,0.928,False
BEST_PEG_RATIO,SIE,1,2014-01-02,2014-01-02,2014-01-03,0.792,False
BEST_PEG_RATIO,PANW,1,2014-01-02,2014-01-02,2014-01-03,2.158,False
BEST_PEG_RATIO,CSCO,1,2014-01-02,2014-01-02,2014-01-03,0.76,False
BEST_PEG_RATIO,INTC,1,2014-01-02,2014-01-02,2014-01-03,1.092,False
BEST_PEG_RATIO,TMO,1,2014-01-02,2014-01-02,2014-01-03,2.027,False
BEST_PEG_RATIO,STX,1,2014-01-02,2014-01-02,2014-01-03,3.656,False
BEST_PEG_RATIO,PWR,1,2014-01-02,2014-01-02,2014-01-03,2.051,False
BEST_PEG_RATIO,BX,1,2014-01-02,2014-01-02,2014-01-03,0.402,False
BEST_PEG_RATIO,GS,1,2014-01-02,2014-01-02,2014-01-03,1.383,False
BEST_PEG_RATIO,CAT,1,2014-01-02,2014-01-02,2014-01-03,2.512,False
BEST_PEG_RATIO,HON,1,2014-01-02,2014-01-02,2014-01-03,0.571,False
BEST_PEG_RATIO,UNP,1,2014-01-02,2014-01-02,2014-01-03,0.921,False
BEST_PEG_RATIO,DE,1,2014-01-02,2014-01-02,2014-01-03,1.127,False
BEST_PEG_RATIO,LMT,1,2014-01-02,2014-01-02,2014-01-03,1.154,False
BEST_PEG_RATIO,ETN,1,2014-01-02,2014-01-02,2014-01-03,1.034,False
BEST_PEG_RATIO,WMT,1,2014-01-02,2014-01-02,2014-01-03,1.219,False
BEST_PEG_RATIO,HD,1,2014-01-02,2014-01-02,2014-01-03,0.825,False
BEST_PEG_RATIO,FCX,1,2014-01-02,2014-01-02,2014-01-03,1.439,False
BEST_PEG_RATIO,APH,1,2014-01-02,2014-01-02,2014-01-03,1.244,False
BEST_PEG_RATIO,MSI,1,2014-01-02,2014-01-02,2014-01-03,1.834,False
BEST_PEG_RATIO,ITX,1,2014-01-02,2014-01-02,2014-01-03,1.736,False
BEST_PEG_RATIO,SAN,1,2014-01-02,2014-01-02,2014-01-03,1.165,False
BEST_PEG_RATIO,SBUX,1,2014-01-02,2014-01-02,2014-01-03,1.207,False
BEST_PEG_RATIO,LOW,1,2014-01-02,2014-01-02,2014-01-03,0.832,False
BEST_PEG_RATIO,DHR,1,2014-01-02,2014-01-02,2014-01-03,1.06,False
BEST_PEG_RATIO,PUB,1,2014-01-02,2014-01-02,2014-01-03,0.834,False
BEST_PEG_RATIO,TTWO,1,2014-01-02,2014-01-02,2014-01-03,0.973,False
BEST_PEG_RATIO,T,1,2014-01-02,2014-01-02,2014-01-03,0.86,False
BEST_PEG_RATIO,DTE,1,2014-01-02,2014-01-02,2014-01-03,0.477,False
BEST_PEG_RATIO,TJX,1,2014-01-02,2014-01-02,2014-01-03,1.418,False
BEST_PEG_RATIO,VZ,1,2014-01-02,2014-01-02,2014-01-03,1.101,False
BEST_PEG_RATIO,CMCSA,1,2014-01-02,2014-01-02,2014-01-03,0.658,False
BEST_PEG_RATIO,DIS,1,2014-01-02,2014-01-02,2014-01-03,1.94,False
BEST_PEG_RATIO,ORLY,1,2014-01-02,2014-01-02,2014-01-03,1.005,False
BEST_PEG_RATIO,NKE,1,2014-01-02,2014-01-02,2014-01-03,1.714,False
BEST_PEG_RATIO,MCK,1,2014-01-02,2014-01-02,2014-01-03,1.155,False
BEST_PEG_RATIO,SYK,1,2014-01-02,2014-01-02,2014-01-03,1.481,False
BEST_PEG_RATIO,MRK,1,2014-01-02,2014-01-02,2014-01-03,4.066,False
BEST_PEG_RATIO,AMGN,1,2014-01-02,2014-01-02,2014-01-03,1.125,False
BEST_PEG_RATIO,SAF,1,2014-01-02,2014-01-02,2014-01-03,0.911,False
BEST_PEG_RATIO,AIR,1,2014-01-02,2014-01-02,2014-01-03,0.511,False
BEST_PEG_RATIO,COF,1,2014-01-02,2014-01-02,2014-01-03,1.252,False
BEST_PEG_RATIO,AXON,1,2014-01-02,2014-01-02,2014-01-03,1.309,False
BEST_PEG_RATIO,EMR,1,2014-01-02,2014-01-02,2014-01-03,1.445,False
BEST_PEG_RATIO,RTX,1,2014-01-02,2014-01-02,2014-01-03,0.548,False
BEST_PEG_RATIO,BNP,1,2014-01-02,2014-01-02,2014-01-03,0.271,False
BEST_PEG_RATIO,CB,1,2014-01-02,2014-01-02,2014-01-03,0.838,False
BEST_PEG_RATIO,ICE,1,2014-01-02,2014-01-02,2014-01-03,0.667,False
BEST_PEG_RATIO,MCO,1,2014-01-02,2014-01-02,2014-01-03,1.446,False
BEST_PEG_RATIO,ADSK,1,2014-01-02,2014-01-02,2014-01-03,2.839,False
BEST_PEG_RATIO,NXPI,1,2014-01-02,2014-01-02,2014-01-03,0.276,False
BEST_PEG_RATIO,WDC,1,2014-01-02,2014-01-02,2014-01-03,1.238,False
BEST_PEG_RATIO,DSY,1,2014-01-02,2014-01-02,2014-01-03,2.308,False
BEST_PEG_RATIO,FTNT,1,2014-01-02,2014-01-02,2014-01-03,2.175,False
BEST_PEG_RATIO,GE,1,2014-01-02,2014-01-02,2014-01-03,0.82,False
BEST_PEG_RATIO,TT,1,2014-01-02,2014-01-02,2014-01-03,1.104,False
BEST_PEG_RATIO,ABT,1,2014-01-02,2014-01-02,2014-01-03,1.153,False
BEST_PEG_RATIO,KO,1,2014-01-02,2014-01-02,2014-01-03,1.62,False
BEST_PEG_RATIO,ULVR,1,2014-01-02,2014-01-02,2014-01-03,1.951,False
BEST_PEG_RATIO,ECL,1,2014-01-02,2014-01-02,2014-01-03,1.5,False
BEST_PEG_RATIO,AI,1,2014-01-02,2014-01-02,2014-01-03,1.589,False
BEST_PEG_RATIO,INTU,1,2014-01-02,2014-01-02,2014-01-03,1.252,False
BEST_PEG_RATIO,SNPS,1,2014-01-02,2014-01-02,2014-01-03,1.836,False
BEST_PEG_RATIO,CVX,1,2014-01-02,2014-01-02,2014-01-03,1.264,False
BEST_PEG_RATIO,SO,1,2014-01-02,2014-01-02,2014-01-03,1.888,False
BEST_PEG_RATIO,UCG,1,2014-01-02,2014-01-02,2014-01-03,0.357,False
BEST_PEG_RATIO,IBKR,1,2014-01-02,2014-01-02,2014-01-03,2.028,False
BEST_PEG_RATIO,BNY,1,2014-01-02,2014-01-02,2014-01-03,0.869,False
BEST_PEG_RATIO,MRSH,1,2014-01-02,2014-01-02,2014-01-03,1.146,False
BEST_PEG_RATIO,ON,1,2014-01-02,2014-01-02,2014-01-03,0.682,False
BEST_PEG_RATIO,COHR,1,2014-01-02,2014-01-02,2014-01-03,1.073,False
BEST_PEG_RATIO,VRSN,1,2014-01-02,2014-01-02,2014-01-03,1.788,False
BEST_PEG_RATIO,SHW,1,2014-01-02,2014-01-02,2014-01-03,1.221,False
BEST_PEG_RATIO,NEM,1,2014-01-02,2014-01-02,2014-01-03,12.102,False
BEST_PEG_RATIO,PEP,1,2014-01-02,2014-01-02,2014-01-03,1.492,False
BEST_PEG_RATIO,MDLZ,1,2014-01-02,2014-01-02,2014-01-03,1.239,False
BEST_PEG_RATIO,OR,1,2014-01-02,2014-01-02,2014-01-03,3.061,False
BEST_PEG_RATIO,REL,1,2014-01-02,2014-01-02,2014-01-03,1.751,False
BEST_PEG_RATIO,WM,1,2014-01-02,2014-01-02,2014-01-03,2.798,False
BEST_PEG_RATIO,GILD,1,2014-01-02,2014-01-02,2014-01-03,0.496,False
BEST_PEG_RATIO,ADP,1,2014-01-02,2014-01-02,2014-01-03,1.61,False
BEST_PEG_RATIO,CMG,1,2014-01-02,2014-01-02,2014-01-03,1.961,False
BEST_PEG_RATIO,ZTS,1,2014-01-02,2014-01-02,2014-01-03,1.197,False
BEST_PEG_RATIO,MDT,1,2014-01-02,2014-01-02,2014-01-03,1.201,False
BEST_PEG_RATIO,HCA,1,2014-01-02,2014-01-02,2014-01-03,1.028,False
BEST_PEG_RATIO,PFE,1,2014-01-02,2014-01-02,2014-01-03,3.626,False
BEST_PEG_RATIO,GM,1,2014-01-02,2014-01-02,2014-01-03,0.518,False
BEST_PEG_RATIO,GRMN,1,2014-01-02,2014-01-02,2014-01-03,3.274,False
BEST_PEG_RATIO,MAR,1,2014-01-02,2014-01-02,2014-01-03,1.431,False
BEST_PEG_RATIO,CL,1,2014-01-02,2014-01-02,2014-01-03,1.777,False
BEST_PEG_RATIO,MO,1,2014-01-02,2014-01-02,2014-01-03,0.856,False
BEST_PEG_RATIO,MNST,1,2014-01-02,2014-01-02,2014-01-03,2.353,False
BEST_PEG_RATIO,COP,1,2014-01-02,2014-01-02,2014-01-03,0.957,False
BEST_PEG_RATIO,APD,1,2014-01-02,2014-01-02,2014-01-03,1.448,False
BEST_PEG_RATIO,SLB,1,2014-01-02,2014-01-02,2014-01-03,0.635,False
BEST_PEG_RATIO,ENEL,1,2014-01-02,2014-01-02,2014-01-03,4.827,False
BEST_PEG_RATIO,WELL,1,2014-01-02,2014-01-02,2014-01-03,9.46,False
BEST_PE_RATIO,SNDK,4074,2014-01-02,2025-02-26,2025-02-27,23.801,False
BEST_PE_RATIO,285A,4008,2014-01-02,2024-12-22,2024-12-23,3.066,False
BEST_PE_RATIO,GEV,3743,2014-01-02,2024-04-01,2024-04-02,32.956,False
BEST_PE_RATIO,RDDT,3737,2014-01-02,2024-03-26,2024-03-27,272.204,False
BEST_PE_RATIO,ARM,3542,2014-01-02,2023-09-13,2023-09-14,76.415,False
BEST_PE_RATIO,UBER,3262,2014-01-02,2022-12-07,2022-12-08,21736.278,False
BEST_PE_RATIO,CEG,2954,2014-01-02,2022-02-02,2022-02-03,18.348,False
BEST_PE_RATIO,SNOW,2896,2014-01-02,2021-12-06,2021-12-07,65520.397,False
BEST_PE_RATIO,NET,2867,2014-01-02,2021-11-07,2021-11-08,183170.0,False
BEST_PE_RATIO,UMG,2822,2014-01-02,2021-09-23,2021-09-24,28.694,False
BEST_PE_RATIO,ABNB,2806,2014-01-02,2021-09-07,2021-09-08,10399.662,False
BEST_PE_RATIO,BE,2748,2014-01-02,2021-07-11,2021-07-12,2457.505,False
BEST_PE_RATIO,APP,2686,2014-01-02,2021-05-10,2021-05-11,139.431,False
BEST_PE_RATIO,RBLX,2624,2014-01-02,2021-03-09,2021-03-10,64.604,False
BEST_PE_RATIO,DASH,2533,2014-01-02,2020-12-08,2020-12-09,134.177,False
BEST_PE_RATIO,PLTR,2465,2014-01-02,2020-10-01,2020-10-02,87.961,False
BEST_PE_RATIO,CRWD,2345,2014-01-02,2020-06-03,2020-06-04,4510.941,False
BEST_PE_RATIO,DDOG,2323,2014-01-02,2020-05-12,2020-05-13,1316.085,False
BEST_PE_RATIO,VRT,2260,2014-01-02,2020-03-10,2020-03-11,11.604,False
BEST_PE_RATIO,SPOT,2135,2014-01-02,2019-11-06,2019-11-07,13862.11,False
BEST_PE_RATIO,DELL,1819,2014-01-02,2018-12-25,2018-12-26,2.61,False
BEST_PE_RATIO,ZS,1800,2014-01-02,2018-12-06,2018-12-07,5922.798,False
BEST_PE_RATIO,LIN,1768,2014-01-02,2018-11-04,2018-11-05,23.994,False
BEST_PE_RATIO,VST,1226,2014-01-02,2017-05-11,2017-05-12,13.278,False
BEST_PE_RATIO,HWM,1035,2014-01-02,2016-11-01,2016-11-02,12.956,False
BEST_PE_RATIO,TTD,995,2014-01-02,2016-09-22,2016-09-23,37.09,False
BEST_PE_RATIO,LNG,756,2014-01-02,2016-01-27,2016-01-28,60.613,False
BEST_PE_RATIO,TEAM,733,2014-01-02,2016-01-04,2016-01-05,127.425,False
BEST_PE_RATIO,RACE,680,2014-01-02,2015-11-12,2015-11-13,28.244,False
BEST_PE_RATIO,HPE,663,2014-01-02,2015-10-26,2015-10-27,3.793,False
BEST_PE_RATIO,WDAY,606,2014-01-02,2015-08-30,2015-08-31,24891.579,False
BEST_PE_RATIO,LITE,579,2014-01-02,2015-08-03,2015-08-04,21.672,False
BEST_PE_RATIO,PYPL,552,2014-01-02,2015-07-07,2015-07-08,26.766,False
BEST_PE_RATIO,VRTX,370,2014-01-02,2015-01-06,2015-01-07,8990.596,False
BEST_PE_RATIO,KEYS,293,2014-01-02,2014-10-21,2014-10-22,10.868,False
BEST_PE_RATIO,LSEG,179,2014-01-02,2014-06-29,2014-06-30,13.59,False
BEST_PE_RATIO,ANET,159,2014-01-02,2014-06-09,2014-06-10,38.211,False
BEST_PE_RATIO,FICO,25,2014-01-02,2014-01-26,2014-01-27,15.937,False
BEST_PE_RATIO,BN,12,2014-01-02,2014-01-13,2014-01-14,29.713,False
BEST_PE_RATIO,8316,5,2014-01-02,2014-01-06,2014-01-07,6.266,False
BEST_PE_RATIO,9433,5,2014-01-02,2014-01-06,2014-01-07,8.949,False
BEST_PE_RATIO,7011,5,2014-01-02,2014-01-06,2014-01-07,13.329,False
BEST_PE_RATIO,6758,5,2014-01-02,2014-01-06,2014-01-07,24.679,False
BEST_PE_RATIO,4063,5,2014-01-02,2014-01-06,2014-01-07,15.296,False
BEST_PE_RATIO,7974,5,2014-01-02,2014-01-06,2014-01-07,27.35,False
BEST_PE_RATIO,7203,5,2014-01-02,2014-01-06,2014-01-07,6.782,False
BEST_PE_RATIO,8306,5,2014-01-02,2014-01-06,2014-01-07,6.892,False
BEST_PE_RATIO,6146,5,2014-01-02,2014-01-06,2014-01-07,14.649,False
BEST_PE_RATIO,6981,5,2014-01-02,2014-01-06,2014-01-07,16.625,False
BEST_PE_RATIO,9432,5,2014-01-02,2014-01-06,2014-01-07,7.155,False
BEST_PE_RATIO,6857,5,2014-01-02,2014-01-06,2014-01-07,89.556,False
BEST_PE_RATIO,8035,5,2014-01-02,2014-01-06,2014-01-07,20.227,False
BEST_PE_RATIO,ZURN,4,2014-01-02,2014-01-05,2014-01-06,4.783,False
BEST_PE_RATIO,RR/,4,2014-01-02,2014-01-05,2014-01-06,15.126,False
BEST_PE_RATIO,NESN,4,2014-01-02,2014-01-05,2014-01-06,12.35,False
BEST_PE_RATIO,ABBN,4,2014-01-02,2014-01-05,2014-01-06,9.998,False
BEST_PE_RATIO,UBSG,4,2014-01-02,2014-01-05,2014-01-06,8.809,False
BEST_PE_RATIO,ROP,4,2014-01-02,2014-01-05,2014-01-06,10.359,False
BEST_PE_RATIO,CFR,4,2014-01-02,2014-01-05,2014-01-06,13.409,False
BEST_PE_RATIO,NOVN,4,2014-01-02,2014-01-05,2014-01-06,7.636,False
BEST_PE_RATIO,LRCX,1,2014-01-02,2014-01-02,2014-01-03,10.428,False
BEST_PE_RATIO,AMAT,1,2014-01-02,2014-01-02,2014-01-03,13.038,False
BEST_PE_RATIO,PANW,1,2014-01-02,2014-01-02,2014-01-03,99.947,False
BEST_PE_RATIO,JNJ,1,2014-01-02,2014-01-02,2014-01-03,10.95,False
BEST_PE_RATIO,GLW,1,2014-01-02,2014-01-02,2014-01-03,9.1,False
BEST_PE_RATIO,TER,1,2014-01-02,2014-01-02,2014-01-03,10.718,False
BEST_PE_RATIO,NFLX,1,2014-01-02,2014-01-02,2014-01-03,72.571,False
BEST_PE_RATIO,CRM,1,2014-01-02,2014-01-02,2014-01-03,110.546,False
BEST_PE_RATIO,AMD,1,2014-01-02,2014-01-02,2014-01-03,37.614,False
BEST_PE_RATIO,MPC,1,2014-01-02,2014-01-02,2014-01-03,6.86,False
BEST_PE_RATIO,WFC,1,2014-01-02,2014-01-02,2014-01-03,7.878,False
BEST_PE_RATIO,EQIX,1,2014-01-02,2014-01-02,2014-01-03,32.691,False
BEST_PE_RATIO,AMT,1,2014-01-02,2014-01-02,2014-01-03,27.027,False
BEST_PE_RATIO,NEE,1,2014-01-02,2014-01-02,2014-01-03,11.224,False
BEST_PE_RATIO,TMO,1,2014-01-02,2014-01-02,2014-01-03,17.692,False
BEST_PE_RATIO,BX,1,2014-01-02,2014-01-02,2014-01-03,5.629,False
BEST_PE_RATIO,PWR,1,2014-01-02,2014-01-02,2014-01-03,16.41,False
BEST_PE_RATIO,STX,1,2014-01-02,2014-01-02,2014-01-03,8.353,False
BEST_PE_RATIO,CDNS,1,2014-01-02,2014-01-02,2014-01-03,14.427,False
BEST_PE_RATIO,MRVL,1,2014-01-02,2014-01-02,2014-01-03,11.949,False
BEST_PE_RATIO,KLAC,1,2014-01-02,2014-01-02,2014-01-03,9.269,False
BEST_PE_RATIO,BSX,1,2014-01-02,2014-01-02,2014-01-03,22.739,False
BEST_PE_RATIO,DLR,1,2014-01-02,2014-01-02,2014-01-03,24.109,False
BEST_PE_RATIO,TSM,1,2014-01-02,2014-01-02,2014-01-03,9.295,False
BEST_PE_RATIO,BAC,1,2014-01-02,2014-01-02,2014-01-03,9.246,False
BEST_PE_RATIO,PLD,1,2014-01-02,2014-01-02,2014-01-03,71.92,False
BEST_PE_RATIO,TMUS,1,2014-01-02,2014-01-02,2014-01-03,60.598,False
BEST_PE_RATIO,GOOGL,1,2014-01-02,2014-01-02,2014-01-03,21.131,False
BEST_PE_RATIO,MSFT,1,2014-01-02,2014-01-02,2014-01-03,11.003,False
BEST_PE_RATIO,AMZN,1,2014-01-02,2014-01-02,2014-01-03,80.819,False
BEST_PE_RATIO,SPGI,1,2014-01-02,2014-01-02,2014-01-03,17.363,False
BEST_PE_RATIO,BLK,1,2014-01-02,2014-01-02,2014-01-03,12.726,False
BEST_PE_RATIO,GS,1,2014-01-02,2014-01-02,2014-01-03,9.012,False
BEST_PE_RATIO,COST,1,2014-01-02,2014-01-02,2014-01-03,18.476,False
BEST_PE_RATIO,MCD,1,2014-01-02,2014-01-02,2014-01-03,11.669,False
BEST_PE_RATIO,WMT,1,2014-01-02,2014-01-02,2014-01-03,11.09,False
BEST_PE_RATIO,HD,1,2014-01-02,2014-01-02,2014-01-03,13.861,False
BEST_PE_RATIO,PG,1,2014-01-02,2014-01-02,2014-01-03,12.53,False
BEST_PE_RATIO,HON,1,2014-01-02,2014-01-02,2014-01-03,5.902,False
BEST_PE_RATIO,CAT,1,2014-01-02,2014-01-02,2014-01-03,11.304,False
BEST_PE_RATIO,DE,1,2014-01-02,2014-01-02,2014-01-03,8.732,False
BEST_PE_RATIO,UNP,1,2014-01-02,2014-01-02,2014-01-03,11.748,False
BEST_PE_RATIO,ETN,1,2014-01-02,2014-01-02,2014-01-03,11.163,False
BEST_PE_RATIO,LMT,1,2014-01-02,2014-01-02,2014-01-03,10.095,False
BEST_PE_RATIO,XOM,1,2014-01-02,2014-01-02,2014-01-03,7.621,False
BEST_PE_RATIO,FCX,1,2014-01-02,2014-01-02,2014-01-03,10.076,False
BEST_PE_RATIO,MU,1,2014-01-02,2014-01-02,2014-01-03,8.844,False
BEST_PE_RATIO,AVGO,1,2014-01-02,2014-01-02,2014-01-03,11.204,False
BEST_PE_RATIO,TSLA,1,2014-01-02,2014-01-02,2014-01-03,102.233,False
BEST_PE_RATIO,NVDA,1,2014-01-02,2014-01-02,2014-01-03,16.955,False
BEST_PE_RATIO,000660,1,2014-01-02,2014-01-02,2014-01-03,6.15,False
BEST_PE_RATIO,005930,1,2014-01-02,2014-01-02,2014-01-03,4.636,False
BEST_PE_RATIO,UNH,1,2014-01-02,2014-01-02,2014-01-03,10.719,False
BEST_PE_RATIO,LLY,1,2014-01-02,2014-01-02,2014-01-03,14.41,False
BEST_PE_RATIO,ISRG,1,2014-01-02,2014-01-02,2014-01-03,22.303,False
BEST_PE_RATIO,ABBV,1,2014-01-02,2014-01-02,2014-01-03,9.908,False
BEST_PE_RATIO,REGN,1,2014-01-02,2014-01-02,2014-01-03,28.481,False
BEST_PE_RATIO,JPM,1,2014-01-02,2014-01-02,2014-01-03,6.917,False
BEST_PE_RATIO,V,1,2014-01-02,2014-01-02,2014-01-03,21.742,False
BEST_PE_RATIO,MA,1,2014-01-02,2014-01-02,2014-01-03,24.759,False
BEST_PE_RATIO,META,1,2014-01-02,2014-01-02,2014-01-03,47.84,False
BEST_PE_RATIO,AAPL,1,2014-01-02,2014-01-02,2014-01-03,10.676,False
BEST_PE_RATIO,CS,1,2014-01-02,2014-01-02,2014-01-03,4.501,False
BEST_PE_RATIO,C,1,2014-01-02,2014-01-02,2014-01-03,7.173,False
BEST_PE_RATIO,CME,1,2014-01-02,2014-01-02,2014-01-03,13.058,False
BEST_PE_RATIO,KKR,1,2014-01-02,2014-01-02,2014-01-03,7.123,False
BEST_PE_RATIO,AON,1,2014-01-02,2014-01-02,2014-01-03,13.755,False
BEST_PE_RATIO,SCHW,1,2014-01-02,2014-01-02,2014-01-03,24.268,False
BEST_PE_RATIO,AXP,1,2014-01-02,2014-01-02,2014-01-03,13.787,False
BEST_PE_RATIO,PGR,1,2014-01-02,2014-01-02,2014-01-03,10.885,False
BEST_PE_RATIO,IFX,1,2014-01-02,2014-01-02,2014-01-03,15.818,False
BEST_PE_RATIO,ADI,1,2014-01-02,2014-01-02,2014-01-03,16.41,False
BEST_PE_RATIO,MS,1,2014-01-02,2014-01-02,2014-01-03,8.991,False
BEST_PE_RATIO,TXN,1,2014-01-02,2014-01-02,2014-01-03,13.24,False
BEST_PE_RATIO,ADBE,1,2014-01-02,2014-01-02,2014-01-03,49.032,False
BEST_PE_RATIO,NOW,1,2014-01-02,2014-01-02,2014-01-03,545.611,False
BEST_PE_RATIO,ACN,1,2014-01-02,2014-01-02,2014-01-03,13.793,False
BEST_PE_RATIO,IBM,1,2014-01-02,2014-01-02,2014-01-03,5.925,False
BEST_PE_RATIO,HSBA,1,2014-01-02,2014-01-02,2014-01-03,5.309,False
BEST_PE_RATIO,SHEL,1,2014-01-02,2014-01-02,2014-01-03,4.795,False
BEST_PE_RATIO,AZN,1,2014-01-02,2014-01-02,2014-01-03,8.548,False
BEST_PE_RATIO,ASML,1,2014-01-02,2014-01-02,2014-01-03,17.146,False
BEST_PE_RATIO,SAP,1,2014-01-02,2014-01-02,2014-01-03,13.564,False
BEST_PE_RATIO,QCOM,1,2014-01-02,2014-01-02,2014-01-03,9.925,False
BEST_PE_RATIO,RIO,1,2014-01-02,2014-01-02,2014-01-03,3.954,False
BEST_PE_RATIO,NOVOB,1,2014-01-02,2014-01-02,2014-01-03,14.943,False
BEST_PE_RATIO,MC,1,2014-01-02,2014-01-02,2014-01-03,11.756,False
BEST_PE_RATIO,BKNG,1,2014-01-02,2014-01-02,2014-01-03,21.941,False
BEST_PE_RATIO,PM,1,2014-01-02,2014-01-02,2014-01-03,8.333,False
BEST_PE_RATIO,WMB,1,2014-01-02,2014-01-02,2014-01-03,17.058,False
BEST_PE_RATIO,SU,1,2014-01-02,2014-01-02,2014-01-03,10.252,False
BEST_PE_RATIO,SIE,1,2014-01-02,2014-01-02,2014-01-03,8.709,False
BEST_PE_RATIO,RHM,1,2014-01-02,2014-01-02,2014-01-03,9.551,False
BEST_PE_RATIO,ALV,1,2014-01-02,2014-01-02,2014-01-03,5.095,False
BEST_PE_RATIO,MPWR,1,2014-01-02,2014-01-02,2014-01-03,21.081,False
BEST_PE_RATIO,ORCL,1,2014-01-02,2014-01-02,2014-01-03,10.164,False
BEST_PE_RATIO,INTC,1,2014-01-02,2014-01-02,2014-01-03,9.844,False
BEST_PE_RATIO,CSCO,1,2014-01-02,2014-01-02,2014-01-03,7.445,False
BEST_PE_RATIO,FN,1,2014-01-02,2014-01-02,2014-01-03,11.119,False
BEST_PE_RATIO,MSI,1,2014-01-02,2014-01-02,2014-01-03,12.839,False
BEST_PE_RATIO,SNPS,1,2014-01-02,2014-01-02,2014-01-03,15.603,False
BEST_PE_RATIO,APH,1,2014-01-02,2014-01-02,2014-01-03,18.658,False
BEST_PE_RATIO,KO,1,2014-01-02,2014-01-02,2014-01-03,12.305,False
BEST_PE_RATIO,WDC,1,2014-01-02,2014-01-02,2014-01-03,6.192,False
BEST_PE_RATIO,FTNT,1,2014-01-02,2014-01-02,2014-01-03,33.923,False
BEST_PE_RATIO,INTU,1,2014-01-02,2014-01-02,2014-01-03,18.147,False
BEST_PE_RATIO,IBE,1,2014-01-02,2014-01-02,2014-01-03,7.229,False
BEST_PE_RATIO,AI,1,2014-01-02,2014-01-02,2014-01-03,13.297,False
BEST_PE_RATIO,ECL,1,2014-01-02,2014-01-02,2014-01-03,21.503,False
BEST_PE_RATIO,ULVR,1,2014-01-02,2014-01-02,2014-01-03,11.152,False
BEST_PE_RATIO,ITX,1,2014-01-02,2014-01-02,2014-01-03,18.701,False
BEST_PE_RATIO,SBUX,1,2014-01-02,2014-01-02,2014-01-03,21.412,False
BEST_PE_RATIO,DHR,1,2014-01-02,2014-01-02,2014-01-03,12.725,False
BEST_PE_RATIO,ABT,1,2014-01-02,2014-01-02,2014-01-03,13.334,False
BEST_PE_RATIO,SAN,1,2014-01-02,2014-01-02,2014-01-03,7.837,False
BEST_PE_RATIO,GE,1,2014-01-02,2014-01-02,2014-01-03,7.926,False
BEST_PE_RATIO,TT,1,2014-01-02,2014-01-02,2014-01-03,10.768,False
BEST_PE_RATIO,VZ,1,2014-01-02,2014-01-02,2014-01-03,7.178,False
BEST_PE_RATIO,PUB,1,2014-01-02,2014-01-02,2014-01-03,10.92,False
BEST_PE_RATIO,TTWO,1,2014-01-02,2014-01-02,2014-01-03,9.728,False
BEST_PE_RATIO,T,1,2014-01-02,2014-01-02,2014-01-03,4.755,False
BEST_PE_RATIO,DTE,1,2014-01-02,2014-01-02,2014-01-03,10.826,False
BEST_PE_RATIO,TJX,1,2014-01-02,2014-01-02,2014-01-03,16.587,False
BEST_PE_RATIO,LOW,1,2014-01-02,2014-01-02,2014-01-03,15.016,False
BEST_PE_RATIO,CMCSA,1,2014-01-02,2014-01-02,2014-01-03,12.322,False
BEST_PE_RATIO,DIS,1,2014-01-02,2014-01-02,2014-01-03,16.608,False
BEST_PE_RATIO,ORLY,1,2014-01-02,2014-01-02,2014-01-03,19.098,False
BEST_PE_RATIO,NKE,1,2014-01-02,2014-01-02,2014-01-03,19.937,False
BEST_PE_RATIO,MCK,1,2014-01-02,2014-01-02,2014-01-03,15.429,False
BEST_PE_RATIO,SYK,1,2014-01-02,2014-01-02,2014-01-03,13.921,False
BEST_PE_RATIO,MRK,1,2014-01-02,2014-01-02,2014-01-03,9.149,False
BEST_PE_RATIO,AMGN,1,2014-01-02,2014-01-02,2014-01-03,9.97,False
BEST_PE_RATIO,SAF,1,2014-01-02,2014-01-02,2014-01-03,14.363,False
BEST_PE_RATIO,AIR,1,2014-01-02,2014-01-02,2014-01-03,13.296,False
BEST_PE_RATIO,BNP,1,2014-01-02,2014-01-02,2014-01-03,5.264,False
BEST_PE_RATIO,AXON,1,2014-01-02,2014-01-02,2014-01-03,39.278,False
BEST_PE_RATIO,EMR,1,2014-01-02,2014-01-02,2014-01-03,12.719,False
BEST_PE_RATIO,RTX,1,2014-01-02,2014-01-02,2014-01-03,7.245,False
BEST_PE_RATIO,COF,1,2014-01-02,2014-01-02,2014-01-03,8.766,False
BEST_PE_RATIO,MUV2,1,2014-01-02,2014-01-02,2014-01-03,5.351,False
BEST_PE_RATIO,ICE,1,2014-01-02,2014-01-02,2014-01-03,16.236,False
BEST_PE_RATIO,MCO,1,2014-01-02,2014-01-02,2014-01-03,17.349,False
BEST_PE_RATIO,ADSK,1,2014-01-02,2014-01-02,2014-01-03,32.935,False
BEST_PE_RATIO,NXPI,1,2014-01-02,2014-01-02,2014-01-03,9.376,False
BEST_PE_RATIO,CB,1,2014-01-02,2014-01-02,2014-01-03,9.383,False
BEST_PE_RATIO,BRK/B,1,2014-01-02,2014-01-02,2014-01-03,18.482,False
BEST_PE_RATIO,DSY,1,2014-01-02,2014-01-02,2014-01-03,21.595,False
BEST_PE_RATIO,SHW,1,2014-01-02,2014-01-02,2014-01-03,17.705,False
BEST_PE_RATIO,ON,1,2014-01-02,2014-01-02,2014-01-03,11.424,False
BEST_PE_RATIO,COHR,1,2014-01-02,2014-01-02,2014-01-03,15.563,False
BEST_PE_RATIO,VRSN,1,2014-01-02,2014-01-02,2014-01-03,22.354,False
BEST_PE_RATIO,SO,1,2014-01-02,2014-01-02,2014-01-03,8.497,False
BEST_PE_RATIO,TTE,1,2014-01-02,2014-01-02,2014-01-03,4.195,False
BEST_PE_RATIO,NEM,1,2014-01-02,2014-01-02,2014-01-03,12.102,False
BEST_PE_RATIO,CVX,1,2014-01-02,2014-01-02,2014-01-03,6.152,False
BEST_PE_RATIO,OR,1,2014-01-02,2014-01-02,2014-01-03,18.69,False
BEST_PE_RATIO,MDLZ,1,2014-01-02,2014-01-02,2014-01-03,15.215,False
BEST_PE_RATIO,PEP,1,2014-01-02,2014-01-02,2014-01-03,11.889,False
BEST_PE_RATIO,UCG,1,2014-01-02,2014-01-02,2014-01-03,10.54,False
BEST_PE_RATIO,IBKR,1,2014-01-02,2014-01-02,2014-01-03,20.278,False
BEST_PE_RATIO,BNY,1,2014-01-02,2014-01-02,2014-01-03,10.216,False
BEST_PE_RATIO,MSCI,1,2014-01-02,2014-01-02,2014-01-03,15.613,False
BEST_PE_RATIO,MRSH,1,2014-01-02,2014-01-02,2014-01-03,13.747,False
BEST_PE_RATIO,APO,1,2014-01-02,2014-01-02,2014-01-03,5.523,False
BEST_PE_RATIO,ASM,1,2014-01-02,2014-01-02,2014-01-03,10.36,False
BEST_PE_RATIO,WM,1,2014-01-02,2014-01-02,2014-01-03,14.269,False
BEST_PE_RATIO,PH,1,2014-01-02,2014-01-02,2014-01-03,14.003,False
BEST_PE_RATIO,GILD,1,2014-01-02,2014-01-02,2014-01-03,16.191,False
BEST_PE_RATIO,MDT,1,2014-01-02,2014-01-02,2014-01-03,10.327,False
BEST_PE_RATIO,PFE,1,2014-01-02,2014-01-02,2014-01-03,7.251,False
BEST_PE_RATIO,HCA,1,2014-01-02,2014-01-02,2014-01-03,11.714,False
BEST_PE_RATIO,ZTS,1,2014-01-02,2014-01-02,2014-01-03,17.952,False
BEST_PE_RATIO,REL,1,2014-01-02,2014-01-02,2014-01-03,11.593,False
BEST_PE_RATIO,ADP,1,2014-01-02,2014-01-02,2014-01-03,15.775,False
BEST_PE_RATIO,CMG,1,2014-01-02,2014-01-02,2014-01-03,40.04,False
BEST_PE_RATIO,RMS,1,2014-01-02,2014-01-02,2014-01-03,26.662,False
BEST_PE_RATIO,GM,1,2014-01-02,2014-01-02,2014-01-03,6.565,False
BEST_PE_RATIO,MAR,1,2014-01-02,2014-01-02,2014-01-03,18.494,False
BEST_PE_RATIO,LYV,1,2014-01-02,2014-01-02,2014-01-03,143.691,False
BEST_PE_RATIO,TKO,1,2014-01-02,2014-01-02,2014-01-03,83.684,False
BEST_PE_RATIO,MO,1,2014-01-02,2014-01-02,2014-01-03,6.585,False
BEST_PE_RATIO,GRMN,1,2014-01-02,2014-01-02,2014-01-03,12.032,False
BEST_PE_RATIO,CL,1,2014-01-02,2014-01-02,2014-01-03,15.362,False
BEST_PE_RATIO,MNST,1,2014-01-02,2014-01-02,2014-01-03,27.644,False
BEST_PE_RATIO,SLB,1,2014-01-02,2014-01-02,2014-01-03,10.788,False
BEST_PE_RATIO,COP,1,2014-01-02,2014-01-02,2014-01-03,7.178,False
BEST_PE_RATIO,APD,1,2014-01-02,2014-01-02,2014-01-03,12.554,False
BEST_PE_RATIO,NRG,1,2014-01-02,2014-01-02,2014-01-03,12.958,False
BEST_PE_RATIO,ENEL,1,2014-01-02,2014-01-02,2014-01-03,5.406,False
BEST_PE_RATIO,WELL,1,2014-01-02,2014-01-02,2014-01-03,45.689,False
BEST_PX_BPS_RATIO,SNDK,4130,2014-01-02,2025-04-23,2025-04-24,0.409,False
BEST_PX_BPS_RATIO,285A,4047,2014-01-02,2025-01-30,2025-01-31,1.142,False
BEST_PX_BPS_RATIO,RDDT,3757,2014-01-02,2024-04-15,2024-04-16,3.182,False
BEST_PX_BPS_RATIO,GEV,3744,2014-01-02,2024-04-02,2024-04-03,3.398,False
BEST_PX_BPS_RATIO,ARM,3568,2014-01-02,2023-10-09,2023-10-10,9.976,False
BEST_PX_BPS_RATIO,CEG,2955,2014-01-02,2022-02-03,2022-02-04,1.091,False
BEST_PX_BPS_RATIO,UMG,2822,2014-01-02,2021-09-23,2021-09-24,15.251,False
BEST_PX_BPS_RATIO,APP,2686,2014-01-02,2021-05-10,2021-05-11,14.157,False
BEST_PX_BPS_RATIO,RBLX,2651,2014-01-02,2021-04-05,2021-04-06,324.633,False
BEST_PX_BPS_RATIO,FICO,2576,2014-01-02,2021-01-20,2021-01-21,25.128,False
BEST_PX_BPS_RATIO,ABNB,2560,2014-01-02,2021-01-04,2021-01-05,121.229,False
BEST_PX_BPS_RATIO,DASH,2533,2014-01-02,2020-12-08,2020-12-09,7.419,False
BEST_PX_BPS_RATIO,PLTR,2490,2014-01-02,2020-10-26,2020-10-27,18.295,False
BEST_PX_BPS_RATIO,SNOW,2476,2014-01-02,2020-10-12,2020-10-13,18.673,False
BEST_PX_BPS_RATIO,HCA,2394,2014-01-02,2020-07-22,2020-07-23,50.417,False
BEST_PX_BPS_RATIO,IBKR,2364,2014-01-02,2020-06-22,2020-06-23,1.942,False
BEST_PX_BPS_RATIO,VRT,2317,2014-01-02,2020-05-06,2020-05-07,5.715,False
BEST_PX_BPS_RATIO,DDOG,2112,2014-01-02,2019-10-14,2019-10-15,14.175,False
BEST_PX_BPS_RATIO,NET,2106,2014-01-02,2019-10-08,2019-10-09,7.203,False
BEST_PX_BPS_RATIO,CRWD,2014,2014-01-02,2019-07-08,2019-07-09,26.47,False
BEST_PX_BPS_RATIO,UBER,1966,2014-01-02,2019-05-21,2019-05-22,5.019,False
BEST_PX_BPS_RATIO,DELL,1824,2014-01-02,2018-12-30,2018-12-31,9.176,False
BEST_PX_BPS_RATIO,BE,1770,2014-01-02,2018-11-06,2018-11-07,79.637,False
BEST_PX_BPS_RATIO,ZS,1560,2014-01-02,2018-04-10,2018-04-11,19.397,False
BEST_PX_BPS_RATIO,SPOT,1554,2014-01-02,2018-04-04,2018-04-05,12.331,False
BEST_PX_BPS_RATIO,LIN,1461,2014-01-02,2018-01-01,2018-01-02,1.55,False
BEST_PX_BPS_RATIO,TTD,1380,2014-01-02,2017-10-12,2017-10-13,9.993,False
BEST_PX_BPS_RATIO,VST,1226,2014-01-02,2017-05-11,2017-05-12,0.776,False
BEST_PX_BPS_RATIO,HWM,1040,2014-01-02,2016-11-06,2016-11-07,0.545,False
BEST_PX_BPS_RATIO,MAR,1035,2014-01-02,2016-11-01,2016-11-02,47.728,False
BEST_PX_BPS_RATIO,TEAM,733,2014-01-02,2016-01-04,2016-01-05,8.396,False
BEST_PX_BPS_RATIO,RACE,684,2014-01-02,2015-11-16,2015-11-17,39.181,False
BEST_PX_BPS_RATIO,HPE,670,2014-01-02,2015-11-02,2015-11-03,0.379,False
BEST_PX_BPS_RATIO,LITE,579,2014-01-02,2015-08-03,2015-08-04,3.081,False
BEST_PX_BPS_RATIO,PYPL,561,2014-01-02,2015-07-16,2015-07-17,3.254,False
BEST_PX_BPS_RATIO,LNG,530,2014-01-02,2015-06-15,2015-06-16,6.471,False
BEST_PX_BPS_RATIO,SNPS,413,2014-01-02,2015-02-18,2015-02-19,2.268,False
BEST_PX_BPS_RATIO,CDNS,400,2014-01-02,2015-02-05,2015-02-06,3.564,False
BEST_PX_BPS_RATIO,TKO,347,2014-01-02,2014-12-14,2014-12-15,3.624,False
BEST_PX_BPS_RATIO,KEYS,320,2014-01-02,2014-11-17,2014-11-18,4.002,False
BEST_PX_BPS_RATIO,AXON,244,2014-01-02,2014-09-02,2014-09-03,8.472,False
BEST_PX_BPS_RATIO,ANET,181,2014-01-02,2014-07-01,2014-07-02,27.954,False
BEST_PX_BPS_RATIO,LSEG,179,2014-01-02,2014-06-29,2014-06-30,2.201,False
BEST_PX_BPS_RATIO,VRSN,113,2014-01-02,2014-04-24,2014-04-25,15.365,False
BEST_PX_BPS_RATIO,WELL,96,2014-01-02,2014-04-07,2014-04-08,0.935,False
BEST_PX_BPS_RATIO,GRMN,49,2014-01-02,2014-02-19,2014-02-20,1.885,False
BEST_PX_BPS_RATIO,MCO,39,2014-01-02,2014-02-09,2014-02-10,5241.924,False
BEST_PX_BPS_RATIO,MPWR,36,2014-01-02,2014-02-06,2014-02-07,2.69,False
BEST_PX_BPS_RATIO,7203,5,2014-01-02,2014-01-06,2014-01-07,0.909,False
BEST_PX_BPS_RATIO,8306,5,2014-01-02,2014-01-06,2014-01-07,0.487,False
BEST_PX_BPS_RATIO,6146,5,2014-01-02,2014-01-06,2014-01-07,1.466,False
BEST_PX_BPS_RATIO,8035,5,2014-01-02,2014-01-06,2014-01-07,1.16,False
BEST_PX_BPS_RATIO,6857,5,2014-01-02,2014-01-06,2014-01-07,1.386,False
BEST_PX_BPS_RATIO,9433,5,2014-01-02,2014-01-06,2014-01-07,1.176,False
BEST_PX_BPS_RATIO,4063,5,2014-01-02,2014-01-06,2014-01-07,1.149,False
BEST_PX_BPS_RATIO,8316,5,2014-01-02,2014-01-06,2014-01-07,0.589,False
BEST_PX_BPS_RATIO,6758,5,2014-01-02,2014-01-06,2014-01-07,0.737,False
BEST_PX_BPS_RATIO,9432,5,2014-01-02,2014-01-06,2014-01-07,0.478,False
BEST_PX_BPS_RATIO,6981,5,2014-01-02,2014-01-06,2014-01-07,1.667,False
BEST_PX_BPS_RATIO,7974,5,2014-01-02,2014-01-06,2014-01-07,1.103,False
BEST_PX_BPS_RATIO,7011,5,2014-01-02,2014-01-06,2014-01-07,1.048,False
BEST_PX_BPS_RATIO,UBSG,4,2014-01-02,2014-01-05,2014-01-06,0.806,False
BEST_PX_BPS_RATIO,CFR,4,2014-01-02,2014-01-05,2014-01-06,2.495,False
BEST_PX_BPS_RATIO,BRK/B,4,2014-01-02,2014-01-05,2014-01-06,1.273,False
BEST_PX_BPS_RATIO,NOVN,4,2014-01-02,2014-01-05,2014-01-06,1.352,False
BEST_PX_BPS_RATIO,ABBN,4,2014-01-02,2014-01-05,2014-01-06,1.891,False
BEST_PX_BPS_RATIO,PH,4,2014-01-02,2014-01-05,2014-01-06,2.23,False
BEST_PX_BPS_RATIO,WM,4,2014-01-02,2014-01-05,2014-01-06,2.208,False
BEST_PX_BPS_RATIO,ROP,4,2014-01-02,2014-01-05,2014-01-06,5.52,False
BEST_PX_BPS_RATIO,ZURN,4,2014-01-02,2014-01-05,2014-01-06,0.573,False
BEST_PX_BPS_RATIO,NESN,4,2014-01-02,2014-01-05,2014-01-06,2.063,False
BEST_PX_BPS_RATIO,LRCX,4,2014-01-02,2014-01-05,2014-01-06,1.354,False
BEST_PX_BPS_RATIO,GE,4,2014-01-02,2014-01-05,2014-01-06,1.085,False
BEST_PX_BPS_RATIO,SHEL,4,2014-01-02,2014-01-05,2014-01-06,0.592,False
BEST_PX_BPS_RATIO,AMAT,1,2014-01-02,2014-01-02,2014-01-03,2.293,False
BEST_PX_BPS_RATIO,WFC,1,2014-01-02,2014-01-02,2014-01-03,0.995,False
BEST_PX_BPS_RATIO,MPC,1,2014-01-02,2014-01-02,2014-01-03,1.532,False
BEST_PX_BPS_RATIO,TER,1,2014-01-02,2014-01-02,2014-01-03,1.384,False
BEST_PX_BPS_RATIO,GLW,1,2014-01-02,2014-01-02,2014-01-03,0.815,False
BEST_PX_BPS_RATIO,NFLX,1,2014-01-02,2014-01-02,2014-01-03,15.429,False
BEST_PX_BPS_RATIO,JNJ,1,2014-01-02,2014-01-02,2014-01-03,2.217,False
BEST_PX_BPS_RATIO,EQIX,1,2014-01-02,2014-01-02,2014-01-03,2.478,False
BEST_PX_BPS_RATIO,AMD,1,2014-01-02,2014-01-02,2014-01-03,4.679,False
BEST_PX_BPS_RATIO,PLD,1,2014-01-02,2014-01-02,2014-01-03,0.791,False
BEST_PX_BPS_RATIO,TMUS,1,2014-01-02,2014-01-02,2014-01-03,1.546,False
BEST_PX_BPS_RATIO,NEE,1,2014-01-02,2014-01-02,2014-01-03,1.348,False
BEST_PX_BPS_RATIO,AMT,1,2014-01-02,2014-01-02,2014-01-03,5.337,False
BEST_PX_BPS_RATIO,XOM,1,2014-01-02,2014-01-02,2014-01-03,1.38,False
BEST_PX_BPS_RATIO,CRM,1,2014-01-02,2014-01-02,2014-01-03,10.439,False
BEST_PX_BPS_RATIO,BLK,1,2014-01-02,2014-01-02,2014-01-03,1.383,False
BEST_PX_BPS_RATIO,MA,1,2014-01-02,2014-01-02,2014-01-03,9.26,False
BEST_PX_BPS_RATIO,V,1,2014-01-02,2014-01-02,2014-01-03,3.772,False
BEST_PX_BPS_RATIO,SPGI,1,2014-01-02,2014-01-02,2014-01-03,10.39,False
BEST_PX_BPS_RATIO,PG,1,2014-01-02,2014-01-02,2014-01-03,2.268,False
BEST_PX_BPS_RATIO,MCD,1,2014-01-02,2014-01-02,2014-01-03,4.164,False
BEST_PX_BPS_RATIO,COST,1,2014-01-02,2014-01-02,2014-01-03,3.337,False
BEST_PX_BPS_RATIO,GS,1,2014-01-02,2014-01-02,2014-01-03,0.847,False
BEST_PX_BPS_RATIO,CAT,1,2014-01-02,2014-01-02,2014-01-03,2.165,False
BEST_PX_BPS_RATIO,HON,1,2014-01-02,2014-01-02,2014-01-03,1.44,False
BEST_PX_BPS_RATIO,UNP,1,2014-01-02,2014-01-02,2014-01-03,2.509,False
BEST_PX_BPS_RATIO,DE,1,2014-01-02,2014-01-02,2014-01-03,2.132,False
BEST_PX_BPS_RATIO,LMT,1,2014-01-02,2014-01-02,2014-01-03,18.16,False
BEST_PX_BPS_RATIO,ETN,1,2014-01-02,2014-01-02,2014-01-03,1.46,False
BEST_PX_BPS_RATIO,WMT,1,2014-01-02,2014-01-02,2014-01-03,2.327,False
BEST_PX_BPS_RATIO,AAPL,1,2014-01-02,2014-01-02,2014-01-03,2.972,False
BEST_PX_BPS_RATIO,AVGO,1,2014-01-02,2014-01-02,2014-01-03,2.89,False
BEST_PX_BPS_RATIO,TSLA,1,2014-01-02,2014-01-02,2014-01-03,34.256,False
BEST_PX_BPS_RATIO,NVDA,1,2014-01-02,2014-01-02,2014-01-03,1.93,False
BEST_PX_BPS_RATIO,META,1,2014-01-02,2014-01-02,2014-01-03,7.856,False
BEST_PX_BPS_RATIO,MU,1,2014-01-02,2014-01-02,2014-01-03,1.908,False
BEST_PX_BPS_RATIO,000660,1,2014-01-02,2014-01-02,2014-01-03,1.358,False
BEST_PX_BPS_RATIO,005930,1,2014-01-02,2014-01-02,2014-01-03,0.882,False
BEST_PX_BPS_RATIO,UNH,1,2014-01-02,2014-01-02,2014-01-03,1.706,False
BEST_PX_BPS_RATIO,LLY,1,2014-01-02,2014-01-02,2014-01-03,2.708,False
BEST_PX_BPS_RATIO,ISRG,1,2014-01-02,2014-01-02,2014-01-03,3.116,False
BEST_PX_BPS_RATIO,ABBV,1,2014-01-02,2014-01-02,2014-01-03,6.071,False
BEST_PX_BPS_RATIO,REGN,1,2014-01-02,2014-01-02,2014-01-03,10.071,False
BEST_PX_BPS_RATIO,JPM,1,2014-01-02,2014-01-02,2014-01-03,0.728,False
BEST_PX_BPS_RATIO,MSFT,1,2014-01-02,2014-01-02,2014-01-03,2.533,False
BEST_PX_BPS_RATIO,AMZN,1,2014-01-02,2014-01-02,2014-01-03,15.68,False
BEST_PX_BPS_RATIO,GOOGL,1,2014-01-02,2014-01-02,2014-01-03,3.631,False
BEST_PX_BPS_RATIO,CS,1,2014-01-02,2014-01-02,2014-01-03,0.449,False
BEST_PX_BPS_RATIO,C,1,2014-01-02,2014-01-02,2014-01-03,0.545,False
BEST_PX_BPS_RATIO,KKR,1,2014-01-02,2014-01-02,2014-01-03,1.33,False
BEST_PX_BPS_RATIO,BN,1,2014-01-02,2014-01-02,2014-01-03,0.562,False
BEST_PX_BPS_RATIO,CME,1,2014-01-02,2014-01-02,2014-01-03,0.693,False
BEST_PX_BPS_RATIO,AON,1,2014-01-02,2014-01-02,2014-01-03,2.554,False
BEST_PX_BPS_RATIO,AXP,1,2014-01-02,2014-01-02,2014-01-03,3.734,False
BEST_PX_BPS_RATIO,PGR,1,2014-01-02,2014-01-02,2014-01-03,1.507,False
BEST_PX_BPS_RATIO,IFX,1,2014-01-02,2014-01-02,2014-01-03,1.707,False
BEST_PX_BPS_RATIO,ADI,1,2014-01-02,2014-01-02,2014-01-03,2.352,False
BEST_PX_BPS_RATIO,SCHW,1,2014-01-02,2014-01-02,2014-01-03,2.525,False
BEST_PX_BPS_RATIO,MS,1,2014-01-02,2014-01-02,2014-01-03,0.652,False
BEST_PX_BPS_RATIO,ADBE,1,2014-01-02,2014-01-02,2014-01-03,4.331,False
BEST_PX_BPS_RATIO,NOW,1,2014-01-02,2014-01-02,2014-01-03,24.589,False
BEST_PX_BPS_RATIO,ACN,1,2014-01-02,2014-01-02,2014-01-03,7.283,False
BEST_PX_BPS_RATIO,IBM,1,2014-01-02,2014-01-02,2014-01-03,4.622,False
BEST_PX_BPS_RATIO,HSBA,1,2014-01-02,2014-01-02,2014-01-03,0.541,False
BEST_PX_BPS_RATIO,AZN,1,2014-01-02,2014-01-02,2014-01-03,2.074,False
BEST_PX_BPS_RATIO,ASML,1,2014-01-02,2014-01-02,2014-01-03,3.768,False
BEST_PX_BPS_RATIO,SAP,1,2014-01-02,2014-01-02,2014-01-03,3.16,False
BEST_PX_BPS_RATIO,TXN,1,2014-01-02,2014-01-02,2014-01-03,2.891,False
BEST_PX_BPS_RATIO,QCOM,1,2014-01-02,2014-01-02,2014-01-03,2.171,False
BEST_PX_BPS_RATIO,RIO,1,2014-01-02,2014-01-02,2014-01-03,0.687,False
BEST_PX_BPS_RATIO,NOVOB,1,2014-01-02,2014-01-02,2014-01-03,8.221,False
BEST_PX_BPS_RATIO,MC,1,2014-01-02,2014-01-02,2014-01-03,1.63,False
BEST_PX_BPS_RATIO,RR/,1,2014-01-02,2014-01-02,2014-01-03,2.732,False
BEST_PX_BPS_RATIO,BKNG,1,2014-01-02,2014-01-02,2014-01-03,6.428,False
BEST_PX_BPS_RATIO,WMB,1,2014-01-02,2014-01-02,2014-01-03,1.917,False
BEST_PX_BPS_RATIO,SU,1,2014-01-02,2014-01-02,2014-01-03,1.316,False
BEST_PX_BPS_RATIO,SIE,1,2014-01-02,2014-01-02,2014-01-03,1.634,False
BEST_PX_BPS_RATIO,RHM,1,2014-01-02,2014-01-02,2014-01-03,0.906,False
BEST_PX_BPS_RATIO,ALV,1,2014-01-02,2014-01-02,2014-01-03,0.574,False
BEST_PX_BPS_RATIO,BAC,1,2014-01-02,2014-01-02,2014-01-03,0.564,False
BEST_PX_BPS_RATIO,FN,1,2014-01-02,2014-01-02,2014-01-03,1.665,False
BEST_PX_BPS_RATIO,PANW,1,2014-01-02,2014-01-02,2014-01-03,11.732,False
BEST_PX_BPS_RATIO,CSCO,1,2014-01-02,2014-01-02,2014-01-03,1.295,False
BEST_PX_BPS_RATIO,TSM,1,2014-01-02,2014-01-02,2014-01-03,1.997,False
BEST_PX_BPS_RATIO,STX,1,2014-01-02,2014-01-02,2014-01-03,5.884,False
BEST_PX_BPS_RATIO,BSX,1,2014-01-02,2014-01-02,2014-01-03,2.229,False
BEST_PX_BPS_RATIO,DLR,1,2014-01-02,2014-01-02,2014-01-03,1.271,False
BEST_PX_BPS_RATIO,TMO,1,2014-01-02,2014-01-02,2014-01-03,2.167,False
BEST_PX_BPS_RATIO,ORCL,1,2014-01-02,2014-01-02,2014-01-03,2.759,False
BEST_PX_BPS_RATIO,INTC,1,2014-01-02,2014-01-02,2014-01-03,1.565,False
BEST_PX_BPS_RATIO,KLAC,1,2014-01-02,2014-01-02,2014-01-03,1.691,False
BEST_PX_BPS_RATIO,MRVL,1,2014-01-02,2014-01-02,2014-01-03,1.316,False
BEST_PX_BPS_RATIO,BX,1,2014-01-02,2014-01-02,2014-01-03,1.803,False
BEST_PX_BPS_RATIO,PWR,1,2014-01-02,2014-01-02,2014-01-03,1.458,False
BEST_PX_BPS_RATIO,HD,1,2014-01-02,2014-01-02,2014-01-03,5.943,False
BEST_PX_BPS_RATIO,FCX,1,2014-01-02,2014-01-02,2014-01-03,1.428,False
BEST_PX_BPS_RATIO,APH,1,2014-01-02,2014-01-02,2014-01-03,3.878,False
BEST_PX_BPS_RATIO,MSI,1,2014-01-02,2014-01-02,2014-01-03,6.674,False
BEST_PX_BPS_RATIO,ITX,1,2014-01-02,2014-01-02,2014-01-03,4.951,False
BEST_PX_BPS_RATIO,SAN,1,2014-01-02,2014-01-02,2014-01-03,1.006,False
BEST_PX_BPS_RATIO,SBUX,1,2014-01-02,2014-01-02,2014-01-03,6.796,False
BEST_PX_BPS_RATIO,LOW,1,2014-01-02,2014-01-02,2014-01-03,3.395,False
BEST_PX_BPS_RATIO,ABT,1,2014-01-02,2014-01-02,2014-01-03,1.896,False
BEST_PX_BPS_RATIO,PUB,1,2014-01-02,2014-01-02,2014-01-03,1.677,False
BEST_PX_BPS_RATIO,TTWO,1,2014-01-02,2014-01-02,2014-01-03,2.086,False
BEST_PX_BPS_RATIO,T,1,2014-01-02,2014-01-02,2014-01-03,0.759,False
BEST_PX_BPS_RATIO,DTE,1,2014-01-02,2014-01-02,2014-01-03,1.213,False
BEST_PX_BPS_RATIO,TJX,1,2014-01-02,2014-01-02,2014-01-03,8.224,False
BEST_PX_BPS_RATIO,VZ,1,2014-01-02,2014-01-02,2014-01-03,2.612,False
BEST_PX_BPS_RATIO,CMCSA,1,2014-01-02,2014-01-02,2014-01-03,1.682,False
BEST_PX_BPS_RATIO,DIS,1,2014-01-02,2014-01-02,2014-01-03,2.523,False
BEST_PX_BPS_RATIO,ORLY,1,2014-01-02,2014-01-02,2014-01-03,5.825,False
BEST_PX_BPS_RATIO,NKE,1,2014-01-02,2014-01-02,2014-01-03,4.97,False
BEST_PX_BPS_RATIO,MCK,1,2014-01-02,2014-01-02,2014-01-03,3.541,False
BEST_PX_BPS_RATIO,SYK,1,2014-01-02,2014-01-02,2014-01-03,2.369,False
BEST_PX_BPS_RATIO,MRK,1,2014-01-02,2014-01-02,2014-01-03,1.886,False
BEST_PX_BPS_RATIO,AMGN,1,2014-01-02,2014-01-02,2014-01-03,2.319,False
BEST_PX_BPS_RATIO,SAF,1,2014-01-02,2014-01-02,2014-01-03,2.378,False
BEST_PX_BPS_RATIO,AIR,1,2014-01-02,2014-01-02,2014-01-03,2.947,False
BEST_PX_BPS_RATIO,BNP,1,2014-01-02,2014-01-02,2014-01-03,0.418,False
BEST_PX_BPS_RATIO,EMR,1,2014-01-02,2014-01-02,2014-01-03,2.984,False
BEST_PX_BPS_RATIO,MUV2,1,2014-01-02,2014-01-02,2014-01-03,0.586,False
BEST_PX_BPS_RATIO,RTX,1,2014-01-02,2014-01-02,2014-01-03,1.386,False
BEST_PX_BPS_RATIO,COF,1,2014-01-02,2014-01-02,2014-01-03,0.786,False
BEST_PX_BPS_RATIO,DSY,1,2014-01-02,2014-01-02,2014-01-03,3.465,False
BEST_PX_BPS_RATIO,ICE,1,2014-01-02,2014-01-02,2014-01-03,2.569,False
BEST_PX_BPS_RATIO,CB,1,2014-01-02,2014-01-02,2014-01-03,0.881,False
BEST_PX_BPS_RATIO,ADSK,1,2014-01-02,2014-01-02,2014-01-03,4.83,False
BEST_PX_BPS_RATIO,WDAY,1,2014-01-02,2014-01-02,2014-01-03,29.205,False
BEST_PX_BPS_RATIO,WDC,1,2014-01-02,2014-01-02,2014-01-03,1.269,False
BEST_PX_BPS_RATIO,NXPI,1,2014-01-02,2014-01-02,2014-01-03,4.444,False
BEST_PX_BPS_RATIO,FTNT,1,2014-01-02,2014-01-02,2014-01-03,4.406,False
BEST_PX_BPS_RATIO,VRTX,1,2014-01-02,2014-01-02,2014-01-03,19.928,False
BEST_PX_BPS_RATIO,TT,1,2014-01-02,2014-01-02,2014-01-03,1.523,False
BEST_PX_BPS_RATIO,DHR,1,2014-01-02,2014-01-02,2014-01-03,1.371,False
BEST_PX_BPS_RATIO,KO,1,2014-01-02,2014-01-02,2014-01-03,3.508,False
BEST_PX_BPS_RATIO,ULVR,1,2014-01-02,2014-01-02,2014-01-03,2.858,False
BEST_PX_BPS_RATIO,AI,1,2014-01-02,2014-01-02,2014-01-03,1.977,False
BEST_PX_BPS_RATIO,ECL,1,2014-01-02,2014-01-02,2014-01-03,3.434,False
BEST_PX_BPS_RATIO,IBE,1,2014-01-02,2014-01-02,2014-01-03,0.452,False
BEST_PX_BPS_RATIO,INTU,1,2014-01-02,2014-01-02,2014-01-03,5.91,False
BEST_PX_BPS_RATIO,SHW,1,2014-01-02,2014-01-02,2014-01-03,10.52,False
BEST_PX_BPS_RATIO,SO,1,2014-01-02,2014-01-02,2014-01-03,1.017,False
BEST_PX_BPS_RATIO,UCG,1,2014-01-02,2014-01-02,2014-01-03,0.335,False
BEST_PX_BPS_RATIO,BNY,1,2014-01-02,2014-01-02,2014-01-03,0.765,False
BEST_PX_BPS_RATIO,APO,1,2014-01-02,2014-01-02,2014-01-03,2.07,False
BEST_PX_BPS_RATIO,MSCI,1,2014-01-02,2014-01-02,2014-01-03,2.483,False
BEST_PX_BPS_RATIO,MRSH,1,2014-01-02,2014-01-02,2014-01-03,2.538,False
BEST_PX_BPS_RATIO,ASM,1,2014-01-02,2014-01-02,2014-01-03,0.597,False
BEST_PX_BPS_RATIO,COHR,1,2014-01-02,2014-01-02,2014-01-03,1.568,False
BEST_PX_BPS_RATIO,ON,1,2014-01-02,2014-01-02,2014-01-03,1.984,False
BEST_PX_BPS_RATIO,MDLZ,1,2014-01-02,2014-01-02,2014-01-03,1.369,False
BEST_PX_BPS_RATIO,PEP,1,2014-01-02,2014-01-02,2014-01-03,3.598,False
BEST_PX_BPS_RATIO,OR,1,2014-01-02,2014-01-02,2014-01-03,2.563,False
BEST_PX_BPS_RATIO,CVX,1,2014-01-02,2014-01-02,2014-01-03,0.884,False
BEST_PX_BPS_RATIO,NEM,1,2014-01-02,2014-01-02,2014-01-03,0.752,False
BEST_PX_BPS_RATIO,TTE,1,2014-01-02,2014-01-02,2014-01-03,0.578,False
BEST_PX_BPS_RATIO,REL,1,2014-01-02,2014-01-02,2014-01-03,4.2,False
BEST_PX_BPS_RATIO,ADP,1,2014-01-02,2014-01-02,2014-01-03,3.833,False
BEST_PX_BPS_RATIO,CMG,1,2014-01-02,2014-01-02,2014-01-03,9.026,False
BEST_PX_BPS_RATIO,RMS,1,2014-01-02,2014-01-02,2014-01-03,6.993,False
BEST_PX_BPS_RATIO,ZTS,1,2014-01-02,2014-01-02,2014-01-03,7.769,False
BEST_PX_BPS_RATIO,MDT,1,2014-01-02,2014-01-02,2014-01-03,1.937,False
BEST_PX_BPS_RATIO,GILD,1,2014-01-02,2014-01-02,2014-01-03,4.142,False
BEST_PX_BPS_RATIO,PFE,1,2014-01-02,2014-01-02,2014-01-03,1.403,False
BEST_PX_BPS_RATIO,GM,1,2014-01-02,2014-01-02,2014-01-03,1.089,False
BEST_PX_BPS_RATIO,LYV,1,2014-01-02,2014-01-02,2014-01-03,2.813,False
BEST_PX_BPS_RATIO,CL,1,2014-01-02,2014-01-02,2014-01-03,24.028,False
BEST_PX_BPS_RATIO,MO,1,2014-01-02,2014-01-02,2014-01-03,7.748,False
BEST_PX_BPS_RATIO,MNST,1,2014-01-02,2014-01-02,2014-01-03,12.272,False
BEST_PX_BPS_RATIO,COP,1,2014-01-02,2014-01-02,2014-01-03,1.024,False
BEST_PX_BPS_RATIO,APD,1,2014-01-02,2014-01-02,2014-01-03,2.027,False
BEST_PX_BPS_RATIO,SLB,1,2014-01-02,2014-01-02,2014-01-03,1.916,False
BEST_PX_BPS_RATIO,NRG,1,2014-01-02,2014-01-02,2014-01-03,0.607,False
BEST_PX_BPS_RATIO,ENEL,1,2014-01-02,2014-01-02,2014-01-03,0.387,False
BEST_ROE,SNDK,4082,2014-01-01,2025-03-05,2025-03-06,4.956,False
BEST_ROE,285A,4048,2014-01-01,2025-01-30,2025-01-31,25.276,False
BEST_ROE,RDDT,3759,2014-01-01,2024-04-16,2024-04-17,-53.314,False
BEST_ROE,GEV,3745,2014-01-01,2024-04-02,2024-04-03,11.459,False
BEST_ROE,ARM,3530,2014-01-01,2023-08-31,2023-09-01,14.843,False
BEST_ROE,CEG,2959,2014-01-01,2022-02-06,2022-02-07,7.119,False
BEST_ROE,UMG,2823,2014-01-01,2021-09-23,2021-09-24,59.177,False
BEST_ROE,APP,2688,2014-01-01,2021-05-11,2021-05-12,21.5,False
BEST_ROE,RBLX,2653,2014-01-01,2021-04-06,2021-04-07,-95.396,False
BEST_ROE,FICO,2577,2014-01-01,2021-01-20,2021-01-21,69.479,False
BEST_ROE,PLTR,2560,2014-01-01,2021-01-03,2021-01-04,-3.425,False
BEST_ROE,ABNB,2536,2014-01-01,2020-12-10,2020-12-11,64.941,False
BEST_ROE,DASH,2528,2014-01-01,2020-12-02,2020-12-03,8.413,False
BEST_ROE,VRT,2511,2014-01-01,2020-11-15,2020-11-16,47.509,False
BEST_ROE,SNOW,2478,2014-01-01,2020-10-13,2020-10-14,-22.28,False
BEST_ROE,DDOG,2114,2014-01-01,2019-10-15,2019-10-16,-9.045,False
BEST_ROE,NET,2107,2014-01-01,2019-10-08,2019-10-09,-17.414,False
BEST_ROE,CRWD,2016,2014-01-01,2019-07-09,2019-07-10,-39.182,False
BEST_ROE,UBER,1955,2014-01-01,2019-05-09,2019-05-10,-28.264,False
BEST_ROE,DELL,1825,2014-01-01,2018-12-30,2018-12-31,390.196,False
BEST_ROE,LIN,1770,2014-01-01,2018-11-05,2018-11-06,12.57,False
BEST_ROE,BE,1694,2014-01-01,2018-08-21,2018-08-22,6.095,False
BEST_ROE,ZS,1561,2014-01-01,2018-04-10,2018-04-11,-39.327,False
BEST_ROE,SPOT,1554,2014-01-01,2018-04-03,2018-04-04,-70.218,False
BEST_ROE,TTD,1381,2014-01-01,2017-10-12,2017-10-13,29.768,False
BEST_ROE,VST,1297,2014-01-01,2017-07-20,2017-07-21,4.867,False
BEST_ROE,HWM,1038,2014-01-01,2016-11-03,2016-11-04,11.843,False
BEST_ROE,TEAM,735,2014-01-01,2016-01-05,2016-01-06,7.754,False
BEST_ROE,RACE,681,2014-01-01,2015-11-12,2015-11-13,531.669,False
BEST_ROE,HPE,673,2014-01-01,2015-11-04,2015-11-05,17.254,False
BEST_ROE,MCO,652,2014-01-01,2015-10-14,2015-10-15,-222.289,False
BEST_ROE,LITE,581,2014-01-01,2015-08-04,2015-08-05,12.419,False
BEST_ROE,PYPL,562,2014-01-01,2015-07-16,2015-07-17,10.391,False
BEST_ROE,SPGI,450,2014-01-01,2015-03-26,2015-03-27,101.056,False
BEST_ROE,TKO,348,2014-01-01,2014-12-14,2014-12-15,1.423,False
BEST_ROE,KEYS,322,2014-01-01,2014-11-18,2014-11-19,29.086,False
BEST_ROE,LSEG,203,2014-01-01,2014-07-22,2014-07-23,19.708,False
BEST_ROE,ANET,182,2014-01-01,2014-07-01,2014-07-02,22.391,False
BEST_ROE,WELL,96,2014-01-01,2014-04-06,2014-04-07,3.313,False
BEST_ROE,BRK/B,42,2014-01-01,2014-02-11,2014-02-12,7.021,False
BEST_ROE,MPWR,37,2014-01-01,2014-02-06,2014-02-07,15.559,False
BEST_ROE,CDNS,30,2014-01-01,2014-01-30,2014-01-31,18.612,False
BEST_ROE,GILD,28,2014-01-01,2014-01-28,2014-01-29,45.91,False
BEST_ROE,TER,23,2014-01-01,2014-01-23,2014-01-24,17.839,False
BEST_ROE,IBKR,22,2014-01-01,2014-01-22,2014-01-23,8.043,False
BEST_ROE,WM,19,2014-01-01,2014-01-19,2014-01-20,16.11,False
BEST_ROE,JPM,7,2014-01-01,2014-01-07,2014-01-08,10.88,False
BEST_ROE,LNG,7,2014-01-01,2014-01-07,2014-01-08,-75.878,False
BEST_ROE,UNH,6,2014-01-01,2014-01-06,2014-01-07,16.427,False
BEST_ROE,ITX,6,2014-01-01,2014-01-06,2014-01-07,27.575,False
BEST_ROE,MRVL,5,2014-01-01,2014-01-05,2014-01-06,9.836,False
BEST_ROE,INTC,5,2014-01-01,2014-01-05,2014-01-06,15.936,False
BEST_ROE,PGR,5,2014-01-01,2014-01-05,2014-01-06,14.363,False
BEST_ROE,ULVR,5,2014-01-01,2014-01-05,2014-01-06,26.516,False
BEST_ROE,MRK,5,2014-01-01,2014-01-05,2014-01-06,20.97,False
BEST_ROE,AMAT,5,2014-01-01,2014-01-05,2014-01-06,16.324,False
BEST_ROE,MC,5,2014-01-01,2014-01-05,2014-01-06,14.242,False
BEST_ROE,CS,5,2014-01-01,2014-01-05,2014-01-06,9.83,False
BEST_ROE,DTE,5,2014-01-01,2014-01-05,2014-01-06,11.613,False
BEST_ROE,ABBN,5,2014-01-01,2014-01-05,2014-01-06,19.731,False
BEST_ROE,AI,5,2014-01-01,2014-01-05,2014-01-06,15.498,False
BEST_ROE,OR,5,2014-01-01,2014-01-05,2014-01-06,14.189,False
BEST_ROE,DHR,5,2014-01-01,2014-01-05,2014-01-06,11.764,False
BEST_ROE,LYV,5,2014-01-01,2014-01-05,2014-01-06,1.391,False
BEST_ROE,GRMN,5,2014-01-01,2014-01-05,2014-01-06,13.951,False
BEST_ROE,NVDA,2,2014-01-01,2014-01-02,2014-01-03,9.464,False
BEST_ROE,GS,2,2014-01-01,2014-01-02,2014-01-03,9.926,False
BEST_ROE,SYK,2,2014-01-01,2014-01-02,2014-01-03,17.966,False
BEST_ROE,PFE,2,2014-01-01,2014-01-02,2014-01-03,19.283,False
BEST_ROE,EQIX,1,2014-01-01,2014-01-01,2014-01-02,7.796,False
BEST_ROE,TMUS,1,2014-01-01,2014-01-01,2014-01-02,3.892,False
BEST_ROE,JNJ,1,2014-01-01,2014-01-01,2014-01-02,20.948,False
BEST_ROE,CRM,1,2014-01-01,2014-01-01,2014-01-02,10.05,False
BEST_ROE,NFLX,1,2014-01-01,2014-01-01,2014-01-02,18.456,False
BEST_ROE,PG,1,2014-01-01,2014-01-01,2014-01-02,18.653,False
BEST_ROE,TMO,1,2014-01-01,2014-01-01,2014-01-02,12.402,False
BEST_ROE,PWR,1,2014-01-01,2014-01-01,2014-01-02,8.919,False
BEST_ROE,BX,1,2014-01-01,2014-01-01,2014-01-02,33.062,False
BEST_ROE,KLAC,1,2014-01-01,2014-01-01,2014-01-02,19.568,False
BEST_ROE,BAC,1,2014-01-01,2014-01-01,2014-01-02,6.67,False
BEST_ROE,WMB,1,2014-01-01,2014-01-01,2014-01-02,12.996,False
BEST_ROE,BSX,1,2014-01-01,2014-01-01,2014-01-02,9.974,False
BEST_ROE,DLR,1,2014-01-01,2014-01-01,2014-01-02,5.088,False
BEST_ROE,BKNG,1,2014-01-01,2014-01-01,2014-01-02,32.794,False
BEST_ROE,AMD,1,2014-01-01,2014-01-01,2014-01-02,12.266,False
BEST_ROE,PLD,1,2014-01-01,2014-01-01,2014-01-02,1.976,False
BEST_ROE,AMT,1,2014-01-01,2014-01-01,2014-01-02,18.913,False
BEST_ROE,NEE,1,2014-01-01,2014-01-01,2014-01-02,12.397,False
BEST_ROE,XOM,1,2014-01-01,2014-01-01,2014-01-02,18.558,False
BEST_ROE,FCX,1,2014-01-01,2014-01-01,2014-01-02,14.501,False
BEST_ROE,PANW,1,2014-01-01,2014-01-01,2014-01-02,11.8,False
BEST_ROE,LRCX,1,2014-01-01,2014-01-01,2014-01-02,12.966,False
BEST_ROE,MPC,1,2014-01-01,2014-01-01,2014-01-02,23.29,False
BEST_ROE,WFC,1,2014-01-01,2014-01-01,2014-01-02,13.05,False
BEST_ROE,GLW,1,2014-01-01,2014-01-01,2014-01-02,9.139,False
BEST_ROE,ISRG,1,2014-01-01,2014-01-01,2014-01-02,17.727,False
BEST_ROE,MCD,1,2014-01-01,2014-01-01,2014-01-02,36.379,False
BEST_ROE,WMT,1,2014-01-01,2014-01-01,2014-01-02,21.384,False
BEST_ROE,HON,1,2014-01-01,2014-01-01,2014-01-02,26.754,False
BEST_ROE,CAT,1,2014-01-01,2014-01-01,2014-01-02,19.442,False
BEST_ROE,DE,1,2014-01-01,2014-01-01,2014-01-02,26.155,False
BEST_ROE,UNP,1,2014-01-01,2014-01-01,2014-01-02,21.976,False
BEST_ROE,ETN,1,2014-01-01,2014-01-01,2014-01-02,13.26,False
BEST_ROE,LMT,1,2014-01-01,2014-01-01,2014-01-02,212.256,False
BEST_ROE,HD,1,2014-01-01,2014-01-01,2014-01-02,47.182,False
BEST_ROE,COST,1,2014-01-01,2014-01-01,2014-01-02,18.677,False
BEST_ROE,BLK,1,2014-01-01,2014-01-01,2014-01-02,16.042,False
BEST_ROE,MA,1,2014-01-01,2014-01-01,2014-01-02,40.896,False
BEST_ROE,V,1,2014-01-01,2014-01-01,2014-01-02,18.613,False
BEST_ROE,REGN,1,2014-01-01,2014-01-01,2014-01-02,43.672,False
BEST_ROE,MU,1,2014-01-01,2014-01-01,2014-01-02,22.93,False
BEST_ROE,AVGO,1,2014-01-01,2014-01-01,2014-01-02,24.407,False
BEST_ROE,TSLA,1,2014-01-01,2014-01-01,2014-01-02,43.237,False
BEST_ROE,000660,1,2014-01-01,2014-01-01,2014-01-02,24.317,False
BEST_ROE,LLY,1,2014-01-01,2014-01-01,2014-01-02,19.046,False
BEST_ROE,005930,1,2014-01-01,2014-01-01,2014-01-02,20.482,False
BEST_ROE,ABBV,1,2014-01-01,2014-01-01,2014-01-02,82.299,False
BEST_ROE,META,1,2014-01-01,2014-01-01,2014-01-02,15.627,False
BEST_ROE,GOOGL,1,2014-01-01,2014-01-01,2014-01-02,17.662,False
BEST_ROE,AMZN,1,2014-01-01,2014-01-01,2014-01-02,14.209,False
BEST_ROE,AAPL,1,2014-01-01,2014-01-01,2014-01-02,29.688,False
BEST_ROE,MSFT,1,2014-01-01,2014-01-01,2014-01-02,24.174,False
BEST_ROE,ZURN,1,2014-01-01,2014-01-01,2014-01-02,12.249,False
BEST_ROE,C,1,2014-01-01,2014-01-01,2014-01-02,7.945,False
BEST_ROE,KKR,1,2014-01-01,2014-01-01,2014-01-02,22.223,False
BEST_ROE,BN,1,2014-01-01,2014-01-01,2014-01-02,6.472,False
BEST_ROE,CME,1,2014-01-01,2014-01-01,2014-01-02,5.15,False
BEST_ROE,AON,1,2014-01-01,2014-01-01,2014-01-02,17.952,False
BEST_ROE,SCHW,1,2014-01-01,2014-01-01,2014-01-02,11.15,False
BEST_ROE,AXP,1,2014-01-01,2014-01-01,2014-01-02,28.961,False
BEST_ROE,ADI,1,2014-01-01,2014-01-01,2014-01-02,15.196,False
BEST_ROE,8035,1,2014-01-01,2014-01-01,2014-01-02,6.545,False
BEST_ROE,MS,1,2014-01-01,2014-01-01,2014-01-02,7.18,False
BEST_ROE,IFX,1,2014-01-01,2014-01-01,2014-01-02,11.125,False
BEST_ROE,ADBE,1,2014-01-01,2014-01-01,2014-01-02,8.77,False
BEST_ROE,NOW,1,2014-01-01,2014-01-01,2014-01-02,-5.487,False
BEST_ROE,ACN,1,2014-01-01,2014-01-01,2014-01-02,55.838,False
BEST_ROE,IBM,1,2014-01-01,2014-01-01,2014-01-02,79.473,False
BEST_ROE,HSBA,1,2014-01-01,2014-01-01,2014-01-02,10.413,False
BEST_ROE,SHEL,1,2014-01-01,2014-01-01,2014-01-02,12.539,False
BEST_ROE,AZN,1,2014-01-01,2014-01-01,2014-01-02,19.728,False
BEST_ROE,ASML,1,2014-01-01,2014-01-01,2014-01-02,21.236,False
BEST_ROE,TXN,1,2014-01-01,2014-01-01,2014-01-02,22.441,False
BEST_ROE,QCOM,1,2014-01-01,2014-01-01,2014-01-02,20.526,False
BEST_ROE,RIO,1,2014-01-01,2014-01-01,2014-01-02,19.01,False
BEST_ROE,NOVOB,1,2014-01-01,2014-01-01,2014-01-02,62.145,False
BEST_ROE,SAP,1,2014-01-01,2014-01-01,2014-01-02,23.519,False
BEST_ROE,RR/,1,2014-01-01,2014-01-01,2014-01-02,18.494,False
BEST_ROE,NESN,1,2014-01-01,2014-01-01,2014-01-02,17.159,False
BEST_ROE,6857,1,2014-01-01,2014-01-01,2014-01-02,1.599,False
BEST_ROE,SU,1,2014-01-01,2014-01-01,2014-01-02,13.335,False
BEST_ROE,SIE,1,2014-01-01,2014-01-01,2014-01-02,18.748,False
BEST_ROE,RHM,1,2014-01-01,2014-01-01,2014-01-02,9.778,False
BEST_ROE,ALV,1,2014-01-01,2014-01-01,2014-01-02,11.627,False
BEST_ROE,FN,1,2014-01-01,2014-01-01,2014-01-02,16.431,False
BEST_ROE,CSCO,1,2014-01-01,2014-01-01,2014-01-02,17.172,False
BEST_ROE,ORCL,1,2014-01-01,2014-01-01,2014-01-02,27.253,False
BEST_ROE,TSM,1,2014-01-01,2014-01-01,2014-01-02,22.652,False
BEST_ROE,STX,1,2014-01-01,2014-01-01,2014-01-02,63.01,False
BEST_ROE,PM,1,2014-01-01,2014-01-01,2014-01-02,-123.941,False
BEST_ROE,SNPS,1,2014-01-01,2014-01-01,2014-01-02,10.333,False
BEST_ROE,APH,1,2014-01-01,2014-01-01,2014-01-02,21.555,False
BEST_ROE,ABT,1,2014-01-01,2014-01-01,2014-01-02,13.958,False
BEST_ROE,FTNT,1,2014-01-01,2014-01-01,2014-01-02,11.544,False
BEST_ROE,WDAY,1,2014-01-01,2014-01-01,2014-01-02,-21.459,False
BEST_ROE,INTU,1,2014-01-01,2014-01-01,2014-01-02,27.4,False
BEST_ROE,IBE,1,2014-01-01,2014-01-01,2014-01-02,6.282,False
BEST_ROE,ECL,1,2014-01-01,2014-01-01,2014-01-02,17.103,False
BEST_ROE,TT,1,2014-01-01,2014-01-01,2014-01-02,13.393,False
BEST_ROE,KO,1,2014-01-01,2014-01-01,2014-01-02,30.347,False
BEST_ROE,MSI,1,2014-01-01,2014-01-01,2014-01-02,36.446,False
BEST_ROE,7203,1,2014-01-01,2014-01-01,2014-01-02,14.318,False
BEST_ROE,LOW,1,2014-01-01,2014-01-01,2014-01-02,26.578,False
BEST_ROE,SBUX,1,2014-01-01,2014-01-01,2014-01-02,34.806,False
BEST_ROE,SAN,1,2014-01-01,2014-01-01,2014-01-02,12.153,False
BEST_ROE,GE,1,2014-01-01,2014-01-01,2014-01-02,13.833,False
BEST_ROE,VRTX,1,2014-01-01,2014-01-01,2014-01-02,-32.092,False
BEST_ROE,TJX,1,2014-01-01,2014-01-01,2014-01-02,52.385,False
BEST_ROE,7974,1,2014-01-01,2014-01-01,2014-01-02,2.95,False
BEST_ROE,PUB,1,2014-01-01,2014-01-01,2014-01-02,16.891,False
BEST_ROE,TTWO,1,2014-01-01,2014-01-01,2014-01-02,19.504,False
BEST_ROE,T,1,2014-01-01,2014-01-01,2014-01-02,15.735,False
BEST_ROE,8306,1,2014-01-01,2014-01-01,2014-01-02,7.179,False
BEST_ROE,DIS,1,2014-01-01,2014-01-01,2014-01-02,15.819,False
BEST_ROE,CMCSA,1,2014-01-01,2014-01-01,2014-01-02,14.05,False
BEST_ROE,VZ,1,2014-01-01,2014-01-01,2014-01-02,57.811,False
BEST_ROE,ORLY,1,2014-01-01,2014-01-01,2014-01-02,33.893,False
BEST_ROE,NKE,1,2014-01-01,2014-01-01,2014-01-02,24.329,False
BEST_ROE,NOVN,1,2014-01-01,2014-01-01,2014-01-02,16.36,False
BEST_ROE,MCK,1,2014-01-01,2014-01-01,2014-01-02,24.754,False
BEST_ROE,AMGN,1,2014-01-01,2014-01-01,2014-01-02,29.064,False
BEST_ROE,SAF,1,2014-01-01,2014-01-01,2014-01-02,18.472,False
BEST_ROE,AXON,1,2014-01-01,2014-01-01,2014-01-02,20.102,False
BEST_ROE,AIR,1,2014-01-01,2014-01-01,2014-01-02,24.812,False
BEST_ROE,BNP,1,2014-01-01,2014-01-01,2014-01-02,8.098,False
BEST_ROE,MUV2,1,2014-01-01,2014-01-01,2014-01-02,11.204,False
BEST_ROE,EMR,1,2014-01-01,2014-01-01,2014-01-02,24.766,False
BEST_ROE,RTX,1,2014-01-01,2014-01-01,2014-01-02,20.126,False
BEST_ROE,COF,1,2014-01-01,2014-01-01,2014-01-02,9.357,False
BEST_ROE,6146,1,2014-01-01,2014-01-01,2014-01-02,10.315,False
BEST_ROE,ICE,1,2014-01-01,2014-01-01,2014-01-02,9.36,False
BEST_ROE,CB,1,2014-01-01,2014-01-01,2014-01-02,10.025,False
BEST_ROE,NXPI,1,2014-01-01,2014-01-01,2014-01-02,48.404,False
BEST_ROE,ADSK,1,2014-01-01,2014-01-01,2014-01-02,7.56,False
BEST_ROE,WDC,1,2014-01-01,2014-01-01,2014-01-02,20.988,False
BEST_ROE,6981,1,2014-01-01,2014-01-01,2014-01-02,10.358,False
BEST_ROE,DSY,1,2014-01-01,2014-01-01,2014-01-02,16.031,False
BEST_ROE,CVX,1,2014-01-01,2014-01-01,2014-01-02,14.669,False
BEST_ROE,ON,1,2014-01-01,2014-01-01,2014-01-02,17.221,False
BEST_ROE,9433,1,2014-01-01,2014-01-01,2014-01-02,14.479,False
BEST_ROE,SHW,1,2014-01-01,2014-01-01,2014-01-02,47.244,False
BEST_ROE,SO,1,2014-01-01,2014-01-01,2014-01-02,12.268,False
BEST_ROE,TTE,1,2014-01-01,2014-01-01,2014-01-02,14.669,False
BEST_ROE,NEM,1,2014-01-01,2014-01-01,2014-01-02,5.75,False
BEST_ROE,MDLZ,1,2014-01-01,2014-01-01,2014-01-02,8.804,False
BEST_ROE,PEP,1,2014-01-01,2014-01-01,2014-01-02,31.046,False
BEST_ROE,9432,1,2014-01-01,2014-01-01,2014-01-02,6.604,False
BEST_ROE,CFR,1,2014-01-01,2014-01-01,2014-01-02,19.596,False
BEST_ROE,UCG,1,2014-01-01,2014-01-01,2014-01-02,2.952,False
BEST_ROE,UBSG,1,2014-01-01,2014-01-01,2014-01-02,8.769,False
BEST_ROE,BNY,1,2014-01-01,2014-01-01,2014-01-02,7.492,False
BEST_ROE,MSCI,1,2014-01-01,2014-01-01,2014-01-02,16.612,False
BEST_ROE,MRSH,1,2014-01-01,2014-01-01,2014-01-02,20.143,False
BEST_ROE,APO,1,2014-01-01,2014-01-01,2014-01-02,35.275,False
BEST_ROE,ASM,1,2014-01-01,2014-01-01,2014-01-02,5.204,False
BEST_ROE,VRSN,1,2014-01-01,2014-01-01,2014-01-02,-826.5,False
BEST_ROE,COHR,1,2014-01-01,2014-01-01,2014-01-02,9.113,False
BEST_ROE,ROP,1,2014-01-01,2014-01-01,2014-01-02,56.266,False
BEST_ROE,MDT,1,2014-01-01,2014-01-01,2014-01-02,19.532,False
BEST_ROE,7011,1,2014-01-01,2014-01-01,2014-01-02,8.403,False
BEST_ROE,PH,1,2014-01-01,2014-01-01,2014-01-02,16.691,False
BEST_ROE,REL,1,2014-01-01,2014-01-01,2014-01-02,46.856,False
BEST_ROE,ADP,1,2014-01-01,2014-01-01,2014-01-02,24.825,False
BEST_ROE,8316,1,2014-01-01,2014-01-01,2014-01-02,9.951,False
BEST_ROE,CMG,1,2014-01-01,2014-01-01,2014-01-02,24.889,False
BEST_ROE,6758,1,2014-01-01,2014-01-01,2014-01-02,2.846,False
BEST_ROE,RMS,1,2014-01-01,2014-01-01,2014-01-02,28.859,False
BEST_ROE,ZTS,1,2014-01-01,2014-01-01,2014-01-02,54.283,False
BEST_ROE,HCA,1,2014-01-01,2014-01-01,2014-01-02,-30.801,False
BEST_ROE,MAR,1,2014-01-01,2014-01-01,2014-01-02,-53.365,False
BEST_ROE,MO,1,2014-01-01,2014-01-01,2014-01-02,125.159,False
BEST_ROE,GM,1,2014-01-01,2014-01-01,2014-01-02,20.662,False
BEST_ROE,CL,1,2014-01-01,2014-01-01,2014-01-02,142.334,False
BEST_ROE,MNST,1,2014-01-01,2014-01-01,2014-01-02,41.646,False
BEST_ROE,SLB,1,2014-01-01,2014-01-01,2014-01-02,18.69,False
BEST_ROE,COP,1,2014-01-01,2014-01-01,2014-01-02,14.867,False
BEST_ROE,APD,1,2014-01-01,2014-01-01,2014-01-02,16.748,False
BEST_ROE,4063,1,2014-01-01,2014-01-01,2014-01-02,7.721,False
BEST_ROE,NRG,1,2014-01-01,2014-01-01,2014-01-02,5.647,False
BEST_ROE,ENEL,1,2014-01-01,2014-01-01,2014-01-02,6.833,False
BEST_SALES,SNDK,4074,2014-01-01,2025-02-25,2025-02-26,7610.682,False
BEST_SALES,285A,4048,2014-01-01,2025-01-30,2025-01-31,1620019.971,False
BEST_SALES,GEV,3745,2014-01-01,2024-04-02,2024-04-03,35030.362,False
BEST_SALES,RDDT,3715,2014-01-01,2024-03-03,2024-03-04,1221.823,False
BEST_SALES,ARM,3530,2014-01-01,2023-08-31,2023-09-01,3641.341,False
BEST_SALES,CEG,2956,2014-01-01,2022-02-03,2022-02-04,13013.933,False
BEST_SALES,UMG,2823,2014-01-01,2021-09-23,2021-09-24,8776.111,False
BEST_SALES,APP,2688,2014-01-01,2021-05-11,2021-05-12,2733.546,False
BEST_SALES,RBLX,2564,2014-01-01,2021-01-07,2021-01-08,1610.49,False
BEST_SALES,ABNB,2535,2014-01-01,2020-12-09,2020-12-10,4353.59,False
BEST_SALES,DASH,2527,2014-01-01,2020-12-01,2020-12-02,4323.628,False
BEST_SALES,PLTR,2466,2014-01-01,2020-10-01,2020-10-02,1352.119,False
BEST_SALES,SNOW,2465,2014-01-01,2020-09-30,2020-10-01,880.333,False
BEST_SALES,VRT,2261,2014-01-01,2020-03-10,2020-03-11,4631.981,False
BEST_SALES,DDOG,2114,2014-01-01,2019-10-15,2019-10-16,439.273,False
BEST_SALES,NET,2107,2014-01-01,2019-10-08,2019-10-09,343.311,False
BEST_SALES,CRWD,2016,2014-01-01,2019-07-09,2019-07-10,489.555,False
BEST_SALES,UBER,1947,2014-01-01,2019-05-01,2019-05-02,14423.427,False
BEST_SALES,DELL,1814,2014-01-01,2018-12-19,2018-12-20,94870.908,False
BEST_SALES,LIN,1766,2014-01-01,2018-11-01,2018-11-02,23231.0,False
BEST_SALES,BE,1694,2014-01-01,2018-08-21,2018-08-22,835.774,False
BEST_SALES,ZS,1561,2014-01-01,2018-04-10,2018-04-11,216.97,False
BEST_SALES,SPOT,1549,2014-01-01,2018-03-29,2018-03-30,5594.312,False
BEST_SALES,VST,1227,2014-01-01,2017-05-11,2017-05-12,6856.038,False
BEST_SALES,HWM,1036,2014-01-01,2016-11-01,2016-11-02,12398.251,False
BEST_SALES,TTD,987,2014-01-01,2016-09-13,2016-09-14,227.161,False
BEST_SALES,TEAM,735,2014-01-01,2016-01-05,2016-01-06,493.201,False
BEST_SALES,RACE,681,2014-01-01,2015-11-12,2015-11-13,2981.946,False
BEST_SALES,HPE,665,2014-01-01,2015-10-27,2015-10-28,51256.584,False
BEST_SALES,LITE,581,2014-01-01,2015-08-04,2015-08-05,897.704,False
BEST_SALES,PYPL,553,2014-01-01,2015-07-07,2015-07-08,10079.63,False
BEST_SALES,KEYS,294,2014-01-01,2014-10-21,2014-10-22,2997.67,False
BEST_SALES,LSEG,187,2014-01-01,2014-07-06,2014-07-07,1284.615,False
BEST_SALES,ANET,161,2014-01-01,2014-06-10,2014-06-11,654.257,False
BEST_SALES,LNG,6,2014-01-01,2014-01-06,2014-01-07,263.0,False
BEST_SALES,CAT,1,2014-01-01,2014-01-01,2014-01-02,55485.844,False
BEST_SALES,HON,1,2014-01-01,2014-01-01,2014-01-02,40994.759,False
BEST_SALES,UNP,1,2014-01-01,2014-01-01,2014-01-02,23350.563,False
BEST_SALES,ETN,1,2014-01-01,2014-01-01,2014-01-02,23321.992,False
BEST_SALES,LMT,1,2014-01-01,2014-01-01,2014-01-02,44174.869,False
BEST_SALES,DE,1,2014-01-01,2014-01-01,2014-01-02,33390.93,False
BEST_SALES,PG,1,2014-01-01,2014-01-01,2014-01-02,87603.056,False
BEST_SALES,SPGI,1,2014-01-01,2014-01-01,2014-01-02,5166.642,False
BEST_SALES,BLK,1,2014-01-01,2014-01-01,2014-01-02,11142.622,False
BEST_SALES,GS,1,2014-01-01,2014-01-01,2014-01-02,33269.549,False
BEST_SALES,COST,1,2014-01-01,2014-01-01,2014-01-02,116008.399,False
BEST_SALES,MCD,1,2014-01-01,2014-01-01,2014-01-02,29432.683,False
BEST_SALES,WMT,1,2014-01-01,2014-01-01,2014-01-02,494339.91,False
BEST_SALES,HD,1,2014-01-01,2014-01-01,2014-01-02,82570.891,False
BEST_SALES,005930,1,2014-01-01,2014-01-01,2014-01-02,249007543.598,False
BEST_SALES,MU,1,2014-01-01,2014-01-01,2014-01-02,15506.321,False
BEST_SALES,AVGO,1,2014-01-01,2014-01-01,2014-01-02,2993.097,False
BEST_SALES,TSLA,1,2014-01-01,2014-01-01,2014-01-02,3266.046,False
BEST_SALES,NVDA,1,2014-01-01,2014-01-01,2014-01-02,4269.743,False
BEST_SALES,000660,1,2014-01-01,2014-01-01,2014-01-02,15944735.698,False
BEST_SALES,GOOGL,1,2014-01-01,2014-01-01,2014-01-02,56018.784,False
BEST_SALES,MSFT,1,2014-01-01,2014-01-01,2014-01-02,87074.229,False
BEST_SALES,AMZN,1,2014-01-01,2014-01-01,2014-01-02,91653.223,False
BEST_SALES,PANW,1,2014-01-01,2014-01-01,2014-01-02,632.831,False
BEST_SALES,AMAT,1,2014-01-01,2014-01-01,2014-01-02,9316.089,False
BEST_SALES,LRCX,1,2014-01-01,2014-01-01,2014-01-02,4565.86,False
BEST_SALES,MPC,1,2014-01-01,2014-01-01,2014-01-02,85811.503,False
BEST_SALES,WFC,1,2014-01-01,2014-01-01,2014-01-02,84513.077,False
BEST_SALES,JNJ,1,2014-01-01,2014-01-01,2014-01-02,73894.818,False
BEST_SALES,GLW,1,2014-01-01,2014-01-01,2014-01-02,9113.357,False
BEST_SALES,TER,1,2014-01-01,2014-01-01,2014-01-02,1684.564,False
BEST_SALES,NFLX,1,2014-01-01,2014-01-01,2014-01-02,5212.728,False
BEST_SALES,CRM,1,2014-01-01,2014-01-01,2014-01-02,5107.906,False
BEST_SALES,TSM,1,2014-01-01,2014-01-01,2014-01-02,680180.921,False
BEST_SALES,KLAC,1,2014-01-01,2014-01-01,2014-01-02,3216.86,False
BEST_SALES,CSCO,1,2014-01-01,2014-01-01,2014-01-02,47139.954,False
BEST_SALES,INTC,1,2014-01-01,2014-01-01,2014-01-02,53158.157,False
BEST_SALES,BAC,1,2014-01-01,2014-01-01,2014-01-02,89273.386,False
BEST_SALES,FN,1,2014-01-01,2014-01-01,2014-01-02,741.508,False
BEST_SALES,TMO,1,2014-01-01,2014-01-01,2014-01-02,14307.469,False
BEST_SALES,BX,1,2014-01-01,2014-01-01,2014-01-02,6177.204,False
BEST_SALES,PWR,1,2014-01-01,2014-01-01,2014-01-02,7137.666,False
BEST_SALES,STX,1,2014-01-01,2014-01-01,2014-01-02,13943.747,False
BEST_SALES,CDNS,1,2014-01-01,2014-01-01,2014-01-02,1555.566,False
BEST_SALES,MRVL,1,2014-01-01,2014-01-01,2014-01-02,3602.181,False
BEST_SALES,WMB,1,2014-01-01,2014-01-01,2014-01-02,8053.853,False
BEST_SALES,BSX,1,2014-01-01,2014-01-01,2014-01-02,7392.381,False
BEST_SALES,DLR,1,2014-01-01,2014-01-01,2014-01-02,1599.818,False
BEST_SALES,BKNG,1,2014-01-01,2014-01-01,2014-01-02,8367.331,False
BEST_SALES,PM,1,2014-01-01,2014-01-01,2014-01-02,31434.835,False
BEST_SALES,6857,1,2014-01-01,2014-01-01,2014-01-02,145060.389,False
BEST_SALES,SU,1,2014-01-01,2014-01-01,2014-01-02,26117.809,False
BEST_SALES,SIE,1,2014-01-01,2014-01-01,2014-01-02,78387.441,False
BEST_SALES,ORCL,1,2014-01-01,2014-01-01,2014-01-02,39556.079,False
BEST_SALES,MPWR,1,2014-01-01,2014-01-01,2014-01-02,275.557,False
BEST_SALES,ALV,1,2014-01-01,2014-01-01,2014-01-02,108784.088,False
BEST_SALES,RHM,1,2014-01-01,2014-01-01,2014-01-02,4923.338,False
BEST_SALES,MC,1,2014-01-01,2014-01-01,2014-01-02,32300.981,False
BEST_SALES,NESN,1,2014-01-01,2014-01-01,2014-01-02,97295.771,False
BEST_SALES,ASML,1,2014-01-01,2014-01-01,2014-01-02,6777.422,False
BEST_SALES,AZN,1,2014-01-01,2014-01-01,2014-01-02,24953.231,False
BEST_SALES,RR/,1,2014-01-01,2014-01-01,2014-01-02,16322.486,False
BEST_SALES,SAP,1,2014-01-01,2014-01-01,2014-01-02,18299.719,False
BEST_SALES,NOVOB,1,2014-01-01,2014-01-01,2014-01-02,90511.63,False
BEST_SALES,RIO,1,2014-01-01,2014-01-01,2014-01-02,54916.229,False
BEST_SALES,QCOM,1,2014-01-01,2014-01-01,2014-01-02,27576.508,False
BEST_SALES,TXN,1,2014-01-01,2014-01-01,2014-01-02,12579.875,False
BEST_SALES,ADBE,1,2014-01-01,2014-01-01,2014-01-02,4138.205,False
BEST_SALES,NOW,1,2014-01-01,2014-01-01,2014-01-02,613.303,False
BEST_SALES,XOM,1,2014-01-01,2014-01-01,2014-01-02,425970.623,False
BEST_SALES,FCX,1,2014-01-01,2014-01-01,2014-01-02,24004.132,False
BEST_SALES,NEE,1,2014-01-01,2014-01-01,2014-01-02,16382.975,False
BEST_SALES,AMT,1,2014-01-01,2014-01-01,2014-01-02,3972.607,False
BEST_SALES,EQIX,1,2014-01-01,2014-01-01,2014-01-02,2418.243,False
BEST_SALES,TMUS,1,2014-01-01,2014-01-01,2014-01-02,27684.317,False
BEST_SALES,PLD,1,2014-01-01,2014-01-01,2014-01-02,1729.615,False
BEST_SALES,AMD,1,2014-01-01,2014-01-01,2014-01-02,5853.174,False
BEST_SALES,UNH,1,2014-01-01,2014-01-01,2014-01-02,132072.528,False
BEST_SALES,LLY,1,2014-01-01,2014-01-01,2014-01-02,19608.362,False
BEST_SALES,ISRG,1,2014-01-01,2014-01-01,2014-01-02,2378.481,False
BEST_SALES,ABBV,1,2014-01-01,2014-01-01,2014-01-02,19083.903,False
BEST_SALES,REGN,1,2014-01-01,2014-01-01,2014-01-02,2606.777,False
BEST_SALES,JPM,1,2014-01-01,2014-01-01,2014-01-02,102871.268,False
BEST_SALES,V,1,2014-01-01,2014-01-01,2014-01-02,13367.016,False
BEST_SALES,MA,1,2014-01-01,2014-01-01,2014-01-02,9367.605,False
BEST_SALES,META,1,2014-01-01,2014-01-01,2014-01-02,10414.708,False
BEST_SALES,AAPL,1,2014-01-01,2014-01-01,2014-01-02,187686.6,False
BEST_SALES,CS,1,2014-01-01,2014-01-01,2014-01-02,96712.182,False
BEST_SALES,ZURN,1,2014-01-01,2014-01-01,2014-01-02,61854.956,False
BEST_SALES,C,1,2014-01-01,2014-01-01,2014-01-02,78394.53,False
BEST_SALES,BN,1,2014-01-01,2014-01-01,2014-01-02,20850.199,False
BEST_SALES,CME,1,2014-01-01,2014-01-01,2014-01-02,3214.433,False
BEST_SALES,KKR,1,2014-01-01,2014-01-01,2014-01-02,1164.773,False
BEST_SALES,AON,1,2014-01-01,2014-01-01,2014-01-02,12387.825,False
BEST_SALES,PGR,1,2014-01-01,2014-01-01,2014-01-02,18557.796,False
BEST_SALES,IFX,1,2014-01-01,2014-01-01,2014-01-02,4288.121,False
BEST_SALES,AXP,1,2014-01-01,2014-01-01,2014-01-02,34667.75,False
BEST_SALES,SCHW,1,2014-01-01,2014-01-01,2014-01-02,5901.285,False
BEST_SALES,MS,1,2014-01-01,2014-01-01,2014-01-02,34558.105,False
BEST_SALES,ADI,1,2014-01-01,2014-01-01,2014-01-02,2722.993,False
BEST_SALES,8035,1,2014-01-01,2014-01-01,2014-01-02,660696.13,False
BEST_SALES,ACN,1,2014-01-01,2014-01-01,2014-01-02,30183.134,False
BEST_SALES,IBM,1,2014-01-01,2014-01-01,2014-01-02,101367.435,False
BEST_SALES,HSBA,1,2014-01-01,2014-01-01,2014-01-02,67274.516,False
BEST_SALES,SHEL,1,2014-01-01,2014-01-01,2014-01-02,446563.01,False
BEST_SALES,ABT,1,2014-01-01,2014-01-01,2014-01-02,23005.738,False
BEST_SALES,SAN,1,2014-01-01,2014-01-01,2014-01-02,34621.235,False
BEST_SALES,GE,1,2014-01-01,2014-01-01,2014-01-02,150450.148,False
BEST_SALES,DHR,1,2014-01-01,2014-01-01,2014-01-02,20065.388,False
BEST_SALES,VRTX,1,2014-01-01,2014-01-01,2014-01-02,685.755,False
BEST_SALES,8306,1,2014-01-01,2014-01-01,2014-01-02,3683666.128,False
BEST_SALES,7974,1,2014-01-01,2014-01-01,2014-01-02,815599.255,False
BEST_SALES,PUB,1,2014-01-01,2014-01-01,2014-01-02,7491.12,False
BEST_SALES,LOW,1,2014-01-01,2014-01-01,2014-01-02,56046.206,False
BEST_SALES,DIS,1,2014-01-01,2014-01-01,2014-01-02,48734.119,False
BEST_SALES,T,1,2014-01-01,2014-01-01,2014-01-02,131096.969,False
BEST_SALES,TTWO,1,2014-01-01,2014-01-01,2014-01-02,1598.429,False
BEST_SALES,CMCSA,1,2014-01-01,2014-01-01,2014-01-02,68447.762,False
BEST_SALES,VZ,1,2014-01-01,2014-01-01,2014-01-02,125533.494,False
BEST_SALES,MSI,1,2014-01-01,2014-01-01,2014-01-02,8948.171,False
BEST_SALES,APH,1,2014-01-01,2014-01-01,2014-01-02,4852.359,False
BEST_SALES,SNPS,1,2014-01-01,2014-01-01,2014-01-02,2093.116,False
BEST_SALES,INTU,1,2014-01-01,2014-01-01,2014-01-02,4644.589,False
BEST_SALES,IBE,1,2014-01-01,2014-01-01,2014-01-02,33864.776,False
BEST_SALES,ADSK,1,2014-01-01,2014-01-01,2014-01-02,2232.454,False
BEST_SALES,WDC,1,2014-01-01,2014-01-01,2014-01-02,15129.046,False
BEST_SALES,WDAY,1,2014-01-01,2014-01-01,2014-01-02,682.987,False
BEST_SALES,FTNT,1,2014-01-01,2014-01-01,2014-01-02,685.375,False
BEST_SALES,DSY,1,2014-01-01,2014-01-01,2014-01-02,2257.296,False
BEST_SALES,6981,1,2014-01-01,2014-01-01,2014-01-02,874123.41,False
BEST_SALES,6146,1,2014-01-01,2014-01-01,2014-01-02,109078.643,False
BEST_SALES,BRK/B,1,2014-01-01,2014-01-01,2014-01-02,188865.49,False
BEST_SALES,CB,1,2014-01-01,2014-01-01,2014-01-02,19298.071,False
BEST_SALES,ICE,1,2014-01-01,2014-01-01,2014-01-02,3621.103,False
BEST_SALES,NXPI,1,2014-01-01,2014-01-01,2014-01-02,5215.258,False
BEST_SALES,MCO,1,2014-01-01,2014-01-01,2014-01-02,3128.663,False
BEST_SALES,COF,1,2014-01-01,2014-01-01,2014-01-02,21924.402,False
BEST_SALES,MUV2,1,2014-01-01,2014-01-01,2014-01-02,57928.746,False
BEST_SALES,BNP,1,2014-01-01,2014-01-01,2014-01-02,39351.499,False
BEST_SALES,RTX,1,2014-01-01,2014-01-01,2014-01-02,65584.64,False
BEST_SALES,TT,1,2014-01-01,2014-01-01,2014-01-02,13683.88,False
BEST_SALES,ABBN,1,2014-01-01,2014-01-01,2014-01-02,43541.601,False
BEST_SALES,KO,1,2014-01-01,2014-01-01,2014-01-02,48777.758,False
BEST_SALES,ULVR,1,2014-01-01,2014-01-01,2014-01-02,51104.314,False
BEST_SALES,ECL,1,2014-01-01,2014-01-01,2014-01-02,14527.906,False
BEST_SALES,AI,1,2014-01-01,2014-01-01,2014-01-02,16410.889,False
BEST_SALES,DTE,1,2014-01-01,2014-01-01,2014-01-02,60694.549,False
BEST_SALES,TJX,1,2014-01-01,2014-01-01,2014-01-02,29345.608,False
BEST_SALES,SBUX,1,2014-01-01,2014-01-01,2014-01-02,17172.847,False
BEST_SALES,7203,1,2014-01-01,2014-01-01,2014-01-02,26489132.711,False
BEST_SALES,ITX,1,2014-01-01,2014-01-01,2014-01-02,18506.316,False
BEST_SALES,ORLY,1,2014-01-01,2014-01-01,2014-01-02,7047.341,False
BEST_SALES,NKE,1,2014-01-01,2014-01-01,2014-01-02,29172.307,False
BEST_SALES,NOVN,1,2014-01-01,2014-01-01,2014-01-02,59086.594,False
BEST_SALES,MCK,1,2014-01-01,2014-01-01,2014-01-02,136602.128,False
BEST_SALES,SYK,1,2014-01-01,2014-01-01,2014-01-02,9487.008,False
BEST_SALES,AMGN,1,2014-01-01,2014-01-01,2014-01-02,19521.986,False
BEST_SALES,MRK,1,2014-01-01,2014-01-01,2014-01-02,43684.569,False
BEST_SALES,SAF,1,2014-01-01,2014-01-01,2014-01-02,15716.15,False
BEST_SALES,AIR,1,2014-01-01,2014-01-01,2014-01-02,61148.666,False
BEST_SALES,AXON,1,2014-01-01,2014-01-01,2014-01-02,152.588,False
BEST_SALES,EMR,1,2014-01-01,2014-01-01,2014-01-02,25051.431,False
BEST_SALES,PEP,1,2014-01-01,2014-01-01,2014-01-02,69251.886,False
BEST_SALES,MDLZ,1,2014-01-01,2014-01-01,2014-01-02,36895.382,False
BEST_SALES,9433,1,2014-01-01,2014-01-01,2014-01-02,4372701.114,False
BEST_SALES,OR,1,2014-01-01,2014-01-01,2014-01-02,24226.677,False
BEST_SALES,CVX,1,2014-01-01,2014-01-01,2014-01-02,241539.155,False
BEST_SALES,SHW,1,2014-01-01,2014-01-01,2014-01-02,11198.245,False
BEST_SALES,SO,1,2014-01-01,2014-01-01,2014-01-02,17812.048,False
BEST_SALES,TTE,1,2014-01-01,2014-01-01,2014-01-02,245516.211,False
BEST_SALES,NEM,1,2014-01-01,2014-01-01,2014-01-02,8459.712,False
BEST_SALES,COHR,1,2014-01-01,2014-01-01,2014-01-02,788.492,False
BEST_SALES,ON,1,2014-01-01,2014-01-01,2014-01-02,2852.775,False
BEST_SALES,FICO,1,2014-01-01,2014-01-01,2014-01-02,789.023,False
BEST_SALES,VRSN,1,2014-01-01,2014-01-01,2014-01-02,1024.234,False
BEST_SALES,ASM,1,2014-01-01,2014-01-01,2014-01-02,506.202,False
BEST_SALES,MRSH,1,2014-01-01,2014-01-01,2014-01-02,12832.13,False
BEST_SALES,APO,1,2014-01-01,2014-01-01,2014-01-02,2532.553,False
BEST_SALES,MSCI,1,2014-01-01,2014-01-01,2014-01-02,1092.759,False
BEST_SALES,BNY,1,2014-01-01,2014-01-01,2014-01-02,15440.8,False
BEST_SALES,IBKR,1,2014-01-01,2014-01-01,2014-01-02,1302.86,False
BEST_SALES,9432,1,2014-01-01,2014-01-01,2014-01-02,10923220.897,False
BEST_SALES,CFR,1,2014-01-01,2014-01-01,2014-01-02,11566.527,False
BEST_SALES,UCG,1,2014-01-01,2014-01-01,2014-01-02,24335.683,False
BEST_SALES,UBSG,1,2014-01-01,2014-01-01,2014-01-02,32001.88,False
BEST_SALES,ADP,1,2014-01-01,2014-01-01,2014-01-02,12604.885,False
BEST_SALES,8316,1,2014-01-01,2014-01-01,2014-01-02,2856083.588,False
BEST_SALES,PH,1,2014-01-01,2014-01-01,2014-01-02,13728.466,False
BEST_SALES,REL,1,2014-01-01,2014-01-01,2014-01-02,6269.638,False
BEST_SALES,7011,1,2014-01-01,2014-01-01,2014-01-02,3688068.833,False
BEST_SALES,WM,1,2014-01-01,2014-01-01,2014-01-02,14520.747,False
BEST_SALES,GILD,1,2014-01-01,2014-01-01,2014-01-02,14410.932,False
BEST_SALES,PFE,1,2014-01-01,2014-01-01,2014-01-02,50451.324,False
BEST_SALES,MDT,1,2014-01-01,2014-01-01,2014-01-02,17442.667,False
BEST_SALES,HCA,1,2014-01-01,2014-01-01,2014-01-02,35933.623,False
BEST_SALES,ZTS,1,2014-01-01,2014-01-01,2014-01-02,4788.972,False
BEST_SALES,RMS,1,2014-01-01,2014-01-01,2014-01-02,4181.439,False
BEST_SALES,6758,1,2014-01-01,2014-01-01,2014-01-02,7801301.427,False
BEST_SALES,ROP,1,2014-01-01,2014-01-01,2014-01-02,48800.444,False
BEST_SALES,CMG,1,2014-01-01,2014-01-01,2014-01-02,3737.665,False
BEST_SALES,MAR,1,2014-01-01,2014-01-01,2014-01-02,13749.808,False
BEST_SALES,GM,1,2014-01-01,2014-01-01,2014-01-02,166342.37,False
BEST_SALES,GRMN,1,2014-01-01,2014-01-01,2014-01-02,2587.356,False
BEST_SALES,LYV,1,2014-01-01,2014-01-01,2014-01-02,6662.897,False
BEST_SALES,TKO,1,2014-01-01,2014-01-01,2014-01-02,534.375,False
BEST_SALES,MO,1,2014-01-01,2014-01-01,2014-01-02,17900.989,False
BEST_SALES,CL,1,2014-01-01,2014-01-01,2014-01-02,18317.139,False
BEST_SALES,MNST,1,2014-01-01,2014-01-01,2014-01-02,2487.716,False
BEST_SALES,COP,1,2014-01-01,2014-01-01,2014-01-02,57856.293,False
BEST_SALES,SLB,1,2014-01-01,2014-01-01,2014-01-02,50194.43,False
BEST_SALES,APD,1,2014-01-01,2014-01-01,2014-01-02,10772.195,False
BEST_SALES,4063,1,2014-01-01,2014-01-01,2014-01-02,1155012.552,False
BEST_SALES,NRG,1,2014-01-01,2014-01-01,2014-01-02,13912.199,False
BEST_SALES,ENEL,1,2014-01-01,2014-01-01,2014-01-02,80717.017,False
BEST_SALES,WELL,1,2014-01-01,2014-01-01,2014-01-02,3267.569,False
BEST_SALES_1FY,SNDK,4076,2014-01-06,2025-03-04,2025-03-05,8039.0,False
BEST_SALES_1FY,285A,4057,2014-01-06,2025-02-13,2025-02-14,1642207.0,False
BEST_SALES_1FY,FN,3871,2014-01-06,2024-08-11,2024-08-12,4479.0,False
BEST_SALES_1FY,COHR,3774,2014-01-06,2024-05-06,2024-05-07,6022.0,False
BEST_SALES_1FY,GEV,3739,2014-01-06,2024-04-01,2024-04-02,37821.0,False
BEST_SALES_1FY,RDDT,3719,2014-01-06,2024-03-12,2024-03-13,1954.0,False
BEST_SALES_1FY,APO,3686,2014-01-06,2024-02-08,2024-02-09,22364.0,False
BEST_SALES_1FY,IBKR,3615,2014-01-06,2023-11-29,2023-11-30,4471.0,False
BEST_SALES_1FY,LITE,3598,2014-01-06,2023-11-12,2023-11-13,1933.0,False
BEST_SALES_1FY,BRK/B,3553,2014-01-06,2023-09-28,2023-09-29,360570.0,False
BEST_SALES_1FY,ARM,3536,2014-01-06,2023-09-11,2023-09-12,4748.0,False
BEST_SALES_1FY,AXON,3502,2014-01-06,2023-08-08,2023-08-09,2549.0,False
BEST_SALES_1FY,BX,3482,2014-01-06,2023-07-19,2023-07-20,18592.0,False
BEST_SALES_1FY,MUV2,3336,2014-01-06,2023-02-23,2023-02-24,81312.0,False
BEST_SALES_1FY,VRSN,3325,2014-01-06,2023-02-12,2023-02-13,1866.0,False
BEST_SALES_1FY,WDC,3313,2014-01-06,2023-01-31,2023-02-01,20060.0,False
BEST_SALES_1FY,UCG,3293,2014-01-06,2023-01-11,2023-01-12,7554.0,False
BEST_SALES_1FY,ZURN,3283,2014-01-06,2023-01-01,2023-01-02,76516.0,False
BEST_SALES_1FY,KKR,3223,2014-01-06,2022-11-02,2022-11-03,10630.0,False
BEST_SALES_1FY,QCOM,3223,2014-01-06,2022-11-02,2022-11-03,44968.0,False
BEST_SALES_1FY,KLAC,3216,2014-01-06,2022-10-26,2022-10-27,13015.0,False
BEST_SALES_1FY,STX,3215,2014-01-06,2022-10-25,2022-10-26,11395.0,False
BEST_SALES_1FY,8306,3206,2014-01-06,2022-10-16,2022-10-17,4100300.0,False
BEST_SALES_1FY,HWM,3199,2014-01-06,2022-10-09,2022-10-10,8572.0,False
BEST_SALES_1FY,LRCX,3193,2014-01-06,2022-10-03,2022-10-04,26013.0,False
BEST_SALES_1FY,6981,3189,2014-01-06,2022-09-29,2022-09-30,2224600.0,False
BEST_SALES_1FY,8316,3143,2014-01-06,2022-08-14,2022-08-15,3335700.0,False
BEST_SALES_1FY,ALV,3137,2014-01-06,2022-08-08,2022-08-09,164259.0,False
BEST_SALES_1FY,7203,3109,2014-01-06,2022-07-11,2022-07-12,25757653.0,False
BEST_SALES_1FY,7011,3096,2014-01-06,2022-06-28,2022-06-29,4551600.0,False
BEST_SALES_1FY,BN,3076,2014-01-06,2022-06-08,2022-06-09,94402.0,False
BEST_SALES_1FY,6857,3073,2014-01-06,2022-06-05,2022-06-06,525100.0,False
BEST_SALES_1FY,8035,3073,2014-01-06,2022-06-05,2022-06-06,3018000.0,False
BEST_SALES_1FY,DELL,3066,2014-01-06,2022-05-29,2022-05-30,102111.0,False
BEST_SALES_1FY,MCK,3059,2014-01-06,2022-05-22,2022-05-23,305416.0,False
BEST_SALES_1FY,6146,3055,2014-01-06,2022-05-18,2022-05-19,263000.0,False
BEST_SALES_1FY,MSI,3049,2014-01-06,2022-05-12,2022-05-13,11258.0,False
BEST_SALES_1FY,NXPI,3040,2014-01-06,2022-05-03,2022-05-04,16820.0,False
BEST_SALES_1FY,ON,3039,2014-01-06,2022-05-02,2022-05-03,9781.0,False
BEST_SALES_1FY,TER,3034,2014-01-06,2022-04-27,2022-04-28,5693.0,False
BEST_SALES_1FY,GRMN,3034,2014-01-06,2022-04-27,2022-04-28,7253.0,False
BEST_SALES_1FY,CS,3025,2014-01-06,2022-04-18,2022-04-19,110197.0,False
BEST_SALES_1FY,HSBA,3014,2014-01-06,2022-04-07,2022-04-08,67949.0,False
BEST_SALES_1FY,BNY,3006,2014-01-06,2022-03-30,2022-03-31,8953.0,False
BEST_SALES_1FY,000660,3006,2014-01-06,2022-03-30,2022-03-31,67400000.0,False
BEST_SALES_1FY,CB,2996,2014-01-06,2022-03-20,2022-03-21,39425.0,False
BEST_SALES_1FY,CDNS,2996,2014-01-06,2022-03-20,2022-03-21,4762.0,False
BEST_SALES_1FY,CEG,2993,2014-01-06,2022-03-17,2022-03-18,20429.0,False
BEST_SALES_1FY,PGR,2989,2014-01-06,2022-03-13,2022-03-14,60299.0,False
BEST_SALES_1FY,WMB,2983,2014-01-06,2022-03-07,2022-03-08,11167.0,False
BEST_SALES_1FY,LSEG,2982,2014-01-06,2022-03-06,2022-03-07,9274.0,False
BEST_SALES_1FY,UMG,2982,2014-01-06,2022-03-06,2022-03-07,12816.0,False
BEST_SALES_1FY,AVGO,2979,2014-01-06,2022-03-03,2022-03-04,37180.0,False
BEST_SALES_1FY,PWR,2975,2014-01-06,2022-02-27,2022-02-28,18639.0,False
BEST_SALES_1FY,LYV,2971,2014-01-06,2022-02-23,2022-02-24,19269.0,False
BEST_SALES_1FY,SO,2969,2014-01-06,2022-02-21,2022-02-22,21164.0,False
BEST_SALES_1FY,INTC,2965,2014-01-06,2022-02-17,2022-02-18,108620.0,False
BEST_SALES_1FY,AMAT,2964,2014-01-06,2022-02-16,2022-02-17,33554.0,False
BEST_SALES_1FY,SNPS,2964,2014-01-06,2022-02-16,2022-02-17,7801.0,False
BEST_SALES_1FY,ADI,2964,2014-01-06,2022-02-16,2022-02-17,13692.0,False
BEST_SALES_1FY,TSM,2957,2014-01-06,2022-02-09,2022-02-10,3407793.0,False
BEST_SALES_1FY,MRSH,2956,2014-01-06,2022-02-08,2022-02-09,25139.0,False
BEST_SALES_1FY,C,2956,2014-01-06,2022-02-08,2022-02-09,80504.0,False
BEST_SALES_1FY,WFC,2956,2014-01-06,2022-02-08,2022-02-09,85102.0,False
BEST_SALES_1FY,JPM,2956,2014-01-06,2022-02-08,2022-02-09,148546.0,False
BEST_SALES_1FY,CME,2956,2014-01-06,2022-02-08,2022-02-09,6226.0,False
BEST_SALES_1FY,BAC,2956,2014-01-06,2022-02-08,2022-02-09,117943.0,False
BEST_SALES_1FY,MPC,2954,2014-01-06,2022-02-06,2022-02-07,5760.0,False
BEST_SALES_1FY,7974,2951,2014-01-06,2022-02-03,2022-02-04,1914100.0,False
BEST_SALES_1FY,ICE,2950,2014-01-06,2022-02-02,2022-02-03,8824.0,False
BEST_SALES_1FY,TXN,2950,2014-01-06,2022-02-02,2022-02-03,22948.0,False
BEST_SALES_1FY,AMD,2949,2014-01-06,2022-02-01,2022-02-02,34457.0,False
BEST_SALES_1FY,APH,2943,2014-01-06,2022-01-26,2022-01-27,11475.0,False
BEST_SALES_1FY,NEE,2941,2014-01-06,2022-01-24,2022-01-25,21936.0,False
BEST_SALES_1FY,NET,2935,2014-01-06,2022-01-18,2022-01-19,3097.0,False
BEST_SALES_1FY,COF,2909,2014-01-06,2021-12-23,2021-12-24,6084.0,False
BEST_SALES_1FY,DE,2900,2014-01-06,2021-12-14,2021-12-15,53119.0,False
BEST_SALES_1FY,AON,2891,2014-01-06,2021-12-05,2021-12-06,16393.0,False
BEST_SALES_1FY,PLTR,2871,2014-01-06,2021-11-15,2021-11-16,6379.0,False
BEST_SALES_1FY,RBLX,2864,2014-01-06,2021-11-08,2021-11-09,5826.0,False
BEST_SALES_1FY,EMR,2858,2014-01-06,2021-11-02,2021-11-03,22362.0,False
BEST_SALES_1FY,RACE,2858,2014-01-06,2021-11-02,2021-11-03,6859.0,False
BEST_SALES_1FY,UBSG,2853,2014-01-06,2021-10-28,2021-10-29,22897.0,False
BEST_SALES_1FY,CAT,2852,2014-01-06,2021-10-27,2021-10-28,58319.0,False
BEST_SALES_1FY,SYK,2850,2014-01-06,2021-10-25,2021-10-26,23989.0,False
BEST_SALES_1FY,GLW,2850,2014-01-06,2021-10-25,2021-10-26,17799.0,False
BEST_SALES_1FY,ABT,2838,2014-01-06,2021-10-13,2021-10-14,48063.0,False
BEST_SALES_1FY,MU,2822,2014-01-06,2021-09-27,2021-09-28,28134.0,False
BEST_SALES_1FY,4063,2817,2014-01-06,2021-09-22,2021-09-23,1892430.0,False
BEST_SALES_1FY,VRT,2803,2014-01-06,2021-09-08,2021-09-09,5987.0,False
BEST_SALES_1FY,MRVL,2790,2014-01-06,2021-08-26,2021-08-27,9424.0,False
BEST_SALES_1FY,6758,2782,2014-01-06,2021-08-18,2021-08-19,10900000.0,False
BEST_SALES_1FY,FICO,2769,2014-01-06,2021-08-05,2021-08-06,1877.0,False
BEST_SALES_1FY,TT,2767,2014-01-06,2021-08-03,2021-08-04,16863.0,False
BEST_SALES_1FY,SHEL,2761,2014-01-06,2021-07-28,2021-07-29,382667.0,False
BEST_SALES_1FY,BNP,2724,2014-01-06,2021-06-21,2021-06-22,56817.0,False
BEST_SALES_1FY,ENEL,2723,2014-01-06,2021-06-20,2021-06-21,80605.0,False
BEST_SALES_1FY,VST,2705,2014-01-06,2021-06-02,2021-06-03,11176.0,False
BEST_SALES_1FY,9433,2704,2014-01-06,2021-06-01,2021-06-02,5695000.0,False
BEST_SALES_1FY,9432,2696,2014-01-06,2021-05-24,2021-05-25,13316701.0,False
BEST_SALES_1FY,APP,2684,2014-01-06,2021-05-12,2021-05-13,6948.0,False
BEST_SALES_1FY,HPE,2683,2014-01-06,2021-05-11,2021-05-12,32419.0,False
BEST_SALES_1FY,BE,2677,2014-01-06,2021-05-05,2021-05-06,3103.0,False
BEST_SALES_1FY,GE,2667,2014-01-06,2021-04-25,2021-04-26,101893.0,False
BEST_SALES_1FY,HON,2654,2014-01-06,2021-04-12,2021-04-13,44738.0,False
BEST_SALES_1FY,005930,2653,2014-01-06,2021-04-11,2021-04-12,297771877.0,False
BEST_SALES_1FY,PLD,2639,2014-01-06,2021-03-28,2021-03-29,6283.0,False
BEST_SALES_1FY,GS,2618,2014-01-06,2021-03-07,2021-03-08,34307.0,False
BEST_SALES_1FY,SNOW,2614,2014-01-06,2021-03-03,2021-03-04,5278.0,False
BEST_SALES_1FY,ETN,2612,2014-01-06,2021-03-01,2021-03-02,20270.0,False
BEST_SALES_1FY,WMT,2600,2014-01-06,2021-02-17,2021-02-18,636945.0,False
BEST_SALES_1FY,AXP,2590,2014-01-06,2021-02-07,2021-02-08,68056.0,False
BEST_SALES_1FY,LMT,2578,2014-01-06,2021-01-26,2021-01-27,82732.0,False
BEST_SALES_1FY,MS,2577,2014-01-06,2021-01-25,2021-01-26,63603.0,False
BEST_SALES_1FY,UNP,2573,2014-01-06,2021-01-21,2021-01-22,26497.0,False
BEST_SALES_1FY,SCHW,2573,2014-01-06,2021-01-21,2021-01-22,9915.0,False
BEST_SALES_1FY,NRG,2571,2014-01-06,2021-01-19,2021-01-20,10455.0,False
BEST_SALES_1FY,ABNB,2555,2014-01-06,2021-01-03,2021-01-04,14270.0,False
BEST_SALES_1FY,DASH,2536,2014-01-06,2020-12-15,2020-12-16,10705.0,False
BEST_SALES_1FY,SIE,2527,2014-01-06,2020-12-06,2020-12-07,112412.0,False
BEST_SALES_1FY,KEYS,2510,2014-01-06,2020-11-19,2020-11-20,5893.0,False
BEST_SALES_1FY,LIN,2499,2014-01-06,2020-11-08,2020-11-09,33554.0,False
BEST_SALES_1FY,IBE,2496,2014-01-06,2020-11-05,2020-11-06,53461.0,False
BEST_SALES_1FY,TTWO,2496,2014-01-06,2020-11-05,2020-11-06,5544.0,False
BEST_SALES_1FY,ASM,2492,2014-01-06,2020-11-01,2020-11-02,1939.0,False
BEST_SALES_1FY,RTX,2487,2014-01-06,2020-10-27,2020-10-28,106350.0,False
BEST_SALES_1FY,SU,2481,2014-01-06,2020-10-21,2020-10-22,31733.0,False
BEST_SALES_1FY,WELL,2478,2014-01-06,2020-10-18,2020-10-19,6858.0,False
BEST_SALES_1FY,TTE,2460,2014-01-06,2020-09-30,2020-10-01,152204.0,False
BEST_SALES_1FY,CRWD,2432,2014-01-06,2020-09-02,2020-09-03,3228.0,False
BEST_SALES_1FY,PANW,2423,2014-01-06,2020-08-24,2020-08-25,8778.0,False
BEST_SALES_1FY,HD,2419,2014-01-06,2020-08-20,2020-08-21,142649.0,False
BEST_SALES_1FY,SBUX,2412,2014-01-06,2020-08-13,2020-08-14,44407.0,False
BEST_SALES_1FY,MCD,2409,2014-01-06,2020-08-10,2020-08-11,22279.0,False
BEST_SALES_1FY,FTNT,2405,2014-01-06,2020-08-06,2020-08-07,4791.0,False
BEST_SALES_1FY,DLR,2404,2014-01-06,2020-08-05,2020-08-06,6869.0,False
BEST_SALES_1FY,ORLY,2402,2014-01-06,2020-08-03,2020-08-04,14364.0,False
BEST_SALES_1FY,EQIX,2402,2014-01-06,2020-08-03,2020-08-04,10025.0,False
BEST_SALES_1FY,AMT,2398,2014-01-06,2020-07-30,2020-07-31,11433.0,False
BEST_SALES_1FY,MCO,2398,2014-01-06,2020-07-30,2020-07-31,6290.0,False
BEST_SALES_1FY,GOOGL,2398,2014-01-06,2020-07-30,2020-07-31,320079.0,False
BEST_SALES_1FY,MSCI,2396,2014-01-06,2020-07-28,2020-07-29,2895.0,False
BEST_SALES_1FY,TMUS,2396,2014-01-06,2020-07-28,2020-07-29,52949.0,False
BEST_SALES_1FY,ADP,2396,2014-01-06,2020-07-28,2020-07-29,18948.0,False
BEST_SALES_1FY,VZ,2394,2014-01-06,2020-07-26,2020-07-27,148718.0,False
BEST_SALES_1FY,T,2391,2014-01-06,2020-07-23,2020-07-24,183219.0,False
BEST_SALES_1FY,SLB,2391,2014-01-06,2020-07-23,2020-07-24,33291.0,False
BEST_SALES_1FY,TMO,2391,2014-01-06,2020-07-23,2020-07-24,60374.0,False
BEST_SALES_1FY,HCA,2390,2014-01-06,2020-07-22,2020-07-23,73136.0,False
BEST_SALES_1FY,REL,2390,2014-01-06,2020-07-22,2020-07-23,10695.0,False
BEST_SALES_1FY,BLK,2387,2014-01-06,2020-07-19,2020-07-20,17184.0,False
BEST_SALES_1FY,ZS,2375,2014-01-06,2020-07-07,2020-07-08,1964.0,False
BEST_SALES_1FY,MO,2375,2014-01-06,2020-07-07,2020-07-08,20581.5,False
BEST_SALES_1FY,PUB,2375,2014-01-06,2020-07-07,2020-07-08,12681.0,False
BEST_SALES_1FY,COP,2366,2014-01-06,2020-06-28,2020-06-29,21680.0,False
BEST_SALES_1FY,ISRG,2354,2014-01-06,2020-06-16,2020-06-17,7591.0,False
BEST_SALES_1FY,COST,2353,2014-01-06,2020-06-15,2020-06-16,266768.0,False
BEST_SALES_1FY,SPGI,2349,2014-01-06,2020-06-11,2020-06-12,9375.0,False
BEST_SALES_1FY,XOM,2346,2014-01-06,2020-06-08,2020-06-09,224539.0,False
BEST_SALES_1FY,CVX,2346,2014-01-06,2020-06-08,2020-06-09,104496.0,False
BEST_SALES_1FY,SHW,2345,2014-01-06,2020-06-07,2020-06-08,25521.0,False
BEST_SALES_1FY,GM,2338,2014-01-06,2020-05-31,2020-06-01,168425.0,False
BEST_SALES_1FY,NEM,2325,2014-01-06,2020-05-18,2020-05-19,10204.0,False
BEST_SALES_1FY,MNST,2321,2014-01-06,2020-05-14,2020-05-15,11252.0,False
BEST_SALES_1FY,DHR,2313,2014-01-06,2020-05-06,2020-05-07,27980.0,False
BEST_SALES_1FY,BSX,2306,2014-01-06,2020-04-29,2020-04-30,18117.0,False
BEST_SALES_1FY,PM,2306,2014-01-06,2020-04-29,2020-04-30,43702.0,False
BEST_SALES_1FY,ABBN,2305,2014-01-06,2020-04-28,2020-04-29,51229.0,False
BEST_SALES_1FY,MAR,2277,2014-01-06,2020-03-31,2020-04-01,29100.0,False
BEST_SALES_1FY,LOW,2248,2014-01-06,2020-03-02,2020-03-03,86524.0,False
BEST_SALES_1FY,MDLZ,2241,2014-01-06,2020-02-24,2020-02-25,33403.0,False
BEST_SALES_1FY,MDT,2205,2014-01-06,2020-01-19,2020-01-20,38248.0,False
BEST_SALES_1FY,ECL,2174,2014-01-06,2019-12-19,2019-12-20,21527.0,False
BEST_SALES_1FY,DDOG,2137,2014-01-06,2019-11-12,2019-11-13,2282.0,False
BEST_SALES_1FY,LNG,2116,2014-01-06,2019-10-22,2019-10-23,20378.0,False
BEST_SALES_1FY,RIO,2108,2014-01-06,2019-10-14,2019-10-15,37108.0,False
BEST_SALES_1FY,UBER,2040,2014-01-06,2019-08-07,2019-08-08,57929.5,False
BEST_SALES_1FY,DIS,2039,2014-01-06,2019-08-06,2019-08-07,126588.0,False
BEST_SALES_1FY,AI,2039,2014-01-06,2019-08-06,2019-08-07,29656.0,False
BEST_SALES_1FY,IBM,2037,2014-01-06,2019-08-04,2019-08-05,91261.0,False
BEST_SALES_1FY,CMCSA,2026,2014-01-06,2019-07-24,2019-07-25,125957.0,False
BEST_SALES_1FY,APD,2025,2014-01-06,2019-07-23,2019-07-24,21379.0,False
BEST_SALES_1FY,CMG,2020,2014-01-06,2019-07-18,2019-07-19,9177.0,False
BEST_SALES_1FY,ORCL,1991,2014-01-06,2019-06-19,2019-06-20,46053.0,False
BEST_SALES_1FY,ADSK,1964,2014-01-06,2019-05-23,2019-05-24,4256.0,False
BEST_SALES_1FY,TKO,1862,2014-01-06,2019-02-10,2019-02-11,1858.0,False
BEST_SALES_1FY,NOW,1850,2014-01-06,2019-01-29,2019-01-30,6331.0,False
BEST_SALES_1FY,AIR,1844,2014-01-06,2019-01-23,2019-01-24,79540.0,False
BEST_SALES_1FY,TJX,1780,2014-01-06,2018-11-20,2018-11-21,59227.0,False
BEST_SALES_1FY,ASML,1779,2014-01-06,2018-11-19,2018-11-20,18160.0,False
BEST_SALES_1FY,TEAM,1750,2014-01-06,2018-10-21,2018-10-22,4728.0,False
BEST_SALES_1FY,SAF,1738,2014-01-06,2018-10-09,2018-10-10,27836.0,False
BEST_SALES_1FY,FCX,1696,2014-01-06,2018-08-28,2018-08-29,19325.0,False
BEST_SALES_1FY,TSLA,1668,2014-01-06,2018-07-31,2018-08-01,72630.0,False
BEST_SALES_1FY,DSY,1662,2014-01-06,2018-07-25,2018-07-26,6041.0,False
BEST_SALES_1FY,KO,1662,2014-01-06,2018-07-25,2018-07-26,43994.0,False
BEST_SALES_1FY,MSFT,1656,2014-01-06,2018-07-19,2018-07-20,152858.0,False
BEST_SALES_1FY,NKE,1634,2014-01-06,2018-06-27,2018-06-28,70465.0,False
BEST_SALES_1FY,V,1627,2014-01-06,2018-06-20,2018-06-21,41753.0,False
BEST_SALES_1FY,MA,1627,2014-01-06,2018-06-20,2018-06-21,29347.0,False
BEST_SALES_1FY,PG,1597,2014-01-06,2018-05-21,2018-05-22,87418.0,False
BEST_SALES_1FY,SPOT,1577,2014-01-06,2018-05-01,2018-05-02,18682.0,False
BEST_SALES_1FY,AAPL,1575,2014-01-06,2018-04-29,2018-04-30,349239.0,False
BEST_SALES_1FY,CL,1575,2014-01-06,2018-04-29,2018-04-30,21695.0,False
BEST_SALES_1FY,PEP,1572,2014-01-06,2018-04-26,2018-04-27,85330.0,False
BEST_SALES_1FY,UNH,1562,2014-01-06,2018-04-16,2018-04-17,276901.0,False
BEST_SALES_1FY,PYPL,1541,2014-01-06,2018-03-26,2018-03-27,48020.0,False
BEST_SALES_1FY,WDAY,1514,2014-01-06,2018-02-27,2018-02-28,8345.0,False
BEST_SALES_1FY,ANET,1501,2014-01-06,2018-02-14,2018-02-15,3005.0,False
BEST_SALES_1FY,NVDA,1498,2014-01-06,2018-02-11,2018-02-12,37331.0,False
BEST_SALES_1FY,ROP,1443,2014-01-06,2017-12-18,2017-12-19,63244.0,False
BEST_SALES_1FY,ADBE,1439,2014-01-06,2017-12-14,2017-12-15,25416.0,False
BEST_SALES_1FY,INTU,1415,2014-01-06,2017-11-20,2017-11-21,11010.0,False
BEST_SALES_1FY,TTD,1403,2014-01-06,2017-11-08,2017-11-09,1011.0,False
BEST_SALES_1FY,PH,1390,2014-01-06,2017-10-26,2017-10-27,17218.0,False
BEST_SALES_1FY,MPWR,1390,2014-01-06,2017-10-26,2017-10-27,1325.0,False
BEST_SALES_1FY,JNJ,1304,2014-01-06,2017-08-01,2017-08-02,91162.0,False
BEST_SALES_1FY,RR/,1290,2014-01-06,2017-07-18,2017-07-19,22638.0,False
BEST_SALES_1FY,RMS,1285,2014-01-06,2017-07-13,2017-07-14,10675.0,False
BEST_SALES_1FY,BKNG,1220,2014-01-06,2017-05-09,2017-05-10,28340.0,False
BEST_SALES_1FY,CFR,1215,2014-01-06,2017-05-04,2017-05-05,17716.0,False
BEST_SALES_1FY,META,1213,2014-01-06,2017-05-02,2017-05-03,112077.0,False
BEST_SALES_1FY,AMGN,1206,2014-01-06,2017-04-25,2017-04-26,24942.0,False
BEST_SALES_1FY,ABBV,1198,2014-01-06,2017-04-17,2017-04-18,30186.0,False
BEST_SALES_1FY,ACN,1173,2014-01-06,2017-03-23,2017-03-24,56374.0,False
BEST_SALES_1FY,NESN,1156,2014-01-06,2017-03-06,2017-03-07,135119.0,False
BEST_SALES_1FY,CRM,1150,2014-01-06,2017-02-28,2017-03-01,31053.0,False
BEST_SALES_1FY,CSCO,1136,2014-01-06,2017-02-14,2017-02-15,49966.0,False
BEST_SALES_1FY,REGN,1130,2014-01-06,2017-02-08,2017-02-09,9810.0,False
BEST_SALES_1FY,MC,1123,2014-01-06,2017-02-01,2017-02-02,64207.0,False
BEST_SALES_1FY,ULVR,1117,2014-01-06,2017-01-26,2017-01-27,80588.0,False
BEST_SALES_1FY,ITX,1073,2014-01-06,2016-12-13,2016-12-14,51765.0,False
BEST_SALES_1FY,AMZN,1026,2014-01-06,2016-10-27,2016-10-28,291612.0,False
BEST_SALES_1FY,WM,1024,2014-01-06,2016-10-25,2016-10-26,22009.0,False
BEST_SALES_1FY,PFE,861,2014-01-06,2016-05-15,2016-05-16,51746.0,False
BEST_SALES_1FY,ZTS,763,2014-01-06,2016-02-07,2016-02-08,7693.0,False
BEST_SALES_1FY,OR,409,2014-01-06,2015-02-18,2015-02-19,44265.0,False
BEST_SALES_1FY,NFLX,380,2014-01-06,2015-01-20,2015-01-21,18708.0,False
BEST_SALES_1FY,NOVOB,322,2014-01-06,2014-11-23,2014-11-24,426097.0,False
BEST_SALES_1FY,RHM,220,2014-01-06,2014-08-13,2014-08-14,7204.0,False
BEST_SALES_1FY,IFX,207,2014-01-06,2014-07-31,2014-08-01,7819.0,False
BEST_SALES_1FY,LLY,199,2014-01-06,2014-07-23,2014-07-24,24375.0,False
BEST_SALES_1FY,GILD,198,2014-01-06,2014-07-22,2014-07-23,21165.0,False
BEST_SALES_1FY,DTE,197,2014-01-06,2014-07-21,2014-07-22,66746.0,False
BEST_SALES_1FY,AZN,191,2014-01-06,2014-07-15,2014-07-16,16957.0,False
BEST_SALES_1FY,SAN,123,2014-01-06,2014-05-08,2014-05-09,45560.0,False
BEST_SALES_1FY,MRK,115,2014-01-06,2014-04-30,2014-05-01,42645.0,False
BEST_SALES_1FY,VRTX,115,2014-01-06,2014-04-30,2014-05-01,4301.0,False
BEST_SALES_1FY,SAP,108,2014-01-06,2014-04-23,2014-04-24,30612.0,False
BEST_SALES_1FY,NOVN,86,2014-01-06,2014-04-01,2014-04-02,71470.0,False
BEST_SALES_2BF,SNDK,4074,2014-01-01,2025-02-25,2025-02-26,7983.759,False
BEST_SALES_2BF,285A,4051,2014-01-01,2025-02-02,2025-02-03,1637962.819,False
BEST_SALES_2BF,GEV,3745,2014-01-01,2024-04-02,2024-04-03,36578.092,False
BEST_SALES_2BF,RDDT,3715,2014-01-01,2024-03-03,2024-03-04,1618.615,False
BEST_SALES_2BF,ARM,3530,2014-01-01,2023-08-31,2023-09-01,4074.208,False
BEST_SALES_2BF,CEG,2959,2014-01-01,2022-02-06,2022-02-07,13582.5,False
BEST_SALES_2BF,UMG,2823,2014-01-01,2021-09-23,2021-09-24,9538.5,False
BEST_SALES_2BF,APP,2688,2014-01-01,2021-05-11,2021-05-12,3405.854,False
BEST_SALES_2BF,RBLX,2567,2014-01-01,2021-01-10,2021-01-11,2000.481,False
BEST_SALES_2BF,ABNB,2535,2014-01-01,2020-12-09,2020-12-10,5819.536,False
BEST_SALES_2BF,DASH,2527,2014-01-01,2020-12-01,2020-12-02,5311.525,False
BEST_SALES_2BF,PLTR,2492,2014-01-01,2020-10-27,2020-10-28,1689.095,False
BEST_SALES_2BF,SNOW,2465,2014-01-01,2020-09-30,2020-10-01,1471.0,False
BEST_SALES_2BF,VRT,2261,2014-01-01,2020-03-10,2020-03-11,4807.912,False
BEST_SALES_2BF,DDOG,2114,2014-01-01,2019-10-15,2019-10-16,582.662,False
BEST_SALES_2BF,NET,2107,2014-01-01,2019-10-08,2019-10-09,450.773,False
BEST_SALES_2BF,CRWD,2016,2014-01-01,2019-07-09,2019-07-10,669.314,False
BEST_SALES_2BF,UBER,1967,2014-01-01,2019-05-21,2019-05-22,17455.964,False
BEST_SALES_2BF,DELL,1814,2014-01-01,2018-12-19,2018-12-20,100364.088,False
BEST_SALES_2BF,LIN,1769,2014-01-01,2018-11-04,2018-11-05,31078.58,False
BEST_SALES_2BF,BE,1694,2014-01-01,2018-08-21,2018-08-22,1009.67,False
BEST_SALES_2BF,ZS,1561,2014-01-01,2018-04-10,2018-04-11,280.985,False
BEST_SALES_2BF,SPOT,1549,2014-01-01,2018-03-29,2018-03-30,7316.902,False
BEST_SALES_2BF,VST,1232,2014-01-01,2017-05-16,2017-05-17,5992.68,False
BEST_SALES_2BF,HWM,1036,2014-01-01,2016-11-01,2016-11-02,12351.441,False
BEST_SALES_2BF,TTD,987,2014-01-01,2016-09-13,2016-09-14,288.824,False
BEST_SALES_2BF,TEAM,735,2014-01-01,2016-01-05,2016-01-06,644.105,False
BEST_SALES_2BF,RACE,686,2014-01-01,2015-11-17,2015-11-18,2988.954,False
BEST_SALES_2BF,HPE,665,2014-01-01,2015-10-27,2015-10-28,51057.464,False
BEST_SALES_2BF,LITE,589,2014-01-01,2015-08-12,2015-08-13,943.253,False
BEST_SALES_2BF,PYPL,553,2014-01-01,2015-07-07,2015-07-08,11623.483,False
BEST_SALES_2BF,KEYS,294,2014-01-01,2014-10-21,2014-10-22,3116.794,False
BEST_SALES_2BF,BRK/B,275,2014-01-01,2014-10-02,2014-10-03,220112.492,False
BEST_SALES_2BF,IBKR,191,2014-01-01,2014-07-10,2014-07-11,1491.219,False
BEST_SALES_2BF,BN,189,2014-01-01,2014-07-08,2014-07-09,18063.305,False
BEST_SALES_2BF,LSEG,187,2014-01-01,2014-07-06,2014-07-07,1381.149,False
BEST_SALES_2BF,ANET,161,2014-01-01,2014-06-10,2014-06-11,864.893,False
BEST_SALES_2BF,FICO,118,2014-01-01,2014-04-28,2014-04-29,847.118,False
BEST_SALES_2BF,KKR,91,2014-01-01,2014-04-01,2014-04-02,1270.412,False
BEST_SALES_2BF,WELL,75,2014-01-01,2014-03-16,2014-03-17,3499.596,False
BEST_SALES_2BF,ASM,71,2014-01-01,2014-03-12,2014-03-13,608.981,False
BEST_SALES_2BF,NRG,63,2014-01-01,2014-03-04,2014-03-05,12035.229,False
BEST_SALES_2BF,MAR,54,2014-01-01,2014-02-23,2014-02-24,15065.862,False
BEST_SALES_2BF,PWR,51,2014-01-01,2014-02-20,2014-02-21,8228.077,False
BEST_SALES_2BF,PLD,47,2014-01-01,2014-02-16,2014-02-17,1871.99,False
BEST_SALES_2BF,BX,42,2014-01-01,2014-02-11,2014-02-12,7549.195,False
BEST_SALES_2BF,APO,40,2014-01-01,2014-02-09,2014-02-10,2454.686,False
BEST_SALES_2BF,GM,40,2014-01-01,2014-02-09,2014-02-10,168031.3,False
BEST_SALES_2BF,NXPI,37,2014-01-01,2014-02-06,2014-02-07,5614.175,False
BEST_SALES_2BF,ON,37,2014-01-01,2014-02-06,2014-02-07,3068.739,False
BEST_SALES_2BF,VRSN,37,2014-01-01,2014-02-06,2014-02-07,1082.271,False
BEST_SALES_2BF,COP,35,2014-01-01,2014-02-04,2014-02-05,62567.309,False
BEST_SALES_2BF,MPC,35,2014-01-01,2014-02-04,2014-02-05,88357.17,False
BEST_SALES_2BF,NEM,33,2014-01-01,2014-02-02,2014-02-03,8789.557,False
BEST_SALES_2BF,MA,33,2014-01-01,2014-02-02,2014-02-03,10540.946,False
BEST_SALES_2BF,GLW,29,2014-01-01,2014-01-29,2014-01-30,10594.199,False
BEST_SALES_2BF,COHR,29,2014-01-01,2014-01-29,2014-01-30,842.579,False
BEST_SALES_2BF,CB,28,2014-01-01,2014-01-28,2014-01-29,21536.28,False
BEST_SALES_2BF,MCD,26,2014-01-01,2014-01-26,2014-01-27,30639.319,False
BEST_SALES_2BF,APH,26,2014-01-01,2014-01-26,2014-01-27,5460.585,False
BEST_SALES_2BF,PGR,23,2014-01-01,2014-01-23,2014-01-24,19591.814,False
BEST_SALES_2BF,TER,23,2014-01-01,2014-01-23,2014-01-24,1839.287,False
BEST_SALES_2BF,BNY,21,2014-01-01,2014-01-21,2014-01-22,16250.172,False
BEST_SALES_2BF,AMD,21,2014-01-01,2014-01-21,2014-01-22,5862.676,False
BEST_SALES_2BF,MS,19,2014-01-01,2014-01-19,2014-01-20,36646.914,False
BEST_SALES_2BF,AXP,19,2014-01-01,2014-01-19,2014-01-20,36830.035,False
BEST_SALES_2BF,COF,19,2014-01-01,2014-01-19,2014-01-20,22870.786,False
BEST_SALES_2BF,TKO,19,2014-01-01,2014-01-19,2014-01-20,745.512,False
BEST_SALES_2BF,GS,16,2014-01-01,2014-01-16,2014-01-17,33885.556,False
BEST_SALES_2BF,CAT,16,2014-01-01,2014-01-16,2014-01-17,58777.663,False
BEST_SALES_2BF,C,16,2014-01-01,2014-01-16,2014-01-17,80446.896,False
BEST_SALES_2BF,BAC,15,2014-01-01,2014-01-15,2014-01-16,93739.786,False
BEST_SALES_2BF,INTC,14,2014-01-01,2014-01-14,2014-01-15,55688.979,False
BEST_SALES_2BF,JPM,14,2014-01-01,2014-01-14,2014-01-15,106238.235,False
BEST_SALES_2BF,WFC,14,2014-01-01,2014-01-14,2014-01-15,88595.265,False
BEST_SALES_2BF,WMB,12,2014-01-01,2014-01-12,2014-01-13,8999.398,False
BEST_SALES_2BF,DHR,7,2014-01-01,2014-01-07,2014-01-08,21150.904,False
BEST_SALES_2BF,GE,7,2014-01-01,2014-01-07,2014-01-08,149942.294,False
BEST_SALES_2BF,BLK,7,2014-01-01,2014-01-07,2014-01-08,12383.816,False
BEST_SALES_2BF,LNG,6,2014-01-01,2014-01-06,2014-01-07,263.0,False
BEST_SALES_2BF,MO,5,2014-01-01,2014-01-05,2014-01-06,18083.603,False
BEST_SALES_2BF,AXON,5,2014-01-01,2014-01-05,2014-01-06,175.617,False
BEST_SALES_2BF,COST,1,2014-01-01,2014-01-01,2014-01-02,125250.337,False
BEST_SALES_2BF,PG,1,2014-01-01,2014-01-01,2014-01-02,91004.263,False
BEST_SALES_2BF,HD,1,2014-01-01,2014-01-01,2014-01-02,85938.271,False
BEST_SALES_2BF,HON,1,2014-01-01,2014-01-01,2014-01-02,42811.738,False
BEST_SALES_2BF,WMT,1,2014-01-01,2014-01-01,2014-01-02,517119.253,False
BEST_SALES_2BF,MPWR,1,2014-01-01,2014-01-01,2014-01-02,302.759,False
BEST_SALES_2BF,XOM,1,2014-01-01,2014-01-01,2014-01-02,412999.494,False
BEST_SALES_2BF,FCX,1,2014-01-01,2014-01-01,2014-01-02,25752.195,False
BEST_SALES_2BF,PANW,1,2014-01-01,2014-01-01,2014-01-02,822.391,False
BEST_SALES_2BF,AMAT,1,2014-01-01,2014-01-01,2014-01-02,10012.565,False
BEST_SALES_2BF,LRCX,1,2014-01-01,2014-01-01,2014-01-02,4742.266,False
BEST_SALES_2BF,JNJ,1,2014-01-01,2014-01-01,2014-01-02,77099.118,False
BEST_SALES_2BF,TMUS,1,2014-01-01,2014-01-01,2014-01-02,29030.192,False
BEST_SALES_2BF,EQIX,1,2014-01-01,2014-01-01,2014-01-02,2702.679,False
BEST_SALES_2BF,CRM,1,2014-01-01,2014-01-01,2014-01-02,6314.581,False
BEST_SALES_2BF,NFLX,1,2014-01-01,2014-01-01,2014-01-02,6129.089,False
BEST_SALES_2BF,AMT,1,2014-01-01,2014-01-01,2014-01-02,4321.783,False
BEST_SALES_2BF,NEE,1,2014-01-01,2014-01-01,2014-01-02,17116.052,False
BEST_SALES_2BF,DE,1,2014-01-01,2014-01-01,2014-01-02,32447.989,False
BEST_SALES_2BF,UNP,1,2014-01-01,2014-01-01,2014-01-02,24695.215,False
BEST_SALES_2BF,ETN,1,2014-01-01,2014-01-01,2014-01-02,24613.567,False
BEST_SALES_2BF,LMT,1,2014-01-01,2014-01-01,2014-01-02,43616.031,False
BEST_SALES_2BF,META,1,2014-01-01,2014-01-01,2014-01-02,13405.896,False
BEST_SALES_2BF,GOOGL,1,2014-01-01,2014-01-01,2014-01-02,65169.012,False
BEST_SALES_2BF,SPGI,1,2014-01-01,2014-01-01,2014-01-02,5536.708,False
BEST_SALES_2BF,V,1,2014-01-01,2014-01-01,2014-01-02,14895.458,False
BEST_SALES_2BF,ABBV,1,2014-01-01,2014-01-01,2014-01-02,20754.796,False
BEST_SALES_2BF,REGN,1,2014-01-01,2014-01-01,2014-01-02,3227.244,False
BEST_SALES_2BF,ISRG,1,2014-01-01,2014-01-01,2014-01-02,2605.221,False
BEST_SALES_2BF,005930,1,2014-01-01,2014-01-01,2014-01-02,266269179.229,False
BEST_SALES_2BF,UNH,1,2014-01-01,2014-01-01,2014-01-02,141686.397,False
BEST_SALES_2BF,LLY,1,2014-01-01,2014-01-01,2014-01-02,19999.245,False
BEST_SALES_2BF,000660,1,2014-01-01,2014-01-01,2014-01-02,16724032.002,False
BEST_SALES_2BF,MU,1,2014-01-01,2014-01-01,2014-01-02,15930.588,False
BEST_SALES_2BF,TSLA,1,2014-01-01,2014-01-01,2014-01-02,4901.206,False
BEST_SALES_2BF,NVDA,1,2014-01-01,2014-01-01,2014-01-02,4532.024,False
BEST_SALES_2BF,AMZN,1,2014-01-01,2014-01-01,2014-01-02,110199.753,False
BEST_SALES_2BF,AVGO,1,2014-01-01,2014-01-01,2014-01-02,3309.707,False
BEST_SALES_2BF,MSFT,1,2014-01-01,2014-01-01,2014-01-02,91384.809,False
BEST_SALES_2BF,AAPL,1,2014-01-01,2014-01-01,2014-01-02,200657.246,False
BEST_SALES_2BF,CS,1,2014-01-01,2014-01-01,2014-01-02,100604.753,False
BEST_SALES_2BF,ZURN,1,2014-01-01,2014-01-01,2014-01-02,62659.483,False
BEST_SALES_2BF,CME,1,2014-01-01,2014-01-01,2014-01-02,3517.925,False
BEST_SALES_2BF,AON,1,2014-01-01,2014-01-01,2014-01-02,13013.751,False
BEST_SALES_2BF,IFX,1,2014-01-01,2014-01-01,2014-01-02,4617.303,False
BEST_SALES_2BF,8035,1,2014-01-01,2014-01-01,2014-01-02,658533.101,False
BEST_SALES_2BF,ADI,1,2014-01-01,2014-01-01,2014-01-02,2915.986,False
BEST_SALES_2BF,SCHW,1,2014-01-01,2014-01-01,2014-01-02,6598.431,False
BEST_SALES_2BF,NOVOB,1,2014-01-01,2014-01-01,2014-01-02,98360.455,False
BEST_SALES_2BF,RIO,1,2014-01-01,2014-01-01,2014-01-02,58356.909,False
BEST_SALES_2BF,QCOM,1,2014-01-01,2014-01-01,2014-01-02,29868.026,False
BEST_SALES_2BF,TXN,1,2014-01-01,2014-01-01,2014-01-02,13201.625,False
BEST_SALES_2BF,ADBE,1,2014-01-01,2014-01-01,2014-01-02,4950.836,False
BEST_SALES_2BF,NOW,1,2014-01-01,2014-01-01,2014-01-02,843.431,False
BEST_SALES_2BF,ACN,1,2014-01-01,2014-01-01,2014-01-02,31587.039,False
BEST_SALES_2BF,IBM,1,2014-01-01,2014-01-01,2014-01-02,103479.975,False
BEST_SALES_2BF,HSBA,1,2014-01-01,2014-01-01,2014-01-02,71185.429,False
BEST_SALES_2BF,SHEL,1,2014-01-01,2014-01-01,2014-01-02,444370.704,False
BEST_SALES_2BF,AZN,1,2014-01-01,2014-01-01,2014-01-02,24417.185,False
BEST_SALES_2BF,ASML,1,2014-01-01,2014-01-01,2014-01-02,7521.594,False
BEST_SALES_2BF,SAP,1,2014-01-01,2014-01-01,2014-01-02,19859.902,False
BEST_SALES_2BF,RR/,1,2014-01-01,2014-01-01,2014-01-02,17513.986,False
BEST_SALES_2BF,NESN,1,2014-01-01,2014-01-01,2014-01-02,103054.966,False
BEST_SALES_2BF,MC,1,2014-01-01,2014-01-01,2014-01-02,34927.508,False
BEST_SALES_2BF,DLR,1,2014-01-01,2014-01-01,2014-01-02,1752.872,False
BEST_SALES_2BF,BSX,1,2014-01-01,2014-01-01,2014-01-02,7694.936,False
BEST_SALES_2BF,BKNG,1,2014-01-01,2014-01-01,2014-01-02,9974.611,False
BEST_SALES_2BF,6857,1,2014-01-01,2014-01-01,2014-01-02,157384.681,False
BEST_SALES_2BF,SU,1,2014-01-01,2014-01-01,2014-01-02,27389.05,False
BEST_SALES_2BF,SIE,1,2014-01-01,2014-01-01,2014-01-02,81695.871,False
BEST_SALES_2BF,RHM,1,2014-01-01,2014-01-01,2014-01-02,5185.575,False
BEST_SALES_2BF,ALV,1,2014-01-01,2014-01-01,2014-01-02,108829.594,False
BEST_SALES_2BF,FN,1,2014-01-01,2014-01-01,2014-01-02,832.65,False
BEST_SALES_2BF,CSCO,1,2014-01-01,2014-01-01,2014-01-02,49814.526,False
BEST_SALES_2BF,TSM,1,2014-01-01,2014-01-01,2014-01-02,779085.671,False
BEST_SALES_2BF,KLAC,1,2014-01-01,2014-01-01,2014-01-02,3369.824,False
BEST_SALES_2BF,CDNS,1,2014-01-01,2014-01-01,2014-01-02,1674.011,False
BEST_SALES_2BF,MRVL,1,2014-01-01,2014-01-01,2014-01-02,3754.816,False
BEST_SALES_2BF,STX,1,2014-01-01,2014-01-01,2014-01-02,13871.565,False
BEST_SALES_2BF,TMO,1,2014-01-01,2014-01-01,2014-01-02,15691.611,False
BEST_SALES_2BF,PM,1,2014-01-01,2014-01-01,2014-01-02,32932.617,False
BEST_SALES_2BF,ORCL,1,2014-01-01,2014-01-01,2014-01-02,41315.796,False
BEST_SALES_2BF,MSI,1,2014-01-01,2014-01-01,2014-01-02,9225.793,False
BEST_SALES_2BF,IBE,1,2014-01-01,2014-01-01,2014-01-02,35362.427,False
BEST_SALES_2BF,ECL,1,2014-01-01,2014-01-01,2014-01-02,15561.616,False
BEST_SALES_2BF,SNPS,1,2014-01-01,2014-01-01,2014-01-02,2204.173,False
BEST_SALES_2BF,INTU,1,2014-01-01,2014-01-01,2014-01-02,4996.546,False
BEST_SALES_2BF,T,1,2014-01-01,2014-01-01,2014-01-02,133314.102,False
BEST_SALES_2BF,ITX,1,2014-01-01,2014-01-01,2014-01-02,20434.458,False
BEST_SALES_2BF,7203,1,2014-01-01,2014-01-01,2014-01-02,27799700.069,False
BEST_SALES_2BF,SBUX,1,2014-01-01,2014-01-01,2014-01-02,19071.588,False
BEST_SALES_2BF,VRTX,1,2014-01-01,2014-01-01,2014-01-02,1381.786,False
BEST_SALES_2BF,SAN,1,2014-01-01,2014-01-01,2014-01-02,36386.392,False
BEST_SALES_2BF,TT,1,2014-01-01,2014-01-01,2014-01-02,14433.117,False
BEST_SALES_2BF,8306,1,2014-01-01,2014-01-01,2014-01-02,3913324.073,False
BEST_SALES_2BF,DIS,1,2014-01-01,2014-01-01,2014-01-02,51999.445,False
BEST_SALES_2BF,7974,1,2014-01-01,2014-01-01,2014-01-02,723652.196,False
BEST_SALES_2BF,PUB,1,2014-01-01,2014-01-01,2014-01-02,7907.021,False
BEST_SALES_2BF,LOW,1,2014-01-01,2014-01-01,2014-01-02,58460.832,False
BEST_SALES_2BF,DTE,1,2014-01-01,2014-01-01,2014-01-02,60987.694,False
BEST_SALES_2BF,TJX,1,2014-01-01,2014-01-01,2014-01-02,31541.791,False
BEST_SALES_2BF,TTWO,1,2014-01-01,2014-01-01,2014-01-02,1499.864,False
BEST_SALES_2BF,CMCSA,1,2014-01-01,2014-01-01,2014-01-02,71270.021,False
BEST_SALES_2BF,VZ,1,2014-01-01,2014-01-01,2014-01-02,129661.548,False
BEST_SALES_2BF,ORLY,1,2014-01-01,2014-01-01,2014-01-02,7455.532,False
BEST_SALES_2BF,NKE,1,2014-01-01,2014-01-01,2014-01-02,31568.416,False
BEST_SALES_2BF,NOVN,1,2014-01-01,2014-01-01,2014-01-02,61325.943,False
BEST_SALES_2BF,MCK,1,2014-01-01,2014-01-01,2014-01-02,140682.621,False
BEST_SALES_2BF,SYK,1,2014-01-01,2014-01-01,2014-01-02,9948.618,False
BEST_SALES_2BF,AMGN,1,2014-01-01,2014-01-01,2014-01-02,20131.058,False
BEST_SALES_2BF,MRK,1,2014-01-01,2014-01-01,2014-01-02,43246.527,False
BEST_SALES_2BF,SAF,1,2014-01-01,2014-01-01,2014-01-02,16704.061,False
BEST_SALES_2BF,AIR,1,2014-01-01,2014-01-01,2014-01-02,65099.085,False
BEST_SALES_2BF,EMR,1,2014-01-01,2014-01-01,2014-01-02,26069.983,False
BEST_SALES_2BF,MUV2,1,2014-01-01,2014-01-01,2014-01-02,60944.908,False
BEST_SALES_2BF,RTX,1,2014-01-01,2014-01-01,2014-01-02,68611.004,False
BEST_SALES_2BF,BNP,1,2014-01-01,2014-01-01,2014-01-02,40748.335,False
BEST_SALES_2BF,6146,1,2014-01-01,2014-01-01,2014-01-02,114063.007,False
BEST_SALES_2BF,ICE,1,2014-01-01,2014-01-01,2014-01-02,3813.973,False
BEST_SALES_2BF,MCO,1,2014-01-01,2014-01-01,2014-01-02,3359.423,False
BEST_SALES_2BF,ADSK,1,2014-01-01,2014-01-01,2014-01-02,2405.972,False
BEST_SALES_2BF,WDAY,1,2014-01-01,2014-01-01,2014-01-02,991.436,False
BEST_SALES_2BF,WDC,1,2014-01-01,2014-01-01,2014-01-02,14968.008,False
BEST_SALES_2BF,6981,1,2014-01-01,2014-01-01,2014-01-02,922361.966,False
BEST_SALES_2BF,DSY,1,2014-01-01,2014-01-01,2014-01-02,2465.48,False
BEST_SALES_2BF,FTNT,1,2014-01-01,2014-01-01,2014-01-02,772.235,False
BEST_SALES_2BF,ABBN,1,2014-01-01,2014-01-01,2014-01-02,45396.223,False
BEST_SALES_2BF,ABT,1,2014-01-01,2014-01-01,2014-01-02,24347.429,False
BEST_SALES_2BF,KO,1,2014-01-01,2014-01-01,2014-01-02,51080.445,False
BEST_SALES_2BF,ULVR,1,2014-01-01,2014-01-01,2014-01-02,53922.753,False
BEST_SALES_2BF,AI,1,2014-01-01,2014-01-01,2014-01-02,17675.849,False
BEST_SALES_2BF,SHW,1,2014-01-01,2014-01-01,2014-01-02,11897.419,False
BEST_SALES_2BF,OR,1,2014-01-01,2014-01-01,2014-01-02,25708.181,False
BEST_SALES_2BF,9433,1,2014-01-01,2014-01-01,2014-01-02,4506850.694,False
BEST_SALES_2BF,PEP,1,2014-01-01,2014-01-01,2014-01-02,72433.801,False
BEST_SALES_2BF,SO,1,2014-01-01,2014-01-01,2014-01-02,18488.036,False
BEST_SALES_2BF,UCG,1,2014-01-01,2014-01-01,2014-01-02,25343.098,False
BEST_SALES_2BF,UBSG,1,2014-01-01,2014-01-01,2014-01-02,33752.11,False
BEST_SALES_2BF,MRSH,1,2014-01-01,2014-01-01,2014-01-02,13576.038,False
BEST_SALES_2BF,MSCI,1,2014-01-01,2014-01-01,2014-01-02,1160.328,False
BEST_SALES_2BF,TTE,1,2014-01-01,2014-01-01,2014-01-02,244065.341,False
BEST_SALES_2BF,CVX,1,2014-01-01,2014-01-01,2014-01-02,251731.257,False
BEST_SALES_2BF,9432,1,2014-01-01,2014-01-01,2014-01-02,10949840.724,False
BEST_SALES_2BF,CFR,1,2014-01-01,2014-01-01,2014-01-02,12684.968,False
BEST_SALES_2BF,MDLZ,1,2014-01-01,2014-01-01,2014-01-02,38891.932,False
BEST_SALES_2BF,8316,1,2014-01-01,2014-01-01,2014-01-02,2924944.507,False
BEST_SALES_2BF,ADP,1,2014-01-01,2014-01-01,2014-01-02,13499.093,False
BEST_SALES_2BF,WM,1,2014-01-01,2014-01-01,2014-01-02,15002.27,False
BEST_SALES_2BF,PH,1,2014-01-01,2014-01-01,2014-01-02,14409.77,False
BEST_SALES_2BF,REL,1,2014-01-01,2014-01-01,2014-01-02,6419.243,False
BEST_SALES_2BF,7011,1,2014-01-01,2014-01-01,2014-01-02,4003714.265,False
BEST_SALES_2BF,ROP,1,2014-01-01,2014-01-01,2014-01-02,50841.591,False
BEST_SALES_2BF,CMG,1,2014-01-01,2014-01-01,2014-01-02,4358.916,False
BEST_SALES_2BF,6758,1,2014-01-01,2014-01-01,2014-01-02,7920814.167,False
BEST_SALES_2BF,RMS,1,2014-01-01,2014-01-01,2014-01-02,4650.031,False
BEST_SALES_2BF,ZTS,1,2014-01-01,2014-01-01,2014-01-02,5075.319,False
BEST_SALES_2BF,HCA,1,2014-01-01,2014-01-01,2014-01-02,37716.067,False
BEST_SALES_2BF,MDT,1,2014-01-01,2014-01-01,2014-01-02,18106.931,False
BEST_SALES_2BF,PFE,1,2014-01-01,2014-01-01,2014-01-02,50057.3,False
BEST_SALES_2BF,GILD,1,2014-01-01,2014-01-01,2014-01-02,18753.71,False
BEST_SALES_2BF,CL,1,2014-01-01,2014-01-01,2014-01-02,19340.483,False
BEST_SALES_2BF,LYV,1,2014-01-01,2014-01-01,2014-01-02,6846.034,False
BEST_SALES_2BF,GRMN,1,2014-01-01,2014-01-01,2014-01-02,2610.071,False
BEST_SALES_2BF,MNST,1,2014-01-01,2014-01-01,2014-01-02,2778.688,False
BEST_SALES_2BF,APD,1,2014-01-01,2014-01-01,2014-01-02,11402.342,False
BEST_SALES_2BF,SLB,1,2014-01-01,2014-01-01,2014-01-02,55225.929,False
BEST_SALES_2BF,4063,1,2014-01-01,2014-01-01,2014-01-02,1198778.276,False
BEST_SALES_2BF,ENEL,1,2014-01-01,2014-01-01,2014-01-02,81180.053,False
BEST_SALES_2FY,LITE,4203,2014-01-13,2025-07-16,2025-07-17,2709.0,False
BEST_SALES_2FY,FN,4203,2014-01-13,2025-07-16,2025-07-17,5090.0,False
BEST_SALES_2FY,285A,4140,2014-01-13,2025-05-14,2025-05-15,1633000.0,False
BEST_SALES_2FY,SNDK,4088,2014-01-13,2025-03-23,2025-03-24,8139.0,False
BEST_SALES_2FY,BN,4061,2014-01-13,2025-02-24,2025-02-25,8747.0,False
BEST_SALES_2FY,APO,4018,2014-01-13,2025-01-12,2025-01-13,29205.0,False
BEST_SALES_2FY,COHR,3767,2014-01-13,2024-05-06,2024-05-07,6408.0,False
BEST_SALES_2FY,GEV,3761,2014-01-13,2024-04-30,2024-05-01,40809.0,False
BEST_SALES_2FY,BRK/B,3760,2014-01-13,2024-04-29,2024-04-30,412101.0,False
BEST_SALES_2FY,AXON,3740,2014-01-13,2024-04-09,2024-04-10,3156.0,False
BEST_SALES_2FY,RDDT,3712,2014-01-13,2024-03-12,2024-03-13,2340.0,False
BEST_SALES_2FY,IBKR,3656,2014-01-13,2024-01-16,2024-01-17,4922.0,False
BEST_SALES_2FY,LSEG,3619,2014-01-13,2023-12-10,2023-12-11,10695.0,False
BEST_SALES_2FY,UCG,3581,2014-01-13,2023-11-02,2023-11-03,7554.0,False
BEST_SALES_2FY,WDC,3577,2014-01-13,2023-10-29,2023-10-30,19414.0,False
BEST_SALES_2FY,KLAC,3573,2014-01-13,2023-10-25,2023-10-26,12764.0,False
BEST_SALES_2FY,BX,3570,2014-01-13,2023-10-22,2023-10-23,17127.0,False
BEST_SALES_2FY,ARM,3529,2014-01-13,2023-09-11,2023-09-12,5217.0,False
BEST_SALES_2FY,LRCX,3487,2014-01-13,2023-07-31,2023-08-01,24825.0,False
BEST_SALES_2FY,HSBA,3487,2014-01-13,2023-07-31,2023-08-01,67295.0,False
BEST_SALES_2FY,6981,3487,2014-01-13,2023-07-31,2023-08-01,2000000.0,False
BEST_SALES_2FY,VRSN,3483,2014-01-13,2023-07-27,2023-07-28,1924.0,False
BEST_SALES_2FY,7203,3452,2014-01-13,2023-06-26,2023-06-27,25294015.0,False
BEST_SALES_2FY,CAT,3447,2014-01-13,2023-06-21,2023-06-22,74109.0,False
BEST_SALES_2FY,7011,3444,2014-01-13,2023-06-18,2023-06-19,5153600.0,False
BEST_SALES_2FY,6857,3444,2014-01-13,2023-06-18,2023-06-19,621000.0,False
BEST_SALES_2FY,DELL,3430,2014-01-13,2023-06-04,2023-06-05,93174.0,False
BEST_SALES_2FY,MCK,3430,2014-01-13,2023-06-04,2023-06-05,389310.0,False
BEST_SALES_2FY,8035,3424,2014-01-13,2023-05-29,2023-05-30,2742224.0,False
BEST_SALES_2FY,4063,3423,2014-01-13,2023-05-28,2023-05-29,1968130.0,False
BEST_SALES_2FY,8316,3417,2014-01-13,2023-05-22,2023-05-23,3524727.0,False
BEST_SALES_2FY,6146,3417,2014-01-13,2023-05-22,2023-05-23,274000.0,False
BEST_SALES_2FY,WFC,3410,2014-01-13,2023-05-15,2023-05-16,85019.5,False
BEST_SALES_2FY,KKR,3403,2014-01-13,2023-05-08,2023-05-09,12574.0,False
BEST_SALES_2FY,7974,3403,2014-01-13,2023-05-08,2023-05-09,1055682.0,False
BEST_SALES_2FY,MSI,3402,2014-01-13,2023-05-07,2023-05-08,12345.0,False
BEST_SALES_2FY,GRMN,3398,2014-01-13,2023-05-03,2023-05-04,7034.0,False
BEST_SALES_2FY,NXPI,3397,2014-01-13,2023-05-02,2023-05-03,16618.0,False
BEST_SALES_2FY,ON,3396,2014-01-13,2023-05-01,2023-05-02,10184.0,False
BEST_SALES_2FY,TER,3392,2014-01-13,2023-04-27,2023-04-28,5308.0,False
BEST_SALES_2FY,MUV2,3390,2014-01-13,2023-04-25,2023-04-26,81407.0,False
BEST_SALES_2FY,ZURN,3390,2014-01-13,2023-04-25,2023-04-26,74690.0,False
BEST_SALES_2FY,ALV,3390,2014-01-13,2023-04-25,2023-04-26,141678.0,False
BEST_SALES_2FY,000660,3375,2014-01-13,2023-04-10,2023-04-11,56300000.0,False
BEST_SALES_2FY,HWM,3355,2014-01-13,2023-03-21,2023-03-22,8818.0,False
BEST_SALES_2FY,C,3346,2014-01-13,2023-03-12,2023-03-13,81764.0,False
BEST_SALES_2FY,AVGO,3336,2014-01-13,2023-03-02,2023-03-03,44015.0,False
BEST_SALES_2FY,GE,3334,2014-01-13,2023-02-28,2023-03-01,76992.0,False
BEST_SALES_2FY,VRT,3328,2014-01-13,2023-02-22,2023-02-23,7652.0,False
BEST_SALES_2FY,CDNS,3326,2014-01-13,2023-02-20,2023-02-21,5957.0,False
BEST_SALES_2FY,WMB,3326,2014-01-13,2023-02-20,2023-02-21,10129.0,False
BEST_SALES_2FY,ICE,3321,2014-01-13,2023-02-15,2023-02-16,9304.0,False
BEST_SALES_2FY,SNPS,3320,2014-01-13,2023-02-14,2023-02-15,9051.0,False
BEST_SALES_2FY,CME,3319,2014-01-13,2023-02-13,2023-02-14,6566.0,False
BEST_SALES_2FY,QCOM,3308,2014-01-13,2023-02-02,2023-02-03,48774.0,False
BEST_SALES_2FY,TT,3308,2014-01-13,2023-02-02,2023-02-03,20866.0,False
BEST_SALES_2FY,HON,3308,2014-01-13,2023-02-02,2023-02-03,44379.0,False
BEST_SALES_2FY,BAC,3305,2014-01-13,2023-01-30,2023-01-31,115328.0,False
BEST_SALES_2FY,APH,3299,2014-01-13,2023-01-24,2023-01-25,11934.0,False
BEST_SALES_2FY,STX,3299,2014-01-13,2023-01-24,2023-01-25,12188.0,False
BEST_SALES_2FY,NEE,3297,2014-01-13,2023-01-22,2023-01-23,36875.0,False
BEST_SALES_2FY,MPC,3294,2014-01-13,2023-01-19,2023-01-20,126853.0,False
BEST_SALES_2FY,CEG,3291,2014-01-13,2023-01-16,2023-01-17,20153.0,False
BEST_SALES_2FY,EMR,3291,2014-01-13,2023-01-16,2023-01-17,20265.0,False
BEST_SALES_2FY,SO,3291,2014-01-13,2023-01-16,2023-01-17,29304.0,False
BEST_SALES_2FY,ETN,3286,2014-01-13,2023-01-11,2023-01-12,20770.0,False
BEST_SALES_2FY,8306,3280,2014-01-13,2023-01-05,2023-01-06,4002364.0,False
BEST_SALES_2FY,SYK,3245,2014-01-13,2022-12-01,2022-12-02,25141.0,False
BEST_SALES_2FY,AMAT,3231,2014-01-13,2022-11-17,2022-11-18,27884.0,False
BEST_SALES_2FY,INTU,3144,2014-01-13,2022-08-22,2022-08-23,13206.0,False
BEST_SALES_2FY,6758,3125,2014-01-13,2022-08-03,2022-08-04,11050000.0,False
BEST_SALES_2FY,INTC,3118,2014-01-13,2022-07-27,2022-07-28,99790.0,False
BEST_SALES_2FY,JPM,3116,2014-01-13,2022-07-25,2022-07-26,158694.0,False
BEST_SALES_2FY,RACE,3074,2014-01-13,2022-06-13,2022-06-14,7182.0,False
BEST_SALES_2FY,PWR,3054,2014-01-13,2022-05-24,2022-05-25,19758.0,False
BEST_SALES_2FY,MRSH,3042,2014-01-13,2022-05-12,2022-05-13,29674.0,False
BEST_SALES_2FY,CS,3038,2014-01-13,2022-05-08,2022-05-09,121548.0,False
BEST_SALES_2FY,NET,3035,2014-01-13,2022-05-05,2022-05-06,4728.0,False
BEST_SALES_2FY,AMD,3032,2014-01-13,2022-05-02,2022-05-03,39491.5,False
BEST_SALES_2FY,TXN,3025,2014-01-13,2022-04-25,2022-04-26,27529.0,False
BEST_SALES_2FY,LYV,3025,2014-01-13,2022-04-25,2022-04-26,21940.0,False
BEST_SALES_2FY,TSM,3013,2014-01-13,2022-04-13,2022-04-14,3690911.0,False
BEST_SALES_2FY,BNP,3012,2014-01-13,2022-04-12,2022-04-13,19695.0,False
BEST_SALES_2FY,ADI,3007,2014-01-13,2022-04-07,2022-04-08,17475.0,False
BEST_SALES_2FY,BNY,2999,2014-01-13,2022-03-30,2022-03-31,8953.0,False
BEST_SALES_2FY,CB,2989,2014-01-13,2022-03-20,2022-03-21,39390.0,False
BEST_SALES_2FY,PGR,2982,2014-01-13,2022-03-13,2022-03-14,60309.0,False
BEST_SALES_2FY,UMG,2975,2014-01-13,2022-03-06,2022-03-07,13829.0,False
BEST_SALES_2FY,DE,2961,2014-01-13,2022-02-20,2022-02-21,17068.0,False
BEST_SALES_2FY,PLTR,2957,2014-01-13,2022-02-16,2022-02-17,7879.0,False
BEST_SALES_2FY,AON,2949,2014-01-13,2022-02-08,2022-02-09,17222.0,False
BEST_SALES_2FY,MS,2936,2014-01-13,2022-01-26,2022-01-27,40911.0,False
BEST_SALES_2FY,UNP,2929,2014-01-13,2022-01-19,2022-01-20,28192.0,False
BEST_SALES_2FY,RBLX,2928,2014-01-13,2022-01-18,2022-01-19,9387.0,False
BEST_SALES_2FY,COF,2902,2014-01-13,2021-12-23,2021-12-24,6084.0,False
BEST_SALES_2FY,APD,2857,2014-01-13,2021-11-08,2021-11-09,15618.0,False
BEST_SALES_2FY,UBSG,2846,2014-01-13,2021-10-28,2021-10-29,22897.0,False
BEST_SALES_2FY,ABT,2844,2014-01-13,2021-10-26,2021-10-27,53480.0,False
BEST_SALES_2FY,GLW,2843,2014-01-13,2021-10-25,2021-10-26,18426.0,False
BEST_SALES_2FY,GM,2831,2014-01-13,2021-10-13,2021-10-14,178190.0,False
BEST_SALES_2FY,MU,2815,2014-01-13,2021-09-27,2021-09-28,28415.0,False
BEST_SALES_2FY,9433,2800,2014-01-13,2021-09-12,2021-09-13,5554408.0,False
BEST_SALES_2FY,MRVL,2783,2014-01-13,2021-08-26,2021-08-27,10549.0,False
BEST_SALES_2FY,FICO,2762,2014-01-13,2021-08-05,2021-08-06,2059.0,False
BEST_SALES_2FY,SHEL,2754,2014-01-13,2021-07-28,2021-07-29,388686.0,False
BEST_SALES_2FY,ENEL,2716,2014-01-13,2021-06-20,2021-06-21,83002.0,False
BEST_SALES_2FY,VST,2698,2014-01-13,2021-06-02,2021-06-03,11180.0,False
BEST_SALES_2FY,9432,2697,2014-01-13,2021-06-01,2021-06-02,13527285.0,False
BEST_SALES_2FY,PLD,2688,2014-01-13,2021-05-23,2021-05-24,6994.0,False
BEST_SALES_2FY,APP,2677,2014-01-13,2021-05-12,2021-05-13,8294.0,False
BEST_SALES_2FY,HPE,2676,2014-01-13,2021-05-11,2021-05-12,32946.0,False
BEST_SALES_2FY,BE,2670,2014-01-13,2021-05-05,2021-05-06,3413.0,False
BEST_SALES_2FY,NRG,2670,2014-01-13,2021-05-05,2021-05-06,11016.0,False
BEST_SALES_2FY,MPWR,2669,2014-01-13,2021-05-04,2021-05-05,2774.0,False
BEST_SALES_2FY,GOOGL,2662,2014-01-13,2021-04-27,2021-04-28,400897.0,False
BEST_SALES_2FY,005930,2646,2014-01-13,2021-04-11,2021-04-12,303144279.0,False
BEST_SALES_2FY,WMT,2628,2014-01-13,2021-03-24,2021-03-25,653813.0,False
BEST_SALES_2FY,GS,2611,2014-01-13,2021-03-07,2021-03-08,34307.0,False
BEST_SALES_2FY,SNOW,2607,2014-01-13,2021-03-03,2021-03-04,6380.5,False
BEST_SALES_2FY,DASH,2597,2014-01-13,2021-02-21,2021-02-22,15737.0,False
BEST_SALES_2FY,TTWO,2584,2014-01-13,2021-02-08,2021-02-09,5791.0,False
BEST_SALES_2FY,AXP,2583,2014-01-13,2021-02-07,2021-02-08,71447.0,False
BEST_SALES_2FY,LMT,2571,2014-01-13,2021-01-26,2021-01-27,85434.0,False
BEST_SALES_2FY,SCHW,2566,2014-01-13,2021-01-21,2021-01-22,11056.0,False
BEST_SALES_2FY,ABNB,2548,2014-01-13,2021-01-03,2021-01-04,16838.0,False
BEST_SALES_2FY,SIE,2520,2014-01-13,2020-12-06,2020-12-07,115259.0,False
BEST_SALES_2FY,LNG,2507,2014-01-13,2020-11-23,2020-11-24,16476.0,False
BEST_SALES_2FY,KEYS,2503,2014-01-13,2020-11-19,2020-11-20,6122.0,False
BEST_SALES_2FY,LIN,2492,2014-01-13,2020-11-08,2020-11-09,34823.0,False
BEST_SALES_2FY,IBE,2489,2014-01-13,2020-11-05,2020-11-06,56716.0,False
BEST_SALES_2FY,ASM,2485,2014-01-13,2020-11-01,2020-11-02,2036.0,False
BEST_SALES_2FY,RTX,2480,2014-01-13,2020-10-27,2020-10-28,116985.0,False
BEST_SALES_2FY,SHW,2480,2014-01-13,2020-10-27,2020-10-28,21336.0,False
BEST_SALES_2FY,SU,2474,2014-01-13,2020-10-21,2020-10-22,32895.0,False
BEST_SALES_2FY,SLB,2472,2014-01-13,2020-10-19,2020-10-20,34028.0,False
BEST_SALES_2FY,WELL,2471,2014-01-13,2020-10-18,2020-10-19,7255.0,False
BEST_SALES_2FY,TTE,2453,2014-01-13,2020-09-30,2020-10-01,153565.0,False
BEST_SALES_2FY,CRWD,2425,2014-01-13,2020-09-02,2020-09-03,3726.0,False
BEST_SALES_2FY,PANW,2416,2014-01-13,2020-08-24,2020-08-25,9786.0,False
BEST_SALES_2FY,HD,2412,2014-01-13,2020-08-20,2020-08-21,147604.0,False
BEST_SALES_2FY,ZS,2411,2014-01-13,2020-08-19,2020-08-20,2194.0,False
BEST_SALES_2FY,SBUX,2405,2014-01-13,2020-08-13,2020-08-14,48793.0,False
BEST_SALES_2FY,MCD,2402,2014-01-13,2020-08-10,2020-08-11,22724.0,False
BEST_SALES_2FY,FTNT,2398,2014-01-13,2020-08-06,2020-08-07,5081.0,False
BEST_SALES_2FY,DLR,2397,2014-01-13,2020-08-05,2020-08-06,7411.0,False
BEST_SALES_2FY,ORLY,2395,2014-01-13,2020-08-03,2020-08-04,15017.0,False
BEST_SALES_2FY,EQIX,2395,2014-01-13,2020-08-03,2020-08-04,10751.0,False
BEST_SALES_2FY,AMT,2391,2014-01-13,2020-07-30,2020-07-31,12182.0,False
BEST_SALES_2FY,MCO,2391,2014-01-13,2020-07-30,2020-07-31,6579.0,False
BEST_SALES_2FY,ADP,2389,2014-01-13,2020-07-28,2020-07-29,19799.0,False
BEST_SALES_2FY,TMUS,2389,2014-01-13,2020-07-28,2020-07-29,53602.0,False
BEST_SALES_2FY,MSCI,2389,2014-01-13,2020-07-28,2020-07-29,3174.0,False
BEST_SALES_2FY,VZ,2387,2014-01-13,2020-07-26,2020-07-27,150673.0,False
BEST_SALES_2FY,PUB,2387,2014-01-13,2020-07-26,2020-07-27,12212.0,False
BEST_SALES_2FY,T,2384,2014-01-13,2020-07-23,2020-07-24,183766.0,False
BEST_SALES_2FY,TMO,2384,2014-01-13,2020-07-23,2020-07-24,45075.0,False
BEST_SALES_2FY,HCA,2383,2014-01-13,2020-07-22,2020-07-23,76996.0,False
BEST_SALES_2FY,REL,2383,2014-01-13,2020-07-22,2020-07-23,11133.0,False
BEST_SALES_2FY,BLK,2380,2014-01-13,2020-07-19,2020-07-20,17679.0,False
BEST_SALES_2FY,BSX,2377,2014-01-13,2020-07-16,2020-07-17,19521.0,False
BEST_SALES_2FY,MO,2368,2014-01-13,2020-07-07,2020-07-08,20810.0,False
BEST_SALES_2FY,JNJ,2366,2014-01-13,2020-07-05,2020-07-06,92254.0,False
BEST_SALES_2FY,XOM,2361,2014-01-13,2020-06-30,2020-07-01,316219.0,False
BEST_SALES_2FY,COP,2360,2014-01-13,2020-06-29,2020-06-30,32302.0,False
BEST_SALES_2FY,ISRG,2347,2014-01-13,2020-06-16,2020-06-17,8148.0,False
BEST_SALES_2FY,RR/,2346,2014-01-13,2020-06-15,2020-06-16,19491.0,False
BEST_SALES_2FY,COST,2346,2014-01-13,2020-06-15,2020-06-16,289482.0,False
BEST_SALES_2FY,SAF,2345,2014-01-13,2020-06-14,2020-06-15,35151.0,False
BEST_SALES_2FY,SPGI,2342,2014-01-13,2020-06-11,2020-06-12,9870.0,False
BEST_SALES_2FY,CVX,2339,2014-01-13,2020-06-08,2020-06-09,102815.0,False
BEST_SALES_2FY,MNST,2331,2014-01-13,2020-05-31,2020-06-01,7356.0,False
BEST_SALES_2FY,DSY,2331,2014-01-13,2020-05-31,2020-06-01,5645.0,False
BEST_SALES_2FY,MDT,2325,2014-01-13,2020-05-25,2020-05-26,50919.0,False
BEST_SALES_2FY,NEM,2318,2014-01-13,2020-05-18,2020-05-19,10125.0,False
BEST_SALES_2FY,DHR,2306,2014-01-13,2020-05-06,2020-05-07,29239.0,False
BEST_SALES_2FY,PM,2299,2014-01-13,2020-04-29,2020-04-30,45383.0,False
BEST_SALES_2FY,ABBN,2298,2014-01-13,2020-04-28,2020-04-29,71611.0,False
BEST_SALES_2FY,MAR,2270,2014-01-13,2020-03-31,2020-04-01,30596.0,False
BEST_SALES_2FY,LOW,2241,2014-01-13,2020-03-02,2020-03-03,88500.0,False
BEST_SALES_2FY,ACN,2241,2014-01-13,2020-03-02,2020-03-03,82481.0,False
BEST_SALES_2FY,BKNG,2240,2014-01-13,2020-03-01,2020-03-02,36425.0,False
BEST_SALES_2FY,MDLZ,2234,2014-01-13,2020-02-24,2020-02-25,34630.0,False
BEST_SALES_2FY,NOW,2209,2014-01-13,2020-01-30,2020-01-31,13398.0,False
BEST_SALES_2FY,RIO,2193,2014-01-13,2020-01-14,2020-01-15,50027.0,False
BEST_SALES_2FY,ECL,2167,2014-01-13,2019-12-19,2019-12-20,22508.0,False
BEST_SALES_2FY,DDOG,2130,2014-01-13,2019-11-12,2019-11-13,2931.0,False
BEST_SALES_2FY,UBER,2033,2014-01-13,2019-08-07,2019-08-08,65152.5,False
BEST_SALES_2FY,TTD,2033,2014-01-13,2019-08-07,2019-08-08,1815.0,False
BEST_SALES_2FY,DIS,2032,2014-01-13,2019-08-06,2019-08-07,133067.0,False
BEST_SALES_2FY,AI,2032,2014-01-13,2019-08-06,2019-08-07,30859.0,False
BEST_SALES_2FY,IBM,2030,2014-01-13,2019-08-04,2019-08-05,93086.0,False
BEST_SALES_2FY,SPOT,2026,2014-01-13,2019-07-31,2019-08-01,24453.0,False
BEST_SALES_2FY,AIR,2023,2014-01-13,2019-07-28,2019-07-29,80733.0,False
BEST_SALES_2FY,CMCSA,2019,2014-01-13,2019-07-24,2019-07-25,126027.0,False
BEST_SALES_2FY,CMG,2013,2014-01-13,2019-07-18,2019-07-19,9739.0,False
BEST_SALES_2FY,ASML,2002,2014-01-13,2019-07-07,2019-07-08,18705.0,False
BEST_SALES_2FY,ORCL,1984,2014-01-13,2019-06-19,2019-06-20,47006.0,False
BEST_SALES_2FY,CRM,1969,2014-01-13,2019-06-04,2019-06-05,38027.0,False
BEST_SALES_2FY,ADSK,1957,2014-01-13,2019-05-23,2019-05-24,4469.0,False
BEST_SALES_2FY,ZTS,1941,2014-01-13,2019-05-07,2019-05-08,8297.0,False
BEST_SALES_2FY,TKO,1855,2014-01-13,2019-02-10,2019-02-11,1960.0,False
BEST_SALES_2FY,TJX,1773,2014-01-13,2018-11-20,2018-11-21,60411.0,False
BEST_SALES_2FY,MSFT,1746,2014-01-13,2018-10-24,2018-10-25,307843.0,False
BEST_SALES_2FY,TEAM,1743,2014-01-13,2018-10-21,2018-10-22,5579.0,False
BEST_SALES_2FY,ANET,1709,2014-01-13,2018-09-17,2018-09-18,7385.0,False
BEST_SALES_2FY,FCX,1689,2014-01-13,2018-08-28,2018-08-29,19770.0,False
BEST_SALES_2FY,TSLA,1661,2014-01-13,2018-07-31,2018-08-01,79901.0,False
BEST_SALES_2FY,KO,1655,2014-01-13,2018-07-25,2018-07-26,46032.0,False
BEST_SALES_2FY,UNH,1646,2014-01-13,2018-07-16,2018-07-17,327277.0,False
BEST_SALES_2FY,NKE,1628,2014-01-13,2018-06-28,2018-06-29,70548.0,False
BEST_SALES_2FY,NVDA,1625,2014-01-13,2018-06-25,2018-06-26,37229.0,False
BEST_SALES_2FY,MA,1620,2014-01-13,2018-06-20,2018-06-21,30667.0,False
BEST_SALES_2FY,V,1620,2014-01-13,2018-06-20,2018-06-21,44676.0,False
BEST_SALES_2FY,PG,1590,2014-01-13,2018-05-21,2018-05-22,90085.0,False
BEST_SALES_2FY,CFR,1576,2014-01-13,2018-05-07,2018-05-08,22726.0,False
BEST_SALES_2FY,CL,1568,2014-01-13,2018-04-29,2018-04-30,22534.0,False
BEST_SALES_2FY,AAPL,1568,2014-01-13,2018-04-29,2018-04-30,373685.0,False
BEST_SALES_2FY,PEP,1565,2014-01-13,2018-04-26,2018-04-27,88537.0,False
BEST_SALES_2FY,META,1563,2014-01-13,2018-04-24,2018-04-25,141042.0,False
BEST_SALES_2FY,PYPL,1534,2014-01-13,2018-03-26,2018-03-27,54154.0,False
BEST_SALES_2FY,WDAY,1507,2014-01-13,2018-02-27,2018-02-28,8846.0,False
BEST_SALES_2FY,CSCO,1494,2014-01-13,2018-02-14,2018-02-15,73829.0,False
BEST_SALES_2FY,SAN,1486,2014-01-13,2018-02-06,2018-02-07,45387.0,False
BEST_SALES_2FY,MRK,1481,2014-01-13,2018-02-01,2018-02-02,51766.0,False
BEST_SALES_2FY,NOVN,1471,2014-01-13,2018-01-22,2018-01-23,56288.0,False
BEST_SALES_2FY,ROP,1471,2014-01-13,2018-01-22,2018-01-23,56298.0,False
BEST_SALES_2FY,ADBE,1432,2014-01-13,2017-12-14,2017-12-15,28859.0,False
BEST_SALES_2FY,PH,1383,2014-01-13,2017-10-26,2017-10-27,17736.0,False
BEST_SALES_2FY,AMZN,1383,2014-01-13,2017-10-26,2017-10-27,400988.0,False
BEST_SALES_2FY,RMS,1351,2014-01-13,2017-09-24,2017-09-25,8886.0,False
BEST_SALES_2FY,ITX,1347,2014-01-13,2017-09-20,2017-09-21,58259.0,False
BEST_SALES_2FY,MC,1324,2014-01-13,2017-08-28,2017-08-29,71052.0,False
BEST_SALES_2FY,AMGN,1199,2014-01-13,2017-04-25,2017-04-26,23664.0,False
BEST_SALES_2FY,ABBV,1191,2014-01-13,2017-04-17,2017-04-18,29945.0,False
BEST_SALES_2FY,LLY,1190,2014-01-13,2017-04-16,2017-04-17,19899.0,False
BEST_SALES_2FY,NESN,1149,2014-01-13,2017-03-06,2017-03-07,139695.0,False
BEST_SALES_2FY,REGN,1123,2014-01-13,2017-02-08,2017-02-09,10415.0,False
BEST_SALES_2FY,PFE,1115,2014-01-13,2017-01-31,2017-02-01,57325.0,False
BEST_SALES_2FY,ULVR,1110,2014-01-13,2017-01-26,2017-01-27,83432.0,False
BEST_SALES_2FY,WM,1017,2014-01-13,2016-10-25,2016-10-26,23122.0,False
BEST_SALES_2FY,IFX,932,2014-01-13,2016-08-01,2016-08-02,15051.0,False
BEST_SALES_2FY,OR,619,2014-01-13,2015-09-23,2015-09-24,46700.0,False
BEST_SALES_2FY,DTE,485,2014-01-13,2015-05-12,2015-05-13,74013.0,False
BEST_SALES_2FY,RHM,483,2014-01-13,2015-05-10,2015-05-11,6978.0,False
BEST_SALES_2FY,SAP,436,2014-01-13,2015-03-24,2015-03-25,28320.0,False
BEST_SALES_2FY,NOVOB,374,2014-01-13,2015-01-21,2015-01-22,313784.5,False
BEST_SALES_2FY,NFLX,373,2014-01-13,2015-01-20,2015-01-21,19087.0,False
BEST_SALES_2FY,GILD,191,2014-01-13,2014-07-22,2014-07-23,20760.0,False
BEST_SALES_2FY,VRTX,108,2014-01-13,2014-04-30,2014-05-01,4300.0,False
BEST_SALES_2FY,AZN,35,2014-01-13,2014-02-16,2014-02-17,39381.0,False
CUR_MKT_CAP,SNDK,4061,2014-01-02,2025-02-13,2025-02-14,5215.077,False
CUR_MKT_CAP,285A,4004,2014-01-02,2024-12-18,2024-12-19,8234.319840664059,False
CUR_MKT_CAP,GEV,3738,2014-01-02,2024-03-27,2024-03-28,35710.9694,False
CUR_MKT_CAP,RDDT,3731,2014-01-02,2024-03-20,2024-03-21,5405.4414,False
CUR_MKT_CAP,ARM,3543,2014-01-02,2023-09-14,2023-09-15,65248.3551,False
CUR_MKT_CAP,CEG,2940,2014-01-02,2022-01-19,2022-01-20,13719.888,False
CUR_MKT_CAP,UMG,2820,2014-01-02,2021-09-21,2021-09-22,62224.48915832,False
CUR_MKT_CAP,APP,2661,2014-01-02,2021-04-15,2021-04-16,13694.2168,False
CUR_MKT_CAP,RBLX,2624,2014-01-02,2021-03-09,2021-03-10,24774.3202,False
CUR_MKT_CAP,ABNB,2534,2014-01-02,2020-12-09,2020-12-10,40626.4987,False
CUR_MKT_CAP,DASH,2533,2014-01-02,2020-12-08,2020-12-09,32400.9651,False
CUR_MKT_CAP,PLTR,2463,2014-01-02,2020-09-29,2020-09-30,11106.9837,False
CUR_MKT_CAP,SNOW,2449,2014-01-02,2020-09-15,2020-09-16,33274.8079,False
CUR_MKT_CAP,DDOG,2086,2014-01-02,2019-09-18,2019-09-19,7825.536,False
CUR_MKT_CAP,NET,2080,2014-01-02,2019-09-12,2019-09-13,4400.1553,False
CUR_MKT_CAP,CRWD,1987,2014-01-02,2019-06-11,2019-06-12,6687.425,False
CUR_MKT_CAP,UBER,1957,2014-01-02,2019-05-12,2019-05-13,69711.1865,False
CUR_MKT_CAP,DELL,1819,2014-01-02,2018-12-25,2018-12-26,7249.9698,False
CUR_MKT_CAP,VRT,1672,2014-01-02,2018-07-31,2018-08-01,849.5625,False
CUR_MKT_CAP,BE,1665,2014-01-02,2018-07-24,2018-07-25,1590.9981,False
CUR_MKT_CAP,SPOT,1553,2014-01-02,2018-04-03,2018-04-04,26540.5943,False
CUR_MKT_CAP,ZS,1537,2014-01-02,2018-03-18,2018-03-19,3871.9397,False
CUR_MKT_CAP,HWM,1035,2014-01-02,2016-11-01,2016-11-02,8286.96,False
CUR_MKT_CAP,VST,1009,2014-01-02,2016-10-06,2016-10-07,6733.125,False
CUR_MKT_CAP,TTD,993,2014-01-02,2016-09-20,2016-09-21,688.114,False
CUR_MKT_CAP,TEAM,708,2014-01-02,2015-12-10,2015-12-11,5796.9952,False
CUR_MKT_CAP,RACE,658,2014-01-02,2015-10-21,2015-10-22,10390.688,False
CUR_MKT_CAP,HPE,657,2014-01-02,2015-10-20,2015-10-21,31681.86,False
CUR_MKT_CAP,LITE,571,2014-01-02,2015-07-26,2015-07-27,992.8,False
CUR_MKT_CAP,PYPL,551,2014-01-02,2015-07-06,2015-07-07,44596.1156,False
CUR_MKT_CAP,KEYS,292,2014-01-02,2014-10-20,2014-10-21,4717.75,False
CUR_MKT_CAP,ANET,158,2014-01-02,2014-06-08,2014-06-09,3497.0329,False
CUR_MKT_CAP,7974,5,2014-01-02,2014-01-06,2014-01-07,19355.9791136342,False
CUR_MKT_CAP,6146,5,2014-01-02,2014-01-06,2014-01-07,2245.115623509207,False
CUR_MKT_CAP,8306,5,2014-01-02,2014-01-06,2014-01-07,92704.32085774258,False
CUR_MKT_CAP,7011,5,2014-01-02,2014-01-06,2014-01-07,21051.09816906784,False
CUR_MKT_CAP,9433,5,2014-01-02,2014-01-06,2014-01-07,53744.21861177369,False
CUR_MKT_CAP,9432,5,2014-01-02,2014-01-06,2014-01-07,60408.39394618834,False
CUR_MKT_CAP,8316,5,2014-01-02,2014-01-06,2014-01-07,73259.44333460547,False
CUR_MKT_CAP,4063,5,2014-01-02,2014-01-06,2014-01-07,24983.93796488885,False
CUR_MKT_CAP,6981,5,2014-01-02,2014-01-06,2014-01-07,20074.05765384982,False
CUR_MKT_CAP,7203,5,2014-01-02,2014-01-06,2014-01-07,207254.8861663963,False
CUR_MKT_CAP,6857,5,2014-01-02,2014-01-06,2014-01-07,2385.814005343002,False
CUR_MKT_CAP,8035,5,2014-01-02,2014-01-06,2014-01-07,9770.669730941705,False
CUR_MKT_CAP,6758,5,2014-01-02,2014-01-06,2014-01-07,17857.47604904112,False
CUR_MKT_CAP,NOVN,4,2014-01-02,2014-01-05,2014-01-06,215682.6882091213,False
CUR_MKT_CAP,ABBN,4,2014-01-02,2014-01-05,2014-01-06,60765.22658509455,False
CUR_MKT_CAP,ROP,4,2014-01-02,2014-01-05,2014-01-06,241352.1022246941,False
CUR_MKT_CAP,NESN,4,2014-01-02,2014-01-05,2014-01-06,237286.4551724138,False
CUR_MKT_CAP,ZURN,4,2014-01-02,2014-01-05,2014-01-06,42609.47975528365,False
CUR_MKT_CAP,CFR,4,2014-01-02,2014-01-05,2014-01-06,56749.35483870967,False
CUR_MKT_CAP,UBSG,4,2014-01-02,2014-01-05,2014-01-06,72812.26006674083,False
CUR_MKT_CAP,MU,1,2014-01-02,2014-01-02,2014-01-03,22904.3157,False
CUR_MKT_CAP,AVGO,1,2014-01-02,2014-01-02,2014-01-03,13105.0804,False
CUR_MKT_CAP,MSFT,1,2014-01-02,2014-01-02,2014-01-03,310210.5187,False
CUR_MKT_CAP,GOOGL,1,2014-01-02,2014-01-02,2014-01-03,371879.3863,False
CUR_MKT_CAP,TSLA,1,2014-01-02,2014-01-02,2014-01-03,18401.3482,False
CUR_MKT_CAP,AMZN,1,2014-01-02,2014-01-02,2014-01-03,182164.2456,False
CUR_MKT_CAP,PANW,1,2014-01-02,2014-01-02,2014-01-03,4034.857,False
CUR_MKT_CAP,AMAT,1,2014-01-02,2014-01-02,2014-01-03,21133.4199,False
CUR_MKT_CAP,LRCX,1,2014-01-02,2014-01-02,2014-01-03,8761.0434,False
CUR_MKT_CAP,MPC,1,2014-01-02,2014-01-02,2014-01-03,26935.8666,False
CUR_MKT_CAP,WFC,1,2014-01-02,2014-01-02,2014-01-03,237147.2904,False
CUR_MKT_CAP,JNJ,1,2014-01-02,2014-01-02,2014-01-03,256835.5445,False
CUR_MKT_CAP,GLW,1,2014-01-02,2014-01-02,2014-01-03,25716.7778,False
CUR_MKT_CAP,TER,1,2014-01-02,2014-01-02,2014-01-03,3378.1023,False
CUR_MKT_CAP,NFLX,1,2014-01-02,2014-01-02,2014-01-03,21499.914,False
CUR_MKT_CAP,CRM,1,2014-01-02,2014-01-02,2014-01-03,33080.58,False
CUR_MKT_CAP,AMD,1,2014-01-02,2014-01-02,2014-01-03,2858.563,False
CUR_MKT_CAP,PLD,1,2014-01-02,2014-01-02,2014-01-03,18477.7588,False
CUR_MKT_CAP,TMUS,1,2014-01-02,2014-01-02,2014-01-03,26726.3475,False
CUR_MKT_CAP,TSM,1,2014-01-02,2014-01-02,2014-01-03,88934.0884,False
CUR_MKT_CAP,BAC,1,2014-01-02,2014-01-02,2014-01-03,171724.754,False
CUR_MKT_CAP,FN,1,2014-01-02,2014-01-02,2014-01-03,683.5764,False
CUR_MKT_CAP,TMO,1,2014-01-02,2014-01-02,2014-01-03,39616.6948,False
CUR_MKT_CAP,BX,1,2014-01-02,2014-01-02,2014-01-03,34930.2122,False
CUR_MKT_CAP,PWR,1,2014-01-02,2014-01-02,2014-01-03,6754.268,False
CUR_MKT_CAP,STX,1,2014-01-02,2014-01-02,2014-01-03,18071.54,False
CUR_MKT_CAP,CDNS,1,2014-01-02,2014-01-02,2014-01-03,4031.2851,False
CUR_MKT_CAP,MRVL,1,2014-01-02,2014-01-02,2014-01-03,6973.0571,False
CUR_MKT_CAP,KLAC,1,2014-01-02,2014-01-02,2014-01-03,10562.2399,False
CUR_MKT_CAP,BSX,1,2014-01-02,2014-01-02,2014-01-03,15902.4873,False
CUR_MKT_CAP,DLR,1,2014-01-02,2014-01-02,2014-01-03,6501.3136,False
CUR_MKT_CAP,BKNG,1,2014-01-02,2014-01-02,2014-01-03,58907.1886,False
CUR_MKT_CAP,PM,1,2014-01-02,2014-01-02,2014-01-03,137818.3312,False
CUR_MKT_CAP,WMB,1,2014-01-02,2014-01-02,2014-01-03,26161.6394,False
CUR_MKT_CAP,CSCO,1,2014-01-02,2014-01-02,2014-01-03,117625.5889,False
CUR_MKT_CAP,INTC,1,2014-01-02,2014-01-02,2014-01-03,128202.09,False
CUR_MKT_CAP,META,1,2014-01-02,2014-01-02,2014-01-03,137782.0193,False
CUR_MKT_CAP,AAPL,1,2014-01-02,2014-01-02,2014-01-03,497672.0667,False
CUR_MKT_CAP,GS,1,2014-01-02,2014-01-02,2014-01-03,83179.3925,False
CUR_MKT_CAP,COST,1,2014-01-02,2014-01-02,2014-01-03,51803.6974,False
CUR_MKT_CAP,HD,1,2014-01-02,2014-01-02,2014-01-03,115502.7827,False
CUR_MKT_CAP,PG,1,2014-01-02,2014-01-02,2014-01-03,218926.3016,False
CUR_MKT_CAP,MCD,1,2014-01-02,2014-01-02,2014-01-03,95930.8569,False
CUR_MKT_CAP,WMT,1,2014-01-02,2014-01-02,2014-01-03,255334.8049,False
CUR_MKT_CAP,CAT,1,2014-01-02,2014-01-02,2014-01-03,57189.3153,False
CUR_MKT_CAP,HON,1,2014-01-02,2014-01-02,2014-01-03,70871.6409,False
CUR_MKT_CAP,DE,1,2014-01-02,2014-01-02,2014-01-03,33620.4342,False
CUR_MKT_CAP,UNP,1,2014-01-02,2014-01-02,2014-01-03,76965.6244,False
CUR_MKT_CAP,LMT,1,2014-01-02,2014-01-02,2014-01-03,46787.2802,False
CUR_MKT_CAP,ETN,1,2014-01-02,2014-01-02,2014-01-03,35774.7105,False
CUR_MKT_CAP,XOM,1,2014-01-02,2014-01-02,2014-01-03,435759.2388,False
CUR_MKT_CAP,LNG,1,2014-01-02,2014-01-02,2014-01-03,10375.2538,False
CUR_MKT_CAP,FCX,1,2014-01-02,2014-01-02,2014-01-03,39065.7783,False
CUR_MKT_CAP,LIN,1,2014-01-02,2014-01-02,2014-01-03,38120.0607,False
CUR_MKT_CAP,NEE,1,2014-01-02,2014-01-02,2014-01-03,36663.9992,False
CUR_MKT_CAP,AMT,1,2014-01-02,2014-01-02,2014-01-03,31354.1443,False
CUR_MKT_CAP,EQIX,1,2014-01-02,2014-01-02,2014-01-03,8698.9826,False
CUR_MKT_CAP,NVDA,1,2014-01-02,2014-01-02,2014-01-03,9016.9744,False
CUR_MKT_CAP,000660,1,2014-01-02,2014-01-02,2014-01-03,24038.04632035951,False
CUR_MKT_CAP,005930,1,2014-01-02,2014-01-02,2014-01-03,183577.2194659723,False
CUR_MKT_CAP,UNH,1,2014-01-02,2014-01-02,2014-01-03,75073.9574,False
CUR_MKT_CAP,LLY,1,2014-01-02,2014-01-02,2014-01-03,57154.9372,False
CUR_MKT_CAP,ISRG,1,2014-01-02,2014-01-02,2014-01-03,14464.7699,False
CUR_MKT_CAP,ABBV,1,2014-01-02,2014-01-02,2014-01-03,82692.9972,False
CUR_MKT_CAP,REGN,1,2014-01-02,2014-01-02,2014-01-03,27299.3627,False
CUR_MKT_CAP,JPM,1,2014-01-02,2014-01-02,2014-01-03,218822.4039,False
CUR_MKT_CAP,V,1,2014-01-02,2014-01-02,2014-01-03,158652.7629,False
CUR_MKT_CAP,MA,1,2014-01-02,2014-01-02,2014-01-03,100411.7607,False
CUR_MKT_CAP,BLK,1,2014-01-02,2014-01-02,2014-01-03,52265.789,False
CUR_MKT_CAP,SPGI,1,2014-01-02,2014-01-02,2014-01-03,21054.6991,False
CUR_MKT_CAP,CS,1,2014-01-02,2014-01-02,2014-01-03,65102.87746696,False
CUR_MKT_CAP,LSEG,1,2014-01-02,2014-01-02,2014-01-03,7765.81846795,False
CUR_MKT_CAP,C,1,2014-01-02,2014-01-02,2014-01-03,158534.9483,False
CUR_MKT_CAP,BN,1,2014-01-02,2014-01-02,2014-01-03,24238.2725,False
CUR_MKT_CAP,CME,1,2014-01-02,2014-01-02,2014-01-03,26144.3214,False
CUR_MKT_CAP,KKR,1,2014-01-02,2014-01-02,2014-01-03,7108.4962,False
CUR_MKT_CAP,AON,1,2014-01-02,2014-01-02,2014-01-03,24794.3161,False
CUR_MKT_CAP,PGR,1,2014-01-02,2014-01-02,2014-01-03,16031.9005,False
CUR_MKT_CAP,IFX,1,2014-01-02,2014-01-02,2014-01-03,11554.53642176,False
CUR_MKT_CAP,AXP,1,2014-01-02,2014-01-02,2014-01-03,95825.1797,False
CUR_MKT_CAP,SCHW,1,2014-01-02,2014-01-02,2014-01-03,33287.5872,False
CUR_MKT_CAP,MS,1,2014-01-02,2014-01-02,2014-01-03,60550.0943,False
CUR_MKT_CAP,ADI,1,2014-01-02,2014-01-02,2014-01-03,15328.3013,False
CUR_MKT_CAP,NOW,1,2014-01-02,2014-01-02,2014-01-03,7726.2508,False
CUR_MKT_CAP,ACN,1,2014-01-02,2014-01-02,2014-01-03,55006.8969,False
CUR_MKT_CAP,IBM,1,2014-01-02,2014-01-02,2014-01-03,201458.5613,False
CUR_MKT_CAP,HSBA,1,2014-01-02,2014-01-02,2014-01-03,204379.89091918,False
CUR_MKT_CAP,SHEL,1,2014-01-02,2014-01-02,2014-01-03,230313.585669,False
CUR_MKT_CAP,AZN,1,2014-01-02,2014-01-02,2014-01-03,73594.45031206,False
CUR_MKT_CAP,ADBE,1,2014-01-02,2014-01-02,2014-01-03,29638.3197,False
CUR_MKT_CAP,TXN,1,2014-01-02,2014-01-02,2014-01-03,47175.6701,False
CUR_MKT_CAP,QCOM,1,2014-01-02,2014-01-02,2014-01-03,123869.4232,False
CUR_MKT_CAP,RIO,1,2014-01-02,2014-01-02,2014-01-03,105040.74706232,False
CUR_MKT_CAP,NOVOB,1,2014-01-02,2014-01-02,2014-01-03,101271.2152546101,False
CUR_MKT_CAP,SAP,1,2014-01-02,2014-01-02,2014-01-03,104051.90403784,False
CUR_MKT_CAP,RR/,1,2014-01-02,2014-01-02,2014-01-03,39199.66210704,False
CUR_MKT_CAP,MC,1,2014-01-02,2014-01-02,2014-01-03,91112.80991832,False
CUR_MKT_CAP,ASML,1,2014-01-02,2014-01-02,2014-01-03,41394.07167928,False
CUR_MKT_CAP,SU,1,2014-01-02,2014-01-02,2014-01-03,49303.60764672,False
CUR_MKT_CAP,SIE,1,2014-01-02,2014-01-02,2014-01-03,119426.49228,False
CUR_MKT_CAP,RHM,1,2014-01-02,2014-01-02,2014-01-03,2348.85315472,False
CUR_MKT_CAP,ALV,1,2014-01-02,2014-01-02,2014-01-03,79938.160544,False
CUR_MKT_CAP,MPWR,1,2014-01-02,2014-01-02,2014-01-03,1300.1718,False
CUR_MKT_CAP,ORCL,1,2014-01-02,2014-01-02,2014-01-03,170181.9634,False
CUR_MKT_CAP,SNPS,1,2014-01-02,2014-01-02,2014-01-03,6238.5398,False
CUR_MKT_CAP,INTU,1,2014-01-02,2014-01-02,2014-01-03,21631.7343,False
CUR_MKT_CAP,MSI,1,2014-01-02,2014-01-02,2014-01-03,17160.4078,False
CUR_MKT_CAP,APH,1,2014-01-02,2014-01-02,2014-01-03,13887.5808,False
CUR_MKT_CAP,ECL,1,2014-01-02,2014-01-02,2014-01-03,31271.8497,False
CUR_MKT_CAP,ULVR,1,2014-01-02,2014-01-02,2014-01-03,119248.95601158,False
CUR_MKT_CAP,FTNT,1,2014-01-02,2014-01-02,2014-01-03,3109.0125,False
CUR_MKT_CAP,WDC,1,2014-01-02,2014-01-02,2014-01-03,19538.7717,False
CUR_MKT_CAP,WDAY,1,2014-01-02,2014-01-02,2014-01-03,14293.3962,False
CUR_MKT_CAP,DSY,1,2014-01-02,2014-01-02,2014-01-03,15603.96106192,False
CUR_MKT_CAP,IBE,1,2014-01-02,2014-01-02,2014-01-03,39175.70176832,False
CUR_MKT_CAP,AI,1,2014-01-02,2014-01-02,2014-01-03,43054.22914288,False
CUR_MKT_CAP,CMCSA,1,2014-01-02,2014-01-02,2014-01-03,133586.0968,False
CUR_MKT_CAP,VZ,1,2014-01-02,2014-01-02,2014-01-03,140225.7859,False
CUR_MKT_CAP,ITX,1,2014-01-02,2014-01-02,2014-01-03,101072.9718412,False
CUR_MKT_CAP,ABT,1,2014-01-02,2014-01-02,2014-01-03,59110.6781,False
CUR_MKT_CAP,VRTX,1,2014-01-02,2014-01-02,2014-01-03,17258.2695,False
CUR_MKT_CAP,DHR,1,2014-01-02,2014-01-02,2014-01-03,53300.9269,False
CUR_MKT_CAP,SAN,1,2014-01-02,2014-01-02,2014-01-03,136152.34758352,False
CUR_MKT_CAP,GE,1,2014-01-02,2014-01-02,2014-01-03,278227.6514,False
CUR_MKT_CAP,TT,1,2014-01-02,2014-01-02,2014-01-03,17642.4221,False
CUR_MKT_CAP,KO,1,2014-01-02,2014-01-02,2014-01-03,179551.4231,False
CUR_MKT_CAP,PUB,1,2014-01-02,2014-01-02,2014-01-03,19566.8530164,False
CUR_MKT_CAP,TTWO,1,2014-01-02,2014-01-02,2014-01-03,1702.1903,False
CUR_MKT_CAP,T,1,2014-01-02,2014-01-02,2014-01-03,184536.0,False
CUR_MKT_CAP,DTE,1,2014-01-02,2014-01-02,2014-01-03,73545.04228847999,False
CUR_MKT_CAP,TJX,1,2014-01-02,2014-01-02,2014-01-03,45146.9032,False
CUR_MKT_CAP,LOW,1,2014-01-02,2014-01-02,2014-01-03,51705.7858,False
CUR_MKT_CAP,SBUX,1,2014-01-02,2014-01-02,2014-01-03,57985.5399,False
CUR_MKT_CAP,DIS,1,2014-01-02,2014-01-02,2014-01-03,134027.7199,False
CUR_MKT_CAP,ORLY,1,2014-01-02,2014-01-02,2014-01-03,13818.978,False
CUR_MKT_CAP,NKE,1,2014-01-02,2014-01-02,2014-01-03,69598.791,False
CUR_MKT_CAP,MCK,1,2014-01-02,2014-01-02,2014-01-03,36790.5062,False
CUR_MKT_CAP,SYK,1,2014-01-02,2014-01-02,2014-01-03,28241.4059,False
CUR_MKT_CAP,MRK,1,2014-01-02,2014-01-02,2014-01-03,144606.264,False
CUR_MKT_CAP,AMGN,1,2014-01-02,2014-01-02,2014-01-03,87324.0457,False
CUR_MKT_CAP,SAF,1,2014-01-02,2014-01-02,2014-01-03,28673.48879584,False
CUR_MKT_CAP,AIR,1,2014-01-02,2014-01-02,2014-01-03,60525.09989072,False
CUR_MKT_CAP,BNP,1,2014-01-02,2014-01-02,2014-01-03,94497.39431984,False
CUR_MKT_CAP,AXON,1,2014-01-02,2014-01-02,2014-01-03,797.6637,False
CUR_MKT_CAP,EMR,1,2014-01-02,2014-01-02,2014-01-03,48864.5238,False
CUR_MKT_CAP,RTX,1,2014-01-02,2014-01-02,2014-01-03,103218.7958,False
CUR_MKT_CAP,COF,1,2014-01-02,2014-01-02,2014-01-03,44538.8732,False
CUR_MKT_CAP,MUV2,1,2014-01-02,2014-01-02,2014-01-03,38407.39361104,False
CUR_MKT_CAP,ICE,1,2014-01-02,2014-01-02,2014-01-03,25839.6446,False
CUR_MKT_CAP,MCO,1,2014-01-02,2014-01-02,2014-01-03,16633.2208,False
CUR_MKT_CAP,NXPI,1,2014-01-02,2014-01-02,2014-01-03,11056.9257,False
CUR_MKT_CAP,ADSK,1,2014-01-02,2014-01-02,2014-01-03,11061.5503,False
CUR_MKT_CAP,CB,1,2014-01-02,2014-01-02,2014-01-03,34601.6932,False
CUR_MKT_CAP,BRK/B,1,2014-01-02,2014-01-02,2014-01-03,289791.1836,False
CUR_MKT_CAP,SHW,1,2014-01-02,2014-01-02,2014-01-03,18484.1581,False
CUR_MKT_CAP,COHR,1,2014-01-02,2014-01-02,2014-01-03,1086.5205,False
CUR_MKT_CAP,FICO,1,2014-01-02,2014-01-02,2014-01-03,2128.303,False
CUR_MKT_CAP,ON,1,2014-01-02,2014-01-02,2014-01-03,3559.8659,False
CUR_MKT_CAP,VRSN,1,2014-01-02,2014-01-02,2014-01-03,8225.8813,False
CUR_MKT_CAP,SO,1,2014-01-02,2014-01-02,2014-01-03,35878.0424,False
CUR_MKT_CAP,TTE,1,2014-01-02,2014-01-02,2014-01-03,142164.42501152,False
CUR_MKT_CAP,NEM,1,2014-01-02,2014-01-02,2014-01-03,11930.86,False
CUR_MKT_CAP,CVX,1,2014-01-02,2014-01-02,2014-01-03,238742.6929,False
CUR_MKT_CAP,MDLZ,1,2014-01-02,2014-01-02,2014-01-03,61049.342,False
CUR_MKT_CAP,OR,1,2014-01-02,2014-01-02,2014-01-03,104123.95342704,False
CUR_MKT_CAP,PEP,1,2014-01-02,2014-01-02,2014-01-03,125908.5179,False
CUR_MKT_CAP,UCG,1,2014-01-02,2014-01-02,2014-01-03,42648.34847888,False
CUR_MKT_CAP,IBKR,1,2014-01-02,2014-01-02,2014-01-03,9979.313,False
CUR_MKT_CAP,BNY,1,2014-01-02,2014-01-02,2014-01-03,39692.9067,False
CUR_MKT_CAP,MSCI,1,2014-01-02,2014-01-02,2014-01-03,5109.1293,False
CUR_MKT_CAP,MRSH,1,2014-01-02,2014-01-02,2014-01-03,26187.5733,False
CUR_MKT_CAP,APO,1,2014-01-02,2014-01-02,2014-01-03,4643.1766,False
CUR_MKT_CAP,ASM,1,2014-01-02,2014-01-02,2014-01-03,2061.0888636,False
CUR_MKT_CAP,WM,1,2014-01-02,2014-01-02,2014-01-03,20738.0281,False
CUR_MKT_CAP,PH,1,2014-01-02,2014-01-02,2014-01-03,18988.7644,False
CUR_MKT_CAP,GILD,1,2014-01-02,2014-01-02,2014-01-03,115323.1874,False
CUR_MKT_CAP,MDT,1,2014-01-02,2014-01-02,2014-01-03,57145.5666,False
CUR_MKT_CAP,PFE,1,2014-01-02,2014-01-02,2014-01-03,197413.4166,False
CUR_MKT_CAP,HCA,1,2014-01-02,2014-01-02,2014-01-03,21393.2219,False
CUR_MKT_CAP,ZTS,1,2014-01-02,2014-01-02,2014-01-03,16180.2212,False
CUR_MKT_CAP,REL,1,2014-01-02,2014-01-02,2014-01-03,32854.76881312999,False
CUR_MKT_CAP,ADP,1,2014-01-02,2014-01-02,2014-01-03,38446.6312,False
CUR_MKT_CAP,CMG,1,2014-01-02,2014-01-02,2014-01-03,16197.2277,False
CUR_MKT_CAP,RMS,1,2014-01-02,2014-01-02,2014-01-03,37786.77217512,False
CUR_MKT_CAP,GM,1,2014-01-02,2014-01-02,2014-01-03,56878.4753,False
CUR_MKT_CAP,MAR,1,2014-01-02,2014-01-02,2014-01-03,14665.4026,False
CUR_MKT_CAP,LYV,1,2014-01-02,2014-01-02,2014-01-03,3997.7903,False
CUR_MKT_CAP,TKO,1,2014-01-02,2014-01-02,2014-01-03,501.1577,False
CUR_MKT_CAP,MO,1,2014-01-02,2014-01-02,2014-01-03,75967.1357,False
CUR_MKT_CAP,GRMN,1,2014-01-02,2014-01-02,2014-01-03,8775.2193,False
CUR_MKT_CAP,CL,1,2014-01-02,2014-01-02,2014-01-03,59676.8284,False
CUR_MKT_CAP,MNST,1,2014-01-02,2014-01-02,2014-01-03,11197.2165,False
CUR_MKT_CAP,SLB,1,2014-01-02,2014-01-02,2014-01-03,116971.9392,False
CUR_MKT_CAP,COP,1,2014-01-02,2014-01-02,2014-01-03,85487.3911,False
CUR_MKT_CAP,APD,1,2014-01-02,2014-01-02,2014-01-03,23544.5584,False
CUR_MKT_CAP,NRG,1,2014-01-02,2014-01-02,2014-01-03,9243.2367,False
CUR_MKT_CAP,ENEL,1,2014-01-02,2014-01-02,2014-01-03,40291.55107184,False
CUR_MKT_CAP,WELL,1,2014-01-02,2014-01-02,2014-01-03,15455.4285,False
Daily_Returns,SNDK,4061,2014-01-03,2025-02-14,2025-02-15,0.0,False
Daily_Returns,285A,4003,2014-01-03,2024-12-18,2024-12-19,0.0,False
Daily_Returns,GEV,3738,2014-01-03,2024-03-28,2024-03-29,0.0,False
Daily_Returns,RDDT,3731,2014-01-03,2024-03-21,2024-03-22,0.0,False
Daily_Returns,ARM,3542,2014-01-03,2023-09-14,2023-09-15,0.0,False
Daily_Returns,CEG,2940,2014-01-03,2022-01-20,2022-01-21,0.0,False
Daily_Returns,UMG,2820,2014-01-03,2021-09-22,2021-09-23,0.0,False
Daily_Returns,APP,2660,2014-01-03,2021-04-15,2021-04-16,0.0,False
Daily_Returns,RBLX,2624,2014-01-03,2021-03-10,2021-03-11,0.0,False
Daily_Returns,ABNB,2534,2014-01-03,2020-12-10,2020-12-11,0.0,False
Daily_Returns,DASH,2533,2014-01-03,2020-12-09,2020-12-10,0.0,False
Daily_Returns,PLTR,2463,2014-01-03,2020-09-30,2020-10-01,0.0,False
Daily_Returns,SNOW,2449,2014-01-03,2020-09-16,2020-09-17,0.0,False
Daily_Returns,DDOG,2086,2014-01-03,2019-09-19,2019-09-20,0.0,False
Daily_Returns,NET,2080,2014-01-03,2019-09-13,2019-09-14,0.0,False
Daily_Returns,CRWD,1987,2014-01-03,2019-06-12,2019-06-13,0.0,False
Daily_Returns,UBER,1954,2014-01-03,2019-05-10,2019-05-11,0.0,False
Daily_Returns,DELL,1819,2014-01-03,2018-12-26,2018-12-27,0.0,False
Daily_Returns,VRT,1672,2014-01-03,2018-08-01,2018-08-02,0.0,False
Daily_Returns,BE,1665,2014-01-03,2018-07-25,2018-07-26,0.0,False
Daily_Returns,SPOT,1552,2014-01-03,2018-04-03,2018-04-04,0.0,False
Daily_Returns,ZS,1534,2014-01-03,2018-03-16,2018-03-17,0.0,False
Daily_Returns,HWM,1035,2014-01-03,2016-11-02,2016-11-03,0.0,False
Daily_Returns,VST,1007,2014-01-03,2016-10-05,2016-10-06,0.0,False
Daily_Returns,TTD,993,2014-01-03,2016-09-21,2016-09-22,0.0,False
Daily_Returns,TEAM,707,2014-01-03,2015-12-10,2015-12-11,0.0,False
Daily_Returns,RACE,657,2014-01-03,2015-10-21,2015-10-22,0.0,False
Daily_Returns,HPE,656,2014-01-03,2015-10-20,2015-10-21,0.0,False
Daily_Returns,LITE,571,2014-01-03,2015-07-27,2015-07-28,0.0,False
Daily_Returns,PYPL,551,2014-01-03,2015-07-07,2015-07-08,0.0,False
Daily_Returns,KEYS,292,2014-01-03,2014-10-21,2014-10-22,0.0,False
Daily_Returns,ANET,155,2014-01-03,2014-06-06,2014-06-07,0.0,False
Daily_Returns,7974,5,2014-01-03,2014-01-07,2014-01-08,0.0,False
Daily_Returns,6146,5,2014-01-03,2014-01-07,2014-01-08,0.0,False
Daily_Returns,8306,5,2014-01-03,2014-01-07,2014-01-08,0.0,False
Daily_Returns,7011,5,2014-01-03,2014-01-07,2014-01-08,0.0,False
Daily_Returns,9433,5,2014-01-03,2014-01-07,2014-01-08,0.0,False
Daily_Returns,9432,5,2014-01-03,2014-01-07,2014-01-08,0.0,False
Daily_Returns,8316,5,2014-01-03,2014-01-07,2014-01-08,0.0,False
Daily_Returns,4063,5,2014-01-03,2014-01-07,2014-01-08,0.0,False
Daily_Returns,6981,5,2014-01-03,2014-01-07,2014-01-08,0.0,False
Daily_Returns,7203,5,2014-01-03,2014-01-07,2014-01-08,0.0,False
Daily_Returns,6857,5,2014-01-03,2014-01-07,2014-01-08,0.0,False
Daily_Returns,8035,5,2014-01-03,2014-01-07,2014-01-08,0.0,False
Daily_Returns,6758,5,2014-01-03,2014-01-07,2014-01-08,0.0,False
Daily_Returns,NOVN,4,2014-01-03,2014-01-06,2014-01-07,0.0,False
Daily_Returns,ABBN,4,2014-01-03,2014-01-06,2014-01-07,0.0,False
Daily_Returns,ROP,4,2014-01-03,2014-01-06,2014-01-07,0.0,False
Daily_Returns,NESN,4,2014-01-03,2014-01-06,2014-01-07,0.0,False
Daily_Returns,RIO,4,2014-01-03,2014-01-06,2014-01-07,0.0,False
Daily_Returns,ZURN,4,2014-01-03,2014-01-06,2014-01-07,0.0,False
Daily_Returns,UBSG,4,2014-01-03,2014-01-06,2014-01-07,0.0,False
Daily_Returns,CFR,4,2014-01-03,2014-01-06,2014-01-07,0.0,False
Daily_Returns,AVGO,1,2014-01-03,2014-01-03,2014-01-04,0.003798429982273976,False
Daily_Returns,MSFT,1,2014-01-03,2014-01-03,2014-01-04,-0.006727181927675407,False
Daily_Returns,GOOGL,1,2014-01-03,2014-01-03,2014-01-04,-0.007284720208756146,False
Daily_Returns,MU,1,2014-01-03,2014-01-03,2014-01-04,-0.0318625130196003,False
Daily_Returns,AMZN,1,2014-01-03,2014-01-03,2014-01-04,-0.003869541182974112,False
Daily_Returns,PANW,1,2014-01-03,2014-01-03,2014-01-04,0.03190686644389373,False
Daily_Returns,AMAT,1,2014-01-03,2014-01-03,2014-01-04,-0.002279777504412439,False
Daily_Returns,LRCX,1,2014-01-03,2014-01-03,2014-01-04,-0.0001968374778559268,False
Daily_Returns,MPC,1,2014-01-03,2014-01-03,2014-01-04,-0.01363534975738911,False
Daily_Returns,WFC,1,2014-01-03,2014-01-03,2014-01-04,0.007105491900434746,False
Daily_Returns,JNJ,1,2014-01-03,2014-01-03,2014-01-04,0.009008644060402471,False
Daily_Returns,GLW,1,2014-01-03,2014-01-03,2014-01-04,0.006756339853149829,False
Daily_Returns,TER,1,2014-01-03,2014-01-03,2014-01-04,-0.003973101363439979,False
Daily_Returns,NFLX,1,2014-01-03,2014-01-03,2014-01-04,0.0007717538105345145,False
Daily_Returns,CRM,1,2014-01-03,2014-01-03,2014-01-04,0.004740648272505643,False
Daily_Returns,AMD,1,2014-01-03,2014-01-03,2014-01-04,0.01265822784810111,False
Daily_Returns,PLD,1,2014-01-03,2014-01-03,2014-01-04,0.008943395478770766,False
Daily_Returns,TMUS,1,2014-01-03,2014-01-03,2014-01-04,-0.03266518891814907,False
Daily_Returns,EQIX,1,2014-01-03,2014-01-03,2014-01-04,-0.007669035390135748,False
Daily_Returns,BAC,1,2014-01-03,2014-01-03,2014-01-04,0.01925002603519954,False
Daily_Returns,TSM,1,2014-01-03,2014-01-03,2014-01-04,-0.01165548008520556,False
Daily_Returns,TMO,1,2014-01-03,2014-01-03,2014-01-04,0.003829488007905946,False
Daily_Returns,BX,1,2014-01-03,2014-01-03,2014-01-04,0.02461435482398766,False
Daily_Returns,PWR,1,2014-01-03,2014-01-03,2014-01-04,0.001916789182528467,False
Daily_Returns,STX,1,2014-01-03,2014-01-03,2014-01-04,0.02545362370883586,False
Daily_Returns,CDNS,1,2014-01-03,2014-01-03,2014-01-04,0.01142041399000715,False
Daily_Returns,MRVL,1,2014-01-03,2014-01-03,2014-01-04,-0.0007022864211324586,False
Daily_Returns,KLAC,1,2014-01-03,2014-01-03,2014-01-04,0.001501125844383333,False
Daily_Returns,BSX,1,2014-01-03,2014-01-03,2014-01-04,0.001679261125104858,False
Daily_Returns,DLR,1,2014-01-03,2014-01-03,2014-01-04,0.007277115958907121,False
Daily_Returns,BKNG,1,2014-01-03,2014-01-03,2014-01-04,-0.01112699973187947,False
Daily_Returns,PM,1,2014-01-03,2014-01-03,2014-01-04,-0.005696138397621509,False
Daily_Returns,FN,1,2014-01-03,2014-01-03,2014-01-04,-0.006605691056910556,False
Daily_Returns,CSCO,1,2014-01-03,2014-01-03,2014-01-04,-0.0009045139235286381,False
Daily_Returns,INTC,1,2014-01-03,2014-01-03,2014-01-04,-0.0003858125263942469,False
Daily_Returns,META,1,2014-01-03,2014-01-03,2014-01-04,-0.002804893801553798,False
Daily_Returns,AAPL,1,2014-01-03,2014-01-03,2014-01-04,-0.02196935161482616,False
Daily_Returns,GS,1,2014-01-03,2014-01-03,2014-01-04,0.007123814202833811,False
Daily_Returns,COST,1,2014-01-03,2014-01-03,2014-01-04,-0.00441867183069955,False
Daily_Returns,HD,1,2014-01-03,2014-01-03,2014-01-04,-0.001581418334568707,False
Daily_Returns,PG,1,2014-01-03,2014-01-03,2014-01-04,-0.001116067455330549,False
Daily_Returns,MCD,1,2014-01-03,2014-01-03,2014-01-04,0.00135712635712637,False
Daily_Returns,WMT,1,2014-01-03,2014-01-03,2014-01-04,-0.003293387110814505,False
Daily_Returns,CAT,1,2014-01-03,2014-01-03,2014-01-04,-0.0005484126500517883,False
Daily_Returns,HON,1,2014-01-03,2014-01-03,2014-01-04,0.002213380935554898,False
Daily_Returns,DE,1,2014-01-03,2014-01-03,2014-01-04,0.004431001679571223,False
Daily_Returns,UNP,1,2014-01-03,2014-01-03,2014-01-04,-0.001555473540317931,False
Daily_Returns,LMT,1,2014-01-03,2014-01-03,2014-01-04,0.006780317706315486,False
Daily_Returns,ETN,1,2014-01-03,2014-01-03,2014-01-04,0.002914516675984746,False
Daily_Returns,XOM,1,2014-01-03,2014-01-03,2014-01-04,-0.002405260221513106,False
Daily_Returns,LNG,1,2014-01-03,2014-01-03,2014-01-04,-0.02463751630601829,False
Daily_Returns,FCX,1,2014-01-03,2014-01-03,2014-01-04,-0.00824064966835647,False
Daily_Returns,LIN,1,2014-01-03,2014-01-03,2014-01-04,0.001389222395159484,False
Daily_Returns,NEE,1,2014-01-03,2014-01-03,2014-01-04,0.001311139360137492,False
Daily_Returns,AMT,1,2014-01-03,2014-01-03,2014-01-04,0.002900391295393545,False
Daily_Returns,TSLA,1,2014-01-03,2014-01-03,2014-01-04,-0.00359758961495793,False
Daily_Returns,NVDA,1,2014-01-03,2014-01-03,2014-01-04,-0.01206434316353888,False
Daily_Returns,000660,1,2014-01-03,2014-01-03,2014-01-04,0.02109112279212511,False
Daily_Returns,005930,1,2014-01-03,2014-01-03,2014-01-04,-0.009910502098397167,False
Daily_Returns,UNH,1,2014-01-03,2014-01-03,2014-01-04,0.007113720027857928,False
Daily_Returns,LLY,1,2014-01-03,2014-01-03,2014-01-04,0.007283248528384689,False
Daily_Returns,ISRG,1,2014-01-03,2014-01-03,2014-01-04,-0.01723456006517721,False
Daily_Returns,ABBV,1,2014-01-03,2014-01-03,2014-01-04,0.006157792232589498,False
Daily_Returns,REGN,1,2014-01-03,2014-01-03,2014-01-04,-0.01034467546981155,False
Daily_Returns,JPM,1,2014-01-03,2014-01-03,2014-01-04,0.007730645273204662,False
Daily_Returns,V,1,2014-01-03,2014-01-03,2014-01-04,0.0006776490728888085,False
Daily_Returns,MA,1,2014-01-03,2014-01-03,2014-01-04,-0.003991705546915414,False
Daily_Returns,BLK,1,2014-01-03,2014-01-03,2014-01-04,0.00438093570834619,False
Daily_Returns,SPGI,1,2014-01-03,2014-01-03,2014-01-04,-0.002708391370291441,False
Daily_Returns,CS,1,2014-01-03,2014-01-03,2014-01-04,0.003805629497677154,False
Daily_Returns,LSEG,1,2014-01-03,2014-01-03,2014-01-04,0.006892947243997138,False
Daily_Returns,C,1,2014-01-03,2014-01-03,2014-01-04,0.02161761559057007,False
Daily_Returns,BN,1,2014-01-03,2014-01-03,2014-01-04,0.003627492304351554,False
Daily_Returns,CME,1,2014-01-03,2014-01-03,2014-01-04,0.01592410638658315,False
Daily_Returns,KKR,1,2014-01-03,2014-01-03,2014-01-04,0.02148322542672165,False
Daily_Returns,AON,1,2014-01-03,2014-01-03,2014-01-04,0.002914455313973274,False
Daily_Returns,PGR,1,2014-01-03,2014-01-03,2014-01-04,-0.01422106585721117,False
Daily_Returns,IFX,1,2014-01-03,2014-01-03,2014-01-04,0.01636586111960825,False
Daily_Returns,AXP,1,2014-01-03,2014-01-03,2014-01-04,0.003242072525869277,False
Daily_Returns,SCHW,1,2014-01-03,2014-01-03,2014-01-04,0.003098502615912047,False
Daily_Returns,MS,1,2014-01-03,2014-01-03,2014-01-04,0.0154685428320156,False
Daily_Returns,ADI,1,2014-01-03,2014-01-03,2014-01-04,0.006696505104799133,False
Daily_Returns,NOW,1,2014-01-03,2014-01-03,2014-01-04,-0.008976660682226356,False
Daily_Returns,ACN,1,2014-01-03,2014-01-03,2014-01-04,0.003329212195857689,False
Daily_Returns,IBM,1,2014-01-03,2014-01-03,2014-01-04,0.005983128044527497,False
Daily_Returns,SAP,1,2014-01-03,2014-01-03,2014-01-04,0.0004762282720851552,False
Daily_Returns,SHEL,1,2014-01-03,2014-01-03,2014-01-04,0.001391108454048551,False
Daily_Returns,AZN,1,2014-01-03,2014-01-03,2014-01-04,0.007728959091789944,False
Daily_Returns,ADBE,1,2014-01-03,2014-01-03,2014-01-04,-0.00219261258222303,False
Daily_Returns,TXN,1,2014-01-03,2014-01-03,2014-01-04,0.004410136104794793,False
Daily_Returns,QCOM,1,2014-01-03,2014-01-03,2014-01-04,-0.005864898428160847,False
Daily_Returns,NOVOB,1,2014-01-03,2014-01-03,2014-01-04,0.01990641711229957,False
Daily_Returns,HSBA,1,2014-01-03,2014-01-03,2014-01-04,-0.005001197256312762,False
Daily_Returns,MC,1,2014-01-03,2014-01-03,2014-01-04,-0.001925751578046309,False
Daily_Returns,RR/,1,2014-01-03,2014-01-03,2014-01-04,0.003948351576325448,False
Daily_Returns,ASML,1,2014-01-03,2014-01-03,2014-01-04,-0.0001501952538299767,False
Daily_Returns,WMB,1,2014-01-03,2014-01-03,2014-01-04,-0.006533509494572765,False
Daily_Returns,SU,1,2014-01-03,2014-01-03,2014-01-04,0.0008022507466933781,False
Daily_Returns,SIE,1,2014-01-03,2014-01-03,2014-01-04,0.005549041304024671,False
Daily_Returns,RHM,1,2014-01-03,2014-01-03,2014-01-04,0.01116734047666146,False
Daily_Returns,ALV,1,2014-01-03,2014-01-03,2014-01-04,-0.001012936648047802,False
Daily_Returns,MPWR,1,2014-01-03,2014-01-03,2014-01-04,0.007050373933383813,False
Daily_Returns,ORCL,1,2014-01-03,2014-01-03,2014-01-04,-0.002653643742752565,False
Daily_Returns,SNPS,1,2014-01-03,2014-01-03,2014-01-04,0.004948045522018774,False
Daily_Returns,INTU,1,2014-01-03,2014-01-03,2014-01-04,-0.001836237036166533,False
Daily_Returns,MSI,1,2014-01-03,2014-01-03,2014-01-04,-0.001960497276984108,False
Daily_Returns,APH,1,2014-01-03,2014-01-03,2014-01-04,0.003652480814215986,False
Daily_Returns,ECL,1,2014-01-03,2014-01-03,2014-01-04,0.001251672589034802,False
Daily_Returns,ULVR,1,2014-01-03,2014-01-03,2014-01-04,0.00369454001654157,False
Daily_Returns,FTNT,1,2014-01-03,2014-01-03,2014-01-04,0.01314405888538395,False
Daily_Returns,WDC,1,2014-01-03,2014-01-03,2014-01-04,0.007257848083048968,False
Daily_Returns,WDAY,1,2014-01-03,2014-01-03,2014-01-04,0.008560596795891051,False
Daily_Returns,DSY,1,2014-01-03,2014-01-03,2014-01-04,0.001554497800807297,False
Daily_Returns,IBE,1,2014-01-03,2014-01-03,2014-01-04,0.004172139380359985,False
Daily_Returns,AI,1,2014-01-03,2014-01-03,2014-01-04,0.005943769749114924,False
Daily_Returns,CMCSA,1,2014-01-03,2014-01-03,2014-01-04,-0.007387349935676579,False
Daily_Returns,VZ,1,2014-01-03,2014-01-03,2014-01-04,-0.01183675407086227,False
Daily_Returns,ITX,1,2014-01-03,2014-01-03,2014-01-04,0.002527445080105162,False
Daily_Returns,ABT,1,2014-01-03,2014-01-03,2014-01-04,0.01072336538364671,False
Daily_Returns,VRTX,1,2014-01-03,2014-01-03,2014-01-04,-0.005146959230664994,False
Daily_Returns,DHR,1,2014-01-03,2014-01-03,2014-01-04,0.001437158674814532,False
Daily_Returns,SAN,1,2014-01-03,2014-01-03,2014-01-04,0.01382773219838418,False
Daily_Returns,GE,1,2014-01-03,2014-01-03,2014-01-04,-0.0007276958452999693,False
Daily_Returns,TT,1,2014-01-03,2014-01-03,2014-01-04,0.001306283352259241,False
Daily_Returns,KO,1,2014-01-03,2014-01-03,2014-01-04,-0.004917865076581318,False
Daily_Returns,PUB,1,2014-01-03,2014-01-03,2014-01-04,-0.007745893482256738,False
Daily_Returns,TTWO,1,2014-01-03,2014-01-03,2014-01-04,0.005704506560182399,False
Daily_Returns,T,1,2014-01-03,2014-01-03,2014-01-04,-0.00429593895825453,False
Daily_Returns,DTE,1,2014-01-03,2014-01-03,2014-01-04,0.01399709494255896,False
Daily_Returns,TJX,1,2014-01-03,2014-01-03,2014-01-04,0.001890422855773899,False
Daily_Returns,LOW,1,2014-01-03,2014-01-03,2014-01-04,-0.009910805300713532,False
Daily_Returns,SBUX,1,2014-01-03,2014-01-03,2014-01-04,-0.002851942760774051,False
Daily_Returns,DIS,1,2014-01-03,2014-01-03,2014-01-04,-0.002098262761860314,False
Daily_Returns,ORLY,1,2014-01-03,2014-01-03,2014-01-04,0.002213420316868664,False
Daily_Returns,NKE,1,2014-01-03,2014-01-03,2014-01-04,-0.002686467036652984,False
Daily_Returns,MCK,1,2014-01-03,2014-01-03,2014-01-04,0.003432478632478642,False
Daily_Returns,SYK,1,2014-01-03,2014-01-03,2014-01-04,0.002814185863972085,False
Daily_Returns,MRK,1,2014-01-03,2014-01-03,2014-01-04,0.004850287377958562,False
Daily_Returns,AMGN,1,2014-01-03,2014-01-03,2014-01-04,-0.01143526799481887,False
Daily_Returns,SAF,1,2014-01-03,2014-01-03,2014-01-04,0.0180936648874328,False
Daily_Returns,AIR,1,2014-01-03,2014-01-03,2014-01-04,-0.002652758998132887,False
Daily_Returns,BNP,1,2014-01-03,2014-01-03,2014-01-04,0.002518131255371925,False
Daily_Returns,AXON,1,2014-01-03,2014-01-03,2014-01-04,0.01885565669700906,False
Daily_Returns,EMR,1,2014-01-03,2014-01-03,2014-01-04,0.001010424923008069,False
Daily_Returns,RTX,1,2014-01-03,2014-01-03,2014-01-04,0.003636730982927494,False
Daily_Returns,COF,1,2014-01-03,2014-01-03,2014-01-04,0.001164626539840841,False
Daily_Returns,MUV2,1,2014-01-03,2014-01-03,2014-01-04,-0.01238311293089134,False
Daily_Returns,ICE,1,2014-01-03,2014-01-03,2014-01-04,0.005683901723505747,False
Daily_Returns,MCO,1,2014-01-03,2014-01-03,2014-01-04,0.006596473423823301,False
Daily_Returns,NXPI,1,2014-01-03,2014-01-03,2014-01-04,-0.008194912768437201,False
Daily_Returns,ADSK,1,2014-01-03,2014-01-03,2014-01-04,-0.007106598984771617,False
Daily_Returns,CB,1,2014-01-03,2014-01-03,2014-01-04,-0.002552922590837281,False
Daily_Returns,BRK/B,1,2014-01-03,2014-01-03,2014-01-04,0.0005957446808511069,False
Daily_Returns,SHW,1,2014-01-03,2014-01-03,2014-01-04,0.00215201380257124,False
Daily_Returns,COHR,1,2014-01-03,2014-01-03,2014-01-04,-0.002302820955670803,False
Daily_Returns,FICO,1,2014-01-03,2014-01-03,2014-01-04,0.0003258390355163066,False
Daily_Returns,ON,1,2014-01-03,2014-01-03,2014-01-04,0.004993757802746579,False
Daily_Returns,VRSN,1,2014-01-03,2014-01-03,2014-01-04,-0.002999146735968239,False
Daily_Returns,SO,1,2014-01-03,2014-01-03,2014-01-04,-0.005408501962898771,False
Daily_Returns,TTE,1,2014-01-03,2014-01-03,2014-01-04,0.002970278117359504,False
Daily_Returns,NEM,1,2014-01-03,2014-01-03,2014-01-04,-0.001667436113298781,False
Daily_Returns,CVX,1,2014-01-03,2014-01-03,2014-01-04,0.001692731430488648,False
Daily_Returns,MDLZ,1,2014-01-03,2014-01-03,2014-01-04,-0.001724606036503595,False
Daily_Returns,OR,1,2014-01-03,2014-01-03,2014-01-04,0.007558362978802968,False
Daily_Returns,PEP,1,2014-01-03,2014-01-03,2014-01-04,0.001705994325324145,False
Daily_Returns,UCG,1,2014-01-03,2014-01-03,2014-01-04,0.009286100329189972,False
Daily_Returns,IBKR,1,2014-01-03,2014-01-03,2014-01-04,0.004493368221600624,False
Daily_Returns,BNY,1,2014-01-03,2014-01-03,2014-01-04,0.0115756534832836,False
Daily_Returns,MSCI,1,2014-01-03,2014-01-03,2014-01-04,0.0004623282211524415,False
Daily_Returns,MRSH,1,2014-01-03,2014-01-03,2014-01-04,0.002723605640960525,False
Daily_Returns,APO,1,2014-01-03,2014-01-03,2014-01-04,0.02599782260799199,False
Daily_Returns,ASM,1,2014-01-03,2014-01-03,2014-01-04,0.001022604951560924,False
Daily_Returns,WM,1,2014-01-03,2014-01-03,2014-01-04,-0.0002262696075838733,False
Daily_Returns,PH,1,2014-01-03,2014-01-03,2014-01-04,7.822406268731541e-05,False
Daily_Returns,GILD,1,2014-01-03,2014-01-03,2014-01-04,-0.01183346646145456,False
Daily_Returns,MDT,1,2014-01-03,2014-01-03,2014-01-04,0.01921667341781919,False
Daily_Returns,PFE,1,2014-01-03,2014-01-03,2014-01-04,0.001966839564656819,False
Daily_Returns,HCA,1,2014-01-03,2014-01-03,2014-01-04,0.02093499240945573,False
Daily_Returns,ZTS,1,2014-01-03,2014-01-03,2014-01-04,-0.009580718502137264,False
Daily_Returns,REL,1,2014-01-03,2014-01-03,2014-01-04,-0.002771497885700192,False
Daily_Returns,ADP,1,2014-01-03,2014-01-03,2014-01-04,0.01089385421828326,False
Daily_Returns,CMG,1,2014-01-03,2014-01-03,2014-01-04,0.01499665679625561,False
Daily_Returns,RMS,1,2014-01-03,2014-01-03,2014-01-04,0.004011733994534694,False
Daily_Returns,GM,1,2014-01-03,2014-01-03,2014-01-04,-0.03369901306030421,False
Daily_Returns,MAR,1,2014-01-03,2014-01-03,2014-01-04,-0.006331151908264276,False
Daily_Returns,LYV,1,2014-01-03,2014-01-03,2014-01-04,0.0139581256231307,False
Daily_Returns,TKO,1,2014-01-03,2014-01-03,2014-01-04,-0.006873091884017524,False
Daily_Returns,MO,1,2014-01-03,2014-01-03,2014-01-04,-0.004746593171030544,False
Daily_Returns,GRMN,1,2014-01-03,2014-01-03,2014-01-04,0.0362654171587895,False
Daily_Returns,CL,1,2014-01-03,2014-01-03,2014-01-04,-0.001865819935825797,False
Daily_Returns,MNST,1,2014-01-03,2014-01-03,2014-01-04,0.01114106019766381,False
Daily_Returns,SLB,1,2014-01-03,2014-01-03,2014-01-04,-0.005292598285451589,False
Daily_Returns,COP,1,2014-01-03,2014-01-03,2014-01-04,0.002581096130092497,False
Daily_Returns,APD,1,2014-01-03,2014-01-03,2014-01-04,-0.001973196313168835,False
Daily_Returns,NRG,1,2014-01-03,2014-01-03,2014-01-04,0.002800991615422577,False
Daily_Returns,ENEL,1,2014-01-03,2014-01-03,2014-01-04,0.01401558629855626,False
Daily_Returns,WELL,1,2014-01-03,2014-01-03,2014-01-04,-0.009151031623455208,False
EQY_REC_CONS,285A,4181,2014-01-01,2025-06-12,2025-06-13,3.0,False
EQY_REC_CONS,SNDK,4073,2014-01-01,2025-02-24,2025-02-25,1.0,False
EQY_REC_CONS,GEV,3745,2014-01-01,2024-04-02,2024-04-03,4.0,False
EQY_REC_CONS,RDDT,3738,2014-01-01,2024-03-26,2024-03-27,3.0,False
EQY_REC_CONS,TKO,3663,2014-01-01,2024-01-11,2024-01-12,5.0,False
EQY_REC_CONS,ARM,3543,2014-01-01,2023-09-13,2023-09-14,5.0,False
EQY_REC_CONS,CEG,2947,2014-01-01,2022-01-25,2022-01-26,3.0,False
EQY_REC_CONS,UMG,2821,2014-01-01,2021-09-21,2021-09-22,5.0,False
EQY_REC_CONS,RBLX,2750,2014-01-01,2021-07-12,2021-07-13,5.0,False
EQY_REC_CONS,APP,2730,2014-01-01,2021-06-22,2021-06-23,4.8,False
EQY_REC_CONS,ABNB,2535,2014-01-01,2020-12-09,2020-12-10,5.0,False
EQY_REC_CONS,DASH,2534,2014-01-01,2020-12-08,2020-12-09,5.0,False
EQY_REC_CONS,PLTR,2508,2014-01-01,2020-11-12,2020-11-13,3.667,False
EQY_REC_CONS,SNOW,2456,2014-01-01,2020-09-21,2020-09-22,5.0,False
EQY_REC_CONS,AON,2281,2014-01-01,2020-03-30,2020-03-31,5.0,False
EQY_REC_CONS,VRT,2276,2014-01-01,2020-03-25,2020-03-26,5.0,False
EQY_REC_CONS,DDOG,2135,2014-01-01,2019-11-05,2019-11-06,3.909,False
EQY_REC_CONS,NET,2133,2014-01-01,2019-11-03,2019-11-04,4.417,False
EQY_REC_CONS,CRWD,2093,2014-01-01,2019-09-24,2019-09-25,4.313,False
EQY_REC_CONS,UBER,1948,2014-01-01,2019-05-02,2019-05-03,4.333,False
EQY_REC_CONS,DELL,1834,2014-01-01,2019-01-08,2019-01-09,5.0,False
EQY_REC_CONS,LIN,1763,2014-01-01,2018-10-29,2018-10-30,3.0,False
EQY_REC_CONS,BE,1699,2014-01-01,2018-08-26,2018-08-27,3.444,False
EQY_REC_CONS,ZS,1560,2014-01-01,2018-04-09,2018-04-10,5.0,False
EQY_REC_CONS,SPOT,1553,2014-01-01,2018-04-02,2018-04-03,5.0,False
EQY_REC_CONS,VST,1188,2014-01-01,2017-04-02,2017-04-03,5.0,False
EQY_REC_CONS,BRK/B,1098,2014-01-01,2017-01-02,2017-01-03,5.0,False
EQY_REC_CONS,HWM,1024,2014-01-01,2016-10-20,2016-10-21,5.0,False
EQY_REC_CONS,TTD,1008,2014-01-01,2016-10-04,2016-10-05,4.0,False
EQY_REC_CONS,TEAM,758,2014-01-01,2016-01-28,2016-01-29,4.25,False
EQY_REC_CONS,RACE,684,2014-01-01,2015-11-15,2015-11-16,3.0,False
EQY_REC_CONS,HPE,663,2014-01-01,2015-10-25,2015-10-26,5.0,False
EQY_REC_CONS,LITE,575,2014-01-01,2015-07-29,2015-07-30,5.0,False
EQY_REC_CONS,PYPL,554,2014-01-01,2015-07-08,2015-07-09,4.0,False
EQY_REC_CONS,KEYS,306,2014-01-01,2014-11-02,2014-11-03,3.0,False
EQY_REC_CONS,AMT,245,2014-01-01,2014-09-02,2014-09-03,5.0,False
EQY_REC_CONS,PWR,169,2014-01-01,2014-06-18,2014-06-19,4.706,False
EQY_REC_CONS,ANET,163,2014-01-01,2014-06-12,2014-06-13,5.0,False
EQY_REC_CONS,COHR,149,2014-01-01,2014-05-29,2014-05-30,3.8,False
EQY_REC_CONS,ABBV,126,2014-01-01,2014-05-06,2014-05-07,4.067,False
EQY_REC_CONS,FN,125,2014-01-01,2014-05-05,2014-05-06,4.714,False
EQY_REC_CONS,TSM,117,2014-01-01,2014-04-27,2014-04-28,3.857,False
EQY_REC_CONS,AXON,100,2014-01-01,2014-04-10,2014-04-11,4.0,False
EQY_REC_CONS,9432,90,2014-01-01,2014-03-31,2014-04-01,4.067,False
EQY_REC_CONS,HCA,89,2014-01-01,2014-03-30,2014-03-31,4.68,False
EQY_REC_CONS,HD,89,2014-01-01,2014-03-30,2014-03-31,4.071,False
EQY_REC_CONS,6146,78,2014-01-01,2014-03-19,2014-03-20,4.0,False
EQY_REC_CONS,BNY,69,2014-01-01,2014-03-10,2014-03-11,3.348,False
EQY_REC_CONS,EMR,64,2014-01-01,2014-03-05,2014-03-06,3.643,False
EQY_REC_CONS,8306,64,2014-01-01,2014-03-05,2014-03-06,4.611,False
EQY_REC_CONS,MPWR,58,2014-01-01,2014-02-27,2014-02-28,4.333,False
EQY_REC_CONS,REL,54,2014-01-01,2014-02-23,2014-02-24,3.72,False
EQY_REC_CONS,AMD,50,2014-01-01,2014-02-19,2014-02-20,2.857,False
EQY_REC_CONS,EQIX,50,2014-01-01,2014-02-19,2014-02-20,4.7,False
EQY_REC_CONS,CAT,49,2014-01-01,2014-02-18,2014-02-19,3.577,False
EQY_REC_CONS,DE,49,2014-01-01,2014-02-18,2014-02-19,2.792,False
EQY_REC_CONS,NRG,47,2014-01-01,2014-02-16,2014-02-17,4.667,False
EQY_REC_CONS,NEE,47,2014-01-01,2014-02-16,2014-02-17,4.28,False
EQY_REC_CONS,AVGO,43,2014-01-01,2014-02-12,2014-02-13,4.611,False
EQY_REC_CONS,MCO,42,2014-01-01,2014-02-11,2014-02-12,4.091,False
EQY_REC_CONS,FICO,42,2014-01-01,2014-02-11,2014-02-12,3.667,False
EQY_REC_CONS,PGR,42,2014-01-01,2014-02-11,2014-02-12,2.435,False
EQY_REC_CONS,BKNG,40,2014-01-01,2014-02-09,2014-02-10,4.724,False
EQY_REC_CONS,TMUS,40,2014-01-01,2014-02-09,2014-02-10,3.96,False
EQY_REC_CONS,RHM,40,2014-01-01,2014-02-09,2014-02-10,3.654,False
EQY_REC_CONS,6758,37,2014-01-01,2014-02-06,2014-02-07,3.682,False
EQY_REC_CONS,LOW,37,2014-01-01,2014-02-06,2014-02-07,4.077,False
EQY_REC_CONS,NXPI,37,2014-01-01,2014-02-06,2014-02-07,4.438,False
EQY_REC_CONS,ICE,37,2014-01-01,2014-02-06,2014-02-07,4.5,False
EQY_REC_CONS,ETN,35,2014-01-01,2014-02-04,2014-02-05,4.583,False
EQY_REC_CONS,ADBE,34,2014-01-01,2014-02-03,2014-02-04,4.227,False
EQY_REC_CONS,NESN,33,2014-01-01,2014-02-02,2014-02-03,3.868,False
EQY_REC_CONS,LRCX,33,2014-01-01,2014-02-02,2014-02-03,4.778,False
EQY_REC_CONS,AMAT,33,2014-01-01,2014-02-02,2014-02-03,3.773,False
EQY_REC_CONS,CS,33,2014-01-01,2014-02-02,2014-02-03,4.206,False
EQY_REC_CONS,T,30,2014-01-01,2014-01-30,2014-01-31,3.378,False
EQY_REC_CONS,MNST,30,2014-01-01,2014-01-30,2014-01-31,4.167,False
EQY_REC_CONS,SNPS,29,2014-01-01,2014-01-29,2014-01-30,4.778,False
EQY_REC_CONS,KO,29,2014-01-01,2014-01-29,2014-01-30,4.231,False
EQY_REC_CONS,PEP,29,2014-01-01,2014-01-29,2014-01-30,4.273,False
EQY_REC_CONS,MO,28,2014-01-01,2014-01-28,2014-01-29,4.125,False
EQY_REC_CONS,ADP,28,2014-01-01,2014-01-28,2014-01-29,3.615,False
EQY_REC_CONS,SO,28,2014-01-01,2014-01-28,2014-01-29,2.826,False
EQY_REC_CONS,WMT,28,2014-01-01,2014-01-28,2014-01-29,3.839,False
EQY_REC_CONS,ACN,28,2014-01-01,2014-01-28,2014-01-29,4.074,False
EQY_REC_CONS,APD,28,2014-01-01,2014-01-28,2014-01-29,3.583,False
EQY_REC_CONS,DLR,28,2014-01-01,2014-01-28,2014-01-29,3.579,False
EQY_REC_CONS,6857,27,2014-01-01,2014-01-27,2014-01-28,2.294,False
EQY_REC_CONS,IBKR,27,2014-01-01,2014-01-27,2014-01-28,4.2,False
EQY_REC_CONS,KKR,27,2014-01-01,2014-01-27,2014-01-28,4.571,False
EQY_REC_CONS,6981,26,2014-01-01,2014-01-26,2014-01-27,4.227,False
EQY_REC_CONS,9433,26,2014-01-01,2014-01-26,2014-01-27,4.722,False
EQY_REC_CONS,MA,26,2014-01-01,2014-01-26,2014-01-27,4.333,False
EQY_REC_CONS,KLAC,23,2014-01-01,2014-01-23,2014-01-24,4.167,False
EQY_REC_CONS,8035,23,2014-01-01,2014-01-23,2014-01-24,3.933,False
EQY_REC_CONS,MCK,23,2014-01-01,2014-01-23,2014-01-24,4.444,False
EQY_REC_CONS,APH,22,2014-01-01,2014-01-22,2014-01-23,4.0,False
EQY_REC_CONS,7011,22,2014-01-01,2014-01-22,2014-01-23,4.412,False
EQY_REC_CONS,PH,22,2014-01-01,2014-01-22,2014-01-23,4.263,False
EQY_REC_CONS,GLW,21,2014-01-01,2014-01-21,2014-01-22,3.947,False
EQY_REC_CONS,PANW,21,2014-01-01,2014-01-21,2014-01-22,4.083,False
EQY_REC_CONS,7203,21,2014-01-01,2014-01-21,2014-01-22,4.769,False
EQY_REC_CONS,BNP,20,2014-01-01,2014-01-20,2014-01-21,4.314,False
EQY_REC_CONS,VZ,20,2014-01-01,2014-01-20,2014-01-21,4.294,False
EQY_REC_CONS,MAR,20,2014-01-01,2014-01-20,2014-01-21,3.867,False
EQY_REC_CONS,TJX,20,2014-01-01,2014-01-20,2014-01-21,4.129,False
EQY_REC_CONS,ISRG,20,2014-01-01,2014-01-20,2014-01-21,3.45,False
EQY_REC_CONS,COST,20,2014-01-01,2014-01-20,2014-01-21,4.0,False
EQY_REC_CONS,MSI,20,2014-01-01,2014-01-20,2014-01-21,3.286,False
EQY_REC_CONS,DSY,19,2014-01-01,2014-01-19,2014-01-20,3.286,False
EQY_REC_CONS,BN,16,2014-01-01,2014-01-16,2014-01-17,4.0,False
EQY_REC_CONS,TTWO,15,2014-01-01,2014-01-15,2014-01-16,4.263,False
EQY_REC_CONS,PM,15,2014-01-01,2014-01-15,2014-01-16,4.238,False
EQY_REC_CONS,NKE,15,2014-01-01,2014-01-15,2014-01-16,4.034,False
EQY_REC_CONS,SPGI,15,2014-01-01,2014-01-15,2014-01-16,4.667,False
EQY_REC_CONS,ZURN,15,2014-01-01,2014-01-15,2014-01-16,3.629,False
EQY_REC_CONS,APO,14,2014-01-01,2014-01-14,2014-01-15,4.625,False
EQY_REC_CONS,WDC,14,2014-01-01,2014-01-14,2014-01-15,3.889,False
EQY_REC_CONS,CMCSA,14,2014-01-01,2014-01-14,2014-01-15,4.636,False
EQY_REC_CONS,TER,14,2014-01-01,2014-01-14,2014-01-15,4.533,False
EQY_REC_CONS,CSCO,14,2014-01-01,2014-01-14,2014-01-15,3.884,False
EQY_REC_CONS,ALV,14,2014-01-01,2014-01-14,2014-01-15,4.237,False
EQY_REC_CONS,ON,13,2014-01-01,2014-01-13,2014-01-14,4.05,False
EQY_REC_CONS,DHR,13,2014-01-01,2014-01-13,2014-01-14,4.68,False
EQY_REC_CONS,DTE,13,2014-01-01,2014-01-13,2014-01-14,3.308,False
EQY_REC_CONS,META,13,2014-01-01,2014-01-13,2014-01-14,4.689,False
EQY_REC_CONS,AMZN,13,2014-01-01,2014-01-13,2014-01-14,4.533,False
EQY_REC_CONS,TSLA,13,2014-01-01,2014-01-13,2014-01-14,3.4,False
EQY_REC_CONS,WFC,13,2014-01-01,2014-01-13,2014-01-14,3.85,False
EQY_REC_CONS,QCOM,13,2014-01-01,2014-01-13,2014-01-14,4.467,False
EQY_REC_CONS,INTC,13,2014-01-01,2014-01-13,2014-01-14,3.449,False
EQY_REC_CONS,FCX,13,2014-01-01,2014-01-13,2014-01-14,4.167,False
EQY_REC_CONS,SAF,12,2014-01-01,2014-01-12,2014-01-13,4.25,False
EQY_REC_CONS,MRSH,12,2014-01-01,2014-01-12,2014-01-13,4.182,False
EQY_REC_CONS,FTNT,12,2014-01-01,2014-01-12,2014-01-13,4.154,False
EQY_REC_CONS,CB,12,2014-01-01,2014-01-12,2014-01-13,4.296,False
EQY_REC_CONS,GM,12,2014-01-01,2014-01-12,2014-01-13,4.524,False
EQY_REC_CONS,ENEL,12,2014-01-01,2014-01-12,2014-01-13,3.438,False
EQY_REC_CONS,IBM,12,2014-01-01,2014-01-12,2014-01-13,3.433,False
EQY_REC_CONS,IBE,12,2014-01-01,2014-01-12,2014-01-13,2.606,False
EQY_REC_CONS,AIR,12,2014-01-01,2014-01-12,2014-01-13,4.357,False
EQY_REC_CONS,IFX,12,2014-01-01,2014-01-12,2014-01-13,3.882,False
EQY_REC_CONS,V,12,2014-01-01,2014-01-12,2014-01-13,4.306,False
EQY_REC_CONS,MPC,9,2014-01-01,2014-01-09,2014-01-10,4.263,False
EQY_REC_CONS,MRVL,9,2014-01-01,2014-01-09,2014-01-10,3.467,False
EQY_REC_CONS,SAP,9,2014-01-01,2014-01-09,2014-01-10,4.39,False
EQY_REC_CONS,GRMN,9,2014-01-01,2014-01-09,2014-01-10,3.5,False
EQY_REC_CONS,SLB,9,2014-01-01,2014-01-09,2014-01-10,4.737,False
EQY_REC_CONS,BLK,9,2014-01-01,2014-01-09,2014-01-10,3.909,False
EQY_REC_CONS,TT,9,2014-01-01,2014-01-09,2014-01-10,3.476,False
EQY_REC_CONS,TTE,9,2014-01-01,2014-01-09,2014-01-10,4.063,False
EQY_REC_CONS,OR,9,2014-01-01,2014-01-09,2014-01-10,3.389,False
EQY_REC_CONS,NEM,8,2014-01-01,2014-01-08,2014-01-09,3.087,False
EQY_REC_CONS,MDLZ,8,2014-01-01,2014-01-08,2014-01-09,3.875,False
EQY_REC_CONS,SIE,8,2014-01-01,2014-01-08,2014-01-09,4.0,False
EQY_REC_CONS,AZN,8,2014-01-01,2014-01-08,2014-01-09,2.429,False
EQY_REC_CONS,ROP,8,2014-01-01,2014-01-08,2014-01-09,4.448,False
EQY_REC_CONS,PFE,8,2014-01-01,2014-01-08,2014-01-09,4.292,False
EQY_REC_CONS,UCG,8,2014-01-01,2014-01-08,2014-01-09,3.353,False
EQY_REC_CONS,NOVN,8,2014-01-01,2014-01-08,2014-01-09,3.767,False
EQY_REC_CONS,7974,8,2014-01-01,2014-01-08,2014-01-09,3.0,False
EQY_REC_CONS,ITX,8,2014-01-01,2014-01-08,2014-01-09,3.694,False
EQY_REC_CONS,SU,8,2014-01-01,2014-01-08,2014-01-09,3.667,False
EQY_REC_CONS,REGN,8,2014-01-01,2014-01-08,2014-01-09,4.45,False
EQY_REC_CONS,RR/,8,2014-01-01,2014-01-08,2014-01-09,3.727,False
EQY_REC_CONS,000660,8,2014-01-01,2014-01-08,2014-01-09,4.711,False
EQY_REC_CONS,BX,8,2014-01-01,2014-01-08,2014-01-09,4.875,False
EQY_REC_CONS,HON,7,2014-01-01,2014-01-07,2014-01-08,4.462,False
EQY_REC_CONS,MSFT,7,2014-01-01,2014-01-07,2014-01-08,3.61,False
EQY_REC_CONS,NVDA,7,2014-01-01,2014-01-07,2014-01-08,3.361,False
EQY_REC_CONS,CRM,7,2014-01-01,2014-01-07,2014-01-08,4.467,False
EQY_REC_CONS,PG,7,2014-01-01,2014-01-07,2014-01-08,3.897,False
EQY_REC_CONS,UNP,7,2014-01-01,2014-01-07,2014-01-08,4.148,False
EQY_REC_CONS,XOM,7,2014-01-01,2014-01-07,2014-01-08,3.692,False
EQY_REC_CONS,CME,7,2014-01-01,2014-01-07,2014-01-08,3.857,False
EQY_REC_CONS,C,7,2014-01-01,2014-01-07,2014-01-08,4.303,False
EQY_REC_CONS,JPM,7,2014-01-01,2014-01-07,2014-01-08,4.368,False
EQY_REC_CONS,LLY,7,2014-01-01,2014-01-07,2014-01-08,3.476,False
EQY_REC_CONS,ADSK,7,2014-01-01,2014-01-07,2014-01-08,3.737,False
EQY_REC_CONS,ORCL,7,2014-01-01,2014-01-07,2014-01-08,4.119,False
EQY_REC_CONS,WMB,7,2014-01-01,2014-01-07,2014-01-08,4.556,False
EQY_REC_CONS,TMO,7,2014-01-01,2014-01-07,2014-01-08,4.765,False
EQY_REC_CONS,RIO,7,2014-01-01,2014-01-07,2014-01-08,4.276,False
EQY_REC_CONS,TXN,7,2014-01-01,2014-01-07,2014-01-08,3.225,False
EQY_REC_CONS,NOW,7,2014-01-01,2014-01-07,2014-01-08,4.5,False
EQY_REC_CONS,ASML,7,2014-01-01,2014-01-07,2014-01-08,3.778,False
EQY_REC_CONS,CL,7,2014-01-01,2014-01-07,2014-01-08,3.519,False
EQY_REC_CONS,ULVR,7,2014-01-01,2014-01-07,2014-01-08,3.52,False
EQY_REC_CONS,MRK,7,2014-01-01,2014-01-07,2014-01-08,3.909,False
EQY_REC_CONS,RTX,7,2014-01-01,2014-01-07,2014-01-08,4.6,False
EQY_REC_CONS,INTU,7,2014-01-01,2014-01-07,2014-01-08,3.7,False
EQY_REC_CONS,ZTS,7,2014-01-01,2014-01-07,2014-01-08,4.556,False
EQY_REC_CONS,CVX,7,2014-01-01,2014-01-07,2014-01-08,4.185,False
EQY_REC_CONS,RMS,7,2014-01-01,2014-01-07,2014-01-08,2.053,False
EQY_REC_CONS,GILD,6,2014-01-01,2014-01-06,2014-01-07,4.724,False
EQY_REC_CONS,CMG,6,2014-01-01,2014-01-06,2014-01-07,3.846,False
EQY_REC_CONS,4063,6,2014-01-01,2014-01-06,2014-01-07,4.238,False
EQY_REC_CONS,VRSN,6,2014-01-01,2014-01-06,2014-01-07,3.545,False
EQY_REC_CONS,CFR,6,2014-01-01,2014-01-06,2014-01-07,4.139,False
EQY_REC_CONS,SHW,6,2014-01-01,2014-01-06,2014-01-07,3.842,False
EQY_REC_CONS,UBSG,6,2014-01-01,2014-01-06,2014-01-07,3.8,False
EQY_REC_CONS,WM,6,2014-01-01,2014-01-06,2014-01-07,3.182,False
EQY_REC_CONS,LNG,6,2014-01-01,2014-01-06,2014-01-07,5.0,False
EQY_REC_CONS,NFLX,6,2014-01-01,2014-01-06,2014-01-07,3.0,False
EQY_REC_CONS,JNJ,6,2014-01-01,2014-01-06,2014-01-07,4.0,False
EQY_REC_CONS,MS,6,2014-01-01,2014-01-06,2014-01-07,3.719,False
EQY_REC_CONS,UNH,6,2014-01-01,2014-01-06,2014-01-07,4.577,False
EQY_REC_CONS,LMT,6,2014-01-01,2014-01-06,2014-01-07,3.381,False
EQY_REC_CONS,GS,6,2014-01-01,2014-01-06,2014-01-07,3.29,False
EQY_REC_CONS,MCD,6,2014-01-01,2014-01-06,2014-01-07,3.767,False
EQY_REC_CONS,MC,6,2014-01-01,2014-01-06,2014-01-07,4.441,False
EQY_REC_CONS,WDAY,6,2014-01-01,2014-01-06,2014-01-07,3.731,False
EQY_REC_CONS,SBUX,6,2014-01-01,2014-01-06,2014-01-07,4.586,False
EQY_REC_CONS,AMGN,6,2014-01-01,2014-01-06,2014-01-07,3.897,False
EQY_REC_CONS,COF,6,2014-01-01,2014-01-06,2014-01-07,4.364,False
EQY_REC_CONS,SCHW,6,2014-01-01,2014-01-06,2014-01-07,3.19,False
EQY_REC_CONS,AXP,6,2014-01-01,2014-01-06,2014-01-07,3.438,False
EQY_REC_CONS,HSBA,5,2014-01-01,2014-01-05,2014-01-06,3.714,False
EQY_REC_CONS,DIS,5,2014-01-01,2014-01-05,2014-01-06,4.314,False
EQY_REC_CONS,ASM,5,2014-01-01,2014-01-05,2014-01-06,4.667,False
EQY_REC_CONS,MDT,5,2014-01-01,2014-01-05,2014-01-06,4.0,False
EQY_REC_CONS,ORLY,5,2014-01-01,2014-01-05,2014-01-06,4.083,False
EQY_REC_CONS,AI,5,2014-01-01,2014-01-05,2014-01-06,3.613,False
EQY_REC_CONS,ABBN,5,2014-01-01,2014-01-05,2014-01-06,3.658,False
EQY_REC_CONS,ECL,5,2014-01-01,2014-01-05,2014-01-06,4.4,False
EQY_REC_CONS,SAN,5,2014-01-01,2014-01-05,2014-01-06,4.129,False
EQY_REC_CONS,COP,5,2014-01-01,2014-01-05,2014-01-06,3.667,False
EQY_REC_CONS,8316,5,2014-01-01,2014-01-05,2014-01-06,4.75,False
EQY_REC_CONS,SHEL,5,2014-01-01,2014-01-05,2014-01-06,4.05,False
EQY_REC_CONS,PLD,5,2014-01-01,2014-01-05,2014-01-06,4.0,False
EQY_REC_CONS,BSX,5,2014-01-01,2014-01-05,2014-01-06,3.652,False
EQY_REC_CONS,ABT,5,2014-01-01,2014-01-05,2014-01-06,4.0,False
EQY_REC_CONS,VRTX,5,2014-01-01,2014-01-05,2014-01-06,4.25,False
EQY_REC_CONS,PUB,5,2014-01-01,2014-01-05,2014-01-06,4.174,False
EQY_REC_CONS,MU,2,2014-01-01,2014-01-02,2014-01-03,3.839,False
EQY_REC_CONS,CDNS,2,2014-01-01,2014-01-02,2014-01-03,4.778,False
EQY_REC_CONS,MUV2,2,2014-01-01,2014-01-02,2014-01-03,3.595,False
EQY_REC_CONS,LSEG,2,2014-01-01,2014-01-02,2014-01-03,3.438,False
EQY_REC_CONS,NOVOB,2,2014-01-01,2014-01-02,2014-01-03,4.031,False
EQY_REC_CONS,005930,1,2014-01-01,2014-01-01,2014-01-02,4.725,False
EQY_REC_CONS,AAPL,1,2014-01-01,2014-01-01,2014-01-02,4.483,False
EQY_REC_CONS,GOOGL,1,2014-01-01,2014-01-01,2014-01-02,4.378,False
EQY_REC_CONS,ADI,1,2014-01-01,2014-01-01,2014-01-02,3.897,False
EQY_REC_CONS,BAC,1,2014-01-01,2014-01-01,2014-01-02,3.432,False
EQY_REC_CONS,STX,1,2014-01-01,2014-01-01,2014-01-02,3.643,False
EQY_REC_CONS,GE,1,2014-01-01,2014-01-01,2014-01-02,4.182,False
EQY_REC_CONS,SYK,1,2014-01-01,2014-01-01,2014-01-02,4.129,False
EQY_REC_CONS,MSCI,1,2014-01-01,2014-01-01,2014-01-02,3.5,False
EQY_REC_CONS,LYV,1,2014-01-01,2014-01-01,2014-01-02,3.667,False
EQY_REC_CONS,WELL,1,2014-01-01,2014-01-01,2014-01-02,3.556,False
NEWS_SENTIMENT_DAILY_AVG,SNDK,4017,2014-01-01,2024-12-30,2024-12-31,0.226,False
NEWS_SENTIMENT_DAILY_AVG,GEV,3716,2014-01-01,2024-03-04,2024-03-05,0.0,False
NEWS_SENTIMENT_DAILY_AVG,CEG,2956,2014-01-01,2022-02-03,2022-02-04,0.0074,False
NEWS_SENTIMENT_DAILY_AVG,UMG,2956,2014-01-01,2022-02-03,2022-02-04,0.0,False
NEWS_SENTIMENT_DAILY_AVG,APP,2638,2014-01-01,2021-03-22,2021-03-23,0.0,False
NEWS_SENTIMENT_DAILY_AVG,RBLX,2521,2014-01-01,2020-11-25,2020-11-26,0.0,False
NEWS_SENTIMENT_DAILY_AVG,285A,2444,2014-01-01,2020-09-09,2020-09-10,0.0,False
NEWS_SENTIMENT_DAILY_AVG,VRT,2409,2014-01-01,2020-08-05,2020-08-06,0.1867,False
NEWS_SENTIMENT_DAILY_AVG,DDOG,2067,2014-01-01,2019-08-29,2019-08-30,0.193,False
NEWS_SENTIMENT_DAILY_AVG,NET,2042,2014-01-01,2019-08-04,2019-08-05,-0.0442,False
NEWS_SENTIMENT_DAILY_AVG,CRWD,1975,2014-01-01,2019-05-29,2019-05-30,0.221,False
NEWS_SENTIMENT_DAILY_AVG,SPOT,1521,2014-01-01,2018-03-01,2018-03-02,-0.0151,False
NEWS_SENTIMENT_DAILY_AVG,ZS,1276,2014-01-01,2017-06-29,2017-06-30,0.2039,False
NEWS_SENTIMENT_DAILY_AVG,HWM,1010,2014-01-01,2016-10-06,2016-10-07,0.0108,False
NEWS_SENTIMENT_DAILY_AVG,BE,1010,2014-01-01,2016-10-06,2016-10-07,0.0661,False
NEWS_SENTIMENT_DAILY_AVG,VST,1010,2014-01-01,2016-10-06,2016-10-07,0.0153,False
NEWS_SENTIMENT_DAILY_AVG,TTD,980,2014-01-01,2016-09-06,2016-09-07,0.0,False
NEWS_SENTIMENT_DAILY_AVG,DASH,749,2014-01-01,2016-01-19,2016-01-20,-134217.7,False
NEWS_SENTIMENT_DAILY_AVG,SNOW,741,2014-01-01,2016-01-11,2016-01-12,0.0,False
NEWS_SENTIMENT_DAILY_AVG,DELL,734,2014-01-01,2016-01-04,2016-01-05,0.0,False
NEWS_SENTIMENT_DAILY_AVG,TEAM,706,2014-01-01,2015-12-07,2015-12-08,0.3416,False
NEWS_SENTIMENT_DAILY_AVG,HPE,638,2014-01-01,2015-09-30,2015-10-01,0.4425,False
NEWS_SENTIMENT_DAILY_AVG,LITE,581,2014-01-01,2015-08-04,2015-08-05,0.137,False
NEWS_SENTIMENT_DAILY_AVG,RDDT,553,2014-01-01,2015-07-07,2015-07-08,0.0644,False
NEWS_SENTIMENT_DAILY_AVG,KEYS,307,2014-01-01,2014-11-03,2014-11-04,0.0344,False
NEWS_SENTIMENT_DAILY_AVG,PYPL,285,2014-01-01,2014-10-12,2014-10-13,0.0186,False
NEWS_SENTIMENT_DAILY_AVG,PLTR,211,2014-01-01,2014-07-30,2014-07-31,0.0,False
NEWS_SENTIMENT_DAILY_AVG,ANET,147,2014-01-01,2014-05-27,2014-05-28,0.0121,False
NEWS_SENTIMENT_DAILY_AVG,TKO,135,2014-01-01,2014-05-15,2014-05-16,0.1545,False
NEWS_SENTIMENT_DAILY_AVG,ABNB,91,2014-01-01,2014-04-01,2014-04-02,0.1769,False
NEWS_SENTIMENT_DAILY_AVG,ASM,57,2014-01-01,2014-02-26,2014-02-27,0.2348,False
NEWS_SENTIMENT_DAILY_AVG,ON,42,2014-01-01,2014-02-11,2014-02-12,0.4117,False
NEWS_SENTIMENT_DAILY_AVG,VRSN,37,2014-01-01,2014-02-06,2014-02-07,0.5536,False
NEWS_SENTIMENT_DAILY_AVG,FN,35,2014-01-01,2014-02-04,2014-02-05,0.2373,False
NEWS_SENTIMENT_DAILY_AVG,MSCI,35,2014-01-01,2014-02-04,2014-02-05,0.144,False
NEWS_SENTIMENT_DAILY_AVG,COHR,29,2014-01-01,2014-01-29,2014-01-30,0.2316,False
NEWS_SENTIMENT_DAILY_AVG,LOW,28,2014-01-01,2014-01-28,2014-01-29,0.3664,False
NEWS_SENTIMENT_DAILY_AVG,RHM,28,2014-01-01,2014-01-28,2014-01-29,0.0506,False
NEWS_SENTIMENT_DAILY_AVG,UBER,28,2014-01-01,2014-01-28,2014-01-29,-0.1859,False
NEWS_SENTIMENT_DAILY_AVG,4063,28,2014-01-01,2014-01-28,2014-01-29,0.3306,False
NEWS_SENTIMENT_DAILY_AVG,ARM,27,2014-01-01,2014-01-27,2014-01-28,0.3758,False
NEWS_SENTIMENT_DAILY_AVG,6857,26,2014-01-01,2014-01-26,2014-01-27,-0.1463,False
NEWS_SENTIMENT_DAILY_AVG,ITX,23,2014-01-01,2014-01-23,2014-01-24,0.0,False
NEWS_SENTIMENT_DAILY_AVG,ORLY,23,2014-01-01,2014-01-23,2014-01-24,0.0185,False
NEWS_SENTIMENT_DAILY_AVG,WM,23,2014-01-01,2014-01-23,2014-01-24,-0.1764,False
NEWS_SENTIMENT_DAILY_AVG,FICO,22,2014-01-01,2014-01-22,2014-01-23,0.0,False
NEWS_SENTIMENT_DAILY_AVG,MRSH,22,2014-01-01,2014-01-22,2014-01-23,-0.4318,False
NEWS_SENTIMENT_DAILY_AVG,9433,22,2014-01-01,2014-01-22,2014-01-23,0.5585,False
NEWS_SENTIMENT_DAILY_AVG,MO,21,2014-01-01,2014-01-21,2014-01-22,0.0,False
NEWS_SENTIMENT_DAILY_AVG,MSI,21,2014-01-01,2014-01-21,2014-01-22,0.4833,False
NEWS_SENTIMENT_DAILY_AVG,6146,21,2014-01-01,2014-01-21,2014-01-22,-0.3775,False
NEWS_SENTIMENT_DAILY_AVG,NXPI,21,2014-01-01,2014-01-21,2014-01-22,-0.3413,False
NEWS_SENTIMENT_DAILY_AVG,APH,16,2014-01-01,2014-01-16,2014-01-17,0.3465,False
NEWS_SENTIMENT_DAILY_AVG,9432,16,2014-01-01,2014-01-16,2014-01-17,0.5116,False
NEWS_SENTIMENT_DAILY_AVG,NEE,16,2014-01-01,2014-01-16,2014-01-17,-0.0322,False
NEWS_SENTIMENT_DAILY_AVG,TT,15,2014-01-01,2014-01-15,2014-01-16,0.2087,False
NEWS_SENTIMENT_DAILY_AVG,TER,15,2014-01-01,2014-01-15,2014-01-16,0.154,False
NEWS_SENTIMENT_DAILY_AVG,ZURN,15,2014-01-01,2014-01-15,2014-01-16,0.0,False
NEWS_SENTIMENT_DAILY_AVG,RMS,15,2014-01-01,2014-01-15,2014-01-16,-0.3777,False
NEWS_SENTIMENT_DAILY_AVG,ABBN,15,2014-01-01,2014-01-15,2014-01-16,0.4003,False
NEWS_SENTIMENT_DAILY_AVG,SAF,14,2014-01-01,2014-01-14,2014-01-15,0.2925,False
NEWS_SENTIMENT_DAILY_AVG,MPWR,14,2014-01-01,2014-01-14,2014-01-15,0.0,False
NEWS_SENTIMENT_DAILY_AVG,DHR,14,2014-01-01,2014-01-14,2014-01-15,0.5718,False
NEWS_SENTIMENT_DAILY_AVG,AI,14,2014-01-01,2014-01-14,2014-01-15,0.5164,False
NEWS_SENTIMENT_DAILY_AVG,TTWO,14,2014-01-01,2014-01-14,2014-01-15,-0.0247,False
NEWS_SENTIMENT_DAILY_AVG,SO,14,2014-01-01,2014-01-14,2014-01-15,-0.0234,False
NEWS_SENTIMENT_DAILY_AVG,LSEG,14,2014-01-01,2014-01-14,2014-01-15,0.7173,False
NEWS_SENTIMENT_DAILY_AVG,LRCX,14,2014-01-01,2014-01-14,2014-01-15,-0.5296,False
NEWS_SENTIMENT_DAILY_AVG,MC,14,2014-01-01,2014-01-14,2014-01-15,0.1846,False
NEWS_SENTIMENT_DAILY_AVG,AON,14,2014-01-01,2014-01-14,2014-01-15,0.518,False
NEWS_SENTIMENT_DAILY_AVG,AMAT,13,2014-01-01,2014-01-13,2014-01-14,0.2918,False
NEWS_SENTIMENT_DAILY_AVG,PWR,13,2014-01-01,2014-01-13,2014-01-14,0.4503,False
NEWS_SENTIMENT_DAILY_AVG,EQIX,13,2014-01-01,2014-01-13,2014-01-14,0.3077,False
NEWS_SENTIMENT_DAILY_AVG,PUB,13,2014-01-01,2014-01-13,2014-01-14,0.056,False
NEWS_SENTIMENT_DAILY_AVG,HCA,13,2014-01-01,2014-01-13,2014-01-14,0.0,False
NEWS_SENTIMENT_DAILY_AVG,FTNT,13,2014-01-01,2014-01-13,2014-01-14,0.0324,False
NEWS_SENTIMENT_DAILY_AVG,ISRG,13,2014-01-01,2014-01-13,2014-01-14,0.247,False
NEWS_SENTIMENT_DAILY_AVG,RACE,10,2014-01-01,2014-12-08,2014-01-03,0.0658,False
NEWS_SENTIMENT_DAILY_AVG,ADBE,9,2014-01-01,2014-01-09,2014-01-10,-0.1504,False
NEWS_SENTIMENT_DAILY_AVG,ASML,9,2014-01-01,2014-01-09,2014-01-10,0.2026,False
NEWS_SENTIMENT_DAILY_AVG,HD,9,2014-01-01,2014-01-09,2014-01-10,-0.3014,False
NEWS_SENTIMENT_DAILY_AVG,SPGI,9,2014-01-01,2014-01-09,2014-01-10,0.0808,False
NEWS_SENTIMENT_DAILY_AVG,6981,9,2014-01-01,2014-01-09,2014-01-10,-0.7536,False
NEWS_SENTIMENT_DAILY_AVG,MCO,9,2014-01-01,2014-01-09,2014-01-10,0.1576,False
NEWS_SENTIMENT_DAILY_AVG,SNPS,9,2014-01-01,2014-01-09,2014-01-10,-0.1347,False
NEWS_SENTIMENT_DAILY_AVG,CFR,9,2014-01-01,2014-01-09,2014-01-10,0.2747,False
NEWS_SENTIMENT_DAILY_AVG,MDLZ,9,2014-01-01,2014-01-09,2014-01-10,0.0116,False
NEWS_SENTIMENT_DAILY_AVG,CMG,9,2014-01-01,2014-01-09,2014-01-10,-0.1352,False
NEWS_SENTIMENT_DAILY_AVG,INTU,9,2014-01-01,2014-01-09,2014-01-10,0.0,False
NEWS_SENTIMENT_DAILY_AVG,PLD,9,2014-01-01,2014-01-09,2014-01-10,0.4453,False
NEWS_SENTIMENT_DAILY_AVG,PGR,9,2014-01-01,2014-01-09,2014-01-10,0.0702,False
NEWS_SENTIMENT_DAILY_AVG,8306,8,2014-01-01,2014-01-08,2014-01-09,0.0,False
NEWS_SENTIMENT_DAILY_AVG,ECL,8,2014-01-01,2014-01-08,2014-01-09,-0.4611,False
NEWS_SENTIMENT_DAILY_AVG,VRTX,8,2014-01-01,2014-01-08,2014-01-09,0.463,False
NEWS_SENTIMENT_DAILY_AVG,BNP,8,2014-01-01,2014-01-08,2014-01-09,-0.0855,False
NEWS_SENTIMENT_DAILY_AVG,CB,8,2014-01-01,2014-01-08,2014-01-09,-0.2773,False
NEWS_SENTIMENT_DAILY_AVG,UBSG,8,2014-01-01,2014-01-08,2014-01-09,-0.4712,False
NEWS_SENTIMENT_DAILY_AVG,DSY,8,2014-01-01,2014-01-08,2014-01-09,-0.112,False
NEWS_SENTIMENT_DAILY_AVG,7974,8,2014-01-01,2014-01-08,2014-01-09,0.2577,False
NEWS_SENTIMENT_DAILY_AVG,8035,8,2014-01-01,2014-01-08,2014-01-09,-0.3484,False
NEWS_SENTIMENT_DAILY_AVG,BN,8,2014-01-01,2014-01-08,2014-01-09,0.2424,False
NEWS_SENTIMENT_DAILY_AVG,IFX,8,2014-01-01,2014-01-08,2014-01-09,0.4627,False
NEWS_SENTIMENT_DAILY_AVG,MCD,8,2014-01-01,2014-01-08,2014-01-09,0.177,False
NEWS_SENTIMENT_DAILY_AVG,PM,8,2014-01-01,2014-01-08,2014-01-09,-0.0279,False
NEWS_SENTIMENT_DAILY_AVG,CDNS,8,2014-01-01,2014-01-08,2014-01-09,0.2934,False
NEWS_SENTIMENT_DAILY_AVG,NOW,8,2014-01-01,2014-01-08,2014-01-09,0.0,False
NEWS_SENTIMENT_DAILY_AVG,DE,8,2014-01-01,2014-01-08,2014-01-09,0.2962,False
NEWS_SENTIMENT_DAILY_AVG,GRMN,8,2014-01-01,2014-01-08,2014-01-09,0.6066,False
NEWS_SENTIMENT_DAILY_AVG,SHW,8,2014-01-01,2014-01-08,2014-01-09,0.6348,False
NEWS_SENTIMENT_DAILY_AVG,ROP,8,2014-01-01,2014-01-08,2014-01-09,0.0874,False
NEWS_SENTIMENT_DAILY_AVG,WELL,8,2014-01-01,2014-01-08,2014-01-09,-0.4492,False
NEWS_SENTIMENT_DAILY_AVG,UCG,8,2014-01-01,2014-01-08,2014-01-09,0.1817,False
NEWS_SENTIMENT_DAILY_AVG,ZTS,8,2014-01-01,2014-01-08,2014-01-09,0.0185,False
NEWS_SENTIMENT_DAILY_AVG,KLAC,7,2014-01-01,2014-01-07,2014-01-08,-0.115,False
NEWS_SENTIMENT_DAILY_AVG,CAT,7,2014-01-01,2014-01-07,2014-01-08,0.0096,False
NEWS_SENTIMENT_DAILY_AVG,ETN,7,2014-01-01,2014-01-07,2014-01-08,0.3723,False
NEWS_SENTIMENT_DAILY_AVG,DLR,7,2014-01-01,2014-01-07,2014-01-08,0.1746,False
NEWS_SENTIMENT_DAILY_AVG,ALV,7,2014-01-01,2014-01-07,2014-01-08,0.2716,False
NEWS_SENTIMENT_DAILY_AVG,BKNG,7,2014-01-01,2014-01-07,2014-01-08,0.0531,False
NEWS_SENTIMENT_DAILY_AVG,WMB,7,2014-01-01,2014-01-07,2014-01-08,0.0678,False
NEWS_SENTIMENT_DAILY_AVG,GLW,7,2014-01-01,2014-01-07,2014-01-08,0.1473,False
NEWS_SENTIMENT_DAILY_AVG,AMT,7,2014-01-01,2014-01-07,2014-01-08,0.0253,False
NEWS_SENTIMENT_DAILY_AVG,AXP,7,2014-01-01,2014-01-07,2014-01-08,-0.3153,False
NEWS_SENTIMENT_DAILY_AVG,SCHW,7,2014-01-01,2014-01-07,2014-01-08,0.0805,False
NEWS_SENTIMENT_DAILY_AVG,KKR,7,2014-01-01,2014-01-07,2014-01-08,0.0537,False
NEWS_SENTIMENT_DAILY_AVG,CS,7,2014-01-01,2014-01-07,2014-01-08,0.0515,False
NEWS_SENTIMENT_DAILY_AVG,RR/,7,2014-01-01,2014-01-07,2014-01-08,0.3784,False
NEWS_SENTIMENT_DAILY_AVG,LIN,7,2014-01-01,2014-01-07,2014-01-08,0.0126,False
NEWS_SENTIMENT_DAILY_AVG,APO,7,2014-01-01,2014-01-07,2014-01-08,0.0361,False
NEWS_SENTIMENT_DAILY_AVG,7011,7,2014-01-01,2014-01-07,2014-01-08,0.1126,False
NEWS_SENTIMENT_DAILY_AVG,NRG,7,2014-01-01,2014-01-07,2014-01-08,0.0,False
NEWS_SENTIMENT_DAILY_AVG,8316,7,2014-01-01,2014-01-07,2014-01-08,0.0,False
NEWS_SENTIMENT_DAILY_AVG,LYV,7,2014-01-01,2014-01-07,2014-01-08,0.2711,False
NEWS_SENTIMENT_DAILY_AVG,SLB,7,2014-01-01,2014-01-07,2014-01-08,0.2395,False
NEWS_SENTIMENT_DAILY_AVG,PH,7,2014-01-01,2014-01-07,2014-01-08,0.0184,False
NEWS_SENTIMENT_DAILY_AVG,ADP,7,2014-01-01,2014-01-07,2014-01-08,0.366,False
NEWS_SENTIMENT_DAILY_AVG,NOVN,7,2014-01-01,2014-01-07,2014-01-08,0.0301,False
NEWS_SENTIMENT_DAILY_AVG,OR,7,2014-01-01,2014-01-07,2014-01-08,0.1007,False
NEWS_SENTIMENT_DAILY_AVG,COF,7,2014-01-01,2014-01-07,2014-01-08,0.0376,False
NEWS_SENTIMENT_DAILY_AVG,MCK,7,2014-01-01,2014-01-07,2014-01-08,0.6651,False
NEWS_SENTIMENT_DAILY_AVG,EMR,7,2014-01-01,2014-01-07,2014-01-08,0.2606,False
NEWS_SENTIMENT_DAILY_AVG,AXON,7,2014-01-01,2014-01-07,2014-01-08,0.382,False
NEWS_SENTIMENT_DAILY_AVG,WDAY,7,2014-01-01,2014-01-07,2014-01-08,0.0,False
NEWS_SENTIMENT_DAILY_AVG,WDC,7,2014-01-01,2014-01-07,2014-01-08,0.2365,False
NEWS_SENTIMENT_DAILY_AVG,IBE,7,2014-01-01,2014-01-07,2014-01-08,0.1303,False
NEWS_SENTIMENT_DAILY_AVG,MUV2,7,2014-01-01,2014-01-07,2014-01-08,0.0,False
NEWS_SENTIMENT_DAILY_AVG,NKE,7,2014-01-01,2014-01-07,2014-01-08,0.1888,False
NEWS_SENTIMENT_DAILY_AVG,ENEL,6,2014-01-01,2014-01-06,2014-01-07,0.147,False
NEWS_SENTIMENT_DAILY_AVG,CMCSA,6,2014-01-01,2014-01-06,2014-01-07,-0.1765,False
NEWS_SENTIMENT_DAILY_AVG,ABT,6,2014-01-01,2014-01-06,2014-01-07,0.2502,False
NEWS_SENTIMENT_DAILY_AVG,RTX,6,2014-01-01,2014-01-06,2014-01-07,-0.6078,False
NEWS_SENTIMENT_DAILY_AVG,VZ,6,2014-01-01,2014-01-06,2014-01-07,0.0527,False
NEWS_SENTIMENT_DAILY_AVG,REL,6,2014-01-01,2014-01-06,2014-01-07,0.2106,False
NEWS_SENTIMENT_DAILY_AVG,MNST,6,2014-01-01,2014-01-06,2014-01-07,0.0588,False
NEWS_SENTIMENT_DAILY_AVG,6758,6,2014-01-01,2014-01-06,2014-01-07,-0.5417,False
NEWS_SENTIMENT_DAILY_AVG,APD,6,2014-01-01,2014-01-06,2014-01-07,0.0051,False
NEWS_SENTIMENT_DAILY_AVG,CL,6,2014-01-01,2014-01-06,2014-01-07,0.0,False
NEWS_SENTIMENT_DAILY_AVG,GILD,6,2014-01-01,2014-01-06,2014-01-07,0.4167,False
NEWS_SENTIMENT_DAILY_AVG,CSCO,6,2014-01-01,2014-01-06,2014-01-07,0.0762,False
NEWS_SENTIMENT_DAILY_AVG,MRVL,6,2014-01-01,2014-01-06,2014-01-07,0.6058,False
NEWS_SENTIMENT_DAILY_AVG,TSM,6,2014-01-01,2014-01-06,2014-01-07,-0.3249,False
NEWS_SENTIMENT_DAILY_AVG,CME,6,2014-01-01,2014-01-06,2014-01-07,0.1884,False
NEWS_SENTIMENT_DAILY_AVG,AZN,6,2014-01-01,2014-01-06,2014-01-07,0.1477,False
NEWS_SENTIMENT_DAILY_AVG,ACN,6,2014-01-01,2014-01-06,2014-01-07,0.0,False
NEWS_SENTIMENT_DAILY_AVG,SAP,6,2014-01-01,2014-01-06,2014-01-07,0.027,False
NEWS_SENTIMENT_DAILY_AVG,V,6,2014-01-01,2014-01-06,2014-01-07,0.0264,False
NEWS_SENTIMENT_DAILY_AVG,MA,6,2014-01-01,2014-01-06,2014-01-07,0.0154,False
NEWS_SENTIMENT_DAILY_AVG,ABBV,6,2014-01-01,2014-01-06,2014-01-07,0.3491,False
NEWS_SENTIMENT_DAILY_AVG,FCX,6,2014-01-01,2014-01-06,2014-01-07,0.0822,False
NEWS_SENTIMENT_DAILY_AVG,REGN,6,2014-01-01,2014-01-06,2014-01-07,0.1171,False
NEWS_SENTIMENT_DAILY_AVG,MPC,6,2014-01-01,2014-01-06,2014-01-07,0.0675,False
NEWS_SENTIMENT_DAILY_AVG,PANW,6,2014-01-01,2014-01-06,2014-01-07,-0.0819,False
NEWS_SENTIMENT_DAILY_AVG,UNP,6,2014-01-01,2014-01-06,2014-01-07,0.1926,False
NEWS_SENTIMENT_DAILY_AVG,UNH,6,2014-01-01,2014-01-06,2014-01-07,0.0584,False
NEWS_SENTIMENT_DAILY_AVG,AVGO,6,2014-01-01,2014-01-06,2014-01-07,0.0,False
NEWS_SENTIMENT_DAILY_AVG,LLY,6,2014-01-01,2014-01-06,2014-01-07,0.1635,False
NEWS_SENTIMENT_DAILY_AVG,NVDA,6,2014-01-01,2014-01-06,2014-01-07,0.2136,False
NEWS_SENTIMENT_DAILY_AVG,CVX,5,2014-01-01,2014-01-05,2014-01-06,-0.0506,False
NEWS_SENTIMENT_DAILY_AVG,STX,5,2014-01-01,2014-01-05,2014-01-06,-0.3309,False
NEWS_SENTIMENT_DAILY_AVG,TSLA,2,2014-01-01,2014-01-02,2014-01-03,-0.3355,False
NEWS_SENTIMENT_DAILY_AVG,BLK,2,2014-01-01,2014-01-02,2014-01-03,0.0,False
NEWS_SENTIMENT_DAILY_AVG,GS,2,2014-01-01,2014-01-02,2014-01-03,0.0151,False
NEWS_SENTIMENT_DAILY_AVG,CRM,2,2014-01-01,2014-01-02,2014-01-03,0.0,False
NEWS_SENTIMENT_DAILY_AVG,COST,2,2014-01-01,2014-01-02,2014-01-03,0.4147,False
NEWS_SENTIMENT_DAILY_AVG,XOM,2,2014-01-01,2014-01-02,2014-01-03,0.2036,False
NEWS_SENTIMENT_DAILY_AVG,AMD,2,2014-01-01,2014-01-02,2014-01-03,-0.3597,False
NEWS_SENTIMENT_DAILY_AVG,INTC,2,2014-01-01,2014-01-02,2014-01-03,-0.453,False
NEWS_SENTIMENT_DAILY_AVG,SU,2,2014-01-01,2014-01-02,2014-01-03,0.025,False
NEWS_SENTIMENT_DAILY_AVG,BX,2,2014-01-01,2014-01-02,2014-01-03,-0.3367,False
NEWS_SENTIMENT_DAILY_AVG,TMUS,2,2014-01-01,2014-01-02,2014-01-03,0.4934,False
NEWS_SENTIMENT_DAILY_AVG,JNJ,2,2014-01-01,2014-01-02,2014-01-03,0.0234,False
NEWS_SENTIMENT_DAILY_AVG,DIS,2,2014-01-01,2014-01-02,2014-01-03,0.0056,False
NEWS_SENTIMENT_DAILY_AVG,NEM,2,2014-01-01,2014-01-02,2014-01-03,-0.0735,False
NEWS_SENTIMENT_DAILY_AVG,IBKR,2,2014-01-01,2014-01-02,2014-01-03,0.0,False
NEWS_SENTIMENT_DAILY_AVG,TTE,2,2014-01-01,2014-01-02,2014-01-03,0.2434,False
NEWS_SENTIMENT_DAILY_AVG,ICE,2,2014-01-01,2014-01-02,2014-01-03,0.1032,False
NEWS_SENTIMENT_DAILY_AVG,AMGN,2,2014-01-01,2014-01-02,2014-01-03,0.3266,False
NEWS_SENTIMENT_DAILY_AVG,SAN,2,2014-01-01,2014-01-02,2014-01-03,-0.0119,False
NEWS_SENTIMENT_DAILY_AVG,MRK,2,2014-01-01,2014-01-02,2014-01-03,-0.4453,False
NEWS_SENTIMENT_DAILY_AVG,TJX,2,2014-01-01,2014-01-02,2014-01-03,0.5349,False
NEWS_SENTIMENT_DAILY_AVG,ADI,2,2014-01-01,2014-01-02,2014-01-03,0.1015,False
NEWS_SENTIMENT_DAILY_AVG,MS,2,2014-01-01,2014-01-02,2014-01-03,0.0,False
NEWS_SENTIMENT_DAILY_AVG,QCOM,2,2014-01-01,2014-01-02,2014-01-03,-0.8576,False
NEWS_SENTIMENT_DAILY_AVG,NOVOB,2,2014-01-01,2014-01-02,2014-01-03,-0.0448,False
NEWS_SENTIMENT_DAILY_AVG,005930,1,2014-01-01,2014-01-01,2014-01-02,-0.1516,False
NEWS_SENTIMENT_DAILY_AVG,AAPL,1,2014-01-01,2014-01-01,2014-01-02,0.0235,False
NEWS_SENTIMENT_DAILY_AVG,JPM,1,2014-01-01,2014-01-01,2014-01-02,-0.0041,False
NEWS_SENTIMENT_DAILY_AVG,000660,1,2014-01-01,2014-01-01,2014-01-02,0.2648,False
NEWS_SENTIMENT_DAILY_AVG,GOOGL,1,2014-01-01,2014-01-01,2014-01-02,-0.2438,False
NEWS_SENTIMENT_DAILY_AVG,MU,1,2014-01-01,2014-01-01,2014-01-02,0.1437,False
NEWS_SENTIMENT_DAILY_AVG,MSFT,1,2014-01-01,2014-01-01,2014-01-02,-0.2423,False
NEWS_SENTIMENT_DAILY_AVG,LNG,1,2014-01-01,2014-01-01,2014-01-02,-0.16,False
NEWS_SENTIMENT_DAILY_AVG,WMT,1,2014-01-01,2014-01-01,2014-01-02,0.2978,False
NEWS_SENTIMENT_DAILY_AVG,HON,1,2014-01-01,2014-01-01,2014-01-02,-0.2983,False
NEWS_SENTIMENT_DAILY_AVG,META,1,2014-01-01,2014-01-01,2014-01-02,0.025,False
NEWS_SENTIMENT_DAILY_AVG,AMZN,1,2014-01-01,2014-01-01,2014-01-02,0.4904,False
NEWS_SENTIMENT_DAILY_AVG,NFLX,1,2014-01-01,2014-01-01,2014-01-02,0.3078,False
NEWS_SENTIMENT_DAILY_AVG,WFC,1,2014-01-01,2014-01-01,2014-01-02,-0.0123,False
NEWS_SENTIMENT_DAILY_AVG,C,1,2014-01-01,2014-01-01,2014-01-02,0.1867,False
NEWS_SENTIMENT_DAILY_AVG,RIO,1,2014-01-01,2014-01-01,2014-01-02,-0.0538,False
NEWS_SENTIMENT_DAILY_AVG,NESN,1,2014-01-01,2014-01-01,2014-01-02,0.9957,False
NEWS_SENTIMENT_DAILY_AVG,SHEL,1,2014-01-01,2014-01-01,2014-01-02,-0.1124,False
NEWS_SENTIMENT_DAILY_AVG,HSBA,1,2014-01-01,2014-01-01,2014-01-02,0.0215,False
NEWS_SENTIMENT_DAILY_AVG,IBM,1,2014-01-01,2014-01-01,2014-01-02,0.1109,False
NEWS_SENTIMENT_DAILY_AVG,TXN,1,2014-01-01,2014-01-01,2014-01-02,0.1551,False
NEWS_SENTIMENT_DAILY_AVG,SIE,1,2014-01-01,2014-01-01,2014-01-02,-0.9275,False
NEWS_SENTIMENT_DAILY_AVG,TMO,1,2014-01-01,2014-01-01,2014-01-02,0.3343,False
NEWS_SENTIMENT_DAILY_AVG,ORCL,1,2014-01-01,2014-01-01,2014-01-02,-0.0322,False
NEWS_SENTIMENT_DAILY_AVG,BSX,1,2014-01-01,2014-01-01,2014-01-02,-0.1075,False
NEWS_SENTIMENT_DAILY_AVG,BAC,1,2014-01-01,2014-01-01,2014-01-02,0.2703,False
NEWS_SENTIMENT_DAILY_AVG,PG,1,2014-01-01,2014-01-01,2014-01-02,-0.421,False
NEWS_SENTIMENT_DAILY_AVG,LMT,1,2014-01-01,2014-01-01,2014-01-02,0.4765,False
NEWS_SENTIMENT_DAILY_AVG,T,1,2014-01-01,2014-01-01,2014-01-02,0.2894,False
NEWS_SENTIMENT_DAILY_AVG,SBUX,1,2014-01-01,2014-01-01,2014-01-02,-0.1913,False
NEWS_SENTIMENT_DAILY_AVG,SYK,1,2014-01-01,2014-01-01,2014-01-02,0.178,False
NEWS_SENTIMENT_DAILY_AVG,AIR,1,2014-01-01,2014-01-01,2014-01-02,0.2847,False
NEWS_SENTIMENT_DAILY_AVG,ADSK,1,2014-01-01,2014-01-01,2014-01-02,0.1671,False
NEWS_SENTIMENT_DAILY_AVG,BRK/B,1,2014-01-01,2014-01-01,2014-01-02,-0.0843,False
NEWS_SENTIMENT_DAILY_AVG,7203,1,2014-01-01,2014-01-01,2014-01-02,0.2951,False
NEWS_SENTIMENT_DAILY_AVG,GE,1,2014-01-01,2014-01-01,2014-01-02,-0.2332,False
NEWS_SENTIMENT_DAILY_AVG,KO,1,2014-01-01,2014-01-01,2014-01-02,0.207,False
NEWS_SENTIMENT_DAILY_AVG,ULVR,1,2014-01-01,2014-01-01,2014-01-02,-0.4294,False
NEWS_SENTIMENT_DAILY_AVG,DTE,1,2014-01-01,2014-01-01,2014-01-02,0.2653,False
NEWS_SENTIMENT_DAILY_AVG,PEP,1,2014-01-01,2014-01-01,2014-01-02,0.0211,False
NEWS_SENTIMENT_DAILY_AVG,BNY,1,2014-01-01,2014-01-01,2014-01-02,0.0292,False
NEWS_SENTIMENT_DAILY_AVG,MDT,1,2014-01-01,2014-01-01,2014-01-02,-0.0436,False
NEWS_SENTIMENT_DAILY_AVG,PFE,1,2014-01-01,2014-01-01,2014-01-02,0.0052,False
NEWS_SENTIMENT_DAILY_AVG,MAR,1,2014-01-01,2014-01-01,2014-01-02,0.0251,False
NEWS_SENTIMENT_DAILY_AVG,GM,1,2014-01-01,2014-01-01,2014-01-02,0.1682,False
NEWS_SENTIMENT_DAILY_AVG,COP,1,2014-01-01,2014-01-01,2014-01-02,-0.2126,False
OPER_MARGIN,CS,4634,2014-01-24,2026-10-01,,100.0,True
OPER_MARGIN,GEV,3444,2014-01-24,2023-06-29,2023-06-30,-6.8748,False
OPER_MARGIN,SNDK,3262,2014-01-24,2022-12-29,2022-12-30,-33.4495,False
OPER_MARGIN,ARM,3171,2014-01-24,2022-09-29,2022-09-30,42.4855,False
OPER_MARGIN,CEG,2988,2014-01-24,2022-03-30,2022-03-31,2.82,False
OPER_MARGIN,RDDT,2714,2014-01-24,2021-06-29,2021-06-30,-71.8871,False
OPER_MARGIN,UMG,2349,2014-01-24,2020-06-29,2020-06-30,13.5084,False
OPER_MARGIN,DASH,1983,2014-01-24,2019-06-29,2019-06-30,-145.8647,False
OPER_MARGIN,VRT,1983,2014-01-24,2019-06-29,2019-06-30,2.0857,False
OPER_MARGIN,PLTR,1983,2014-01-24,2019-06-29,2019-06-30,-98.908,False
OPER_MARGIN,APP,1983,2014-01-24,2019-06-29,2019-06-30,19.7177,False
OPER_MARGIN,SNOW,1833,2014-01-24,2019-01-30,2019-01-31,-135.9623,False
OPER_MARGIN,285A,1710,2014-01-24,2018-09-29,2018-09-30,16.4252,False
OPER_MARGIN,ABNB,1618,2014-01-24,2018-06-29,2018-06-30,-21.0741,False
OPER_MARGIN,LIN,1618,2014-01-24,2018-06-29,2018-06-30,10.0706,False
OPER_MARGIN,RBLX,1618,2014-01-24,2018-06-29,2018-06-30,-22.5463,False
OPER_MARGIN,CRWD,1557,2014-01-24,2018-04-29,2018-04-30,-94.9635,False
OPER_MARGIN,UBER,1253,2014-01-24,2017-06-29,2017-06-30,-53.499,False
OPER_MARGIN,DDOG,1253,2014-01-24,2017-06-29,2017-06-30,-2.7988,False
OPER_MARGIN,NET,1253,2014-01-24,2017-06-29,2017-06-30,-21.4651,False
OPER_MARGIN,VST,1253,2014-01-24,2017-06-29,2017-06-30,11.4223,False
OPER_MARGIN,SPOT,888,2014-01-24,2016-06-29,2016-06-30,-16.9628,False
OPER_MARGIN,HWM,797,2014-01-24,2016-03-30,2016-03-31,2.8753,False
OPER_MARGIN,ZS,737,2014-01-24,2016-01-30,2016-01-31,-39.3241,False
OPER_MARGIN,TTD,706,2014-01-24,2015-12-30,2015-12-31,31.9522,False
OPER_MARGIN,LITE,610,2014-01-24,2015-09-25,2015-09-26,-6.989,False
OPER_MARGIN,DELL,553,2014-01-24,2015-07-30,2015-07-31,-2.6094,False
OPER_MARGIN,LSEG,522,2014-01-24,2015-06-29,2015-06-30,23.8994,False
OPER_MARGIN,RACE,431,2014-01-24,2015-03-30,2015-03-31,12.9564,False
OPER_MARGIN,PUB,341,2014-01-24,2014-12-30,2014-12-31,11.763,False
OPER_MARGIN,ULVR,341,2014-01-24,2014-12-30,2014-12-31,18.1716,False
OPER_MARGIN,RIO,341,2014-01-24,2014-12-30,2014-12-31,22.9404,False
OPER_MARGIN,ZURN,341,2014-01-24,2014-12-30,2014-12-31,9.4546,False
OPER_MARGIN,MC,341,2014-01-24,2014-12-30,2014-12-31,18.0598,False
OPER_MARGIN,SU,341,2014-01-24,2014-12-30,2014-12-31,10.6752,False
OPER_MARGIN,NESN,341,2014-01-24,2014-12-30,2014-12-31,14.3822,False
OPER_MARGIN,AI,341,2014-01-24,2014-12-30,2014-12-31,16.6318,False
OPER_MARGIN,RMS,341,2014-01-24,2014-12-30,2014-12-31,32.5869,False
OPER_MARGIN,OR,341,2014-01-24,2014-12-30,2014-12-31,17.4279,False
OPER_MARGIN,ROP,341,2014-01-24,2014-12-30,2014-12-31,35.4836,False
OPER_MARGIN,REL,341,2014-01-24,2014-12-30,2014-12-31,23.8145,False
OPER_MARGIN,SAF,341,2014-01-24,2014-12-30,2014-12-31,7.5875,False
OPER_MARGIN,RR/,341,2014-01-24,2014-12-30,2014-12-31,6.8331,False
OPER_MARGIN,CFR,249,2014-01-24,2014-09-29,2014-09-30,22.4941,False
OPER_MARGIN,MPC,157,2014-01-24,2014-06-29,2014-06-30,1.4975,False
OPER_MARGIN,GLW,157,2014-01-24,2014-06-29,2014-06-30,13.7615,False
OPER_MARGIN,HON,157,2014-01-24,2014-06-29,2014-06-30,14.1853,False
OPER_MARGIN,XOM,157,2014-01-24,2014-06-29,2014-06-30,10.9483,False
OPER_MARGIN,UNP,157,2014-01-24,2014-06-29,2014-06-30,32.884,False
OPER_MARGIN,MCD,157,2014-01-24,2014-06-29,2014-06-30,28.8942,False
OPER_MARGIN,LNG,157,2014-01-24,2014-06-29,2014-06-30,-70.4841,False
OPER_MARGIN,NFLX,157,2014-01-24,2014-06-29,2014-06-30,7.6841,False
OPER_MARGIN,WFC,157,2014-01-24,2014-06-29,2014-06-30,40.4945,False
OPER_MARGIN,TSLA,157,2014-01-24,2014-06-29,2014-06-30,-7.0853,False
OPER_MARGIN,BE,157,2014-01-24,2014-06-29,2014-06-30,-113.7375,False
OPER_MARGIN,GOOGL,157,2014-01-24,2014-06-29,2014-06-30,26.6861,False
OPER_MARGIN,META,157,2014-01-24,2014-06-29,2014-06-30,42.9656,False
OPER_MARGIN,AMZN,157,2014-01-24,2014-06-29,2014-06-30,0.7396,False
OPER_MARGIN,BN,157,2014-01-24,2014-06-29,2014-06-30,21.6459,False
OPER_MARGIN,PGR,157,2014-01-24,2014-06-29,2014-06-30,10.8111,False
OPER_MARGIN,SCHW,157,2014-01-24,2014-06-29,2014-06-30,35.2941,False
OPER_MARGIN,AON,157,2014-01-24,2014-06-29,2014-06-30,15.9145,False
OPER_MARGIN,AXP,157,2014-01-24,2014-06-29,2014-06-30,27.0158,False
OPER_MARGIN,8035,157,2014-01-24,2014-06-29,2014-06-30,11.3832,False
OPER_MARGIN,IFX,157,2014-01-24,2014-06-29,2014-06-30,12.8449,False
OPER_MARGIN,MS,157,2014-01-24,2014-06-29,2014-06-30,26.345,False
OPER_MARGIN,IBM,157,2014-01-24,2014-06-29,2014-06-30,13.2848,False
OPER_MARGIN,NOVOB,157,2014-01-24,2014-06-29,2014-06-30,39.4878,False
OPER_MARGIN,TXN,157,2014-01-24,2014-06-29,2014-06-30,23.1311,False
OPER_MARGIN,NOW,157,2014-01-24,2014-06-29,2014-06-30,-26.0127,False
OPER_MARGIN,AZN,157,2014-01-24,2014-06-29,2014-06-30,12.9412,False
OPER_MARGIN,SHEL,157,2014-01-24,2014-06-29,2014-06-30,5.9968,False
OPER_MARGIN,HSBA,157,2014-01-24,2014-06-29,2014-06-30,39.247,False
OPER_MARGIN,SAP,157,2014-01-24,2014-06-29,2014-06-30,19.5511,False
OPER_MARGIN,DLR,157,2014-01-24,2014-06-29,2014-06-30,23.0439,False
OPER_MARGIN,BKNG,157,2014-01-24,2014-06-29,2014-06-30,26.7222,False
OPER_MARGIN,PM,157,2014-01-24,2014-06-29,2014-06-30,42.663,False
OPER_MARGIN,WMB,157,2014-01-24,2014-06-29,2014-06-30,24.0137,False
OPER_MARGIN,6857,157,2014-01-24,2014-06-29,2014-06-30,-6.0226,False
OPER_MARGIN,SIE,157,2014-01-24,2014-06-29,2014-06-30,7.9425,False
OPER_MARGIN,RHM,157,2014-01-24,2014-06-29,2014-06-30,-0.194,False
OPER_MARGIN,ALV,157,2014-01-24,2014-06-29,2014-06-30,11.8177,False
OPER_MARGIN,BSX,157,2014-01-24,2014-06-29,2014-06-30,11.1048,False
OPER_MARGIN,MPWR,157,2014-01-24,2014-06-29,2014-06-30,15.1263,False
OPER_MARGIN,TSM,157,2014-01-24,2014-06-29,2014-06-30,35.4334,False
OPER_MARGIN,BAC,157,2014-01-24,2014-06-29,2014-06-30,-3.0178,False
OPER_MARGIN,PWR,157,2014-01-24,2014-06-29,2014-06-30,5.1343,False
OPER_MARGIN,BX,157,2014-01-24,2014-06-29,2014-06-30,47.2018,False
OPER_MARGIN,ANET,157,2014-01-24,2014-06-29,2014-06-30,18.7549,False
OPER_MARGIN,KLAC,157,2014-01-24,2014-06-29,2014-06-30,31.4049,False
OPER_MARGIN,CME,157,2014-01-24,2014-06-29,2014-06-30,58.4641,False
OPER_MARGIN,KKR,157,2014-01-24,2014-06-29,2014-06-30,81.0659,False
OPER_MARGIN,C,157,2014-01-24,2014-06-29,2014-06-30,30.1049,False
OPER_MARGIN,7203,157,2014-01-24,2014-06-29,2014-06-30,6.6388,False
OPER_MARGIN,ABBN,157,2014-01-24,2014-06-29,2014-06-30,9.0276,False
OPER_MARGIN,DTE,157,2014-01-24,2014-06-29,2014-06-30,21.0957,False
OPER_MARGIN,7974,157,2014-01-24,2014-06-29,2014-06-30,-61.7676,False
OPER_MARGIN,APH,157,2014-01-24,2014-06-29,2014-06-30,18.6261,False
OPER_MARGIN,IBE,157,2014-01-24,2014-06-29,2014-06-30,15.3225,False
OPER_MARGIN,FCX,157,2014-01-24,2014-06-29,2014-06-30,22.2869,False
OPER_MARGIN,ETN,157,2014-01-24,2014-06-29,2014-06-30,9.2862,False
OPER_MARGIN,PLD,157,2014-01-24,2014-06-29,2014-06-30,16.441,False
OPER_MARGIN,TMUS,157,2014-01-24,2014-06-29,2014-06-30,-0.4073,False
OPER_MARGIN,EQIX,157,2014-01-24,2014-06-29,2014-06-30,20.9657,False
OPER_MARGIN,AMT,157,2014-01-24,2014-06-29,2014-06-30,35.9355,False
OPER_MARGIN,NEE,157,2014-01-24,2014-06-29,2014-06-30,20.0871,False
OPER_MARGIN,ISRG,157,2014-01-24,2014-06-29,2014-06-30,12.1799,False
OPER_MARGIN,ABBV,157,2014-01-24,2014-06-29,2014-06-30,29.6077,False
OPER_MARGIN,REGN,157,2014-01-24,2014-06-29,2014-06-30,30.6137,False
OPER_MARGIN,JPM,157,2014-01-24,2014-06-29,2014-06-30,33.2931,False
OPER_MARGIN,000660,157,2014-01-24,2014-06-29,2014-06-30,28.2488,False
OPER_MARGIN,005930,157,2014-01-24,2014-06-29,2014-06-30,15.8151,False
OPER_MARGIN,UNH,157,2014-01-24,2014-06-29,2014-06-30,6.4779,False
OPER_MARGIN,LLY,157,2014-01-24,2014-06-29,2014-06-30,17.8258,False
OPER_MARGIN,V,157,2014-01-24,2014-06-29,2014-06-30,64.7487,False
OPER_MARGIN,MA,157,2014-01-24,2014-06-29,2014-06-30,59.1621,False
OPER_MARGIN,BLK,157,2014-01-24,2014-06-29,2014-06-30,41.0394,False
OPER_MARGIN,SPGI,157,2014-01-24,2014-06-29,2014-06-30,35.1171,False
OPER_MARGIN,PG,157,2014-01-24,2014-06-29,2014-06-30,16.8321,False
OPER_MARGIN,CAT,157,2014-01-24,2014-06-29,2014-06-30,10.5581,False
OPER_MARGIN,GS,157,2014-01-24,2014-06-29,2014-06-30,32.3864,False
OPER_MARGIN,MSFT,157,2014-01-24,2014-06-29,2014-06-30,34.1812,False
OPER_MARGIN,4063,157,2014-01-24,2014-06-29,2014-06-30,13.2307,False
OPER_MARGIN,COP,157,2014-01-24,2014-06-29,2014-06-30,21.1677,False
OPER_MARGIN,SLB,157,2014-01-24,2014-06-29,2014-06-30,18.7205,False
OPER_MARGIN,UCG,157,2014-01-24,2014-06-29,2014-06-30,20.0347,False
OPER_MARGIN,MSCI,157,2014-01-24,2014-06-29,2014-06-30,33.1702,False
OPER_MARGIN,WM,157,2014-01-24,2014-06-29,2014-06-30,13.8104,False
OPER_MARGIN,PH,157,2014-01-24,2014-06-29,2014-06-30,10.2808,False
OPER_MARGIN,ADP,157,2014-01-24,2014-06-29,2014-06-30,23.1532,False
OPER_MARGIN,7011,157,2014-01-24,2014-06-29,2014-06-30,6.8021,False
OPER_MARGIN,GILD,157,2014-01-24,2014-06-29,2014-06-30,60.8657,False
OPER_MARGIN,6758,157,2014-01-24,2014-06-29,2014-06-30,-5.6233,False
OPER_MARGIN,HCA,157,2014-01-24,2014-06-29,2014-06-30,12.2283,False
OPER_MARGIN,CMG,157,2014-01-24,2014-06-29,2014-06-30,15.0028,False
OPER_MARGIN,GM,157,2014-01-24,2014-06-29,2014-06-30,-1.4302,False
OPER_MARGIN,MAR,157,2014-01-24,2014-06-29,2014-06-30,7.7133,False
OPER_MARGIN,8316,157,2014-01-24,2014-06-29,2014-06-30,35.5726,False
OPER_MARGIN,BNY,157,2014-01-24,2014-06-29,2014-06-30,25.349,False
OPER_MARGIN,SHW,157,2014-01-24,2014-06-29,2014-06-30,7.7068,False
OPER_MARGIN,TEAM,157,2014-01-24,2014-06-29,2014-06-30,12.1504,False
OPER_MARGIN,COHR,157,2014-01-24,2014-06-29,2014-06-30,5.0376,False
OPER_MARGIN,FICO,157,2014-01-24,2014-06-29,2014-06-30,20.8868,False
OPER_MARGIN,VRSN,157,2014-01-24,2014-06-29,2014-06-30,56.1042,False
OPER_MARGIN,MRSH,157,2014-01-24,2014-06-29,2014-06-30,20.6189,False
OPER_MARGIN,ASM,157,2014-01-24,2014-06-29,2014-06-30,21.5638,False
OPER_MARGIN,UBSG,157,2014-01-24,2014-06-29,2014-06-30,17.7679,False
OPER_MARGIN,IBKR,157,2014-01-24,2014-06-29,2014-06-30,61.4085,False
OPER_MARGIN,APO,157,2014-01-24,2014-06-29,2014-06-30,59.2262,False
OPER_MARGIN,CVX,157,2014-01-24,2014-06-29,2014-06-30,11.5047,False
OPER_MARGIN,SO,157,2014-01-24,2014-06-29,2014-06-30,15.0732,False
OPER_MARGIN,T,157,2014-01-24,2014-06-29,2014-06-30,19.3312,False
OPER_MARGIN,TTWO,157,2014-01-24,2014-06-29,2014-06-30,-12.0815,False
OPER_MARGIN,8306,157,2014-01-24,2014-06-29,2014-06-30,37.2342,False
OPER_MARGIN,AIR,157,2014-01-24,2014-06-29,2014-06-30,5.0443,False
OPER_MARGIN,MRK,157,2014-01-24,2014-06-29,2014-06-30,18.7841,False
OPER_MARGIN,AMGN,157,2014-01-24,2014-06-29,2014-06-30,30.1703,False
OPER_MARGIN,SYK,157,2014-01-24,2014-06-29,2014-06-30,5.6833,False
OPER_MARGIN,MCK,157,2014-01-24,2014-06-29,2014-06-30,1.5992,False
OPER_MARGIN,EMR,157,2014-01-24,2014-06-29,2014-06-30,14.8658,False
OPER_MARGIN,AXON,157,2014-01-24,2014-06-29,2014-06-30,13.4199,False
OPER_MARGIN,BNP,157,2014-01-24,2014-06-29,2014-06-30,20.5227,False
OPER_MARGIN,ORLY,157,2014-01-24,2014-06-29,2014-06-30,16.6163,False
OPER_MARGIN,NOVN,157,2014-01-24,2014-06-29,2014-06-30,21.6023,False
OPER_MARGIN,PYPL,157,2014-01-24,2014-06-29,2014-06-30,16.9691,False
OPER_MARGIN,RTX,157,2014-01-24,2014-06-29,2014-06-30,14.2286,False
OPER_MARGIN,COF,157,2014-01-24,2014-06-29,2014-06-30,31.7132,False
OPER_MARGIN,MUV2,157,2014-01-24,2014-06-29,2014-06-30,8.2607,False
OPER_MARGIN,6146,157,2014-01-24,2014-06-29,2014-06-30,15.5546,False
OPER_MARGIN,DSY,157,2014-01-24,2014-06-29,2014-06-30,15.9865,False
OPER_MARGIN,MDLZ,157,2014-01-24,2014-06-29,2014-06-30,9.7558,False
OPER_MARGIN,NEM,157,2014-01-24,2014-06-29,2014-06-30,10.771,False
OPER_MARGIN,ECL,157,2014-01-24,2014-06-29,2014-06-30,10.5167,False
OPER_MARGIN,GE,157,2014-01-24,2014-06-29,2014-06-30,10.1253,False
OPER_MARGIN,SAN,157,2014-01-24,2014-06-29,2014-06-30,18.0189,False
OPER_MARGIN,TT,157,2014-01-24,2014-06-29,2014-06-30,5.6925,False
OPER_MARGIN,ICE,157,2014-01-24,2014-06-29,2014-06-30,49.059,False
OPER_MARGIN,MCO,157,2014-01-24,2014-06-29,2014-06-30,43.4046,False
OPER_MARGIN,CB,157,2014-01-24,2014-06-29,2014-06-30,20.2435,False
OPER_MARGIN,FTNT,157,2014-01-24,2014-06-29,2014-06-30,7.5851,False
OPER_MARGIN,6981,157,2014-01-24,2014-06-29,2014-06-30,10.6016,False
OPER_MARGIN,BRK/B,157,2014-01-24,2014-06-29,2014-06-30,16.2366,False
OPER_MARGIN,VRTX,157,2014-01-24,2014-06-29,2014-06-30,-182.3893,False
OPER_MARGIN,ABT,157,2014-01-24,2014-06-29,2014-06-30,7.6761,False
OPER_MARGIN,VZ,157,2014-01-24,2014-06-29,2014-06-30,23.2332,False
OPER_MARGIN,CMCSA,157,2014-01-24,2014-06-29,2014-06-30,20.4963,False
OPER_MARGIN,ENEL,157,2014-01-24,2014-06-29,2014-06-30,14.0964,False
OPER_MARGIN,NRG,157,2014-01-24,2014-06-29,2014-06-30,5.1635,False
OPER_MARGIN,WELL,157,2014-01-24,2014-06-29,2014-06-30,24.1007,False
OPER_MARGIN,LYV,157,2014-01-24,2014-06-29,2014-06-30,-1.0918,False
OPER_MARGIN,MO,157,2014-01-24,2014-06-29,2014-06-30,43.2635,False
OPER_MARGIN,TKO,157,2014-01-24,2014-06-29,2014-06-30,-9.6996,False
OPER_MARGIN,CL,157,2014-01-24,2014-06-29,2014-06-30,14.659,False
OPER_MARGIN,MNST,157,2014-01-24,2014-06-29,2014-06-30,27.7663,False
OPER_MARGIN,APD,157,2014-01-24,2014-06-29,2014-06-30,14.8999,False
OPER_MARGIN,TTE,157,2014-01-24,2014-06-29,2014-06-30,12.2979,False
OPER_MARGIN,9433,157,2014-01-24,2014-06-29,2014-06-30,11.2675,False
OPER_MARGIN,9432,157,2014-01-24,2014-06-29,2014-06-30,7.8805,False
OPER_MARGIN,SBUX,156,2014-01-24,2014-06-28,2014-06-29,16.6271,False
OPER_MARGIN,PFE,156,2014-01-24,2014-06-28,2014-06-29,30.5646,False
OPER_MARGIN,ZTS,156,2014-01-24,2014-06-28,2014-06-29,23.4275,False
OPER_MARGIN,NXPI,156,2014-01-24,2014-06-28,2014-06-29,14.687,False
OPER_MARGIN,LMT,156,2014-01-24,2014-06-28,2014-06-29,13.446,False
OPER_MARGIN,LRCX,156,2014-01-24,2014-06-28,2014-06-29,15.6378,False
OPER_MARGIN,JNJ,156,2014-01-24,2014-06-28,2014-06-29,31.0682,False
OPER_MARGIN,QCOM,156,2014-01-24,2014-06-28,2014-06-29,31.2549,False
OPER_MARGIN,ASML,156,2014-01-24,2014-06-28,2014-06-29,19.0261,False
OPER_MARGIN,TER,156,2014-01-24,2014-06-28,2014-06-29,1.1489,False
OPER_MARGIN,TMO,155,2014-01-24,2014-06-27,2014-06-28,22.4286,False
OPER_MARGIN,AAPL,155,2014-01-24,2014-06-27,2014-06-28,29.7792,False
OPER_MARGIN,AMD,155,2014-01-24,2014-06-27,2014-06-28,3.5075,False
OPER_MARGIN,DIS,155,2014-01-24,2014-06-27,2014-06-28,24.8605,False
OPER_MARGIN,CDNS,155,2014-01-24,2014-06-27,2014-06-28,11.1774,False
OPER_MARGIN,INTC,155,2014-01-24,2014-06-27,2014-06-28,19.6647,False
OPER_MARGIN,MSI,155,2014-01-24,2014-06-27,2014-06-28,8.7134,False
OPER_MARGIN,GRMN,155,2014-01-24,2014-06-27,2014-06-28,20.6387,False
OPER_MARGIN,STX,154,2014-01-24,2014-06-26,2014-06-27,13.0358,False
OPER_MARGIN,FN,154,2014-01-24,2014-06-26,2014-06-27,28.6788,False
OPER_MARGIN,ON,154,2014-01-24,2014-06-26,2014-06-27,10.0071,False
OPER_MARGIN,WDC,154,2014-01-24,2014-06-26,2014-06-27,11.3151,False
OPER_MARGIN,DHR,154,2014-01-24,2014-06-26,2014-06-27,16.9194,False
OPER_MARGIN,KO,154,2014-01-24,2014-06-26,2014-06-27,22.466,False
OPER_MARGIN,PEP,141,2014-01-24,2014-06-13,2014-06-14,14.3151,False
OPER_MARGIN,NKE,127,2014-01-24,2014-05-30,2014-05-31,13.3964,False
OPER_MARGIN,ACN,127,2014-01-24,2014-05-30,2014-05-31,12.5707,False
OPER_MARGIN,ORCL,127,2014-01-24,2014-05-30,2014-05-31,38.326,False
OPER_MARGIN,ADBE,126,2014-01-24,2014-05-29,2014-05-30,7.8737,False
OPER_MARGIN,MU,125,2014-01-24,2014-05-28,2014-05-29,21.159,False
OPER_MARGIN,COST,107,2014-01-24,2014-05-10,2014-05-11,2.7522,False
OPER_MARGIN,HD,100,2014-01-24,2014-05-03,2014-05-04,9.9514,False
OPER_MARGIN,AVGO,100,2014-01-24,2014-05-03,2014-05-04,19.6051,False
OPER_MARGIN,MRVL,99,2014-01-24,2014-05-02,2014-05-03,10.7442,False
OPER_MARGIN,TJX,99,2014-01-24,2014-05-02,2014-05-03,12.0799,False
OPER_MARGIN,ADI,99,2014-01-24,2014-05-02,2014-05-03,28.5893,False
OPER_MARGIN,LOW,98,2014-01-24,2014-05-01,2014-05-02,5.3774,False
OPER_MARGIN,KEYS,96,2014-01-24,2014-04-29,2014-04-30,13.5618,False
OPER_MARGIN,ADSK,96,2014-01-24,2014-04-29,2014-04-30,8.8135,False
OPER_MARGIN,WDAY,96,2014-01-24,2014-04-29,2014-04-30,-33.8178,False
OPER_MARGIN,PANW,96,2014-01-24,2014-04-29,2014-04-30,-26.3391,False
OPER_MARGIN,WMT,96,2014-01-24,2014-04-29,2014-04-30,5.6643,False
OPER_MARGIN,DE,96,2014-01-24,2014-04-29,2014-04-30,14.8498,False
OPER_MARGIN,CRM,96,2014-01-24,2014-04-29,2014-04-30,-9.0589,False
OPER_MARGIN,SNPS,96,2014-01-24,2014-04-29,2014-04-30,12.5599,False
OPER_MARGIN,ITX,96,2014-01-24,2014-04-29,2014-04-30,19.2289,False
OPER_MARGIN,HPE,96,2014-01-24,2014-04-29,2014-04-30,4.2187,False
OPER_MARGIN,INTU,96,2014-01-24,2014-04-29,2014-04-30,-5.8824,False
OPER_MARGIN,NVDA,93,2014-01-24,2014-04-26,2014-04-27,14.5885,False
OPER_MARGIN,AMAT,93,2014-01-24,2014-04-26,2014-04-27,15.0685,False
OPER_MARGIN,CSCO,92,2014-01-24,2014-04-25,2014-04-26,14.944,False
OPER_MARGIN,MDT,91,2014-01-24,2014-04-24,2014-04-25,24.6217,False
PUT_CALL_OPEN_INTEREST_RATIO,SNDK,4080,2014-01-02,2025-03-04,2025-03-05,0.06,False
PUT_CALL_OPEN_INTEREST_RATIO,GEV,3750,2014-01-02,2024-04-08,2024-04-09,2.688,False
PUT_CALL_OPEN_INTEREST_RATIO,RDDT,3737,2014-01-02,2024-03-26,2024-03-27,1.021,False
PUT_CALL_OPEN_INTEREST_RATIO,ARM,3548,2014-01-02,2023-09-19,2023-09-20,1.9665,False
PUT_CALL_OPEN_INTEREST_RATIO,CEG,2962,2014-01-02,2022-02-10,2022-02-11,0.0833,False
PUT_CALL_OPEN_INTEREST_RATIO,APP,2668,2014-01-02,2021-04-22,2021-04-23,0.2727,False
PUT_CALL_OPEN_INTEREST_RATIO,RBLX,2632,2014-01-02,2021-03-17,2021-03-18,0.8397,False
PUT_CALL_OPEN_INTEREST_RATIO,ABNB,2542,2014-01-02,2020-12-17,2020-12-18,0.8011,False
PUT_CALL_OPEN_INTEREST_RATIO,DASH,2541,2014-01-02,2020-12-16,2020-12-17,1.2943,False
PUT_CALL_OPEN_INTEREST_RATIO,PLTR,2471,2014-01-02,2020-10-07,2020-10-08,0.2246,False
PUT_CALL_OPEN_INTEREST_RATIO,SNOW,2457,2014-01-02,2020-09-23,2020-09-24,0.8852,False
PUT_CALL_OPEN_INTEREST_RATIO,VRT,2269,2014-01-02,2020-03-19,2020-03-20,3.2,False
PUT_CALL_OPEN_INTEREST_RATIO,DDOG,2101,2014-01-02,2019-10-03,2019-10-04,0.0571,False
PUT_CALL_OPEN_INTEREST_RATIO,NET,2093,2014-01-02,2019-09-25,2019-09-26,0.6193,False
PUT_CALL_OPEN_INTEREST_RATIO,CRWD,1995,2014-01-02,2019-06-19,2019-06-20,0.8067,False
PUT_CALL_OPEN_INTEREST_RATIO,UBER,1964,2014-01-02,2019-05-19,2019-05-20,0.8835,False
PUT_CALL_OPEN_INTEREST_RATIO,DELL,1827,2014-01-02,2019-01-02,2019-01-03,1.667,False
PUT_CALL_OPEN_INTEREST_RATIO,BE,1699,2014-01-02,2018-08-27,2018-08-28,0.2963,False
PUT_CALL_OPEN_INTEREST_RATIO,SPOT,1560,2014-01-02,2018-04-10,2018-04-11,0.7623,False
PUT_CALL_OPEN_INTEREST_RATIO,ZS,1547,2014-01-02,2018-03-28,2018-03-29,0.3456,False
PUT_CALL_OPEN_INTEREST_RATIO,VST,1300,2014-01-02,2017-07-24,2017-07-25,0.0189,False
PUT_CALL_OPEN_INTEREST_RATIO,TTD,1205,2014-01-02,2017-04-20,2017-04-21,0.25,False
PUT_CALL_OPEN_INTEREST_RATIO,HWM,1037,2014-01-02,2016-11-03,2016-11-04,0.4568,False
PUT_CALL_OPEN_INTEREST_RATIO,TEAM,721,2014-01-02,2015-12-23,2015-12-24,0.1463,False
PUT_CALL_OPEN_INTEREST_RATIO,HPE,671,2014-01-02,2015-11-03,2015-11-04,0.3581,False
PUT_CALL_OPEN_INTEREST_RATIO,RACE,669,2014-01-02,2015-11-01,2015-11-02,0.5325,False
PUT_CALL_OPEN_INTEREST_RATIO,LITE,582,2014-01-02,2015-08-06,2015-08-07,0.5,False
PUT_CALL_OPEN_INTEREST_RATIO,PYPL,566,2014-01-02,2015-07-21,2015-07-22,0.5044,False
PUT_CALL_OPEN_INTEREST_RATIO,KEYS,314,2014-01-02,2014-11-11,2014-11-12,1.0,False
PUT_CALL_OPEN_INTEREST_RATIO,ANET,214,2014-01-02,2014-08-03,2014-08-04,0.1667,False
PUT_CALL_OPEN_INTEREST_RATIO,COHR,5,2014-01-02,2014-01-06,2014-01-07,0.1739,False
PUT_CALL_OPEN_INTEREST_RATIO,ORLY,4,2014-01-02,2014-01-05,2014-01-06,0.792,False
PUT_CALL_OPEN_INTEREST_RATIO,HON,1,2014-01-02,2014-01-02,2014-01-03,1.3247,False
PUT_CALL_OPEN_INTEREST_RATIO,UNP,1,2014-01-02,2014-01-02,2014-01-03,1.6675,False
PUT_CALL_OPEN_INTEREST_RATIO,LMT,1,2014-01-02,2014-01-02,2014-01-03,2.573,False
PUT_CALL_OPEN_INTEREST_RATIO,ETN,1,2014-01-02,2014-01-02,2014-01-03,0.9772,False
PUT_CALL_OPEN_INTEREST_RATIO,DE,1,2014-01-02,2014-01-02,2014-01-03,1.2518,False
PUT_CALL_OPEN_INTEREST_RATIO,MSFT,1,2014-01-02,2014-01-02,2014-01-03,0.793,False
PUT_CALL_OPEN_INTEREST_RATIO,AAPL,1,2014-01-02,2014-01-02,2014-01-03,0.6131,False
PUT_CALL_OPEN_INTEREST_RATIO,TSLA,1,2014-01-02,2014-01-02,2014-01-03,1.1529,False
PUT_CALL_OPEN_INTEREST_RATIO,NVDA,1,2014-01-02,2014-01-02,2014-01-03,0.6886,False
PUT_CALL_OPEN_INTEREST_RATIO,META,1,2014-01-02,2014-01-02,2014-01-03,0.726,False
PUT_CALL_OPEN_INTEREST_RATIO,AMZN,1,2014-01-02,2014-01-02,2014-01-03,1.218,False
PUT_CALL_OPEN_INTEREST_RATIO,GOOGL,1,2014-01-02,2014-01-02,2014-01-03,1.001,False
PUT_CALL_OPEN_INTEREST_RATIO,AVGO,1,2014-01-02,2014-01-02,2014-01-03,0.587,False
PUT_CALL_OPEN_INTEREST_RATIO,MU,1,2014-01-02,2014-01-02,2014-01-03,0.61,False
PUT_CALL_OPEN_INTEREST_RATIO,UNH,1,2014-01-02,2014-01-02,2014-01-03,1.302,False
PUT_CALL_OPEN_INTEREST_RATIO,LLY,1,2014-01-02,2014-01-02,2014-01-03,0.892,False
PUT_CALL_OPEN_INTEREST_RATIO,ISRG,1,2014-01-02,2014-01-02,2014-01-03,1.1971,False
PUT_CALL_OPEN_INTEREST_RATIO,ABBV,1,2014-01-02,2014-01-02,2014-01-03,0.6089,False
PUT_CALL_OPEN_INTEREST_RATIO,REGN,1,2014-01-02,2014-01-02,2014-01-03,0.88,False
PUT_CALL_OPEN_INTEREST_RATIO,JPM,1,2014-01-02,2014-01-02,2014-01-03,1.3654,False
PUT_CALL_OPEN_INTEREST_RATIO,V,1,2014-01-02,2014-01-02,2014-01-03,1.1026,False
PUT_CALL_OPEN_INTEREST_RATIO,MA,1,2014-01-02,2014-01-02,2014-01-03,1.0,False
PUT_CALL_OPEN_INTEREST_RATIO,BLK,1,2014-01-02,2014-01-02,2014-01-03,2.296,False
PUT_CALL_OPEN_INTEREST_RATIO,SPGI,1,2014-01-02,2014-01-02,2014-01-03,0.401,False
PUT_CALL_OPEN_INTEREST_RATIO,GS,1,2014-01-02,2014-01-02,2014-01-03,1.633,False
PUT_CALL_OPEN_INTEREST_RATIO,COST,1,2014-01-02,2014-01-02,2014-01-03,1.011,False
PUT_CALL_OPEN_INTEREST_RATIO,HD,1,2014-01-02,2014-01-02,2014-01-03,1.344,False
PUT_CALL_OPEN_INTEREST_RATIO,PG,1,2014-01-02,2014-01-02,2014-01-03,0.6118,False
PUT_CALL_OPEN_INTEREST_RATIO,MCD,1,2014-01-02,2014-01-02,2014-01-03,0.752,False
PUT_CALL_OPEN_INTEREST_RATIO,WMT,1,2014-01-02,2014-01-02,2014-01-03,1.1378,False
PUT_CALL_OPEN_INTEREST_RATIO,CAT,1,2014-01-02,2014-01-02,2014-01-03,1.444,False
PUT_CALL_OPEN_INTEREST_RATIO,TSM,1,2014-01-02,2014-01-02,2014-01-03,1.1923,False
PUT_CALL_OPEN_INTEREST_RATIO,ORCL,1,2014-01-02,2014-01-02,2014-01-03,0.831,False
PUT_CALL_OPEN_INTEREST_RATIO,INTC,1,2014-01-02,2014-01-02,2014-01-03,0.8914,False
PUT_CALL_OPEN_INTEREST_RATIO,CSCO,1,2014-01-02,2014-01-02,2014-01-03,0.7216,False
PUT_CALL_OPEN_INTEREST_RATIO,BAC,1,2014-01-02,2014-01-02,2014-01-03,0.7826,False
PUT_CALL_OPEN_INTEREST_RATIO,MPWR,1,2014-01-02,2014-01-02,2014-01-03,0.344,False
PUT_CALL_OPEN_INTEREST_RATIO,FN,1,2014-01-02,2014-01-02,2014-01-03,0.4769,False
PUT_CALL_OPEN_INTEREST_RATIO,PANW,1,2014-01-02,2014-01-02,2014-01-03,0.242,False
PUT_CALL_OPEN_INTEREST_RATIO,AMAT,1,2014-01-02,2014-01-02,2014-01-03,0.6361,False
PUT_CALL_OPEN_INTEREST_RATIO,LRCX,1,2014-01-02,2014-01-02,2014-01-03,0.5045,False
PUT_CALL_OPEN_INTEREST_RATIO,MPC,1,2014-01-02,2014-01-02,2014-01-03,0.5384,False
PUT_CALL_OPEN_INTEREST_RATIO,WFC,1,2014-01-02,2014-01-02,2014-01-03,1.186,False
PUT_CALL_OPEN_INTEREST_RATIO,JNJ,1,2014-01-02,2014-01-02,2014-01-03,1.4088,False
PUT_CALL_OPEN_INTEREST_RATIO,GLW,1,2014-01-02,2014-01-02,2014-01-03,0.5293,False
PUT_CALL_OPEN_INTEREST_RATIO,TER,1,2014-01-02,2014-01-02,2014-01-03,0.8108,False
PUT_CALL_OPEN_INTEREST_RATIO,NFLX,1,2014-01-02,2014-01-02,2014-01-03,1.22,False
PUT_CALL_OPEN_INTEREST_RATIO,CRM,1,2014-01-02,2014-01-02,2014-01-03,0.9899,False
PUT_CALL_OPEN_INTEREST_RATIO,AMD,1,2014-01-02,2014-01-02,2014-01-03,0.9123,False
PUT_CALL_OPEN_INTEREST_RATIO,PLD,1,2014-01-02,2014-01-02,2014-01-03,0.1627,False
PUT_CALL_OPEN_INTEREST_RATIO,TMUS,1,2014-01-02,2014-01-02,2014-01-03,0.6686,False
PUT_CALL_OPEN_INTEREST_RATIO,EQIX,1,2014-01-02,2014-01-02,2014-01-03,0.647,False
PUT_CALL_OPEN_INTEREST_RATIO,AMT,1,2014-01-02,2014-01-02,2014-01-03,0.762,False
PUT_CALL_OPEN_INTEREST_RATIO,NEE,1,2014-01-02,2014-01-02,2014-01-03,0.5574,False
PUT_CALL_OPEN_INTEREST_RATIO,LIN,1,2014-01-02,2014-01-02,2014-01-03,0.8451,False
PUT_CALL_OPEN_INTEREST_RATIO,FCX,1,2014-01-02,2014-01-02,2014-01-03,0.9141,False
PUT_CALL_OPEN_INTEREST_RATIO,LNG,1,2014-01-02,2014-01-02,2014-01-03,0.4227,False
PUT_CALL_OPEN_INTEREST_RATIO,XOM,1,2014-01-02,2014-01-02,2014-01-03,1.08,False
PUT_CALL_OPEN_INTEREST_RATIO,DLR,1,2014-01-02,2014-01-02,2014-01-03,1.2324,False
PUT_CALL_OPEN_INTEREST_RATIO,BX,1,2014-01-02,2014-01-02,2014-01-03,0.6062,False
PUT_CALL_OPEN_INTEREST_RATIO,PWR,1,2014-01-02,2014-01-02,2014-01-03,0.5286,False
PUT_CALL_OPEN_INTEREST_RATIO,TMO,1,2014-01-02,2014-01-02,2014-01-03,0.885,False
PUT_CALL_OPEN_INTEREST_RATIO,BSX,1,2014-01-02,2014-01-02,2014-01-03,0.4258,False
PUT_CALL_OPEN_INTEREST_RATIO,AON,1,2014-01-02,2014-01-02,2014-01-03,0.3891,False
PUT_CALL_OPEN_INTEREST_RATIO,PGR,1,2014-01-02,2014-01-02,2014-01-03,0.3138,False
PUT_CALL_OPEN_INTEREST_RATIO,AXP,1,2014-01-02,2014-01-02,2014-01-03,1.1994,False
PUT_CALL_OPEN_INTEREST_RATIO,SCHW,1,2014-01-02,2014-01-02,2014-01-03,0.4873,False
PUT_CALL_OPEN_INTEREST_RATIO,DIS,1,2014-01-02,2014-01-02,2014-01-03,0.8048,False
PUT_CALL_OPEN_INTEREST_RATIO,CME,1,2014-01-02,2014-01-02,2014-01-03,1.057,False
PUT_CALL_OPEN_INTEREST_RATIO,BN,1,2014-01-02,2014-01-02,2014-01-03,3.8378,False
PUT_CALL_OPEN_INTEREST_RATIO,KKR,1,2014-01-02,2014-01-02,2014-01-03,0.5738,False
PUT_CALL_OPEN_INTEREST_RATIO,T,1,2014-01-02,2014-01-02,2014-01-03,1.0077,False
PUT_CALL_OPEN_INTEREST_RATIO,TTWO,1,2014-01-02,2014-01-02,2014-01-03,0.5314,False
PUT_CALL_OPEN_INTEREST_RATIO,TJX,1,2014-01-02,2014-01-02,2014-01-03,1.4114,False
PUT_CALL_OPEN_INTEREST_RATIO,LOW,1,2014-01-02,2014-01-02,2014-01-03,0.7873,False
PUT_CALL_OPEN_INTEREST_RATIO,SBUX,1,2014-01-02,2014-01-02,2014-01-03,1.4224,False
PUT_CALL_OPEN_INTEREST_RATIO,CMCSA,1,2014-01-02,2014-01-02,2014-01-03,0.5719,False
PUT_CALL_OPEN_INTEREST_RATIO,VZ,1,2014-01-02,2014-01-02,2014-01-03,0.8808,False
PUT_CALL_OPEN_INTEREST_RATIO,C,1,2014-01-02,2014-01-02,2014-01-03,1.0953,False
PUT_CALL_OPEN_INTEREST_RATIO,VRTX,1,2014-01-02,2014-01-02,2014-01-03,0.5528,False
PUT_CALL_OPEN_INTEREST_RATIO,WMB,1,2014-01-02,2014-01-02,2014-01-03,0.1959,False
PUT_CALL_OPEN_INTEREST_RATIO,BKNG,1,2014-01-02,2014-01-02,2014-01-03,1.17,False
PUT_CALL_OPEN_INTEREST_RATIO,PM,1,2014-01-02,2014-01-02,2014-01-03,1.0425,False
PUT_CALL_OPEN_INTEREST_RATIO,TXN,1,2014-01-02,2014-01-02,2014-01-03,1.1429,False
PUT_CALL_OPEN_INTEREST_RATIO,ADBE,1,2014-01-02,2014-01-02,2014-01-03,1.67,False
PUT_CALL_OPEN_INTEREST_RATIO,NOW,1,2014-01-02,2014-01-02,2014-01-03,0.87,False
PUT_CALL_OPEN_INTEREST_RATIO,QCOM,1,2014-01-02,2014-01-02,2014-01-03,0.6331,False
PUT_CALL_OPEN_INTEREST_RATIO,ACN,1,2014-01-02,2014-01-02,2014-01-03,0.6343,False
PUT_CALL_OPEN_INTEREST_RATIO,IBM,1,2014-01-02,2014-01-02,2014-01-03,0.9246,False
PUT_CALL_OPEN_INTEREST_RATIO,ADI,1,2014-01-02,2014-01-02,2014-01-03,0.6443,False
PUT_CALL_OPEN_INTEREST_RATIO,MS,1,2014-01-02,2014-01-02,2014-01-03,2.3133,False
PUT_CALL_OPEN_INTEREST_RATIO,CDNS,1,2014-01-02,2014-01-02,2014-01-03,5.6333,False
PUT_CALL_OPEN_INTEREST_RATIO,STX,1,2014-01-02,2014-01-02,2014-01-03,1.068,False
PUT_CALL_OPEN_INTEREST_RATIO,KLAC,1,2014-01-02,2014-01-02,2014-01-03,1.12,False
PUT_CALL_OPEN_INTEREST_RATIO,MRVL,1,2014-01-02,2014-01-02,2014-01-03,0.4517,False
PUT_CALL_OPEN_INTEREST_RATIO,FTNT,1,2014-01-02,2014-01-02,2014-01-03,0.305,False
PUT_CALL_OPEN_INTEREST_RATIO,WDC,1,2014-01-02,2014-01-02,2014-01-03,1.2737,False
PUT_CALL_OPEN_INTEREST_RATIO,WDAY,1,2014-01-02,2014-01-02,2014-01-03,0.9833,False
PUT_CALL_OPEN_INTEREST_RATIO,ADSK,1,2014-01-02,2014-01-02,2014-01-03,0.7521,False
PUT_CALL_OPEN_INTEREST_RATIO,NXPI,1,2014-01-02,2014-01-02,2014-01-03,0.5771,False
PUT_CALL_OPEN_INTEREST_RATIO,SNPS,1,2014-01-02,2014-01-02,2014-01-03,0.7818,False
PUT_CALL_OPEN_INTEREST_RATIO,APH,1,2014-01-02,2014-01-02,2014-01-03,0.9021,False
PUT_CALL_OPEN_INTEREST_RATIO,MSI,1,2014-01-02,2014-01-02,2014-01-03,1.4601,False
PUT_CALL_OPEN_INTEREST_RATIO,ECL,1,2014-01-02,2014-01-02,2014-01-03,0.888,False
PUT_CALL_OPEN_INTEREST_RATIO,KO,1,2014-01-02,2014-01-02,2014-01-03,1.4652,False
PUT_CALL_OPEN_INTEREST_RATIO,TT,1,2014-01-02,2014-01-02,2014-01-03,1.1206,False
PUT_CALL_OPEN_INTEREST_RATIO,INTU,1,2014-01-02,2014-01-02,2014-01-03,1.424,False
PUT_CALL_OPEN_INTEREST_RATIO,GE,1,2014-01-02,2014-01-02,2014-01-03,1.2412,False
PUT_CALL_OPEN_INTEREST_RATIO,ABT,1,2014-01-02,2014-01-02,2014-01-03,0.8464,False
PUT_CALL_OPEN_INTEREST_RATIO,DHR,1,2014-01-02,2014-01-02,2014-01-03,0.3988,False
PUT_CALL_OPEN_INTEREST_RATIO,MCO,1,2014-01-02,2014-01-02,2014-01-03,2.6164,False
PUT_CALL_OPEN_INTEREST_RATIO,NKE,1,2014-01-02,2014-01-02,2014-01-03,1.1474,False
PUT_CALL_OPEN_INTEREST_RATIO,MCK,1,2014-01-02,2014-01-02,2014-01-03,1.36,False
PUT_CALL_OPEN_INTEREST_RATIO,SYK,1,2014-01-02,2014-01-02,2014-01-03,0.7391,False
PUT_CALL_OPEN_INTEREST_RATIO,AMGN,1,2014-01-02,2014-01-02,2014-01-03,1.406,False
PUT_CALL_OPEN_INTEREST_RATIO,AXON,1,2014-01-02,2014-01-02,2014-01-03,0.3296,False
PUT_CALL_OPEN_INTEREST_RATIO,MRK,1,2014-01-02,2014-01-02,2014-01-03,0.8829,False
PUT_CALL_OPEN_INTEREST_RATIO,RTX,1,2014-01-02,2014-01-02,2014-01-03,1.081,False
PUT_CALL_OPEN_INTEREST_RATIO,EMR,1,2014-01-02,2014-01-02,2014-01-03,1.0816,False
PUT_CALL_OPEN_INTEREST_RATIO,CB,1,2014-01-02,2014-01-02,2014-01-03,0.861,False
PUT_CALL_OPEN_INTEREST_RATIO,SHW,1,2014-01-02,2014-01-02,2014-01-03,1.835,False
PUT_CALL_OPEN_INTEREST_RATIO,CVX,1,2014-01-02,2014-01-02,2014-01-03,1.0891,False
PUT_CALL_OPEN_INTEREST_RATIO,MDLZ,1,2014-01-02,2014-01-02,2014-01-03,0.9171,False
PUT_CALL_OPEN_INTEREST_RATIO,PEP,1,2014-01-02,2014-01-02,2014-01-03,0.59,False
PUT_CALL_OPEN_INTEREST_RATIO,COF,1,2014-01-02,2014-01-02,2014-01-03,1.1856,False
PUT_CALL_OPEN_INTEREST_RATIO,ICE,1,2014-01-02,2014-01-02,2014-01-03,1.792,False
PUT_CALL_OPEN_INTEREST_RATIO,BRK/B,1,2014-01-02,2014-01-02,2014-01-03,0.9512,False
PUT_CALL_OPEN_INTEREST_RATIO,ON,1,2014-01-02,2014-01-02,2014-01-03,0.0609,False
PUT_CALL_OPEN_INTEREST_RATIO,SO,1,2014-01-02,2014-01-02,2014-01-03,0.6653,False
PUT_CALL_OPEN_INTEREST_RATIO,NEM,1,2014-01-02,2014-01-02,2014-01-03,0.5065,False
PUT_CALL_OPEN_INTEREST_RATIO,VRSN,1,2014-01-02,2014-01-02,2014-01-03,0.3201,False
PUT_CALL_OPEN_INTEREST_RATIO,APO,1,2014-01-02,2014-01-02,2014-01-03,0.5443,False
PUT_CALL_OPEN_INTEREST_RATIO,MSCI,1,2014-01-02,2014-01-02,2014-01-03,2.4153,False
PUT_CALL_OPEN_INTEREST_RATIO,BNY,1,2014-01-02,2014-01-02,2014-01-03,1.0696,False
PUT_CALL_OPEN_INTEREST_RATIO,FICO,1,2014-01-02,2014-01-02,2014-01-03,1.29,False
PUT_CALL_OPEN_INTEREST_RATIO,IBKR,1,2014-01-02,2014-01-02,2014-01-03,1.5673,False
PUT_CALL_OPEN_INTEREST_RATIO,ADP,1,2014-01-02,2014-01-02,2014-01-03,0.9624,False
PUT_CALL_OPEN_INTEREST_RATIO,WM,1,2014-01-02,2014-01-02,2014-01-03,0.8939,False
PUT_CALL_OPEN_INTEREST_RATIO,PH,1,2014-01-02,2014-01-02,2014-01-03,0.8344,False
PUT_CALL_OPEN_INTEREST_RATIO,GILD,1,2014-01-02,2014-01-02,2014-01-03,1.4658,False
PUT_CALL_OPEN_INTEREST_RATIO,PFE,1,2014-01-02,2014-01-02,2014-01-03,0.9695,False
PUT_CALL_OPEN_INTEREST_RATIO,MDT,1,2014-01-02,2014-01-02,2014-01-03,1.2887,False
PUT_CALL_OPEN_INTEREST_RATIO,MRSH,1,2014-01-02,2014-01-02,2014-01-03,0.7413,False
PUT_CALL_OPEN_INTEREST_RATIO,HCA,1,2014-01-02,2014-01-02,2014-01-03,0.9416,False
PUT_CALL_OPEN_INTEREST_RATIO,ZTS,1,2014-01-02,2014-01-02,2014-01-03,1.0596,False
PUT_CALL_OPEN_INTEREST_RATIO,MAR,1,2014-01-02,2014-01-02,2014-01-03,0.8419,False
PUT_CALL_OPEN_INTEREST_RATIO,CMG,1,2014-01-02,2014-01-02,2014-01-03,1.173,False
PUT_CALL_OPEN_INTEREST_RATIO,GM,1,2014-01-02,2014-01-02,2014-01-03,0.5603,False
PUT_CALL_OPEN_INTEREST_RATIO,GRMN,1,2014-01-02,2014-01-02,2014-01-03,0.8898,False
PUT_CALL_OPEN_INTEREST_RATIO,LYV,1,2014-01-02,2014-01-02,2014-01-03,0.5948,False
PUT_CALL_OPEN_INTEREST_RATIO,TKO,1,2014-01-02,2014-01-02,2014-01-03,0.1519,False
PUT_CALL_OPEN_INTEREST_RATIO,MO,1,2014-01-02,2014-01-02,2014-01-03,1.2751,False
PUT_CALL_OPEN_INTEREST_RATIO,CL,1,2014-01-02,2014-01-02,2014-01-03,1.1673,False
PUT_CALL_OPEN_INTEREST_RATIO,MNST,1,2014-01-02,2014-01-02,2014-01-03,1.11,False
PUT_CALL_OPEN_INTEREST_RATIO,COP,1,2014-01-02,2014-01-02,2014-01-03,1.1893,False
PUT_CALL_OPEN_INTEREST_RATIO,SLB,1,2014-01-02,2014-01-02,2014-01-03,0.9384,False
PUT_CALL_OPEN_INTEREST_RATIO,APD,1,2014-01-02,2014-01-02,2014-01-03,0.6021,False
PUT_CALL_OPEN_INTEREST_RATIO,NRG,1,2014-01-02,2014-01-02,2014-01-03,0.9516,False
PUT_CALL_OPEN_INTEREST_RATIO,WELL,1,2014-01-02,2014-01-02,2014-01-03,0.4232,False
PX_LAST,SNDK,4061,2014-01-02,2025-02-13,2025-02-14,36.0,False
PX_LAST,285A,4003,2014-01-02,2024-12-17,2024-12-18,485.0,False
PX_LAST,GEV,3738,2014-01-02,2024-03-27,2024-03-28,130.698,False
PX_LAST,RDDT,3731,2014-01-02,2024-03-20,2024-03-21,34.0,False
PX_LAST,ARM,3542,2014-01-02,2023-09-13,2023-09-14,51.0,False
PX_LAST,CEG,2940,2014-01-02,2022-01-19,2022-01-20,40.4308,False
PX_LAST,UMG,2820,2014-01-02,2021-09-21,2021-09-22,22.545,False
PX_LAST,APP,2660,2014-01-02,2021-04-14,2021-04-15,80.0,False
PX_LAST,RBLX,2624,2014-01-02,2021-03-09,2021-03-10,45.0,False
PX_LAST,ABNB,2534,2014-01-02,2020-12-09,2020-12-10,68.0,False
PX_LAST,DASH,2533,2014-01-02,2020-12-08,2020-12-09,102.0,False
PX_LAST,PLTR,2463,2014-01-02,2020-09-29,2020-09-30,7.25,False
PX_LAST,SNOW,2449,2014-01-02,2020-09-15,2020-09-16,120.0,False
PX_LAST,DDOG,2086,2014-01-02,2019-09-18,2019-09-19,27.0,False
PX_LAST,NET,2080,2014-01-02,2019-09-12,2019-09-13,15.0,False
PX_LAST,CRWD,1987,2014-01-02,2019-06-11,2019-06-12,8.5,False
PX_LAST,UBER,1954,2014-01-02,2019-05-09,2019-05-10,45.0,False
PX_LAST,DELL,1819,2014-01-02,2018-12-25,2018-12-26,19.3803,False
PX_LAST,VRT,1672,2014-01-02,2018-07-31,2018-08-01,9.7958,False
PX_LAST,BE,1665,2014-01-02,2018-07-24,2018-07-25,15.0,False
PX_LAST,SPOT,1552,2014-01-02,2018-04-02,2018-04-03,132.0,False
PX_LAST,ZS,1534,2014-01-02,2018-03-15,2018-03-16,16.0,False
PX_LAST,HWM,1035,2014-01-02,2016-11-01,2016-11-02,14.5097,False
PX_LAST,VST,1007,2014-01-02,2016-10-04,2016-10-05,11.6847,False
PX_LAST,TTD,993,2014-01-02,2016-09-20,2016-09-21,1.8,False
PX_LAST,TEAM,707,2014-01-02,2015-12-09,2015-12-10,21.0,False
PX_LAST,RACE,657,2014-01-02,2015-10-20,2015-10-21,47.538,False
PX_LAST,HPE,656,2014-01-02,2015-10-19,2015-10-20,7.1877,False
PX_LAST,LITE,571,2014-01-02,2015-07-26,2015-07-27,17.0,False
PX_LAST,PYPL,551,2014-01-02,2015-07-06,2015-07-07,36.3051,False
PX_LAST,KEYS,292,2014-01-02,2014-10-20,2014-10-21,28.25,False
PX_LAST,ANET,155,2014-01-02,2014-06-05,2014-06-06,2.6875,False
PX_LAST,7974,5,2014-01-02,2014-01-06,2014-01-07,1088.7,False
PX_LAST,6146,5,2014-01-02,2014-01-06,2014-01-07,1822.0,False
PX_LAST,8306,5,2014-01-02,2014-01-06,2014-01-07,435.6,False
PX_LAST,7011,5,2014-01-02,2014-01-06,2014-01-07,488.9,False
PX_LAST,9433,5,2014-01-02,2014-01-06,2014-01-07,699.3,False
PX_LAST,9432,5,2014-01-02,2014-01-06,2014-01-07,37.0,False
PX_LAST,8316,5,2014-01-02,2014-01-06,2014-01-07,530.8,False
PX_LAST,4063,5,2014-01-02,2014-01-06,2014-01-07,947.8,False
PX_LAST,6981,5,2014-01-02,2014-01-06,2014-01-07,836.6,False
PX_LAST,7203,5,2014-01-02,2014-01-06,2014-01-07,849.0,False
PX_LAST,6857,5,2014-01-02,2014-01-06,2014-01-07,261.8,False
PX_LAST,8035,5,2014-01-02,2014-01-06,2014-01-07,265.9,False
PX_LAST,6758,5,2014-01-02,2014-01-06,2014-01-07,322.1,False
PX_LAST,NOVN,4,2014-01-02,2014-01-05,2014-01-06,37.92,False
PX_LAST,ABBN,4,2014-01-02,2014-01-05,2014-01-06,15.2466,False
PX_LAST,ROP,4,2014-01-02,2014-01-05,2014-01-06,165.423,False
PX_LAST,NESN,4,2014-01-02,2014-01-05,2014-01-06,44.8851,False
PX_LAST,RIO,4,2014-01-02,2014-01-05,2014-01-06,1371.583,False
PX_LAST,ZURN,4,2014-01-02,2014-01-05,2014-01-06,121.361,False
PX_LAST,UBSG,4,2014-01-02,2014-01-05,2014-01-06,10.771,False
PX_LAST,CFR,4,2014-01-02,2014-01-05,2014-01-06,65.453,False
PX_LAST,AVGO,1,2014-01-02,2014-01-02,2014-01-03,3.949,False
PX_LAST,MSFT,1,2014-01-02,2014-01-02,2014-01-03,30.6369,False
PX_LAST,GOOGL,1,2014-01-02,2014-01-02,2014-01-03,27.592,False
PX_LAST,MU,1,2014-01-02,2014-01-02,2014-01-03,21.122,False
PX_LAST,AMZN,1,2014-01-02,2014-01-02,2014-01-03,19.899,False
PX_LAST,PANW,1,2014-01-02,2014-01-02,2014-01-03,9.277,False
PX_LAST,AMAT,1,2014-01-02,2014-01-02,2014-01-03,14.9576,False
PX_LAST,LRCX,1,2014-01-02,2014-01-02,2014-01-03,4.5723,False
PX_LAST,MPC,1,2014-01-02,2014-01-02,2014-01-03,30.9343,False
PX_LAST,WFC,1,2014-01-02,2014-01-02,2014-01-03,31.6375,False
PX_LAST,JNJ,1,2014-01-02,2014-01-02,2014-01-03,64.1828,False
PX_LAST,GLW,1,2014-01-02,2014-01-02,2014-01-03,12.9656,False
PX_LAST,TER,1,2014-01-02,2014-01-02,2014-01-03,16.209,False
PX_LAST,NFLX,1,2014-01-02,2014-01-02,2014-01-03,5.183,False
PX_LAST,CRM,1,2014-01-02,2014-01-02,2014-01-03,53.8323,False
PX_LAST,AMD,1,2014-01-02,2014-01-02,2014-01-03,3.95,False
PX_LAST,PLD,1,2014-01-02,2014-01-02,2014-01-03,25.2365,False
PX_LAST,TMUS,1,2014-01-02,2014-01-02,2014-01-03,31.6698,False
PX_LAST,EQIX,1,2014-01-02,2014-01-02,2014-01-03,127.917,False
PX_LAST,BAC,1,2014-01-02,2014-01-02,2014-01-03,12.4831,False
PX_LAST,TSM,1,2014-01-02,2014-01-02,2014-01-03,12.4405,False
PX_LAST,TMO,1,2014-01-02,2014-01-02,2014-01-03,105.236,False
PX_LAST,BX,1,2014-01-02,2014-01-02,2014-01-03,16.4335,False
PX_LAST,PWR,1,2014-01-02,2014-01-02,2014-01-03,30.6763,False
PX_LAST,STX,1,2014-01-02,2014-01-02,2014-01-03,47.341,False
PX_LAST,CDNS,1,2014-01-02,2014-01-02,2014-01-03,14.01,False
PX_LAST,MRVL,1,2014-01-02,2014-01-02,2014-01-03,12.5305,False
PX_LAST,KLAC,1,2014-01-02,2014-01-02,2014-01-03,3.997,False
PX_LAST,BSX,1,2014-01-02,2014-01-02,2014-01-03,11.91,False
PX_LAST,DLR,1,2014-01-02,2014-01-02,2014-01-03,30.7402,False
PX_LAST,BKNG,1,2014-01-02,2014-01-02,2014-01-03,44.756,False
PX_LAST,PM,1,2014-01-02,2014-01-02,2014-01-03,46.3823,False
PX_LAST,FN,1,2014-01-02,2014-01-02,2014-01-03,19.68,False
PX_LAST,CSCO,1,2014-01-02,2014-01-02,2014-01-03,15.0357,False
PX_LAST,INTC,1,2014-01-02,2014-01-02,2014-01-03,19.1803,False
PX_LAST,META,1,2014-01-02,2014-01-02,2014-01-03,54.191,False
PX_LAST,AAPL,1,2014-01-02,2014-01-02,2014-01-03,17.1102,False
PX_LAST,GS,1,2014-01-02,2014-01-02,2014-01-03,138.409,False
PX_LAST,COST,1,2014-01-02,2014-01-02,2014-01-03,93.467,False
PX_LAST,HD,1,2014-01-02,2014-01-02,2014-01-03,60.705,False
PX_LAST,PG,1,2014-01-02,2014-01-02,2014-01-03,56.1794,False
PX_LAST,MCD,1,2014-01-02,2014-01-02,2014-01-03,69.264,False
PX_LAST,WMT,1,2014-01-02,2014-01-02,2014-01-03,20.6778,False
PX_LAST,CAT,1,2014-01-02,2014-01-02,2014-01-03,65.644,False
PX_LAST,HON,1,2014-01-02,2014-01-02,2014-01-03,65.3751,False
PX_LAST,DE,1,2014-01-02,2014-01-02,2014-01-03,71.7445,False
PX_LAST,UNP,1,2014-01-02,2014-01-02,2014-01-03,63.1319,False
PX_LAST,LMT,1,2014-01-02,2014-01-02,2014-01-03,103.24,False
PX_LAST,ETN,1,2014-01-02,2014-01-02,2014-01-03,54.5545,False
PX_LAST,XOM,1,2014-01-02,2014-01-02,2014-01-03,59.3283,False
PX_LAST,LNG,1,2014-01-02,2014-01-02,2014-01-03,41.3191,False
PX_LAST,FCX,1,2014-01-02,2014-01-02,2014-01-03,31.7208,False
PX_LAST,LIN,1,2014-01-02,2014-01-02,2014-01-03,102.8633,False
PX_LAST,NEE,1,2014-01-02,2014-01-02,2014-01-03,15.0251,False
PX_LAST,AMT,1,2014-01-02,2014-01-02,2014-01-03,58.268,False
PX_LAST,TSLA,1,2014-01-02,2014-01-02,2014-01-03,10.0067,False
PX_LAST,NVDA,1,2014-01-02,2014-01-02,2014-01-03,0.373,False
PX_LAST,000660,1,2014-01-02,2014-01-02,2014-01-03,30629.0,False
PX_LAST,005930,1,2014-01-02,2014-01-02,2014-01-03,19777.0,False
PX_LAST,UNH,1,2014-01-02,2014-01-02,2014-01-03,60.306,False
PX_LAST,LLY,1,2014-01-02,2014-01-02,2014-01-03,40.092,False
PX_LAST,ISRG,1,2014-01-02,2014-01-02,2014-01-03,42.2233,False
PX_LAST,ABBV,1,2014-01-02,2014-01-02,2014-01-03,31.4236,False
PX_LAST,REGN,1,2014-01-02,2014-01-02,2014-01-03,272.024,False
PX_LAST,JPM,1,2014-01-02,2014-01-02,2014-01-03,41.7947,False
PX_LAST,V,1,2014-01-02,2014-01-02,2014-01-03,50.4686,False
PX_LAST,MA,1,2014-01-02,2014-01-02,2014-01-03,77.16,False
PX_LAST,BLK,1,2014-01-02,2014-01-02,2014-01-03,228.49,False
PX_LAST,SPGI,1,2014-01-02,2014-01-02,2014-01-03,64.614,False
PX_LAST,CS,1,2014-01-02,2014-01-02,2014-01-03,9.8801,False
PX_LAST,LSEG,1,2014-01-02,2014-01-02,2014-01-03,1360.376,False
PX_LAST,C,1,2014-01-02,2014-01-02,2014-01-03,38.3206,False
PX_LAST,BN,1,2014-01-02,2014-01-02,2014-01-03,7.8291,False
PX_LAST,CME,1,2014-01-02,2014-01-02,2014-01-03,47.224,False
PX_LAST,KKR,1,2014-01-02,2014-01-02,2014-01-03,17.3298,False
PX_LAST,AON,1,2014-01-02,2014-01-02,2014-01-03,72.8438,False
PX_LAST,PGR,1,2014-01-02,2014-01-02,2014-01-03,17.9874,False
PX_LAST,IFX,1,2014-01-02,2014-01-02,2014-01-03,6.538,False
PX_LAST,AXP,1,2014-01-02,2014-01-02,2014-01-03,74.9829,False
PX_LAST,SCHW,1,2014-01-02,2014-01-02,2014-01-03,22.172,False
PX_LAST,MS,1,2014-01-02,2014-01-02,2014-01-03,22.4003,False
PX_LAST,ADI,1,2014-01-02,2014-01-02,2014-01-03,37.9153,False
PX_LAST,NOW,1,2014-01-02,2014-01-02,2014-01-03,11.14,False
PX_LAST,ACN,1,2014-01-02,2014-01-02,2014-01-03,63.9791,False
PX_LAST,IBM,1,2014-01-02,2014-01-02,2014-01-03,107.3853,False
PX_LAST,SAP,1,2014-01-02,2014-01-02,2014-01-03,50.396,False
PX_LAST,SHEL,1,2014-01-02,2014-01-02,2014-01-03,1125.721,False
PX_LAST,AZN,1,2014-01-02,2014-01-02,2014-01-03,2362.802,False
PX_LAST,ADBE,1,2014-01-02,2014-01-02,2014-01-03,59.29,False
PX_LAST,TXN,1,2014-01-02,2014-01-02,2014-01-03,30.5206,False
PX_LAST,QCOM,1,2014-01-02,2014-01-02,2014-01-03,51.6974,False
PX_LAST,NOVOB,1,2014-01-02,2014-01-02,2014-01-03,74.8,False
PX_LAST,HSBA,1,2014-01-02,2014-01-02,2014-01-03,329.921,False
PX_LAST,MC,1,2014-01-02,2014-01-02,2014-01-03,93.47,False
PX_LAST,RR/,1,2014-01-02,2014-01-02,2014-01-03,381.425,False
PX_LAST,ASML,1,2014-01-02,2014-01-02,2014-01-03,59.922,False
PX_LAST,WMB,1,2014-01-02,2014-01-02,2014-01-03,19.3005,False
PX_LAST,SU,1,2014-01-02,2014-01-02,2014-01-03,44.9984,False
PX_LAST,SIE,1,2014-01-02,2014-01-02,2014-01-03,60.551,False
PX_LAST,RHM,1,2014-01-02,2014-01-02,2014-01-03,35.371,False
PX_LAST,ALV,1,2014-01-02,2014-01-02,2014-01-03,69.106,False
PX_LAST,MPWR,1,2014-01-02,2014-01-02,2014-01-03,30.353,False
PX_LAST,ORCL,1,2014-01-02,2014-01-02,2014-01-03,31.3908,False
PX_LAST,SNPS,1,2014-01-02,2014-01-02,2014-01-03,40.42,False
PX_LAST,INTU,1,2014-01-02,2014-01-02,2014-01-03,68.074,False
PX_LAST,MSI,1,2014-01-02,2014-01-02,2014-01-03,53.9659,False
PX_LAST,APH,1,2014-01-02,2014-01-02,2014-01-03,4.8734,False
PX_LAST,ECL,1,2014-01-02,2014-01-02,2014-01-03,90.2792,False
PX_LAST,ULVR,1,2014-01-02,2014-01-02,2014-01-03,1701.159,False
PX_LAST,FTNT,1,2014-01-02,2014-01-02,2014-01-03,3.804,False
PX_LAST,WDC,1,2014-01-02,2014-01-02,2014-01-03,51.4202,False
PX_LAST,WDAY,1,2014-01-02,2014-01-02,2014-01-03,81.77,False
PX_LAST,DSY,1,2014-01-02,2014-01-02,2014-01-03,8.2985,False
PX_LAST,IBE,1,2014-01-02,2014-01-02,2014-01-03,2.5886,False
PX_LAST,AI,1,2014-01-02,2014-01-02,2014-01-03,42.0272,False
PX_LAST,CMCSA,1,2014-01-02,2014-01-02,2014-01-03,17.8007,False
PX_LAST,VZ,1,2014-01-02,2014-01-02,2014-01-03,25.2772,False
PX_LAST,ITX,1,2014-01-02,2014-01-02,2014-01-03,16.8154,False
PX_LAST,ABT,1,2014-01-02,2014-01-02,2014-01-03,29.7761,False
PX_LAST,VRTX,1,2014-01-02,2014-01-02,2014-01-03,73.83,False
PX_LAST,DHR,1,2014-01-02,2014-01-02,2014-01-03,48.0114,False
PX_LAST,SAN,1,2014-01-02,2014-01-02,2014-01-03,44.8302,False
PX_LAST,GE,1,2014-01-02,2014-01-02,2014-01-03,108.287,False
PX_LAST,TT,1,2014-01-02,2014-01-02,2014-01-03,38.6593,False
PX_LAST,KO,1,2014-01-02,2014-01-02,2014-01-03,27.3696,False
PX_LAST,PUB,1,2014-01-02,2014-01-02,2014-01-03,42.7065,False
PX_LAST,TTWO,1,2014-01-02,2014-01-02,2014-01-03,17.53,False
PX_LAST,T,1,2014-01-02,2014-01-02,2014-01-03,12.6864,False
PX_LAST,DTE,1,2014-01-02,2014-01-02,2014-01-03,7.573,False
PX_LAST,TJX,1,2014-01-02,2014-01-02,2014-01-03,26.7136,False
PX_LAST,LOW,1,2014-01-02,2014-01-02,2014-01-03,39.24,False
PX_LAST,SBUX,1,2014-01-02,2014-01-02,2014-01-03,29.9445,False
PX_LAST,DIS,1,2014-01-02,2014-01-02,2014-01-03,68.0563,False
PX_LAST,ORLY,1,2014-01-02,2014-01-02,2014-01-03,8.584,False
PX_LAST,NKE,1,2014-01-02,2014-01-02,2014-01-03,32.794,False
PX_LAST,MCK,1,2014-01-02,2014-01-02,2014-01-03,146.25,False
PX_LAST,SYK,1,2014-01-02,2014-01-02,2014-01-03,64.2104,False
PX_LAST,MRK,1,2014-01-02,2014-01-02,2014-01-03,31.8744,False
PX_LAST,AMGN,1,2014-01-02,2014-01-02,2014-01-03,81.065,False
PX_LAST,SAF,1,2014-01-02,2014-01-02,2014-01-03,42.9211,False
PX_LAST,AIR,1,2014-01-02,2014-01-02,2014-01-03,46.593,False
PX_LAST,BNP,1,2014-01-02,2014-01-02,2014-01-03,28.1558,False
PX_LAST,AXON,1,2014-01-02,2014-01-02,2014-01-03,15.38,False
PX_LAST,EMR,1,2014-01-02,2014-01-02,2014-01-03,49.5831,False
PX_LAST,RTX,1,2014-01-02,2014-01-02,2014-01-03,49.495,False
PX_LAST,COF,1,2014-01-02,2014-01-02,2014-01-03,61.5648,False
PX_LAST,MUV2,1,2014-01-02,2014-01-02,2014-01-03,90.365,False
PX_LAST,ICE,1,2014-01-02,2014-01-02,2014-01-03,38.178,False
PX_LAST,MCO,1,2014-01-02,2014-01-02,2014-01-03,67.7938,False
PX_LAST,NXPI,1,2014-01-02,2014-01-02,2014-01-03,38.5239,False
PX_LAST,ADSK,1,2014-01-02,2014-01-02,2014-01-03,49.25,False
PX_LAST,CB,1,2014-01-02,2014-01-02,2014-01-03,79.125,False
PX_LAST,BRK/B,1,2014-01-02,2014-01-02,2014-01-03,117.5,False
PX_LAST,SHW,1,2014-01-02,2014-01-02,2014-01-03,53.903,False
PX_LAST,COHR,1,2014-01-02,2014-01-02,2014-01-03,17.37,False
PX_LAST,FICO,1,2014-01-02,2014-01-02,2014-01-03,61.38,False
PX_LAST,ON,1,2014-01-02,2014-01-02,2014-01-03,8.01,False
PX_LAST,VRSN,1,2014-01-02,2014-01-02,2014-01-03,58.9501,False
PX_LAST,SO,1,2014-01-02,2014-01-02,2014-01-03,23.7404,False
PX_LAST,TTE,1,2014-01-02,2014-01-02,2014-01-03,20.9408,False
PX_LAST,NEM,1,2014-01-02,2014-01-02,2014-01-03,18.4115,False
PX_LAST,CVX,1,2014-01-02,2014-01-02,2014-01-03,72.7227,False
PX_LAST,MDLZ,1,2014-01-02,2014-01-02,2014-01-03,26.1509,False
PX_LAST,OR,1,2014-01-02,2014-01-02,2014-01-03,101.477,False
PX_LAST,PEP,1,2014-01-02,2014-01-02,2014-01-03,55.686,False
PX_LAST,UCG,1,2014-01-02,2014-01-02,2014-01-03,18.3177,False
PX_LAST,IBKR,1,2014-01-02,2014-01-02,2014-01-03,5.5415,False
PX_LAST,BNY,1,2014-01-02,2014-01-02,2014-01-03,25.5018,False
PX_LAST,MSCI,1,2014-01-02,2014-01-02,2014-01-03,37.6356,False
PX_LAST,MRSH,1,2014-01-02,2014-01-02,2014-01-03,37.7808,False
PX_LAST,APO,1,2014-01-02,2014-01-02,2014-01-03,16.8091,False
PX_LAST,ASM,1,2014-01-02,2014-01-02,2014-01-03,18.58,False
PX_LAST,WM,1,2014-01-02,2014-01-02,2014-01-03,34.0302,False
PX_LAST,PH,1,2014-01-02,2014-01-02,2014-01-03,103.5487,False
PX_LAST,GILD,1,2014-01-02,2014-01-02,2014-01-03,51.329,False
PX_LAST,MDT,1,2014-01-02,2014-01-02,2014-01-03,41.4744,False
PX_LAST,PFE,1,2014-01-02,2014-01-02,2014-01-03,16.6765,False
PX_LAST,HCA,1,2014-01-02,2014-01-02,2014-01-03,44.2656,False
PX_LAST,ZTS,1,2014-01-02,2014-01-02,2014-01-03,28.9853,False
PX_LAST,REL,1,2014-01-02,2014-01-02,2014-01-03,665.705,False
PX_LAST,ADP,1,2014-01-02,2014-01-02,2014-01-03,52.6719,False
PX_LAST,CMG,1,2014-01-02,2014-01-02,2014-01-03,10.469,False
PX_LAST,RMS,1,2014-01-02,2014-01-02,2014-01-03,229.078,False
PX_LAST,GM,1,2014-01-02,2014-01-02,2014-01-03,30.3362,False
PX_LAST,MAR,1,2014-01-02,2014-01-02,2014-01-03,43.1675,False
PX_LAST,LYV,1,2014-01-02,2014-01-02,2014-01-03,20.06,False
PX_LAST,TKO,1,2014-01-02,2014-01-02,2014-01-03,12.9054,False
PX_LAST,MO,1,2014-01-02,2014-01-02,2014-01-03,16.9806,False
PX_LAST,GRMN,1,2014-01-02,2014-01-02,2014-01-03,30.9882,False
PX_LAST,CL,1,2014-01-02,2014-01-02,2014-01-03,47.8074,False
PX_LAST,MNST,1,2014-01-02,2014-01-02,2014-01-03,5.565,False
PX_LAST,SLB,1,2014-01-02,2014-01-02,2014-01-03,63.107,False
PX_LAST,COP,1,2014-01-02,2014-01-02,2014-01-03,46.0657,False
PX_LAST,APD,1,2014-01-02,2014-01-02,2014-01-03,75.512,False
PX_LAST,NRG,1,2014-01-02,2014-01-02,2014-01-03,21.7423,False
PX_LAST,ENEL,1,2014-01-02,2014-01-02,2014-01-03,1.6553,False
PX_LAST,WELL,1,2014-01-02,2014-01-02,2014-01-03,32.8269,False
PX_LAST_UNADJ,SNDK,4061,2014-01-02,2025-02-13,2025-02-14,36.0,False
PX_LAST_UNADJ,285A,4003,2014-01-02,2024-12-17,2024-12-18,485.0,False
PX_LAST_UNADJ,GEV,3738,2014-01-02,2024-03-27,2024-03-28,131.25,False
PX_LAST_UNADJ,RDDT,3731,2014-01-02,2024-03-20,2024-03-21,34.0,False
PX_LAST_UNADJ,ARM,3542,2014-01-02,2023-09-13,2023-09-14,51.0,False
PX_LAST_UNADJ,CEG,2940,2014-01-02,2022-01-19,2022-01-20,42.0,False
PX_LAST_UNADJ,UMG,2820,2014-01-02,2021-09-21,2021-09-22,25.1,False
PX_LAST_UNADJ,APP,2660,2014-01-02,2021-04-14,2021-04-15,80.0,False
PX_LAST_UNADJ,RBLX,2624,2014-01-02,2021-03-09,2021-03-10,45.0,False
PX_LAST_UNADJ,ABNB,2534,2014-01-02,2020-12-09,2020-12-10,68.0,False
PX_LAST_UNADJ,DASH,2533,2014-01-02,2020-12-08,2020-12-09,102.0,False
PX_LAST_UNADJ,PLTR,2463,2014-01-02,2020-09-29,2020-09-30,7.25,False
PX_LAST_UNADJ,SNOW,2449,2014-01-02,2020-09-15,2020-09-16,120.0,False
PX_LAST_UNADJ,DDOG,2086,2014-01-02,2019-09-18,2019-09-19,27.0,False
PX_LAST_UNADJ,NET,2080,2014-01-02,2019-09-12,2019-09-13,15.0,False
PX_LAST_UNADJ,CRWD,1987,2014-01-02,2019-06-11,2019-06-12,8.5,False
PX_LAST_UNADJ,UBER,1954,2014-01-02,2019-05-09,2019-05-10,45.0,False
PX_LAST_UNADJ,DELL,1819,2014-01-02,2018-12-25,2018-12-26,21.3343,False
PX_LAST_UNADJ,VRT,1672,2014-01-02,2018-07-31,2018-08-01,9.85,False
PX_LAST_UNADJ,BE,1665,2014-01-02,2018-07-24,2018-07-25,15.0,False
PX_LAST_UNADJ,SPOT,1552,2014-01-02,2018-04-02,2018-04-03,132.0,False
PX_LAST_UNADJ,ZS,1534,2014-01-02,2018-03-15,2018-03-16,16.0,False
PX_LAST_UNADJ,HWM,1035,2014-01-02,2016-11-01,2016-11-02,15.215,False
PX_LAST_UNADJ,VST,1007,2014-01-02,2016-10-04,2016-10-05,16.0,False
PX_LAST_UNADJ,TTD,993,2014-01-02,2016-09-20,2016-09-21,1.8,False
PX_LAST_UNADJ,TEAM,707,2014-01-02,2015-12-09,2015-12-10,21.0,False
PX_LAST_UNADJ,RACE,657,2014-01-02,2015-10-20,2015-10-21,52.0,False
PX_LAST_UNADJ,HPE,656,2014-01-02,2015-10-19,2015-10-20,9.6176,False
PX_LAST_UNADJ,LITE,571,2014-01-02,2015-07-26,2015-07-27,17.0,False
PX_LAST_UNADJ,PYPL,551,2014-01-02,2015-07-06,2015-07-07,36.71,False
PX_LAST_UNADJ,KEYS,292,2014-01-02,2014-10-20,2014-10-21,28.25,False
PX_LAST_UNADJ,ANET,155,2014-01-02,2014-06-05,2014-06-06,2.6875,False
PX_LAST_UNADJ,7974,5,2014-01-02,2014-01-06,2014-01-07,1432.0,False
PX_LAST_UNADJ,6146,5,2014-01-02,2014-01-06,2014-01-07,2306.7,False
PX_LAST_UNADJ,8306,5,2014-01-02,2014-01-06,2014-01-07,686.0,False
PX_LAST_UNADJ,7011,5,2014-01-02,2014-01-06,2014-01-07,654.0,False
PX_LAST_UNADJ,9433,5,2014-01-02,2014-01-06,2014-01-07,1046.7,False
PX_LAST_UNADJ,9432,5,2014-01-02,2014-01-06,2014-01-07,55.7,False
PX_LAST_UNADJ,8316,5,2014-01-02,2014-01-06,2014-01-07,905.0,False
PX_LAST_UNADJ,4063,5,2014-01-02,2014-01-06,2014-01-07,1212.0,False
PX_LAST_UNADJ,6981,5,2014-01-02,2014-01-06,2014-01-07,1037.8,False
PX_LAST_UNADJ,7203,5,2014-01-02,2014-01-06,2014-01-07,1260.0,False
PX_LAST_UNADJ,6857,5,2014-01-02,2014-01-06,2014-01-07,313.3,False
PX_LAST_UNADJ,8035,5,2014-01-02,2014-01-06,2014-01-07,378.0,False
PX_LAST_UNADJ,6758,5,2014-01-02,2014-01-06,2014-01-07,348.1,False
PX_LAST_UNADJ,NOVN,4,2014-01-02,2014-01-05,2014-01-06,60.115,False
PX_LAST_UNADJ,ABBN,4,2014-01-02,2014-01-05,2014-01-06,22.7635,False
PX_LAST_UNADJ,ROP,4,2014-01-02,2014-01-05,2014-01-06,251.9,False
PX_LAST_UNADJ,NESN,4,2014-01-02,2014-01-05,2014-01-06,66.15,False
PX_LAST_UNADJ,RIO,4,2014-01-02,2014-01-05,2014-01-06,3370.0,False
PX_LAST_UNADJ,ZURN,4,2014-01-02,2014-01-05,2014-01-06,258.3,False
PX_LAST_UNADJ,UBSG,4,2014-01-02,2014-01-05,2014-01-06,17.05,False
PX_LAST_UNADJ,CFR,4,2014-01-02,2014-01-05,2014-01-06,88.85,False
PX_LAST_UNADJ,AVGO,1,2014-01-02,2014-01-02,2014-01-03,5.265,False
PX_LAST_UNADJ,MSFT,1,2014-01-02,2014-01-02,2014-01-03,37.16,False
PX_LAST_UNADJ,GOOGL,1,2014-01-02,2014-01-02,2014-01-03,27.855,False
PX_LAST_UNADJ,MU,1,2014-01-02,2014-01-02,2014-01-03,21.66,False
PX_LAST_UNADJ,AMZN,1,2014-01-02,2014-01-02,2014-01-03,19.899,False
PX_LAST_UNADJ,PANW,1,2014-01-02,2014-01-02,2014-01-03,9.277,False
PX_LAST_UNADJ,AMAT,1,2014-01-02,2014-01-02,2014-01-03,17.55,False
PX_LAST_UNADJ,LRCX,1,2014-01-02,2014-01-02,2014-01-03,5.395,False
PX_LAST_UNADJ,MPC,1,2014-01-02,2014-01-02,2014-01-03,44.74,False
PX_LAST_UNADJ,WFC,1,2014-01-02,2014-01-02,2014-01-03,45.02,False
PX_LAST_UNADJ,JNJ,1,2014-01-02,2014-01-02,2014-01-03,91.03,False
PX_LAST_UNADJ,GLW,1,2014-01-02,2014-01-02,2014-01-03,17.77,False
PX_LAST_UNADJ,TER,1,2014-01-02,2014-01-02,2014-01-03,17.63,False
PX_LAST_UNADJ,NFLX,1,2014-01-02,2014-01-02,2014-01-03,5.183,False
PX_LAST_UNADJ,CRM,1,2014-01-02,2014-01-02,2014-01-03,54.86,False
PX_LAST_UNADJ,AMD,1,2014-01-02,2014-01-02,2014-01-03,3.95,False
PX_LAST_UNADJ,PLD,1,2014-01-02,2014-01-02,2014-01-03,36.91,False
PX_LAST_UNADJ,TMUS,1,2014-01-02,2014-01-02,2014-01-03,33.3083,False
PX_LAST_UNADJ,EQIX,1,2014-01-02,2014-01-02,2014-01-03,174.76,False
PX_LAST_UNADJ,BAC,1,2014-01-02,2014-01-02,2014-01-03,16.1,False
PX_LAST_UNADJ,TSM,1,2014-01-02,2014-01-02,2014-01-03,17.15,False
PX_LAST_UNADJ,TMO,1,2014-01-02,2014-01-02,2014-01-03,109.63,False
PX_LAST_UNADJ,BX,1,2014-01-02,2014-01-02,2014-01-03,30.6874,False
PX_LAST_UNADJ,PWR,1,2014-01-02,2014-01-02,2014-01-03,31.29,False
PX_LAST_UNADJ,STX,1,2014-01-02,2014-01-02,2014-01-03,55.41,False
PX_LAST_UNADJ,CDNS,1,2014-01-02,2014-01-02,2014-01-03,14.01,False
PX_LAST_UNADJ,MRVL,1,2014-01-02,2014-01-02,2014-01-03,14.17,False
PX_LAST_UNADJ,KLAC,1,2014-01-02,2014-01-02,2014-01-03,6.338,False
PX_LAST_UNADJ,BSX,1,2014-01-02,2014-01-02,2014-01-03,11.91,False
PX_LAST_UNADJ,DLR,1,2014-01-02,2014-01-02,2014-01-03,49.47,False
PX_LAST_UNADJ,BKNG,1,2014-01-02,2014-01-02,2014-01-03,45.818,False
PX_LAST_UNADJ,PM,1,2014-01-02,2014-01-02,2014-01-03,86.02,False
PX_LAST_UNADJ,FN,1,2014-01-02,2014-01-02,2014-01-03,19.68,False
PX_LAST_UNADJ,CSCO,1,2014-01-02,2014-01-02,2014-01-03,22.0,False
PX_LAST_UNADJ,INTC,1,2014-01-02,2014-01-02,2014-01-03,25.79,False
PX_LAST_UNADJ,META,1,2014-01-02,2014-01-02,2014-01-03,54.71,False
PX_LAST_UNADJ,AAPL,1,2014-01-02,2014-01-02,2014-01-03,19.7546,False
PX_LAST_UNADJ,GS,1,2014-01-02,2014-01-02,2014-01-03,176.89,False
PX_LAST_UNADJ,COST,1,2014-01-02,2014-01-02,2014-01-03,117.81,False
PX_LAST_UNADJ,HD,1,2014-01-02,2014-01-02,2014-01-03,82.02,False
PX_LAST_UNADJ,PG,1,2014-01-02,2014-01-02,2014-01-03,80.54,False
PX_LAST_UNADJ,MCD,1,2014-01-02,2014-01-02,2014-01-03,96.41,False
PX_LAST_UNADJ,WMT,1,2014-01-02,2014-01-02,2014-01-03,26.3033,False
PX_LAST_UNADJ,CAT,1,2014-01-02,2014-01-02,2014-01-03,89.87,False
PX_LAST_UNADJ,HON,1,2014-01-02,2014-01-02,2014-01-03,84.9192,False
PX_LAST_UNADJ,DE,1,2014-01-02,2014-01-02,2014-01-03,90.26,False
PX_LAST_UNADJ,UNP,1,2014-01-02,2014-01-02,2014-01-03,83.555,False
PX_LAST_UNADJ,LMT,1,2014-01-02,2014-01-02,2014-01-03,146.07,False
PX_LAST_UNADJ,ETN,1,2014-01-02,2014-01-02,2014-01-03,75.49,False
PX_LAST_UNADJ,XOM,1,2014-01-02,2014-01-02,2014-01-03,99.75,False
PX_LAST_UNADJ,LNG,1,2014-01-02,2014-01-02,2014-01-03,43.43,False
PX_LAST_UNADJ,FCX,1,2014-01-02,2014-01-02,2014-01-03,37.63,False
PX_LAST_UNADJ,LIN,1,2014-01-02,2014-01-02,2014-01-03,129.5,False
PX_LAST_UNADJ,NEE,1,2014-01-02,2014-01-02,2014-01-03,21.0625,False
PX_LAST_UNADJ,AMT,1,2014-01-02,2014-01-02,2014-01-03,79.45,False
PX_LAST_UNADJ,TSLA,1,2014-01-02,2014-01-02,2014-01-03,10.0067,False
PX_LAST_UNADJ,NVDA,1,2014-01-02,2014-01-02,2014-01-03,0.3965,False
PX_LAST_UNADJ,000660,1,2014-01-02,2014-01-02,2014-01-03,35550.0,False
PX_LAST_UNADJ,005930,1,2014-01-02,2014-01-02,2014-01-03,26180.0,False
PX_LAST_UNADJ,UNH,1,2014-01-02,2014-01-02,2014-01-03,74.57,False
PX_LAST_UNADJ,LLY,1,2014-01-02,2014-01-02,2014-01-03,50.73,False
PX_LAST_UNADJ,ISRG,1,2014-01-02,2014-01-02,2014-01-03,42.2233,False
PX_LAST_UNADJ,ABBV,1,2014-01-02,2014-01-02,2014-01-03,51.98,False
PX_LAST_UNADJ,REGN,1,2014-01-02,2014-01-02,2014-01-03,274.59,False
PX_LAST_UNADJ,JPM,1,2014-01-02,2014-01-02,2014-01-03,58.21,False
PX_LAST_UNADJ,V,1,2014-01-02,2014-01-02,2014-01-03,55.2525,False
PX_LAST_UNADJ,MA,1,2014-01-02,2014-01-02,2014-01-03,83.414,False
PX_LAST_UNADJ,BLK,1,2014-01-02,2014-01-02,2014-01-03,312.8,False
PX_LAST_UNADJ,SPGI,1,2014-01-02,2014-01-02,2014-01-03,73.54,False
PX_LAST_UNADJ,CS,1,2014-01-02,2014-01-02,2014-01-03,19.715,False
PX_LAST_UNADJ,LSEG,1,2014-01-02,2014-01-02,2014-01-03,1603.715,False
PX_LAST_UNADJ,C,1,2014-01-02,2014-01-02,2014-01-03,52.27,False
PX_LAST_UNADJ,BN,1,2014-01-02,2014-01-02,2014-01-03,9.0743,False
PX_LAST_UNADJ,CME,1,2014-01-02,2014-01-02,2014-01-03,77.96,False
PX_LAST_UNADJ,KKR,1,2014-01-02,2014-01-02,2014-01-03,24.67,False
PX_LAST_UNADJ,AON,1,2014-01-02,2014-01-02,2014-01-03,82.36,False
PX_LAST_UNADJ,PGR,1,2014-01-02,2014-01-02,2014-01-03,26.72,False
PX_LAST_UNADJ,IFX,1,2014-01-02,2014-01-02,2014-01-03,7.615,False
PX_LAST_UNADJ,AXP,1,2014-01-02,2014-01-02,2014-01-03,89.45,False
PX_LAST_UNADJ,SCHW,1,2014-01-02,2014-01-02,2014-01-03,25.82,False
PX_LAST_UNADJ,MS,1,2014-01-02,2014-01-02,2014-01-03,31.03,False
PX_LAST_UNADJ,ADI,1,2014-01-02,2014-01-02,2014-01-03,49.28,False
PX_LAST_UNADJ,NOW,1,2014-01-02,2014-01-02,2014-01-03,11.14,False
PX_LAST_UNADJ,ACN,1,2014-01-02,2014-01-02,2014-01-03,81.13,False
PX_LAST_UNADJ,IBM,1,2014-01-02,2014-01-02,2014-01-03,177.2116,False
PX_LAST_UNADJ,SAP,1,2014-01-02,2014-01-02,2014-01-03,61.95,False
PX_LAST_UNADJ,SHEL,1,2014-01-02,2014-01-02,2014-01-03,2155.5,False
PX_LAST_UNADJ,AZN,1,2014-01-02,2014-01-02,2014-01-03,3558.0,False
PX_LAST_UNADJ,ADBE,1,2014-01-02,2014-01-02,2014-01-03,59.29,False
PX_LAST_UNADJ,TXN,1,2014-01-02,2014-01-02,2014-01-03,43.1,False
PX_LAST_UNADJ,QCOM,1,2014-01-02,2014-01-02,2014-01-03,73.32,False
PX_LAST_UNADJ,NOVOB,1,2014-01-02,2014-01-02,2014-01-03,100.45,False
PX_LAST_UNADJ,HSBA,1,2014-01-02,2014-01-02,2014-01-03,659.7,False
PX_LAST_UNADJ,MC,1,2014-01-02,2014-01-02,2014-01-03,131.25,False
PX_LAST_UNADJ,RR/,1,2014-01-02,2014-01-02,2014-01-03,434.451,False
PX_LAST_UNADJ,ASML,1,2014-01-02,2014-01-02,2014-01-03,67.76,False
PX_LAST_UNADJ,WMB,1,2014-01-02,2014-01-02,2014-01-03,38.28,False
PX_LAST_UNADJ,SU,1,2014-01-02,2014-01-02,2014-01-03,62.26,False
PX_LAST_UNADJ,SIE,1,2014-01-02,2014-01-02,2014-01-03,89.744,False
PX_LAST_UNADJ,RHM,1,2014-01-02,2014-01-02,2014-01-03,43.385,False
PX_LAST_UNADJ,ALV,1,2014-01-02,2014-01-02,2014-01-03,128.08,False
PX_LAST_UNADJ,MPWR,1,2014-01-02,2014-01-02,2014-01-03,34.03,False
PX_LAST_UNADJ,ORCL,1,2014-01-02,2014-01-02,2014-01-03,37.84,False
PX_LAST_UNADJ,SNPS,1,2014-01-02,2014-01-02,2014-01-03,40.42,False
PX_LAST_UNADJ,INTU,1,2014-01-02,2014-01-02,2014-01-03,75.94,False
PX_LAST_UNADJ,MSI,1,2014-01-02,2014-01-02,2014-01-03,66.33,False
PX_LAST_UNADJ,APH,1,2014-01-02,2014-01-02,2014-01-03,5.4838,False
PX_LAST_UNADJ,ECL,1,2014-01-02,2014-01-02,2014-01-03,103.79,False
PX_LAST_UNADJ,ULVR,1,2014-01-02,2014-01-02,2014-01-03,2612.083,False
PX_LAST_UNADJ,FTNT,1,2014-01-02,2014-01-02,2014-01-03,3.804,False
PX_LAST_UNADJ,WDC,1,2014-01-02,2014-01-02,2014-01-03,62.475,False
PX_LAST_UNADJ,WDAY,1,2014-01-02,2014-01-02,2014-01-03,81.77,False
PX_LAST_UNADJ,DSY,1,2014-01-02,2014-01-02,2014-01-03,9.011,False
PX_LAST_UNADJ,IBE,1,2014-01-02,2014-01-02,2014-01-03,4.592,False
PX_LAST_UNADJ,AI,1,2014-01-02,2014-01-02,2014-01-03,55.5028,False
PX_LAST_UNADJ,CMCSA,1,2014-01-02,2014-01-02,2014-01-03,24.1,False
PX_LAST_UNADJ,VZ,1,2014-01-02,2014-01-02,2014-01-03,49.0,False
PX_LAST_UNADJ,ITX,1,2014-01-02,2014-01-02,2014-01-03,23.72,False
PX_LAST_UNADJ,ABT,1,2014-01-02,2014-01-02,2014-01-03,38.23,False
PX_LAST_UNADJ,VRTX,1,2014-01-02,2014-01-02,2014-01-03,73.83,False
PX_LAST_UNADJ,DHR,1,2014-01-02,2014-01-02,2014-01-03,51.3598,False
PX_LAST_UNADJ,SAN,1,2014-01-02,2014-01-02,2014-01-03,74.8123,False
PX_LAST_UNADJ,GE,1,2014-01-02,2014-01-02,2014-01-03,131.6108,False
PX_LAST_UNADJ,TT,1,2014-01-02,2014-01-02,2014-01-03,47.5086,False
PX_LAST_UNADJ,KO,1,2014-01-02,2014-01-02,2014-01-03,40.66,False
PX_LAST_UNADJ,PUB,1,2014-01-02,2014-01-02,2014-01-03,67.12,False
PX_LAST_UNADJ,TTWO,1,2014-01-02,2014-01-02,2014-01-03,17.53,False
PX_LAST_UNADJ,T,1,2014-01-02,2014-01-02,2014-01-03,26.3794,False
PX_LAST_UNADJ,DTE,1,2014-01-02,2014-01-02,2014-01-03,12.085,False
PX_LAST_UNADJ,TJX,1,2014-01-02,2014-01-02,2014-01-03,31.74,False
PX_LAST_UNADJ,LOW,1,2014-01-02,2014-01-02,2014-01-03,49.44,False
PX_LAST_UNADJ,SBUX,1,2014-01-02,2014-01-02,2014-01-03,38.585,False
PX_LAST_UNADJ,DIS,1,2014-01-02,2014-01-02,2014-01-03,76.27,False
PX_LAST_UNADJ,ORLY,1,2014-01-02,2014-01-02,2014-01-03,8.584,False
PX_LAST_UNADJ,NKE,1,2014-01-02,2014-01-02,2014-01-03,39.12,False
PX_LAST_UNADJ,MCK,1,2014-01-02,2014-01-02,2014-01-03,160.16,False
PX_LAST_UNADJ,SYK,1,2014-01-02,2014-01-02,2014-01-03,74.63,False
PX_LAST_UNADJ,MRK,1,2014-01-02,2014-01-02,2014-01-03,47.19,False
PX_LAST_UNADJ,AMGN,1,2014-01-02,2014-01-02,2014-01-03,115.795,False
PX_LAST_UNADJ,SAF,1,2014-01-02,2014-01-02,2014-01-03,50.29,False
PX_LAST_UNADJ,AIR,1,2014-01-02,2014-01-02,2014-01-03,56.55,False
PX_LAST_UNADJ,BNP,1,2014-01-02,2014-01-02,2014-01-03,55.54,False
PX_LAST_UNADJ,AXON,1,2014-01-02,2014-01-02,2014-01-03,15.38,False
PX_LAST_UNADJ,EMR,1,2014-01-02,2014-01-02,2014-01-03,69.3,False
PX_LAST_UNADJ,RTX,1,2014-01-02,2014-01-02,2014-01-03,66.348,False
PX_LAST_UNADJ,COF,1,2014-01-02,2014-01-02,2014-01-03,77.25,False
PX_LAST_UNADJ,MUV2,1,2014-01-02,2014-01-02,2014-01-03,156.64,False
PX_LAST_UNADJ,ICE,1,2014-01-02,2014-01-02,2014-01-03,44.92,False
PX_LAST_UNADJ,MCO,1,2014-01-02,2014-01-02,2014-01-03,77.32,False
PX_LAST_UNADJ,NXPI,1,2014-01-02,2014-01-02,2014-01-03,43.92,False
PX_LAST_UNADJ,ADSK,1,2014-01-02,2014-01-02,2014-01-03,49.25,False
PX_LAST_UNADJ,CB,1,2014-01-02,2014-01-02,2014-01-03,101.7,False
PX_LAST_UNADJ,BRK/B,1,2014-01-02,2014-01-02,2014-01-03,117.5,False
PX_LAST_UNADJ,SHW,1,2014-01-02,2014-01-02,2014-01-03,60.803,False
PX_LAST_UNADJ,COHR,1,2014-01-02,2014-01-02,2014-01-03,17.37,False
PX_LAST_UNADJ,FICO,1,2014-01-02,2014-01-02,2014-01-03,61.57,False
PX_LAST_UNADJ,ON,1,2014-01-02,2014-01-02,2014-01-03,8.01,False
PX_LAST_UNADJ,VRSN,1,2014-01-02,2014-01-02,2014-01-03,60.02,False
PX_LAST_UNADJ,SO,1,2014-01-02,2014-01-02,2014-01-03,40.69,False
PX_LAST_UNADJ,TTE,1,2014-01-02,2014-01-02,2014-01-03,43.75,False
PX_LAST_UNADJ,NEM,1,2014-01-02,2014-01-02,2014-01-03,23.96,False
PX_LAST_UNADJ,CVX,1,2014-01-02,2014-01-02,2014-01-03,124.14,False
PX_LAST_UNADJ,MDLZ,1,2014-01-02,2014-01-02,2014-01-03,34.81,False
PX_LAST_UNADJ,OR,1,2014-01-02,2014-01-02,2014-01-03,125.6,False
PX_LAST_UNADJ,PEP,1,2014-01-02,2014-01-02,2014-01-03,82.1,False
PX_LAST_UNADJ,UCG,1,2014-01-02,2014-01-02,2014-01-03,26.9856,False
PX_LAST_UNADJ,IBKR,1,2014-01-02,2014-01-02,2014-01-03,6.13,False
PX_LAST_UNADJ,BNY,1,2014-01-02,2014-01-02,2014-01-03,34.56,False
PX_LAST_UNADJ,MSCI,1,2014-01-02,2014-01-02,2014-01-03,43.15,False
PX_LAST_UNADJ,MRSH,1,2014-01-02,2014-01-02,2014-01-03,47.72,False
PX_LAST_UNADJ,APO,1,2014-01-02,2014-01-02,2014-01-03,32.31,False
PX_LAST_UNADJ,ASM,1,2014-01-02,2014-01-02,2014-01-03,23.855,False
PX_LAST_UNADJ,WM,1,2014-01-02,2014-01-02,2014-01-03,44.2,False
PX_LAST_UNADJ,PH,1,2014-01-02,2014-01-02,2014-01-03,127.24,False
PX_LAST_UNADJ,GILD,1,2014-01-02,2014-01-02,2014-01-03,75.21,False
PX_LAST_UNADJ,MDT,1,2014-01-02,2014-01-02,2014-01-03,57.24,False
PX_LAST_UNADJ,PFE,1,2014-01-02,2014-01-02,2014-01-03,28.8745,False
PX_LAST_UNADJ,HCA,1,2014-01-02,2014-01-02,2014-01-03,47.77,False
PX_LAST_UNADJ,ZTS,1,2014-01-02,2014-01-02,2014-01-03,32.36,False
PX_LAST_UNADJ,REL,1,2014-01-02,2014-01-02,2014-01-03,902.0,False
PX_LAST_UNADJ,ADP,1,2014-01-02,2014-01-02,2014-01-03,79.86,False
PX_LAST_UNADJ,CMG,1,2014-01-02,2014-01-02,2014-01-03,10.469,False
PX_LAST_UNADJ,RMS,1,2014-01-02,2014-01-02,2014-01-03,261.8,False
PX_LAST_UNADJ,GM,1,2014-01-02,2014-01-02,2014-01-03,40.95,False
PX_LAST_UNADJ,MAR,1,2014-01-02,2014-01-02,2014-01-03,48.96,False
PX_LAST_UNADJ,LYV,1,2014-01-02,2014-01-02,2014-01-03,20.06,False
PX_LAST_UNADJ,TKO,1,2014-01-02,2014-01-02,2014-01-03,16.01,False
PX_LAST_UNADJ,MO,1,2014-01-02,2014-01-02,2014-01-03,37.9,False
PX_LAST_UNADJ,GRMN,1,2014-01-02,2014-01-02,2014-01-03,44.95,False
PX_LAST_UNADJ,CL,1,2014-01-02,2014-01-02,2014-01-03,64.3,False
PX_LAST_UNADJ,MNST,1,2014-01-02,2014-01-02,2014-01-03,5.565,False
PX_LAST_UNADJ,SLB,1,2014-01-02,2014-01-02,2014-01-03,88.82,False
PX_LAST_UNADJ,COP,1,2014-01-02,2014-01-02,2014-01-03,69.78,False
PX_LAST_UNADJ,APD,1,2014-01-02,2014-01-02,2014-01-03,111.44,False
PX_LAST_UNADJ,NRG,1,2014-01-02,2014-01-02,2014-01-03,28.58,False
PX_LAST_UNADJ,ENEL,1,2014-01-02,2014-01-02,2014-01-03,3.134,False
PX_LAST_UNADJ,WELL,1,2014-01-02,2014-01-02,2014-01-03,53.54,False
PX_VOLUME,SNDK,4061,2014-01-02,2025-02-13,2025-02-14,369091.0,False
PX_VOLUME,285A,4004,2014-01-02,2024-12-18,2024-12-19,175814700.0,False
PX_VOLUME,GEV,3738,2014-01-02,2024-03-27,2024-03-28,4960410.0,False
PX_VOLUME,RDDT,3732,2014-01-02,2024-03-21,2024-03-22,48705533.0,False
PX_VOLUME,ARM,3543,2014-01-02,2023-09-14,2023-09-15,130534505.0,False
PX_VOLUME,CEG,2940,2014-01-02,2022-01-19,2022-01-20,129922.0,False
PX_VOLUME,UMG,2820,2014-01-02,2021-09-21,2021-09-22,51955706.0,False
PX_VOLUME,APP,2661,2014-01-02,2021-04-15,2021-04-16,11444403.0,False
PX_VOLUME,RBLX,2625,2014-01-02,2021-03-10,2021-03-11,97074286.0,False
PX_VOLUME,ABNB,2535,2014-01-02,2020-12-10,2020-12-11,70447537.0,False
PX_VOLUME,DASH,2534,2014-01-02,2020-12-09,2020-12-10,25373661.0,False
PX_VOLUME,PLTR,2464,2014-01-02,2020-09-30,2020-10-01,338584433.0,False
PX_VOLUME,SNOW,2450,2014-01-02,2020-09-16,2020-09-17,36230767.0,False
PX_VOLUME,DDOG,2087,2014-01-02,2019-09-19,2019-09-20,22073186.0,False
PX_VOLUME,NET,2083,2014-01-02,2019-09-15,2019-09-16,35993741.0,False
PX_VOLUME,CRWD,1988,2014-01-02,2019-06-12,2019-06-13,77796648.0,False
PX_VOLUME,UBER,1957,2014-01-02,2019-05-12,2019-05-13,186322536.0,False
PX_VOLUME,DELL,1817,2014-01-02,2018-12-23,2018-12-24,92700.0,False
PX_VOLUME,VRT,1671,2014-01-02,2018-07-30,2018-07-31,329758.0,False
PX_VOLUME,BE,1666,2014-01-02,2018-07-25,2018-07-26,13709519.0,False
PX_VOLUME,SPOT,1553,2014-01-02,2018-04-03,2018-04-04,30526507.0,False
PX_VOLUME,ZS,1537,2014-01-02,2018-03-18,2018-03-19,16931889.0,False
PX_VOLUME,HWM,1035,2014-01-02,2016-11-01,2016-11-02,17903917.0,False
PX_VOLUME,VST,1007,2014-01-02,2016-10-04,2016-10-05,353338.0,False
PX_VOLUME,TTD,994,2014-01-02,2016-09-21,2016-09-22,63437680.0,False
PX_VOLUME,TEAM,708,2014-01-02,2015-12-10,2015-12-11,15009116.0,False
PX_VOLUME,RACE,658,2014-01-02,2015-10-21,2015-10-22,22498775.0,False
PX_VOLUME,HPE,656,2014-01-02,2015-10-19,2015-10-20,1581576.0,False
PX_VOLUME,LITE,568,2014-01-02,2015-07-23,2015-07-24,75820.0,False
PX_VOLUME,PYPL,551,2014-01-02,2015-07-06,2015-07-07,5866647.0,False
PX_VOLUME,KEYS,292,2014-01-02,2014-10-20,2014-10-21,1333559.0,False
PX_VOLUME,ANET,158,2014-01-02,2014-06-08,2014-06-09,116081376.0,False
PX_VOLUME,7974,5,2014-01-02,2014-01-06,2014-01-07,10130000.0,False
PX_VOLUME,6146,5,2014-01-02,2014-01-06,2014-01-07,422100.0,False
PX_VOLUME,8306,5,2014-01-02,2014-01-06,2014-01-07,110446500.0,False
PX_VOLUME,7011,5,2014-01-02,2014-01-06,2014-01-07,17128000.0,False
PX_VOLUME,9433,5,2014-01-02,2014-01-06,2014-01-07,20963400.0,False
PX_VOLUME,9432,5,2014-01-02,2014-01-06,2014-01-07,341590000.0,False
PX_VOLUME,8316,5,2014-01-02,2014-01-06,2014-01-07,45027600.0,False
PX_VOLUME,4063,5,2014-01-02,2014-01-06,2014-01-07,9058500.0,False
PX_VOLUME,6981,5,2014-01-02,2014-01-06,2014-01-07,6999300.0,False
PX_VOLUME,7203,5,2014-01-02,2014-01-06,2014-01-07,61247000.0,False
PX_VOLUME,6857,5,2014-01-02,2014-01-06,2014-01-07,14100800.0,False
PX_VOLUME,8035,5,2014-01-02,2014-01-06,2014-01-07,29991000.0,False
PX_VOLUME,6758,5,2014-01-02,2014-01-06,2014-01-07,50571000.0,False
PX_VOLUME,NOVN,4,2014-01-02,2014-01-05,2014-01-06,3787197.0,False
PX_VOLUME,ABBN,4,2014-01-02,2014-01-05,2014-01-06,5838575.0,False
PX_VOLUME,ROP,4,2014-01-02,2014-01-05,2014-01-06,1149776.0,False
PX_VOLUME,NESN,4,2014-01-02,2014-01-05,2014-01-06,5345855.0,False
PX_VOLUME,ZURN,4,2014-01-02,2014-01-05,2014-01-06,400494.0,False
PX_VOLUME,CFR,4,2014-01-02,2014-01-05,2014-01-06,1209510.0,False
PX_VOLUME,UBSG,4,2014-01-02,2014-01-05,2014-01-06,7819953.0,False
PX_VOLUME,MU,1,2014-01-02,2014-01-02,2014-01-03,26441939.0,False
PX_VOLUME,AVGO,1,2014-01-02,2014-01-02,2014-01-03,14537320.0,False
PX_VOLUME,MSFT,1,2014-01-02,2014-01-02,2014-01-03,30643745.0,False
PX_VOLUME,GOOGL,1,2014-01-02,2014-01-02,2014-01-03,36454380.0,False
PX_VOLUME,TSLA,1,2014-01-02,2014-01-02,2014-01-03,92930325.0,False
PX_VOLUME,AMZN,1,2014-01-02,2014-01-02,2014-01-03,42804920.0,False
PX_VOLUME,PANW,1,2014-01-02,2014-01-02,2014-01-03,7557000.0,False
PX_VOLUME,AMAT,1,2014-01-02,2014-01-02,2014-01-03,7785873.0,False
PX_VOLUME,LRCX,1,2014-01-02,2014-01-02,2014-01-03,10529180.0,False
PX_VOLUME,MPC,1,2014-01-02,2014-01-02,2014-01-03,6070238.0,False
PX_VOLUME,WFC,1,2014-01-02,2014-01-02,2014-01-03,17344590.0,False
PX_VOLUME,JNJ,1,2014-01-02,2014-01-02,2014-01-03,5921167.0,False
PX_VOLUME,GLW,1,2014-01-02,2014-01-02,2014-01-03,7571718.0,False
PX_VOLUME,TER,1,2014-01-02,2014-01-02,2014-01-03,2665816.0,False
PX_VOLUME,NFLX,1,2014-01-02,2014-01-02,2014-01-03,123339790.0,False
PX_VOLUME,CRM,1,2014-01-02,2014-01-02,2014-01-03,2739210.0,False
PX_VOLUME,AMD,1,2014-01-02,2014-01-02,2014-01-03,20569754.0,False
PX_VOLUME,PLD,1,2014-01-02,2014-01-02,2014-01-03,1985472.0,False
PX_VOLUME,TMUS,1,2014-01-02,2014-01-02,2014-01-03,6524580.0,False
PX_VOLUME,TSM,1,2014-01-02,2014-01-02,2014-01-03,6029118.0,False
PX_VOLUME,BAC,1,2014-01-02,2014-01-02,2014-01-03,149225696.0,False
PX_VOLUME,FN,1,2014-01-02,2014-01-02,2014-01-03,158891.0,False
PX_VOLUME,TMO,1,2014-01-02,2014-01-02,2014-01-03,2559028.0,False
PX_VOLUME,BX,1,2014-01-02,2014-01-02,2014-01-03,6921611.0,False
PX_VOLUME,PWR,1,2014-01-02,2014-01-02,2014-01-03,959400.0,False
PX_VOLUME,STX,1,2014-01-02,2014-01-02,2014-01-03,3023543.0,False
PX_VOLUME,CDNS,1,2014-01-02,2014-01-02,2014-01-03,3118223.0,False
PX_VOLUME,MRVL,1,2014-01-02,2014-01-02,2014-01-03,5272094.0,False
PX_VOLUME,KLAC,1,2014-01-02,2014-01-02,2014-01-03,9827450.0,False
PX_VOLUME,BSX,1,2014-01-02,2014-01-02,2014-01-03,7971602.0,False
PX_VOLUME,DLR,1,2014-01-02,2014-01-02,2014-01-03,2583986.0,False
PX_VOLUME,BKNG,1,2014-01-02,2014-01-02,2014-01-03,16359900.0,False
PX_VOLUME,PM,1,2014-01-02,2014-01-02,2014-01-03,3760670.0,False
PX_VOLUME,WMB,1,2014-01-02,2014-01-02,2014-01-03,6257569.0,False
PX_VOLUME,CSCO,1,2014-01-02,2014-01-02,2014-01-03,44387713.0,False
PX_VOLUME,INTC,1,2014-01-02,2014-01-02,2014-01-03,31843697.0,False
PX_VOLUME,META,1,2014-01-02,2014-01-02,2014-01-03,43257622.0,False
PX_VOLUME,AAPL,1,2014-01-02,2014-01-02,2014-01-03,235167828.0,False
PX_VOLUME,GS,1,2014-01-02,2014-01-02,2014-01-03,1990643.0,False
PX_VOLUME,COST,1,2014-01-02,2014-01-02,2014-01-03,1618678.0,False
PX_VOLUME,HD,1,2014-01-02,2014-01-02,2014-01-03,4255086.0,False
PX_VOLUME,PG,1,2014-01-02,2014-01-02,2014-01-03,6985476.0,False
PX_VOLUME,MCD,1,2014-01-02,2014-01-02,2014-01-03,2932283.0,False
PX_VOLUME,WMT,1,2014-01-02,2014-01-02,2014-01-03,20735577.0,False
PX_VOLUME,CAT,1,2014-01-02,2014-01-02,2014-01-03,4898714.0,False
PX_VOLUME,HON,1,2014-01-02,2014-01-02,2014-01-03,872154.0,False
PX_VOLUME,DE,1,2014-01-02,2014-01-02,2014-01-03,2462047.0,False
PX_VOLUME,UNP,1,2014-01-02,2014-01-02,2014-01-03,4693952.0,False
PX_VOLUME,LMT,1,2014-01-02,2014-01-02,2014-01-03,1115858.0,False
PX_VOLUME,ETN,1,2014-01-02,2014-01-02,2014-01-03,3774166.0,False
PX_VOLUME,XOM,1,2014-01-02,2014-01-02,2014-01-03,11030125.0,False
PX_VOLUME,LNG,1,2014-01-02,2014-01-02,2014-01-03,3647925.0,False
PX_VOLUME,FCX,1,2014-01-02,2014-01-02,2014-01-03,9047737.0,False
PX_VOLUME,LIN,1,2014-01-02,2014-01-02,2014-01-03,777690.0,False
PX_VOLUME,NEE,1,2014-01-02,2014-01-02,2014-01-03,9716216.0,False
PX_VOLUME,AMT,1,2014-01-02,2014-01-02,2014-01-03,1701345.0,False
PX_VOLUME,EQIX,1,2014-01-02,2014-01-02,2014-01-03,823185.0,False
PX_VOLUME,NVDA,1,2014-01-02,2014-01-02,2014-01-03,260091840.0,False
PX_VOLUME,000660,1,2014-01-02,2014-01-02,2014-01-03,4503101.0,False
PX_VOLUME,005930,1,2014-01-02,2014-01-02,2014-01-03,31025000.0,False
PX_VOLUME,UNH,1,2014-01-02,2014-01-02,2014-01-03,3066950.0,False
PX_VOLUME,LLY,1,2014-01-02,2014-01-02,2014-01-03,3176683.0,False
PX_VOLUME,ISRG,1,2014-01-02,2014-01-02,2014-01-03,4148487.0,False
PX_VOLUME,ABBV,1,2014-01-02,2014-01-02,2014-01-03,4569061.0,False
PX_VOLUME,REGN,1,2014-01-02,2014-01-02,2014-01-03,553014.0,False
PX_VOLUME,JPM,1,2014-01-02,2014-01-02,2014-01-03,15637267.0,False
PX_VOLUME,V,1,2014-01-02,2014-01-02,2014-01-03,10668220.0,False
PX_VOLUME,MA,1,2014-01-02,2014-01-02,2014-01-03,7408790.0,False
PX_VOLUME,BLK,1,2014-01-02,2014-01-02,2014-01-03,396548.0,False
PX_VOLUME,SPGI,1,2014-01-02,2014-01-02,2014-01-03,1293116.0,False
PX_VOLUME,CS,1,2014-01-02,2014-01-02,2014-01-03,4909149.0,False
PX_VOLUME,LSEG,1,2014-01-02,2014-01-02,2014-01-03,285348.0,False
PX_VOLUME,C,1,2014-01-02,2014-01-02,2014-01-03,16489770.0,False
PX_VOLUME,BN,1,2014-01-02,2014-01-02,2014-01-03,3455814.0,False
PX_VOLUME,CME,1,2014-01-02,2014-01-02,2014-01-03,2070876.0,False
PX_VOLUME,KKR,1,2014-01-02,2014-01-02,2014-01-03,3288774.0,False
PX_VOLUME,AON,1,2014-01-02,2014-01-02,2014-01-03,1209157.0,False
PX_VOLUME,PGR,1,2014-01-02,2014-01-02,2014-01-03,2569518.0,False
PX_VOLUME,IFX,1,2014-01-02,2014-01-02,2014-01-03,7334612.0,False
PX_VOLUME,AXP,1,2014-01-02,2014-01-02,2014-01-03,5120019.0,False
PX_VOLUME,SCHW,1,2014-01-02,2014-01-02,2014-01-03,4618557.0,False
PX_VOLUME,MS,1,2014-01-02,2014-01-02,2014-01-03,9843424.0,False
PX_VOLUME,ADI,1,2014-01-02,2014-01-02,2014-01-03,2799092.0,False
PX_VOLUME,NOW,1,2014-01-02,2014-01-02,2014-01-03,4587110.0,False
PX_VOLUME,ACN,1,2014-01-02,2014-01-02,2014-01-03,2405384.0,False
PX_VOLUME,IBM,1,2014-01-02,2014-01-02,2014-01-03,4546809.0,False
PX_VOLUME,HSBA,1,2014-01-02,2014-01-02,2014-01-03,15318357.0,False
PX_VOLUME,SHEL,1,2014-01-02,2014-01-02,2014-01-03,2739631.0,False
PX_VOLUME,AZN,1,2014-01-02,2014-01-02,2014-01-03,1998845.0,False
PX_VOLUME,ADBE,1,2014-01-02,2014-01-02,2014-01-03,2746370.0,False
PX_VOLUME,TXN,1,2014-01-02,2014-01-02,2014-01-03,6959175.0,False
PX_VOLUME,QCOM,1,2014-01-02,2014-01-02,2014-01-03,10110167.0,False
PX_VOLUME,RIO,1,2014-01-02,2014-01-02,2014-01-03,3143216.0,False
PX_VOLUME,NOVOB,1,2014-01-02,2014-01-02,2014-01-03,6259620.0,False
PX_VOLUME,SAP,1,2014-01-02,2014-01-02,2014-01-03,3331044.0,False
PX_VOLUME,RR/,1,2014-01-02,2014-01-02,2014-01-03,5186445.0,False
PX_VOLUME,MC,1,2014-01-02,2014-01-02,2014-01-03,613517.0,False
PX_VOLUME,ASML,1,2014-01-02,2014-01-02,2014-01-03,1206949.0,False
PX_VOLUME,SU,1,2014-01-02,2014-01-02,2014-01-03,1254901.0,False
PX_VOLUME,SIE,1,2014-01-02,2014-01-02,2014-01-03,2921568.0,False
PX_VOLUME,RHM,1,2014-01-02,2014-01-02,2014-01-03,146147.0,False
PX_VOLUME,ALV,1,2014-01-02,2014-01-02,2014-01-03,1567671.0,False
PX_VOLUME,MPWR,1,2014-01-02,2014-01-02,2014-01-03,257556.0,False
PX_VOLUME,ORCL,1,2014-01-02,2014-01-02,2014-01-03,18163750.0,False
PX_VOLUME,SNPS,1,2014-01-02,2014-01-02,2014-01-03,802775.0,False
PX_VOLUME,INTU,1,2014-01-02,2014-01-02,2014-01-03,1355681.0,False
PX_VOLUME,MSI,1,2014-01-02,2014-01-02,2014-01-03,1101567.0,False
PX_VOLUME,APH,1,2014-01-02,2014-01-02,2014-01-03,7069120.0,False
PX_VOLUME,ECL,1,2014-01-02,2014-01-02,2014-01-03,814936.0,False
PX_VOLUME,ULVR,1,2014-01-02,2014-01-02,2014-01-03,1646533.0,False
PX_VOLUME,FTNT,1,2014-01-02,2014-01-02,2014-01-03,13472295.0,False
PX_VOLUME,WDC,1,2014-01-02,2014-01-02,2014-01-03,1592769.0,False
PX_VOLUME,WDAY,1,2014-01-02,2014-01-02,2014-01-03,1058909.0,False
PX_VOLUME,DSY,1,2014-01-02,2014-01-02,2014-01-03,1703890.0,False
PX_VOLUME,IBE,1,2014-01-02,2014-01-02,2014-01-03,53448895.0,False
PX_VOLUME,AI,1,2014-01-02,2014-01-02,2014-01-03,962581.0,False
PX_VOLUME,CMCSA,1,2014-01-02,2014-01-02,2014-01-03,19522498.0,False
PX_VOLUME,VZ,1,2014-01-02,2014-01-02,2014-01-03,9271213.0,False
PX_VOLUME,ITX,1,2014-01-02,2014-01-02,2014-01-03,7916760.0,False
PX_VOLUME,ABT,1,2014-01-02,2014-01-02,2014-01-03,4967472.0,False
PX_VOLUME,VRTX,1,2014-01-02,2014-01-02,2014-01-03,966843.0,False
PX_VOLUME,DHR,1,2014-01-02,2014-01-02,2014-01-03,2010443.0,False
PX_VOLUME,SAN,1,2014-01-02,2014-01-02,2014-01-03,2670066.0,False
PX_VOLUME,GE,1,2014-01-02,2014-01-02,2014-01-03,5187973.0,False
PX_VOLUME,TT,1,2014-01-02,2014-01-02,2014-01-03,1916195.0,False
PX_VOLUME,KO,1,2014-01-02,2014-01-02,2014-01-03,12720197.0,False
PX_VOLUME,PUB,1,2014-01-02,2014-01-02,2014-01-03,1002855.0,False
PX_VOLUME,TTWO,1,2014-01-02,2014-01-02,2014-01-03,976147.0,False
PX_VOLUME,T,1,2014-01-02,2014-01-02,2014-01-03,20233147.0,False
PX_VOLUME,DTE,1,2014-01-02,2014-01-02,2014-01-03,14952292.0,False
PX_VOLUME,TJX,1,2014-01-02,2014-01-02,2014-01-03,4196914.0,False
PX_VOLUME,LOW,1,2014-01-02,2014-01-02,2014-01-03,5458567.0,False
PX_VOLUME,SBUX,1,2014-01-02,2014-01-02,2014-01-03,8528022.0,False
PX_VOLUME,DIS,1,2014-01-02,2014-01-02,2014-01-03,5212460.0,False
PX_VOLUME,ORLY,1,2014-01-02,2014-01-02,2014-01-03,8064555.0,False
PX_VOLUME,NKE,1,2014-01-02,2014-01-02,2014-01-03,5320436.0,False
PX_VOLUME,MCK,1,2014-01-02,2014-01-02,2014-01-03,846980.0,False
PX_VOLUME,SYK,1,2014-01-02,2014-01-02,2014-01-03,1204442.0,False
PX_VOLUME,MRK,1,2014-01-02,2014-01-02,2014-01-03,7897827.0,False
PX_VOLUME,AMGN,1,2014-01-02,2014-01-02,2014-01-03,2529728.0,False
PX_VOLUME,SAF,1,2014-01-02,2014-01-02,2014-01-03,559379.0,False
PX_VOLUME,AIR,1,2014-01-02,2014-01-02,2014-01-03,1875512.0,False
PX_VOLUME,BNP,1,2014-01-02,2014-01-02,2014-01-03,3165521.0,False
PX_VOLUME,AXON,1,2014-01-02,2014-01-02,2014-01-03,1276654.0,False
PX_VOLUME,EMR,1,2014-01-02,2014-01-02,2014-01-03,1803110.0,False
PX_VOLUME,RTX,1,2014-01-02,2014-01-02,2014-01-03,2649693.0,False
PX_VOLUME,COF,1,2014-01-02,2014-01-02,2014-01-03,3070336.0,False
PX_VOLUME,MUV2,1,2014-01-02,2014-01-02,2014-01-03,1147425.0,False
PX_VOLUME,ICE,1,2014-01-02,2014-01-02,2014-01-03,3833350.0,False
PX_VOLUME,MCO,1,2014-01-02,2014-01-02,2014-01-03,950687.0,False
PX_VOLUME,NXPI,1,2014-01-02,2014-01-02,2014-01-03,3772668.0,False
PX_VOLUME,ADSK,1,2014-01-02,2014-01-02,2014-01-03,2488043.0,False
PX_VOLUME,CB,1,2014-01-02,2014-01-02,2014-01-03,1112627.0,False
PX_VOLUME,BRK/B,1,2014-01-02,2014-01-02,2014-01-03,3087099.0,False
PX_VOLUME,SHW,1,2014-01-02,2014-01-02,2014-01-03,1547073.0,False
PX_VOLUME,COHR,1,2014-01-02,2014-01-02,2014-01-03,322022.0,False
PX_VOLUME,FICO,1,2014-01-02,2014-01-02,2014-01-03,184947.0,False
PX_VOLUME,ON,1,2014-01-02,2014-01-02,2014-01-03,11104645.0,False
PX_VOLUME,VRSN,1,2014-01-02,2014-01-02,2014-01-03,1871867.0,False
PX_VOLUME,SO,1,2014-01-02,2014-01-02,2014-01-03,5514769.0,False
PX_VOLUME,TTE,1,2014-01-02,2014-01-02,2014-01-03,4721748.0,False
PX_VOLUME,NEM,1,2014-01-02,2014-01-02,2014-01-03,12240365.0,False
PX_VOLUME,CVX,1,2014-01-02,2014-01-02,2014-01-03,4540472.0,False
PX_VOLUME,MDLZ,1,2014-01-02,2014-01-02,2014-01-03,6213092.0,False
PX_VOLUME,OR,1,2014-01-02,2014-01-02,2014-01-03,399606.0,False
PX_VOLUME,PEP,1,2014-01-02,2014-01-02,2014-01-03,3276752.0,False
PX_VOLUME,UCG,1,2014-01-02,2014-01-02,2014-01-03,11234746.0,False
PX_VOLUME,IBKR,1,2014-01-02,2014-01-02,2014-01-03,1970680.0,False
PX_VOLUME,BNY,1,2014-01-02,2014-01-02,2014-01-03,3469457.0,False
PX_VOLUME,MSCI,1,2014-01-02,2014-01-02,2014-01-03,459664.0,False
PX_VOLUME,MRSH,1,2014-01-02,2014-01-02,2014-01-03,1383352.0,False
PX_VOLUME,APO,1,2014-01-02,2014-01-02,2014-01-03,1046889.0,False
PX_VOLUME,ASM,1,2014-01-02,2014-01-02,2014-01-03,142054.0,False
PX_VOLUME,WM,1,2014-01-02,2014-01-02,2014-01-03,1507563.0,False
PX_VOLUME,PH,1,2014-01-02,2014-01-02,2014-01-03,806784.0,False
PX_VOLUME,GILD,1,2014-01-02,2014-01-02,2014-01-03,8281053.0,False
PX_VOLUME,MDT,1,2014-01-02,2014-01-02,2014-01-03,4219216.0,False
PX_VOLUME,PFE,1,2014-01-02,2014-01-02,2014-01-03,17438787.0,False
PX_VOLUME,HCA,1,2014-01-02,2014-01-02,2014-01-03,2221061.0,False
PX_VOLUME,ZTS,1,2014-01-02,2014-01-02,2014-01-03,2576112.0,False
PX_VOLUME,REL,1,2014-01-02,2014-01-02,2014-01-03,2172875.0,False
PX_VOLUME,ADP,1,2014-01-02,2014-01-02,2014-01-03,1965869.0,False
PX_VOLUME,CMG,1,2014-01-02,2014-01-02,2014-01-03,22824550.0,False
PX_VOLUME,RMS,1,2014-01-02,2014-01-02,2014-01-03,15187.0,False
PX_VOLUME,GM,1,2014-01-02,2014-01-02,2014-01-03,14764415.0,False
PX_VOLUME,MAR,1,2014-01-02,2014-01-02,2014-01-03,2127020.0,False
PX_VOLUME,LYV,1,2014-01-02,2014-01-02,2014-01-03,1523156.0,False
PX_VOLUME,TKO,1,2014-01-02,2014-01-02,2014-01-03,335749.0,False
PX_VOLUME,MO,1,2014-01-02,2014-01-02,2014-01-03,6324825.0,False
PX_VOLUME,GRMN,1,2014-01-02,2014-01-02,2014-01-03,1830255.0,False
PX_VOLUME,CL,1,2014-01-02,2014-01-02,2014-01-03,3004468.0,False
PX_VOLUME,MNST,1,2014-01-02,2014-01-02,2014-01-03,18373152.0,False
PX_VOLUME,SLB,1,2014-01-02,2014-01-02,2014-01-03,4958526.0,False
PX_VOLUME,COP,1,2014-01-02,2014-01-02,2014-01-03,4363288.0,False
PX_VOLUME,APD,1,2014-01-02,2014-01-02,2014-01-03,839074.0,False
PX_VOLUME,NRG,1,2014-01-02,2014-01-02,2014-01-03,3896367.0,False
PX_VOLUME,ENEL,1,2014-01-02,2014-01-02,2014-01-03,32969582.0,False
PX_VOLUME,WELL,1,2014-01-02,2014-01-02,2014-01-03,2575096.0,False
SHORT_INT_RATIO,AZN,4643,2014-01-15,2026-10-01,,31.885,True
SHORT_INT_RATIO,ABBN,4643,2014-01-15,2026-10-01,,1.11,True
SHORT_INT_RATIO,9432,4643,2014-01-15,2026-10-01,,0.39,True
SHORT_INT_RATIO,6758,4643,2014-01-15,2026-10-01,,1.876,True
SHORT_INT_RATIO,ASM,4643,2014-01-15,2026-10-01,,2.155,True
SHORT_INT_RATIO,6857,4643,2014-01-15,2026-10-01,,0.344,True
SHORT_INT_RATIO,8306,4643,2014-01-15,2026-10-01,,1.902,True
SHORT_INT_RATIO,ULVR,4368,2014-01-15,2025-12-30,2025-12-31,77.02,False
SHORT_INT_RATIO,SNDK,4062,2014-01-15,2025-02-27,2025-02-28,0.004,False
SHORT_INT_RATIO,GEV,3758,2014-01-15,2024-04-29,2024-04-30,0.421,False
SHORT_INT_RATIO,RDDT,3743,2014-01-15,2024-04-14,2024-04-15,0.221,False
SHORT_INT_RATIO,ARM,3544,2014-01-15,2023-09-28,2023-09-29,0.0,False
SHORT_INT_RATIO,CEG,2966,2014-01-15,2022-02-27,2022-02-28,0.584,False
SHORT_INT_RATIO,DSY,2753,2014-01-15,2021-07-29,2021-07-30,88.987,False
SHORT_INT_RATIO,TTE,2690,2014-01-15,2021-05-27,2021-05-28,1.507,False
SHORT_INT_RATIO,APP,2676,2014-01-15,2021-05-13,2021-05-14,1.985,False
SHORT_INT_RATIO,RBLX,2632,2014-01-15,2021-03-30,2021-03-31,0.113,False
SHORT_INT_RATIO,ABNB,2542,2014-01-15,2020-12-30,2020-12-31,0.163,False
SHORT_INT_RATIO,DASH,2542,2014-01-15,2020-12-30,2020-12-31,0.782,False
SHORT_INT_RATIO,PLTR,2480,2014-01-15,2020-10-29,2020-10-30,1.157,False
SHORT_INT_RATIO,SNOW,2465,2014-01-15,2020-10-14,2020-10-15,0.69,False
SHORT_INT_RATIO,DDOG,2099,2014-01-15,2019-10-14,2019-10-15,0.39,False
SHORT_INT_RATIO,NET,2099,2014-01-15,2019-10-14,2019-10-15,0.935,False
SHORT_INT_RATIO,CRWD,1990,2014-01-15,2019-06-27,2019-06-28,0.047,False
SHORT_INT_RATIO,UBER,1962,2014-01-15,2019-05-30,2019-05-31,0.431,False
SHORT_INT_RATIO,DELL,1826,2014-01-15,2019-01-14,2019-01-15,8.872,False
SHORT_INT_RATIO,VRT,1689,2014-01-15,2018-08-30,2018-08-31,0.036,False
SHORT_INT_RATIO,BE,1673,2014-01-15,2018-08-14,2018-08-15,0.682,False
SHORT_INT_RATIO,SPOT,1566,2014-01-15,2018-04-29,2018-04-30,0.241,False
SHORT_INT_RATIO,ZS,1549,2014-01-15,2018-04-12,2018-04-13,0.335,False
SHORT_INT_RATIO,HWM,1050,2014-01-15,2016-11-29,2016-11-30,3.154,False
SHORT_INT_RATIO,VST,1020,2014-01-15,2016-10-30,2016-10-31,6.404,False
SHORT_INT_RATIO,TTD,1003,2014-01-15,2016-10-13,2016-10-14,0.055,False
SHORT_INT_RATIO,TEAM,715,2014-01-15,2015-12-30,2015-12-31,0.267,False
SHORT_INT_RATIO,HPE,684,2014-01-15,2015-11-29,2015-11-30,0.871,False
SHORT_INT_RATIO,RACE,667,2014-01-15,2015-11-12,2015-11-13,0.423,False
SHORT_INT_RATIO,LITE,593,2014-01-15,2015-08-30,2015-08-31,2.154,False
SHORT_INT_RATIO,PYPL,562,2014-01-15,2015-07-30,2015-07-31,0.016,False
SHORT_INT_RATIO,KEYS,317,2014-01-15,2014-11-27,2014-11-28,0.621,False
SHORT_INT_RATIO,ANET,166,2014-01-15,2014-06-29,2014-06-30,0.126,False
SHORT_INT_RATIO,SPGI,16,2014-01-15,2014-01-30,2014-01-31,3.274,False
SHORT_INT_RATIO,AVGO,16,2014-01-15,2014-01-30,2014-01-31,1.59,False
SHORT_INT_RATIO,TSLA,16,2014-01-15,2014-01-30,2014-01-31,3.31,False
SHORT_INT_RATIO,NVDA,16,2014-01-15,2014-01-30,2014-01-31,8.799,False
SHORT_INT_RATIO,META,16,2014-01-15,2014-01-30,2014-01-31,0.797,False
SHORT_INT_RATIO,GOOGL,16,2014-01-15,2014-01-30,2014-01-31,1.875,False
SHORT_INT_RATIO,AMZN,16,2014-01-15,2014-01-30,2014-01-31,2.504,False
SHORT_INT_RATIO,MU,16,2014-01-15,2014-01-30,2014-01-31,2.798,False
SHORT_INT_RATIO,UNH,16,2014-01-15,2014-01-30,2014-01-31,4.238,False
SHORT_INT_RATIO,ABBV,16,2014-01-15,2014-01-30,2014-01-31,1.382,False
SHORT_INT_RATIO,REGN,16,2014-01-15,2014-01-30,2014-01-31,4.189,False
SHORT_INT_RATIO,JPM,16,2014-01-15,2014-01-30,2014-01-31,2.008,False
SHORT_INT_RATIO,V,16,2014-01-15,2014-01-30,2014-01-31,4.595,False
SHORT_INT_RATIO,MA,16,2014-01-15,2014-01-30,2014-01-31,1.924,False
SHORT_INT_RATIO,BLK,16,2014-01-15,2014-01-30,2014-01-31,2.644,False
SHORT_INT_RATIO,LLY,16,2014-01-15,2014-01-30,2014-01-31,3.521,False
SHORT_INT_RATIO,ISRG,16,2014-01-15,2014-01-30,2014-01-31,3.109,False
SHORT_INT_RATIO,COST,16,2014-01-15,2014-01-30,2014-01-31,1.665,False
SHORT_INT_RATIO,HD,16,2014-01-15,2014-01-30,2014-01-31,2.109,False
SHORT_INT_RATIO,PG,16,2014-01-15,2014-01-30,2014-01-31,2.14,False
SHORT_INT_RATIO,MCD,16,2014-01-15,2014-01-30,2014-01-31,2.714,False
SHORT_INT_RATIO,WMT,16,2014-01-15,2014-01-30,2014-01-31,4.294,False
SHORT_INT_RATIO,CAT,16,2014-01-15,2014-01-30,2014-01-31,4.336,False
SHORT_INT_RATIO,HON,16,2014-01-15,2014-01-30,2014-01-31,2.096,False
SHORT_INT_RATIO,DE,16,2014-01-15,2014-01-30,2014-01-31,5.84,False
SHORT_INT_RATIO,UNP,16,2014-01-15,2014-01-30,2014-01-31,1.56,False
SHORT_INT_RATIO,LMT,16,2014-01-15,2014-01-30,2014-01-31,2.371,False
SHORT_INT_RATIO,ETN,16,2014-01-15,2014-01-30,2014-01-31,1.72,False
SHORT_INT_RATIO,XOM,16,2014-01-15,2014-01-30,2014-01-31,5.297,False
SHORT_INT_RATIO,LNG,16,2014-01-15,2014-01-30,2014-01-31,4.582,False
SHORT_INT_RATIO,FCX,16,2014-01-15,2014-01-30,2014-01-31,1.949,False
SHORT_INT_RATIO,AAPL,16,2014-01-15,2014-01-30,2014-01-31,1.283,False
SHORT_INT_RATIO,MSFT,16,2014-01-15,2014-01-30,2014-01-31,1.712,False
SHORT_INT_RATIO,BSX,16,2014-01-15,2014-01-30,2014-01-31,2.201,False
SHORT_INT_RATIO,TMO,16,2014-01-15,2014-01-30,2014-01-31,2.061,False
SHORT_INT_RATIO,BX,16,2014-01-15,2014-01-30,2014-01-31,2.087,False
SHORT_INT_RATIO,PWR,16,2014-01-15,2014-01-30,2014-01-31,3.398,False
SHORT_INT_RATIO,STX,16,2014-01-15,2014-01-30,2014-01-31,4.223,False
SHORT_INT_RATIO,CDNS,16,2014-01-15,2014-01-30,2014-01-31,11.83,False
SHORT_INT_RATIO,MRVL,16,2014-01-15,2014-01-30,2014-01-31,1.348,False
SHORT_INT_RATIO,KLAC,16,2014-01-15,2014-01-30,2014-01-31,3.265,False
SHORT_INT_RATIO,BAC,16,2014-01-15,2014-01-30,2014-01-31,0.763,False
SHORT_INT_RATIO,TSM,16,2014-01-15,2014-01-30,2014-01-31,4.489,False
SHORT_INT_RATIO,ORCL,16,2014-01-15,2014-01-30,2014-01-31,2.125,False
SHORT_INT_RATIO,INTC,16,2014-01-15,2014-01-30,2014-01-31,5.858,False
SHORT_INT_RATIO,MPWR,16,2014-01-15,2014-01-30,2014-01-31,10.148,False
SHORT_INT_RATIO,CSCO,16,2014-01-15,2014-01-30,2014-01-31,1.439,False
SHORT_INT_RATIO,PANW,16,2014-01-15,2014-01-30,2014-01-31,2.648,False
SHORT_INT_RATIO,FN,16,2014-01-15,2014-01-30,2014-01-31,2.7,False
SHORT_INT_RATIO,TER,16,2014-01-15,2014-01-30,2014-01-31,5.803,False
SHORT_INT_RATIO,NFLX,16,2014-01-15,2014-01-30,2014-01-31,1.719,False
SHORT_INT_RATIO,AMAT,16,2014-01-15,2014-01-30,2014-01-31,5.063,False
SHORT_INT_RATIO,LRCX,16,2014-01-15,2014-01-30,2014-01-31,4.805,False
SHORT_INT_RATIO,MPC,16,2014-01-15,2014-01-30,2014-01-31,2.239,False
SHORT_INT_RATIO,WFC,16,2014-01-15,2014-01-30,2014-01-31,1.978,False
SHORT_INT_RATIO,JNJ,16,2014-01-15,2014-01-30,2014-01-31,2.768,False
SHORT_INT_RATIO,GLW,16,2014-01-15,2014-01-30,2014-01-31,3.334,False
SHORT_INT_RATIO,PLD,16,2014-01-15,2014-01-30,2014-01-31,3.453,False
SHORT_INT_RATIO,TMUS,16,2014-01-15,2014-01-30,2014-01-31,1.776,False
SHORT_INT_RATIO,CRM,16,2014-01-15,2014-01-30,2014-01-31,11.434,False
SHORT_INT_RATIO,AMD,16,2014-01-15,2014-01-30,2014-01-31,3.582,False
SHORT_INT_RATIO,EQIX,16,2014-01-15,2014-01-30,2014-01-31,13.756,False
SHORT_INT_RATIO,AMT,16,2014-01-15,2014-01-30,2014-01-31,3.647,False
SHORT_INT_RATIO,LIN,16,2014-01-15,2014-01-30,2014-01-31,4.774,False
SHORT_INT_RATIO,NEE,16,2014-01-15,2014-01-30,2014-01-31,7.98,False
SHORT_INT_RATIO,GS,16,2014-01-15,2014-01-30,2014-01-31,2.972,False
SHORT_INT_RATIO,VZ,16,2014-01-15,2014-01-30,2014-01-31,5.718,False
SHORT_INT_RATIO,DIS,16,2014-01-15,2014-01-30,2014-01-31,5.591,False
SHORT_INT_RATIO,CMCSA,16,2014-01-15,2014-01-30,2014-01-31,2.46,False
SHORT_INT_RATIO,KKR,16,2014-01-15,2014-01-30,2014-01-31,4.738,False
SHORT_INT_RATIO,BN,16,2014-01-15,2014-01-30,2014-01-31,6.38,False
SHORT_INT_RATIO,CME,16,2014-01-15,2014-01-30,2014-01-31,2.822,False
SHORT_INT_RATIO,C,16,2014-01-15,2014-01-30,2014-01-31,1.623,False
SHORT_INT_RATIO,DHR,16,2014-01-15,2014-01-30,2014-01-31,2.994,False
SHORT_INT_RATIO,ABT,16,2014-01-15,2014-01-30,2014-01-31,1.654,False
SHORT_INT_RATIO,GE,16,2014-01-15,2014-01-30,2014-01-31,2.02,False
SHORT_INT_RATIO,VRTX,16,2014-01-15,2014-01-30,2014-01-31,4.029,False
SHORT_INT_RATIO,TJX,16,2014-01-15,2014-01-30,2014-01-31,3.379,False
SHORT_INT_RATIO,SBUX,16,2014-01-15,2014-01-30,2014-01-31,1.363,False
SHORT_INT_RATIO,LOW,16,2014-01-15,2014-01-30,2014-01-31,3.885,False
SHORT_INT_RATIO,T,16,2014-01-15,2014-01-30,2014-01-31,5.579,False
SHORT_INT_RATIO,ACN,16,2014-01-15,2014-01-30,2014-01-31,4.302,False
SHORT_INT_RATIO,NOW,16,2014-01-15,2014-01-30,2014-01-31,3.451,False
SHORT_INT_RATIO,ADI,16,2014-01-15,2014-01-30,2014-01-31,2.581,False
SHORT_INT_RATIO,IBM,16,2014-01-15,2014-01-30,2014-01-31,5.979,False
SHORT_INT_RATIO,SCHW,16,2014-01-15,2014-01-30,2014-01-31,5.434,False
SHORT_INT_RATIO,AXP,16,2014-01-15,2014-01-30,2014-01-31,2.026,False
SHORT_INT_RATIO,PGR,16,2014-01-15,2014-01-30,2014-01-31,3.262,False
SHORT_INT_RATIO,MS,16,2014-01-15,2014-01-30,2014-01-31,2.461,False
SHORT_INT_RATIO,AON,16,2014-01-15,2014-01-30,2014-01-31,2.191,False
SHORT_INT_RATIO,BKNG,16,2014-01-15,2014-01-30,2014-01-31,2.338,False
SHORT_INT_RATIO,DLR,16,2014-01-15,2014-01-30,2014-01-31,18.205,False
SHORT_INT_RATIO,QCOM,16,2014-01-15,2014-01-30,2014-01-31,2.46,False
SHORT_INT_RATIO,TXN,16,2014-01-15,2014-01-30,2014-01-31,4.082,False
SHORT_INT_RATIO,ADBE,16,2014-01-15,2014-01-30,2014-01-31,1.925,False
SHORT_INT_RATIO,PM,16,2014-01-15,2014-01-30,2014-01-31,1.391,False
SHORT_INT_RATIO,WMB,16,2014-01-15,2014-01-30,2014-01-31,2.157,False
SHORT_INT_RATIO,MCO,16,2014-01-15,2014-01-30,2014-01-31,8.351,False
SHORT_INT_RATIO,ICE,16,2014-01-15,2014-01-30,2014-01-31,1.087,False
SHORT_INT_RATIO,CB,16,2014-01-15,2014-01-30,2014-01-31,1.861,False
SHORT_INT_RATIO,BRK/B,16,2014-01-15,2014-01-30,2014-01-31,3.644,False
SHORT_INT_RATIO,FTNT,16,2014-01-15,2014-01-30,2014-01-31,0.673,False
SHORT_INT_RATIO,WDC,16,2014-01-15,2014-01-30,2014-01-31,1.12,False
SHORT_INT_RATIO,ADSK,16,2014-01-15,2014-01-30,2014-01-31,2.204,False
SHORT_INT_RATIO,WDAY,16,2014-01-15,2014-01-30,2014-01-31,3.398,False
SHORT_INT_RATIO,SNPS,16,2014-01-15,2014-01-30,2014-01-31,1.551,False
SHORT_INT_RATIO,APH,16,2014-01-15,2014-01-30,2014-01-31,4.202,False
SHORT_INT_RATIO,NXPI,16,2014-01-15,2014-01-30,2014-01-31,0.335,False
SHORT_INT_RATIO,MSI,16,2014-01-15,2014-01-30,2014-01-31,5.986,False
SHORT_INT_RATIO,TT,16,2014-01-15,2014-01-30,2014-01-31,2.042,False
SHORT_INT_RATIO,KO,16,2014-01-15,2014-01-30,2014-01-31,3.318,False
SHORT_INT_RATIO,ECL,16,2014-01-15,2014-01-30,2014-01-31,2.273,False
SHORT_INT_RATIO,INTU,16,2014-01-15,2014-01-30,2014-01-31,8.845,False
SHORT_INT_RATIO,TTWO,16,2014-01-15,2014-01-30,2014-01-31,6.682,False
SHORT_INT_RATIO,MCK,16,2014-01-15,2014-01-30,2014-01-31,0.597,False
SHORT_INT_RATIO,NKE,16,2014-01-15,2014-01-30,2014-01-31,2.018,False
SHORT_INT_RATIO,ORLY,16,2014-01-15,2014-01-30,2014-01-31,6.502,False
SHORT_INT_RATIO,SYK,16,2014-01-15,2014-01-30,2014-01-31,3.112,False
SHORT_INT_RATIO,AXON,16,2014-01-15,2014-01-30,2014-01-31,1.815,False
SHORT_INT_RATIO,MRK,16,2014-01-15,2014-01-30,2014-01-31,1.82,False
SHORT_INT_RATIO,MDLZ,16,2014-01-15,2014-01-30,2014-01-31,1.629,False
SHORT_INT_RATIO,SO,16,2014-01-15,2014-01-30,2014-01-31,5.707,False
SHORT_INT_RATIO,SHW,16,2014-01-15,2014-01-30,2014-01-31,3.56,False
SHORT_INT_RATIO,NEM,16,2014-01-15,2014-01-30,2014-01-31,1.499,False
SHORT_INT_RATIO,CVX,16,2014-01-15,2014-01-30,2014-01-31,2.383,False
SHORT_INT_RATIO,EMR,16,2014-01-15,2014-01-30,2014-01-31,3.114,False
SHORT_INT_RATIO,AMGN,16,2014-01-15,2014-01-30,2014-01-31,3.414,False
SHORT_INT_RATIO,RTX,16,2014-01-15,2014-01-30,2014-01-31,2.475,False
SHORT_INT_RATIO,COF,16,2014-01-15,2014-01-30,2014-01-31,2.555,False
SHORT_INT_RATIO,FICO,16,2014-01-15,2014-01-30,2014-01-31,3.929,False
SHORT_INT_RATIO,ON,16,2014-01-15,2014-01-30,2014-01-31,1.171,False
SHORT_INT_RATIO,COHR,16,2014-01-15,2014-01-30,2014-01-31,5.245,False
SHORT_INT_RATIO,PEP,16,2014-01-15,2014-01-30,2014-01-31,2.131,False
SHORT_INT_RATIO,MSCI,16,2014-01-15,2014-01-30,2014-01-31,2.306,False
SHORT_INT_RATIO,BNY,16,2014-01-15,2014-01-30,2014-01-31,1.934,False
SHORT_INT_RATIO,MRSH,16,2014-01-15,2014-01-30,2014-01-31,3.028,False
SHORT_INT_RATIO,VRSN,16,2014-01-15,2014-01-30,2014-01-31,15.123,False
SHORT_INT_RATIO,ADP,16,2014-01-15,2014-01-30,2014-01-31,2.807,False
SHORT_INT_RATIO,WM,16,2014-01-15,2014-01-30,2014-01-31,8.138,False
SHORT_INT_RATIO,PH,16,2014-01-15,2014-01-30,2014-01-31,2.779,False
SHORT_INT_RATIO,GILD,16,2014-01-15,2014-01-30,2014-01-31,9.34,False
SHORT_INT_RATIO,PFE,16,2014-01-15,2014-01-30,2014-01-31,2.148,False
SHORT_INT_RATIO,MDT,16,2014-01-15,2014-01-30,2014-01-31,1.398,False
SHORT_INT_RATIO,IBKR,16,2014-01-15,2014-01-30,2014-01-31,0.719,False
SHORT_INT_RATIO,APO,16,2014-01-15,2014-01-30,2014-01-31,1.784,False
SHORT_INT_RATIO,ZTS,16,2014-01-15,2014-01-30,2014-01-31,1.074,False
SHORT_INT_RATIO,HCA,16,2014-01-15,2014-01-30,2014-01-31,1.489,False
SHORT_INT_RATIO,MAR,16,2014-01-15,2014-01-30,2014-01-31,4.355,False
SHORT_INT_RATIO,CMG,16,2014-01-15,2014-01-30,2014-01-31,4.344,False
SHORT_INT_RATIO,GM,16,2014-01-15,2014-01-30,2014-01-31,2.883,False
SHORT_INT_RATIO,GRMN,16,2014-01-15,2014-01-30,2014-01-31,11.616,False
SHORT_INT_RATIO,LYV,16,2014-01-15,2014-01-30,2014-01-31,3.866,False
SHORT_INT_RATIO,TKO,16,2014-01-15,2014-01-30,2014-01-31,4.193,False
SHORT_INT_RATIO,MO,16,2014-01-15,2014-01-30,2014-01-31,1.96,False
SHORT_INT_RATIO,CL,16,2014-01-15,2014-01-30,2014-01-31,3.347,False
SHORT_INT_RATIO,MNST,16,2014-01-15,2014-01-30,2014-01-31,2.317,False
SHORT_INT_RATIO,COP,16,2014-01-15,2014-01-30,2014-01-31,4.657,False
SHORT_INT_RATIO,SLB,16,2014-01-15,2014-01-30,2014-01-31,2.165,False
SHORT_INT_RATIO,APD,16,2014-01-15,2014-01-30,2014-01-31,2.015,False
SHORT_INT_RATIO,NRG,16,2014-01-15,2014-01-30,2014-01-31,2.952,False
SHORT_INT_RATIO,WELL,16,2014-01-15,2014-01-30,2014-01-31,3.527,False
VOLATILITY_30D,SNDK,4085,2014-01-02,2025-03-09,2025-03-10,123.136,False
VOLATILITY_30D,285A,4031,2014-01-02,2025-01-14,2025-01-15,89.573,False
VOLATILITY_30D,GEV,3760,2014-01-02,2024-04-18,2024-04-19,60.769,False
VOLATILITY_30D,RDDT,3753,2014-01-02,2024-04-11,2024-04-12,237.816,False
VOLATILITY_30D,ARM,3563,2014-01-02,2023-10-04,2023-10-05,111.403,False
VOLATILITY_30D,CEG,2961,2014-01-02,2022-02-09,2022-02-10,75.776,False
VOLATILITY_30D,UMG,2841,2014-01-02,2021-10-12,2021-10-13,35.932,False
VOLATILITY_30D,APP,2681,2014-01-02,2021-05-05,2021-05-06,95.076,False
VOLATILITY_30D,RBLX,2645,2014-01-02,2021-03-30,2021-03-31,204.096,False
VOLATILITY_30D,ABNB,2559,2014-01-02,2021-01-03,2021-01-04,323.041,False
VOLATILITY_30D,DASH,2555,2014-01-02,2020-12-30,2020-12-31,274.048,False
VOLATILITY_30D,PLTR,2484,2014-01-02,2020-10-20,2020-10-21,126.393,False
VOLATILITY_30D,SNOW,2470,2014-01-02,2020-10-06,2020-10-07,326.274,False
VOLATILITY_30D,DDOG,2107,2014-01-02,2019-10-09,2019-10-10,156.439,False
VOLATILITY_30D,NET,2101,2014-01-02,2019-10-03,2019-10-04,107.562,False
VOLATILITY_30D,CRWD,2008,2014-01-02,2019-07-02,2019-07-03,246.783,False
VOLATILITY_30D,UBER,1978,2014-01-02,2019-06-02,2019-06-03,74.028,False
VOLATILITY_30D,DELL,1841,2014-01-02,2019-01-16,2019-01-17,55.677,False
VOLATILITY_30D,VRT,1695,2014-01-02,2018-08-23,2018-08-24,7.428,False
VOLATILITY_30D,BE,1686,2014-01-02,2018-08-14,2018-08-15,240.548,False
VOLATILITY_30D,SPOT,1573,2014-01-02,2018-04-23,2018-04-24,63.227,False
VOLATILITY_30D,ZS,1558,2014-01-02,2018-04-08,2018-04-09,318.947,False
VOLATILITY_30D,HWM,1056,2014-01-02,2016-11-22,2016-11-23,43.091,False
VOLATILITY_30D,VST,1028,2014-01-02,2016-10-25,2016-10-26,20.782,False
VOLATILITY_30D,TTD,1014,2014-01-02,2016-10-11,2016-10-12,245.208,False
VOLATILITY_30D,TEAM,732,2014-01-02,2016-01-03,2016-01-04,127.17,False
VOLATILITY_30D,RACE,678,2014-01-02,2015-11-10,2015-11-11,46.815,False
VOLATILITY_30D,HPE,677,2014-01-02,2015-11-09,2015-11-10,63.355,False
VOLATILITY_30D,LITE,592,2014-01-02,2015-08-16,2015-08-17,137.633,False
VOLATILITY_30D,PYPL,572,2014-01-02,2015-07-27,2015-07-28,49.792,False
VOLATILITY_30D,KEYS,313,2014-01-02,2014-11-10,2014-11-11,29.087,False
VOLATILITY_30D,ANET,176,2014-01-02,2014-06-26,2014-06-27,113.438,False
VOLATILITY_30D,7974,5,2014-01-02,2014-01-06,2014-01-07,28.736,False
VOLATILITY_30D,6146,5,2014-01-02,2014-01-06,2014-01-07,25.285,False
VOLATILITY_30D,8306,5,2014-01-02,2014-01-06,2014-01-07,26.993,False
VOLATILITY_30D,7011,5,2014-01-02,2014-01-06,2014-01-07,24.839,False
VOLATILITY_30D,9433,5,2014-01-02,2014-01-06,2014-01-07,35.749,False
VOLATILITY_30D,9432,5,2014-01-02,2014-01-06,2014-01-07,19.954,False
VOLATILITY_30D,8316,5,2014-01-02,2014-01-06,2014-01-07,20.37,False
VOLATILITY_30D,4063,5,2014-01-02,2014-01-06,2014-01-07,19.926,False
VOLATILITY_30D,6981,5,2014-01-02,2014-01-06,2014-01-07,15.717,False
VOLATILITY_30D,7203,5,2014-01-02,2014-01-06,2014-01-07,17.556,False
VOLATILITY_30D,6857,5,2014-01-02,2014-01-06,2014-01-07,35.183,False
VOLATILITY_30D,8035,5,2014-01-02,2014-01-06,2014-01-07,20.896,False
VOLATILITY_30D,6758,5,2014-01-02,2014-01-06,2014-01-07,20.948,False
VOLATILITY_30D,NOVN,4,2014-01-02,2014-01-05,2014-01-06,14.321,False
VOLATILITY_30D,SBUX,4,2014-01-02,2014-01-05,2014-01-06,16.365,False
VOLATILITY_30D,ABBN,4,2014-01-02,2014-01-05,2014-01-06,16.166,False
VOLATILITY_30D,NESN,4,2014-01-02,2014-01-05,2014-01-06,12.556,False
VOLATILITY_30D,ZURN,4,2014-01-02,2014-01-05,2014-01-06,15.53,False
VOLATILITY_30D,AON,4,2014-01-02,2014-01-05,2014-01-06,15.306,False
VOLATILITY_30D,CFR,4,2014-01-02,2014-01-05,2014-01-06,16.903,False
VOLATILITY_30D,CVX,4,2014-01-02,2014-01-05,2014-01-06,13.635,False
VOLATILITY_30D,ROP,4,2014-01-02,2014-01-05,2014-01-06,16.722,False
VOLATILITY_30D,UBSG,4,2014-01-02,2014-01-05,2014-01-06,19.896,False
VOLATILITY_30D,UCG,4,2014-01-02,2014-01-05,2014-01-06,25.496,False
VOLATILITY_30D,MU,1,2014-01-02,2014-01-02,2014-01-03,38.027,False
VOLATILITY_30D,AVGO,1,2014-01-02,2014-01-02,2014-01-03,42.017,False
VOLATILITY_30D,PANW,1,2014-01-02,2014-01-02,2014-01-03,31.945,False
VOLATILITY_30D,AMAT,1,2014-01-02,2014-01-02,2014-01-03,18.473,False
VOLATILITY_30D,LRCX,1,2014-01-02,2014-01-02,2014-01-03,19.019,False
VOLATILITY_30D,MPC,1,2014-01-02,2014-01-02,2014-01-03,35.433,False
VOLATILITY_30D,WFC,1,2014-01-02,2014-01-02,2014-01-03,14.39,False
VOLATILITY_30D,JNJ,1,2014-01-02,2014-01-02,2014-01-03,12.631,False
VOLATILITY_30D,GLW,1,2014-01-02,2014-01-02,2014-01-03,15.687,False
VOLATILITY_30D,TER,1,2014-01-02,2014-01-02,2014-01-03,17.284,False
VOLATILITY_30D,NFLX,1,2014-01-02,2014-01-02,2014-01-03,20.918,False
VOLATILITY_30D,CRM,1,2014-01-02,2014-01-02,2014-01-03,24.308,False
VOLATILITY_30D,AMD,1,2014-01-02,2014-01-02,2014-01-03,22.478,False
VOLATILITY_30D,PLD,1,2014-01-02,2014-01-02,2014-01-03,17.021,False
VOLATILITY_30D,TMUS,1,2014-01-02,2014-01-02,2014-01-03,44.624,False
VOLATILITY_30D,EQIX,1,2014-01-02,2014-01-02,2014-01-03,19.078,False
VOLATILITY_30D,BAC,1,2014-01-02,2014-01-02,2014-01-03,19.91,False
VOLATILITY_30D,TSM,1,2014-01-02,2014-01-02,2014-01-03,17.914,False
VOLATILITY_30D,TMO,1,2014-01-02,2014-01-02,2014-01-03,17.483,False
VOLATILITY_30D,BX,1,2014-01-02,2014-01-02,2014-01-03,19.699,False
VOLATILITY_30D,PWR,1,2014-01-02,2014-01-02,2014-01-03,19.382,False
VOLATILITY_30D,STX,1,2014-01-02,2014-01-02,2014-01-03,26.46,False
VOLATILITY_30D,CDNS,1,2014-01-02,2014-01-02,2014-01-03,17.183,False
VOLATILITY_30D,MRVL,1,2014-01-02,2014-01-02,2014-01-03,31.737,False
VOLATILITY_30D,KLAC,1,2014-01-02,2014-01-02,2014-01-03,17.123,False
VOLATILITY_30D,BSX,1,2014-01-02,2014-01-02,2014-01-03,27.332,False
VOLATILITY_30D,DLR,1,2014-01-02,2014-01-02,2014-01-03,24.439,False
VOLATILITY_30D,BKNG,1,2014-01-02,2014-01-02,2014-01-03,16.755,False
VOLATILITY_30D,PM,1,2014-01-02,2014-01-02,2014-01-03,14.862,False
VOLATILITY_30D,AMZN,1,2014-01-02,2014-01-02,2014-01-03,18.164,False
VOLATILITY_30D,MSFT,1,2014-01-02,2014-01-02,2014-01-03,16.982,False
VOLATILITY_30D,GOOGL,1,2014-01-02,2014-01-02,2014-01-03,12.324,False
VOLATILITY_30D,META,1,2014-01-02,2014-01-02,2014-01-03,35.03,False
VOLATILITY_30D,AAPL,1,2014-01-02,2014-01-02,2014-01-03,21.494,False
VOLATILITY_30D,GS,1,2014-01-02,2014-01-02,2014-01-03,14.532,False
VOLATILITY_30D,COST,1,2014-01-02,2014-01-02,2014-01-03,11.252,False
VOLATILITY_30D,HD,1,2014-01-02,2014-01-02,2014-01-03,12.066,False
VOLATILITY_30D,PG,1,2014-01-02,2014-01-02,2014-01-03,14.33,False
VOLATILITY_30D,MCD,1,2014-01-02,2014-01-02,2014-01-03,12.405,False
VOLATILITY_30D,WMT,1,2014-01-02,2014-01-02,2014-01-03,9.27,False
VOLATILITY_30D,CAT,1,2014-01-02,2014-01-02,2014-01-03,13.924,False
VOLATILITY_30D,HON,1,2014-01-02,2014-01-02,2014-01-03,13.788,False
VOLATILITY_30D,DE,1,2014-01-02,2014-01-02,2014-01-03,17.392,False
VOLATILITY_30D,UNP,1,2014-01-02,2014-01-02,2014-01-03,11.512,False
VOLATILITY_30D,LMT,1,2014-01-02,2014-01-02,2014-01-03,18.202,False
VOLATILITY_30D,ETN,1,2014-01-02,2014-01-02,2014-01-03,17.968,False
VOLATILITY_30D,XOM,1,2014-01-02,2014-01-02,2014-01-03,16.575,False
VOLATILITY_30D,LNG,1,2014-01-02,2014-01-02,2014-01-03,35.353,False
VOLATILITY_30D,FCX,1,2014-01-02,2014-01-02,2014-01-03,15.125,False
VOLATILITY_30D,LIN,1,2014-01-02,2014-01-02,2014-01-03,12.675,False
VOLATILITY_30D,NEE,1,2014-01-02,2014-01-02,2014-01-03,11.677,False
VOLATILITY_30D,AMT,1,2014-01-02,2014-01-02,2014-01-03,13.192,False
VOLATILITY_30D,TSLA,1,2014-01-02,2014-01-02,2014-01-03,63.356,False
VOLATILITY_30D,NVDA,1,2014-01-02,2014-01-02,2014-01-03,19.59,False
VOLATILITY_30D,000660,1,2014-01-02,2014-01-02,2014-01-03,34.035,False
VOLATILITY_30D,005930,1,2014-01-02,2014-01-02,2014-01-03,22.602,False
VOLATILITY_30D,UNH,1,2014-01-02,2014-01-02,2014-01-03,16.346,False
VOLATILITY_30D,LLY,1,2014-01-02,2014-01-02,2014-01-03,13.882,False
VOLATILITY_30D,ISRG,1,2014-01-02,2014-01-02,2014-01-03,21.435,False
VOLATILITY_30D,ABBV,1,2014-01-02,2014-01-02,2014-01-03,21.567,False
VOLATILITY_30D,REGN,1,2014-01-02,2014-01-02,2014-01-03,30.075,False
VOLATILITY_30D,JPM,1,2014-01-02,2014-01-02,2014-01-03,15.286,False
VOLATILITY_30D,V,1,2014-01-02,2014-01-02,2014-01-03,16.679,False
VOLATILITY_30D,MA,1,2014-01-02,2014-01-02,2014-01-03,13.359,False
VOLATILITY_30D,BLK,1,2014-01-02,2014-01-02,2014-01-03,20.412,False
VOLATILITY_30D,SPGI,1,2014-01-02,2014-01-02,2014-01-03,17.626,False
VOLATILITY_30D,CS,1,2014-01-02,2014-01-02,2014-01-03,23.585,False
VOLATILITY_30D,LSEG,1,2014-01-02,2014-01-02,2014-01-03,16.7,False
VOLATILITY_30D,C,1,2014-01-02,2014-01-02,2014-01-03,16.148,False
VOLATILITY_30D,BN,1,2014-01-02,2014-01-02,2014-01-03,11.024,False
VOLATILITY_30D,CME,1,2014-01-02,2014-01-02,2014-01-03,18.874,False
VOLATILITY_30D,KKR,1,2014-01-02,2014-01-02,2014-01-03,23.945,False
VOLATILITY_30D,AXP,1,2014-01-02,2014-01-02,2014-01-03,14.912,False
VOLATILITY_30D,PGR,1,2014-01-02,2014-01-02,2014-01-03,14.839,False
VOLATILITY_30D,IFX,1,2014-01-02,2014-01-02,2014-01-03,16.194,False
VOLATILITY_30D,ADI,1,2014-01-02,2014-01-02,2014-01-03,18.638,False
VOLATILITY_30D,SCHW,1,2014-01-02,2014-01-02,2014-01-03,18.013,False
VOLATILITY_30D,MS,1,2014-01-02,2014-01-02,2014-01-03,22.791,False
VOLATILITY_30D,ADBE,1,2014-01-02,2014-01-02,2014-01-03,41.388,False
VOLATILITY_30D,NOW,1,2014-01-02,2014-01-02,2014-01-03,38.833,False
VOLATILITY_30D,ACN,1,2014-01-02,2014-01-02,2014-01-03,20.893,False
VOLATILITY_30D,IBM,1,2014-01-02,2014-01-02,2014-01-03,16.745,False
VOLATILITY_30D,HSBA,1,2014-01-02,2014-01-02,2014-01-03,10.364,False
VOLATILITY_30D,SHEL,1,2014-01-02,2014-01-02,2014-01-03,12.691,False
VOLATILITY_30D,AZN,1,2014-01-02,2014-01-02,2014-01-03,13.618,False
VOLATILITY_30D,ASML,1,2014-01-02,2014-01-02,2014-01-03,16.908,False
VOLATILITY_30D,TXN,1,2014-01-02,2014-01-02,2014-01-03,15.045,False
VOLATILITY_30D,QCOM,1,2014-01-02,2014-01-02,2014-01-03,11.516,False
VOLATILITY_30D,RIO,1,2014-01-02,2014-01-02,2014-01-03,20.621,False
VOLATILITY_30D,NOVOB,1,2014-01-02,2014-01-02,2014-01-03,15.616,False
VOLATILITY_30D,SAP,1,2014-01-02,2014-01-02,2014-01-03,14.447,False
VOLATILITY_30D,RR/,1,2014-01-02,2014-01-02,2014-01-03,15.696,False
VOLATILITY_30D,MC,1,2014-01-02,2014-01-02,2014-01-03,16.337,False
VOLATILITY_30D,WMB,1,2014-01-02,2014-01-02,2014-01-03,22.815,False
VOLATILITY_30D,SU,1,2014-01-02,2014-01-02,2014-01-03,26.852,False
VOLATILITY_30D,SIE,1,2014-01-02,2014-01-02,2014-01-03,15.466,False
VOLATILITY_30D,RHM,1,2014-01-02,2014-01-02,2014-01-03,19.516,False
VOLATILITY_30D,ALV,1,2014-01-02,2014-01-02,2014-01-03,18.03,False
VOLATILITY_30D,MPWR,1,2014-01-02,2014-01-02,2014-01-03,21.007,False
VOLATILITY_30D,ORCL,1,2014-01-02,2014-01-02,2014-01-03,24.712,False
VOLATILITY_30D,INTC,1,2014-01-02,2014-01-02,2014-01-03,24.267,False
VOLATILITY_30D,CSCO,1,2014-01-02,2014-01-02,2014-01-03,17.294,False
VOLATILITY_30D,FN,1,2014-01-02,2014-01-02,2014-01-03,23.922,False
VOLATILITY_30D,APH,1,2014-01-02,2014-01-02,2014-01-03,10.436,False
VOLATILITY_30D,MSI,1,2014-01-02,2014-01-02,2014-01-03,12.27,False
VOLATILITY_30D,ULVR,1,2014-01-02,2014-01-02,2014-01-03,16.042,False
VOLATILITY_30D,FTNT,1,2014-01-02,2014-01-02,2014-01-03,47.454,False
VOLATILITY_30D,WDC,1,2014-01-02,2014-01-02,2014-01-03,20.621,False
VOLATILITY_30D,SNPS,1,2014-01-02,2014-01-02,2014-01-03,12.304,False
VOLATILITY_30D,INTU,1,2014-01-02,2014-01-02,2014-01-03,11.698,False
VOLATILITY_30D,IBE,1,2014-01-02,2014-01-02,2014-01-03,12.449,False
VOLATILITY_30D,AI,1,2014-01-02,2014-01-02,2014-01-03,14.313,False
VOLATILITY_30D,ECL,1,2014-01-02,2014-01-02,2014-01-03,16.078,False
VOLATILITY_30D,CMCSA,1,2014-01-02,2014-01-02,2014-01-03,18.192,False
VOLATILITY_30D,ITX,1,2014-01-02,2014-01-02,2014-01-03,17.339,False
VOLATILITY_30D,ABT,1,2014-01-02,2014-01-02,2014-01-03,17.508,False
VOLATILITY_30D,VRTX,1,2014-01-02,2014-01-02,2014-01-03,27.147,False
VOLATILITY_30D,DHR,1,2014-01-02,2014-01-02,2014-01-03,14.834,False
VOLATILITY_30D,SAN,1,2014-01-02,2014-01-02,2014-01-03,20.448,False
VOLATILITY_30D,GE,1,2014-01-02,2014-01-02,2014-01-03,13.883,False
VOLATILITY_30D,TT,1,2014-01-02,2014-01-02,2014-01-03,17.044,False
VOLATILITY_30D,KO,1,2014-01-02,2014-01-02,2014-01-03,15.065,False
VOLATILITY_30D,PUB,1,2014-01-02,2014-01-02,2014-01-03,22.202,False
VOLATILITY_30D,TTWO,1,2014-01-02,2014-01-02,2014-01-03,26.511,False
VOLATILITY_30D,T,1,2014-01-02,2014-01-02,2014-01-03,11.449,False
VOLATILITY_30D,VZ,1,2014-01-02,2014-01-02,2014-01-03,12.451,False
VOLATILITY_30D,TJX,1,2014-01-02,2014-01-02,2014-01-03,11.004,False
VOLATILITY_30D,LOW,1,2014-01-02,2014-01-02,2014-01-03,26.572,False
VOLATILITY_30D,DTE,1,2014-01-02,2014-01-02,2014-01-03,21.079,False
VOLATILITY_30D,DIS,1,2014-01-02,2014-01-02,2014-01-03,16.123,False
VOLATILITY_30D,ORLY,1,2014-01-02,2014-01-02,2014-01-03,16.165,False
VOLATILITY_30D,NKE,1,2014-01-02,2014-01-02,2014-01-03,14.358,False
VOLATILITY_30D,MCK,1,2014-01-02,2014-01-02,2014-01-03,15.468,False
VOLATILITY_30D,SYK,1,2014-01-02,2014-01-02,2014-01-03,14.621,False
VOLATILITY_30D,MRK,1,2014-01-02,2014-01-02,2014-01-03,12.558,False
VOLATILITY_30D,AMGN,1,2014-01-02,2014-01-02,2014-01-03,15.68,False
VOLATILITY_30D,SAF,1,2014-01-02,2014-01-02,2014-01-03,17.677,False
VOLATILITY_30D,AIR,1,2014-01-02,2014-01-02,2014-01-03,31.311,False
VOLATILITY_30D,BNP,1,2014-01-02,2014-01-02,2014-01-03,20.127,False
VOLATILITY_30D,AXON,1,2014-01-02,2014-01-02,2014-01-03,45.836,False
VOLATILITY_30D,EMR,1,2014-01-02,2014-01-02,2014-01-03,13.63,False
VOLATILITY_30D,RTX,1,2014-01-02,2014-01-02,2014-01-03,14.405,False
VOLATILITY_30D,COF,1,2014-01-02,2014-01-02,2014-01-03,12.605,False
VOLATILITY_30D,MUV2,1,2014-01-02,2014-01-02,2014-01-03,13.76,False
VOLATILITY_30D,ICE,1,2014-01-02,2014-01-02,2014-01-03,16.269,False
VOLATILITY_30D,MCO,1,2014-01-02,2014-01-02,2014-01-03,21.335,False
VOLATILITY_30D,NXPI,1,2014-01-02,2014-01-02,2014-01-03,27.94,False
VOLATILITY_30D,ADSK,1,2014-01-02,2014-01-02,2014-01-03,27.041,False
VOLATILITY_30D,CB,1,2014-01-02,2014-01-02,2014-01-03,16.678,False
VOLATILITY_30D,BRK/B,1,2014-01-02,2014-01-02,2014-01-03,13.404,False
VOLATILITY_30D,DSY,1,2014-01-02,2014-01-02,2014-01-03,13.337,False
VOLATILITY_30D,WDAY,1,2014-01-02,2014-01-02,2014-01-03,42.271,False
VOLATILITY_30D,SHW,1,2014-01-02,2014-01-02,2014-01-03,13.566,False
VOLATILITY_30D,ON,1,2014-01-02,2014-01-02,2014-01-03,17.784,False
VOLATILITY_30D,VRSN,1,2014-01-02,2014-01-02,2014-01-03,12.978,False
VOLATILITY_30D,SO,1,2014-01-02,2014-01-02,2014-01-03,11.5,False
VOLATILITY_30D,TTE,1,2014-01-02,2014-01-02,2014-01-03,17.179,False
VOLATILITY_30D,NEM,1,2014-01-02,2014-01-02,2014-01-03,32.642,False
VOLATILITY_30D,OR,1,2014-01-02,2014-01-02,2014-01-03,17.507,False
VOLATILITY_30D,MDLZ,1,2014-01-02,2014-01-02,2014-01-03,15.069,False
VOLATILITY_30D,COHR,1,2014-01-02,2014-01-02,2014-01-03,20.331,False
VOLATILITY_30D,PEP,1,2014-01-02,2014-01-02,2014-01-03,11.028,False
VOLATILITY_30D,BNY,1,2014-01-02,2014-01-02,2014-01-03,16.006,False
VOLATILITY_30D,IBKR,1,2014-01-02,2014-01-02,2014-01-03,16.406,False
VOLATILITY_30D,APO,1,2014-01-02,2014-01-02,2014-01-03,22.616,False
VOLATILITY_30D,MSCI,1,2014-01-02,2014-01-02,2014-01-03,15.635,False
VOLATILITY_30D,MRSH,1,2014-01-02,2014-01-02,2014-01-03,11.346,False
VOLATILITY_30D,ASM,1,2014-01-02,2014-01-02,2014-01-03,17.162,False
VOLATILITY_30D,FICO,1,2014-01-02,2014-01-02,2014-01-03,23.697,False
VOLATILITY_30D,WM,1,2014-01-02,2014-01-02,2014-01-03,11.621,False
VOLATILITY_30D,PH,1,2014-01-02,2014-01-02,2014-01-03,18.181,False
VOLATILITY_30D,GILD,1,2014-01-02,2014-01-02,2014-01-03,27.951,False
VOLATILITY_30D,MDT,1,2014-01-02,2014-01-02,2014-01-03,15.12,False
VOLATILITY_30D,PFE,1,2014-01-02,2014-01-02,2014-01-03,14.067,False
VOLATILITY_30D,HCA,1,2014-01-02,2014-01-02,2014-01-03,22.875,False
VOLATILITY_30D,ZTS,1,2014-01-02,2014-01-02,2014-01-03,11.46,False
VOLATILITY_30D,REL,1,2014-01-02,2014-01-02,2014-01-03,11.096,False
VOLATILITY_30D,ADP,1,2014-01-02,2014-01-02,2014-01-03,13.116,False
VOLATILITY_30D,CMG,1,2014-01-02,2014-01-02,2014-01-03,16.411,False
VOLATILITY_30D,RMS,1,2014-01-02,2014-01-02,2014-01-03,19.025,False
VOLATILITY_30D,GM,1,2014-01-02,2014-01-02,2014-01-03,23.969,False
VOLATILITY_30D,MAR,1,2014-01-02,2014-01-02,2014-01-03,13.763,False
VOLATILITY_30D,LYV,1,2014-01-02,2014-01-02,2014-01-03,17.125,False
VOLATILITY_30D,TKO,1,2014-01-02,2014-01-02,2014-01-03,36.594,False
VOLATILITY_30D,MO,1,2014-01-02,2014-01-02,2014-01-03,12.182,False
VOLATILITY_30D,GRMN,1,2014-01-02,2014-01-02,2014-01-03,16.614,False
VOLATILITY_30D,CL,1,2014-01-02,2014-01-02,2014-01-03,12.919,False
VOLATILITY_30D,MNST,1,2014-01-02,2014-01-02,2014-01-03,21.247,False
VOLATILITY_30D,SLB,1,2014-01-02,2014-01-02,2014-01-03,19.431,False
VOLATILITY_30D,COP,1,2014-01-02,2014-01-02,2014-01-03,13.312,False
VOLATILITY_30D,APD,1,2014-01-02,2014-01-02,2014-01-03,17.533,False
VOLATILITY_30D,NRG,1,2014-01-02,2014-01-02,2014-01-03,15.516,False
VOLATILITY_30D,ENEL,1,2014-01-02,2014-01-02,2014-01-03,23.832,False
VOLATILITY_30D,WELL,1,2014-01-02,2014-01-02,2014-01-03,18.491,False
downside_skew,285A,4597,2014-01-02,2026-08-03,2026-08-04,9.319199999999995,False
downside_skew,6146,4262,2014-01-02,2025-09-02,2025-09-03,0.4846999999999966,False
downside_skew,SNDK,4079,2014-01-02,2025-03-03,2025-03-04,6.643500000000003,False
downside_skew,GEV,3749,2014-01-02,2024-04-07,2024-04-08,12.1693,False
downside_skew,RDDT,3736,2014-01-02,2024-03-25,2024-03-26,-24.33449999999999,False
downside_skew,ARM,3547,2014-01-02,2023-09-18,2023-09-19,7.255400000000002,False
downside_skew,CEG,2961,2014-01-02,2022-02-09,2022-02-10,59.34800000000001,False
downside_skew,UMG,2822,2014-01-02,2021-09-23,2021-09-24,1.784800000000004,False
downside_skew,APP,2667,2014-01-02,2021-04-21,2021-04-22,20.19990000000001,False
downside_skew,RBLX,2631,2014-01-02,2021-03-16,2021-03-17,-34.727,False
downside_skew,ABNB,2541,2014-01-02,2020-12-16,2020-12-17,-15.8656,False
downside_skew,DASH,2540,2014-01-02,2020-12-15,2020-12-16,15.1189,False
downside_skew,PLTR,2470,2014-01-02,2020-10-06,2020-10-07,-27.0767,False
downside_skew,SNOW,2456,2014-01-02,2020-09-22,2020-09-23,6.087800000000001,False
downside_skew,VRT,2260,2014-01-02,2020-03-10,2020-03-11,-131.8834,False
downside_skew,DDOG,2100,2014-01-02,2019-10-02,2019-10-03,-13.27330000000001,False
downside_skew,NET,2092,2014-01-02,2019-09-24,2019-09-25,-0.7593999999999994,False
downside_skew,CRWD,1994,2014-01-02,2019-06-18,2019-06-19,0.7673000000000059,False
downside_skew,UBER,1961,2014-01-02,2019-05-16,2019-05-17,4.467700000000001,False
downside_skew,DELL,1826,2014-01-02,2019-01-01,2019-01-02,0.0,False
downside_skew,BE,1698,2014-01-02,2018-08-26,2018-08-27,0.0,False
downside_skew,SPOT,1559,2014-01-02,2018-04-09,2018-04-10,2.044199999999996,False
downside_skew,ZS,1544,2014-01-02,2018-03-25,2018-03-26,4.133499999999998,False
downside_skew,VST,1233,2014-01-02,2017-05-18,2017-05-19,0.0,False
downside_skew,TTD,1201,2014-01-02,2017-04-16,2017-04-17,1.936059999999998,False
downside_skew,HWM,1036,2014-01-02,2016-11-02,2016-11-03,9.260629999999999,False
downside_skew,TEAM,718,2014-01-02,2015-12-20,2015-12-21,4.917249999999996,False
downside_skew,HPE,670,2014-01-02,2015-11-02,2015-11-03,0.0,False
downside_skew,RACE,666,2014-01-02,2015-10-29,2015-10-30,-1.514000000000003,False
downside_skew,LITE,581,2014-01-02,2015-08-05,2015-08-06,0.0,False
downside_skew,PYPL,565,2014-01-02,2015-07-20,2015-07-21,-2.238379999999999,False
downside_skew,000660,320,2014-01-02,2014-11-17,2014-11-18,1.055500000000002,False
downside_skew,KEYS,306,2014-01-02,2014-11-03,2014-11-04,0.0,False
downside_skew,ANET,211,2014-01-02,2014-07-31,2014-08-01,0.2999399999999923,False
downside_skew,DSY,46,2014-01-02,2014-02-16,2014-02-17,0.9151199999999982,False
downside_skew,PUB,46,2014-01-02,2014-02-16,2014-02-17,1.198499999999999,False
downside_skew,SAF,46,2014-01-02,2014-02-16,2014-02-17,1.569310000000002,False
downside_skew,UCG,8,2014-01-02,2014-01-09,2014-01-10,1.367620000000002,False
downside_skew,ENEL,8,2014-01-02,2014-01-09,2014-01-10,1.183319999999998,False
downside_skew,9433,5,2014-01-02,2014-01-06,2014-01-07,1.512809999999995,False
downside_skew,FICO,5,2014-01-02,2014-01-06,2014-01-07,0.0,False
downside_skew,9432,5,2014-01-02,2014-01-06,2014-01-07,0.008880000000001331,False
downside_skew,8316,5,2014-01-02,2014-01-06,2014-01-07,1.414499999999997,False
downside_skew,6981,5,2014-01-02,2014-01-06,2014-01-07,-0.08868999999999971,False
downside_skew,7203,5,2014-01-02,2014-01-06,2014-01-07,1.170059999999999,False
downside_skew,7974,5,2014-01-02,2014-01-06,2014-01-07,0.375,False
downside_skew,8306,5,2014-01-02,2014-01-06,2014-01-07,0.646250000000002,False
downside_skew,6857,5,2014-01-02,2014-01-06,2014-01-07,2.74906,False
downside_skew,8035,5,2014-01-02,2014-01-06,2014-01-07,-0.09063000000000443,False
downside_skew,7011,5,2014-01-02,2014-01-06,2014-01-07,-0.1479999999999997,False
downside_skew,4063,5,2014-01-02,2014-01-06,2014-01-07,2.451620000000002,False
downside_skew,6758,5,2014-01-02,2014-01-06,2014-01-07,0.8609400000000029,False
downside_skew,NESN,4,2014-01-02,2014-01-05,2014-01-06,-1.188000000000001,False
downside_skew,NOVN,4,2014-01-02,2014-01-05,2014-01-06,0.2551900000000007,False
downside_skew,ROP,4,2014-01-02,2014-01-05,2014-01-06,-0.05325999999999809,False
downside_skew,ZURN,4,2014-01-02,2014-01-05,2014-01-06,0.00461999999999918,False
downside_skew,NOVOB,4,2014-01-02,2014-01-05,2014-01-06,4.108620000000002,False
downside_skew,CDNS,4,2014-01-02,2014-01-05,2014-01-06,12.67212,False
downside_skew,CFR,4,2014-01-02,2014-01-05,2014-01-06,1.440190000000001,False
downside_skew,UBSG,4,2014-01-02,2014-01-05,2014-01-06,1.62425,False
downside_skew,COHR,4,2014-01-02,2014-01-05,2014-01-06,0.0,False
downside_skew,TKO,4,2014-01-02,2014-01-05,2014-01-06,-0.7376199999999997,False
downside_skew,ABBN,4,2014-01-02,2014-01-05,2014-01-06,1.768000000000001,False
downside_skew,JNJ,1,2014-01-02,2014-01-02,2014-01-03,1.77262,False
downside_skew,WFC,1,2014-01-02,2014-01-02,2014-01-03,2.23556,False
downside_skew,MPC,1,2014-01-02,2014-01-02,2014-01-03,0.513189999999998,False
downside_skew,PANW,1,2014-01-02,2014-01-02,2014-01-03,1.725810000000003,False
downside_skew,AMAT,1,2014-01-02,2014-01-02,2014-01-03,1.23912,False
downside_skew,LRCX,1,2014-01-02,2014-01-02,2014-01-03,3.079320000000003,False
downside_skew,PLD,1,2014-01-02,2014-01-02,2014-01-03,4.03482,False
downside_skew,TMUS,1,2014-01-02,2014-01-02,2014-01-03,-2.477690000000003,False
downside_skew,EQIX,1,2014-01-02,2014-01-02,2014-01-03,8.163620000000002,False
downside_skew,AMT,1,2014-01-02,2014-01-02,2014-01-03,3.571070000000002,False
downside_skew,TSM,1,2014-01-02,2014-01-02,2014-01-03,12.011,False
downside_skew,TMO,1,2014-01-02,2014-01-02,2014-01-03,2.313119999999998,False
downside_skew,BX,1,2014-01-02,2014-01-02,2014-01-03,3.388809999999999,False
downside_skew,PWR,1,2014-01-02,2014-01-02,2014-01-03,0.9061899999999987,False
downside_skew,STX,1,2014-01-02,2014-01-02,2014-01-03,3.363310000000002,False
downside_skew,MRVL,1,2014-01-02,2014-01-02,2014-01-03,-0.2799300000000002,False
downside_skew,KLAC,1,2014-01-02,2014-01-02,2014-01-03,2.994,False
downside_skew,GLW,1,2014-01-02,2014-01-02,2014-01-03,0.2764999999999986,False
downside_skew,TER,1,2014-01-02,2014-01-02,2014-01-03,2.9665,False
downside_skew,NFLX,1,2014-01-02,2014-01-02,2014-01-03,1.05838,False
downside_skew,CRM,1,2014-01-02,2014-01-02,2014-01-03,2.235620000000001,False
downside_skew,AMD,1,2014-01-02,2014-01-02,2014-01-03,-0.534869999999998,False
downside_skew,MU,1,2014-01-02,2014-01-02,2014-01-03,1.630070000000003,False
downside_skew,MSFT,1,2014-01-02,2014-01-02,2014-01-03,1.925379999999997,False
downside_skew,GOOGL,1,2014-01-02,2014-01-02,2014-01-03,1.319120000000002,False
downside_skew,META,1,2014-01-02,2014-01-02,2014-01-03,0.2343700000000055,False
downside_skew,AAPL,1,2014-01-02,2014-01-02,2014-01-03,-0.5171899999999994,False
downside_skew,GS,1,2014-01-02,2014-01-02,2014-01-03,2.775879999999997,False
downside_skew,COST,1,2014-01-02,2014-01-02,2014-01-03,2.306930000000001,False
downside_skew,HD,1,2014-01-02,2014-01-02,2014-01-03,1.841249999999999,False
downside_skew,PG,1,2014-01-02,2014-01-02,2014-01-03,2.891499999999999,False
downside_skew,MCD,1,2014-01-02,2014-01-02,2014-01-03,1.721689999999999,False
downside_skew,WMT,1,2014-01-02,2014-01-02,2014-01-03,2.142119999999998,False
downside_skew,CAT,1,2014-01-02,2014-01-02,2014-01-03,2.173500000000001,False
downside_skew,HON,1,2014-01-02,2014-01-02,2014-01-03,2.932810000000002,False
downside_skew,DE,1,2014-01-02,2014-01-02,2014-01-03,1.72662,False
downside_skew,UNP,1,2014-01-02,2014-01-02,2014-01-03,2.637689999999999,False
downside_skew,LMT,1,2014-01-02,2014-01-02,2014-01-03,3.202069999999999,False
downside_skew,ETN,1,2014-01-02,2014-01-02,2014-01-03,3.241319999999998,False
downside_skew,XOM,1,2014-01-02,2014-01-02,2014-01-03,2.485879999999998,False
downside_skew,LNG,1,2014-01-02,2014-01-02,2014-01-03,-1.104309999999998,False
downside_skew,FCX,1,2014-01-02,2014-01-02,2014-01-03,2.300129999999999,False
downside_skew,LIN,1,2014-01-02,2014-01-02,2014-01-03,1.64038,False
downside_skew,NEE,1,2014-01-02,2014-01-02,2014-01-03,2.86613,False
downside_skew,AVGO,1,2014-01-02,2014-01-02,2014-01-03,2.919319999999999,False
downside_skew,TSLA,1,2014-01-02,2014-01-02,2014-01-03,3.452999999999996,False
downside_skew,NVDA,1,2014-01-02,2014-01-02,2014-01-03,-0.3554999999999993,False
downside_skew,AMZN,1,2014-01-02,2014-01-02,2014-01-03,2.610379999999999,False
downside_skew,005930,1,2014-01-02,2014-01-02,2014-01-03,-0.02700000000000102,False
downside_skew,UNH,1,2014-01-02,2014-01-02,2014-01-03,2.564249999999998,False
downside_skew,LLY,1,2014-01-02,2014-01-02,2014-01-03,1.857430000000001,False
downside_skew,ISRG,1,2014-01-02,2014-01-02,2014-01-03,2.093,False
downside_skew,ABBV,1,2014-01-02,2014-01-02,2014-01-03,1.9085,False
downside_skew,REGN,1,2014-01-02,2014-01-02,2014-01-03,2.13738,False
downside_skew,JPM,1,2014-01-02,2014-01-02,2014-01-03,2.300930000000001,False
downside_skew,V,1,2014-01-02,2014-01-02,2014-01-03,1.352689999999999,False
downside_skew,MA,1,2014-01-02,2014-01-02,2014-01-03,0.2608800000000002,False
downside_skew,BLK,1,2014-01-02,2014-01-02,2014-01-03,2.317499999999999,False
downside_skew,SPGI,1,2014-01-02,2014-01-02,2014-01-03,4.134430000000002,False
downside_skew,CS,1,2014-01-02,2014-01-02,2014-01-03,1.311309999999999,False
downside_skew,LSEG,1,2014-01-02,2014-01-02,2014-01-03,-0.6686800000000019,False
downside_skew,C,1,2014-01-02,2014-01-02,2014-01-03,1.30838,False
downside_skew,BN,1,2014-01-02,2014-01-02,2014-01-03,0.0,False
downside_skew,CME,1,2014-01-02,2014-01-02,2014-01-03,2.558810000000001,False
downside_skew,KKR,1,2014-01-02,2014-01-02,2014-01-03,4.52768,False
downside_skew,AON,1,2014-01-02,2014-01-02,2014-01-03,5.969439999999999,False
downside_skew,PGR,1,2014-01-02,2014-01-02,2014-01-03,1.747,False
downside_skew,IFX,1,2014-01-02,2014-01-02,2014-01-03,-5.015249999999998,False
downside_skew,AXP,1,2014-01-02,2014-01-02,2014-01-03,1.905750000000001,False
downside_skew,SCHW,1,2014-01-02,2014-01-02,2014-01-03,5.597990000000003,False
downside_skew,MS,1,2014-01-02,2014-01-02,2014-01-03,2.412369999999999,False
downside_skew,ADI,1,2014-01-02,2014-01-02,2014-01-03,2.702869999999997,False
downside_skew,NOW,1,2014-01-02,2014-01-02,2014-01-03,5.272869999999998,False
downside_skew,ACN,1,2014-01-02,2014-01-02,2014-01-03,2.299810000000001,False
downside_skew,IBM,1,2014-01-02,2014-01-02,2014-01-03,1.586310000000001,False
downside_skew,SAP,1,2014-01-02,2014-01-02,2014-01-03,5.52562,False
downside_skew,SHEL,1,2014-01-02,2014-01-02,2014-01-03,1.105499999999999,False
downside_skew,AZN,1,2014-01-02,2014-01-02,2014-01-03,0.4041300000000003,False
downside_skew,ADBE,1,2014-01-02,2014-01-02,2014-01-03,1.52862,False
downside_skew,TXN,1,2014-01-02,2014-01-02,2014-01-03,2.633880000000001,False
downside_skew,QCOM,1,2014-01-02,2014-01-02,2014-01-03,0.211190000000002,False
downside_skew,RIO,1,2014-01-02,2014-01-02,2014-01-03,1.93507,False
downside_skew,HSBA,1,2014-01-02,2014-01-02,2014-01-03,0.6966199999999976,False
downside_skew,MC,1,2014-01-02,2014-01-02,2014-01-03,1.438130000000001,False
downside_skew,RR/,1,2014-01-02,2014-01-02,2014-01-03,0.05999999999999872,False
downside_skew,ASML,1,2014-01-02,2014-01-02,2014-01-03,1.52506,False
downside_skew,WMB,1,2014-01-02,2014-01-02,2014-01-03,1.395190000000003,False
downside_skew,SU,1,2014-01-02,2014-01-02,2014-01-03,1.48188,False
downside_skew,SIE,1,2014-01-02,2014-01-02,2014-01-03,3.42681,False
downside_skew,RHM,1,2014-01-02,2014-01-02,2014-01-03,-2.173129999999997,False
downside_skew,ALV,1,2014-01-02,2014-01-02,2014-01-03,1.926120000000001,False
downside_skew,MPWR,1,2014-01-02,2014-01-02,2014-01-03,0.0,False
downside_skew,BAC,1,2014-01-02,2014-01-02,2014-01-03,0.8320599999999985,False
downside_skew,INTC,1,2014-01-02,2014-01-02,2014-01-03,2.630689999999998,False
downside_skew,CSCO,1,2014-01-02,2014-01-02,2014-01-03,1.915380000000003,False
downside_skew,FN,1,2014-01-02,2014-01-02,2014-01-03,0.0,False
downside_skew,PM,1,2014-01-02,2014-01-02,2014-01-03,2.02481,False
downside_skew,BKNG,1,2014-01-02,2014-01-02,2014-01-03,1.100619999999999,False
downside_skew,DLR,1,2014-01-02,2014-01-02,2014-01-03,6.700189999999999,False
downside_skew,BSX,1,2014-01-02,2014-01-02,2014-01-03,-3.29063,False
downside_skew,ORCL,1,2014-01-02,2014-01-02,2014-01-03,3.112379999999998,False
downside_skew,SNPS,1,2014-01-02,2014-01-02,2014-01-03,0.0,False
downside_skew,APH,1,2014-01-02,2014-01-02,2014-01-03,1.111560000000001,False
downside_skew,IBE,1,2014-01-02,2014-01-02,2014-01-03,6.004130000000004,False
downside_skew,AI,1,2014-01-02,2014-01-02,2014-01-03,0.8006899999999995,False
downside_skew,ECL,1,2014-01-02,2014-01-02,2014-01-03,1.704060000000002,False
downside_skew,INTU,1,2014-01-02,2014-01-02,2014-01-03,2.640809999999998,False
downside_skew,MSI,1,2014-01-02,2014-01-02,2014-01-03,2.340119999999999,False
downside_skew,ABT,1,2014-01-02,2014-01-02,2014-01-03,2.668309999999998,False
downside_skew,ITX,1,2014-01-02,2014-01-02,2014-01-03,2.653759999999998,False
downside_skew,DHR,1,2014-01-02,2014-01-02,2014-01-03,2.77281,False
downside_skew,SAN,1,2014-01-02,2014-01-02,2014-01-03,1.286059999999999,False
downside_skew,GE,1,2014-01-02,2014-01-02,2014-01-03,2.193370000000002,False
downside_skew,VRTX,1,2014-01-02,2014-01-02,2014-01-03,4.031619999999997,False
downside_skew,VZ,1,2014-01-02,2014-01-02,2014-01-03,2.006749999999998,False
downside_skew,T,1,2014-01-02,2014-01-02,2014-01-03,1.51356,False
downside_skew,TTWO,1,2014-01-02,2014-01-02,2014-01-03,2.297750000000001,False
downside_skew,CMCSA,1,2014-01-02,2014-01-02,2014-01-03,-1.812809999999999,False
downside_skew,DTE,1,2014-01-02,2014-01-02,2014-01-03,-1.881930000000001,False
downside_skew,TJX,1,2014-01-02,2014-01-02,2014-01-03,1.737499999999997,False
downside_skew,LOW,1,2014-01-02,2014-01-02,2014-01-03,2.689310000000003,False
downside_skew,SBUX,1,2014-01-02,2014-01-02,2014-01-03,2.360620000000001,False
downside_skew,DIS,1,2014-01-02,2014-01-02,2014-01-03,1.907810000000001,False
downside_skew,ORLY,1,2014-01-02,2014-01-02,2014-01-03,0.4891900000000007,False
downside_skew,NKE,1,2014-01-02,2014-01-02,2014-01-03,1.412310000000002,False
downside_skew,MCK,1,2014-01-02,2014-01-02,2014-01-03,4.114370000000001,False
downside_skew,SYK,1,2014-01-02,2014-01-02,2014-01-03,2.949930000000002,False
downside_skew,MRK,1,2014-01-02,2014-01-02,2014-01-03,3.108809999999998,False
downside_skew,AMGN,1,2014-01-02,2014-01-02,2014-01-03,3.143429999999999,False
downside_skew,AXON,1,2014-01-02,2014-01-02,2014-01-03,1.219999999999999,False
downside_skew,AIR,1,2014-01-02,2014-01-02,2014-01-03,0.581190000000003,False
downside_skew,BNP,1,2014-01-02,2014-01-02,2014-01-03,2.698810000000002,False
downside_skew,MUV2,1,2014-01-02,2014-01-02,2014-01-03,4.552070000000001,False
downside_skew,EMR,1,2014-01-02,2014-01-02,2014-01-03,2.579070000000002,False
downside_skew,RTX,1,2014-01-02,2014-01-02,2014-01-03,3.045999999999999,False
downside_skew,COF,1,2014-01-02,2014-01-02,2014-01-03,2.650870000000001,False
downside_skew,CB,1,2014-01-02,2014-01-02,2014-01-03,3.286630000000001,False
downside_skew,ICE,1,2014-01-02,2014-01-02,2014-01-03,1.96987,False
downside_skew,MCO,1,2014-01-02,2014-01-02,2014-01-03,2.8155,False
downside_skew,NXPI,1,2014-01-02,2014-01-02,2014-01-03,4.236820000000005,False
downside_skew,WDAY,1,2014-01-02,2014-01-02,2014-01-03,1.969999999999999,False
downside_skew,WDC,1,2014-01-02,2014-01-02,2014-01-03,1.933689999999999,False
downside_skew,BRK/B,1,2014-01-02,2014-01-02,2014-01-03,1.39981,False
downside_skew,ADSK,1,2014-01-02,2014-01-02,2014-01-03,0.7111200000000011,False
downside_skew,FTNT,1,2014-01-02,2014-01-02,2014-01-03,-1.442500000000003,False
downside_skew,TT,1,2014-01-02,2014-01-02,2014-01-03,3.610319999999998,False
downside_skew,KO,1,2014-01-02,2014-01-02,2014-01-03,2.127250000000002,False
downside_skew,ULVR,1,2014-01-02,2014-01-02,2014-01-03,0.6546900000000004,False
downside_skew,SHW,1,2014-01-02,2014-01-02,2014-01-03,2.196809999999999,False
downside_skew,TTE,1,2014-01-02,2014-01-02,2014-01-03,1.339379999999998,False
downside_skew,SO,1,2014-01-02,2014-01-02,2014-01-03,2.01688,False
downside_skew,CVX,1,2014-01-02,2014-01-02,2014-01-03,1.913249999999998,False
downside_skew,OR,1,2014-01-02,2014-01-02,2014-01-03,1.269309999999997,False
downside_skew,PEP,1,2014-01-02,2014-01-02,2014-01-03,1.35862,False
downside_skew,NEM,1,2014-01-02,2014-01-02,2014-01-03,1.825189999999999,False
downside_skew,BNY,1,2014-01-02,2014-01-02,2014-01-03,3.05463,False
downside_skew,IBKR,1,2014-01-02,2014-01-02,2014-01-03,3.005179999999999,False
downside_skew,APO,1,2014-01-02,2014-01-02,2014-01-03,3.857810000000001,False
downside_skew,MSCI,1,2014-01-02,2014-01-02,2014-01-03,3.55369,False
downside_skew,MRSH,1,2014-01-02,2014-01-02,2014-01-03,2.023569999999999,False
downside_skew,ASM,1,2014-01-02,2014-01-02,2014-01-03,0.2858099999999979,False
downside_skew,ON,1,2014-01-02,2014-01-02,2014-01-03,0.0,False
downside_skew,VRSN,1,2014-01-02,2014-01-02,2014-01-03,-15.50587,False
downside_skew,MDLZ,1,2014-01-02,2014-01-02,2014-01-03,0.1420600000000007,False
downside_skew,GILD,1,2014-01-02,2014-01-02,2014-01-03,2.756249999999998,False
downside_skew,MDT,1,2014-01-02,2014-01-02,2014-01-03,1.892750000000001,False
downside_skew,PFE,1,2014-01-02,2014-01-02,2014-01-03,2.205,False
downside_skew,PH,1,2014-01-02,2014-01-02,2014-01-03,2.571629999999999,False
downside_skew,WM,1,2014-01-02,2014-01-02,2014-01-03,1.388999999999999,False
downside_skew,REL,1,2014-01-02,2014-01-02,2014-01-03,0.7574300000000029,False
downside_skew,ADP,1,2014-01-02,2014-01-02,2014-01-03,1.577819999999999,False
downside_skew,CMG,1,2014-01-02,2014-01-02,2014-01-03,3.05912,False
downside_skew,RMS,1,2014-01-02,2014-01-02,2014-01-03,84.23622,False
downside_skew,ZTS,1,2014-01-02,2014-01-02,2014-01-03,-0.4126900000000013,False
downside_skew,HCA,1,2014-01-02,2014-01-02,2014-01-03,4.356809999999999,False
downside_skew,GRMN,1,2014-01-02,2014-01-02,2014-01-03,-1.696379999999998,False
downside_skew,LYV,1,2014-01-02,2014-01-02,2014-01-03,1.638000000000002,False
downside_skew,GM,1,2014-01-02,2014-01-02,2014-01-03,3.431690000000003,False
downside_skew,MAR,1,2014-01-02,2014-01-02,2014-01-03,3.308759999999999,False
downside_skew,CL,1,2014-01-02,2014-01-02,2014-01-03,2.464500000000001,False
downside_skew,MO,1,2014-01-02,2014-01-02,2014-01-03,2.933619999999999,False
downside_skew,MNST,1,2014-01-02,2014-01-02,2014-01-03,1.432429999999997,False
downside_skew,COP,1,2014-01-02,2014-01-02,2014-01-03,2.227999999999998,False
downside_skew,APD,1,2014-01-02,2014-01-02,2014-01-03,0.6988200000000013,False
downside_skew,SLB,1,2014-01-02,2014-01-02,2014-01-03,1.91844,False
downside_skew,NRG,1,2014-01-02,2014-01-02,2014-01-03,5.317620000000002,False
downside_skew,WELL,1,2014-01-02,2014-01-02,2014-01-03,2.8565,False
downside_skew_chg_5d,285A,4597,2014-01-07,2026-08-08,2026-08-09,0.0,False
downside_skew_chg_5d,6146,4262,2014-01-07,2025-09-07,2025-09-08,0.0,False
downside_skew_chg_5d,SNDK,4079,2014-01-07,2025-03-08,2025-03-09,0.0,False
downside_skew_chg_5d,GEV,3749,2014-01-07,2024-04-12,2024-04-13,0.0,False
downside_skew_chg_5d,RDDT,3736,2014-01-07,2024-03-30,2024-03-31,0.0,False
downside_skew_chg_5d,ARM,3547,2014-01-07,2023-09-23,2023-09-24,0.0,False
downside_skew_chg_5d,CEG,2961,2014-01-07,2022-02-14,2022-02-15,0.0,False
downside_skew_chg_5d,UMG,2822,2014-01-07,2021-09-28,2021-09-29,0.0,False
downside_skew_chg_5d,APP,2667,2014-01-07,2021-04-26,2021-04-27,0.0,False
downside_skew_chg_5d,RBLX,2631,2014-01-07,2021-03-21,2021-03-22,0.0,False
downside_skew_chg_5d,ABNB,2541,2014-01-07,2020-12-21,2020-12-22,0.0,False
downside_skew_chg_5d,DASH,2540,2014-01-07,2020-12-20,2020-12-21,0.0,False
downside_skew_chg_5d,PLTR,2470,2014-01-07,2020-10-11,2020-10-12,0.0,False
downside_skew_chg_5d,SNOW,2456,2014-01-07,2020-09-27,2020-09-28,0.0,False
downside_skew_chg_5d,VRT,2260,2014-01-07,2020-03-15,2020-03-16,0.0,False
downside_skew_chg_5d,DDOG,2100,2014-01-07,2019-10-07,2019-10-08,0.0,False
downside_skew_chg_5d,NET,2092,2014-01-07,2019-09-29,2019-09-30,0.0,False
downside_skew_chg_5d,CRWD,1994,2014-01-07,2019-06-23,2019-06-24,0.0,False
downside_skew_chg_5d,UBER,1961,2014-01-07,2019-05-21,2019-05-22,0.0,False
downside_skew_chg_5d,DELL,1826,2014-01-07,2019-01-06,2019-01-07,0.0,False
downside_skew_chg_5d,BE,1698,2014-01-07,2018-08-31,2018-09-01,0.0,False
downside_skew_chg_5d,SPOT,1559,2014-01-07,2018-04-14,2018-04-15,0.0,False
downside_skew_chg_5d,ZS,1544,2014-01-07,2018-03-30,2018-03-31,0.0,False
downside_skew_chg_5d,VST,1233,2014-01-07,2017-05-23,2017-05-24,0.0,False
downside_skew_chg_5d,TTD,1201,2014-01-07,2017-04-21,2017-04-22,0.0,False
downside_skew_chg_5d,HWM,1036,2014-01-07,2016-11-07,2016-11-08,0.0,False
downside_skew_chg_5d,TEAM,718,2014-01-07,2015-12-25,2015-12-26,0.0,False
downside_skew_chg_5d,HPE,670,2014-01-07,2015-11-07,2015-11-08,0.0,False
downside_skew_chg_5d,RACE,666,2014-01-07,2015-11-03,2015-11-04,0.0,False
downside_skew_chg_5d,LITE,581,2014-01-07,2015-08-10,2015-08-11,0.0,False
downside_skew_chg_5d,PYPL,565,2014-01-07,2015-07-25,2015-07-26,0.0,False
downside_skew_chg_5d,000660,320,2014-01-07,2014-11-22,2014-11-23,0.0,False
downside_skew_chg_5d,KEYS,306,2014-01-07,2014-11-08,2014-11-09,0.0,False
downside_skew_chg_5d,ANET,211,2014-01-07,2014-08-05,2014-08-06,0.0,False
downside_skew_chg_5d,DSY,46,2014-01-07,2014-02-21,2014-02-22,0.0,False
downside_skew_chg_5d,PUB,46,2014-01-07,2014-02-21,2014-02-22,0.0,False
downside_skew_chg_5d,SAF,46,2014-01-07,2014-02-21,2014-02-22,0.0,False
downside_skew_chg_5d,UCG,8,2014-01-07,2014-01-14,2014-01-15,0.0,False
downside_skew_chg_5d,ENEL,8,2014-01-07,2014-01-14,2014-01-15,0.0,False
downside_skew_chg_5d,9433,5,2014-01-07,2014-01-11,2014-01-12,0.4498700000000113,False
downside_skew_chg_5d,FICO,5,2014-01-07,2014-01-11,2014-01-12,0.0,False
downside_skew_chg_5d,9432,5,2014-01-07,2014-01-11,2014-01-12,0.4821199999999983,False
downside_skew_chg_5d,8316,5,2014-01-07,2014-01-11,2014-01-12,0.1295000000000037,False
downside_skew_chg_5d,6981,5,2014-01-07,2014-01-11,2014-01-12,0.003569999999999851,False
downside_skew_chg_5d,7203,5,2014-01-07,2014-01-11,2014-01-12,0.2529400000000024,False
downside_skew_chg_5d,7974,5,2014-01-07,2014-01-11,2014-01-12,0.4714400000000012,False
downside_skew_chg_5d,8306,5,2014-01-07,2014-01-11,2014-01-12,0.09181999999999846,False
downside_skew_chg_5d,6857,5,2014-01-07,2014-01-11,2014-01-12,1.722379999999994,False
downside_skew_chg_5d,8035,5,2014-01-07,2014-01-11,2014-01-12,0.01663000000000636,False
downside_skew_chg_5d,7011,5,2014-01-07,2014-01-11,2014-01-12,0.04786999999999964,False
downside_skew_chg_5d,4063,5,2014-01-07,2014-01-11,2014-01-12,0.2444999999999986,False
downside_skew_chg_5d,6758,5,2014-01-07,2014-01-11,2014-01-12,0.04893999999999821,False
downside_skew_chg_5d,NESN,4,2014-01-07,2014-01-10,2014-01-11,2.03232,False
downside_skew_chg_5d,NOVN,4,2014-01-07,2014-01-10,2014-01-11,1.243129999999999,False
downside_skew_chg_5d,ROP,4,2014-01-07,2014-01-10,2014-01-11,0.03807000000000116,False
downside_skew_chg_5d,ZURN,4,2014-01-07,2014-01-10,2014-01-11,0.229379999999999,False
downside_skew_chg_5d,NOVOB,4,2014-01-07,2014-01-10,2014-01-11,-7.469370000000001,False
downside_skew_chg_5d,CDNS,4,2014-01-07,2014-01-10,2014-01-11,-12.67212,False
downside_skew_chg_5d,CFR,4,2014-01-07,2014-01-10,2014-01-11,-0.3753100000000025,False
downside_skew_chg_5d,UBSG,4,2014-01-07,2014-01-10,2014-01-11,0.2409399999999984,False
downside_skew_chg_5d,COHR,4,2014-01-07,2014-01-10,2014-01-11,0.0,False
downside_skew_chg_5d,TKO,4,2014-01-07,2014-01-10,2014-01-11,-17.97275999999999,False
downside_skew_chg_5d,ABBN,4,2014-01-07,2014-01-10,2014-01-11,-2.040690000000001,False
downside_skew_chg_5d,JNJ,1,2014-01-07,2014-01-07,2014-01-08,-0.6215500000000009,False
downside_skew_chg_5d,WFC,1,2014-01-07,2014-01-07,2014-01-08,-0.6536800000000014,False
downside_skew_chg_5d,MPC,1,2014-01-07,2014-01-07,2014-01-08,0.9681300000000022,False
downside_skew_chg_5d,PANW,1,2014-01-07,2014-01-07,2014-01-08,-0.4081900000000047,False
downside_skew_chg_5d,AMAT,1,2014-01-07,2014-01-07,2014-01-08,-0.6748099999999972,False
downside_skew_chg_5d,LRCX,1,2014-01-07,2014-01-07,2014-01-08,-0.3603900000000024,False
downside_skew_chg_5d,PLD,1,2014-01-07,2014-01-07,2014-01-08,-1.16057,False
downside_skew_chg_5d,TMUS,1,2014-01-07,2014-01-07,2014-01-08,0.2740000000000009,False
downside_skew_chg_5d,EQIX,1,2014-01-07,2014-01-07,2014-01-08,-2.031190000000002,False
downside_skew_chg_5d,AMT,1,2014-01-07,2014-01-07,2014-01-08,0.1308099999999968,False
downside_skew_chg_5d,TSM,1,2014-01-07,2014-01-07,2014-01-08,-12.011,False
downside_skew_chg_5d,TMO,1,2014-01-07,2014-01-07,2014-01-08,-0.02899999999999636,False
downside_skew_chg_5d,BX,1,2014-01-07,2014-01-07,2014-01-08,-0.1891199999999991,False
downside_skew_chg_5d,PWR,1,2014-01-07,2014-01-07,2014-01-08,2.19331,False
downside_skew_chg_5d,STX,1,2014-01-07,2014-01-07,2014-01-08,-0.5536900000000031,False
downside_skew_chg_5d,MRVL,1,2014-01-07,2014-01-07,2014-01-08,-2.245760000000004,False
downside_skew_chg_5d,KLAC,1,2014-01-07,2014-01-07,2014-01-08,-0.002500000000001279,False
downside_skew_chg_5d,GLW,1,2014-01-07,2014-01-07,2014-01-08,2.146190000000004,False
downside_skew_chg_5d,TER,1,2014-01-07,2014-01-07,2014-01-08,1.87087,False
downside_skew_chg_5d,NFLX,1,2014-01-07,2014-01-07,2014-01-08,2.282429999999998,False
downside_skew_chg_5d,CRM,1,2014-01-07,2014-01-07,2014-01-08,0.1893799999999999,False
downside_skew_chg_5d,AMD,1,2014-01-07,2014-01-07,2014-01-08,-2.962760000000003,False
downside_skew_chg_5d,MU,1,2014-01-07,2014-01-07,2014-01-08,-2.063000000000002,False
downside_skew_chg_5d,MSFT,1,2014-01-07,2014-01-07,2014-01-08,0.4386200000000038,False
downside_skew_chg_5d,GOOGL,1,2014-01-07,2014-01-07,2014-01-08,-0.8723100000000024,False
downside_skew_chg_5d,META,1,2014-01-07,2014-01-07,2014-01-08,-1.842560000000006,False
downside_skew_chg_5d,AAPL,1,2014-01-07,2014-01-07,2014-01-08,0.7586899999999979,False
downside_skew_chg_5d,GS,1,2014-01-07,2014-01-07,2014-01-08,-0.3162599999999962,False
downside_skew_chg_5d,COST,1,2014-01-07,2014-01-07,2014-01-08,0.1500699999999995,False
downside_skew_chg_5d,HD,1,2014-01-07,2014-01-07,2014-01-08,0.05932000000000137,False
downside_skew_chg_5d,PG,1,2014-01-07,2014-01-07,2014-01-08,-0.5330699999999986,False
downside_skew_chg_5d,MCD,1,2014-01-07,2014-01-07,2014-01-08,-0.5031299999999987,False
downside_skew_chg_5d,WMT,1,2014-01-07,2014-01-07,2014-01-08,0.1711900000000011,False
downside_skew_chg_5d,CAT,1,2014-01-07,2014-01-07,2014-01-08,-0.1716899999999999,False
downside_skew_chg_5d,HON,1,2014-01-07,2014-01-07,2014-01-08,-0.5851800000000011,False
downside_skew_chg_5d,DE,1,2014-01-07,2014-01-07,2014-01-08,-0.4696899999999999,False
downside_skew_chg_5d,UNP,1,2014-01-07,2014-01-07,2014-01-08,-0.98569,False
downside_skew_chg_5d,LMT,1,2014-01-07,2014-01-07,2014-01-08,-1.440069999999999,False
downside_skew_chg_5d,ETN,1,2014-01-07,2014-01-07,2014-01-08,0.5844900000000024,False
downside_skew_chg_5d,XOM,1,2014-01-07,2014-01-07,2014-01-08,-0.04687999999999803,False
downside_skew_chg_5d,LNG,1,2014-01-07,2014-01-07,2014-01-08,1.182000000000002,False
downside_skew_chg_5d,FCX,1,2014-01-07,2014-01-07,2014-01-08,1.104119999999998,False
downside_skew_chg_5d,LIN,1,2014-01-07,2014-01-07,2014-01-08,0.9117999999999995,False
downside_skew_chg_5d,NEE,1,2014-01-07,2014-01-07,2014-01-08,-1.728440000000001,False
downside_skew_chg_5d,AVGO,1,2014-01-07,2014-01-07,2014-01-08,0.0901800000000037,False
downside_skew_chg_5d,TSLA,1,2014-01-07,2014-01-07,2014-01-08,-1.006559999999993,False
downside_skew_chg_5d,NVDA,1,2014-01-07,2014-01-07,2014-01-08,1.8325,False
downside_skew_chg_5d,AMZN,1,2014-01-07,2014-01-07,2014-01-08,-0.396569999999997,False
downside_skew_chg_5d,005930,1,2014-01-07,2014-01-07,2014-01-08,0.2116800000000012,False
downside_skew_chg_5d,UNH,1,2014-01-07,2014-01-07,2014-01-08,0.2312499999999993,False
downside_skew_chg_5d,LLY,1,2014-01-07,2014-01-07,2014-01-08,-0.1083100000000012,False
downside_skew_chg_5d,ISRG,1,2014-01-07,2014-01-07,2014-01-08,-0.1886800000000015,False
downside_skew_chg_5d,ABBV,1,2014-01-07,2014-01-07,2014-01-08,-2.849,False
downside_skew_chg_5d,REGN,1,2014-01-07,2014-01-07,2014-01-08,0.7346199999999996,False
downside_skew_chg_5d,JPM,1,2014-01-07,2014-01-07,2014-01-08,0.149879999999996,False
downside_skew_chg_5d,V,1,2014-01-07,2014-01-07,2014-01-08,24.664,False
downside_skew_chg_5d,MA,1,2014-01-07,2014-01-07,2014-01-08,-0.2265600000000028,False
downside_skew_chg_5d,BLK,1,2014-01-07,2014-01-07,2014-01-08,0.332880000000003,False
downside_skew_chg_5d,SPGI,1,2014-01-07,2014-01-07,2014-01-08,-0.3327400000000011,False
downside_skew_chg_5d,CS,1,2014-01-07,2014-01-07,2014-01-08,-1.501619999999999,False
downside_skew_chg_5d,LSEG,1,2014-01-07,2014-01-07,2014-01-08,-0.03368999999999645,False
downside_skew_chg_5d,C,1,2014-01-07,2014-01-07,2014-01-08,0.3178099999999979,False
downside_skew_chg_5d,BN,1,2014-01-07,2014-01-07,2014-01-08,0.0,False
downside_skew_chg_5d,CME,1,2014-01-07,2014-01-07,2014-01-08,-0.4514900000000033,False
downside_skew_chg_5d,KKR,1,2014-01-07,2014-01-07,2014-01-08,0.6177600000000005,False
downside_skew_chg_5d,AON,1,2014-01-07,2014-01-07,2014-01-08,-1.96856,False
downside_skew_chg_5d,PGR,1,2014-01-07,2014-01-07,2014-01-08,4.122309999999999,False
downside_skew_chg_5d,IFX,1,2014-01-07,2014-01-07,2014-01-08,6.383069999999996,False
downside_skew_chg_5d,AXP,1,2014-01-07,2014-01-07,2014-01-08,-0.08755999999999986,False
downside_skew_chg_5d,SCHW,1,2014-01-07,2014-01-07,2014-01-08,-4.074420000000003,False
downside_skew_chg_5d,MS,1,2014-01-07,2014-01-07,2014-01-08,0.6939400000000013,False
downside_skew_chg_5d,ADI,1,2014-01-07,2014-01-07,2014-01-08,0.2063800000000029,False
downside_skew_chg_5d,NOW,1,2014-01-07,2014-01-07,2014-01-08,-0.1378699999999995,False
downside_skew_chg_5d,ACN,1,2014-01-07,2014-01-07,2014-01-08,-0.4813100000000006,False
downside_skew_chg_5d,IBM,1,2014-01-07,2014-01-07,2014-01-08,-0.05907000000000018,False
downside_skew_chg_5d,SAP,1,2014-01-07,2014-01-07,2014-01-08,-1.140999999999998,False
downside_skew_chg_5d,SHEL,1,2014-01-07,2014-01-07,2014-01-08,-0.1196799999999989,False
downside_skew_chg_5d,AZN,1,2014-01-07,2014-01-07,2014-01-08,-0.4823799999999991,False
downside_skew_chg_5d,ADBE,1,2014-01-07,2014-01-07,2014-01-08,-0.1591899999999988,False
downside_skew_chg_5d,TXN,1,2014-01-07,2014-01-07,2014-01-08,-0.3814400000000013,False
downside_skew_chg_5d,QCOM,1,2014-01-07,2014-01-07,2014-01-08,0.8111899999999999,False
downside_skew_chg_5d,RIO,1,2014-01-07,2014-01-07,2014-01-08,1.30574,False
downside_skew_chg_5d,HSBA,1,2014-01-07,2014-01-07,2014-01-08,-0.9095499999999976,False
downside_skew_chg_5d,MC,1,2014-01-07,2014-01-07,2014-01-08,-0.2786299999999997,False
downside_skew_chg_5d,RR/,1,2014-01-07,2014-01-07,2014-01-08,4.702999999999999,False
downside_skew_chg_5d,ASML,1,2014-01-07,2014-01-07,2014-01-08,-1.787000000000003,False
downside_skew_chg_5d,WMB,1,2014-01-07,2014-01-07,2014-01-08,-0.7678100000000008,False
downside_skew_chg_5d,SU,1,2014-01-07,2014-01-07,2014-01-08,1.287619999999997,False
downside_skew_chg_5d,SIE,1,2014-01-07,2014-01-07,2014-01-08,0.7001299999999979,False
downside_skew_chg_5d,RHM,1,2014-01-07,2014-01-07,2014-01-08,-0.2377500000000019,False
downside_skew_chg_5d,ALV,1,2014-01-07,2014-01-07,2014-01-08,1.202949999999998,False
downside_skew_chg_5d,MPWR,1,2014-01-07,2014-01-07,2014-01-08,0.0,False
downside_skew_chg_5d,BAC,1,2014-01-07,2014-01-07,2014-01-08,-1.077679999999997,False
downside_skew_chg_5d,INTC,1,2014-01-07,2014-01-07,2014-01-08,0.4266200000000033,False
downside_skew_chg_5d,CSCO,1,2014-01-07,2014-01-07,2014-01-08,-0.2993100000000055,False
downside_skew_chg_5d,FN,1,2014-01-07,2014-01-07,2014-01-08,9.82931,False
downside_skew_chg_5d,PM,1,2014-01-07,2014-01-07,2014-01-08,-0.5259999999999998,False
downside_skew_chg_5d,BKNG,1,2014-01-07,2014-01-07,2014-01-08,-0.4164300000000019,False
downside_skew_chg_5d,DLR,1,2014-01-07,2014-01-07,2014-01-08,0.2414299999999976,False
downside_skew_chg_5d,BSX,1,2014-01-07,2014-01-07,2014-01-08,-0.4618699999999976,False
downside_skew_chg_5d,ORCL,1,2014-01-07,2014-01-07,2014-01-08,-0.6458099999999973,False
downside_skew_chg_5d,SNPS,1,2014-01-07,2014-01-07,2014-01-08,0.0,False
downside_skew_chg_5d,APH,1,2014-01-07,2014-01-07,2014-01-08,1.663629999999999,False
downside_skew_chg_5d,IBE,1,2014-01-07,2014-01-07,2014-01-08,-2.966820000000002,False
downside_skew_chg_5d,AI,1,2014-01-07,2014-01-07,2014-01-08,1.264620000000001,False
downside_skew_chg_5d,ECL,1,2014-01-07,2014-01-07,2014-01-08,-0.290750000000001,False
downside_skew_chg_5d,INTU,1,2014-01-07,2014-01-07,2014-01-08,-1.604179999999996,False
downside_skew_chg_5d,MSI,1,2014-01-07,2014-01-07,2014-01-08,-1.350309999999997,False
downside_skew_chg_5d,ABT,1,2014-01-07,2014-01-07,2014-01-08,-0.8934999999999995,False
downside_skew_chg_5d,ITX,1,2014-01-07,2014-01-07,2014-01-08,-0.8826900000000002,False
downside_skew_chg_5d,DHR,1,2014-01-07,2014-01-07,2014-01-08,-1.15644,False
downside_skew_chg_5d,SAN,1,2014-01-07,2014-01-07,2014-01-08,-0.3429899999999968,False
downside_skew_chg_5d,GE,1,2014-01-07,2014-01-07,2014-01-08,-1.071560000000002,False
downside_skew_chg_5d,VRTX,1,2014-01-07,2014-01-07,2014-01-08,-1.226929999999996,False
downside_skew_chg_5d,VZ,1,2014-01-07,2014-01-07,2014-01-08,-0.5225699999999982,False
downside_skew_chg_5d,T,1,2014-01-07,2014-01-07,2014-01-08,0.09893999999999892,False
downside_skew_chg_5d,TTWO,1,2014-01-07,2014-01-07,2014-01-08,-1.172319999999999,False
downside_skew_chg_5d,CMCSA,1,2014-01-07,2014-01-07,2014-01-08,0.5150599999999983,False
downside_skew_chg_5d,DTE,1,2014-01-07,2014-01-07,2014-01-08,2.99174,False
downside_skew_chg_5d,TJX,1,2014-01-07,2014-01-07,2014-01-08,0.4661900000000045,False
downside_skew_chg_5d,LOW,1,2014-01-07,2014-01-07,2014-01-08,1.928689999999996,False
downside_skew_chg_5d,SBUX,1,2014-01-07,2014-01-07,2014-01-08,-1.066500000000001,False
downside_skew_chg_5d,DIS,1,2014-01-07,2014-01-07,2014-01-08,0.2065599999999961,False
downside_skew_chg_5d,ORLY,1,2014-01-07,2014-01-07,2014-01-08,-0.6749399999999994,False
downside_skew_chg_5d,NKE,1,2014-01-07,2014-01-07,2014-01-08,0.6796199999999981,False
downside_skew_chg_5d,MCK,1,2014-01-07,2014-01-07,2014-01-08,2.592319999999997,False
downside_skew_chg_5d,SYK,1,2014-01-07,2014-01-07,2014-01-08,-0.5920000000000023,False
downside_skew_chg_5d,MRK,1,2014-01-07,2014-01-07,2014-01-08,-0.5856199999999987,False
downside_skew_chg_5d,AMGN,1,2014-01-07,2014-01-07,2014-01-08,-0.09523999999999688,False
downside_skew_chg_5d,AXON,1,2014-01-07,2014-01-07,2014-01-08,2.030999999999999,False
downside_skew_chg_5d,AIR,1,2014-01-07,2014-01-07,2014-01-08,-0.6563800000000022,False
downside_skew_chg_5d,BNP,1,2014-01-07,2014-01-07,2014-01-08,-2.178000000000001,False
downside_skew_chg_5d,MUV2,1,2014-01-07,2014-01-07,2014-01-08,-1.35575,False
downside_skew_chg_5d,EMR,1,2014-01-07,2014-01-07,2014-01-08,2.013869999999997,False
downside_skew_chg_5d,RTX,1,2014-01-07,2014-01-07,2014-01-08,-1.00793,False
downside_skew_chg_5d,COF,1,2014-01-07,2014-01-07,2014-01-08,0.001370000000001426,False
downside_skew_chg_5d,CB,1,2014-01-07,2014-01-07,2014-01-08,-0.3893199999999997,False
downside_skew_chg_5d,ICE,1,2014-01-07,2014-01-07,2014-01-08,-1.578240000000001,False
downside_skew_chg_5d,MCO,1,2014-01-07,2014-01-07,2014-01-08,-0.7426899999999996,False
downside_skew_chg_5d,NXPI,1,2014-01-07,2014-01-07,2014-01-08,-2.956630000000004,False
downside_skew_chg_5d,WDAY,1,2014-01-07,2014-01-07,2014-01-08,-0.9498800000000003,False
downside_skew_chg_5d,WDC,1,2014-01-07,2014-01-07,2014-01-08,0.2579300000000018,False
downside_skew_chg_5d,BRK/B,1,2014-01-07,2014-01-07,2014-01-08,0.09087999999999852,False
downside_skew_chg_5d,ADSK,1,2014-01-07,2014-01-07,2014-01-08,0.4908199999999994,False
downside_skew_chg_5d,FTNT,1,2014-01-07,2014-01-07,2014-01-08,4.50168,False
downside_skew_chg_5d,TT,1,2014-01-07,2014-01-07,2014-01-08,0.1305000000000014,False
downside_skew_chg_5d,KO,1,2014-01-07,2014-01-07,2014-01-08,-0.4497499999999999,False
downside_skew_chg_5d,ULVR,1,2014-01-07,2014-01-07,2014-01-08,-1.590810000000003,False
downside_skew_chg_5d,SHW,1,2014-01-07,2014-01-07,2014-01-08,-1.274239999999999,False
downside_skew_chg_5d,TTE,1,2014-01-07,2014-01-07,2014-01-08,-0.6450099999999992,False
downside_skew_chg_5d,SO,1,2014-01-07,2014-01-07,2014-01-08,-0.2266300000000001,False
downside_skew_chg_5d,CVX,1,2014-01-07,2014-01-07,2014-01-08,-0.8321799999999975,False
downside_skew_chg_5d,OR,1,2014-01-07,2014-01-07,2014-01-08,-0.1649999999999956,False
downside_skew_chg_5d,PEP,1,2014-01-07,2014-01-07,2014-01-08,-0.09361999999999959,False
downside_skew_chg_5d,NEM,1,2014-01-07,2014-01-07,2014-01-08,-0.671870000000002,False
downside_skew_chg_5d,BNY,1,2014-01-07,2014-01-07,2014-01-08,0.6811800000000012,False
downside_skew_chg_5d,IBKR,1,2014-01-07,2014-01-07,2014-01-08,-2.482679999999998,False
downside_skew_chg_5d,APO,1,2014-01-07,2014-01-07,2014-01-08,1.315629999999999,False
downside_skew_chg_5d,MSCI,1,2014-01-07,2014-01-07,2014-01-08,-1.292379999999998,False
downside_skew_chg_5d,MRSH,1,2014-01-07,2014-01-07,2014-01-08,-1.29982,False
downside_skew_chg_5d,ASM,1,2014-01-07,2014-01-07,2014-01-08,-0.3620699999999957,False
downside_skew_chg_5d,ON,1,2014-01-07,2014-01-07,2014-01-08,0.0,False
downside_skew_chg_5d,VRSN,1,2014-01-07,2014-01-07,2014-01-08,33.88106000000001,False
downside_skew_chg_5d,MDLZ,1,2014-01-07,2014-01-07,2014-01-08,-0.1467500000000008,False
downside_skew_chg_5d,GILD,1,2014-01-07,2014-01-07,2014-01-08,0.4728700000000003,False
downside_skew_chg_5d,MDT,1,2014-01-07,2014-01-07,2014-01-08,-0.08643999999999963,False
downside_skew_chg_5d,PFE,1,2014-01-07,2014-01-07,2014-01-08,-1.170059999999999,False
downside_skew_chg_5d,PH,1,2014-01-07,2014-01-07,2014-01-08,-1.394309999999997,False
downside_skew_chg_5d,WM,1,2014-01-07,2014-01-07,2014-01-08,1.771190000000001,False
downside_skew_chg_5d,REL,1,2014-01-07,2014-01-07,2014-01-08,0.5166999999999966,False
downside_skew_chg_5d,ADP,1,2014-01-07,2014-01-07,2014-01-08,-0.09169999999999945,False
downside_skew_chg_5d,CMG,1,2014-01-07,2014-01-07,2014-01-08,1.431069999999998,False
downside_skew_chg_5d,RMS,1,2014-01-07,2014-01-07,2014-01-08,-84.13835,False
downside_skew_chg_5d,ZTS,1,2014-01-07,2014-01-07,2014-01-08,-0.04549999999999699,False
downside_skew_chg_5d,HCA,1,2014-01-07,2014-01-07,2014-01-08,-2.631249999999998,False
downside_skew_chg_5d,GRMN,1,2014-01-07,2014-01-07,2014-01-08,0.5676299999999976,False
downside_skew_chg_5d,LYV,1,2014-01-07,2014-01-07,2014-01-08,3.563369999999999,False
downside_skew_chg_5d,GM,1,2014-01-07,2014-01-07,2014-01-08,-0.26145,False
downside_skew_chg_5d,MAR,1,2014-01-07,2014-01-07,2014-01-08,-0.1346999999999987,False
downside_skew_chg_5d,CL,1,2014-01-07,2014-01-07,2014-01-08,-0.358880000000001,False
downside_skew_chg_5d,MO,1,2014-01-07,2014-01-07,2014-01-08,-0.2744999999999997,False
downside_skew_chg_5d,MNST,1,2014-01-07,2014-01-07,2014-01-08,0.6421899999999994,False
downside_skew_chg_5d,COP,1,2014-01-07,2014-01-07,2014-01-08,-0.5524999999999967,False
downside_skew_chg_5d,APD,1,2014-01-07,2014-01-07,2014-01-08,-0.1614400000000025,False
downside_skew_chg_5d,SLB,1,2014-01-07,2014-01-07,2014-01-08,-0.1292599999999986,False
downside_skew_chg_5d,NRG,1,2014-01-07,2014-01-07,2014-01-08,-3.873930000000005,False
downside_skew_chg_5d,WELL,1,2014-01-07,2014-01-07,2014-01-08,0.5444999999999993,False
downside_skew_z,6981,4011,2014-05-07,2026-08-12,2014-05-12,0.6668260891343104,False
downside_skew_z,PLTR,125,2020-10-07,2021-02-08,2021-02-09,15.81151378755268,False
downside_skew_z,LITE,125,2015-08-06,2015-12-08,2015-12-09,15.81151378755267,False
downside_skew_z,BE,125,2018-08-27,2018-12-29,2018-12-30,15.81151378755267,False
downside_skew_z,VRT,125,2020-03-11,2020-07-13,2020-07-14,15.81151378755267,False
downside_skew_z,000660,125,2014-11-18,2015-03-22,2015-03-23,-15.81151378755267,False
downside_skew_z,RACE,125,2015-10-30,2016-03-02,2016-03-03,15.81151378755267,False
downside_skew_z,ARM,125,2023-09-19,2024-01-21,2024-01-22,-15.81151378755267,False
downside_skew_z,ANET,125,2014-08-01,2014-12-03,2014-12-04,-14.49153949658669,False
downside_skew_z,GEV,125,2024-04-08,2024-08-10,2024-08-11,-15.81151378755267,False
downside_skew_z,CEG,125,2022-02-10,2022-06-14,2022-06-15,-15.81151378755271,False
downside_skew_z,VST,125,2017-05-19,2017-09-20,2017-09-21,15.81151378755267,False
downside_skew_z,SPOT,125,2018-04-10,2018-08-12,2018-08-13,-15.81151378755267,False
downside_skew_z,APP,125,2021-04-22,2021-08-24,2021-08-25,-15.81151378755267,False
downside_skew_z,SNOW,125,2020-09-23,2021-01-25,2021-01-26,-15.81151378755267,False
downside_skew_z,TEAM,125,2015-12-21,2016-04-23,2016-04-24,-15.81151378755267,False
downside_skew_z,ZS,125,2018-03-26,2018-07-28,2018-07-29,15.81151378755267,False
downside_skew_z,NET,125,2019-09-25,2020-01-27,2020-01-28,-15.81151378755267,False
downside_skew_z,PYPL,125,2015-07-21,2015-11-22,2015-11-23,-15.81151378755267,False
downside_skew_z,CRWD,125,2019-06-19,2019-10-21,2019-10-22,-15.81151378755267,False
downside_skew_z,6146,125,2025-09-03,2026-01-05,2026-01-06,-15.81151378755267,False
downside_skew_z,DDOG,125,2019-10-03,2020-02-04,2020-02-05,15.81151378755267,False
downside_skew_z,UMG,125,2021-09-24,2022-01-26,2022-01-27,15.81151378755267,False
downside_skew_z,UBER,125,2019-05-17,2019-09-18,2019-09-19,-15.81151378755271,False
downside_skew_z,ABNB,125,2020-12-17,2021-04-20,2021-04-21,-15.81151378755267,False
downside_skew_z,SNDK,125,2025-03-04,2025-07-06,2025-07-07,-15.81151378755267,False
downside_skew_z,DASH,125,2020-12-16,2021-04-19,2021-04-20,-15.81151378755267,False
downside_skew_z,TTD,125,2017-04-17,2017-08-19,2017-08-20,-15.81151378755268,False
downside_skew_z,RBLX,125,2021-03-17,2021-07-19,2021-07-20,15.81151378755267,False
downside_skew_z,HWM,125,2016-11-03,2017-03-07,2017-03-08,-15.81151378755267,False
downside_skew_z,RDDT,125,2024-03-26,2024-07-28,2024-07-29,-15.81151378755267,False
downside_skew_z,HPE,125,2015-11-03,2016-03-06,2016-03-07,15.81151378755267,False
downside_skew_z,DELL,123,2019-01-04,2019-05-06,2019-05-07,15.81151378755267,False
downside_skew_z,KEYS,119,2014-11-10,2015-03-08,2015-03-09,15.81151378755267,False
downside_skew_z,285A,59,2026-08-04,2026-10-01,,15.81151378755267,True
downside_skew_z,SAF,46,2014-05-07,2014-06-21,2014-06-22,0.8890481213996014,False
downside_skew_z,DSY,46,2014-05-07,2014-06-21,2014-06-22,0.1022543257608769,False
downside_skew_z,PUB,46,2014-05-07,2014-06-21,2014-06-22,-0.4075346228958936,False
downside_skew_z,UCG,8,2014-05-07,2014-05-14,2014-05-15,-0.8062004293410551,False
downside_skew_z,ENEL,8,2014-05-07,2014-05-14,2014-05-15,-0.7120787840475208,False
downside_skew_z,9432,5,2014-05-07,2014-05-11,2014-05-12,-0.01645927540706615,False
downside_skew_z,9433,5,2014-05-07,2014-05-11,2014-05-12,0.01450358145259993,False
downside_skew_z,8316,5,2014-05-07,2014-05-11,2014-05-12,-0.5779174289020558,False
downside_skew_z,8306,5,2014-05-07,2014-05-11,2014-05-12,-0.1079797694235652,False
downside_skew_z,7203,5,2014-05-07,2014-05-11,2014-05-12,-0.942426054496262,False
downside_skew_z,7974,5,2014-05-07,2014-05-11,2014-05-12,-0.2394010133182284,False
downside_skew_z,FICO,5,2014-05-07,2014-05-11,2014-05-12,-0.6257402226754841,False
downside_skew_z,6857,5,2014-05-07,2014-05-11,2014-05-12,-0.5292444241834321,False
downside_skew_z,8035,5,2014-05-07,2014-05-11,2014-05-12,-0.1478488166686137,False
downside_skew_z,7011,5,2014-05-07,2014-05-11,2014-05-12,0.4630787505495862,False
downside_skew_z,4063,5,2014-05-07,2014-05-11,2014-05-12,-0.9246146952738803,False
downside_skew_z,6758,5,2014-05-07,2014-05-11,2014-05-12,-0.8392872871969186,False
downside_skew_z,NESN,4,2014-05-07,2014-05-10,2014-05-11,-0.4388633489273046,False
downside_skew_z,NOVN,4,2014-05-07,2014-05-10,2014-05-11,-0.01222544160093537,False
downside_skew_z,ROP,4,2014-05-07,2014-05-10,2014-05-11,0.4825644934736072,False
downside_skew_z,ZURN,4,2014-05-07,2014-05-10,2014-05-11,0.5788960206531925,False
downside_skew_z,NOVOB,4,2014-05-07,2014-05-10,2014-05-11,-0.5027624419840749,False
downside_skew_z,CDNS,4,2014-05-07,2014-05-10,2014-05-11,1.334581664027089,False
downside_skew_z,CFR,4,2014-05-07,2014-05-10,2014-05-11,1.384122208618622,False
downside_skew_z,UBSG,4,2014-05-07,2014-05-10,2014-05-11,0.396027998632924,False
downside_skew_z,COHR,4,2014-05-07,2014-05-10,2014-05-11,4.578545103143017,False
downside_skew_z,TKO,4,2014-05-07,2014-05-10,2014-05-11,1.65092332383219,False
downside_skew_z,ABBN,4,2014-05-07,2014-05-10,2014-05-11,-0.4726780573602657,False
downside_skew_z,JNJ,1,2014-05-07,2014-05-07,2014-05-08,-1.23572999174895,False
downside_skew_z,WFC,1,2014-05-07,2014-05-07,2014-05-08,0.5320837724819117,False
downside_skew_z,MPC,1,2014-05-07,2014-05-07,2014-05-08,0.1929032920506545,False
downside_skew_z,PANW,1,2014-05-07,2014-05-07,2014-05-08,-0.2304761057692415,False
downside_skew_z,AMAT,1,2014-05-07,2014-05-07,2014-05-08,-0.364581589121306,False
downside_skew_z,LRCX,1,2014-05-07,2014-05-07,2014-05-08,0.424835057395201,False
downside_skew_z,PLD,1,2014-05-07,2014-05-07,2014-05-08,2.850017860698212,False
downside_skew_z,TMUS,1,2014-05-07,2014-05-07,2014-05-08,0.3493224347421288,False
downside_skew_z,EQIX,1,2014-05-07,2014-05-07,2014-05-08,-2.086032110271013,False
downside_skew_z,AMT,1,2014-05-07,2014-05-07,2014-05-08,1.166036504904775,False
downside_skew_z,TSM,1,2014-05-07,2014-05-07,2014-05-08,-0.1370319777701545,False
downside_skew_z,TMO,1,2014-05-07,2014-05-07,2014-05-08,1.08916632165707,False
downside_skew_z,BX,1,2014-05-07,2014-05-07,2014-05-08,-0.5687944847033729,False
downside_skew_z,PWR,1,2014-05-07,2014-05-07,2014-05-08,1.186091822865499,False
downside_skew_z,STX,1,2014-05-07,2014-05-07,2014-05-08,1.073325295785049,False
downside_skew_z,MRVL,1,2014-05-07,2014-05-07,2014-05-08,-0.4860581361088732,False
downside_skew_z,KLAC,1,2014-05-07,2014-05-07,2014-05-08,1.82674028675463,False
downside_skew_z,GLW,1,2014-05-07,2014-05-07,2014-05-08,1.062763358043086,False
downside_skew_z,TER,1,2014-05-07,2014-05-07,2014-05-08,0.07818677917707055,False
downside_skew_z,NFLX,1,2014-05-07,2014-05-07,2014-05-08,0.2267027969268152,False
downside_skew_z,CRM,1,2014-05-07,2014-05-07,2014-05-08,0.217468471462584,False
downside_skew_z,AMD,1,2014-05-07,2014-05-07,2014-05-08,-0.5413211832619537,False
downside_skew_z,MU,1,2014-05-07,2014-05-07,2014-05-08,-0.7604320411816059,False
downside_skew_z,MSFT,1,2014-05-07,2014-05-07,2014-05-08,-0.01794416454152544,False
downside_skew_z,GOOGL,1,2014-05-07,2014-05-07,2014-05-08,0.03887775299767705,False
downside_skew_z,META,1,2014-05-07,2014-05-07,2014-05-08,0.5741956584413616,False
downside_skew_z,AAPL,1,2014-05-07,2014-05-07,2014-05-08,-0.6613048512177231,False
downside_skew_z,GS,1,2014-05-07,2014-05-07,2014-05-08,-0.2165149743622106,False
downside_skew_z,COST,1,2014-05-07,2014-05-07,2014-05-08,-1.239861191993525,False
downside_skew_z,HD,1,2014-05-07,2014-05-07,2014-05-08,-0.3105887835469873,False
downside_skew_z,PG,1,2014-05-07,2014-05-07,2014-05-08,-1.158660497125061,False
downside_skew_z,MCD,1,2014-05-07,2014-05-07,2014-05-08,-1.629410001208197,False
downside_skew_z,WMT,1,2014-05-07,2014-05-07,2014-05-08,0.1053584132468499,False
downside_skew_z,CAT,1,2014-05-07,2014-05-07,2014-05-08,0.5040006570057523,False
downside_skew_z,HON,1,2014-05-07,2014-05-07,2014-05-08,-0.144059490206665,False
downside_skew_z,DE,1,2014-05-07,2014-05-07,2014-05-08,0.05370014142704575,False
downside_skew_z,UNP,1,2014-05-07,2014-05-07,2014-05-08,0.08743241996546067,False
downside_skew_z,LMT,1,2014-05-07,2014-05-07,2014-05-08,-0.05630942618345671,False
downside_skew_z,ETN,1,2014-05-07,2014-05-07,2014-05-08,1.09107696955991,False
downside_skew_z,XOM,1,2014-05-07,2014-05-07,2014-05-08,-0.1081008705897861,False
downside_skew_z,LNG,1,2014-05-07,2014-05-07,2014-05-08,-0.941635425658797,False
downside_skew_z,FCX,1,2014-05-07,2014-05-07,2014-05-08,-1.045955583808192,False
downside_skew_z,LIN,1,2014-05-07,2014-05-07,2014-05-08,-0.0009764061885390072,False
downside_skew_z,NEE,1,2014-05-07,2014-05-07,2014-05-08,1.195480236623512,False
downside_skew_z,AVGO,1,2014-05-07,2014-05-07,2014-05-08,0.810716807026064,False
downside_skew_z,TSLA,1,2014-05-07,2014-05-07,2014-05-08,1.932556499547614,False
downside_skew_z,NVDA,1,2014-05-07,2014-05-07,2014-05-08,-0.0751295053264113,False
downside_skew_z,AMZN,1,2014-05-07,2014-05-07,2014-05-08,0.7167478504039886,False
downside_skew_z,005930,1,2014-05-07,2014-05-07,2014-05-08,0.0744541814547517,False
downside_skew_z,UNH,1,2014-05-07,2014-05-07,2014-05-08,-0.6579013123112701,False
downside_skew_z,LLY,1,2014-05-07,2014-05-07,2014-05-08,2.279496978322095,False
downside_skew_z,ISRG,1,2014-05-07,2014-05-07,2014-05-08,-1.193593929592242,False
downside_skew_z,ABBV,1,2014-05-07,2014-05-07,2014-05-08,0.8224789362604766,False
downside_skew_z,REGN,1,2014-05-07,2014-05-07,2014-05-08,-0.09018524536834122,False
downside_skew_z,JPM,1,2014-05-07,2014-05-07,2014-05-08,0.2960114692171176,False
downside_skew_z,V,1,2014-05-07,2014-05-07,2014-05-08,-0.1157171928527333,False
downside_skew_z,MA,1,2014-05-07,2014-05-07,2014-05-08,0.788242710374327,False
downside_skew_z,BLK,1,2014-05-07,2014-05-07,2014-05-08,0.7485394949900821,False
downside_skew_z,SPGI,1,2014-05-07,2014-05-07,2014-05-08,1.846086268705068,False
downside_skew_z,CS,1,2014-05-07,2014-05-07,2014-05-08,-1.640503537014249,False
downside_skew_z,LSEG,1,2014-05-07,2014-05-07,2014-05-08,0.759263107031279,False
downside_skew_z,C,1,2014-05-07,2014-05-07,2014-05-08,0.2838135504758489,False
downside_skew_z,BN,1,2014-05-07,2014-05-07,2014-05-08,-0.3516472436560872,False
downside_skew_z,CME,1,2014-05-07,2014-05-07,2014-05-08,1.65191632879654,False
downside_skew_z,KKR,1,2014-05-07,2014-05-07,2014-05-08,0.6928153667847687,False
downside_skew_z,AON,1,2014-05-07,2014-05-07,2014-05-08,0.09084981128033005,False
downside_skew_z,PGR,1,2014-05-07,2014-05-07,2014-05-08,1.102511438671291,False
downside_skew_z,IFX,1,2014-05-07,2014-05-07,2014-05-08,0.1196508104532728,False
downside_skew_z,AXP,1,2014-05-07,2014-05-07,2014-05-08,0.2404341321121115,False
downside_skew_z,SCHW,1,2014-05-07,2014-05-07,2014-05-08,1.765946240810008,False
downside_skew_z,MS,1,2014-05-07,2014-05-07,2014-05-08,0.1173181675313276,False
downside_skew_z,ADI,1,2014-05-07,2014-05-07,2014-05-08,-0.8468934203682508,False
downside_skew_z,NOW,1,2014-05-07,2014-05-07,2014-05-08,-0.6544910275079473,False
downside_skew_z,ACN,1,2014-05-07,2014-05-07,2014-05-08,0.9166576419366969,False
downside_skew_z,IBM,1,2014-05-07,2014-05-07,2014-05-08,0.3244256016261883,False
downside_skew_z,SAP,1,2014-05-07,2014-05-07,2014-05-08,-1.288147431214405,False
downside_skew_z,SHEL,1,2014-05-07,2014-05-07,2014-05-08,-0.35546634029114,False
downside_skew_z,AZN,1,2014-05-07,2014-05-07,2014-05-08,-1.794234704340811,False
downside_skew_z,ADBE,1,2014-05-07,2014-05-07,2014-05-08,-1.880800986878215,False
downside_skew_z,TXN,1,2014-05-07,2014-05-07,2014-05-08,-0.221028922788605,False
downside_skew_z,QCOM,1,2014-05-07,2014-05-07,2014-05-08,-0.3435775431154818,False
downside_skew_z,RIO,1,2014-05-07,2014-05-07,2014-05-08,-2.610938612079737,False
downside_skew_z,HSBA,1,2014-05-07,2014-05-07,2014-05-08,-0.8447268182775584,False
downside_skew_z,MC,1,2014-05-07,2014-05-07,2014-05-08,-0.7381570180364673,False
downside_skew_z,RR/,1,2014-05-07,2014-05-07,2014-05-08,0.9482115220158119,False
downside_skew_z,ASML,1,2014-05-07,2014-05-07,2014-05-08,-0.1739275858772077,False
downside_skew_z,WMB,1,2014-05-07,2014-05-07,2014-05-08,-0.1622249834237148,False
downside_skew_z,SU,1,2014-05-07,2014-05-07,2014-05-08,0.9351762001889271,False
downside_skew_z,SIE,1,2014-05-07,2014-05-07,2014-05-08,-1.10487969113521,False
downside_skew_z,RHM,1,2014-05-07,2014-05-07,2014-05-08,0.8066679748436514,False
downside_skew_z,ALV,1,2014-05-07,2014-05-07,2014-05-08,0.07395889185426677,False
downside_skew_z,MPWR,1,2014-05-07,2014-05-07,2014-05-08,-0.7005283872511178,False
downside_skew_z,BAC,1,2014-05-07,2014-05-07,2014-05-08,0.1591450957311868,False
downside_skew_z,INTC,1,2014-05-07,2014-05-07,2014-05-08,-0.4313577508885001,False
downside_skew_z,CSCO,1,2014-05-07,2014-05-07,2014-05-08,0.1269170036976048,False
downside_skew_z,FN,1,2014-05-07,2014-05-07,2014-05-08,-0.5622160797291024,False
downside_skew_z,PM,1,2014-05-07,2014-05-07,2014-05-08,-0.1188556437613588,False
downside_skew_z,BKNG,1,2014-05-07,2014-05-07,2014-05-08,0.5354253693465136,False
downside_skew_z,DLR,1,2014-05-07,2014-05-07,2014-05-08,-0.5122651392503572,False
downside_skew_z,BSX,1,2014-05-07,2014-05-07,2014-05-08,1.171179537862399,False
downside_skew_z,ORCL,1,2014-05-07,2014-05-07,2014-05-08,-0.03491707467633769,False
downside_skew_z,SNPS,1,2014-05-07,2014-05-07,2014-05-08,-2.789898462152609,False
downside_skew_z,APH,1,2014-05-07,2014-05-07,2014-05-08,-1.00561926918069,False
downside_skew_z,IBE,1,2014-05-07,2014-05-07,2014-05-08,-0.9218035682433601,False
downside_skew_z,AI,1,2014-05-07,2014-05-07,2014-05-08,-0.2693270051793848,False
downside_skew_z,ECL,1,2014-05-07,2014-05-07,2014-05-08,-0.1685076588020984,False
downside_skew_z,INTU,1,2014-05-07,2014-05-07,2014-05-08,0.849012208682695,False
downside_skew_z,MSI,1,2014-05-07,2014-05-07,2014-05-08,0.08369519382882379,False
downside_skew_z,ABT,1,2014-05-07,2014-05-07,2014-05-08,0.2272247724565649,False
downside_skew_z,ITX,1,2014-05-07,2014-05-07,2014-05-08,-0.4914131156185821,False
downside_skew_z,DHR,1,2014-05-07,2014-05-07,2014-05-08,1.185714085784106,False
downside_skew_z,SAN,1,2014-05-07,2014-05-07,2014-05-08,0.6987041791195853,False
downside_skew_z,GE,1,2014-05-07,2014-05-07,2014-05-08,0.04702398642990153,False
downside_skew_z,VRTX,1,2014-05-07,2014-05-07,2014-05-08,0.6025512937109209,False
downside_skew_z,VZ,1,2014-05-07,2014-05-07,2014-05-08,-0.9890681507268309,False
downside_skew_z,T,1,2014-05-07,2014-05-07,2014-05-08,-0.2421993482367001,False
downside_skew_z,TTWO,1,2014-05-07,2014-05-07,2014-05-08,0.9368987945120344,False
downside_skew_z,CMCSA,1,2014-05-07,2014-05-07,2014-05-08,1.51259989242415,False
downside_skew_z,DTE,1,2014-05-07,2014-05-07,2014-05-08,1.105974322936686,False
downside_skew_z,TJX,1,2014-05-07,2014-05-07,2014-05-08,0.2158606842118223,False
downside_skew_z,LOW,1,2014-05-07,2014-05-07,2014-05-08,-0.198509137002633,False
downside_skew_z,SBUX,1,2014-05-07,2014-05-07,2014-05-08,0.677288364699858,False
downside_skew_z,DIS,1,2014-05-07,2014-05-07,2014-05-08,0.0625926769441018,False
downside_skew_z,ORLY,1,2014-05-07,2014-05-07,2014-05-08,0.07450228889381282,False
downside_skew_z,NKE,1,2014-05-07,2014-05-07,2014-05-08,-0.4923851782480544,False
downside_skew_z,MCK,1,2014-05-07,2014-05-07,2014-05-08,0.5904357311477675,False
downside_skew_z,SYK,1,2014-05-07,2014-05-07,2014-05-08,1.439567698439916,False
downside_skew_z,MRK,1,2014-05-07,2014-05-07,2014-05-08,0.3979453036014373,False
downside_skew_z,AMGN,1,2014-05-07,2014-05-07,2014-05-08,-0.2011299139333963,False
downside_skew_z,AXON,1,2014-05-07,2014-05-07,2014-05-08,0.03106130481407738,False
downside_skew_z,AIR,1,2014-05-07,2014-05-07,2014-05-08,-1.445830049373743,False
downside_skew_z,BNP,1,2014-05-07,2014-05-07,2014-05-08,-0.1682664096596391,False
downside_skew_z,MUV2,1,2014-05-07,2014-05-07,2014-05-08,-2.815657858534236,False
downside_skew_z,EMR,1,2014-05-07,2014-05-07,2014-05-08,0.8286206044243957,False
downside_skew_z,RTX,1,2014-05-07,2014-05-07,2014-05-08,-0.7917560283931837,False
downside_skew_z,COF,1,2014-05-07,2014-05-07,2014-05-08,0.1558520546290278,False
downside_skew_z,CB,1,2014-05-07,2014-05-07,2014-05-08,0.5910008150660503,False
downside_skew_z,ICE,1,2014-05-07,2014-05-07,2014-05-08,1.279580217084334,False
downside_skew_z,MCO,1,2014-05-07,2014-05-07,2014-05-08,-0.14409114390093,False
downside_skew_z,NXPI,1,2014-05-07,2014-05-07,2014-05-08,0.5079019437591961,False
downside_skew_z,WDAY,1,2014-05-07,2014-05-07,2014-05-08,0.1035917262158591,False
downside_skew_z,WDC,1,2014-05-07,2014-05-07,2014-05-08,-0.207328918847772,False
downside_skew_z,BRK/B,1,2014-05-07,2014-05-07,2014-05-08,0.202929580682582,False
downside_skew_z,ADSK,1,2014-05-07,2014-05-07,2014-05-08,-0.08060016145930214,False
downside_skew_z,FTNT,1,2014-05-07,2014-05-07,2014-05-08,1.200985687820607,False
downside_skew_z,TT,1,2014-05-07,2014-05-07,2014-05-08,1.534788052375325,False
downside_skew_z,KO,1,2014-05-07,2014-05-07,2014-05-08,-0.3095287576737047,False
downside_skew_z,ULVR,1,2014-05-07,2014-05-07,2014-05-08,-0.4067747516095884,False
downside_skew_z,SHW,1,2014-05-07,2014-05-07,2014-05-08,-0.58225794592873,False
downside_skew_z,TTE,1,2014-05-07,2014-05-07,2014-05-08,-0.5544190036034234,False
downside_skew_z,SO,1,2014-05-07,2014-05-07,2014-05-08,0.1302991258994495,False
downside_skew_z,CVX,1,2014-05-07,2014-05-07,2014-05-08,0.1774586798010088,False
downside_skew_z,OR,1,2014-05-07,2014-05-07,2014-05-08,0.4389747765172833,False
downside_skew_z,PEP,1,2014-05-07,2014-05-07,2014-05-08,-0.3289658726763288,False
downside_skew_z,NEM,1,2014-05-07,2014-05-07,2014-05-08,-0.2372290889942367,False
downside_skew_z,BNY,1,2014-05-07,2014-05-07,2014-05-08,1.553907091657806,False
downside_skew_z,IBKR,1,2014-05-07,2014-05-07,2014-05-08,0.5933904760696698,False
downside_skew_z,APO,1,2014-05-07,2014-05-07,2014-05-08,0.7107358491282791,False
downside_skew_z,MSCI,1,2014-05-07,2014-05-07,2014-05-08,1.524678876637042,False
downside_skew_z,MRSH,1,2014-05-07,2014-05-07,2014-05-08,2.959390882827688,False
downside_skew_z,ASM,1,2014-05-07,2014-05-07,2014-05-08,1.184739986535841,False
downside_skew_z,ON,1,2014-05-07,2014-05-07,2014-05-08,0.003474699743252876,False
downside_skew_z,VRSN,1,2014-05-07,2014-05-07,2014-05-08,-0.1261771522640956,False
downside_skew_z,MDLZ,1,2014-05-07,2014-05-07,2014-05-08,0.3263459050294026,False
downside_skew_z,GILD,1,2014-05-07,2014-05-07,2014-05-08,0.2222465036573962,False
downside_skew_z,MDT,1,2014-05-07,2014-05-07,2014-05-08,0.1940677538188205,False
downside_skew_z,PFE,1,2014-05-07,2014-05-07,2014-05-08,-1.115648783570069,False
downside_skew_z,PH,1,2014-05-07,2014-05-07,2014-05-08,-0.06168095728408185,False
downside_skew_z,WM,1,2014-05-07,2014-05-07,2014-05-08,0.7066309242209662,False
downside_skew_z,REL,1,2014-05-07,2014-05-07,2014-05-08,0.1724632729110734,False
downside_skew_z,ADP,1,2014-05-07,2014-05-07,2014-05-08,0.6252464922492665,False
downside_skew_z,CMG,1,2014-05-07,2014-05-07,2014-05-08,-0.9599113605289611,False
downside_skew_z,RMS,1,2014-05-07,2014-05-07,2014-05-08,-0.0947123893956699,False
downside_skew_z,ZTS,1,2014-05-07,2014-05-07,2014-05-08,2.896048437840618,False
downside_skew_z,HCA,1,2014-05-07,2014-05-07,2014-05-08,-0.514081943709906,False
downside_skew_z,GRMN,1,2014-05-07,2014-05-07,2014-05-08,0.6242149139177798,False
downside_skew_z,LYV,1,2014-05-07,2014-05-07,2014-05-08,0.6214203218100635,False
downside_skew_z,GM,1,2014-05-07,2014-05-07,2014-05-08,0.112416160308306,False
downside_skew_z,MAR,1,2014-05-07,2014-05-07,2014-05-08,0.8043750961708946,False
downside_skew_z,CL,1,2014-05-07,2014-05-07,2014-05-08,0.1051878545201854,False
downside_skew_z,MO,1,2014-05-07,2014-05-07,2014-05-08,-0.6807315078328046,False
downside_skew_z,MNST,1,2014-05-07,2014-05-07,2014-05-08,-1.613061044259865,False
downside_skew_z,COP,1,2014-05-07,2014-05-07,2014-05-08,-0.6777168252470911,False
downside_skew_z,APD,1,2014-05-07,2014-05-07,2014-05-08,0.7607971287690782,False
downside_skew_z,SLB,1,2014-05-07,2014-05-07,2014-05-08,-1.170863102125535,False
downside_skew_z,NRG,1,2014-05-07,2014-05-07,2014-05-08,0.005380950748733933,False
downside_skew_z,WELL,1,2014-05-07,2014-05-07,2014-05-08,-1.180880417513202,False
iv30,285A,4597,2014-01-02,2026-08-03,2026-08-04,131.4957,False
iv30,6146,4262,2014-01-02,2025-09-02,2025-09-03,62.6329,False
iv30,SNDK,4079,2014-01-02,2025-03-03,2025-03-04,51.751,False
iv30,GEV,3749,2014-01-02,2024-04-07,2024-04-08,42.5372,False
iv30,RDDT,3736,2014-01-02,2024-03-25,2024-03-26,174.8609,False
iv30,ARM,3547,2014-01-02,2023-09-18,2023-09-19,54.1955,False
iv30,CEG,2961,2014-01-02,2022-02-09,2022-02-10,39.9261,False
iv30,UMG,2822,2014-01-02,2021-09-23,2021-09-24,33.5584,False
iv30,APP,2667,2014-01-02,2021-04-21,2021-04-22,65.6329,False
iv30,RBLX,2631,2014-01-02,2021-03-16,2021-03-17,129.0707,False
iv30,ABNB,2541,2014-01-02,2020-12-16,2020-12-17,112.8828,False
iv30,DASH,2540,2014-01-02,2020-12-15,2020-12-16,89.7569,False
iv30,PLTR,2470,2014-01-02,2020-10-06,2020-10-07,110.6355,False
iv30,SNOW,2456,2014-01-02,2020-09-22,2020-09-23,79.9095,False
iv30,VRT,2260,2014-01-02,2020-03-10,2020-03-11,143.5082,False
iv30,DDOG,2100,2014-01-02,2019-10-02,2019-10-03,76.3474,False
iv30,NET,2092,2014-01-02,2019-09-24,2019-09-25,91.7501,False
iv30,CRWD,1994,2014-01-02,2019-06-18,2019-06-19,83.279,False
iv30,UBER,1961,2014-01-02,2019-05-16,2019-05-17,56.9785,False
iv30,DELL,1826,2014-01-02,2019-01-01,2019-01-02,38.7719,False
iv30,BE,1698,2014-01-02,2018-08-26,2018-08-27,97.6568,False
iv30,SPOT,1559,2014-01-02,2018-04-09,2018-04-10,59.1783,False
iv30,ZS,1544,2014-01-02,2018-03-25,2018-03-26,81.9244,False
iv30,VST,1233,2014-01-02,2017-05-18,2017-05-19,54.4153,False
iv30,TTD,1201,2014-01-02,2017-04-16,2017-04-17,37.7887,False
iv30,HWM,1036,2014-01-02,2016-11-02,2016-11-03,40.3012,False
iv30,TEAM,718,2014-01-02,2015-12-20,2015-12-21,61.6396,False
iv30,HPE,670,2014-01-02,2015-11-02,2015-11-03,70.3829,False
iv30,RACE,666,2014-01-02,2015-10-29,2015-10-30,53.2936,False
iv30,LITE,581,2014-01-02,2015-08-05,2015-08-06,133.0666,False
iv30,PYPL,565,2014-01-02,2015-07-20,2015-07-21,40.9809,False
iv30,000660,320,2014-01-02,2014-11-17,2014-11-18,37.8497,False
iv30,KEYS,306,2014-01-02,2014-11-03,2014-11-04,47.7821,False
iv30,ANET,211,2014-01-02,2014-07-31,2014-08-01,72.5161,False
iv30,8316,5,2014-01-02,2014-01-06,2014-01-07,24.6788,False
iv30,7011,5,2014-01-02,2014-01-06,2014-01-07,28.1931,False
iv30,9433,5,2014-01-02,2014-01-06,2014-01-07,33.4659,False
iv30,9432,5,2014-01-02,2014-01-06,2014-01-07,22.1875,False
iv30,4063,5,2014-01-02,2014-01-06,2014-01-07,23.5705,False
iv30,8306,5,2014-01-02,2014-01-06,2014-01-07,24.0793,False
iv30,6981,5,2014-01-02,2014-01-06,2014-01-07,27.301,False
iv30,7203,5,2014-01-02,2014-01-06,2014-01-07,20.2385,False
iv30,7974,5,2014-01-02,2014-01-06,2014-01-07,38.0551,False
iv30,6857,5,2014-01-02,2014-01-06,2014-01-07,34.1563,False
iv30,8035,5,2014-01-02,2014-01-06,2014-01-07,37.5025,False
iv30,6758,5,2014-01-02,2014-01-06,2014-01-07,29.2148,False
iv30,ABBN,4,2014-01-02,2014-01-05,2014-01-06,17.2436,False
iv30,ROP,4,2014-01-02,2014-01-05,2014-01-06,16.6748,False
iv30,NOVN,4,2014-01-02,2014-01-05,2014-01-06,14.6693,False
iv30,NESN,4,2014-01-02,2014-01-05,2014-01-06,13.0399,False
iv30,ZURN,4,2014-01-02,2014-01-05,2014-01-06,16.2746,False
iv30,UBSG,4,2014-01-02,2014-01-05,2014-01-06,20.8968,False
iv30,CFR,4,2014-01-02,2014-01-05,2014-01-06,21.4662,False
iv30,MU,1,2014-01-02,2014-01-02,2014-01-03,57.5858,False
iv30,MSFT,1,2014-01-02,2014-01-02,2014-01-03,24.0315,False
iv30,GOOGL,1,2014-01-02,2014-01-02,2014-01-03,21.6905,False
iv30,TSLA,1,2014-01-02,2014-01-02,2014-01-03,63.499,False
iv30,AVGO,1,2014-01-02,2014-01-02,2014-01-03,31.6108,False
iv30,PANW,1,2014-01-02,2014-01-02,2014-01-03,38.6856,False
iv30,AMAT,1,2014-01-02,2014-01-02,2014-01-03,25.3185,False
iv30,LRCX,1,2014-01-02,2014-01-02,2014-01-03,27.3881,False
iv30,MPC,1,2014-01-02,2014-01-02,2014-01-03,32.6798,False
iv30,WFC,1,2014-01-02,2014-01-02,2014-01-03,17.3076,False
iv30,JNJ,1,2014-01-02,2014-01-02,2014-01-03,12.8284,False
iv30,GLW,1,2014-01-02,2014-01-02,2014-01-03,26.9623,False
iv30,TER,1,2014-01-02,2014-01-02,2014-01-03,29.6076,False
iv30,NFLX,1,2014-01-02,2014-01-02,2014-01-03,48.9101,False
iv30,CRM,1,2014-01-02,2014-01-02,2014-01-03,28.5853,False
iv30,AMD,1,2014-01-02,2014-01-02,2014-01-03,53.2514,False
iv30,PLD,1,2014-01-02,2014-01-02,2014-01-03,21.4547,False
iv30,TMUS,1,2014-01-02,2014-01-02,2014-01-03,42.5416,False
iv30,TSM,1,2014-01-02,2014-01-02,2014-01-03,27.3254,False
iv30,BAC,1,2014-01-02,2014-01-02,2014-01-03,23.9862,False
iv30,FN,1,2014-01-02,2014-01-02,2014-01-03,40.0159,False
iv30,TMO,1,2014-01-02,2014-01-02,2014-01-03,23.3092,False
iv30,BX,1,2014-01-02,2014-01-02,2014-01-03,30.6984,False
iv30,PWR,1,2014-01-02,2014-01-02,2014-01-03,25.0849,False
iv30,STX,1,2014-01-02,2014-01-02,2014-01-03,34.7903,False
iv30,CDNS,1,2014-01-02,2014-01-02,2014-01-03,26.9887,False
iv30,MRVL,1,2014-01-02,2014-01-02,2014-01-03,42.778,False
iv30,KLAC,1,2014-01-02,2014-01-02,2014-01-03,24.6538,False
iv30,BSX,1,2014-01-02,2014-01-02,2014-01-03,29.7051,False
iv30,DLR,1,2014-01-02,2014-01-02,2014-01-03,30.5246,False
iv30,BKNG,1,2014-01-02,2014-01-02,2014-01-03,25.4967,False
iv30,PM,1,2014-01-02,2014-01-02,2014-01-03,14.2393,False
iv30,WMB,1,2014-01-02,2014-01-02,2014-01-03,23.9347,False
iv30,CSCO,1,2014-01-02,2014-01-02,2014-01-03,24.7084,False
iv30,INTC,1,2014-01-02,2014-01-02,2014-01-03,22.8767,False
iv30,META,1,2014-01-02,2014-01-02,2014-01-03,51.7308,False
iv30,AAPL,1,2014-01-02,2014-01-02,2014-01-03,29.5924,False
iv30,GS,1,2014-01-02,2014-01-02,2014-01-03,20.4402,False
iv30,COST,1,2014-01-02,2014-01-02,2014-01-03,15.0378,False
iv30,HD,1,2014-01-02,2014-01-02,2014-01-03,15.9004,False
iv30,PG,1,2014-01-02,2014-01-02,2014-01-03,16.6021,False
iv30,MCD,1,2014-01-02,2014-01-02,2014-01-03,12.5366,False
iv30,WMT,1,2014-01-02,2014-01-02,2014-01-03,12.5454,False
iv30,CAT,1,2014-01-02,2014-01-02,2014-01-03,18.8855,False
iv30,HON,1,2014-01-02,2014-01-02,2014-01-03,17.208,False
iv30,DE,1,2014-01-02,2014-01-02,2014-01-03,18.8052,False
iv30,UNP,1,2014-01-02,2014-01-02,2014-01-03,16.8192,False
iv30,LMT,1,2014-01-02,2014-01-02,2014-01-03,18.5766,False
iv30,ETN,1,2014-01-02,2014-01-02,2014-01-03,22.8414,False
iv30,XOM,1,2014-01-02,2014-01-02,2014-01-03,16.2577,False
iv30,LNG,1,2014-01-02,2014-01-02,2014-01-03,43.6174,False
iv30,FCX,1,2014-01-02,2014-01-02,2014-01-03,24.1955,False
iv30,LIN,1,2014-01-02,2014-01-02,2014-01-03,14.6358,False
iv30,NEE,1,2014-01-02,2014-01-02,2014-01-03,16.4363,False
iv30,AMT,1,2014-01-02,2014-01-02,2014-01-03,18.2405,False
iv30,EQIX,1,2014-01-02,2014-01-02,2014-01-03,35.1809,False
iv30,NVDA,1,2014-01-02,2014-01-02,2014-01-03,27.2986,False
iv30,AMZN,1,2014-01-02,2014-01-02,2014-01-03,33.7712,False
iv30,005930,1,2014-01-02,2014-01-02,2014-01-03,21.8357,False
iv30,UNH,1,2014-01-02,2014-01-02,2014-01-03,24.5477,False
iv30,LLY,1,2014-01-02,2014-01-02,2014-01-03,16.3117,False
iv30,ISRG,1,2014-01-02,2014-01-02,2014-01-03,30.0275,False
iv30,ABBV,1,2014-01-02,2014-01-02,2014-01-03,23.0921,False
iv30,REGN,1,2014-01-02,2014-01-02,2014-01-03,43.2622,False
iv30,JPM,1,2014-01-02,2014-01-02,2014-01-03,20.6613,False
iv30,V,1,2014-01-02,2014-01-02,2014-01-03,22.7006,False
iv30,MA,1,2014-01-02,2014-01-02,2014-01-03,24.1961,False
iv30,BLK,1,2014-01-02,2014-01-02,2014-01-03,22.666,False
iv30,SPGI,1,2014-01-02,2014-01-02,2014-01-03,23.395,False
iv30,CS,1,2014-01-02,2014-01-02,2014-01-03,26.1327,False
iv30,LSEG,1,2014-01-02,2014-01-02,2014-01-03,23.2987,False
iv30,C,1,2014-01-02,2014-01-02,2014-01-03,23.5222,False
iv30,BN,1,2014-01-02,2014-01-02,2014-01-03,20.7795,False
iv30,CME,1,2014-01-02,2014-01-02,2014-01-03,23.6584,False
iv30,KKR,1,2014-01-02,2014-01-02,2014-01-03,25.0132,False
iv30,AON,1,2014-01-02,2014-01-02,2014-01-03,22.3925,False
iv30,PGR,1,2014-01-02,2014-01-02,2014-01-03,17.4977,False
iv30,IFX,1,2014-01-02,2014-01-02,2014-01-03,21.5793,False
iv30,AXP,1,2014-01-02,2014-01-02,2014-01-03,18.7525,False
iv30,SCHW,1,2014-01-02,2014-01-02,2014-01-03,26.8836,False
iv30,MS,1,2014-01-02,2014-01-02,2014-01-03,27.1319,False
iv30,ADI,1,2014-01-02,2014-01-02,2014-01-03,20.4596,False
iv30,NOW,1,2014-01-02,2014-01-02,2014-01-03,40.3395,False
iv30,ACN,1,2014-01-02,2014-01-02,2014-01-03,16.175,False
iv30,IBM,1,2014-01-02,2014-01-02,2014-01-03,18.9382,False
iv30,HSBA,1,2014-01-02,2014-01-02,2014-01-03,16.3624,False
iv30,SHEL,1,2014-01-02,2014-01-02,2014-01-03,14.5009,False
iv30,AZN,1,2014-01-02,2014-01-02,2014-01-03,14.159,False
iv30,ADBE,1,2014-01-02,2014-01-02,2014-01-03,21.1112,False
iv30,TXN,1,2014-01-02,2014-01-02,2014-01-03,19.8505,False
iv30,QCOM,1,2014-01-02,2014-01-02,2014-01-03,19.474,False
iv30,RIO,1,2014-01-02,2014-01-02,2014-01-03,25.3219,False
iv30,NOVOB,1,2014-01-02,2014-01-02,2014-01-03,23.1782,False
iv30,SAP,1,2014-01-02,2014-01-02,2014-01-03,19.755,False
iv30,RR/,1,2014-01-02,2014-01-02,2014-01-03,23.466,False
iv30,MC,1,2014-01-02,2014-01-02,2014-01-03,20.6801,False
iv30,ASML,1,2014-01-02,2014-01-02,2014-01-03,25.2882,False
iv30,SU,1,2014-01-02,2014-01-02,2014-01-03,26.3338,False
iv30,SIE,1,2014-01-02,2014-01-02,2014-01-03,18.9323,False
iv30,RHM,1,2014-01-02,2014-01-02,2014-01-03,23.1651,False
iv30,ALV,1,2014-01-02,2014-01-02,2014-01-03,20.8591,False
iv30,MPWR,1,2014-01-02,2014-01-02,2014-01-03,38.8142,False
iv30,ORCL,1,2014-01-02,2014-01-02,2014-01-03,17.5881,False
iv30,SNPS,1,2014-01-02,2014-01-02,2014-01-03,18.5413,False
iv30,INTU,1,2014-01-02,2014-01-02,2014-01-03,18.089,False
iv30,MSI,1,2014-01-02,2014-01-02,2014-01-03,21.02,False
iv30,APH,1,2014-01-02,2014-01-02,2014-01-03,19.587,False
iv30,ECL,1,2014-01-02,2014-01-02,2014-01-03,15.5167,False
iv30,ULVR,1,2014-01-02,2014-01-02,2014-01-03,16.3307,False
iv30,FTNT,1,2014-01-02,2014-01-02,2014-01-03,52.6267,False
iv30,WDC,1,2014-01-02,2014-01-02,2014-01-03,33.6283,False
iv30,WDAY,1,2014-01-02,2014-01-02,2014-01-03,31.3034,False
iv30,DSY,1,2014-01-02,2014-01-02,2014-01-03,18.2785,False
iv30,IBE,1,2014-01-02,2014-01-02,2014-01-03,20.5879,False
iv30,AI,1,2014-01-02,2014-01-02,2014-01-03,17.0601,False
iv30,CMCSA,1,2014-01-02,2014-01-02,2014-01-03,24.8681,False
iv30,VZ,1,2014-01-02,2014-01-02,2014-01-03,16.388,False
iv30,ITX,1,2014-01-02,2014-01-02,2014-01-03,21.4075,False
iv30,ABT,1,2014-01-02,2014-01-02,2014-01-03,17.7312,False
iv30,VRTX,1,2014-01-02,2014-01-02,2014-01-03,42.3921,False
iv30,DHR,1,2014-01-02,2014-01-02,2014-01-03,17.9673,False
iv30,SAN,1,2014-01-02,2014-01-02,2014-01-03,22.0037,False
iv30,GE,1,2014-01-02,2014-01-02,2014-01-03,18.5434,False
iv30,TT,1,2014-01-02,2014-01-02,2014-01-03,22.1675,False
iv30,KO,1,2014-01-02,2014-01-02,2014-01-03,15.051,False
iv30,PUB,1,2014-01-02,2014-01-02,2014-01-03,23.9762,False
iv30,TTWO,1,2014-01-02,2014-01-02,2014-01-03,40.1779,False
iv30,T,1,2014-01-02,2014-01-02,2014-01-03,14.1361,False
iv30,DTE,1,2014-01-02,2014-01-02,2014-01-03,22.4213,False
iv30,TJX,1,2014-01-02,2014-01-02,2014-01-03,18.5745,False
iv30,LOW,1,2014-01-02,2014-01-02,2014-01-03,20.6334,False
iv30,SBUX,1,2014-01-02,2014-01-02,2014-01-03,23.3354,False
iv30,DIS,1,2014-01-02,2014-01-02,2014-01-03,20.7719,False
iv30,ORLY,1,2014-01-02,2014-01-02,2014-01-03,22.2826,False
iv30,NKE,1,2014-01-02,2014-01-02,2014-01-03,17.1551,False
iv30,MCK,1,2014-01-02,2014-01-02,2014-01-03,23.9056,False
iv30,SYK,1,2014-01-02,2014-01-02,2014-01-03,17.8654,False
iv30,MRK,1,2014-01-02,2014-01-02,2014-01-03,17.9355,False
iv30,AMGN,1,2014-01-02,2014-01-02,2014-01-03,21.9087,False
iv30,SAF,1,2014-01-02,2014-01-02,2014-01-03,23.8573,False
iv30,AIR,1,2014-01-02,2014-01-02,2014-01-03,26.9598,False
iv30,BNP,1,2014-01-02,2014-01-02,2014-01-03,28.3772,False
iv30,AXON,1,2014-01-02,2014-01-02,2014-01-03,53.547,False
iv30,EMR,1,2014-01-02,2014-01-02,2014-01-03,16.8324,False
iv30,RTX,1,2014-01-02,2014-01-02,2014-01-03,16.2895,False
iv30,COF,1,2014-01-02,2014-01-02,2014-01-03,22.232,False
iv30,MUV2,1,2014-01-02,2014-01-02,2014-01-03,19.5773,False
iv30,ICE,1,2014-01-02,2014-01-02,2014-01-03,20.1173,False
iv30,MCO,1,2014-01-02,2014-01-02,2014-01-03,25.8685,False
iv30,NXPI,1,2014-01-02,2014-01-02,2014-01-03,34.7118,False
iv30,ADSK,1,2014-01-02,2014-01-02,2014-01-03,27.4989,False
iv30,CB,1,2014-01-02,2014-01-02,2014-01-03,16.2002,False
iv30,BRK/B,1,2014-01-02,2014-01-02,2014-01-03,13.3494,False
iv30,SHW,1,2014-01-02,2014-01-02,2014-01-03,24.3475,False
iv30,COHR,1,2014-01-02,2014-01-02,2014-01-03,43.5101,False
iv30,FICO,1,2014-01-02,2014-01-02,2014-01-03,21.9946,False
iv30,ON,1,2014-01-02,2014-01-02,2014-01-03,41.0946,False
iv30,VRSN,1,2014-01-02,2014-01-02,2014-01-03,26.5433,False
iv30,SO,1,2014-01-02,2014-01-02,2014-01-03,14.4974,False
iv30,TTE,1,2014-01-02,2014-01-02,2014-01-03,17.1268,False
iv30,NEM,1,2014-01-02,2014-01-02,2014-01-03,35.7733,False
iv30,CVX,1,2014-01-02,2014-01-02,2014-01-03,14.5681,False
iv30,MDLZ,1,2014-01-02,2014-01-02,2014-01-03,20.1691,False
iv30,OR,1,2014-01-02,2014-01-02,2014-01-03,21.7445,False
iv30,PEP,1,2014-01-02,2014-01-02,2014-01-03,14.0487,False
iv30,UCG,1,2014-01-02,2014-01-02,2014-01-03,31.165,False
iv30,IBKR,1,2014-01-02,2014-01-02,2014-01-03,26.3811,False
iv30,BNY,1,2014-01-02,2014-01-02,2014-01-03,20.7285,False
iv30,MSCI,1,2014-01-02,2014-01-02,2014-01-03,22.6841,False
iv30,MRSH,1,2014-01-02,2014-01-02,2014-01-03,16.3134,False
iv30,APO,1,2014-01-02,2014-01-02,2014-01-03,30.1069,False
iv30,ASM,1,2014-01-02,2014-01-02,2014-01-03,20.2912,False
iv30,WM,1,2014-01-02,2014-01-02,2014-01-03,14.7147,False
iv30,PH,1,2014-01-02,2014-01-02,2014-01-03,20.5219,False
iv30,GILD,1,2014-01-02,2014-01-02,2014-01-03,31.0585,False
iv30,MDT,1,2014-01-02,2014-01-02,2014-01-03,16.0252,False
iv30,PFE,1,2014-01-02,2014-01-02,2014-01-03,15.305,False
iv30,HCA,1,2014-01-02,2014-01-02,2014-01-03,28.0448,False
iv30,ZTS,1,2014-01-02,2014-01-02,2014-01-03,20.4551,False
iv30,REL,1,2014-01-02,2014-01-02,2014-01-03,17.1514,False
iv30,ADP,1,2014-01-02,2014-01-02,2014-01-03,14.9714,False
iv30,CMG,1,2014-01-02,2014-01-02,2014-01-03,31.3205,False
iv30,RMS,1,2014-01-02,2014-01-02,2014-01-03,17.449,False
iv30,GM,1,2014-01-02,2014-01-02,2014-01-03,30.7713,False
iv30,MAR,1,2014-01-02,2014-01-02,2014-01-03,19.9045,False
iv30,LYV,1,2014-01-02,2014-01-02,2014-01-03,25.233,False
iv30,TKO,1,2014-01-02,2014-01-02,2014-01-03,36.284,False
iv30,MO,1,2014-01-02,2014-01-02,2014-01-03,13.8893,False
iv30,GRMN,1,2014-01-02,2014-01-02,2014-01-03,27.6151,False
iv30,CL,1,2014-01-02,2014-01-02,2014-01-03,15.4415,False
iv30,MNST,1,2014-01-02,2014-01-02,2014-01-03,30.6724,False
iv30,SLB,1,2014-01-02,2014-01-02,2014-01-03,23.2855,False
iv30,COP,1,2014-01-02,2014-01-02,2014-01-03,16.8495,False
iv30,APD,1,2014-01-02,2014-01-02,2014-01-03,22.3542,False
iv30,NRG,1,2014-01-02,2014-01-02,2014-01-03,26.3686,False
iv30,ENEL,1,2014-01-02,2014-01-02,2014-01-03,26.7874,False
iv30,WELL,1,2014-01-02,2014-01-02,2014-01-03,20.0699,False
iv30_z,7011,1528,2014-05-07,2022-03-10,2014-05-12,0.720583702378966,False
iv30_z,PLTR,125,2020-10-07,2021-02-08,2021-02-09,-15.81151378755267,False
iv30_z,LITE,125,2015-08-06,2015-12-08,2015-12-09,-15.81151378755378,False
iv30_z,BE,125,2018-08-27,2018-12-29,2018-12-30,-15.81151378755267,False
iv30_z,VRT,125,2020-03-11,2020-07-13,2020-07-14,-15.81151378755267,False
iv30_z,000660,125,2014-11-18,2015-03-22,2015-03-23,-15.81151378755266,False
iv30_z,RACE,125,2015-10-30,2016-03-02,2016-03-03,-15.81151378755267,False
iv30_z,ARM,125,2023-09-19,2024-01-21,2024-01-22,-15.81151378755267,False
iv30_z,ANET,125,2014-08-01,2014-12-03,2014-12-04,-14.49153949658662,False
iv30_z,GEV,125,2024-04-08,2024-08-10,2024-08-11,-15.81151378755263,False
iv30_z,DELL,125,2019-01-02,2019-05-06,2019-05-07,-15.81151378755266,False
iv30_z,VST,125,2017-05-19,2017-09-20,2017-09-21,15.81151378755267,False
iv30_z,CEG,125,2022-02-10,2022-06-14,2022-06-15,15.81151378755267,False
iv30_z,SPOT,125,2018-04-10,2018-08-12,2018-08-13,15.81151378755257,False
iv30_z,SNOW,125,2020-09-23,2021-01-25,2021-01-26,15.81151378755269,False
iv30_z,TEAM,125,2015-12-21,2016-04-23,2016-04-24,-15.81151378755267,False
iv30_z,ZS,125,2018-03-26,2018-07-28,2018-07-29,-15.81151378755265,False
iv30_z,APP,125,2021-04-22,2021-08-24,2021-08-25,-15.81151378755268,False
iv30_z,PYPL,125,2015-07-21,2015-11-22,2015-11-23,-15.81151378755268,False
iv30_z,KEYS,125,2014-11-04,2015-03-08,2015-03-09,15.81151378755267,False
iv30_z,DDOG,125,2019-10-03,2020-02-04,2020-02-05,15.81151378755268,False
iv30_z,6146,125,2025-09-03,2026-01-05,2026-01-06,-15.81151378755267,False
iv30_z,UMG,125,2021-09-24,2022-01-26,2022-01-27,-15.81151378755266,False
iv30_z,UBER,125,2019-05-17,2019-09-18,2019-09-19,-15.81151378755266,False
iv30_z,ABNB,125,2020-12-17,2021-04-20,2021-04-21,-15.81151378755268,False
iv30_z,SNDK,125,2025-03-04,2025-07-06,2025-07-07,15.81151378755267,False
iv30_z,CRWD,125,2019-06-19,2019-10-21,2019-10-22,15.81151378755268,False
iv30_z,DASH,125,2020-12-16,2021-04-19,2021-04-20,-15.81151378755268,False
iv30_z,RBLX,125,2021-03-17,2021-07-19,2021-07-20,-15.81151378755268,False
iv30_z,TTD,125,2017-04-17,2017-08-19,2017-08-20,-15.81151378755267,False
iv30_z,HPE,125,2015-11-03,2016-03-06,2016-03-07,-15.81151378755267,False
iv30_z,RDDT,125,2024-03-26,2024-07-28,2024-07-29,-15.81151378755267,False
iv30_z,HWM,125,2016-11-03,2017-03-07,2017-03-08,15.8115137875527,False
iv30_z,NET,125,2019-09-25,2020-01-27,2020-01-28,15.81151378755268,False
iv30_z,285A,59,2026-08-04,2026-10-01,,-15.81151378755268,True
iv30_z,9432,5,2014-05-07,2014-05-11,2014-05-12,-0.414035669155568,False
iv30_z,9433,5,2014-05-07,2014-05-11,2014-05-12,-1.771868070258801,False
iv30_z,4063,5,2014-05-07,2014-05-11,2014-05-12,-1.719629094467156,False
iv30_z,8316,5,2014-05-07,2014-05-11,2014-05-12,-0.5828733171152766,False
iv30_z,8306,5,2014-05-07,2014-05-11,2014-05-12,0.1482579934448275,False
iv30_z,6981,5,2014-05-07,2014-05-11,2014-05-12,0.8810125687983914,False
iv30_z,7203,5,2014-05-07,2014-05-11,2014-05-12,-0.9865808198632957,False
iv30_z,7974,5,2014-05-07,2014-05-11,2014-05-12,-0.732661909301694,False
iv30_z,6857,5,2014-05-07,2014-05-11,2014-05-12,-2.247136002183485,False
iv30_z,8035,5,2014-05-07,2014-05-11,2014-05-12,1.065016402959613,False
iv30_z,6758,5,2014-05-07,2014-05-11,2014-05-12,-0.6718722442113527,False
iv30_z,ABBN,4,2014-05-07,2014-05-10,2014-05-11,-1.239798643854713,False
iv30_z,ROP,4,2014-05-07,2014-05-10,2014-05-11,0.3619894180408292,False
iv30_z,NOVN,4,2014-05-07,2014-05-10,2014-05-11,-1.025581102350059,False
iv30_z,NESN,4,2014-05-07,2014-05-10,2014-05-11,-0.5418281924668894,False
iv30_z,ZURN,4,2014-05-07,2014-05-10,2014-05-11,-0.6645198013896119,False
iv30_z,UBSG,4,2014-05-07,2014-05-10,2014-05-11,-0.6884543555600185,False
iv30_z,CFR,4,2014-05-07,2014-05-10,2014-05-11,0.4952751465287667,False
iv30_z,MU,1,2014-05-07,2014-05-07,2014-05-08,-1.000746153608381,False
iv30_z,MSFT,1,2014-05-07,2014-05-07,2014-05-08,-1.110595125282373,False
iv30_z,GOOGL,1,2014-05-07,2014-05-07,2014-05-08,-0.6596263000163232,False
iv30_z,TSLA,1,2014-05-07,2014-05-07,2014-05-08,0.5745321507513034,False
iv30_z,AVGO,1,2014-05-07,2014-05-07,2014-05-08,1.681803619859732,False
iv30_z,PANW,1,2014-05-07,2014-05-07,2014-05-08,1.46435225569899,False
iv30_z,AMAT,1,2014-05-07,2014-05-07,2014-05-08,1.244016295042188,False
iv30_z,LRCX,1,2014-05-07,2014-05-07,2014-05-08,-0.5271275797669804,False
iv30_z,MPC,1,2014-05-07,2014-05-07,2014-05-08,-2.628204552462595,False
iv30_z,WFC,1,2014-05-07,2014-05-07,2014-05-08,-1.296246878619526,False
iv30_z,JNJ,1,2014-05-07,2014-05-07,2014-05-08,-1.116659766734837,False
iv30_z,GLW,1,2014-05-07,2014-05-07,2014-05-08,-1.271902244461485,False
iv30_z,TER,1,2014-05-07,2014-05-07,2014-05-08,-0.3436651228287709,False
iv30_z,NFLX,1,2014-05-07,2014-05-07,2014-05-08,0.09012174903218957,False
iv30_z,CRM,1,2014-05-07,2014-05-07,2014-05-08,2.08468604983631,False
iv30_z,AMD,1,2014-05-07,2014-05-07,2014-05-08,-1.319254094128803,False
iv30_z,PLD,1,2014-05-07,2014-05-07,2014-05-08,-1.675812403872153,False
iv30_z,TMUS,1,2014-05-07,2014-05-07,2014-05-08,-0.958555821623776,False
iv30_z,TSM,1,2014-05-07,2014-05-07,2014-05-08,-1.440342969171528,False
iv30_z,BAC,1,2014-05-07,2014-05-07,2014-05-08,-1.071891235967061,False
iv30_z,FN,1,2014-05-07,2014-05-07,2014-05-08,0.0271420168812452,False
iv30_z,TMO,1,2014-05-07,2014-05-07,2014-05-08,0.2360833107905911,False
iv30_z,BX,1,2014-05-07,2014-05-07,2014-05-08,0.1791915448088307,False
iv30_z,PWR,1,2014-05-07,2014-05-07,2014-05-08,-1.174579883768403,False
iv30_z,STX,1,2014-05-07,2014-05-07,2014-05-08,-1.151672853070505,False
iv30_z,CDNS,1,2014-05-07,2014-05-07,2014-05-08,-0.9184138132896813,False
iv30_z,MRVL,1,2014-05-07,2014-05-07,2014-05-08,-0.07325205813082165,False
iv30_z,KLAC,1,2014-05-07,2014-05-07,2014-05-08,-0.7038699937254456,False
iv30_z,BSX,1,2014-05-07,2014-05-07,2014-05-08,-0.1093689143128411,False
iv30_z,DLR,1,2014-05-07,2014-05-07,2014-05-08,-2.15447474735695,False
iv30_z,BKNG,1,2014-05-07,2014-05-07,2014-05-08,1.099315414624989,False
iv30_z,PM,1,2014-05-07,2014-05-07,2014-05-08,-1.363260029014235,False
iv30_z,WMB,1,2014-05-07,2014-05-07,2014-05-08,-1.750060381709918,False
iv30_z,CSCO,1,2014-05-07,2014-05-07,2014-05-08,0.4009386204461466,False
iv30_z,INTC,1,2014-05-07,2014-05-07,2014-05-08,-1.782727783348252,False
iv30_z,META,1,2014-05-07,2014-05-07,2014-05-08,-0.4630352300169509,False
iv30_z,AAPL,1,2014-05-07,2014-05-07,2014-05-08,-1.166577476331781,False
iv30_z,GS,1,2014-05-07,2014-05-07,2014-05-08,-1.261930052347039,False
iv30_z,COST,1,2014-05-07,2014-05-07,2014-05-08,0.1700106921111487,False
iv30_z,HD,1,2014-05-07,2014-05-07,2014-05-08,2.528993039801632,False
iv30_z,PG,1,2014-05-07,2014-05-07,2014-05-08,-2.084539292851821,False
iv30_z,MCD,1,2014-05-07,2014-05-07,2014-05-08,1.480326524175761,False
iv30_z,WMT,1,2014-05-07,2014-05-07,2014-05-08,0.8340373148506711,False
iv30_z,CAT,1,2014-05-07,2014-05-07,2014-05-08,-1.33577530488191,False
iv30_z,HON,1,2014-05-07,2014-05-07,2014-05-08,-1.591891832177581,False
iv30_z,DE,1,2014-05-07,2014-05-07,2014-05-08,-0.3883210114891867,False
iv30_z,UNP,1,2014-05-07,2014-05-07,2014-05-08,-2.205318381708468,False
iv30_z,LMT,1,2014-05-07,2014-05-07,2014-05-08,-1.350072400403719,False
iv30_z,ETN,1,2014-05-07,2014-05-07,2014-05-08,-1.034298842416052,False
iv30_z,XOM,1,2014-05-07,2014-05-07,2014-05-08,-2.318468409718982,False
iv30_z,LNG,1,2014-05-07,2014-05-07,2014-05-08,-1.461895305466709,False
iv30_z,FCX,1,2014-05-07,2014-05-07,2014-05-08,-1.359789619886781,False
iv30_z,LIN,1,2014-05-07,2014-05-07,2014-05-08,-0.5294725501247304,False
iv30_z,NEE,1,2014-05-07,2014-05-07,2014-05-08,-0.2626119414257749,False
iv30_z,AMT,1,2014-05-07,2014-05-07,2014-05-08,-1.45697380209343,False
iv30_z,EQIX,1,2014-05-07,2014-05-07,2014-05-08,-0.6286388319605344,False
iv30_z,NVDA,1,2014-05-07,2014-05-07,2014-05-08,-0.1976318056172607,False
iv30_z,AMZN,1,2014-05-07,2014-05-07,2014-05-08,-0.2189791653603156,False
iv30_z,005930,1,2014-05-07,2014-05-07,2014-05-08,-0.00898376030360505,False
iv30_z,UNH,1,2014-05-07,2014-05-07,2014-05-08,-2.560764474596676,False
iv30_z,LLY,1,2014-05-07,2014-05-07,2014-05-08,1.64799311133116,False
iv30_z,ISRG,1,2014-05-07,2014-05-07,2014-05-08,-0.159245556596297,False
iv30_z,ABBV,1,2014-05-07,2014-05-07,2014-05-08,-0.8229041604011931,False
iv30_z,REGN,1,2014-05-07,2014-05-07,2014-05-08,-0.1171004089876288,False
iv30_z,JPM,1,2014-05-07,2014-05-07,2014-05-08,-0.780615062716508,False
iv30_z,V,1,2014-05-07,2014-05-07,2014-05-08,-1.775524068153223,False
iv30_z,MA,1,2014-05-07,2014-05-07,2014-05-08,-1.33099891973542,False
iv30_z,BLK,1,2014-05-07,2014-05-07,2014-05-08,-1.095452457532194,False
iv30_z,SPGI,1,2014-05-07,2014-05-07,2014-05-08,-1.452457141247766,False
iv30_z,CS,1,2014-05-07,2014-05-07,2014-05-08,-0.4611317746541443,False
iv30_z,LSEG,1,2014-05-07,2014-05-07,2014-05-08,-0.1975665526641553,False
iv30_z,C,1,2014-05-07,2014-05-07,2014-05-08,-1.610233638598412,False
iv30_z,BN,1,2014-05-07,2014-05-07,2014-05-08,-0.0757866632078801,False
iv30_z,CME,1,2014-05-07,2014-05-07,2014-05-08,-1.402628254991732,False
iv30_z,KKR,1,2014-05-07,2014-05-07,2014-05-08,0.9968231395064941,False
iv30_z,AON,1,2014-05-07,2014-05-07,2014-05-08,-1.755398661609793,False
iv30_z,PGR,1,2014-05-07,2014-05-07,2014-05-08,-1.150046248947844,False
iv30_z,IFX,1,2014-05-07,2014-05-07,2014-05-08,1.118227687324176,False
iv30_z,AXP,1,2014-05-07,2014-05-07,2014-05-08,-1.593885809249265,False
iv30_z,SCHW,1,2014-05-07,2014-05-07,2014-05-08,-0.1991424851378792,False
iv30_z,MS,1,2014-05-07,2014-05-07,2014-05-08,-0.7552760740106556,False
iv30_z,ADI,1,2014-05-07,2014-05-07,2014-05-08,1.461164937417795,False
iv30_z,NOW,1,2014-05-07,2014-05-07,2014-05-08,0.4617742662843945,False
iv30_z,ACN,1,2014-05-07,2014-05-07,2014-05-08,-0.5970337969536126,False
iv30_z,IBM,1,2014-05-07,2014-05-07,2014-05-08,-0.5498190771866854,False
iv30_z,HSBA,1,2014-05-07,2014-05-07,2014-05-08,-0.3528355684931461,False
iv30_z,SHEL,1,2014-05-07,2014-05-07,2014-05-08,-1.375955542822453,False
iv30_z,AZN,1,2014-05-07,2014-05-07,2014-05-08,2.734075650392203,False
iv30_z,ADBE,1,2014-05-07,2014-05-07,2014-05-08,0.880556657451663,False
iv30_z,TXN,1,2014-05-07,2014-05-07,2014-05-08,-0.5777559593656941,False
iv30_z,QCOM,1,2014-05-07,2014-05-07,2014-05-08,-1.005599160726161,False
iv30_z,RIO,1,2014-05-07,2014-05-07,2014-05-08,-1.430411971141901,False
iv30_z,NOVOB,1,2014-05-07,2014-05-07,2014-05-08,-1.363360303335206,False
iv30_z,SAP,1,2014-05-07,2014-05-07,2014-05-08,-2.645892637546528,False
iv30_z,RR/,1,2014-05-07,2014-05-07,2014-05-08,-0.4349093532578132,False
iv30_z,MC,1,2014-05-07,2014-05-07,2014-05-08,-0.7438641834593211,False
iv30_z,ASML,1,2014-05-07,2014-05-07,2014-05-08,-1.173607314086931,False
iv30_z,SU,1,2014-05-07,2014-05-07,2014-05-08,-0.895671991771457,False
iv30_z,SIE,1,2014-05-07,2014-05-07,2014-05-08,-0.3489986660066881,False
iv30_z,RHM,1,2014-05-07,2014-05-07,2014-05-08,0.4610669894818035,False
iv30_z,ALV,1,2014-05-07,2014-05-07,2014-05-08,2.769115131634021,False
iv30_z,MPWR,1,2014-05-07,2014-05-07,2014-05-08,-0.8641048838319562,False
iv30_z,ORCL,1,2014-05-07,2014-05-07,2014-05-08,-0.8053386056236401,False
iv30_z,SNPS,1,2014-05-07,2014-05-07,2014-05-08,1.127361569862009,False
iv30_z,INTU,1,2014-05-07,2014-05-07,2014-05-08,0.1219963576677627,False
iv30_z,MSI,1,2014-05-07,2014-05-07,2014-05-08,-0.3301847453210186,False
iv30_z,APH,1,2014-05-07,2014-05-07,2014-05-08,-1.119102649005666,False
iv30_z,ECL,1,2014-05-07,2014-05-07,2014-05-08,-1.095392061000714,False
iv30_z,ULVR,1,2014-05-07,2014-05-07,2014-05-08,-0.945751074804731,False
iv30_z,FTNT,1,2014-05-07,2014-05-07,2014-05-08,-0.807171901503332,False
iv30_z,WDC,1,2014-05-07,2014-05-07,2014-05-08,-1.469625432355494,False
iv30_z,WDAY,1,2014-05-07,2014-05-07,2014-05-08,2.135757744969141,False
iv30_z,DSY,1,2014-05-07,2014-05-07,2014-05-08,-0.90729852383204,False
iv30_z,IBE,1,2014-05-07,2014-05-07,2014-05-08,0.6304629676191175,False
iv30_z,AI,1,2014-05-07,2014-05-07,2014-05-08,-0.8414373361103854,False
iv30_z,CMCSA,1,2014-05-07,2014-05-07,2014-05-08,-2.250046165865066,False
iv30_z,VZ,1,2014-05-07,2014-05-07,2014-05-08,-1.810435353008167,False
iv30_z,ITX,1,2014-05-07,2014-05-07,2014-05-08,-0.1410506039244779,False
iv30_z,ABT,1,2014-05-07,2014-05-07,2014-05-08,-1.586592008986682,False
iv30_z,VRTX,1,2014-05-07,2014-05-07,2014-05-08,2.272916999930283,False
iv30_z,DHR,1,2014-05-07,2014-05-07,2014-05-08,-0.7523962366228276,False
iv30_z,SAN,1,2014-05-07,2014-05-07,2014-05-08,-1.168104391462487,False
iv30_z,GE,1,2014-05-07,2014-05-07,2014-05-08,-1.629493276397102,False
iv30_z,TT,1,2014-05-07,2014-05-07,2014-05-08,-0.6436752473077786,False
iv30_z,KO,1,2014-05-07,2014-05-07,2014-05-08,-1.027667075118904,False
iv30_z,PUB,1,2014-05-07,2014-05-07,2014-05-08,-1.104297612289718,False
iv30_z,TTWO,1,2014-05-07,2014-05-07,2014-05-08,0.7069191762108386,False
iv30_z,T,1,2014-05-07,2014-05-07,2014-05-08,-1.538954854248536,False
iv30_z,DTE,1,2014-05-07,2014-05-07,2014-05-08,1.247853853695952,False
iv30_z,TJX,1,2014-05-07,2014-05-07,2014-05-08,-0.2367153492210503,False
iv30_z,LOW,1,2014-05-07,2014-05-07,2014-05-08,0.6508172588931452,False
iv30_z,SBUX,1,2014-05-07,2014-05-07,2014-05-08,-0.9445984175639776,False
iv30_z,DIS,1,2014-05-07,2014-05-07,2014-05-08,-1.702440673925342,False
iv30_z,ORLY,1,2014-05-07,2014-05-07,2014-05-08,-0.9339108023973334,False
iv30_z,NKE,1,2014-05-07,2014-05-07,2014-05-08,-0.9037415636591973,False
iv30_z,MCK,1,2014-05-07,2014-05-07,2014-05-08,0.9173473670627031,False
iv30_z,SYK,1,2014-05-07,2014-05-07,2014-05-08,-0.8028153217166296,False
iv30_z,MRK,1,2014-05-07,2014-05-07,2014-05-08,1.523891334606301,False
iv30_z,AMGN,1,2014-05-07,2014-05-07,2014-05-08,-0.9719799268272983,False
iv30_z,SAF,1,2014-05-07,2014-05-07,2014-05-08,-0.2972029152052577,False
iv30_z,AIR,1,2014-05-07,2014-05-07,2014-05-08,0.07446642764602279,False
iv30_z,BNP,1,2014-05-07,2014-05-07,2014-05-08,-0.9825530041816597,False
iv30_z,AXON,1,2014-05-07,2014-05-07,2014-05-08,-1.534663962652292,False
iv30_z,EMR,1,2014-05-07,2014-05-07,2014-05-08,-1.885847496843787,False
iv30_z,RTX,1,2014-05-07,2014-05-07,2014-05-08,-1.061783436002986,False
iv30_z,COF,1,2014-05-07,2014-05-07,2014-05-08,-1.384681271337664,False
iv30_z,MUV2,1,2014-05-07,2014-05-07,2014-05-08,1.16056495735322,False
iv30_z,ICE,1,2014-05-07,2014-05-07,2014-05-08,-0.6106972477535534,False
iv30_z,MCO,1,2014-05-07,2014-05-07,2014-05-08,-1.418289896733166,False
iv30_z,NXPI,1,2014-05-07,2014-05-07,2014-05-08,-0.1681990173470541,False
iv30_z,ADSK,1,2014-05-07,2014-05-07,2014-05-08,1.27011436505344,False
iv30_z,CB,1,2014-05-07,2014-05-07,2014-05-08,-1.843491443635621,False
iv30_z,BRK/B,1,2014-05-07,2014-05-07,2014-05-08,-0.6107956296104402,False
iv30_z,SHW,1,2014-05-07,2014-05-07,2014-05-08,-1.819614876312224,False
iv30_z,COHR,1,2014-05-07,2014-05-07,2014-05-08,-0.2678748309765211,False
iv30_z,FICO,1,2014-05-07,2014-05-07,2014-05-08,-0.9753987743839675,False
iv30_z,ON,1,2014-05-07,2014-05-07,2014-05-08,-1.632675959520951,False
iv30_z,VRSN,1,2014-05-07,2014-05-07,2014-05-08,-0.5334372048298467,False
iv30_z,SO,1,2014-05-07,2014-05-07,2014-05-08,0.2033036979474259,False
iv30_z,TTE,1,2014-05-07,2014-05-07,2014-05-08,-0.4728381270305938,False
iv30_z,NEM,1,2014-05-07,2014-05-07,2014-05-08,-1.249741574808253,False
iv30_z,CVX,1,2014-05-07,2014-05-07,2014-05-08,-1.855313608789096,False
iv30_z,MDLZ,1,2014-05-07,2014-05-07,2014-05-08,-2.186163955850226,False
iv30_z,OR,1,2014-05-07,2014-05-07,2014-05-08,-0.9526668392736318,False
iv30_z,PEP,1,2014-05-07,2014-05-07,2014-05-08,0.2880673926333385,False
iv30_z,UCG,1,2014-05-07,2014-05-07,2014-05-08,0.5081641073531507,False
iv30_z,IBKR,1,2014-05-07,2014-05-07,2014-05-08,-0.4914769966073936,False
iv30_z,BNY,1,2014-05-07,2014-05-07,2014-05-08,-1.201183952451801,False
iv30_z,MSCI,1,2014-05-07,2014-05-07,2014-05-08,-0.7177952068731944,False
iv30_z,MRSH,1,2014-05-07,2014-05-07,2014-05-08,-0.9861239369691375,False
iv30_z,APO,1,2014-05-07,2014-05-07,2014-05-08,1.599635554057847,False
iv30_z,ASM,1,2014-05-07,2014-05-07,2014-05-08,-1.343552066050278,False
iv30_z,WM,1,2014-05-07,2014-05-07,2014-05-08,-1.909753120618757,False
iv30_z,PH,1,2014-05-07,2014-05-07,2014-05-08,-1.156463984654235,False
iv30_z,GILD,1,2014-05-07,2014-05-07,2014-05-08,-0.5359028394521508,False
iv30_z,MDT,1,2014-05-07,2014-05-07,2014-05-08,0.3483427251950088,False
iv30_z,PFE,1,2014-05-07,2014-05-07,2014-05-08,1.962546897601952,False
iv30_z,HCA,1,2014-05-07,2014-05-07,2014-05-08,-0.8271823123103803,False
iv30_z,ZTS,1,2014-05-07,2014-05-07,2014-05-08,-1.134434183376766,False
iv30_z,REL,1,2014-05-07,2014-05-07,2014-05-08,-1.215329178681321,False
iv30_z,ADP,1,2014-05-07,2014-05-07,2014-05-08,-1.055486232824469,False
iv30_z,CMG,1,2014-05-07,2014-05-07,2014-05-08,-0.8038509743195076,False
iv30_z,RMS,1,2014-05-07,2014-05-07,2014-05-08,-1.003709520204856,False
iv30_z,GM,1,2014-05-07,2014-05-07,2014-05-08,-1.935387228003582,False
iv30_z,MAR,1,2014-05-07,2014-05-07,2014-05-08,-1.279257178875078,False
iv30_z,LYV,1,2014-05-07,2014-05-07,2014-05-08,-1.323185907304154,False
iv30_z,TKO,1,2014-05-07,2014-05-07,2014-05-08,0.3980239919815444,False
iv30_z,MO,1,2014-05-07,2014-05-07,2014-05-08,-1.220599000488385,False
iv30_z,GRMN,1,2014-05-07,2014-05-07,2014-05-08,-1.019176069916829,False
iv30_z,CL,1,2014-05-07,2014-05-07,2014-05-08,-1.553022919434746,False
iv30_z,MNST,1,2014-05-07,2014-05-07,2014-05-08,0.5654973876447255,False
iv30_z,SLB,1,2014-05-07,2014-05-07,2014-05-08,-2.147575346453881,False
iv30_z,COP,1,2014-05-07,2014-05-07,2014-05-08,0.4583108878260653,False
iv30_z,APD,1,2014-05-07,2014-05-07,2014-05-08,-1.503277826109242,False
iv30_z,NRG,1,2014-05-07,2014-05-07,2014-05-08,-1.954001105776207,False
iv30_z,ENEL,1,2014-05-07,2014-05-07,2014-05-08,0.4460418703805131,False
iv30_z,WELL,1,2014-05-07,2014-05-07,2014-05-08,-1.26063235163979,False
iv_term_structure,285A,4597,2014-01-02,2026-08-03,2026-08-04,11.3515,False
iv_term_structure,6146,4262,2014-01-02,2025-09-02,2025-09-03,-0.4328000000000003,False
iv_term_structure,SNDK,4079,2014-01-02,2025-03-03,2025-03-04,1.531799999999997,False
iv_term_structure,GEV,3749,2014-01-02,2024-04-07,2024-04-08,5.708100000000002,False
iv_term_structure,RDDT,3736,2014-01-02,2024-03-25,2024-03-26,41.74869999999999,False
iv_term_structure,ARM,3547,2014-01-02,2023-09-18,2023-09-19,0.7214000000000027,False
iv_term_structure,CEG,2961,2014-01-02,2022-02-09,2022-02-10,4.946899999999999,False
iv_term_structure,UMG,2822,2014-01-02,2021-09-23,2021-09-24,6.279599999999999,False
iv_term_structure,APP,2667,2014-01-02,2021-04-21,2021-04-22,7.694400000000009,False
iv_term_structure,RBLX,2631,2014-01-02,2021-03-16,2021-03-17,1.239799999999988,False
iv_term_structure,ABNB,2541,2014-01-02,2020-12-16,2020-12-17,9.246899999999997,False
iv_term_structure,DASH,2540,2014-01-02,2020-12-15,2020-12-16,7.982799999999997,False
iv_term_structure,PLTR,2470,2014-01-02,2020-10-06,2020-10-07,1.051099999999991,False
iv_term_structure,SNOW,2456,2014-01-02,2020-09-22,2020-09-23,4.081099999999992,False
iv_term_structure,VRT,2260,2014-01-02,2020-03-10,2020-03-11,25.82379999999999,False
iv_term_structure,DDOG,2100,2014-01-02,2019-10-02,2019-10-03,-0.1503000000000014,False
iv_term_structure,NET,2092,2014-01-02,2019-09-24,2019-09-25,10.71820000000001,False
iv_term_structure,CRWD,1994,2014-01-02,2019-06-18,2019-06-19,2.3065,False
iv_term_structure,UBER,1961,2014-01-02,2019-05-16,2019-05-17,0.9216999999999942,False
iv_term_structure,DELL,1826,2014-01-02,2019-01-01,2019-01-02,-0.5323999999999955,False
iv_term_structure,BE,1698,2014-01-02,2018-08-26,2018-08-27,6.649900000000002,False
iv_term_structure,SPOT,1559,2014-01-02,2018-04-09,2018-04-10,7.287500000000001,False
iv_term_structure,ZS,1544,2014-01-02,2018-03-25,2018-03-26,22.67660000000001,False
iv_term_structure,VST,1233,2014-01-02,2017-05-18,2017-05-19,0.0,False
iv_term_structure,TTD,1201,2014-01-02,2017-04-16,2017-04-17,0.0,False
iv_term_structure,HWM,1036,2014-01-02,2016-11-02,2016-11-03,2.641500000000001,False
iv_term_structure,TEAM,718,2014-01-02,2015-12-20,2015-12-21,10.0612,False
iv_term_structure,HPE,670,2014-01-02,2015-11-02,2015-11-03,-23.2212,False
iv_term_structure,RACE,666,2014-01-02,2015-10-29,2015-10-30,15.4359,False
iv_term_structure,LITE,581,2014-01-02,2015-08-05,2015-08-06,42.29159999999999,False
iv_term_structure,PYPL,565,2014-01-02,2015-07-20,2015-07-21,4.569400000000002,False
iv_term_structure,000660,320,2014-01-02,2014-11-17,2014-11-18,0.0,False
iv_term_structure,KEYS,306,2014-01-02,2014-11-03,2014-11-04,0.0,False
iv_term_structure,ANET,211,2014-01-02,2014-07-31,2014-08-01,-2.638600000000011,False
iv_term_structure,8316,5,2014-01-02,2014-01-06,2014-01-07,-2.656500000000001,False
iv_term_structure,7011,5,2014-01-02,2014-01-06,2014-01-07,-0.01660000000000039,False
iv_term_structure,9433,5,2014-01-02,2014-01-06,2014-01-07,-0.3210000000000051,False
iv_term_structure,9432,5,2014-01-02,2014-01-06,2014-01-07,-0.9408999999999992,False
iv_term_structure,4063,5,2014-01-02,2014-01-06,2014-01-07,-2.886100000000003,False
iv_term_structure,8306,5,2014-01-02,2014-01-06,2014-01-07,-2.610399999999998,False
iv_term_structure,6981,5,2014-01-02,2014-01-06,2014-01-07,-0.04410000000000025,False
iv_term_structure,7203,5,2014-01-02,2014-01-06,2014-01-07,-4.828100000000003,False
iv_term_structure,7974,5,2014-01-02,2014-01-06,2014-01-07,0.833200000000005,False
iv_term_structure,6857,5,2014-01-02,2014-01-06,2014-01-07,-5.995599999999996,False
iv_term_structure,8035,5,2014-01-02,2014-01-06,2014-01-07,0.4969999999999999,False
iv_term_structure,6758,5,2014-01-02,2014-01-06,2014-01-07,-3.2484,False
iv_term_structure,ABBN,4,2014-01-02,2014-01-05,2014-01-06,-0.3493999999999993,False
iv_term_structure,ROP,4,2014-01-02,2014-01-05,2014-01-06,2.2193,False
iv_term_structure,NOVN,4,2014-01-02,2014-01-05,2014-01-06,-0.3157999999999994,False
iv_term_structure,NESN,4,2014-01-02,2014-01-05,2014-01-06,0.06829999999999892,False
iv_term_structure,ZURN,4,2014-01-02,2014-01-05,2014-01-06,-0.7980000000000018,False
iv_term_structure,UBSG,4,2014-01-02,2014-01-05,2014-01-06,-1.233499999999999,False
iv_term_structure,CFR,4,2014-01-02,2014-01-05,2014-01-06,-0.9966000000000008,False
iv_term_structure,MU,1,2014-01-02,2014-01-02,2014-01-03,7.186799999999998,False
iv_term_structure,MSFT,1,2014-01-02,2014-01-02,2014-01-03,0.345600000000001,False
iv_term_structure,GOOGL,1,2014-01-02,2014-01-02,2014-01-03,0.1093000000000011,False
iv_term_structure,TSLA,1,2014-01-02,2014-01-02,2014-01-03,2.5139,False
iv_term_structure,AVGO,1,2014-01-02,2014-01-02,2014-01-03,-0.8708999999999953,False
iv_term_structure,PANW,1,2014-01-02,2014-01-02,2014-01-03,-6.537300000000002,False
iv_term_structure,AMAT,1,2014-01-02,2014-01-02,2014-01-03,-0.3345999999999982,False
iv_term_structure,LRCX,1,2014-01-02,2014-01-02,2014-01-03,-0.6566999999999972,False
iv_term_structure,MPC,1,2014-01-02,2014-01-02,2014-01-03,-0.1655000000000015,False
iv_term_structure,WFC,1,2014-01-02,2014-01-02,2014-01-03,0.2864000000000004,False
iv_term_structure,JNJ,1,2014-01-02,2014-01-02,2014-01-03,-0.912799999999999,False
iv_term_structure,GLW,1,2014-01-02,2014-01-02,2014-01-03,-0.1036000000000001,False
iv_term_structure,TER,1,2014-01-02,2014-01-02,2014-01-03,-0.1966999999999999,False
iv_term_structure,NFLX,1,2014-01-02,2014-01-02,2014-01-03,3.4191,False
iv_term_structure,CRM,1,2014-01-02,2014-01-02,2014-01-03,-6.964499999999997,False
iv_term_structure,AMD,1,2014-01-02,2014-01-02,2014-01-03,-0.8392000000000053,False
iv_term_structure,PLD,1,2014-01-02,2014-01-02,2014-01-03,-1.545500000000001,False
iv_term_structure,TMUS,1,2014-01-02,2014-01-02,2014-01-03,2.842200000000005,False
iv_term_structure,TSM,1,2014-01-02,2014-01-02,2014-01-03,1.998099999999997,False
iv_term_structure,BAC,1,2014-01-02,2014-01-02,2014-01-03,-0.2669999999999995,False
iv_term_structure,FN,1,2014-01-02,2014-01-02,2014-01-03,1.5259,False
iv_term_structure,TMO,1,2014-01-02,2014-01-02,2014-01-03,-0.1804999999999986,False
iv_term_structure,BX,1,2014-01-02,2014-01-02,2014-01-03,1.104900000000001,False
iv_term_structure,PWR,1,2014-01-02,2014-01-02,2014-01-03,-0.7569999999999979,False
iv_term_structure,STX,1,2014-01-02,2014-01-02,2014-01-03,1.045900000000003,False
iv_term_structure,CDNS,1,2014-01-02,2014-01-02,2014-01-03,-1.790099999999999,False
iv_term_structure,MRVL,1,2014-01-02,2014-01-02,2014-01-03,1.925699999999999,False
iv_term_structure,KLAC,1,2014-01-02,2014-01-02,2014-01-03,0.3735999999999997,False
iv_term_structure,BSX,1,2014-01-02,2014-01-02,2014-01-03,-2.253,False
iv_term_structure,DLR,1,2014-01-02,2014-01-02,2014-01-03,0.3461999999999996,False
iv_term_structure,BKNG,1,2014-01-02,2014-01-02,2014-01-03,-5.673099999999998,False
iv_term_structure,PM,1,2014-01-02,2014-01-02,2014-01-03,-0.5730000000000004,False
iv_term_structure,WMB,1,2014-01-02,2014-01-02,2014-01-03,-1.354400000000002,False
iv_term_structure,CSCO,1,2014-01-02,2014-01-02,2014-01-03,2.055800000000001,False
iv_term_structure,INTC,1,2014-01-02,2014-01-02,2014-01-03,2.158000000000001,False
iv_term_structure,META,1,2014-01-02,2014-01-02,2014-01-03,4.848100000000002,False
iv_term_structure,AAPL,1,2014-01-02,2014-01-02,2014-01-03,0.8535000000000004,False
iv_term_structure,GS,1,2014-01-02,2014-01-02,2014-01-03,0.2950000000000017,False
iv_term_structure,COST,1,2014-01-02,2014-01-02,2014-01-03,-1.494799999999998,False
iv_term_structure,HD,1,2014-01-02,2014-01-02,2014-01-03,-3.3454,False
iv_term_structure,PG,1,2014-01-02,2014-01-02,2014-01-03,0.4088999999999992,False
iv_term_structure,MCD,1,2014-01-02,2014-01-02,2014-01-03,-0.3969000000000005,False
iv_term_structure,WMT,1,2014-01-02,2014-01-02,2014-01-03,-0.7928999999999995,False
iv_term_structure,CAT,1,2014-01-02,2014-01-02,2014-01-03,-0.8105000000000011,False
iv_term_structure,HON,1,2014-01-02,2014-01-02,2014-01-03,-0.5806000000000004,False
iv_term_structure,DE,1,2014-01-02,2014-01-02,2014-01-03,-0.02670000000000172,False
iv_term_structure,UNP,1,2014-01-02,2014-01-02,2014-01-03,-0.7286000000000001,False
iv_term_structure,LMT,1,2014-01-02,2014-01-02,2014-01-03,-0.4078000000000017,False
iv_term_structure,ETN,1,2014-01-02,2014-01-02,2014-01-03,-0.1620999999999988,False
iv_term_structure,XOM,1,2014-01-02,2014-01-02,2014-01-03,0.8131000000000004,False
iv_term_structure,LNG,1,2014-01-02,2014-01-02,2014-01-03,-0.6728999999999985,False
iv_term_structure,FCX,1,2014-01-02,2014-01-02,2014-01-03,-1.116500000000002,False
iv_term_structure,LIN,1,2014-01-02,2014-01-02,2014-01-03,-1.0129,False
iv_term_structure,NEE,1,2014-01-02,2014-01-02,2014-01-03,-0.3046000000000006,False
iv_term_structure,AMT,1,2014-01-02,2014-01-02,2014-01-03,-1.334399999999999,False
iv_term_structure,EQIX,1,2014-01-02,2014-01-02,2014-01-03,3.069299999999998,False
iv_term_structure,NVDA,1,2014-01-02,2014-01-02,2014-01-03,-0.2037000000000013,False
iv_term_structure,AMZN,1,2014-01-02,2014-01-02,2014-01-03,2.131599999999999,False
iv_term_structure,005930,1,2014-01-02,2014-01-02,2014-01-03,-0.01670000000000016,False
iv_term_structure,UNH,1,2014-01-02,2014-01-02,2014-01-03,2.228299999999997,False
iv_term_structure,LLY,1,2014-01-02,2014-01-02,2014-01-03,-0.3804000000000016,False
iv_term_structure,ISRG,1,2014-01-02,2014-01-02,2014-01-03,-2.084500000000002,False
iv_term_structure,ABBV,1,2014-01-02,2014-01-02,2014-01-03,-1.488900000000001,False
iv_term_structure,REGN,1,2014-01-02,2014-01-02,2014-01-03,-0.2103999999999999,False
iv_term_structure,JPM,1,2014-01-02,2014-01-02,2014-01-03,0.3270000000000017,False
iv_term_structure,V,1,2014-01-02,2014-01-02,2014-01-03,-1.107299999999999,False
iv_term_structure,MA,1,2014-01-02,2014-01-02,2014-01-03,-1.225999999999999,False
iv_term_structure,BLK,1,2014-01-02,2014-01-02,2014-01-03,-0.2303999999999995,False
iv_term_structure,SPGI,1,2014-01-02,2014-01-02,2014-01-03,-3.0745,False
iv_term_structure,CS,1,2014-01-02,2014-01-02,2014-01-03,0.1242999999999981,False
iv_term_structure,LSEG,1,2014-01-02,2014-01-02,2014-01-03,0.05770000000000053,False
iv_term_structure,C,1,2014-01-02,2014-01-02,2014-01-03,0.2056000000000004,False
iv_term_structure,BN,1,2014-01-02,2014-01-02,2014-01-03,1.066699999999997,False
iv_term_structure,CME,1,2014-01-02,2014-01-02,2014-01-03,0.8594000000000008,False
iv_term_structure,KKR,1,2014-01-02,2014-01-02,2014-01-03,-2.2469,False
iv_term_structure,AON,1,2014-01-02,2014-01-02,2014-01-03,0.129999999999999,False
iv_term_structure,PGR,1,2014-01-02,2014-01-02,2014-01-03,0.1794999999999973,False
iv_term_structure,IFX,1,2014-01-02,2014-01-02,2014-01-03,-2.810400000000001,False
iv_term_structure,AXP,1,2014-01-02,2014-01-02,2014-01-03,-0.6165999999999983,False
iv_term_structure,SCHW,1,2014-01-02,2014-01-02,2014-01-03,0.9359999999999999,False
iv_term_structure,MS,1,2014-01-02,2014-01-02,2014-01-03,0.7246000000000024,False
iv_term_structure,ADI,1,2014-01-02,2014-01-02,2014-01-03,0.03029999999999688,False
iv_term_structure,NOW,1,2014-01-02,2014-01-02,2014-01-03,-1.415700000000001,False
iv_term_structure,ACN,1,2014-01-02,2014-01-02,2014-01-03,-1.8627,False
iv_term_structure,IBM,1,2014-01-02,2014-01-02,2014-01-03,0.4626999999999981,False
iv_term_structure,HSBA,1,2014-01-02,2014-01-02,2014-01-03,-0.9979999999999976,False
iv_term_structure,SHEL,1,2014-01-02,2014-01-02,2014-01-03,0.02089999999999925,False
iv_term_structure,AZN,1,2014-01-02,2014-01-02,2014-01-03,-0.5810999999999993,False
iv_term_structure,ADBE,1,2014-01-02,2014-01-02,2014-01-03,-3.753299999999999,False
iv_term_structure,TXN,1,2014-01-02,2014-01-02,2014-01-03,0.01170000000000115,False
iv_term_structure,QCOM,1,2014-01-02,2014-01-02,2014-01-03,-0.3186,False
iv_term_structure,RIO,1,2014-01-02,2014-01-02,2014-01-03,-0.04940000000000211,False
iv_term_structure,NOVOB,1,2014-01-02,2014-01-02,2014-01-03,-0.9263000000000012,False
iv_term_structure,SAP,1,2014-01-02,2014-01-02,2014-01-03,1.347199999999997,False
iv_term_structure,RR/,1,2014-01-02,2014-01-02,2014-01-03,0.06470000000000198,False
iv_term_structure,MC,1,2014-01-02,2014-01-02,2014-01-03,0.1278000000000006,False
iv_term_structure,ASML,1,2014-01-02,2014-01-02,2014-01-03,-1.789899999999999,False
iv_term_structure,SU,1,2014-01-02,2014-01-02,2014-01-03,0.2920000000000016,False
iv_term_structure,SIE,1,2014-01-02,2014-01-02,2014-01-03,-0.01189999999999714,False
iv_term_structure,RHM,1,2014-01-02,2014-01-02,2014-01-03,-3.052200000000003,False
iv_term_structure,ALV,1,2014-01-02,2014-01-02,2014-01-03,1.854800000000001,False
iv_term_structure,MPWR,1,2014-01-02,2014-01-02,2014-01-03,2.7943,False
iv_term_structure,ORCL,1,2014-01-02,2014-01-02,2014-01-03,-4.050799999999999,False
iv_term_structure,SNPS,1,2014-01-02,2014-01-02,2014-01-03,-0.1585999999999999,False
iv_term_structure,INTU,1,2014-01-02,2014-01-02,2014-01-03,-1.4285,False
iv_term_structure,MSI,1,2014-01-02,2014-01-02,2014-01-03,1.514099999999999,False
iv_term_structure,APH,1,2014-01-02,2014-01-02,2014-01-03,-1.174800000000001,False
iv_term_structure,ECL,1,2014-01-02,2014-01-02,2014-01-03,-2.217400000000001,False
iv_term_structure,ULVR,1,2014-01-02,2014-01-02,2014-01-03,-0.3612000000000002,False
iv_term_structure,FTNT,1,2014-01-02,2014-01-02,2014-01-03,5.657899999999998,False
iv_term_structure,WDC,1,2014-01-02,2014-01-02,2014-01-03,0.8708000000000027,False
iv_term_structure,WDAY,1,2014-01-02,2014-01-02,2014-01-03,-7.162800000000001,False
iv_term_structure,DSY,1,2014-01-02,2014-01-02,2014-01-03,-0.0589999999999975,False
iv_term_structure,IBE,1,2014-01-02,2014-01-02,2014-01-03,-0.616299999999999,False
iv_term_structure,AI,1,2014-01-02,2014-01-02,2014-01-03,-0.3594000000000008,False
iv_term_structure,CMCSA,1,2014-01-02,2014-01-02,2014-01-03,2.540599999999998,False
iv_term_structure,VZ,1,2014-01-02,2014-01-02,2014-01-03,-1.272599999999997,False
iv_term_structure,ITX,1,2014-01-02,2014-01-02,2014-01-03,-0.6660000000000004,False
iv_term_structure,ABT,1,2014-01-02,2014-01-02,2014-01-03,-0.9481000000000002,False
iv_term_structure,VRTX,1,2014-01-02,2014-01-02,2014-01-03,0.9223999999999961,False
iv_term_structure,DHR,1,2014-01-02,2014-01-02,2014-01-03,-0.1572999999999993,False
iv_term_structure,SAN,1,2014-01-02,2014-01-02,2014-01-03,0.423099999999998,False
iv_term_structure,GE,1,2014-01-02,2014-01-02,2014-01-03,0.5094999999999992,False
iv_term_structure,TT,1,2014-01-02,2014-01-02,2014-01-03,-0.5332000000000008,False
iv_term_structure,KO,1,2014-01-02,2014-01-02,2014-01-03,0.02679999999999971,False
iv_term_structure,PUB,1,2014-01-02,2014-01-02,2014-01-03,-0.2010000000000005,False
iv_term_structure,TTWO,1,2014-01-02,2014-01-02,2014-01-03,-0.9106000000000023,False
iv_term_structure,T,1,2014-01-02,2014-01-02,2014-01-03,-0.7744,False
iv_term_structure,DTE,1,2014-01-02,2014-01-02,2014-01-03,0.7089999999999996,False
iv_term_structure,TJX,1,2014-01-02,2014-01-02,2014-01-03,-1.645800000000001,False
iv_term_structure,LOW,1,2014-01-02,2014-01-02,2014-01-03,-3.364599999999999,False
iv_term_structure,SBUX,1,2014-01-02,2014-01-02,2014-01-03,-0.4177999999999997,False
iv_term_structure,DIS,1,2014-01-02,2014-01-02,2014-01-03,0.09769999999999968,False
iv_term_structure,ORLY,1,2014-01-02,2014-01-02,2014-01-03,-1.473400000000002,False
iv_term_structure,NKE,1,2014-01-02,2014-01-02,2014-01-03,-4.157999999999998,False
iv_term_structure,MCK,1,2014-01-02,2014-01-02,2014-01-03,-0.280899999999999,False
iv_term_structure,SYK,1,2014-01-02,2014-01-02,2014-01-03,-0.2768999999999977,False
iv_term_structure,MRK,1,2014-01-02,2014-01-02,2014-01-03,1.081400000000002,False
iv_term_structure,AMGN,1,2014-01-02,2014-01-02,2014-01-03,-1.5547,False
iv_term_structure,SAF,1,2014-01-02,2014-01-02,2014-01-03,-0.1067999999999998,False
iv_term_structure,AIR,1,2014-01-02,2014-01-02,2014-01-03,0.4433000000000007,False
iv_term_structure,BNP,1,2014-01-02,2014-01-02,2014-01-03,2.224599999999999,False
iv_term_structure,AXON,1,2014-01-02,2014-01-02,2014-01-03,-0.7509000000000015,False
iv_term_structure,EMR,1,2014-01-02,2014-01-02,2014-01-03,-0.7040000000000006,False
iv_term_structure,RTX,1,2014-01-02,2014-01-02,2014-01-03,-0.7565999999999988,False
iv_term_structure,COF,1,2014-01-02,2014-01-02,2014-01-03,1.818999999999999,False
iv_term_structure,MUV2,1,2014-01-02,2014-01-02,2014-01-03,1.040300000000002,False
iv_term_structure,ICE,1,2014-01-02,2014-01-02,2014-01-03,-1.3903,False
iv_term_structure,MCO,1,2014-01-02,2014-01-02,2014-01-03,-1.259499999999999,False
iv_term_structure,NXPI,1,2014-01-02,2014-01-02,2014-01-03,0.6196999999999946,False
iv_term_structure,ADSK,1,2014-01-02,2014-01-02,2014-01-03,-3.250400000000003,False
iv_term_structure,CB,1,2014-01-02,2014-01-02,2014-01-03,-0.9104000000000028,False
iv_term_structure,BRK/B,1,2014-01-02,2014-01-02,2014-01-03,-1.3222,False
iv_term_structure,SHW,1,2014-01-02,2014-01-02,2014-01-03,-0.5117000000000012,False
iv_term_structure,COHR,1,2014-01-02,2014-01-02,2014-01-03,14.7439,False
iv_term_structure,FICO,1,2014-01-02,2014-01-02,2014-01-03,-2.764100000000003,False
iv_term_structure,ON,1,2014-01-02,2014-01-02,2014-01-03,6.001300000000001,False
iv_term_structure,VRSN,1,2014-01-02,2014-01-02,2014-01-03,5.422999999999998,False
iv_term_structure,SO,1,2014-01-02,2014-01-02,2014-01-03,-0.4227999999999987,False
iv_term_structure,TTE,1,2014-01-02,2014-01-02,2014-01-03,0.01299999999999812,False
iv_term_structure,NEM,1,2014-01-02,2014-01-02,2014-01-03,-1.868600000000001,False
iv_term_structure,CVX,1,2014-01-02,2014-01-02,2014-01-03,0.05509999999999948,False
iv_term_structure,MDLZ,1,2014-01-02,2014-01-02,2014-01-03,0.7395999999999994,False
iv_term_structure,OR,1,2014-01-02,2014-01-02,2014-01-03,0.5494999999999983,False
iv_term_structure,PEP,1,2014-01-02,2014-01-02,2014-01-03,-0.3855000000000004,False
iv_term_structure,UCG,1,2014-01-02,2014-01-02,2014-01-03,0.2100000000000009,False
iv_term_structure,IBKR,1,2014-01-02,2014-01-02,2014-01-03,-0.2536999999999985,False
iv_term_structure,BNY,1,2014-01-02,2014-01-02,2014-01-03,0.2944999999999993,False
iv_term_structure,MSCI,1,2014-01-02,2014-01-02,2014-01-03,-0.5250999999999983,False
iv_term_structure,MRSH,1,2014-01-02,2014-01-02,2014-01-03,-0.4886999999999979,False
iv_term_structure,APO,1,2014-01-02,2014-01-02,2014-01-03,-1.647600000000001,False
iv_term_structure,ASM,1,2014-01-02,2014-01-02,2014-01-03,-1.761800000000001,False
iv_term_structure,WM,1,2014-01-02,2014-01-02,2014-01-03,-0.2577999999999996,False
iv_term_structure,PH,1,2014-01-02,2014-01-02,2014-01-03,-1.636900000000001,False
iv_term_structure,GILD,1,2014-01-02,2014-01-02,2014-01-03,-3.241800000000001,False
iv_term_structure,MDT,1,2014-01-02,2014-01-02,2014-01-03,-1.0748,False
iv_term_structure,PFE,1,2014-01-02,2014-01-02,2014-01-03,-0.8138000000000005,False
iv_term_structure,HCA,1,2014-01-02,2014-01-02,2014-01-03,-0.1970000000000027,False
iv_term_structure,ZTS,1,2014-01-02,2014-01-02,2014-01-03,-1.697699999999998,False
iv_term_structure,REL,1,2014-01-02,2014-01-02,2014-01-03,-0.0215999999999994,False
iv_term_structure,ADP,1,2014-01-02,2014-01-02,2014-01-03,-0.5987000000000009,False
iv_term_structure,CMG,1,2014-01-02,2014-01-02,2014-01-03,2.172799999999999,False
iv_term_structure,RMS,1,2014-01-02,2014-01-02,2014-01-03,-1.722199999999997,False
iv_term_structure,GM,1,2014-01-02,2014-01-02,2014-01-03,1.980899999999998,False
iv_term_structure,MAR,1,2014-01-02,2014-01-02,2014-01-03,-0.4345999999999997,False
iv_term_structure,LYV,1,2014-01-02,2014-01-02,2014-01-03,-5.228300000000001,False
iv_term_structure,TKO,1,2014-01-02,2014-01-02,2014-01-03,-1.695500000000003,False
iv_term_structure,MO,1,2014-01-02,2014-01-02,2014-01-03,0.1803000000000008,False
iv_term_structure,GRMN,1,2014-01-02,2014-01-02,2014-01-03,0.2584000000000017,False
iv_term_structure,CL,1,2014-01-02,2014-01-02,2014-01-03,-0.7338000000000005,False
iv_term_structure,MNST,1,2014-01-02,2014-01-02,2014-01-03,-1.614999999999998,False
iv_term_structure,SLB,1,2014-01-02,2014-01-02,2014-01-03,1.139299999999999,False
iv_term_structure,COP,1,2014-01-02,2014-01-02,2014-01-03,0.1204999999999998,False
iv_term_structure,APD,1,2014-01-02,2014-01-02,2014-01-03,0.6012999999999984,False
iv_term_structure,NRG,1,2014-01-02,2014-01-02,2014-01-03,-2.301299999999998,False
iv_term_structure,ENEL,1,2014-01-02,2014-01-02,2014-01-03,0.3721000000000032,False
iv_term_structure,WELL,1,2014-01-02,2014-01-02,2014-01-03,-1.106400000000001,False
iv_term_structure_z,PLTR,125,2020-10-07,2021-02-08,2021-02-09,15.81151378755268,False
iv_term_structure_z,LITE,125,2015-08-06,2015-12-08,2015-12-09,-15.81151378755267,False
iv_term_structure_z,BE,125,2018-08-27,2018-12-29,2018-12-30,-15.81151378755267,False
iv_term_structure_z,VRT,125,2020-03-11,2020-07-13,2020-07-14,15.81151378755267,False
iv_term_structure_z,GEV,125,2024-04-08,2024-08-10,2024-08-11,-15.81151378755267,False
iv_term_structure_z,ARM,125,2023-09-19,2024-01-21,2024-01-22,-15.81151378755267,False
iv_term_structure_z,CEG,125,2022-02-10,2022-06-14,2022-06-15,15.81151378755267,False
iv_term_structure_z,ANET,125,2014-08-01,2014-12-03,2014-12-04,14.49153949658669,False
iv_term_structure_z,SNDK,125,2025-03-04,2025-07-06,2025-07-07,15.81151378755267,False
iv_term_structure_z,RACE,125,2015-10-30,2016-03-02,2016-03-03,-15.81151378755267,False
iv_term_structure_z,DELL,125,2019-01-02,2019-05-06,2019-05-07,-15.81151378755266,False
iv_term_structure_z,SPOT,125,2018-04-10,2018-08-12,2018-08-13,15.81151378755268,False
iv_term_structure_z,APP,125,2021-04-22,2021-08-24,2021-08-25,-15.81151378755267,False
iv_term_structure_z,HPE,125,2015-11-03,2016-03-06,2016-03-07,15.81151378755267,False
iv_term_structure_z,TEAM,125,2015-12-21,2016-04-23,2016-04-24,-15.81151378755267,False
iv_term_structure_z,ZS,125,2018-03-26,2018-07-28,2018-07-29,-15.81151378755267,False
iv_term_structure_z,NET,125,2019-09-25,2020-01-27,2020-01-28,15.81151378755272,False
iv_term_structure_z,CRWD,125,2019-06-19,2019-10-21,2019-10-22,15.81151378755267,False
iv_term_structure_z,KEYS,125,2014-11-04,2015-03-08,2015-03-09,15.81151378755267,False
iv_term_structure_z,DDOG,125,2019-10-03,2020-02-04,2020-02-05,15.81151378755267,False
iv_term_structure_z,6146,125,2025-09-03,2026-01-05,2026-01-06,15.81151378755267,False
iv_term_structure_z,PYPL,125,2015-07-21,2015-11-22,2015-11-23,-15.81151378755267,False
iv_term_structure_z,UBER,125,2019-05-17,2019-09-18,2019-09-19,15.81151378755267,False
iv_term_structure_z,UMG,125,2021-09-24,2022-01-26,2022-01-27,-15.81151378755268,False
iv_term_structure_z,ABNB,125,2020-12-17,2021-04-20,2021-04-21,-15.81151378755267,False
iv_term_structure_z,DASH,125,2020-12-16,2021-04-19,2021-04-20,-15.81151378755267,False
iv_term_structure_z,RBLX,125,2021-03-17,2021-07-19,2021-07-20,-15.81151378755267,False
iv_term_structure_z,SNOW,125,2020-09-23,2021-01-25,2021-01-26,15.81151378755267,False
iv_term_structure_z,HWM,125,2016-11-03,2017-03-07,2017-03-08,-15.81151378755267,False
iv_term_structure_z,RDDT,125,2024-03-26,2024-07-28,2024-07-29,-15.81151378755267,False
iv_term_structure_z,TTD,124,2017-04-18,2017-08-19,2017-08-20,15.81151378755267,False
iv_term_structure_z,VST,122,2017-05-22,2017-09-20,2017-09-21,15.81151378755267,False
iv_term_structure_z,285A,59,2026-08-04,2026-10-01,,-15.81151378755268,True
iv_term_structure_z,8316,5,2014-05-07,2014-05-11,2014-05-12,0.3306799130040455,False
iv_term_structure_z,7011,5,2014-05-07,2014-05-11,2014-05-12,-0.4622049751944373,False
iv_term_structure_z,9433,5,2014-05-07,2014-05-11,2014-05-12,-1.031637908244146,False
iv_term_structure_z,9432,5,2014-05-07,2014-05-11,2014-05-12,0.05357968203241784,False
iv_term_structure_z,4063,5,2014-05-07,2014-05-11,2014-05-12,-0.6195520440242718,False
iv_term_structure_z,8306,5,2014-05-07,2014-05-11,2014-05-12,0.3181052206927979,False
iv_term_structure_z,6981,5,2014-05-07,2014-05-11,2014-05-12,-0.848280001144461,False
iv_term_structure_z,7203,5,2014-05-07,2014-05-11,2014-05-12,1.310368058655693,False
iv_term_structure_z,7974,5,2014-05-07,2014-05-11,2014-05-12,0.4097649306202,False
iv_term_structure_z,6857,5,2014-05-07,2014-05-11,2014-05-12,0.08542554303711798,False
iv_term_structure_z,8035,5,2014-05-07,2014-05-11,2014-05-12,0.5500430992197519,False
iv_term_structure_z,6758,5,2014-05-07,2014-05-11,2014-05-12,-0.0874090495897579,False
iv_term_structure_z,ABBN,4,2014-05-07,2014-05-10,2014-05-11,-1.078134409641342,False
iv_term_structure_z,ROP,4,2014-05-07,2014-05-10,2014-05-11,-0.03336110496908215,False
iv_term_structure_z,NOVN,4,2014-05-07,2014-05-10,2014-05-11,-0.7225884983113463,False
iv_term_structure_z,NESN,4,2014-05-07,2014-05-10,2014-05-11,-0.5097686830865479,False
iv_term_structure_z,ZURN,4,2014-05-07,2014-05-10,2014-05-11,-0.02427423199355425,False
iv_term_structure_z,UBSG,4,2014-05-07,2014-05-10,2014-05-11,-0.3790399605978543,False
iv_term_structure_z,CFR,4,2014-05-07,2014-05-10,2014-05-11,1.390059125170311,False
iv_term_structure_z,AVGO,1,2014-05-07,2014-05-07,2014-05-08,1.602926947965646,False
iv_term_structure_z,AAPL,1,2014-05-07,2014-05-07,2014-05-08,-0.8742267115249617,False
iv_term_structure_z,MSFT,1,2014-05-07,2014-05-07,2014-05-08,-0.4985686159928023,False
iv_term_structure_z,NVDA,1,2014-05-07,2014-05-07,2014-05-08,-0.05401492301272183,False
iv_term_structure_z,TSLA,1,2014-05-07,2014-05-07,2014-05-08,0.8243537628730334,False
iv_term_structure_z,PANW,1,2014-05-07,2014-05-07,2014-05-08,1.2032134022517,False
iv_term_structure_z,AMAT,1,2014-05-07,2014-05-07,2014-05-08,0.8443506171600171,False
iv_term_structure_z,LRCX,1,2014-05-07,2014-05-07,2014-05-08,-0.5306751035037064,False
iv_term_structure_z,MPC,1,2014-05-07,2014-05-07,2014-05-08,-1.9375883982751,False
iv_term_structure_z,WFC,1,2014-05-07,2014-05-07,2014-05-08,-1.295668788759707,False
iv_term_structure_z,JNJ,1,2014-05-07,2014-05-07,2014-05-08,-1.459803989592597,False
iv_term_structure_z,GLW,1,2014-05-07,2014-05-07,2014-05-08,-0.564472236667533,False
iv_term_structure_z,TER,1,2014-05-07,2014-05-07,2014-05-08,-0.3567696419561688,False
iv_term_structure_z,NFLX,1,2014-05-07,2014-05-07,2014-05-08,0.008243030743757969,False
iv_term_structure_z,CRM,1,2014-05-07,2014-05-07,2014-05-08,2.001252819925972,False
iv_term_structure_z,AMD,1,2014-05-07,2014-05-07,2014-05-08,-0.6132187789504717,False
iv_term_structure_z,PLD,1,2014-05-07,2014-05-07,2014-05-08,-1.067892874121902,False
iv_term_structure_z,TMUS,1,2014-05-07,2014-05-07,2014-05-08,-0.4837955915991831,False
iv_term_structure_z,TSM,1,2014-05-07,2014-05-07,2014-05-08,-0.698152845275729,False
iv_term_structure_z,BAC,1,2014-05-07,2014-05-07,2014-05-08,-0.9760094312068164,False
iv_term_structure_z,FN,1,2014-05-07,2014-05-07,2014-05-08,0.5675410837761868,False
iv_term_structure_z,TMO,1,2014-05-07,2014-05-07,2014-05-08,0.7606918168274938,False
iv_term_structure_z,BX,1,2014-05-07,2014-05-07,2014-05-08,-0.41460141475835,False
iv_term_structure_z,PWR,1,2014-05-07,2014-05-07,2014-05-08,-0.7015024135704766,False
iv_term_structure_z,STX,1,2014-05-07,2014-05-07,2014-05-08,-0.2653890367443797,False
iv_term_structure_z,CDNS,1,2014-05-07,2014-05-07,2014-05-08,0.01046097233383365,False
iv_term_structure_z,MRVL,1,2014-05-07,2014-05-07,2014-05-08,1.405479297520337,False
iv_term_structure_z,KLAC,1,2014-05-07,2014-05-07,2014-05-08,-0.5005051027506343,False
iv_term_structure_z,BSX,1,2014-05-07,2014-05-07,2014-05-08,0.3310922848713333,False
iv_term_structure_z,DLR,1,2014-05-07,2014-05-07,2014-05-08,-0.1320741551396725,False
iv_term_structure_z,BKNG,1,2014-05-07,2014-05-07,2014-05-08,0.7624590038160612,False
iv_term_structure_z,PM,1,2014-05-07,2014-05-07,2014-05-08,-1.323465554161112,False
iv_term_structure_z,WMB,1,2014-05-07,2014-05-07,2014-05-08,-0.6167595951641043,False
iv_term_structure_z,CSCO,1,2014-05-07,2014-05-07,2014-05-08,0.4738488381939391,False
iv_term_structure_z,INTC,1,2014-05-07,2014-05-07,2014-05-08,-0.9409298728193035,False
iv_term_structure_z,AMZN,1,2014-05-07,2014-05-07,2014-05-08,-0.2600092337450596,False
iv_term_structure_z,GOOGL,1,2014-05-07,2014-05-07,2014-05-08,-0.7600901792640691,False
iv_term_structure_z,GS,1,2014-05-07,2014-05-07,2014-05-08,-1.095670808699104,False
iv_term_structure_z,COST,1,2014-05-07,2014-05-07,2014-05-08,2.004981165832174,False
iv_term_structure_z,HD,1,2014-05-07,2014-05-07,2014-05-08,3.099455544359759,False
iv_term_structure_z,PG,1,2014-05-07,2014-05-07,2014-05-08,-1.310067317550469,False
iv_term_structure_z,MCD,1,2014-05-07,2014-05-07,2014-05-08,0.1180582871506833,False
iv_term_structure_z,WMT,1,2014-05-07,2014-05-07,2014-05-08,1.302952209110471,False
iv_term_structure_z,CAT,1,2014-05-07,2014-05-07,2014-05-08,-0.5046704982440009,False
iv_term_structure_z,HON,1,2014-05-07,2014-05-07,2014-05-08,-1.282040279067209,False
iv_term_structure_z,DE,1,2014-05-07,2014-05-07,2014-05-08,0.1965543446072829,False
iv_term_structure_z,UNP,1,2014-05-07,2014-05-07,2014-05-08,-2.349463564914004,False
iv_term_structure_z,LMT,1,2014-05-07,2014-05-07,2014-05-08,-0.9305828892796317,False
iv_term_structure_z,ETN,1,2014-05-07,2014-05-07,2014-05-08,-0.5323111532326417,False
iv_term_structure_z,XOM,1,2014-05-07,2014-05-07,2014-05-08,-1.614038458251117,False
iv_term_structure_z,LNG,1,2014-05-07,2014-05-07,2014-05-08,-0.7536626985303224,False
iv_term_structure_z,FCX,1,2014-05-07,2014-05-07,2014-05-08,-0.9725878412771634,False
iv_term_structure_z,LIN,1,2014-05-07,2014-05-07,2014-05-08,-0.2569930554247271,False
iv_term_structure_z,NEE,1,2014-05-07,2014-05-07,2014-05-08,-0.8132357117113985,False
iv_term_structure_z,AMT,1,2014-05-07,2014-05-07,2014-05-08,-0.1086210933513222,False
iv_term_structure_z,EQIX,1,2014-05-07,2014-05-07,2014-05-08,-0.2155851790271631,False
iv_term_structure_z,META,1,2014-05-07,2014-05-07,2014-05-08,-0.2686443423448311,False
iv_term_structure_z,MU,1,2014-05-07,2014-05-07,2014-05-08,-1.109642035120779,False
iv_term_structure_z,005930,1,2014-05-07,2014-05-07,2014-05-08,0.1678792908145653,False
iv_term_structure_z,UNH,1,2014-05-07,2014-05-07,2014-05-08,-1.801957145158503,False
iv_term_structure_z,LLY,1,2014-05-07,2014-05-07,2014-05-08,0.1142346580401813,False
iv_term_structure_z,ISRG,1,2014-05-07,2014-05-07,2014-05-08,-0.1359881179791531,False
iv_term_structure_z,ABBV,1,2014-05-07,2014-05-07,2014-05-08,-0.2415109054803539,False
iv_term_structure_z,REGN,1,2014-05-07,2014-05-07,2014-05-08,-0.06107911668439803,False
iv_term_structure_z,JPM,1,2014-05-07,2014-05-07,2014-05-08,-0.3678502360192037,False
iv_term_structure_z,V,1,2014-05-07,2014-05-07,2014-05-08,-0.9191931475978669,False
iv_term_structure_z,MA,1,2014-05-07,2014-05-07,2014-05-08,-0.9283832917606535,False
iv_term_structure_z,BLK,1,2014-05-07,2014-05-07,2014-05-08,-0.6212663895085223,False
iv_term_structure_z,SPGI,1,2014-05-07,2014-05-07,2014-05-08,0.2639371953394526,False
iv_term_structure_z,CS,1,2014-05-07,2014-05-07,2014-05-08,-0.5480116416948259,False
iv_term_structure_z,LSEG,1,2014-05-07,2014-05-07,2014-05-08,-0.6365465017076815,False
iv_term_structure_z,C,1,2014-05-07,2014-05-07,2014-05-08,-1.25721529273509,False
iv_term_structure_z,BN,1,2014-05-07,2014-05-07,2014-05-08,0.4700636752765129,False
iv_term_structure_z,CME,1,2014-05-07,2014-05-07,2014-05-08,-0.8542991669935975,False
iv_term_structure_z,KKR,1,2014-05-07,2014-05-07,2014-05-08,0.1781411409441058,False
iv_term_structure_z,AON,1,2014-05-07,2014-05-07,2014-05-08,-0.9855593819604851,False
iv_term_structure_z,PGR,1,2014-05-07,2014-05-07,2014-05-08,-0.3121263320783771,False
iv_term_structure_z,IFX,1,2014-05-07,2014-05-07,2014-05-08,1.596782848496221,False
iv_term_structure_z,AXP,1,2014-05-07,2014-05-07,2014-05-08,-1.097602172131032,False
iv_term_structure_z,SCHW,1,2014-05-07,2014-05-07,2014-05-08,-0.1174119434850915,False
iv_term_structure_z,MS,1,2014-05-07,2014-05-07,2014-05-08,-0.5905206500727211,False
iv_term_structure_z,ADI,1,2014-05-07,2014-05-07,2014-05-08,0.5094670144991534,False
iv_term_structure_z,NOW,1,2014-05-07,2014-05-07,2014-05-08,0.4191782132504082,False
iv_term_structure_z,ACN,1,2014-05-07,2014-05-07,2014-05-08,-0.5393239099579125,False
iv_term_structure_z,IBM,1,2014-05-07,2014-05-07,2014-05-08,-0.7657781265516554,False
iv_term_structure_z,HSBA,1,2014-05-07,2014-05-07,2014-05-08,0.04572431363416435,False
iv_term_structure_z,SHEL,1,2014-05-07,2014-05-07,2014-05-08,-0.8966135030642097,False
iv_term_structure_z,AZN,1,2014-05-07,2014-05-07,2014-05-08,3.278026942552425,False
iv_term_structure_z,ADBE,1,2014-05-07,2014-05-07,2014-05-08,0.6841861319616623,False
iv_term_structure_z,TXN,1,2014-05-07,2014-05-07,2014-05-08,-0.5026496263342488,False
iv_term_structure_z,QCOM,1,2014-05-07,2014-05-07,2014-05-08,-0.5109506352512899,False
iv_term_structure_z,RIO,1,2014-05-07,2014-05-07,2014-05-08,-1.148297739225562,False
iv_term_structure_z,NOVOB,1,2014-05-07,2014-05-07,2014-05-08,-1.477029925388466,False
iv_term_structure_z,SAP,1,2014-05-07,2014-05-07,2014-05-08,-2.999203307957134,False
iv_term_structure_z,RR/,1,2014-05-07,2014-05-07,2014-05-08,-0.9898912327493993,False
iv_term_structure_z,MC,1,2014-05-07,2014-05-07,2014-05-08,-0.4342205404787809,False
iv_term_structure_z,ASML,1,2014-05-07,2014-05-07,2014-05-08,-0.3206722045430426,False
iv_term_structure_z,SU,1,2014-05-07,2014-05-07,2014-05-08,-0.7836906880041347,False
iv_term_structure_z,SIE,1,2014-05-07,2014-05-07,2014-05-08,-0.2545756603285095,False
iv_term_structure_z,RHM,1,2014-05-07,2014-05-07,2014-05-08,-1.280193185972114,False
iv_term_structure_z,ALV,1,2014-05-07,2014-05-07,2014-05-08,5.109855136849903,False
iv_term_structure_z,MPWR,1,2014-05-07,2014-05-07,2014-05-08,-0.5875661391392392,False
iv_term_structure_z,ORCL,1,2014-05-07,2014-05-07,2014-05-08,-0.8289732247425463,False
iv_term_structure_z,SNPS,1,2014-05-07,2014-05-07,2014-05-08,1.175212593457563,False
iv_term_structure_z,INTU,1,2014-05-07,2014-05-07,2014-05-08,-0.02699657259990608,False
iv_term_structure_z,MSI,1,2014-05-07,2014-05-07,2014-05-08,-0.2868633479189373,False
iv_term_structure_z,APH,1,2014-05-07,2014-05-07,2014-05-08,-0.2639107262779857,False
iv_term_structure_z,ECL,1,2014-05-07,2014-05-07,2014-05-08,-1.052748807717438,False
iv_term_structure_z,ULVR,1,2014-05-07,2014-05-07,2014-05-08,-0.2737221181500883,False
iv_term_structure_z,FTNT,1,2014-05-07,2014-05-07,2014-05-08,-0.5805035210242042,False
iv_term_structure_z,WDC,1,2014-05-07,2014-05-07,2014-05-08,-0.8667700270317039,False
iv_term_structure_z,WDAY,1,2014-05-07,2014-05-07,2014-05-08,1.702010274991621,False
iv_term_structure_z,DSY,1,2014-05-07,2014-05-07,2014-05-08,-1.33918964354431,False
iv_term_structure_z,IBE,1,2014-05-07,2014-05-07,2014-05-08,2.794259895555764,False
iv_term_structure_z,AI,1,2014-05-07,2014-05-07,2014-05-08,-0.4272243959910651,False
iv_term_structure_z,CMCSA,1,2014-05-07,2014-05-07,2014-05-08,-1.465761376663176,False
iv_term_structure_z,VZ,1,2014-05-07,2014-05-07,2014-05-08,-1.34067136149342,False
iv_term_structure_z,ITX,1,2014-05-07,2014-05-07,2014-05-08,0.1686813050088879,False
iv_term_structure_z,ABT,1,2014-05-07,2014-05-07,2014-05-08,-0.964857779224411,False
iv_term_structure_z,VRTX,1,2014-05-07,2014-05-07,2014-05-08,0.2258173734109257,False
iv_term_structure_z,DHR,1,2014-05-07,2014-05-07,2014-05-08,-0.3738775611714675,False
iv_term_structure_z,SAN,1,2014-05-07,2014-05-07,2014-05-08,-1.066117439374865,False
iv_term_structure_z,GE,1,2014-05-07,2014-05-07,2014-05-08,-0.8492793610139101,False
iv_term_structure_z,TT,1,2014-05-07,2014-05-07,2014-05-08,-0.6318251033619596,False
iv_term_structure_z,KO,1,2014-05-07,2014-05-07,2014-05-08,-0.9060813723247291,False
iv_term_structure_z,PUB,1,2014-05-07,2014-05-07,2014-05-08,0.35181000800267,False
iv_term_structure_z,TTWO,1,2014-05-07,2014-05-07,2014-05-08,1.152622084054995,False
iv_term_structure_z,T,1,2014-05-07,2014-05-07,2014-05-08,-0.2364274433071473,False
iv_term_structure_z,DTE,1,2014-05-07,2014-05-07,2014-05-08,0.89459512836349,False
iv_term_structure_z,TJX,1,2014-05-07,2014-05-07,2014-05-08,0.351671639077158,False
iv_term_structure_z,LOW,1,2014-05-07,2014-05-07,2014-05-08,1.139985921503567,False
iv_term_structure_z,SBUX,1,2014-05-07,2014-05-07,2014-05-08,-0.2013788600972268,False
iv_term_structure_z,DIS,1,2014-05-07,2014-05-07,2014-05-08,-0.9413413394597593,False
iv_term_structure_z,ORLY,1,2014-05-07,2014-05-07,2014-05-08,-0.3904344570389074,False
iv_term_structure_z,NKE,1,2014-05-07,2014-05-07,2014-05-08,-0.909759510924019,False
iv_term_structure_z,MCK,1,2014-05-07,2014-05-07,2014-05-08,1.183539023100038,False
iv_term_structure_z,SYK,1,2014-05-07,2014-05-07,2014-05-08,-0.307041470720662,False
iv_term_structure_z,MRK,1,2014-05-07,2014-05-07,2014-05-08,1.311648703650931,False
iv_term_structure_z,AMGN,1,2014-05-07,2014-05-07,2014-05-08,-1.278979608821096,False
iv_term_structure_z,SAF,1,2014-05-07,2014-05-07,2014-05-08,-1.46210517999813,False
iv_term_structure_z,AIR,1,2014-05-07,2014-05-07,2014-05-08,0.4617232773349299,False
iv_term_structure_z,BNP,1,2014-05-07,2014-05-07,2014-05-08,-0.6096643627527717,False
iv_term_structure_z,AXON,1,2014-05-07,2014-05-07,2014-05-08,-0.2954824527101613,False
iv_term_structure_z,EMR,1,2014-05-07,2014-05-07,2014-05-08,-1.068387627466366,False
iv_term_structure_z,RTX,1,2014-05-07,2014-05-07,2014-05-08,-1.809550718426774,False
iv_term_structure_z,COF,1,2014-05-07,2014-05-07,2014-05-08,-0.9673976611547046,False
iv_term_structure_z,MUV2,1,2014-05-07,2014-05-07,2014-05-08,1.914045445303691,False
iv_term_structure_z,ICE,1,2014-05-07,2014-05-07,2014-05-08,0.5423881477517469,False
iv_term_structure_z,MCO,1,2014-05-07,2014-05-07,2014-05-08,-0.5009204139860682,False
iv_term_structure_z,NXPI,1,2014-05-07,2014-05-07,2014-05-08,-0.6255686759515542,False
iv_term_structure_z,ADSK,1,2014-05-07,2014-05-07,2014-05-08,1.459077654061909,False
iv_term_structure_z,CB,1,2014-05-07,2014-05-07,2014-05-08,0.06016867503270676,False
iv_term_structure_z,BRK/B,1,2014-05-07,2014-05-07,2014-05-08,0.1186661779745421,False
iv_term_structure_z,SHW,1,2014-05-07,2014-05-07,2014-05-08,-1.628057791061255,False
iv_term_structure_z,COHR,1,2014-05-07,2014-05-07,2014-05-08,-0.2676848703152235,False
iv_term_structure_z,FICO,1,2014-05-07,2014-05-07,2014-05-08,0.001178556440236514,False
iv_term_structure_z,ON,1,2014-05-07,2014-05-07,2014-05-08,-1.44430780005245,False
iv_term_structure_z,VRSN,1,2014-05-07,2014-05-07,2014-05-08,-0.6226218791123738,False
iv_term_structure_z,SO,1,2014-05-07,2014-05-07,2014-05-08,1.321177646256954,False
iv_term_structure_z,TTE,1,2014-05-07,2014-05-07,2014-05-08,-0.9792186504432406,False
iv_term_structure_z,NEM,1,2014-05-07,2014-05-07,2014-05-08,-0.2101533940222375,False
iv_term_structure_z,CVX,1,2014-05-07,2014-05-07,2014-05-08,-1.885025053488878,False
iv_term_structure_z,MDLZ,1,2014-05-07,2014-05-07,2014-05-08,-0.9816982033552254,False
iv_term_structure_z,OR,1,2014-05-07,2014-05-07,2014-05-08,-1.158316512468337,False
iv_term_structure_z,PEP,1,2014-05-07,2014-05-07,2014-05-08,-0.02025766824192037,False
iv_term_structure_z,UCG,1,2014-05-07,2014-05-07,2014-05-08,0.4373458102282206,False
iv_term_structure_z,IBKR,1,2014-05-07,2014-05-07,2014-05-08,-0.4682213959240051,False
iv_term_structure_z,BNY,1,2014-05-07,2014-05-07,2014-05-08,-1.048137289362925,False
iv_term_structure_z,MSCI,1,2014-05-07,2014-05-07,2014-05-08,-0.2376497277240978,False
iv_term_structure_z,MRSH,1,2014-05-07,2014-05-07,2014-05-08,-0.4790498948748536,False
iv_term_structure_z,APO,1,2014-05-07,2014-05-07,2014-05-08,1.938740464732041,False
iv_term_structure_z,ASM,1,2014-05-07,2014-05-07,2014-05-08,0.344733309432605,False
iv_term_structure_z,WM,1,2014-05-07,2014-05-07,2014-05-08,-1.509506064832008,False
iv_term_structure_z,PH,1,2014-05-07,2014-05-07,2014-05-08,-0.6044969186474815,False
iv_term_structure_z,GILD,1,2014-05-07,2014-05-07,2014-05-08,0.1645862752797611,False
iv_term_structure_z,MDT,1,2014-05-07,2014-05-07,2014-05-08,1.458543495623896,False
iv_term_structure_z,PFE,1,2014-05-07,2014-05-07,2014-05-08,0.4843424024589837,False
iv_term_structure_z,HCA,1,2014-05-07,2014-05-07,2014-05-08,0.2326596293708982,False
iv_term_structure_z,ZTS,1,2014-05-07,2014-05-07,2014-05-08,0.1021723825045221,False
iv_term_structure_z,REL,1,2014-05-07,2014-05-07,2014-05-08,-1.082577101541448,False
iv_term_structure_z,ADP,1,2014-05-07,2014-05-07,2014-05-08,-0.2639036226562453,False
iv_term_structure_z,CMG,1,2014-05-07,2014-05-07,2014-05-08,-1.045609037054789,False
iv_term_structure_z,RMS,1,2014-05-07,2014-05-07,2014-05-08,-0.3093188710148946,False
iv_term_structure_z,GM,1,2014-05-07,2014-05-07,2014-05-08,-1.680563973227718,False
iv_term_structure_z,MAR,1,2014-05-07,2014-05-07,2014-05-08,-0.7499152467455502,False
iv_term_structure_z,LYV,1,2014-05-07,2014-05-07,2014-05-08,-0.5227885076350735,False
iv_term_structure_z,TKO,1,2014-05-07,2014-05-07,2014-05-08,0.1813811566950717,False
iv_term_structure_z,MO,1,2014-05-07,2014-05-07,2014-05-08,-0.7463350752060827,False
iv_term_structure_z,GRMN,1,2014-05-07,2014-05-07,2014-05-08,-0.779787170236649,False
iv_term_structure_z,CL,1,2014-05-07,2014-05-07,2014-05-08,-0.5812301282721859,False
iv_term_structure_z,MNST,1,2014-05-07,2014-05-07,2014-05-08,1.099857705854632,False
iv_term_structure_z,SLB,1,2014-05-07,2014-05-07,2014-05-08,-1.617272441245948,False
iv_term_structure_z,COP,1,2014-05-07,2014-05-07,2014-05-08,2.929010477223841,False
iv_term_structure_z,APD,1,2014-05-07,2014-05-07,2014-05-08,-1.560905977109245,False
iv_term_structure_z,NRG,1,2014-05-07,2014-05-07,2014-05-08,1.193377521480438,False
iv_term_structure_z,ENEL,1,2014-05-07,2014-05-07,2014-05-08,1.382761661171948,False
iv_term_structure_z,WELL,1,2014-05-07,2014-05-07,2014-05-08,0.7314625831975132,False
vol_risk_premium,285A,4597,2014-01-02,2026-08-03,2026-08-04,41.92270000000001,False
vol_risk_premium,6146,4262,2014-01-02,2025-09-02,2025-09-03,37.3479,False
vol_risk_premium,SNDK,4085,2014-01-02,2025-03-09,2025-03-10,-71.38499999999999,False
vol_risk_premium,GEV,3760,2014-01-02,2024-04-18,2024-04-19,-18.2318,False
vol_risk_premium,RDDT,3753,2014-01-02,2024-04-11,2024-04-12,-62.95510000000002,False
vol_risk_premium,ARM,3563,2014-01-02,2023-10-04,2023-10-05,-57.2075,False
vol_risk_premium,CEG,2961,2014-01-02,2022-02-09,2022-02-10,-35.8499,False
vol_risk_premium,UMG,2841,2014-01-02,2021-10-12,2021-10-13,-2.373600000000003,False
vol_risk_premium,APP,2681,2014-01-02,2021-05-05,2021-05-06,-29.44309999999999,False
vol_risk_premium,RBLX,2645,2014-01-02,2021-03-30,2021-03-31,-75.02530000000002,False
vol_risk_premium,ABNB,2559,2014-01-02,2021-01-03,2021-01-04,-210.1582,False
vol_risk_premium,DASH,2555,2014-01-02,2020-12-30,2020-12-31,-184.2911,False
vol_risk_premium,PLTR,2484,2014-01-02,2020-10-20,2020-10-21,-15.75750000000001,False
vol_risk_premium,SNOW,2470,2014-01-02,2020-10-06,2020-10-07,-246.3645,False
vol_risk_premium,VRT,2260,2014-01-02,2020-03-10,2020-03-11,136.0802,False
vol_risk_premium,DDOG,2107,2014-01-02,2019-10-09,2019-10-10,-80.0916,False
vol_risk_premium,NET,2101,2014-01-02,2019-10-03,2019-10-04,-15.81189999999999,False
vol_risk_premium,CRWD,2008,2014-01-02,2019-07-02,2019-07-03,-163.504,False
vol_risk_premium,UBER,1978,2014-01-02,2019-06-02,2019-06-03,-17.04950000000001,False
vol_risk_premium,DELL,1841,2014-01-02,2019-01-16,2019-01-17,-16.9051,False
vol_risk_premium,BE,1698,2014-01-02,2018-08-26,2018-08-27,-142.8912,False
vol_risk_premium,SPOT,1573,2014-01-02,2018-04-23,2018-04-24,-4.048699999999997,False
vol_risk_premium,ZS,1558,2014-01-02,2018-04-08,2018-04-09,-237.0226,False
vol_risk_premium,VST,1233,2014-01-02,2017-05-18,2017-05-19,33.63330000000001,False
vol_risk_premium,TTD,1201,2014-01-02,2017-04-16,2017-04-17,-207.4193,False
vol_risk_premium,HWM,1056,2014-01-02,2016-11-22,2016-11-23,-2.7898,False
vol_risk_premium,TEAM,732,2014-01-02,2016-01-03,2016-01-04,-65.5304,False
vol_risk_premium,RACE,678,2014-01-02,2015-11-10,2015-11-11,6.4786,False
vol_risk_premium,HPE,677,2014-01-02,2015-11-09,2015-11-10,7.02790000000001,False
vol_risk_premium,LITE,592,2014-01-02,2015-08-16,2015-08-17,-4.566400000000016,False
vol_risk_premium,PYPL,572,2014-01-02,2015-07-27,2015-07-28,-8.811100000000003,False
vol_risk_premium,000660,320,2014-01-02,2014-11-17,2014-11-18,3.814700000000002,False
vol_risk_premium,KEYS,313,2014-01-02,2014-11-10,2014-11-11,18.6951,False
vol_risk_premium,ANET,211,2014-01-02,2014-07-31,2014-08-01,-40.92190000000001,False
vol_risk_premium,8316,5,2014-01-02,2014-01-06,2014-01-07,4.308799999999998,False
vol_risk_premium,7011,5,2014-01-02,2014-01-06,2014-01-07,3.354100000000003,False
vol_risk_premium,9433,5,2014-01-02,2014-01-06,2014-01-07,-2.283100000000005,False
vol_risk_premium,9432,5,2014-01-02,2014-01-06,2014-01-07,2.233499999999999,False
vol_risk_premium,4063,5,2014-01-02,2014-01-06,2014-01-07,3.644500000000001,False
vol_risk_premium,8306,5,2014-01-02,2014-01-06,2014-01-07,-2.913699999999999,False
vol_risk_premium,6981,5,2014-01-02,2014-01-06,2014-01-07,11.584,False
vol_risk_premium,7203,5,2014-01-02,2014-01-06,2014-01-07,2.682499999999997,False
vol_risk_premium,7974,5,2014-01-02,2014-01-06,2014-01-07,9.319100000000002,False
vol_risk_premium,6857,5,2014-01-02,2014-01-06,2014-01-07,-1.026699999999998,False
vol_risk_premium,8035,5,2014-01-02,2014-01-06,2014-01-07,16.6065,False
vol_risk_premium,6758,5,2014-01-02,2014-01-06,2014-01-07,8.2668,False
vol_risk_premium,SBUX,4,2014-01-02,2014-01-05,2014-01-06,6.970400000000001,False
vol_risk_premium,ABBN,4,2014-01-02,2014-01-05,2014-01-06,1.0776,False
vol_risk_premium,NOVN,4,2014-01-02,2014-01-05,2014-01-06,0.3483000000000001,False
vol_risk_premium,NESN,4,2014-01-02,2014-01-05,2014-01-06,0.4839000000000002,False
vol_risk_premium,AON,4,2014-01-02,2014-01-05,2014-01-06,7.086499999999999,False
vol_risk_premium,ZURN,4,2014-01-02,2014-01-05,2014-01-06,0.7446000000000002,False
vol_risk_premium,CVX,4,2014-01-02,2014-01-05,2014-01-06,0.9330999999999996,False
vol_risk_premium,ROP,4,2014-01-02,2014-01-05,2014-01-06,-0.04720000000000013,False
vol_risk_premium,UBSG,4,2014-01-02,2014-01-05,2014-01-06,1.000799999999998,False
vol_risk_premium,CFR,4,2014-01-02,2014-01-05,2014-01-06,4.563200000000002,False
vol_risk_premium,UCG,4,2014-01-02,2014-01-05,2014-01-06,5.669,False
vol_risk_premium,MU,1,2014-01-02,2014-01-02,2014-01-03,19.5588,False
vol_risk_premium,PANW,1,2014-01-02,2014-01-02,2014-01-03,6.740600000000001,False
vol_risk_premium,AMAT,1,2014-01-02,2014-01-02,2014-01-03,6.845500000000001,False
vol_risk_premium,LRCX,1,2014-01-02,2014-01-02,2014-01-03,8.369100000000003,False
vol_risk_premium,MPC,1,2014-01-02,2014-01-02,2014-01-03,-2.7532,False
vol_risk_premium,WFC,1,2014-01-02,2014-01-02,2014-01-03,2.9176,False
vol_risk_premium,JNJ,1,2014-01-02,2014-01-02,2014-01-03,0.1974,False
vol_risk_premium,GLW,1,2014-01-02,2014-01-02,2014-01-03,11.2753,False
vol_risk_premium,TER,1,2014-01-02,2014-01-02,2014-01-03,12.3236,False
vol_risk_premium,NFLX,1,2014-01-02,2014-01-02,2014-01-03,27.9921,False
vol_risk_premium,CRM,1,2014-01-02,2014-01-02,2014-01-03,4.2773,False
vol_risk_premium,AMD,1,2014-01-02,2014-01-02,2014-01-03,30.7734,False
vol_risk_premium,PLD,1,2014-01-02,2014-01-02,2014-01-03,4.433699999999998,False
vol_risk_premium,TMUS,1,2014-01-02,2014-01-02,2014-01-03,-2.0824,False
vol_risk_premium,EQIX,1,2014-01-02,2014-01-02,2014-01-03,16.1029,False
vol_risk_premium,BAC,1,2014-01-02,2014-01-02,2014-01-03,4.0762,False
vol_risk_premium,TSM,1,2014-01-02,2014-01-02,2014-01-03,9.411399999999997,False
vol_risk_premium,TMO,1,2014-01-02,2014-01-02,2014-01-03,5.8262,False
vol_risk_premium,BX,1,2014-01-02,2014-01-02,2014-01-03,10.9994,False
vol_risk_premium,PWR,1,2014-01-02,2014-01-02,2014-01-03,5.7029,False
vol_risk_premium,STX,1,2014-01-02,2014-01-02,2014-01-03,8.330300000000001,False
vol_risk_premium,CDNS,1,2014-01-02,2014-01-02,2014-01-03,9.805700000000002,False
vol_risk_premium,MRVL,1,2014-01-02,2014-01-02,2014-01-03,11.041,False
vol_risk_premium,KLAC,1,2014-01-02,2014-01-02,2014-01-03,7.530799999999999,False
vol_risk_premium,BSX,1,2014-01-02,2014-01-02,2014-01-03,2.373100000000001,False
vol_risk_premium,DLR,1,2014-01-02,2014-01-02,2014-01-03,6.085599999999999,False
vol_risk_premium,BKNG,1,2014-01-02,2014-01-02,2014-01-03,8.741700000000002,False
vol_risk_premium,PM,1,2014-01-02,2014-01-02,2014-01-03,-0.6227,False
vol_risk_premium,AVGO,1,2014-01-02,2014-01-02,2014-01-03,-10.4062,False
vol_risk_premium,MSFT,1,2014-01-02,2014-01-02,2014-01-03,7.049500000000002,False
vol_risk_premium,GOOGL,1,2014-01-02,2014-01-02,2014-01-03,9.3665,False
vol_risk_premium,META,1,2014-01-02,2014-01-02,2014-01-03,16.7008,False
vol_risk_premium,AAPL,1,2014-01-02,2014-01-02,2014-01-03,8.098400000000002,False
vol_risk_premium,GS,1,2014-01-02,2014-01-02,2014-01-03,5.908200000000001,False
vol_risk_premium,COST,1,2014-01-02,2014-01-02,2014-01-03,3.7858,False
vol_risk_premium,HD,1,2014-01-02,2014-01-02,2014-01-03,3.834399999999999,False
vol_risk_premium,PG,1,2014-01-02,2014-01-02,2014-01-03,2.2721,False
vol_risk_premium,MCD,1,2014-01-02,2014-01-02,2014-01-03,0.1316000000000006,False
vol_risk_premium,WMT,1,2014-01-02,2014-01-02,2014-01-03,3.275400000000001,False
vol_risk_premium,CAT,1,2014-01-02,2014-01-02,2014-01-03,4.961500000000001,False
vol_risk_premium,HON,1,2014-01-02,2014-01-02,2014-01-03,3.419999999999998,False
vol_risk_premium,DE,1,2014-01-02,2014-01-02,2014-01-03,1.4132,False
vol_risk_premium,UNP,1,2014-01-02,2014-01-02,2014-01-03,5.307199999999998,False
vol_risk_premium,LMT,1,2014-01-02,2014-01-02,2014-01-03,0.3745999999999974,False
vol_risk_premium,ETN,1,2014-01-02,2014-01-02,2014-01-03,4.8734,False
vol_risk_premium,XOM,1,2014-01-02,2014-01-02,2014-01-03,-0.3172999999999995,False
vol_risk_premium,LNG,1,2014-01-02,2014-01-02,2014-01-03,8.264400000000002,False
vol_risk_premium,FCX,1,2014-01-02,2014-01-02,2014-01-03,9.0705,False
vol_risk_premium,LIN,1,2014-01-02,2014-01-02,2014-01-03,1.960799999999999,False
vol_risk_premium,NEE,1,2014-01-02,2014-01-02,2014-01-03,4.7593,False
vol_risk_premium,AMT,1,2014-01-02,2014-01-02,2014-01-03,5.048500000000001,False
vol_risk_premium,TSLA,1,2014-01-02,2014-01-02,2014-01-03,0.1430000000000007,False
vol_risk_premium,NVDA,1,2014-01-02,2014-01-02,2014-01-03,7.708600000000001,False
vol_risk_premium,AMZN,1,2014-01-02,2014-01-02,2014-01-03,15.6072,False
vol_risk_premium,005930,1,2014-01-02,2014-01-02,2014-01-03,-0.7663000000000011,False
vol_risk_premium,UNH,1,2014-01-02,2014-01-02,2014-01-03,8.201699999999999,False
vol_risk_premium,LLY,1,2014-01-02,2014-01-02,2014-01-03,2.429699999999999,False
vol_risk_premium,ISRG,1,2014-01-02,2014-01-02,2014-01-03,8.592500000000001,False
vol_risk_premium,ABBV,1,2014-01-02,2014-01-02,2014-01-03,1.525099999999998,False
vol_risk_premium,REGN,1,2014-01-02,2014-01-02,2014-01-03,13.1872,False
vol_risk_premium,JPM,1,2014-01-02,2014-01-02,2014-01-03,5.375300000000001,False
vol_risk_premium,V,1,2014-01-02,2014-01-02,2014-01-03,6.021600000000003,False
vol_risk_premium,MA,1,2014-01-02,2014-01-02,2014-01-03,10.8371,False
vol_risk_premium,BLK,1,2014-01-02,2014-01-02,2014-01-03,2.254000000000001,False
vol_risk_premium,SPGI,1,2014-01-02,2014-01-02,2014-01-03,5.768999999999998,False
vol_risk_premium,CS,1,2014-01-02,2014-01-02,2014-01-03,2.547699999999999,False
vol_risk_premium,LSEG,1,2014-01-02,2014-01-02,2014-01-03,6.598700000000001,False
vol_risk_premium,C,1,2014-01-02,2014-01-02,2014-01-03,7.374200000000002,False
vol_risk_premium,BN,1,2014-01-02,2014-01-02,2014-01-03,9.7555,False
vol_risk_premium,CME,1,2014-01-02,2014-01-02,2014-01-03,4.784400000000002,False
vol_risk_premium,KKR,1,2014-01-02,2014-01-02,2014-01-03,1.068200000000001,False
vol_risk_premium,AXP,1,2014-01-02,2014-01-02,2014-01-03,3.8405,False
vol_risk_premium,PGR,1,2014-01-02,2014-01-02,2014-01-03,2.658699999999998,False
vol_risk_premium,IFX,1,2014-01-02,2014-01-02,2014-01-03,5.385300000000001,False
vol_risk_premium,ADI,1,2014-01-02,2014-01-02,2014-01-03,1.821599999999997,False
vol_risk_premium,SCHW,1,2014-01-02,2014-01-02,2014-01-03,8.8706,False
vol_risk_premium,MS,1,2014-01-02,2014-01-02,2014-01-03,4.340900000000001,False
vol_risk_premium,ADBE,1,2014-01-02,2014-01-02,2014-01-03,-20.2768,False
vol_risk_premium,NOW,1,2014-01-02,2014-01-02,2014-01-03,1.506500000000003,False
vol_risk_premium,ACN,1,2014-01-02,2014-01-02,2014-01-03,-4.718,False
vol_risk_premium,IBM,1,2014-01-02,2014-01-02,2014-01-03,2.193199999999997,False
vol_risk_premium,HSBA,1,2014-01-02,2014-01-02,2014-01-03,5.9984,False
vol_risk_premium,SHEL,1,2014-01-02,2014-01-02,2014-01-03,1.809899999999999,False
vol_risk_premium,AZN,1,2014-01-02,2014-01-02,2014-01-03,0.5410000000000004,False
vol_risk_premium,ASML,1,2014-01-02,2014-01-02,2014-01-03,8.380199999999999,False
vol_risk_premium,TXN,1,2014-01-02,2014-01-02,2014-01-03,4.8055,False
vol_risk_premium,QCOM,1,2014-01-02,2014-01-02,2014-01-03,7.958,False
vol_risk_premium,RIO,1,2014-01-02,2014-01-02,2014-01-03,4.700900000000001,False
vol_risk_premium,NOVOB,1,2014-01-02,2014-01-02,2014-01-03,7.562200000000001,False
vol_risk_premium,SAP,1,2014-01-02,2014-01-02,2014-01-03,5.308,False
vol_risk_premium,RR/,1,2014-01-02,2014-01-02,2014-01-03,7.770000000000001,False
vol_risk_premium,MC,1,2014-01-02,2014-01-02,2014-01-03,4.3431,False
vol_risk_premium,WMB,1,2014-01-02,2014-01-02,2014-01-03,1.119699999999998,False
vol_risk_premium,SU,1,2014-01-02,2014-01-02,2014-01-03,-0.5182000000000002,False
vol_risk_premium,SIE,1,2014-01-02,2014-01-02,2014-01-03,3.466300000000002,False
vol_risk_premium,RHM,1,2014-01-02,2014-01-02,2014-01-03,3.649100000000001,False
vol_risk_premium,ALV,1,2014-01-02,2014-01-02,2014-01-03,2.8291,False
vol_risk_premium,MPWR,1,2014-01-02,2014-01-02,2014-01-03,17.8072,False
vol_risk_premium,ORCL,1,2014-01-02,2014-01-02,2014-01-03,-7.123899999999999,False
vol_risk_premium,INTC,1,2014-01-02,2014-01-02,2014-01-03,-1.3903,False
vol_risk_premium,CSCO,1,2014-01-02,2014-01-02,2014-01-03,7.414400000000001,False
vol_risk_premium,FN,1,2014-01-02,2014-01-02,2014-01-03,16.0939,False
vol_risk_premium,APH,1,2014-01-02,2014-01-02,2014-01-03,9.151,False
vol_risk_premium,MSI,1,2014-01-02,2014-01-02,2014-01-03,8.75,False
vol_risk_premium,ULVR,1,2014-01-02,2014-01-02,2014-01-03,0.2886999999999986,False
vol_risk_premium,FTNT,1,2014-01-02,2014-01-02,2014-01-03,5.172699999999999,False
vol_risk_premium,WDC,1,2014-01-02,2014-01-02,2014-01-03,13.0073,False
vol_risk_premium,SNPS,1,2014-01-02,2014-01-02,2014-01-03,6.237299999999999,False
vol_risk_premium,INTU,1,2014-01-02,2014-01-02,2014-01-03,6.390999999999998,False
vol_risk_premium,IBE,1,2014-01-02,2014-01-02,2014-01-03,8.138900000000001,False
vol_risk_premium,AI,1,2014-01-02,2014-01-02,2014-01-03,2.747099999999998,False
vol_risk_premium,ECL,1,2014-01-02,2014-01-02,2014-01-03,-0.5612999999999992,False
vol_risk_premium,CMCSA,1,2014-01-02,2014-01-02,2014-01-03,6.676099999999998,False
vol_risk_premium,ITX,1,2014-01-02,2014-01-02,2014-01-03,4.0685,False
vol_risk_premium,ABT,1,2014-01-02,2014-01-02,2014-01-03,0.2232000000000021,False
vol_risk_premium,VRTX,1,2014-01-02,2014-01-02,2014-01-03,15.2451,False
vol_risk_premium,DHR,1,2014-01-02,2014-01-02,2014-01-03,3.133300000000002,False
vol_risk_premium,SAN,1,2014-01-02,2014-01-02,2014-01-03,1.555699999999998,False
vol_risk_premium,GE,1,2014-01-02,2014-01-02,2014-01-03,4.660399999999999,False
vol_risk_premium,TT,1,2014-01-02,2014-01-02,2014-01-03,5.1235,False
vol_risk_premium,KO,1,2014-01-02,2014-01-02,2014-01-03,-0.01399999999999935,False
vol_risk_premium,PUB,1,2014-01-02,2014-01-02,2014-01-03,1.774199999999997,False
vol_risk_premium,TTWO,1,2014-01-02,2014-01-02,2014-01-03,13.6669,False
vol_risk_premium,T,1,2014-01-02,2014-01-02,2014-01-03,2.687100000000001,False
vol_risk_premium,VZ,1,2014-01-02,2014-01-02,2014-01-03,3.937000000000001,False
vol_risk_premium,TJX,1,2014-01-02,2014-01-02,2014-01-03,7.570500000000001,False
vol_risk_premium,LOW,1,2014-01-02,2014-01-02,2014-01-03,-5.938599999999997,False
vol_risk_premium,DTE,1,2014-01-02,2014-01-02,2014-01-03,1.342299999999998,False
vol_risk_premium,DIS,1,2014-01-02,2014-01-02,2014-01-03,4.648899999999998,False
vol_risk_premium,ORLY,1,2014-01-02,2014-01-02,2014-01-03,6.117599999999999,False
vol_risk_premium,NKE,1,2014-01-02,2014-01-02,2014-01-03,2.7971,False
vol_risk_premium,MCK,1,2014-01-02,2014-01-02,2014-01-03,8.4376,False
vol_risk_premium,SYK,1,2014-01-02,2014-01-02,2014-01-03,3.244400000000001,False
vol_risk_premium,MRK,1,2014-01-02,2014-01-02,2014-01-03,5.377500000000001,False
vol_risk_premium,AMGN,1,2014-01-02,2014-01-02,2014-01-03,6.2287,False
vol_risk_premium,SAF,1,2014-01-02,2014-01-02,2014-01-03,6.180299999999999,False
vol_risk_premium,AIR,1,2014-01-02,2014-01-02,2014-01-03,-4.351199999999999,False
vol_risk_premium,BNP,1,2014-01-02,2014-01-02,2014-01-03,8.2502,False
vol_risk_premium,AXON,1,2014-01-02,2014-01-02,2014-01-03,7.710999999999999,False
vol_risk_premium,EMR,1,2014-01-02,2014-01-02,2014-01-03,3.202399999999999,False
vol_risk_premium,RTX,1,2014-01-02,2014-01-02,2014-01-03,1.884500000000001,False
vol_risk_premium,COF,1,2014-01-02,2014-01-02,2014-01-03,9.626999999999999,False
vol_risk_premium,MUV2,1,2014-01-02,2014-01-02,2014-01-03,5.817300000000001,False
vol_risk_premium,ICE,1,2014-01-02,2014-01-02,2014-01-03,3.848300000000002,False
vol_risk_premium,MCO,1,2014-01-02,2014-01-02,2014-01-03,4.5335,False
vol_risk_premium,NXPI,1,2014-01-02,2014-01-02,2014-01-03,6.771799999999995,False
vol_risk_premium,ADSK,1,2014-01-02,2014-01-02,2014-01-03,0.4578999999999986,False
vol_risk_premium,CB,1,2014-01-02,2014-01-02,2014-01-03,-0.477800000000002,False
vol_risk_premium,BRK/B,1,2014-01-02,2014-01-02,2014-01-03,-0.05460000000000065,False
vol_risk_premium,DSY,1,2014-01-02,2014-01-02,2014-01-03,4.941500000000001,False
vol_risk_premium,WDAY,1,2014-01-02,2014-01-02,2014-01-03,-10.9676,False
vol_risk_premium,SHW,1,2014-01-02,2014-01-02,2014-01-03,10.7815,False
vol_risk_premium,ON,1,2014-01-02,2014-01-02,2014-01-03,23.3106,False
vol_risk_premium,VRSN,1,2014-01-02,2014-01-02,2014-01-03,13.5653,False
vol_risk_premium,SO,1,2014-01-02,2014-01-02,2014-01-03,2.997400000000001,False
vol_risk_premium,TTE,1,2014-01-02,2014-01-02,2014-01-03,-0.05219999999999914,False
vol_risk_premium,NEM,1,2014-01-02,2014-01-02,2014-01-03,3.131299999999996,False
vol_risk_premium,OR,1,2014-01-02,2014-01-02,2014-01-03,4.237499999999997,False
vol_risk_premium,MDLZ,1,2014-01-02,2014-01-02,2014-01-03,5.100099999999999,False
vol_risk_premium,COHR,1,2014-01-02,2014-01-02,2014-01-03,23.1791,False
vol_risk_premium,PEP,1,2014-01-02,2014-01-02,2014-01-03,3.0207,False
vol_risk_premium,BNY,1,2014-01-02,2014-01-02,2014-01-03,4.7225,False
vol_risk_premium,IBKR,1,2014-01-02,2014-01-02,2014-01-03,9.975100000000001,False
vol_risk_premium,APO,1,2014-01-02,2014-01-02,2014-01-03,7.4909,False
vol_risk_premium,MSCI,1,2014-01-02,2014-01-02,2014-01-03,7.049100000000001,False
vol_risk_premium,MRSH,1,2014-01-02,2014-01-02,2014-01-03,4.967400000000001,False
vol_risk_premium,ASM,1,2014-01-02,2014-01-02,2014-01-03,3.129200000000001,False
vol_risk_premium,FICO,1,2014-01-02,2014-01-02,2014-01-03,-1.702400000000001,False
vol_risk_premium,WM,1,2014-01-02,2014-01-02,2014-01-03,3.0937,False
vol_risk_premium,PH,1,2014-01-02,2014-01-02,2014-01-03,2.340899999999998,False
vol_risk_premium,GILD,1,2014-01-02,2014-01-02,2014-01-03,3.107499999999998,False
vol_risk_premium,MDT,1,2014-01-02,2014-01-02,2014-01-03,0.9052000000000024,False
vol_risk_premium,PFE,1,2014-01-02,2014-01-02,2014-01-03,1.238,False
vol_risk_premium,HCA,1,2014-01-02,2014-01-02,2014-01-03,5.169799999999999,False
vol_risk_premium,ZTS,1,2014-01-02,2014-01-02,2014-01-03,8.9951,False
vol_risk_premium,REL,1,2014-01-02,2014-01-02,2014-01-03,6.055399999999999,False
vol_risk_premium,ADP,1,2014-01-02,2014-01-02,2014-01-03,1.855399999999999,False
vol_risk_premium,CMG,1,2014-01-02,2014-01-02,2014-01-03,14.9095,False
vol_risk_premium,RMS,1,2014-01-02,2014-01-02,2014-01-03,-1.575999999999997,False
vol_risk_premium,GM,1,2014-01-02,2014-01-02,2014-01-03,6.802299999999999,False
vol_risk_premium,MAR,1,2014-01-02,2014-01-02,2014-01-03,6.141499999999999,False
vol_risk_premium,LYV,1,2014-01-02,2014-01-02,2014-01-03,8.108,False
vol_risk_premium,TKO,1,2014-01-02,2014-01-02,2014-01-03,-0.3100000000000023,False
vol_risk_premium,MO,1,2014-01-02,2014-01-02,2014-01-03,1.7073,False
vol_risk_premium,GRMN,1,2014-01-02,2014-01-02,2014-01-03,11.0011,False
vol_risk_premium,CL,1,2014-01-02,2014-01-02,2014-01-03,2.522499999999999,False
vol_risk_premium,MNST,1,2014-01-02,2014-01-02,2014-01-03,9.4254,False
vol_risk_premium,SLB,1,2014-01-02,2014-01-02,2014-01-03,3.854499999999998,False
vol_risk_premium,COP,1,2014-01-02,2014-01-02,2014-01-03,3.5375,False
vol_risk_premium,APD,1,2014-01-02,2014-01-02,2014-01-03,4.821199999999997,False
vol_risk_premium,NRG,1,2014-01-02,2014-01-02,2014-01-03,10.8526,False
vol_risk_premium,ENEL,1,2014-01-02,2014-01-02,2014-01-03,2.955400000000001,False
vol_risk_premium,WELL,1,2014-01-02,2014-01-02,2014-01-03,1.578900000000001,False
vol_risk_premium_z,6146,4262,2014-05-07,2026-01-05,2026-01-06,0.8228907651562275,False
vol_risk_premium_z,VRT,690,2018-08-24,2020-07-13,2020-07-14,15.81151378755071,False
vol_risk_premium_z,285A,625,2025-01-15,2026-10-01,,-15.81151378755272,True
vol_risk_premium_z,VST,330,2016-10-26,2017-09-20,2017-09-21,15.81151378755266,False
vol_risk_premium_z,000660,320,2014-05-07,2015-03-22,2015-03-23,1.496877190073379,False
vol_risk_premium_z,TTD,312,2016-10-12,2017-08-19,2017-08-20,15.81151378755268,False
vol_risk_premium_z,ANET,160,2014-06-27,2014-12-03,2014-12-04,13.22897009284978,False
vol_risk_premium_z,HWM,145,2016-11-03,2017-03-27,2017-03-28,15.81151378755267,False
vol_risk_premium_z,UMG,144,2021-09-24,2022-02-14,2022-02-15,-15.81151378755267,False
vol_risk_premium_z,ABNB,143,2020-12-17,2021-05-08,2021-05-09,-15.81151378755265,False
vol_risk_premium_z,RDDT,142,2024-03-26,2024-08-14,2024-08-15,-15.81151378755268,False
vol_risk_premium_z,UBER,142,2019-05-17,2019-10-05,2019-10-06,-15.81151378755264,False
vol_risk_premium_z,ARM,141,2023-09-19,2024-02-06,2024-02-07,-15.81151378755273,False
vol_risk_premium_z,DASH,140,2020-12-16,2021-05-04,2021-05-05,-15.81151378755287,False
vol_risk_premium_z,DELL,140,2019-01-02,2019-05-21,2019-05-22,-15.81151378755265,False
vol_risk_premium_z,ZS,139,2018-03-26,2018-08-11,2018-08-12,-15.8115137875525,False
vol_risk_premium_z,RBLX,139,2021-03-17,2021-08-02,2021-08-03,-15.81151378755267,False
vol_risk_premium_z,APP,139,2021-04-22,2021-09-07,2021-09-08,-15.81151378755268,False
vol_risk_premium_z,SNOW,139,2020-09-23,2021-02-08,2021-02-09,15.81151378755267,False
vol_risk_premium_z,PLTR,139,2020-10-07,2021-02-22,2021-02-23,-15.81151378755267,False
vol_risk_premium_z,TEAM,139,2015-12-21,2016-05-07,2016-05-08,-15.81151378755267,False
vol_risk_premium_z,CRWD,139,2019-06-19,2019-11-04,2019-11-05,15.81151378755265,False
vol_risk_premium_z,SPOT,139,2018-04-10,2018-08-26,2018-08-27,15.81151378755267,False
vol_risk_premium_z,BE,137,2018-08-15,2018-12-29,2018-12-30,15.8115137875527,False
vol_risk_premium_z,RACE,137,2015-10-30,2016-03-14,2016-03-15,-15.81151378755267,False
vol_risk_premium_z,GEV,136,2024-04-08,2024-08-21,2024-08-22,-15.81151378755267,False
vol_risk_premium_z,LITE,136,2015-08-06,2015-12-19,2015-12-20,-15.81151378755267,False
vol_risk_premium_z,NET,134,2019-09-25,2020-02-05,2020-02-06,15.81151378755267,False
vol_risk_premium_z,DDOG,132,2019-10-03,2020-02-11,2020-02-12,15.81151378755268,False
vol_risk_premium_z,KEYS,132,2014-11-04,2015-03-15,2015-03-16,15.81151378755267,False
vol_risk_premium_z,HPE,132,2015-11-03,2016-03-13,2016-03-14,-15.81151378755267,False
vol_risk_premium_z,PYPL,132,2015-07-21,2015-11-29,2015-11-30,-15.81151378755267,False
vol_risk_premium_z,SNDK,131,2025-03-04,2025-07-12,2025-07-13,15.81151378755268,False
vol_risk_premium_z,CEG,125,2022-02-10,2022-06-14,2022-06-15,15.81151378755267,False
vol_risk_premium_z,8316,5,2014-05-07,2014-05-11,2014-05-12,-0.8776487894001667,False
vol_risk_premium_z,7011,5,2014-05-07,2014-05-11,2014-05-12,0.5212600379360766,False
vol_risk_premium_z,9433,5,2014-05-07,2014-05-11,2014-05-12,-0.8587395372595419,False
vol_risk_premium_z,9432,5,2014-05-07,2014-05-11,2014-05-12,1.12129415068366,False
vol_risk_premium_z,4063,5,2014-05-07,2014-05-11,2014-05-12,0.4132590340006441,False
vol_risk_premium_z,8306,5,2014-05-07,2014-05-11,2014-05-12,0.3582312827460575,False
vol_risk_premium_z,6981,5,2014-05-07,2014-05-11,2014-05-12,0.5286881628617054,False
vol_risk_premium_z,7203,5,2014-05-07,2014-05-11,2014-05-12,-0.1389551334080449,False
vol_risk_premium_z,7974,5,2014-05-07,2014-05-11,2014-05-12,1.599488229673906,False
vol_risk_premium_z,6857,5,2014-05-07,2014-05-11,2014-05-12,0.2562857328588357,False
vol_risk_premium_z,8035,5,2014-05-07,2014-05-11,2014-05-12,0.647678863930326,False
vol_risk_premium_z,6758,5,2014-05-07,2014-05-11,2014-05-12,0.1912877186210243,False
vol_risk_premium_z,SBUX,4,2014-05-07,2014-05-10,2014-05-11,-0.197811599059472,False
vol_risk_premium_z,ABBN,4,2014-05-07,2014-05-10,2014-05-11,-1.968521732390941,False
vol_risk_premium_z,NOVN,4,2014-05-07,2014-05-10,2014-05-11,-1.442871203809703,False
vol_risk_premium_z,NESN,4,2014-05-07,2014-05-10,2014-05-11,-0.3137341514324629,False
vol_risk_premium_z,AON,4,2014-05-07,2014-05-10,2014-05-11,-0.4892679466792585,False
vol_risk_premium_z,ZURN,4,2014-05-07,2014-05-10,2014-05-11,0.6937751286418115,False
vol_risk_premium_z,CVX,4,2014-05-07,2014-05-10,2014-05-11,0.08741701762947292,False
vol_risk_premium_z,ROP,4,2014-05-07,2014-05-10,2014-05-11,1.690853812880334,False
vol_risk_premium_z,UBSG,4,2014-05-07,2014-05-10,2014-05-11,0.9864636800742282,False
vol_risk_premium_z,CFR,4,2014-05-07,2014-05-10,2014-05-11,2.245430835824374,False
vol_risk_premium_z,UCG,4,2014-05-07,2014-05-10,2014-05-11,0.3661484170494277,False
vol_risk_premium_z,MU,1,2014-05-07,2014-05-07,2014-05-08,-1.310793925397417,False
vol_risk_premium_z,PANW,1,2014-05-07,2014-05-07,2014-05-08,0.1676267758977141,False
vol_risk_premium_z,AMAT,1,2014-05-07,2014-05-07,2014-05-08,0.721123274929183,False
vol_risk_premium_z,LRCX,1,2014-05-07,2014-05-07,2014-05-08,-2.274816311921815,False
vol_risk_premium_z,MPC,1,2014-05-07,2014-05-07,2014-05-08,-0.2312305299310889,False
vol_risk_premium_z,WFC,1,2014-05-07,2014-05-07,2014-05-08,-0.8764753528077303,False
vol_risk_premium_z,JNJ,1,2014-05-07,2014-05-07,2014-05-08,-0.1000841679574044,False
vol_risk_premium_z,GLW,1,2014-05-07,2014-05-07,2014-05-08,-0.01598449444341351,False
vol_risk_premium_z,TER,1,2014-05-07,2014-05-07,2014-05-08,-1.315613755153145,False
vol_risk_premium_z,NFLX,1,2014-05-07,2014-05-07,2014-05-08,-0.5341073329864595,False
vol_risk_premium_z,CRM,1,2014-05-07,2014-05-07,2014-05-08,0.5271591285944078,False
vol_risk_premium_z,AMD,1,2014-05-07,2014-05-07,2014-05-08,-1.243952848028303,False
vol_risk_premium_z,PLD,1,2014-05-07,2014-05-07,2014-05-08,0.3902088646796035,False
vol_risk_premium_z,TMUS,1,2014-05-07,2014-05-07,2014-05-08,-0.8822476332701252,False
vol_risk_premium_z,EQIX,1,2014-05-07,2014-05-07,2014-05-08,-0.4856769286587651,False
vol_risk_premium_z,BAC,1,2014-05-07,2014-05-07,2014-05-08,-2.529150016718131,False
vol_risk_premium_z,TSM,1,2014-05-07,2014-05-07,2014-05-08,-1.13304631643778,False
vol_risk_premium_z,TMO,1,2014-05-07,2014-05-07,2014-05-08,-0.4753778436335702,False
vol_risk_premium_z,BX,1,2014-05-07,2014-05-07,2014-05-08,-0.9506110251248712,False
vol_risk_premium_z,PWR,1,2014-05-07,2014-05-07,2014-05-08,-0.3237864602451191,False
vol_risk_premium_z,STX,1,2014-05-07,2014-05-07,2014-05-08,0.4079556906136658,False
vol_risk_premium_z,CDNS,1,2014-05-07,2014-05-07,2014-05-08,-1.120510453596385,False
vol_risk_premium_z,MRVL,1,2014-05-07,2014-05-07,2014-05-08,0.8102397449572994,False
vol_risk_premium_z,KLAC,1,2014-05-07,2014-05-07,2014-05-08,-2.43936432896479,False
vol_risk_premium_z,BSX,1,2014-05-07,2014-05-07,2014-05-08,-2.122501269088484,False
vol_risk_premium_z,DLR,1,2014-05-07,2014-05-07,2014-05-08,-0.08288538146479577,False
vol_risk_premium_z,BKNG,1,2014-05-07,2014-05-07,2014-05-08,-0.6003880073817321,False
vol_risk_premium_z,PM,1,2014-05-07,2014-05-07,2014-05-08,0.7395700200731383,False
vol_risk_premium_z,AVGO,1,2014-05-07,2014-05-07,2014-05-08,-0.01716969545970801,False
vol_risk_premium_z,MSFT,1,2014-05-07,2014-05-07,2014-05-08,-0.7049991590149931,False
vol_risk_premium_z,GOOGL,1,2014-05-07,2014-05-07,2014-05-08,-1.252919973362296,False
vol_risk_premium_z,META,1,2014-05-07,2014-05-07,2014-05-08,-0.5988053218894414,False
vol_risk_premium_z,AAPL,1,2014-05-07,2014-05-07,2014-05-08,-1.152883576320559,False
vol_risk_premium_z,GS,1,2014-05-07,2014-05-07,2014-05-08,-1.473275463784449,False
vol_risk_premium_z,COST,1,2014-05-07,2014-05-07,2014-05-08,1.960133793195288,False
vol_risk_premium_z,HD,1,2014-05-07,2014-05-07,2014-05-08,1.138875272285011,False
vol_risk_premium_z,PG,1,2014-05-07,2014-05-07,2014-05-08,-0.06943152751410704,False
vol_risk_premium_z,MCD,1,2014-05-07,2014-05-07,2014-05-08,2.229316726012342,False
vol_risk_premium_z,WMT,1,2014-05-07,2014-05-07,2014-05-08,0.8772827975779184,False
vol_risk_premium_z,CAT,1,2014-05-07,2014-05-07,2014-05-08,0.1181839082721219,False
vol_risk_premium_z,HON,1,2014-05-07,2014-05-07,2014-05-08,-0.7873980761535474,False
vol_risk_premium_z,DE,1,2014-05-07,2014-05-07,2014-05-08,0.3942050663446076,False
vol_risk_premium_z,UNP,1,2014-05-07,2014-05-07,2014-05-08,-0.6940708734862596,False
vol_risk_premium_z,LMT,1,2014-05-07,2014-05-07,2014-05-08,-1.31787477186779,False
vol_risk_premium_z,ETN,1,2014-05-07,2014-05-07,2014-05-08,-0.8742589879588731,False
vol_risk_premium_z,XOM,1,2014-05-07,2014-05-07,2014-05-08,1.194687649495511,False
vol_risk_premium_z,LNG,1,2014-05-07,2014-05-07,2014-05-08,-0.9338456110084576,False
vol_risk_premium_z,FCX,1,2014-05-07,2014-05-07,2014-05-08,0.8826637592715283,False
vol_risk_premium_z,LIN,1,2014-05-07,2014-05-07,2014-05-08,-0.4646081258089796,False
vol_risk_premium_z,NEE,1,2014-05-07,2014-05-07,2014-05-08,-0.8496020369014484,False
vol_risk_premium_z,AMT,1,2014-05-07,2014-05-07,2014-05-08,-0.4955148328186915,False
vol_risk_premium_z,TSLA,1,2014-05-07,2014-05-07,2014-05-08,0.6476824862867607,False
vol_risk_premium_z,NVDA,1,2014-05-07,2014-05-07,2014-05-08,-0.4154054448030426,False
vol_risk_premium_z,AMZN,1,2014-05-07,2014-05-07,2014-05-08,-0.8617634242878381,False
vol_risk_premium_z,005930,1,2014-05-07,2014-05-07,2014-05-08,-0.1699675808239518,False
vol_risk_premium_z,UNH,1,2014-05-07,2014-05-07,2014-05-08,-1.733575188704872,False
vol_risk_premium_z,LLY,1,2014-05-07,2014-05-07,2014-05-08,0.819125790074393,False
vol_risk_premium_z,ISRG,1,2014-05-07,2014-05-07,2014-05-08,-1.527442857816254,False
vol_risk_premium_z,ABBV,1,2014-05-07,2014-05-07,2014-05-08,-2.357346751837838,False
vol_risk_premium_z,REGN,1,2014-05-07,2014-05-07,2014-05-08,-0.5280458085611003,False
vol_risk_premium_z,JPM,1,2014-05-07,2014-05-07,2014-05-08,-0.8321718498418428,False
vol_risk_premium_z,V,1,2014-05-07,2014-05-07,2014-05-08,-2.260613456138088,False
vol_risk_premium_z,MA,1,2014-05-07,2014-05-07,2014-05-08,-1.156016100279807,False
vol_risk_premium_z,BLK,1,2014-05-07,2014-05-07,2014-05-08,-0.2578448383251008,False
vol_risk_premium_z,SPGI,1,2014-05-07,2014-05-07,2014-05-08,-1.470603149289941,False
vol_risk_premium_z,CS,1,2014-05-07,2014-05-07,2014-05-08,0.09315297449658587,False
vol_risk_premium_z,LSEG,1,2014-05-07,2014-05-07,2014-05-08,-0.8480506080128898,False
vol_risk_premium_z,C,1,2014-05-07,2014-05-07,2014-05-08,-1.408190724313475,False
vol_risk_premium_z,BN,1,2014-05-07,2014-05-07,2014-05-08,0.1752953027430813,False
vol_risk_premium_z,CME,1,2014-05-07,2014-05-07,2014-05-08,-2.218086420838234,False
vol_risk_premium_z,KKR,1,2014-05-07,2014-05-07,2014-05-08,-1.43941711792658,False
vol_risk_premium_z,AXP,1,2014-05-07,2014-05-07,2014-05-08,-1.452772301856138,False
vol_risk_premium_z,PGR,1,2014-05-07,2014-05-07,2014-05-08,0.2273733486608928,False
vol_risk_premium_z,IFX,1,2014-05-07,2014-05-07,2014-05-08,0.01193681105626517,False
vol_risk_premium_z,ADI,1,2014-05-07,2014-05-07,2014-05-08,-0.9216812620675111,False
vol_risk_premium_z,SCHW,1,2014-05-07,2014-05-07,2014-05-08,-0.7072121436857826,False
vol_risk_premium_z,MS,1,2014-05-07,2014-05-07,2014-05-08,-0.8817627515595328,False
vol_risk_premium_z,ADBE,1,2014-05-07,2014-05-07,2014-05-08,0.3078852226828712,False
vol_risk_premium_z,NOW,1,2014-05-07,2014-05-07,2014-05-08,-1.343526270934888,False
vol_risk_premium_z,ACN,1,2014-05-07,2014-05-07,2014-05-08,-0.2608875910012208,False
vol_risk_premium_z,IBM,1,2014-05-07,2014-05-07,2014-05-08,-0.3732115563531835,False
vol_risk_premium_z,HSBA,1,2014-05-07,2014-05-07,2014-05-08,0.6919884432772371,False
vol_risk_premium_z,SHEL,1,2014-05-07,2014-05-07,2014-05-08,-1.196797786720706,False
vol_risk_premium_z,AZN,1,2014-05-07,2014-05-07,2014-05-08,-2.937911355699642,False
vol_risk_premium_z,ASML,1,2014-05-07,2014-05-07,2014-05-08,-0.3150828937360388,False
vol_risk_premium_z,TXN,1,2014-05-07,2014-05-07,2014-05-08,-2.272868879612669,False
vol_risk_premium_z,QCOM,1,2014-05-07,2014-05-07,2014-05-08,-0.8685259061005642,False
vol_risk_premium_z,RIO,1,2014-05-07,2014-05-07,2014-05-08,-1.444748937819838,False
vol_risk_premium_z,NOVOB,1,2014-05-07,2014-05-07,2014-05-08,-0.7570104599556561,False
vol_risk_premium_z,SAP,1,2014-05-07,2014-05-07,2014-05-08,-2.381686513332061,False
vol_risk_premium_z,RR/,1,2014-05-07,2014-05-07,2014-05-08,0.4338370824550293,False
vol_risk_premium_z,MC,1,2014-05-07,2014-05-07,2014-05-08,0.455299955223447,False
vol_risk_premium_z,WMB,1,2014-05-07,2014-05-07,2014-05-08,-0.7444429996967944,False
vol_risk_premium_z,SU,1,2014-05-07,2014-05-07,2014-05-08,-1.236707763424548,False
vol_risk_premium_z,SIE,1,2014-05-07,2014-05-07,2014-05-08,-0.3431683857303899,False
vol_risk_premium_z,RHM,1,2014-05-07,2014-05-07,2014-05-08,1.087557482576978,False
vol_risk_premium_z,ALV,1,2014-05-07,2014-05-07,2014-05-08,3.150035517695689,False
vol_risk_premium_z,MPWR,1,2014-05-07,2014-05-07,2014-05-08,-0.9947861973549579,False
vol_risk_premium_z,ORCL,1,2014-05-07,2014-05-07,2014-05-08,-0.4870680225941674,False
vol_risk_premium_z,INTC,1,2014-05-07,2014-05-07,2014-05-08,-0.6376637798906585,False
vol_risk_premium_z,CSCO,1,2014-05-07,2014-05-07,2014-05-08,0.251536435859692,False
vol_risk_premium_z,FN,1,2014-05-07,2014-05-07,2014-05-08,-2.53440272425083,False
vol_risk_premium_z,APH,1,2014-05-07,2014-05-07,2014-05-08,-0.582322307266626,False
vol_risk_premium_z,MSI,1,2014-05-07,2014-05-07,2014-05-08,-0.8081872505227161,False
vol_risk_premium_z,ULVR,1,2014-05-07,2014-05-07,2014-05-08,-0.4011980984062335,False
vol_risk_premium_z,FTNT,1,2014-05-07,2014-05-07,2014-05-08,-1.065837232691776,False
vol_risk_premium_z,WDC,1,2014-05-07,2014-05-07,2014-05-08,-2.828045705014808,False
vol_risk_premium_z,SNPS,1,2014-05-07,2014-05-07,2014-05-08,0.5591939394377958,False
vol_risk_premium_z,INTU,1,2014-05-07,2014-05-07,2014-05-08,0.4081337738688332,False
vol_risk_premium_z,IBE,1,2014-05-07,2014-05-07,2014-05-08,-0.5562046992772857,False
vol_risk_premium_z,AI,1,2014-05-07,2014-05-07,2014-05-08,0.2750104089572339,False
vol_risk_premium_z,ECL,1,2014-05-07,2014-05-07,2014-05-08,-0.9697519929473087,False
vol_risk_premium_z,CMCSA,1,2014-05-07,2014-05-07,2014-05-08,-1.074095888616613,False
vol_risk_premium_z,ITX,1,2014-05-07,2014-05-07,2014-05-08,1.083063811077182,False
vol_risk_premium_z,ABT,1,2014-05-07,2014-05-07,2014-05-08,0.567801600154208,False
vol_risk_premium_z,VRTX,1,2014-05-07,2014-05-07,2014-05-08,1.877484915637434,False
vol_risk_premium_z,DHR,1,2014-05-07,2014-05-07,2014-05-08,-0.2849783635483458,False
vol_risk_premium_z,SAN,1,2014-05-07,2014-05-07,2014-05-08,0.366143791962057,False
vol_risk_premium_z,GE,1,2014-05-07,2014-05-07,2014-05-08,0.2888316313857454,False
vol_risk_premium_z,TT,1,2014-05-07,2014-05-07,2014-05-08,-0.988964039843276,False
vol_risk_premium_z,KO,1,2014-05-07,2014-05-07,2014-05-08,-0.2990731450537601,False
vol_risk_premium_z,PUB,1,2014-05-07,2014-05-07,2014-05-08,-1.353971329068503,False
vol_risk_premium_z,TTWO,1,2014-05-07,2014-05-07,2014-05-08,0.7750742355364255,False
vol_risk_premium_z,T,1,2014-05-07,2014-05-07,2014-05-08,-0.814525168624298,False
vol_risk_premium_z,VZ,1,2014-05-07,2014-05-07,2014-05-08,-0.6009560659474003,False
vol_risk_premium_z,TJX,1,2014-05-07,2014-05-07,2014-05-08,-0.2781683645081033,False
vol_risk_premium_z,LOW,1,2014-05-07,2014-05-07,2014-05-08,0.02779744251774897,False
vol_risk_premium_z,DTE,1,2014-05-07,2014-05-07,2014-05-08,2.016674981267852,False
vol_risk_premium_z,DIS,1,2014-05-07,2014-05-07,2014-05-08,-0.1611831740481192,False
vol_risk_premium_z,ORLY,1,2014-05-07,2014-05-07,2014-05-08,0.07495169648174828,False
vol_risk_premium_z,NKE,1,2014-05-07,2014-05-07,2014-05-08,-0.5723980038192349,False
vol_risk_premium_z,MCK,1,2014-05-07,2014-05-07,2014-05-08,1.062156803732883,False
vol_risk_premium_z,SYK,1,2014-05-07,2014-05-07,2014-05-08,-1.282049973094597,False
vol_risk_premium_z,MRK,1,2014-05-07,2014-05-07,2014-05-08,-0.3073802971598218,False
vol_risk_premium_z,AMGN,1,2014-05-07,2014-05-07,2014-05-08,-2.064375014268771,False
vol_risk_premium_z,SAF,1,2014-05-07,2014-05-07,2014-05-08,-1.086800500137899,False
vol_risk_premium_z,AIR,1,2014-05-07,2014-05-07,2014-05-08,1.187569340109102,False
vol_risk_premium_z,BNP,1,2014-05-07,2014-05-07,2014-05-08,-1.081071463137833,False
vol_risk_premium_z,AXON,1,2014-05-07,2014-05-07,2014-05-08,-1.266866239112599,False
vol_risk_premium_z,EMR,1,2014-05-07,2014-05-07,2014-05-08,-0.372423915861847,False
vol_risk_premium_z,RTX,1,2014-05-07,2014-05-07,2014-05-08,-0.8546338822569471,False
vol_risk_premium_z,COF,1,2014-05-07,2014-05-07,2014-05-08,-0.2497554115474751,False
vol_risk_premium_z,MUV2,1,2014-05-07,2014-05-07,2014-05-08,0.5537217109296716,False
vol_risk_premium_z,ICE,1,2014-05-07,2014-05-07,2014-05-08,-0.9992060781148131,False
vol_risk_premium_z,MCO,1,2014-05-07,2014-05-07,2014-05-08,-1.084075993085541,False
vol_risk_premium_z,NXPI,1,2014-05-07,2014-05-07,2014-05-08,-1.308086166204882,False
vol_risk_premium_z,ADSK,1,2014-05-07,2014-05-07,2014-05-08,1.354652044408665,False
vol_risk_premium_z,CB,1,2014-05-07,2014-05-07,2014-05-08,0.01750914829548529,False
vol_risk_premium_z,BRK/B,1,2014-05-07,2014-05-07,2014-05-08,-0.299374801986489,False
vol_risk_premium_z,DSY,1,2014-05-07,2014-05-07,2014-05-08,0.1333206689581626,False
vol_risk_premium_z,WDAY,1,2014-05-07,2014-05-07,2014-05-08,-0.7679615131826926,False
vol_risk_premium_z,SHW,1,2014-05-07,2014-05-07,2014-05-08,-1.085486846780118,False
vol_risk_premium_z,ON,1,2014-05-07,2014-05-07,2014-05-08,-0.9502812056719457,False
vol_risk_premium_z,VRSN,1,2014-05-07,2014-05-07,2014-05-08,-0.2228606702168984,False
vol_risk_premium_z,SO,1,2014-05-07,2014-05-07,2014-05-08,-2.427961414595073,False
vol_risk_premium_z,TTE,1,2014-05-07,2014-05-07,2014-05-08,-1.121315883555807,False
vol_risk_premium_z,NEM,1,2014-05-07,2014-05-07,2014-05-08,-0.810630042753142,False
vol_risk_premium_z,OR,1,2014-05-07,2014-05-07,2014-05-08,0.2512229973478755,False
vol_risk_premium_z,MDLZ,1,2014-05-07,2014-05-07,2014-05-08,-4.871463246576301,False
vol_risk_premium_z,COHR,1,2014-05-07,2014-05-07,2014-05-08,-0.1381406848455783,False
vol_risk_premium_z,PEP,1,2014-05-07,2014-05-07,2014-05-08,0.6940695061401163,False
vol_risk_premium_z,BNY,1,2014-05-07,2014-05-07,2014-05-08,-0.2191306287396045,False
vol_risk_premium_z,IBKR,1,2014-05-07,2014-05-07,2014-05-08,-1.89481411640794,False
vol_risk_premium_z,APO,1,2014-05-07,2014-05-07,2014-05-08,-0.822406385556426,False
vol_risk_premium_z,MSCI,1,2014-05-07,2014-05-07,2014-05-08,0.1831012063241848,False
vol_risk_premium_z,MRSH,1,2014-05-07,2014-05-07,2014-05-08,-0.523394424774846,False
vol_risk_premium_z,ASM,1,2014-05-07,2014-05-07,2014-05-08,-1.835697804188252,False
vol_risk_premium_z,FICO,1,2014-05-07,2014-05-07,2014-05-08,-2.005325418301774,False
vol_risk_premium_z,WM,1,2014-05-07,2014-05-07,2014-05-08,-0.5584139677234379,False
vol_risk_premium_z,PH,1,2014-05-07,2014-05-07,2014-05-08,0.0188496735515971,False
vol_risk_premium_z,GILD,1,2014-05-07,2014-05-07,2014-05-08,-1.393888861366215,False
vol_risk_premium_z,MDT,1,2014-05-07,2014-05-07,2014-05-08,0.9866792978898532,False
vol_risk_premium_z,PFE,1,2014-05-07,2014-05-07,2014-05-08,0.03914197236554583,False
vol_risk_premium_z,HCA,1,2014-05-07,2014-05-07,2014-05-08,-2.39732489973892,False
vol_risk_premium_z,ZTS,1,2014-05-07,2014-05-07,2014-05-08,0.1447107824564459,False
vol_risk_premium_z,REL,1,2014-05-07,2014-05-07,2014-05-08,-0.9329943853827983,False
vol_risk_premium_z,ADP,1,2014-05-07,2014-05-07,2014-05-08,-0.02793230410657075,False
vol_risk_premium_z,CMG,1,2014-05-07,2014-05-07,2014-05-08,-0.907970782198103,False
vol_risk_premium_z,RMS,1,2014-05-07,2014-05-07,2014-05-08,0.863239605264111,False
vol_risk_premium_z,GM,1,2014-05-07,2014-05-07,2014-05-08,-1.058010667603512,False
vol_risk_premium_z,MAR,1,2014-05-07,2014-05-07,2014-05-08,-1.202707932691822,False
vol_risk_premium_z,LYV,1,2014-05-07,2014-05-07,2014-05-08,-3.307435379061948,False
vol_risk_premium_z,TKO,1,2014-05-07,2014-05-07,2014-05-08,-1.441464906893199,False
vol_risk_premium_z,MO,1,2014-05-07,2014-05-07,2014-05-08,0.256619771318283,False
vol_risk_premium_z,GRMN,1,2014-05-07,2014-05-07,2014-05-08,-0.3664364737383092,False
vol_risk_premium_z,CL,1,2014-05-07,2014-05-07,2014-05-08,-1.011069428525699,False
vol_risk_premium_z,MNST,1,2014-05-07,2014-05-07,2014-05-08,-0.6898515780459122,False
vol_risk_premium_z,SLB,1,2014-05-07,2014-05-07,2014-05-08,0.4800967857597637,False
vol_risk_premium_z,COP,1,2014-05-07,2014-05-07,2014-05-08,-0.9269603001084012,False
vol_risk_premium_z,APD,1,2014-05-07,2014-05-07,2014-05-08,0.04352741905037948,False
vol_risk_premium_z,NRG,1,2014-05-07,2014-05-07,2014-05-08,-2.309667792533029,False
vol_risk_premium_z,ENEL,1,2014-05-07,2014-05-07,2014-05-08,0.1866628888967286,False
vol_risk_premium_z,WELL,1,2014-05-07,2014-05-07,2014-05-08,0.7360203610680437,False
