sheet,ticker,eligibility_date,eligible_business_rows,valid_rows,coverage,longest_missing_run,trailing_missing_run,first_valid,last_valid,inf_count,non_positive_count,trailing_constant_run,absolute_return_gt_50pct
PX_LAST,AAPL,2014-01-02,3157,3157,1.0,0,0,2014-01-02,2026-07-23,0,0.0,1.0,
PX_LAST,MSFT,2014-01-02,3157,3157,1.0,0,0,2014-01-02,2026-07-23,0,0.0,1.0,
PX_LAST,GOOGL,2014-01-02,3157,3157,1.0,0,0,2014-01-02,2026-07-23,0,0.0,1.0,
PX_LAST,AMZN,2014-01-02,3157,3157,1.0,0,0,2014-01-02,2026-07-23,0,0.0,1.0,
PX_LAST,META,2014-01-02,3157,3157,1.0,0,0,2014-01-02,2026-07-23,0,0.0,1.0,
PX_LAST,NVDA,2014-01-02,3157,3157,1.0,0,0,2014-01-02,2026-07-23,0,0.0,1.0,
PX_LAST,TSLA,2014-01-02,3157,3157,1.0,0,0,2014-01-02,2026-07-23,0,0.0,1.0,
PX_LAST,PLTR,2020-09-30,1459,1459,1.0,0,0,2020-09-30,2026-07-23,0,0.0,1.0,
PX_LAST,AVGO,2014-01-02,3157,3157,1.0,0,0,2014-01-02,2026-07-23,0,0.0,1.0,
PX_LAST,MU,2014-01-02,3157,3157,1.0,0,0,2014-01-02,2026-07-23,0,0.0,1.0,
PX_LAST,GEV,2024-04-02,579,579,1.0,0,0,2024-04-02,2026-07-23,0,0.0,1.0,
PX_LAST,VRT,2018-08-01,2004,2004,1.0,0,0,2018-08-01,2026-07-23,0,0.0,1.0,
PX_LAST,BE,2018-07-25,2009,2009,1.0,0,0,2018-07-25,2026-07-23,0,0.0,1.0,
PX_LAST,LITE,2015-07-27,2764,2764,1.0,0,0,2015-07-27,2026-07-23,0,0.0,1.0,
PX_LAST,000660,2014-01-02,3157,3157,1.0,0,0,2014-01-02,2026-07-23,0,0.0,1.0,
PX_LAST,005930,2014-01-02,3157,3157,1.0,0,0,2014-01-02,2026-07-23,0,0.0,1.0,
PX_LAST,UNH,2014-01-02,3157,3157,1.0,0,0,2014-01-02,2026-07-23,0,0.0,1.0,
PX_LAST,LLY,2014-01-02,3157,3157,1.0,0,0,2014-01-02,2026-07-23,0,0.0,1.0,
PX_LAST,ISRG,2014-01-02,3157,3157,1.0,0,0,2014-01-02,2026-07-23,0,0.0,1.0,
PX_LAST,ABBV,2014-01-02,3157,3157,1.0,0,0,2014-01-02,2026-07-23,0,0.0,1.0,
PX_LAST,REGN,2014-01-02,3157,3157,1.0,0,0,2014-01-02,2026-07-23,0,0.0,1.0,
PX_LAST,JPM,2014-01-02,3157,3157,1.0,0,0,2014-01-02,2026-07-23,0,0.0,1.0,
PX_LAST,V,2014-01-02,3157,3157,1.0,0,0,2014-01-02,2026-07-23,0,0.0,1.0,
PX_LAST,MA,2014-01-02,3157,3157,1.0,0,0,2014-01-02,2026-07-23,0,0.0,1.0,
PX_LAST,BLK,2014-01-02,3157,3157,1.0,0,0,2014-01-02,2026-07-23,0,0.0,1.0,
PX_LAST,SPGI,2014-01-02,3157,3157,1.0,0,0,2014-01-02,2026-07-23,0,0.0,1.0,
PX_LAST,GS,2014-01-02,3157,3157,1.0,0,0,2014-01-02,2026-07-23,0,0.0,1.0,
PX_LAST,COST,2014-01-02,3157,3157,1.0,0,0,2014-01-02,2026-07-23,0,0.0,1.0,
PX_LAST,HD,2014-01-02,3157,3157,1.0,0,0,2014-01-02,2026-07-23,0,0.0,1.0,
PX_LAST,PG,2014-01-02,3157,3157,1.0,0,0,2014-01-02,2026-07-23,0,0.0,1.0,
PX_LAST,MCD,2014-01-02,3157,3157,1.0,0,0,2014-01-02,2026-07-23,0,0.0,1.0,
PX_LAST,WMT,2014-01-02,3157,3157,1.0,0,0,2014-01-02,2026-07-23,0,0.0,1.0,
PX_LAST,CAT,2014-01-02,3157,3157,1.0,0,0,2014-01-02,2026-07-23,0,0.0,1.0,
PX_LAST,HON,2014-01-02,3157,3157,1.0,0,0,2014-01-02,2026-07-23,0,0.0,1.0,
PX_LAST,DE,2014-01-02,3157,3157,1.0,0,0,2014-01-02,2026-07-23,0,0.0,1.0,
PX_LAST,UNP,2014-01-02,3157,3157,1.0,0,0,2014-01-02,2026-07-23,0,0.0,1.0,
PX_LAST,LMT,2014-01-02,3157,3157,1.0,0,0,2014-01-02,2026-07-23,0,0.0,1.0,
PX_LAST,ETN,2014-01-02,3157,3157,1.0,0,0,2014-01-02,2026-07-23,0,0.0,1.0,
PX_LAST,XOM,2014-01-02,3157,3157,1.0,0,0,2014-01-02,2026-07-23,0,0.0,1.0,
PX_LAST,LNG,2014-01-02,3157,3157,1.0,0,0,2014-01-02,2026-07-23,0,0.0,1.0,
PX_LAST,FCX,2014-01-02,3157,3157,1.0,0,0,2014-01-02,2026-07-23,0,0.0,1.0,
PX_LAST,LIN,2014-01-02,3157,3157,1.0,0,0,2014-01-02,2026-07-23,0,0.0,1.0,
PX_LAST,NEE,2014-01-02,3157,3157,1.0,0,0,2014-01-02,2026-07-23,0,0.0,1.0,
PX_LAST,AMT,2014-01-02,3157,3157,1.0,0,0,2014-01-02,2026-07-23,0,0.0,1.0,
PX_LAST,EQIX,2014-01-02,3157,3157,1.0,0,0,2014-01-02,2026-07-23,0,0.0,1.0,
PX_LAST,TMUS,2014-01-02,3157,3157,1.0,0,0,2014-01-02,2026-07-23,0,0.0,1.0,
PX_LAST,PLD,2014-01-02,3157,3157,1.0,0,0,2014-01-02,2026-07-23,0,0.0,1.0,
PX_LAST,AMD,2014-01-02,3157,3157,1.0,0,0,2014-01-02,2026-07-23,0,0.0,1.0,
PX_LAST,CRM,2014-01-02,3157,3157,1.0,0,0,2014-01-02,2026-07-23,0,0.0,1.0,
PX_LAST,NFLX,2014-01-02,3157,3157,1.0,0,0,2014-01-02,2026-07-23,0,0.0,1.0,
PX_LAST,TER,2014-01-02,3157,3157,1.0,0,0,2014-01-02,2026-07-23,0,0.0,1.0,
PX_LAST,GLW,2014-01-02,3157,3157,1.0,0,0,2014-01-02,2026-07-23,0,0.0,1.0,
PX_LAST,JNJ,2014-01-02,3157,3157,1.0,0,0,2014-01-02,2026-07-23,0,0.0,1.0,
PX_LAST,WFC,2014-01-02,3157,3157,1.0,0,0,2014-01-02,2026-07-23,0,0.0,1.0,
PX_LAST,MPC,2014-01-02,3157,3157,1.0,0,0,2014-01-02,2026-07-23,0,0.0,1.0,
PX_LAST,LRCX,2014-01-02,3157,3157,1.0,0,0,2014-01-02,2026-07-23,0,0.0,1.0,
PX_LAST,AMAT,2014-01-02,3157,3157,1.0,0,0,2014-01-02,2026-07-23,0,0.0,1.0,
PX_LAST,PANW,2014-01-02,3157,3157,1.0,0,0,2014-01-02,2026-07-23,0,0.0,1.0,
PX_LAST,FN,2014-01-02,3157,3157,1.0,0,0,2014-01-02,2026-07-23,0,0.0,1.0,
PX_LAST,MPWR,2014-01-02,3157,3157,1.0,0,0,2014-01-02,2026-07-23,0,0.0,1.0,
PX_LAST,BAC,2014-01-02,3157,3157,1.0,0,0,2014-01-02,2026-07-23,0,0.0,1.0,
PX_LAST,CSCO,2014-01-02,3157,3157,1.0,0,0,2014-01-02,2026-07-23,0,0.0,1.0,
PX_LAST,INTC,2014-01-02,3157,3157,1.0,0,0,2014-01-02,2026-07-23,0,0.0,1.0,
PX_LAST,ORCL,2014-01-02,3157,3157,1.0,0,0,2014-01-02,2026-07-23,0,0.0,1.0,
PX_LAST,TSM,2014-01-02,3157,3157,1.0,0,0,2014-01-02,2026-07-23,0,0.0,1.0,
PX_LAST,SNDK,2025-02-24,355,355,1.0,0,0,2025-02-24,2026-07-23,0,0.0,1.0,
PX_LAST,KLAC,2014-01-02,3157,3157,1.0,0,0,2014-01-02,2026-07-23,0,0.0,1.0,
PX_LAST,ANET,2014-06-06,3050,3050,1.0,0,0,2014-06-06,2026-07-23,0,0.0,1.0,
PX_LAST,MRVL,2014-01-02,3157,3157,1.0,0,0,2014-01-02,2026-07-23,0,0.0,1.0,
PX_LAST,CDNS,2014-01-02,3157,3157,1.0,0,0,2014-01-02,2026-07-23,0,0.0,1.0,
PX_LAST,STX,2014-01-02,3157,3157,1.0,0,0,2014-01-02,2026-07-23,0,0.0,1.0,
PX_LAST,PWR,2014-01-02,3157,3157,1.0,0,0,2014-01-02,2026-07-23,0,0.0,1.0,
PX_LAST,BX,2014-01-02,3157,3157,1.0,0,0,2014-01-02,2026-07-23,0,0.0,1.0,
PX_LAST,TMO,2014-01-02,3157,3157,1.0,0,0,2014-01-02,2026-07-23,0,0.0,1.0,
PX_LAST,BSX,2014-01-02,3157,3157,1.0,0,0,2014-01-02,2026-07-23,0,0.0,1.0,
PX_LAST,BKNG,2014-01-02,3157,3157,1.0,0,0,2014-01-02,2026-07-23,0,0.0,1.0,
PX_LAST,PM,2014-01-02,3157,3157,1.0,0,0,2014-01-02,2026-07-23,0,0.0,1.0,
PX_LAST,WMB,2014-01-02,3157,3157,1.0,0,0,2014-01-02,2026-07-23,0,0.0,1.0,
PX_LAST,CEG,2022-02-02,1121,1121,1.0,0,0,2022-02-02,2026-07-23,0,0.0,1.0,
PX_LAST,VST,2016-10-05,2462,2462,1.0,0,0,2016-10-05,2026-07-23,0,0.0,1.0,
PX_LAST,DLR,2014-01-02,3157,3157,1.0,0,0,2014-01-02,2026-07-23,0,0.0,1.0,
PX_LAST,ARM,2023-09-14,716,716,1.0,0,0,2023-09-14,2026-07-23,0,0.0,1.0,
PX_LAST,SPOT,2018-04-03,2088,2088,1.0,0,0,2018-04-03,2026-07-23,0,0.0,1.0,
PX_LAST,RACE,2015-10-21,2703,2703,1.0,0,0,2015-10-21,2026-07-23,0,0.0,1.0,
PX_LAST,285A,2024-12-18,398,398,1.0,0,0,2024-12-18,2026-07-23,0,0.0,1.0,
PX_LAST,6857,2014-01-07,3154,3154,1.0,0,0,2014-01-07,2026-07-23,0,0.0,1.0,
PX_LAST,SU,2014-01-02,3157,3157,1.0,0,0,2014-01-02,2026-07-23,0,0.0,1.0,
PX_LAST,SIE,2014-01-02,3157,3157,1.0,0,0,2014-01-02,2026-07-23,0,0.0,1.0,
PX_LAST,RHM,2014-01-02,3157,3157,1.0,0,0,2014-01-02,2026-07-23,0,0.0,1.0,
PX_LAST,ALV,2014-01-02,3157,3157,1.0,0,0,2014-01-02,2026-07-23,0,0.0,1.0,
PX_LAST,MC,2014-01-02,3157,3157,1.0,0,0,2014-01-02,2026-07-23,0,0.0,1.0,
PX_LAST,NESN,2014-01-02,3157,3157,1.0,0,0,2014-01-02,2026-07-23,0,0.0,1.0,
PX_LAST,RR/,2014-01-02,3157,3157,1.0,0,0,2014-01-02,2026-07-23,0,0.0,1.0,
PX_LAST,SAP,2014-01-02,3157,3157,1.0,0,0,2014-01-02,2026-07-23,0,0.0,1.0,
PX_LAST,ASML,2014-01-02,3157,3157,1.0,0,0,2014-01-02,2026-07-23,0,0.0,1.0,
PX_LAST,AZN,2014-01-02,3157,3157,1.0,0,0,2014-01-02,2026-07-23,0,0.0,1.0,
PX_LAST,SHEL,2014-01-02,3157,3157,1.0,0,0,2014-01-02,2026-07-23,0,0.0,1.0,
PX_LAST,HSBA,2014-01-02,3157,3157,1.0,0,0,2014-01-02,2026-07-23,0,0.0,1.0,
PX_LAST,NOVOB,2014-01-02,3157,3157,1.0,0,0,2014-01-02,2026-07-23,0,0.0,1.0,
PX_LAST,RIO,2014-01-02,3157,3157,1.0,0,0,2014-01-02,2026-07-23,0,0.0,1.0,
PX_LAST,QCOM,2014-01-02,3157,3157,1.0,0,0,2014-01-02,2026-07-23,0,0.0,1.0,
PX_LAST,TXN,2014-01-02,3157,3157,1.0,0,0,2014-01-02,2026-07-23,0,0.0,1.0,
PX_LAST,ADBE,2014-01-02,3157,3157,1.0,0,0,2014-01-02,2026-07-23,0,0.0,1.0,
PX_LAST,NOW,2014-01-02,3157,3157,1.0,0,0,2014-01-02,2026-07-23,0,0.0,1.0,
PX_LAST,ACN,2014-01-02,3157,3157,1.0,0,0,2014-01-02,2026-07-23,0,0.0,1.0,
PX_LAST,IBM,2014-01-02,3157,3157,1.0,0,0,2014-01-02,2026-07-23,0,0.0,1.0,
PX_LAST,ADI,2014-01-02,3157,3157,1.0,0,0,2014-01-02,2026-07-23,0,0.0,1.0,
PX_LAST,DELL,2018-12-28,1901,1901,1.0,0,0,2018-12-28,2026-07-23,0,0.0,1.0,
PX_LAST,8035,2014-01-07,3154,3154,1.0,0,0,2014-01-07,2026-07-23,0,0.0,1.0,
PX_LAST,IFX,2014-01-02,3157,3157,1.0,0,0,2014-01-02,2026-07-23,0,0.0,1.0,
PX_LAST,MS,2014-01-02,3157,3157,1.0,0,0,2014-01-02,2026-07-23,0,0.0,1.0,
PX_LAST,SCHW,2014-01-02,3157,3157,1.0,0,0,2014-01-02,2026-07-23,0,0.0,1.0,
PX_LAST,AXP,2014-01-02,3157,3157,1.0,0,0,2014-01-02,2026-07-23,0,0.0,1.0,
PX_LAST,PGR,2014-01-02,3157,3157,1.0,0,0,2014-01-02,2026-07-23,0,0.0,1.0,
PX_LAST,AON,2014-01-02,3157,3157,1.0,0,0,2014-01-02,2026-07-23,0,0.0,1.0,
PX_LAST,CME,2014-01-02,3157,3157,1.0,0,0,2014-01-02,2026-07-23,0,0.0,1.0,
PX_LAST,KKR,2014-01-02,3157,3157,1.0,0,0,2014-01-02,2026-07-23,0,0.0,1.0,
PX_LAST,BN,2022-12-12,905,905,1.0,0,0,2022-12-12,2026-07-23,0,0.0,1.0,
PX_LAST,C,2014-01-02,3157,3157,1.0,0,0,2014-01-02,2026-07-23,0,0.0,1.0,
PX_LAST,LSEG,2014-01-02,3157,3157,1.0,0,0,2014-01-02,2026-07-23,0,0.0,1.0,
PX_LAST,ZURN,2014-01-02,3157,3157,1.0,0,0,2014-01-02,2026-07-23,0,0.0,1.0,
PX_LAST,CS,2014-01-02,3157,3157,1.0,0,0,2014-01-02,2026-07-23,0,0.0,1.0,
PX_LAST,8306,2014-01-07,3154,3154,1.0,0,0,2014-01-07,2026-07-23,0,0.0,1.0,
PX_LAST,DIS,2014-01-02,3157,3157,1.0,0,0,2014-01-02,2026-07-23,0,0.0,1.0,
PX_LAST,CMCSA,2014-01-02,3157,3157,1.0,0,0,2014-01-02,2026-07-23,0,0.0,1.0,
PX_LAST,VZ,2014-01-02,3157,3157,1.0,0,0,2014-01-02,2026-07-23,0,0.0,1.0,
PX_LAST,T,2014-01-02,3157,3157,1.0,0,0,2014-01-02,2026-07-23,0,0.0,1.0,
PX_LAST,TTWO,2014-01-02,3157,3157,1.0,0,0,2014-01-02,2026-07-23,0,0.0,1.0,
PX_LAST,PUB,2014-01-02,3157,3157,1.0,0,0,2014-01-02,2026-07-23,0,0.0,1.0,
PX_LAST,7974,2014-01-07,3154,3154,1.0,0,0,2014-01-07,2026-07-23,0,0.0,1.0,
PX_LAST,DTE,2014-01-02,3157,3157,1.0,0,0,2014-01-02,2026-07-23,0,0.0,1.0,
PX_LAST,UMG,2021-09-21,1214,1214,1.0,0,0,2021-09-21,2026-07-23,0,0.0,1.0,
PX_LAST,LOW,2014-01-02,3157,3157,1.0,0,0,2014-01-02,2026-07-23,0,0.0,1.0,
PX_LAST,TJX,2014-01-02,3157,3157,1.0,0,0,2014-01-02,2026-07-23,0,0.0,1.0,
PX_LAST,SBUX,2014-01-02,3157,3157,1.0,0,0,2014-01-02,2026-07-23,0,0.0,1.0,
PX_LAST,ABNB,2020-12-10,1409,1409,1.0,0,0,2020-12-10,2026-07-23,0,0.0,1.0,
PX_LAST,7203,2014-01-07,3154,3154,1.0,0,0,2014-01-07,2026-07-23,0,0.0,1.0,
PX_LAST,ITX,2014-01-02,3157,3157,1.0,0,0,2014-01-02,2026-07-23,0,0.0,1.0,
PX_LAST,ABT,2014-01-02,3157,3157,1.0,0,0,2014-01-02,2026-07-23,0,0.0,1.0,
PX_LAST,DHR,2014-01-02,3157,3157,1.0,0,0,2014-01-02,2026-07-23,0,0.0,1.0,
PX_LAST,VRTX,2014-01-02,3157,3157,1.0,0,0,2014-01-02,2026-07-23,0,0.0,1.0,
PX_LAST,SAN,2014-01-02,3157,3157,1.0,0,0,2014-01-02,2026-07-23,0,0.0,1.0,
PX_LAST,GE,2024-04-02,579,579,1.0,0,0,2024-04-02,2026-07-23,0,0.0,1.0,
PX_LAST,TT,2020-03-02,1607,1607,1.0,0,0,2020-03-02,2026-07-23,0,0.0,1.0,
PX_LAST,ABBN,2014-01-02,3157,3157,1.0,0,0,2014-01-02,2026-07-23,0,0.0,1.0,
PX_LAST,KO,2014-01-02,3157,3157,1.0,0,0,2014-01-02,2026-07-23,0,0.0,1.0,
PX_LAST,ULVR,2014-01-02,3157,3157,1.0,0,0,2014-01-02,2026-07-23,0,0.0,1.0,
PX_LAST,ECL,2014-01-02,3157,3157,1.0,0,0,2014-01-02,2026-07-23,0,0.0,1.0,
PX_LAST,AI,2014-01-02,3157,3157,1.0,0,0,2014-01-02,2026-07-23,0,0.0,1.0,
PX_LAST,IBE,2014-01-02,3157,3157,1.0,0,0,2014-01-02,2026-07-23,0,0.0,1.0,
PX_LAST,INTU,2014-01-02,3157,3157,1.0,0,0,2014-01-02,2026-07-23,0,0.0,1.0,
PX_LAST,SNPS,2014-01-02,3157,3157,1.0,0,0,2014-01-02,2026-07-23,0,0.0,1.0,
PX_LAST,APH,2014-01-02,3157,3157,1.0,0,0,2014-01-02,2026-07-23,0,0.0,1.0,
PX_LAST,MSI,2014-01-02,3157,3157,1.0,0,0,2014-01-02,2026-07-23,0,0.0,1.0,
PX_LAST,CRWD,2019-06-12,1788,1788,1.0,0,0,2019-06-12,2026-07-23,0,0.0,1.0,
PX_LAST,NXPI,2014-01-02,3157,3157,1.0,0,0,2014-01-02,2026-07-23,0,0.0,1.0,
PX_LAST,KEYS,2014-10-21,2955,2955,1.0,0,0,2014-10-21,2026-07-23,0,0.0,1.0,
PX_LAST,ADSK,2014-01-02,3157,3157,1.0,0,0,2014-01-02,2026-07-23,0,0.0,1.0,
PX_LAST,WDAY,2014-01-02,3157,3157,1.0,0,0,2014-01-02,2026-07-23,0,0.0,1.0,
PX_LAST,WDC,2025-02-24,355,355,1.0,0,0,2025-02-24,2026-07-23,0,0.0,1.0,
PX_LAST,DDOG,2019-09-19,1719,1719,1.0,0,0,2019-09-19,2026-07-23,0,0.0,1.0,
PX_LAST,FTNT,2014-01-02,3157,3157,1.0,0,0,2014-01-02,2026-07-23,0,0.0,1.0,
PX_LAST,DSY,2014-01-02,3157,3157,1.0,0,0,2014-01-02,2026-07-23,0,0.0,1.0,
PX_LAST,6146,2014-01-07,3154,3154,1.0,0,0,2014-01-07,2026-07-23,0,0.0,1.0,
PX_LAST,6981,2014-01-07,3154,3154,1.0,0,0,2014-01-07,2026-07-23,0,0.0,1.0,
PX_LAST,BRK/B,2014-01-02,3157,3157,1.0,0,0,2014-01-02,2026-07-23,0,0.0,1.0,
PX_LAST,CB,2014-01-02,3157,3157,1.0,0,0,2014-01-02,2026-07-23,0,0.0,1.0,
PX_LAST,ICE,2014-01-02,3157,3157,1.0,0,0,2014-01-02,2026-07-23,0,0.0,1.0,
PX_LAST,MCO,2014-01-02,3157,3157,1.0,0,0,2014-01-02,2026-07-23,0,0.0,1.0,
PX_LAST,PYPL,2015-07-07,2778,2778,1.0,0,0,2015-07-07,2026-07-23,0,0.0,1.0,
PX_LAST,COF,2025-05-19,296,296,1.0,0,0,2025-05-19,2026-07-23,0,0.0,1.0,
PX_LAST,BNP,2014-01-02,3157,3157,1.0,0,0,2014-01-02,2026-07-23,0,0.0,1.0,
PX_LAST,MUV2,2014-01-02,3157,3157,1.0,0,0,2014-01-02,2026-07-23,0,0.0,1.0,
PX_LAST,RTX,2014-01-02,3157,3157,1.0,0,0,2014-01-02,2026-07-23,0,0.0,1.0,
PX_LAST,EMR,2014-01-02,3157,3157,1.0,0,0,2014-01-02,2026-07-23,0,0.0,1.0,
PX_LAST,AXON,2014-01-02,3157,3157,1.0,0,0,2014-01-02,2026-07-23,0,0.0,1.0,
PX_LAST,UBER,2019-05-10,1810,1810,1.0,0,0,2019-05-10,2026-07-23,0,0.0,1.0,
PX_LAST,AIR,2014-01-02,3157,3157,1.0,0,0,2014-01-02,2026-07-23,0,0.0,1.0,
PX_LAST,SAF,2014-01-02,3157,3157,1.0,0,0,2014-01-02,2026-07-23,0,0.0,1.0,
PX_LAST,MRK,2014-01-02,3157,3157,1.0,0,0,2014-01-02,2026-07-23,0,0.0,1.0,
PX_LAST,AMGN,2014-01-02,3157,3157,1.0,0,0,2014-01-02,2026-07-23,0,0.0,1.0,
PX_LAST,SYK,2014-01-02,3157,3157,1.0,0,0,2014-01-02,2026-07-23,0,0.0,1.0,
PX_LAST,MCK,2014-01-02,3157,3157,1.0,0,0,2014-01-02,2026-07-23,0,0.0,1.0,
PX_LAST,NOVN,2014-01-02,3157,3157,1.0,0,0,2014-01-02,2026-07-23,0,0.0,1.0,
PX_LAST,NKE,2014-01-02,3157,3157,1.0,0,0,2014-01-02,2026-07-23,0,0.0,1.0,
PX_LAST,ORLY,2014-01-02,3157,3157,1.0,0,0,2014-01-02,2026-07-23,0,0.0,1.0,
PX_LAST,DASH,2020-12-09,1410,1410,1.0,0,0,2020-12-09,2026-07-23,0,0.0,1.0,
PX_LAST,CFR,2014-01-02,3157,3157,1.0,0,0,2014-01-02,2026-07-23,0,0.0,1.0,
PX_LAST,TTD,2016-09-21,2472,2472,1.0,0,0,2016-09-21,2026-07-23,0,0.0,1.0,
PX_LAST,RBLX,2021-03-10,1349,1349,1.0,0,0,2021-03-10,2026-07-23,0,0.0,1.0,
PX_LAST,9432,2014-01-07,3154,3154,1.0,0,0,2014-01-07,2026-07-23,0,0.0,1.0,
PX_LAST,9433,2014-01-07,3154,3154,1.0,0,0,2014-01-07,2026-07-23,0,0.0,1.0,
PX_LAST,PEP,2014-01-02,3157,3157,1.0,0,0,2014-01-02,2026-07-23,0,0.0,1.0,
PX_LAST,MDLZ,2014-01-02,3157,3157,1.0,0,0,2014-01-02,2026-07-23,0,0.0,1.0,
PX_LAST,OR,2014-01-02,3157,3157,1.0,0,0,2014-01-02,2026-07-23,0,0.0,1.0,
PX_LAST,CVX,2014-01-02,3157,3157,1.0,0,0,2014-01-02,2026-07-23,0,0.0,1.0,
PX_LAST,TTE,2014-01-02,3157,3157,1.0,0,0,2014-01-02,2026-07-23,0,0.0,1.0,
PX_LAST,NEM,2014-01-02,3157,3157,1.0,0,0,2014-01-02,2026-07-23,0,0.0,1.0,
PX_LAST,SHW,2014-01-02,3157,3157,1.0,0,0,2014-01-02,2026-07-23,0,0.0,1.0,
PX_LAST,SO,2014-01-02,3157,3157,1.0,0,0,2014-01-02,2026-07-23,0,0.0,1.0,
BEST_EPS,AAPL,2014-01-02,3157,3157,1.0,0,0,2014-01-02,2026-07-23,0,,,
BEST_EPS,MSFT,2014-01-02,3157,3157,1.0,0,0,2014-01-02,2026-07-23,0,,,
BEST_EPS,GOOGL,2014-01-02,3157,3157,1.0,0,0,2014-01-02,2026-07-23,0,,,
BEST_EPS,AMZN,2014-01-02,3157,3157,1.0,0,0,2014-01-02,2026-07-23,0,,,
BEST_EPS,META,2014-01-02,3157,3157,1.0,0,0,2014-01-02,2026-07-23,0,,,
BEST_EPS,NVDA,2014-01-02,3157,3157,1.0,0,0,2014-01-02,2026-07-23,0,,,
BEST_EPS,TSLA,2014-01-02,3157,3157,1.0,0,0,2014-01-02,2026-07-23,0,,,
BEST_EPS,PLTR,2020-09-30,1459,1459,1.0,0,0,2020-09-30,2026-07-23,0,,,
BEST_EPS,AVGO,2014-01-02,3157,3157,1.0,0,0,2014-01-02,2026-07-23,0,,,
BEST_EPS,MU,2014-01-02,3157,3157,1.0,0,0,2014-01-02,2026-07-23,0,,,
BEST_EPS,GEV,2024-04-02,579,579,1.0,0,0,2024-04-02,2026-07-23,0,,,
BEST_EPS,VRT,2018-08-01,2004,2004,1.0,0,0,2018-08-01,2026-07-23,0,,,
BEST_EPS,BE,2018-07-25,2009,2009,1.0,0,0,2018-07-25,2026-07-23,0,,,
BEST_EPS,LITE,2015-07-27,2764,2764,1.0,0,0,2015-07-27,2026-07-23,0,,,
BEST_EPS,000660,2014-01-02,3157,3157,1.0,0,0,2014-01-02,2026-07-23,0,,,
BEST_EPS,005930,2014-01-02,3157,3157,1.0,0,0,2014-01-02,2026-07-23,0,,,
BEST_EPS,UNH,2014-01-02,3157,3157,1.0,0,0,2014-01-02,2026-07-23,0,,,
BEST_EPS,LLY,2014-01-02,3157,3157,1.0,0,0,2014-01-02,2026-07-23,0,,,
BEST_EPS,ISRG,2014-01-02,3157,3157,1.0,0,0,2014-01-02,2026-07-23,0,,,
BEST_EPS,ABBV,2014-01-02,3157,3157,1.0,0,0,2014-01-02,2026-07-23,0,,,
BEST_EPS,REGN,2014-01-02,3157,3157,1.0,0,0,2014-01-02,2026-07-23,0,,,
BEST_EPS,JPM,2014-01-02,3157,3157,1.0,0,0,2014-01-02,2026-07-23,0,,,
BEST_EPS,V,2014-01-02,3157,3157,1.0,0,0,2014-01-02,2026-07-23,0,,,
BEST_EPS,MA,2014-01-02,3157,3157,1.0,0,0,2014-01-02,2026-07-23,0,,,
BEST_EPS,BLK,2014-01-02,3157,3157,1.0,0,0,2014-01-02,2026-07-23,0,,,
BEST_EPS,SPGI,2014-01-02,3157,3157,1.0,0,0,2014-01-02,2026-07-23,0,,,
BEST_EPS,GS,2014-01-02,3157,3157,1.0,0,0,2014-01-02,2026-07-23,0,,,
BEST_EPS,COST,2014-01-02,3157,3157,1.0,0,0,2014-01-02,2026-07-23,0,,,
BEST_EPS,HD,2014-01-02,3157,3157,1.0,0,0,2014-01-02,2026-07-23,0,,,
BEST_EPS,PG,2014-01-02,3157,3157,1.0,0,0,2014-01-02,2026-07-23,0,,,
BEST_EPS,MCD,2014-01-02,3157,3157,1.0,0,0,2014-01-02,2026-07-23,0,,,
BEST_EPS,WMT,2014-01-02,3157,3157,1.0,0,0,2014-01-02,2026-07-23,0,,,
BEST_EPS,CAT,2014-01-02,3157,3157,1.0,0,0,2014-01-02,2026-07-23,0,,,
BEST_EPS,HON,2014-01-02,3157,3157,1.0,0,0,2014-01-02,2026-07-23,0,,,
BEST_EPS,DE,2014-01-02,3157,3157,1.0,0,0,2014-01-02,2026-07-23,0,,,
BEST_EPS,UNP,2014-01-02,3157,3157,1.0,0,0,2014-01-02,2026-07-23,0,,,
BEST_EPS,LMT,2014-01-02,3157,3157,1.0,0,0,2014-01-02,2026-07-23,0,,,
BEST_EPS,ETN,2014-01-02,3157,3157,1.0,0,0,2014-01-02,2026-07-23,0,,,
BEST_EPS,XOM,2014-01-02,3157,3157,1.0,0,0,2014-01-02,2026-07-23,0,,,
BEST_EPS,LNG,2014-01-02,3157,3157,1.0,0,0,2014-01-02,2026-07-23,0,,,
BEST_EPS,FCX,2014-01-02,3157,3157,1.0,0,0,2014-01-02,2026-07-23,0,,,
BEST_EPS,LIN,2014-01-02,3157,3157,1.0,0,0,2014-01-02,2026-07-23,0,,,
BEST_EPS,NEE,2014-01-02,3157,3157,1.0,0,0,2014-01-02,2026-07-23,0,,,
BEST_EPS,AMT,2014-01-02,3157,3157,1.0,0,0,2014-01-02,2026-07-23,0,,,
BEST_EPS,EQIX,2014-01-02,3157,3157,1.0,0,0,2014-01-02,2026-07-23,0,,,
BEST_EPS,TMUS,2014-01-02,3157,3157,1.0,0,0,2014-01-02,2026-07-23,0,,,
BEST_EPS,PLD,2014-01-02,3157,3157,1.0,0,0,2014-01-02,2026-07-23,0,,,
BEST_EPS,AMD,2014-01-02,3157,3157,1.0,0,0,2014-01-02,2026-07-23,0,,,
BEST_EPS,CRM,2014-01-02,3157,3157,1.0,0,0,2014-01-02,2026-07-23,0,,,
BEST_EPS,NFLX,2014-01-02,3157,3157,1.0,0,0,2014-01-02,2026-07-23,0,,,
BEST_EPS,TER,2014-01-02,3157,3157,1.0,0,0,2014-01-02,2026-07-23,0,,,
BEST_EPS,GLW,2014-01-02,3157,3157,1.0,0,0,2014-01-02,2026-07-23,0,,,
BEST_EPS,JNJ,2014-01-02,3157,3157,1.0,0,0,2014-01-02,2026-07-23,0,,,
BEST_EPS,WFC,2014-01-02,3157,3157,1.0,0,0,2014-01-02,2026-07-23,0,,,
BEST_EPS,MPC,2014-01-02,3157,3157,1.0,0,0,2014-01-02,2026-07-23,0,,,
BEST_EPS,LRCX,2014-01-02,3157,3157,1.0,0,0,2014-01-02,2026-07-23,0,,,
BEST_EPS,AMAT,2014-01-02,3157,3157,1.0,0,0,2014-01-02,2026-07-23,0,,,
BEST_EPS,PANW,2014-01-02,3157,3157,1.0,0,0,2014-01-02,2026-07-23,0,,,
BEST_EPS,FN,2014-01-02,3157,3157,1.0,0,0,2014-01-02,2026-07-23,0,,,
BEST_EPS,MPWR,2014-01-02,3157,3157,1.0,0,0,2014-01-02,2026-07-23,0,,,
BEST_EPS,BAC,2014-01-02,3157,3157,1.0,0,0,2014-01-02,2026-07-23,0,,,
BEST_EPS,CSCO,2014-01-02,3157,3157,1.0,0,0,2014-01-02,2026-07-23,0,,,
BEST_EPS,INTC,2014-01-02,3157,3157,1.0,0,0,2014-01-02,2026-07-23,0,,,
BEST_EPS,ORCL,2014-01-02,3157,3157,1.0,0,0,2014-01-02,2026-07-23,0,,,
BEST_EPS,TSM,2014-01-02,3157,3157,1.0,0,0,2014-01-02,2026-07-23,0,,,
BEST_EPS,SNDK,2025-02-24,355,355,1.0,0,0,2025-02-24,2026-07-23,0,,,
BEST_EPS,KLAC,2014-01-02,3157,3157,1.0,0,0,2014-01-02,2026-07-23,0,,,
BEST_EPS,ANET,2014-06-06,3050,3050,1.0,0,0,2014-06-06,2026-07-23,0,,,
BEST_EPS,MRVL,2014-01-02,3157,3157,1.0,0,0,2014-01-02,2026-07-23,0,,,
BEST_EPS,CDNS,2014-01-02,3157,3157,1.0,0,0,2014-01-02,2026-07-23,0,,,
BEST_EPS,STX,2014-01-02,3157,3157,1.0,0,0,2014-01-02,2026-07-23,0,,,
BEST_EPS,PWR,2014-01-02,3157,3157,1.0,0,0,2014-01-02,2026-07-23,0,,,
BEST_EPS,BX,2014-01-02,3157,3157,1.0,0,0,2014-01-02,2026-07-23,0,,,
BEST_EPS,TMO,2014-01-02,3157,3157,1.0,0,0,2014-01-02,2026-07-23,0,,,
BEST_EPS,BSX,2014-01-02,3157,3157,1.0,0,0,2014-01-02,2026-07-23,0,,,
BEST_EPS,BKNG,2014-01-02,3157,3157,1.0,0,0,2014-01-02,2026-07-23,0,,,
BEST_EPS,PM,2014-01-02,3157,3157,1.0,0,0,2014-01-02,2026-07-23,0,,,
BEST_EPS,WMB,2014-01-02,3157,3157,1.0,0,0,2014-01-02,2026-07-23,0,,,
BEST_EPS,CEG,2022-02-02,1121,1121,1.0,0,0,2022-02-02,2026-07-23,0,,,
BEST_EPS,VST,2016-10-05,2462,2462,1.0,0,0,2016-10-05,2026-07-23,0,,,
BEST_EPS,DLR,2014-01-02,3157,3157,1.0,0,0,2014-01-02,2026-07-23,0,,,
BEST_EPS,ARM,2023-09-14,716,716,1.0,0,0,2023-09-14,2026-07-23,0,,,
BEST_EPS,SPOT,2018-04-03,2088,2088,1.0,0,0,2018-04-03,2026-07-23,0,,,
BEST_EPS,RACE,2015-10-21,2703,2703,1.0,0,0,2015-10-21,2026-07-23,0,,,
BEST_EPS,285A,2024-12-18,398,398,1.0,0,0,2024-12-18,2026-07-23,0,,,
BEST_EPS,6857,2014-01-07,3154,3154,1.0,0,0,2014-01-07,2026-07-23,0,,,
BEST_EPS,SU,2014-01-02,3157,3157,1.0,0,0,2014-01-02,2026-07-23,0,,,
BEST_EPS,SIE,2014-01-02,3157,3157,1.0,0,0,2014-01-02,2026-07-23,0,,,
BEST_EPS,RHM,2014-01-02,3157,3157,1.0,0,0,2014-01-02,2026-07-23,0,,,
BEST_EPS,ALV,2014-01-02,3157,3157,1.0,0,0,2014-01-02,2026-07-23,0,,,
BEST_EPS,MC,2014-01-02,3157,3157,1.0,0,0,2014-01-02,2026-07-23,0,,,
BEST_EPS,NESN,2014-01-02,3157,3157,1.0,0,0,2014-01-02,2026-07-23,0,,,
BEST_EPS,RR/,2014-01-02,3157,3157,1.0,0,0,2014-01-02,2026-07-23,0,,,
BEST_EPS,SAP,2014-01-02,3157,3157,1.0,0,0,2014-01-02,2026-07-23,0,,,
BEST_EPS,ASML,2014-01-02,3157,3157,1.0,0,0,2014-01-02,2026-07-23,0,,,
BEST_EPS,AZN,2014-01-02,3157,3157,1.0,0,0,2014-01-02,2026-07-23,0,,,
BEST_EPS,SHEL,2014-01-02,3157,3157,1.0,0,0,2014-01-02,2026-07-23,0,,,
BEST_EPS,HSBA,2014-01-02,3157,3157,1.0,0,0,2014-01-02,2026-07-23,0,,,
BEST_EPS,NOVOB,2014-01-02,3157,3157,1.0,0,0,2014-01-02,2026-07-23,0,,,
BEST_EPS,RIO,2014-01-02,3157,3157,1.0,0,0,2014-01-02,2026-07-23,0,,,
BEST_EPS,QCOM,2014-01-02,3157,3157,1.0,0,0,2014-01-02,2026-07-23,0,,,
BEST_EPS,TXN,2014-01-02,3157,3157,1.0,0,0,2014-01-02,2026-07-23,0,,,
BEST_EPS,ADBE,2014-01-02,3157,3157,1.0,0,0,2014-01-02,2026-07-23,0,,,
BEST_EPS,NOW,2014-01-02,3157,3157,1.0,0,0,2014-01-02,2026-07-23,0,,,
BEST_EPS,ACN,2014-01-02,3157,3157,1.0,0,0,2014-01-02,2026-07-23,0,,,
BEST_EPS,IBM,2014-01-02,3157,3157,1.0,0,0,2014-01-02,2026-07-23,0,,,
BEST_EPS,ADI,2014-01-02,3157,3157,1.0,0,0,2014-01-02,2026-07-23,0,,,
BEST_EPS,DELL,2018-12-28,1901,1901,1.0,0,0,2018-12-28,2026-07-23,0,,,
BEST_EPS,8035,2014-01-07,3154,3154,1.0,0,0,2014-01-07,2026-07-23,0,,,
BEST_EPS,IFX,2014-01-02,3157,3157,1.0,0,0,2014-01-02,2026-07-23,0,,,
BEST_EPS,MS,2014-01-02,3157,3157,1.0,0,0,2014-01-02,2026-07-23,0,,,
BEST_EPS,SCHW,2014-01-02,3157,3157,1.0,0,0,2014-01-02,2026-07-23,0,,,
BEST_EPS,AXP,2014-01-02,3157,3157,1.0,0,0,2014-01-02,2026-07-23,0,,,
BEST_EPS,PGR,2014-01-02,3157,3157,1.0,0,0,2014-01-02,2026-07-23,0,,,
BEST_EPS,AON,2014-01-02,3157,3157,1.0,0,0,2014-01-02,2026-07-23,0,,,
BEST_EPS,CME,2014-01-02,3157,3157,1.0,0,0,2014-01-02,2026-07-23,0,,,
BEST_EPS,KKR,2014-01-02,3157,3157,1.0,0,0,2014-01-02,2026-07-23,0,,,
BEST_EPS,BN,2022-12-12,905,905,1.0,0,0,2022-12-12,2026-07-23,0,,,
BEST_EPS,C,2014-01-02,3157,3157,1.0,0,0,2014-01-02,2026-07-23,0,,,
BEST_EPS,LSEG,2014-01-02,3157,3157,1.0,0,0,2014-01-02,2026-07-23,0,,,
BEST_EPS,ZURN,2014-01-02,3157,3157,1.0,0,0,2014-01-02,2026-07-23,0,,,
BEST_EPS,CS,2014-01-02,3157,3157,1.0,0,0,2014-01-02,2026-07-23,0,,,
BEST_EPS,8306,2014-01-07,3154,3154,1.0,0,0,2014-01-07,2026-07-23,0,,,
BEST_EPS,DIS,2014-01-02,3157,3157,1.0,0,0,2014-01-02,2026-07-23,0,,,
BEST_EPS,CMCSA,2014-01-02,3157,3157,1.0,0,0,2014-01-02,2026-07-23,0,,,
BEST_EPS,VZ,2014-01-02,3157,3157,1.0,0,0,2014-01-02,2026-07-23,0,,,
BEST_EPS,T,2014-01-02,3157,3157,1.0,0,0,2014-01-02,2026-07-23,0,,,
BEST_EPS,TTWO,2014-01-02,3157,3157,1.0,0,0,2014-01-02,2026-07-23,0,,,
BEST_EPS,PUB,2014-01-02,3157,3157,1.0,0,0,2014-01-02,2026-07-23,0,,,
BEST_EPS,7974,2014-01-07,3154,3154,1.0,0,0,2014-01-07,2026-07-23,0,,,
BEST_EPS,DTE,2014-01-02,3157,3157,1.0,0,0,2014-01-02,2026-07-23,0,,,
BEST_EPS,UMG,2021-09-21,1214,1214,1.0,0,0,2021-09-21,2026-07-23,0,,,
BEST_EPS,LOW,2014-01-02,3157,3157,1.0,0,0,2014-01-02,2026-07-23,0,,,
BEST_EPS,TJX,2014-01-02,3157,3157,1.0,0,0,2014-01-02,2026-07-23,0,,,
BEST_EPS,SBUX,2014-01-02,3157,3157,1.0,0,0,2014-01-02,2026-07-23,0,,,
BEST_EPS,ABNB,2020-12-10,1409,1409,1.0,0,0,2020-12-10,2026-07-23,0,,,
BEST_EPS,7203,2014-01-07,3154,3154,1.0,0,0,2014-01-07,2026-07-23,0,,,
BEST_EPS,ITX,2014-01-02,3157,3157,1.0,0,0,2014-01-02,2026-07-23,0,,,
BEST_EPS,ABT,2014-01-02,3157,3157,1.0,0,0,2014-01-02,2026-07-23,0,,,
BEST_EPS,DHR,2014-01-02,3157,3157,1.0,0,0,2014-01-02,2026-07-23,0,,,
BEST_EPS,VRTX,2014-01-02,3157,3157,1.0,0,0,2014-01-02,2026-07-23,0,,,
BEST_EPS,SAN,2014-01-02,3157,3157,1.0,0,0,2014-01-02,2026-07-23,0,,,
BEST_EPS,GE,2024-04-02,579,579,1.0,0,0,2024-04-02,2026-07-23,0,,,
BEST_EPS,TT,2020-03-02,1607,1607,1.0,0,0,2020-03-02,2026-07-23,0,,,
BEST_EPS,ABBN,2014-01-02,3157,3157,1.0,0,0,2014-01-02,2026-07-23,0,,,
BEST_EPS,KO,2014-01-02,3157,3157,1.0,0,0,2014-01-02,2026-07-23,0,,,
BEST_EPS,ULVR,2014-01-02,3157,3157,1.0,0,0,2014-01-02,2026-07-23,0,,,
BEST_EPS,ECL,2014-01-02,3157,3157,1.0,0,0,2014-01-02,2026-07-23,0,,,
BEST_EPS,AI,2014-01-02,3157,3157,1.0,0,0,2014-01-02,2026-07-23,0,,,
BEST_EPS,IBE,2014-01-02,3157,3157,1.0,0,0,2014-01-02,2026-07-23,0,,,
BEST_EPS,INTU,2014-01-02,3157,3157,1.0,0,0,2014-01-02,2026-07-23,0,,,
BEST_EPS,SNPS,2014-01-02,3157,3157,1.0,0,0,2014-01-02,2026-07-23,0,,,
BEST_EPS,APH,2014-01-02,3157,3157,1.0,0,0,2014-01-02,2026-07-23,0,,,
BEST_EPS,MSI,2014-01-02,3157,3157,1.0,0,0,2014-01-02,2026-07-23,0,,,
BEST_EPS,CRWD,2019-06-12,1788,1788,1.0,0,0,2019-06-12,2026-07-23,0,,,
BEST_EPS,NXPI,2014-01-02,3157,3157,1.0,0,0,2014-01-02,2026-07-23,0,,,
BEST_EPS,KEYS,2014-10-21,2955,2955,1.0,0,0,2014-10-21,2026-07-23,0,,,
BEST_EPS,ADSK,2014-01-02,3157,3157,1.0,0,0,2014-01-02,2026-07-23,0,,,
BEST_EPS,WDAY,2014-01-02,3157,3157,1.0,0,0,2014-01-02,2026-07-23,0,,,
BEST_EPS,WDC,2025-02-24,355,355,1.0,0,0,2025-02-24,2026-07-23,0,,,
BEST_EPS,DDOG,2019-09-19,1719,1719,1.0,0,0,2019-09-19,2026-07-23,0,,,
BEST_EPS,FTNT,2014-01-02,3157,3157,1.0,0,0,2014-01-02,2026-07-23,0,,,
BEST_EPS,DSY,2014-01-02,3157,3157,1.0,0,0,2014-01-02,2026-07-23,0,,,
BEST_EPS,6146,2014-01-07,3154,3154,1.0,0,0,2014-01-07,2026-07-23,0,,,
BEST_EPS,6981,2014-01-07,3154,3154,1.0,0,0,2014-01-07,2026-07-23,0,,,
BEST_EPS,BRK/B,2014-01-02,3157,3157,1.0,0,0,2014-01-02,2026-07-23,0,,,
BEST_EPS,CB,2014-01-02,3157,3157,1.0,0,0,2014-01-02,2026-07-23,0,,,
BEST_EPS,ICE,2014-01-02,3157,3157,1.0,0,0,2014-01-02,2026-07-23,0,,,
BEST_EPS,MCO,2014-01-02,3157,3157,1.0,0,0,2014-01-02,2026-07-23,0,,,
BEST_EPS,PYPL,2015-07-07,2778,2778,1.0,0,0,2015-07-07,2026-07-23,0,,,
BEST_EPS,COF,2025-05-19,296,296,1.0,0,0,2025-05-19,2026-07-23,0,,,
BEST_EPS,BNP,2014-01-02,3157,3157,1.0,0,0,2014-01-02,2026-07-23,0,,,
BEST_EPS,MUV2,2014-01-02,3157,3157,1.0,0,0,2014-01-02,2026-07-23,0,,,
BEST_EPS,RTX,2014-01-02,3157,3157,1.0,0,0,2014-01-02,2026-07-23,0,,,
BEST_EPS,EMR,2014-01-02,3157,3157,1.0,0,0,2014-01-02,2026-07-23,0,,,
BEST_EPS,AXON,2014-01-02,3157,3157,1.0,0,0,2014-01-02,2026-07-23,0,,,
BEST_EPS,UBER,2019-05-10,1810,1810,1.0,0,0,2019-05-10,2026-07-23,0,,,
BEST_EPS,AIR,2014-01-02,3157,3157,1.0,0,0,2014-01-02,2026-07-23,0,,,
BEST_EPS,SAF,2014-01-02,3157,3157,1.0,0,0,2014-01-02,2026-07-23,0,,,
BEST_EPS,MRK,2014-01-02,3157,3157,1.0,0,0,2014-01-02,2026-07-23,0,,,
BEST_EPS,AMGN,2014-01-02,3157,3157,1.0,0,0,2014-01-02,2026-07-23,0,,,
BEST_EPS,SYK,2014-01-02,3157,3157,1.0,0,0,2014-01-02,2026-07-23,0,,,
BEST_EPS,MCK,2014-01-02,3157,3157,1.0,0,0,2014-01-02,2026-07-23,0,,,
BEST_EPS,NOVN,2014-01-02,3157,3157,1.0,0,0,2014-01-02,2026-07-23,0,,,
BEST_EPS,NKE,2014-01-02,3157,3157,1.0,0,0,2014-01-02,2026-07-23,0,,,
BEST_EPS,ORLY,2014-01-02,3157,3157,1.0,0,0,2014-01-02,2026-07-23,0,,,
BEST_EPS,DASH,2020-12-09,1410,1410,1.0,0,0,2020-12-09,2026-07-23,0,,,
BEST_EPS,CFR,2014-01-02,3157,3157,1.0,0,0,2014-01-02,2026-07-23,0,,,
BEST_EPS,TTD,2016-09-21,2472,2472,1.0,0,0,2016-09-21,2026-07-23,0,,,
BEST_EPS,RBLX,2021-03-10,1349,1349,1.0,0,0,2021-03-10,2026-07-23,0,,,
BEST_EPS,9432,2014-01-07,3154,3154,1.0,0,0,2014-01-07,2026-07-23,0,,,
BEST_EPS,9433,2014-01-07,3154,3154,1.0,0,0,2014-01-07,2026-07-23,0,,,
BEST_EPS,PEP,2014-01-02,3157,3157,1.0,0,0,2014-01-02,2026-07-23,0,,,
BEST_EPS,MDLZ,2014-01-02,3157,3157,1.0,0,0,2014-01-02,2026-07-23,0,,,
BEST_EPS,OR,2014-01-02,3157,3157,1.0,0,0,2014-01-02,2026-07-23,0,,,
BEST_EPS,CVX,2014-01-02,3157,3157,1.0,0,0,2014-01-02,2026-07-23,0,,,
BEST_EPS,TTE,2014-01-02,3157,3157,1.0,0,0,2014-01-02,2026-07-23,0,,,
BEST_EPS,NEM,2014-01-02,3157,3157,1.0,0,0,2014-01-02,2026-07-23,0,,,
BEST_EPS,SHW,2014-01-02,3157,3157,1.0,0,0,2014-01-02,2026-07-23,0,,,
BEST_EPS,SO,2014-01-02,3157,3157,1.0,0,0,2014-01-02,2026-07-23,0,,,
BEST_SALES,AAPL,2014-01-02,3157,3157,1.0,0,0,2014-01-02,2026-07-23,0,,,
BEST_SALES,MSFT,2014-01-02,3157,3157,1.0,0,0,2014-01-02,2026-07-23,0,,,
BEST_SALES,GOOGL,2014-01-02,3157,3157,1.0,0,0,2014-01-02,2026-07-23,0,,,
BEST_SALES,AMZN,2014-01-02,3157,3157,1.0,0,0,2014-01-02,2026-07-23,0,,,
BEST_SALES,META,2014-01-02,3157,3157,1.0,0,0,2014-01-02,2026-07-23,0,,,
BEST_SALES,NVDA,2014-01-02,3157,3157,1.0,0,0,2014-01-02,2026-07-23,0,,,
BEST_SALES,TSLA,2014-01-02,3157,3157,1.0,0,0,2014-01-02,2026-07-23,0,,,
BEST_SALES,PLTR,2020-09-30,1459,1459,1.0,0,0,2020-09-30,2026-07-23,0,,,
BEST_SALES,AVGO,2014-01-02,3157,3157,1.0,0,0,2014-01-02,2026-07-23,0,,,
BEST_SALES,MU,2014-01-02,3157,3157,1.0,0,0,2014-01-02,2026-07-23,0,,,
BEST_SALES,GEV,2024-04-02,579,579,1.0,0,0,2024-04-02,2026-07-23,0,,,
BEST_SALES,VRT,2018-08-01,2004,2004,1.0,0,0,2018-08-01,2026-07-23,0,,,
BEST_SALES,BE,2018-07-25,2009,2009,1.0,0,0,2018-07-25,2026-07-23,0,,,
BEST_SALES,LITE,2015-07-27,2764,2764,1.0,0,0,2015-07-27,2026-07-23,0,,,
BEST_SALES,000660,2014-01-02,3157,3157,1.0,0,0,2014-01-02,2026-07-23,0,,,
BEST_SALES,005930,2014-01-02,3157,3157,1.0,0,0,2014-01-02,2026-07-23,0,,,
BEST_SALES,UNH,2014-01-02,3157,3157,1.0,0,0,2014-01-02,2026-07-23,0,,,
BEST_SALES,LLY,2014-01-02,3157,3157,1.0,0,0,2014-01-02,2026-07-23,0,,,
BEST_SALES,ISRG,2014-01-02,3157,3157,1.0,0,0,2014-01-02,2026-07-23,0,,,
BEST_SALES,ABBV,2014-01-02,3157,3157,1.0,0,0,2014-01-02,2026-07-23,0,,,
BEST_SALES,REGN,2014-01-02,3157,3157,1.0,0,0,2014-01-02,2026-07-23,0,,,
BEST_SALES,JPM,2014-01-02,3157,3157,1.0,0,0,2014-01-02,2026-07-23,0,,,
BEST_SALES,V,2014-01-02,3157,3157,1.0,0,0,2014-01-02,2026-07-23,0,,,
BEST_SALES,MA,2014-01-02,3157,3157,1.0,0,0,2014-01-02,2026-07-23,0,,,
BEST_SALES,BLK,2014-01-02,3157,3157,1.0,0,0,2014-01-02,2026-07-23,0,,,
BEST_SALES,SPGI,2014-01-02,3157,3157,1.0,0,0,2014-01-02,2026-07-23,0,,,
BEST_SALES,GS,2014-01-02,3157,3157,1.0,0,0,2014-01-02,2026-07-23,0,,,
BEST_SALES,COST,2014-01-02,3157,3157,1.0,0,0,2014-01-02,2026-07-23,0,,,
BEST_SALES,HD,2014-01-02,3157,3157,1.0,0,0,2014-01-02,2026-07-23,0,,,
BEST_SALES,PG,2014-01-02,3157,3157,1.0,0,0,2014-01-02,2026-07-23,0,,,
BEST_SALES,MCD,2014-01-02,3157,3157,1.0,0,0,2014-01-02,2026-07-23,0,,,
BEST_SALES,WMT,2014-01-02,3157,3157,1.0,0,0,2014-01-02,2026-07-23,0,,,
BEST_SALES,CAT,2014-01-02,3157,3157,1.0,0,0,2014-01-02,2026-07-23,0,,,
BEST_SALES,HON,2014-01-02,3157,3157,1.0,0,0,2014-01-02,2026-07-23,0,,,
BEST_SALES,DE,2014-01-02,3157,3157,1.0,0,0,2014-01-02,2026-07-23,0,,,
BEST_SALES,UNP,2014-01-02,3157,3157,1.0,0,0,2014-01-02,2026-07-23,0,,,
BEST_SALES,LMT,2014-01-02,3157,3157,1.0,0,0,2014-01-02,2026-07-23,0,,,
BEST_SALES,ETN,2014-01-02,3157,3157,1.0,0,0,2014-01-02,2026-07-23,0,,,
BEST_SALES,XOM,2014-01-02,3157,3157,1.0,0,0,2014-01-02,2026-07-23,0,,,
BEST_SALES,LNG,2014-01-02,3157,3157,1.0,0,0,2014-01-02,2026-07-23,0,,,
BEST_SALES,FCX,2014-01-02,3157,3157,1.0,0,0,2014-01-02,2026-07-23,0,,,
BEST_SALES,LIN,2014-01-02,3157,3157,1.0,0,0,2014-01-02,2026-07-23,0,,,
BEST_SALES,NEE,2014-01-02,3157,3157,1.0,0,0,2014-01-02,2026-07-23,0,,,
BEST_SALES,AMT,2014-01-02,3157,3157,1.0,0,0,2014-01-02,2026-07-23,0,,,
BEST_SALES,EQIX,2014-01-02,3157,3157,1.0,0,0,2014-01-02,2026-07-23,0,,,
BEST_SALES,TMUS,2014-01-02,3157,3157,1.0,0,0,2014-01-02,2026-07-23,0,,,
BEST_SALES,PLD,2014-01-02,3157,3157,1.0,0,0,2014-01-02,2026-07-23,0,,,
BEST_SALES,AMD,2014-01-02,3157,3157,1.0,0,0,2014-01-02,2026-07-23,0,,,
BEST_SALES,CRM,2014-01-02,3157,3157,1.0,0,0,2014-01-02,2026-07-23,0,,,
BEST_SALES,NFLX,2014-01-02,3157,3157,1.0,0,0,2014-01-02,2026-07-23,0,,,
BEST_SALES,TER,2014-01-02,3157,3157,1.0,0,0,2014-01-02,2026-07-23,0,,,
BEST_SALES,GLW,2014-01-02,3157,3157,1.0,0,0,2014-01-02,2026-07-23,0,,,
BEST_SALES,JNJ,2014-01-02,3157,3157,1.0,0,0,2014-01-02,2026-07-23,0,,,
BEST_SALES,WFC,2014-01-02,3157,3157,1.0,0,0,2014-01-02,2026-07-23,0,,,
BEST_SALES,MPC,2014-01-02,3157,3157,1.0,0,0,2014-01-02,2026-07-23,0,,,
BEST_SALES,LRCX,2014-01-02,3157,3157,1.0,0,0,2014-01-02,2026-07-23,0,,,
BEST_SALES,AMAT,2014-01-02,3157,3157,1.0,0,0,2014-01-02,2026-07-23,0,,,
BEST_SALES,PANW,2014-01-02,3157,3157,1.0,0,0,2014-01-02,2026-07-23,0,,,
BEST_SALES,FN,2014-01-02,3157,3157,1.0,0,0,2014-01-02,2026-07-23,0,,,
BEST_SALES,MPWR,2014-01-02,3157,3157,1.0,0,0,2014-01-02,2026-07-23,0,,,
BEST_SALES,BAC,2014-01-02,3157,3157,1.0,0,0,2014-01-02,2026-07-23,0,,,
BEST_SALES,CSCO,2014-01-02,3157,3157,1.0,0,0,2014-01-02,2026-07-23,0,,,
BEST_SALES,INTC,2014-01-02,3157,3157,1.0,0,0,2014-01-02,2026-07-23,0,,,
BEST_SALES,ORCL,2014-01-02,3157,3157,1.0,0,0,2014-01-02,2026-07-23,0,,,
BEST_SALES,TSM,2014-01-02,3157,3157,1.0,0,0,2014-01-02,2026-07-23,0,,,
BEST_SALES,SNDK,2025-02-24,355,355,1.0,0,0,2025-02-24,2026-07-23,0,,,
BEST_SALES,KLAC,2014-01-02,3157,3157,1.0,0,0,2014-01-02,2026-07-23,0,,,
BEST_SALES,ANET,2014-06-06,3050,3050,1.0,0,0,2014-06-06,2026-07-23,0,,,
BEST_SALES,MRVL,2014-01-02,3157,3157,1.0,0,0,2014-01-02,2026-07-23,0,,,
BEST_SALES,CDNS,2014-01-02,3157,3157,1.0,0,0,2014-01-02,2026-07-23,0,,,
BEST_SALES,STX,2014-01-02,3157,3157,1.0,0,0,2014-01-02,2026-07-23,0,,,
BEST_SALES,PWR,2014-01-02,3157,3157,1.0,0,0,2014-01-02,2026-07-23,0,,,
BEST_SALES,BX,2014-01-02,3157,3157,1.0,0,0,2014-01-02,2026-07-23,0,,,
BEST_SALES,TMO,2014-01-02,3157,3157,1.0,0,0,2014-01-02,2026-07-23,0,,,
BEST_SALES,BSX,2014-01-02,3157,3157,1.0,0,0,2014-01-02,2026-07-23,0,,,
BEST_SALES,BKNG,2014-01-02,3157,3157,1.0,0,0,2014-01-02,2026-07-23,0,,,
BEST_SALES,PM,2014-01-02,3157,3157,1.0,0,0,2014-01-02,2026-07-23,0,,,
BEST_SALES,WMB,2014-01-02,3157,3157,1.0,0,0,2014-01-02,2026-07-23,0,,,
BEST_SALES,CEG,2022-02-02,1121,1121,1.0,0,0,2022-02-02,2026-07-23,0,,,
BEST_SALES,VST,2016-10-05,2462,2462,1.0,0,0,2016-10-05,2026-07-23,0,,,
BEST_SALES,DLR,2014-01-02,3157,3157,1.0,0,0,2014-01-02,2026-07-23,0,,,
BEST_SALES,ARM,2023-09-14,716,716,1.0,0,0,2023-09-14,2026-07-23,0,,,
BEST_SALES,SPOT,2018-04-03,2088,2088,1.0,0,0,2018-04-03,2026-07-23,0,,,
BEST_SALES,RACE,2015-10-21,2703,2703,1.0,0,0,2015-10-21,2026-07-23,0,,,
BEST_SALES,285A,2024-12-18,398,398,1.0,0,0,2024-12-18,2026-07-23,0,,,
BEST_SALES,6857,2014-01-07,3154,3154,1.0,0,0,2014-01-07,2026-07-23,0,,,
BEST_SALES,SU,2014-01-02,3157,3157,1.0,0,0,2014-01-02,2026-07-23,0,,,
BEST_SALES,SIE,2014-01-02,3157,3157,1.0,0,0,2014-01-02,2026-07-23,0,,,
BEST_SALES,RHM,2014-01-02,3157,3157,1.0,0,0,2014-01-02,2026-07-23,0,,,
BEST_SALES,ALV,2014-01-02,3157,3157,1.0,0,0,2014-01-02,2026-07-23,0,,,
BEST_SALES,MC,2014-01-02,3157,3157,1.0,0,0,2014-01-02,2026-07-23,0,,,
BEST_SALES,NESN,2014-01-02,3157,3157,1.0,0,0,2014-01-02,2026-07-23,0,,,
BEST_SALES,RR/,2014-01-02,3157,3157,1.0,0,0,2014-01-02,2026-07-23,0,,,
BEST_SALES,SAP,2014-01-02,3157,3157,1.0,0,0,2014-01-02,2026-07-23,0,,,
BEST_SALES,ASML,2014-01-02,3157,3157,1.0,0,0,2014-01-02,2026-07-23,0,,,
BEST_SALES,AZN,2014-01-02,3157,3157,1.0,0,0,2014-01-02,2026-07-23,0,,,
BEST_SALES,SHEL,2014-01-02,3157,3157,1.0,0,0,2014-01-02,2026-07-23,0,,,
BEST_SALES,HSBA,2014-01-02,3157,3157,1.0,0,0,2014-01-02,2026-07-23,0,,,
BEST_SALES,NOVOB,2014-01-02,3157,3157,1.0,0,0,2014-01-02,2026-07-23,0,,,
BEST_SALES,RIO,2014-01-02,3157,3157,1.0,0,0,2014-01-02,2026-07-23,0,,,
BEST_SALES,QCOM,2014-01-02,3157,3157,1.0,0,0,2014-01-02,2026-07-23,0,,,
BEST_SALES,TXN,2014-01-02,3157,3157,1.0,0,0,2014-01-02,2026-07-23,0,,,
BEST_SALES,ADBE,2014-01-02,3157,3157,1.0,0,0,2014-01-02,2026-07-23,0,,,
BEST_SALES,NOW,2014-01-02,3157,3157,1.0,0,0,2014-01-02,2026-07-23,0,,,
BEST_SALES,ACN,2014-01-02,3157,3157,1.0,0,0,2014-01-02,2026-07-23,0,,,
BEST_SALES,IBM,2014-01-02,3157,3157,1.0,0,0,2014-01-02,2026-07-23,0,,,
BEST_SALES,ADI,2014-01-02,3157,3157,1.0,0,0,2014-01-02,2026-07-23,0,,,
BEST_SALES,DELL,2018-12-28,1901,1901,1.0,0,0,2018-12-28,2026-07-23,0,,,
BEST_SALES,8035,2014-01-07,3154,3154,1.0,0,0,2014-01-07,2026-07-23,0,,,
BEST_SALES,IFX,2014-01-02,3157,3157,1.0,0,0,2014-01-02,2026-07-23,0,,,
BEST_SALES,MS,2014-01-02,3157,3157,1.0,0,0,2014-01-02,2026-07-23,0,,,
BEST_SALES,SCHW,2014-01-02,3157,3157,1.0,0,0,2014-01-02,2026-07-23,0,,,
BEST_SALES,AXP,2014-01-02,3157,3157,1.0,0,0,2014-01-02,2026-07-23,0,,,
BEST_SALES,PGR,2014-01-02,3157,3157,1.0,0,0,2014-01-02,2026-07-23,0,,,
BEST_SALES,AON,2014-01-02,3157,3157,1.0,0,0,2014-01-02,2026-07-23,0,,,
BEST_SALES,CME,2014-01-02,3157,3157,1.0,0,0,2014-01-02,2026-07-23,0,,,
BEST_SALES,KKR,2014-01-02,3157,3157,1.0,0,0,2014-01-02,2026-07-23,0,,,
BEST_SALES,BN,2022-12-12,905,905,1.0,0,0,2022-12-12,2026-07-23,0,,,
BEST_SALES,C,2014-01-02,3157,3157,1.0,0,0,2014-01-02,2026-07-23,0,,,
BEST_SALES,LSEG,2014-01-02,3157,3157,1.0,0,0,2014-01-02,2026-07-23,0,,,
BEST_SALES,ZURN,2014-01-02,3157,3157,1.0,0,0,2014-01-02,2026-07-23,0,,,
BEST_SALES,CS,2014-01-02,3157,3157,1.0,0,0,2014-01-02,2026-07-23,0,,,
BEST_SALES,8306,2014-01-07,3154,3154,1.0,0,0,2014-01-07,2026-07-23,0,,,
BEST_SALES,DIS,2014-01-02,3157,3157,1.0,0,0,2014-01-02,2026-07-23,0,,,
BEST_SALES,CMCSA,2014-01-02,3157,3157,1.0,0,0,2014-01-02,2026-07-23,0,,,
BEST_SALES,VZ,2014-01-02,3157,3157,1.0,0,0,2014-01-02,2026-07-23,0,,,
BEST_SALES,T,2014-01-02,3157,3157,1.0,0,0,2014-01-02,2026-07-23,0,,,
BEST_SALES,TTWO,2014-01-02,3157,3157,1.0,0,0,2014-01-02,2026-07-23,0,,,
BEST_SALES,PUB,2014-01-02,3157,3157,1.0,0,0,2014-01-02,2026-07-23,0,,,
BEST_SALES,7974,2014-01-07,3154,3154,1.0,0,0,2014-01-07,2026-07-23,0,,,
BEST_SALES,DTE,2014-01-02,3157,3157,1.0,0,0,2014-01-02,2026-07-23,0,,,
BEST_SALES,UMG,2021-09-21,1214,1214,1.0,0,0,2021-09-21,2026-07-23,0,,,
BEST_SALES,LOW,2014-01-02,3157,3157,1.0,0,0,2014-01-02,2026-07-23,0,,,
BEST_SALES,TJX,2014-01-02,3157,3157,1.0,0,0,2014-01-02,2026-07-23,0,,,
BEST_SALES,SBUX,2014-01-02,3157,3157,1.0,0,0,2014-01-02,2026-07-23,0,,,
BEST_SALES,ABNB,2020-12-10,1409,1409,1.0,0,0,2020-12-10,2026-07-23,0,,,
BEST_SALES,7203,2014-01-07,3154,3154,1.0,0,0,2014-01-07,2026-07-23,0,,,
BEST_SALES,ITX,2014-01-02,3157,3157,1.0,0,0,2014-01-02,2026-07-23,0,,,
BEST_SALES,ABT,2014-01-02,3157,3157,1.0,0,0,2014-01-02,2026-07-23,0,,,
BEST_SALES,DHR,2014-01-02,3157,3157,1.0,0,0,2014-01-02,2026-07-23,0,,,
BEST_SALES,VRTX,2014-01-02,3157,3157,1.0,0,0,2014-01-02,2026-07-23,0,,,
BEST_SALES,SAN,2014-01-02,3157,3157,1.0,0,0,2014-01-02,2026-07-23,0,,,
BEST_SALES,GE,2024-04-02,579,579,1.0,0,0,2024-04-02,2026-07-23,0,,,
BEST_SALES,TT,2020-03-02,1607,1607,1.0,0,0,2020-03-02,2026-07-23,0,,,
BEST_SALES,ABBN,2014-01-02,3157,3157,1.0,0,0,2014-01-02,2026-07-23,0,,,
BEST_SALES,KO,2014-01-02,3157,3157,1.0,0,0,2014-01-02,2026-07-23,0,,,
BEST_SALES,ULVR,2014-01-02,3157,3157,1.0,0,0,2014-01-02,2026-07-23,0,,,
BEST_SALES,ECL,2014-01-02,3157,3157,1.0,0,0,2014-01-02,2026-07-23,0,,,
BEST_SALES,AI,2014-01-02,3157,3157,1.0,0,0,2014-01-02,2026-07-23,0,,,
BEST_SALES,IBE,2014-01-02,3157,3157,1.0,0,0,2014-01-02,2026-07-23,0,,,
BEST_SALES,INTU,2014-01-02,3157,3157,1.0,0,0,2014-01-02,2026-07-23,0,,,
BEST_SALES,SNPS,2014-01-02,3157,3157,1.0,0,0,2014-01-02,2026-07-23,0,,,
BEST_SALES,APH,2014-01-02,3157,3157,1.0,0,0,2014-01-02,2026-07-23,0,,,
BEST_SALES,MSI,2014-01-02,3157,3157,1.0,0,0,2014-01-02,2026-07-23,0,,,
BEST_SALES,CRWD,2019-06-12,1788,1788,1.0,0,0,2019-06-12,2026-07-23,0,,,
BEST_SALES,NXPI,2014-01-02,3157,3157,1.0,0,0,2014-01-02,2026-07-23,0,,,
BEST_SALES,KEYS,2014-10-21,2955,2955,1.0,0,0,2014-10-21,2026-07-23,0,,,
BEST_SALES,ADSK,2014-01-02,3157,3157,1.0,0,0,2014-01-02,2026-07-23,0,,,
BEST_SALES,WDAY,2014-01-02,3157,3157,1.0,0,0,2014-01-02,2026-07-23,0,,,
BEST_SALES,WDC,2025-02-24,355,355,1.0,0,0,2025-02-24,2026-07-23,0,,,
BEST_SALES,DDOG,2019-09-19,1719,1719,1.0,0,0,2019-09-19,2026-07-23,0,,,
BEST_SALES,FTNT,2014-01-02,3157,3157,1.0,0,0,2014-01-02,2026-07-23,0,,,
BEST_SALES,DSY,2014-01-02,3157,3157,1.0,0,0,2014-01-02,2026-07-23,0,,,
BEST_SALES,6146,2014-01-07,3154,3154,1.0,0,0,2014-01-07,2026-07-23,0,,,
BEST_SALES,6981,2014-01-07,3154,3154,1.0,0,0,2014-01-07,2026-07-23,0,,,
BEST_SALES,BRK/B,2014-01-02,3157,3157,1.0,0,0,2014-01-02,2026-07-23,0,,,
BEST_SALES,CB,2014-01-02,3157,3157,1.0,0,0,2014-01-02,2026-07-23,0,,,
BEST_SALES,ICE,2014-01-02,3157,3157,1.0,0,0,2014-01-02,2026-07-23,0,,,
BEST_SALES,MCO,2014-01-02,3157,3157,1.0,0,0,2014-01-02,2026-07-23,0,,,
BEST_SALES,PYPL,2015-07-07,2778,2778,1.0,0,0,2015-07-07,2026-07-23,0,,,
BEST_SALES,COF,2025-05-19,296,296,1.0,0,0,2025-05-19,2026-07-23,0,,,
BEST_SALES,BNP,2014-01-02,3157,3157,1.0,0,0,2014-01-02,2026-07-23,0,,,
BEST_SALES,MUV2,2014-01-02,3157,3157,1.0,0,0,2014-01-02,2026-07-23,0,,,
BEST_SALES,RTX,2014-01-02,3157,3157,1.0,0,0,2014-01-02,2026-07-23,0,,,
BEST_SALES,EMR,2014-01-02,3157,3157,1.0,0,0,2014-01-02,2026-07-23,0,,,
BEST_SALES,AXON,2014-01-02,3157,3157,1.0,0,0,2014-01-02,2026-07-23,0,,,
BEST_SALES,UBER,2019-05-10,1810,1810,1.0,0,0,2019-05-10,2026-07-23,0,,,
BEST_SALES,AIR,2014-01-02,3157,3157,1.0,0,0,2014-01-02,2026-07-23,0,,,
BEST_SALES,SAF,2014-01-02,3157,3157,1.0,0,0,2014-01-02,2026-07-23,0,,,
BEST_SALES,MRK,2014-01-02,3157,3157,1.0,0,0,2014-01-02,2026-07-23,0,,,
BEST_SALES,AMGN,2014-01-02,3157,3157,1.0,0,0,2014-01-02,2026-07-23,0,,,
BEST_SALES,SYK,2014-01-02,3157,3157,1.0,0,0,2014-01-02,2026-07-23,0,,,
BEST_SALES,MCK,2014-01-02,3157,3157,1.0,0,0,2014-01-02,2026-07-23,0,,,
BEST_SALES,NOVN,2014-01-02,3157,3157,1.0,0,0,2014-01-02,2026-07-23,0,,,
BEST_SALES,NKE,2014-01-02,3157,3157,1.0,0,0,2014-01-02,2026-07-23,0,,,
BEST_SALES,ORLY,2014-01-02,3157,3157,1.0,0,0,2014-01-02,2026-07-23,0,,,
BEST_SALES,DASH,2020-12-09,1410,1410,1.0,0,0,2020-12-09,2026-07-23,0,,,
BEST_SALES,CFR,2014-01-02,3157,3157,1.0,0,0,2014-01-02,2026-07-23,0,,,
BEST_SALES,TTD,2016-09-21,2472,2472,1.0,0,0,2016-09-21,2026-07-23,0,,,
BEST_SALES,RBLX,2021-03-10,1349,1349,1.0,0,0,2021-03-10,2026-07-23,0,,,
BEST_SALES,9432,2014-01-07,3154,3154,1.0,0,0,2014-01-07,2026-07-23,0,,,
BEST_SALES,9433,2014-01-07,3154,3154,1.0,0,0,2014-01-07,2026-07-23,0,,,
BEST_SALES,PEP,2014-01-02,3157,3157,1.0,0,0,2014-01-02,2026-07-23,0,,,
BEST_SALES,MDLZ,2014-01-02,3157,3157,1.0,0,0,2014-01-02,2026-07-23,0,,,
BEST_SALES,OR,2014-01-02,3157,3157,1.0,0,0,2014-01-02,2026-07-23,0,,,
BEST_SALES,CVX,2014-01-02,3157,3157,1.0,0,0,2014-01-02,2026-07-23,0,,,
BEST_SALES,TTE,2014-01-02,3157,3157,1.0,0,0,2014-01-02,2026-07-23,0,,,
BEST_SALES,NEM,2014-01-02,3157,3157,1.0,0,0,2014-01-02,2026-07-23,0,,,
BEST_SALES,SHW,2014-01-02,3157,3157,1.0,0,0,2014-01-02,2026-07-23,0,,,
BEST_SALES,SO,2014-01-02,3157,3157,1.0,0,0,2014-01-02,2026-07-23,0,,,
BEST_PE_RATIO,AAPL,2014-01-02,3157,3157,1.0,0,0,2014-01-02,2026-07-23,0,,,
BEST_PE_RATIO,MSFT,2014-01-02,3157,3157,1.0,0,0,2014-01-02,2026-07-23,0,,,
BEST_PE_RATIO,GOOGL,2014-01-02,3157,3157,1.0,0,0,2014-01-02,2026-07-23,0,,,
BEST_PE_RATIO,AMZN,2014-01-02,3157,3157,1.0,0,0,2014-01-02,2026-07-23,0,,,
BEST_PE_RATIO,META,2014-01-02,3157,3157,1.0,0,0,2014-01-02,2026-07-23,0,,,
BEST_PE_RATIO,NVDA,2014-01-02,3157,3157,1.0,0,0,2014-01-02,2026-07-23,0,,,
BEST_PE_RATIO,TSLA,2014-01-02,3157,3157,1.0,0,0,2014-01-02,2026-07-23,0,,,
BEST_PE_RATIO,PLTR,2020-09-30,1459,1459,1.0,0,0,2020-09-30,2026-07-23,0,,,
BEST_PE_RATIO,AVGO,2014-01-02,3157,3157,1.0,0,0,2014-01-02,2026-07-23,0,,,
BEST_PE_RATIO,MU,2014-01-02,3157,3157,1.0,0,0,2014-01-02,2026-07-23,0,,,
BEST_PE_RATIO,GEV,2024-04-02,579,579,1.0,0,0,2024-04-02,2026-07-23,0,,,
BEST_PE_RATIO,VRT,2018-08-01,2004,2004,1.0,0,0,2018-08-01,2026-07-23,0,,,
BEST_PE_RATIO,BE,2018-07-25,2009,2009,1.0,0,0,2018-07-25,2026-07-23,0,,,
BEST_PE_RATIO,LITE,2015-07-27,2764,2764,1.0,0,0,2015-07-27,2026-07-23,0,,,
BEST_PE_RATIO,000660,2014-01-02,3157,3157,1.0,0,0,2014-01-02,2026-07-23,0,,,
BEST_PE_RATIO,005930,2014-01-02,3157,3157,1.0,0,0,2014-01-02,2026-07-23,0,,,
BEST_PE_RATIO,UNH,2014-01-02,3157,3157,1.0,0,0,2014-01-02,2026-07-23,0,,,
BEST_PE_RATIO,LLY,2014-01-02,3157,3157,1.0,0,0,2014-01-02,2026-07-23,0,,,
BEST_PE_RATIO,ISRG,2014-01-02,3157,3157,1.0,0,0,2014-01-02,2026-07-23,0,,,
BEST_PE_RATIO,ABBV,2014-01-02,3157,3157,1.0,0,0,2014-01-02,2026-07-23,0,,,
BEST_PE_RATIO,REGN,2014-01-02,3157,3157,1.0,0,0,2014-01-02,2026-07-23,0,,,
BEST_PE_RATIO,JPM,2014-01-02,3157,3157,1.0,0,0,2014-01-02,2026-07-23,0,,,
BEST_PE_RATIO,V,2014-01-02,3157,3157,1.0,0,0,2014-01-02,2026-07-23,0,,,
BEST_PE_RATIO,MA,2014-01-02,3157,3157,1.0,0,0,2014-01-02,2026-07-23,0,,,
BEST_PE_RATIO,BLK,2014-01-02,3157,3157,1.0,0,0,2014-01-02,2026-07-23,0,,,
BEST_PE_RATIO,SPGI,2014-01-02,3157,3157,1.0,0,0,2014-01-02,2026-07-23,0,,,
BEST_PE_RATIO,GS,2014-01-02,3157,3157,1.0,0,0,2014-01-02,2026-07-23,0,,,
BEST_PE_RATIO,COST,2014-01-02,3157,3157,1.0,0,0,2014-01-02,2026-07-23,0,,,
BEST_PE_RATIO,HD,2014-01-02,3157,3157,1.0,0,0,2014-01-02,2026-07-23,0,,,
BEST_PE_RATIO,PG,2014-01-02,3157,3157,1.0,0,0,2014-01-02,2026-07-23,0,,,
BEST_PE_RATIO,MCD,2014-01-02,3157,3157,1.0,0,0,2014-01-02,2026-07-23,0,,,
BEST_PE_RATIO,WMT,2014-01-02,3157,3157,1.0,0,0,2014-01-02,2026-07-23,0,,,
BEST_PE_RATIO,CAT,2014-01-02,3157,3157,1.0,0,0,2014-01-02,2026-07-23,0,,,
BEST_PE_RATIO,HON,2014-01-02,3157,3157,1.0,0,0,2014-01-02,2026-07-23,0,,,
BEST_PE_RATIO,DE,2014-01-02,3157,3157,1.0,0,0,2014-01-02,2026-07-23,0,,,
BEST_PE_RATIO,UNP,2014-01-02,3157,3157,1.0,0,0,2014-01-02,2026-07-23,0,,,
BEST_PE_RATIO,LMT,2014-01-02,3157,3157,1.0,0,0,2014-01-02,2026-07-23,0,,,
BEST_PE_RATIO,ETN,2014-01-02,3157,3157,1.0,0,0,2014-01-02,2026-07-23,0,,,
BEST_PE_RATIO,XOM,2014-01-02,3157,3157,1.0,0,0,2014-01-02,2026-07-23,0,,,
BEST_PE_RATIO,LNG,2014-01-02,3157,3157,1.0,0,0,2014-01-02,2026-07-23,0,,,
BEST_PE_RATIO,FCX,2014-01-02,3157,3157,1.0,0,0,2014-01-02,2026-07-23,0,,,
BEST_PE_RATIO,LIN,2014-01-02,3157,3157,1.0,0,0,2014-01-02,2026-07-23,0,,,
BEST_PE_RATIO,NEE,2014-01-02,3157,3157,1.0,0,0,2014-01-02,2026-07-23,0,,,
BEST_PE_RATIO,AMT,2014-01-02,3157,3157,1.0,0,0,2014-01-02,2026-07-23,0,,,
BEST_PE_RATIO,EQIX,2014-01-02,3157,3157,1.0,0,0,2014-01-02,2026-07-23,0,,,
BEST_PE_RATIO,TMUS,2014-01-02,3157,3157,1.0,0,0,2014-01-02,2026-07-23,0,,,
BEST_PE_RATIO,PLD,2014-01-02,3157,3157,1.0,0,0,2014-01-02,2026-07-23,0,,,
BEST_PE_RATIO,AMD,2014-01-02,3157,3157,1.0,0,0,2014-01-02,2026-07-23,0,,,
BEST_PE_RATIO,CRM,2014-01-02,3157,3157,1.0,0,0,2014-01-02,2026-07-23,0,,,
BEST_PE_RATIO,NFLX,2014-01-02,3157,3157,1.0,0,0,2014-01-02,2026-07-23,0,,,
BEST_PE_RATIO,TER,2014-01-02,3157,3157,1.0,0,0,2014-01-02,2026-07-23,0,,,
BEST_PE_RATIO,GLW,2014-01-02,3157,3157,1.0,0,0,2014-01-02,2026-07-23,0,,,
BEST_PE_RATIO,JNJ,2014-01-02,3157,3157,1.0,0,0,2014-01-02,2026-07-23,0,,,
BEST_PE_RATIO,WFC,2014-01-02,3157,3157,1.0,0,0,2014-01-02,2026-07-23,0,,,
BEST_PE_RATIO,MPC,2014-01-02,3157,3157,1.0,0,0,2014-01-02,2026-07-23,0,,,
BEST_PE_RATIO,LRCX,2014-01-02,3157,3157,1.0,0,0,2014-01-02,2026-07-23,0,,,
BEST_PE_RATIO,AMAT,2014-01-02,3157,3157,1.0,0,0,2014-01-02,2026-07-23,0,,,
BEST_PE_RATIO,PANW,2014-01-02,3157,3157,1.0,0,0,2014-01-02,2026-07-23,0,,,
BEST_PE_RATIO,FN,2014-01-02,3157,3157,1.0,0,0,2014-01-02,2026-07-23,0,,,
BEST_PE_RATIO,MPWR,2014-01-02,3157,3157,1.0,0,0,2014-01-02,2026-07-23,0,,,
BEST_PE_RATIO,BAC,2014-01-02,3157,3157,1.0,0,0,2014-01-02,2026-07-23,0,,,
BEST_PE_RATIO,CSCO,2014-01-02,3157,3157,1.0,0,0,2014-01-02,2026-07-23,0,,,
BEST_PE_RATIO,INTC,2014-01-02,3157,3157,1.0,0,0,2014-01-02,2026-07-23,0,,,
BEST_PE_RATIO,ORCL,2014-01-02,3157,3157,1.0,0,0,2014-01-02,2026-07-23,0,,,
BEST_PE_RATIO,TSM,2014-01-02,3157,3157,1.0,0,0,2014-01-02,2026-07-23,0,,,
BEST_PE_RATIO,SNDK,2025-02-24,355,355,1.0,0,0,2025-02-24,2026-07-23,0,,,
BEST_PE_RATIO,KLAC,2014-01-02,3157,3157,1.0,0,0,2014-01-02,2026-07-23,0,,,
BEST_PE_RATIO,ANET,2014-06-06,3050,3050,1.0,0,0,2014-06-06,2026-07-23,0,,,
BEST_PE_RATIO,MRVL,2014-01-02,3157,3157,1.0,0,0,2014-01-02,2026-07-23,0,,,
BEST_PE_RATIO,CDNS,2014-01-02,3157,3157,1.0,0,0,2014-01-02,2026-07-23,0,,,
BEST_PE_RATIO,STX,2014-01-02,3157,3157,1.0,0,0,2014-01-02,2026-07-23,0,,,
BEST_PE_RATIO,PWR,2014-01-02,3157,3157,1.0,0,0,2014-01-02,2026-07-23,0,,,
BEST_PE_RATIO,BX,2014-01-02,3157,3157,1.0,0,0,2014-01-02,2026-07-23,0,,,
BEST_PE_RATIO,TMO,2014-01-02,3157,3157,1.0,0,0,2014-01-02,2026-07-23,0,,,
BEST_PE_RATIO,BSX,2014-01-02,3157,3157,1.0,0,0,2014-01-02,2026-07-23,0,,,
BEST_PE_RATIO,BKNG,2014-01-02,3157,3157,1.0,0,0,2014-01-02,2026-07-23,0,,,
BEST_PE_RATIO,PM,2014-01-02,3157,3157,1.0,0,0,2014-01-02,2026-07-23,0,,,
BEST_PE_RATIO,WMB,2014-01-02,3157,3157,1.0,0,0,2014-01-02,2026-07-23,0,,,
BEST_PE_RATIO,CEG,2022-02-02,1121,1121,1.0,0,0,2022-02-02,2026-07-23,0,,,
BEST_PE_RATIO,VST,2016-10-05,2462,2462,1.0,0,0,2016-10-05,2026-07-23,0,,,
BEST_PE_RATIO,DLR,2014-01-02,3157,3157,1.0,0,0,2014-01-02,2026-07-23,0,,,
BEST_PE_RATIO,ARM,2023-09-14,716,716,1.0,0,0,2023-09-14,2026-07-23,0,,,
BEST_PE_RATIO,SPOT,2018-04-03,2088,2088,1.0,0,0,2018-04-03,2026-07-23,0,,,
BEST_PE_RATIO,RACE,2015-10-21,2703,2703,1.0,0,0,2015-10-21,2026-07-23,0,,,
BEST_PE_RATIO,285A,2024-12-18,398,398,1.0,0,0,2024-12-18,2026-07-23,0,,,
BEST_PE_RATIO,6857,2014-01-07,3154,3154,1.0,0,0,2014-01-07,2026-07-23,0,,,
BEST_PE_RATIO,SU,2014-01-02,3157,3157,1.0,0,0,2014-01-02,2026-07-23,0,,,
BEST_PE_RATIO,SIE,2014-01-02,3157,3157,1.0,0,0,2014-01-02,2026-07-23,0,,,
BEST_PE_RATIO,RHM,2014-01-02,3157,3157,1.0,0,0,2014-01-02,2026-07-23,0,,,
BEST_PE_RATIO,ALV,2014-01-02,3157,3157,1.0,0,0,2014-01-02,2026-07-23,0,,,
BEST_PE_RATIO,MC,2014-01-02,3157,3157,1.0,0,0,2014-01-02,2026-07-23,0,,,
BEST_PE_RATIO,NESN,2014-01-02,3157,3157,1.0,0,0,2014-01-02,2026-07-23,0,,,
BEST_PE_RATIO,RR/,2014-01-02,3157,3157,1.0,0,0,2014-01-02,2026-07-23,0,,,
BEST_PE_RATIO,SAP,2014-01-02,3157,3157,1.0,0,0,2014-01-02,2026-07-23,0,,,
BEST_PE_RATIO,ASML,2014-01-02,3157,3157,1.0,0,0,2014-01-02,2026-07-23,0,,,
BEST_PE_RATIO,AZN,2014-01-02,3157,3157,1.0,0,0,2014-01-02,2026-07-23,0,,,
BEST_PE_RATIO,SHEL,2014-01-02,3157,3157,1.0,0,0,2014-01-02,2026-07-23,0,,,
BEST_PE_RATIO,HSBA,2014-01-02,3157,3157,1.0,0,0,2014-01-02,2026-07-23,0,,,
BEST_PE_RATIO,NOVOB,2014-01-02,3157,3157,1.0,0,0,2014-01-02,2026-07-23,0,,,
BEST_PE_RATIO,RIO,2014-01-02,3157,3157,1.0,0,0,2014-01-02,2026-07-23,0,,,
BEST_PE_RATIO,QCOM,2014-01-02,3157,3157,1.0,0,0,2014-01-02,2026-07-23,0,,,
BEST_PE_RATIO,TXN,2014-01-02,3157,3157,1.0,0,0,2014-01-02,2026-07-23,0,,,
BEST_PE_RATIO,ADBE,2014-01-02,3157,3157,1.0,0,0,2014-01-02,2026-07-23,0,,,
BEST_PE_RATIO,NOW,2014-01-02,3157,3157,1.0,0,0,2014-01-02,2026-07-23,0,,,
BEST_PE_RATIO,ACN,2014-01-02,3157,3157,1.0,0,0,2014-01-02,2026-07-23,0,,,
BEST_PE_RATIO,IBM,2014-01-02,3157,3157,1.0,0,0,2014-01-02,2026-07-23,0,,,
BEST_PE_RATIO,ADI,2014-01-02,3157,3157,1.0,0,0,2014-01-02,2026-07-23,0,,,
BEST_PE_RATIO,DELL,2018-12-28,1901,1901,1.0,0,0,2018-12-28,2026-07-23,0,,,
BEST_PE_RATIO,8035,2014-01-07,3154,3154,1.0,0,0,2014-01-07,2026-07-23,0,,,
BEST_PE_RATIO,IFX,2014-01-02,3157,3157,1.0,0,0,2014-01-02,2026-07-23,0,,,
BEST_PE_RATIO,MS,2014-01-02,3157,3157,1.0,0,0,2014-01-02,2026-07-23,0,,,
BEST_PE_RATIO,SCHW,2014-01-02,3157,3157,1.0,0,0,2014-01-02,2026-07-23,0,,,
BEST_PE_RATIO,AXP,2014-01-02,3157,3157,1.0,0,0,2014-01-02,2026-07-23,0,,,
BEST_PE_RATIO,PGR,2014-01-02,3157,3157,1.0,0,0,2014-01-02,2026-07-23,0,,,
BEST_PE_RATIO,AON,2014-01-02,3157,3157,1.0,0,0,2014-01-02,2026-07-23,0,,,
BEST_PE_RATIO,CME,2014-01-02,3157,3157,1.0,0,0,2014-01-02,2026-07-23,0,,,
BEST_PE_RATIO,KKR,2014-01-02,3157,3157,1.0,0,0,2014-01-02,2026-07-23,0,,,
BEST_PE_RATIO,BN,2022-12-12,905,905,1.0,0,0,2022-12-12,2026-07-23,0,,,
BEST_PE_RATIO,C,2014-01-02,3157,3157,1.0,0,0,2014-01-02,2026-07-23,0,,,
BEST_PE_RATIO,LSEG,2014-01-02,3157,3157,1.0,0,0,2014-01-02,2026-07-23,0,,,
BEST_PE_RATIO,ZURN,2014-01-02,3157,3157,1.0,0,0,2014-01-02,2026-07-23,0,,,
BEST_PE_RATIO,CS,2014-01-02,3157,3157,1.0,0,0,2014-01-02,2026-07-23,0,,,
BEST_PE_RATIO,8306,2014-01-07,3154,3154,1.0,0,0,2014-01-07,2026-07-23,0,,,
BEST_PE_RATIO,DIS,2014-01-02,3157,3157,1.0,0,0,2014-01-02,2026-07-23,0,,,
BEST_PE_RATIO,CMCSA,2014-01-02,3157,3157,1.0,0,0,2014-01-02,2026-07-23,0,,,
BEST_PE_RATIO,VZ,2014-01-02,3157,3157,1.0,0,0,2014-01-02,2026-07-23,0,,,
BEST_PE_RATIO,T,2014-01-02,3157,3157,1.0,0,0,2014-01-02,2026-07-23,0,,,
BEST_PE_RATIO,TTWO,2014-01-02,3157,3157,1.0,0,0,2014-01-02,2026-07-23,0,,,
BEST_PE_RATIO,PUB,2014-01-02,3157,3157,1.0,0,0,2014-01-02,2026-07-23,0,,,
BEST_PE_RATIO,7974,2014-01-07,3154,3154,1.0,0,0,2014-01-07,2026-07-23,0,,,
BEST_PE_RATIO,DTE,2014-01-02,3157,3157,1.0,0,0,2014-01-02,2026-07-23,0,,,
BEST_PE_RATIO,UMG,2021-09-21,1214,1214,1.0,0,0,2021-09-21,2026-07-23,0,,,
BEST_PE_RATIO,LOW,2014-01-02,3157,3157,1.0,0,0,2014-01-02,2026-07-23,0,,,
BEST_PE_RATIO,TJX,2014-01-02,3157,3157,1.0,0,0,2014-01-02,2026-07-23,0,,,
BEST_PE_RATIO,SBUX,2014-01-02,3157,3157,1.0,0,0,2014-01-02,2026-07-23,0,,,
BEST_PE_RATIO,ABNB,2020-12-10,1409,1409,1.0,0,0,2020-12-10,2026-07-23,0,,,
BEST_PE_RATIO,7203,2014-01-07,3154,3154,1.0,0,0,2014-01-07,2026-07-23,0,,,
BEST_PE_RATIO,ITX,2014-01-02,3157,3157,1.0,0,0,2014-01-02,2026-07-23,0,,,
BEST_PE_RATIO,ABT,2014-01-02,3157,3157,1.0,0,0,2014-01-02,2026-07-23,0,,,
BEST_PE_RATIO,DHR,2014-01-02,3157,3157,1.0,0,0,2014-01-02,2026-07-23,0,,,
BEST_PE_RATIO,VRTX,2014-01-02,3157,3157,1.0,0,0,2014-01-02,2026-07-23,0,,,
BEST_PE_RATIO,SAN,2014-01-02,3157,3157,1.0,0,0,2014-01-02,2026-07-23,0,,,
BEST_PE_RATIO,GE,2024-04-02,579,579,1.0,0,0,2024-04-02,2026-07-23,0,,,
BEST_PE_RATIO,TT,2020-03-02,1607,1607,1.0,0,0,2020-03-02,2026-07-23,0,,,
BEST_PE_RATIO,ABBN,2014-01-02,3157,3157,1.0,0,0,2014-01-02,2026-07-23,0,,,
BEST_PE_RATIO,KO,2014-01-02,3157,3157,1.0,0,0,2014-01-02,2026-07-23,0,,,
BEST_PE_RATIO,ULVR,2014-01-02,3157,3157,1.0,0,0,2014-01-02,2026-07-23,0,,,
BEST_PE_RATIO,ECL,2014-01-02,3157,3157,1.0,0,0,2014-01-02,2026-07-23,0,,,
BEST_PE_RATIO,AI,2014-01-02,3157,3157,1.0,0,0,2014-01-02,2026-07-23,0,,,
BEST_PE_RATIO,IBE,2014-01-02,3157,3157,1.0,0,0,2014-01-02,2026-07-23,0,,,
BEST_PE_RATIO,INTU,2014-01-02,3157,3157,1.0,0,0,2014-01-02,2026-07-23,0,,,
BEST_PE_RATIO,SNPS,2014-01-02,3157,3157,1.0,0,0,2014-01-02,2026-07-23,0,,,
BEST_PE_RATIO,APH,2014-01-02,3157,3157,1.0,0,0,2014-01-02,2026-07-23,0,,,
BEST_PE_RATIO,MSI,2014-01-02,3157,3157,1.0,0,0,2014-01-02,2026-07-23,0,,,
BEST_PE_RATIO,CRWD,2019-06-12,1788,1788,1.0,0,0,2019-06-12,2026-07-23,0,,,
BEST_PE_RATIO,NXPI,2014-01-02,3157,3157,1.0,0,0,2014-01-02,2026-07-23,0,,,
BEST_PE_RATIO,KEYS,2014-10-21,2955,2955,1.0,0,0,2014-10-21,2026-07-23,0,,,
BEST_PE_RATIO,ADSK,2014-01-02,3157,3157,1.0,0,0,2014-01-02,2026-07-23,0,,,
BEST_PE_RATIO,WDAY,2014-01-02,3157,3157,1.0,0,0,2014-01-02,2026-07-23,0,,,
BEST_PE_RATIO,WDC,2025-02-24,355,355,1.0,0,0,2025-02-24,2026-07-23,0,,,
BEST_PE_RATIO,DDOG,2019-09-19,1719,1719,1.0,0,0,2019-09-19,2026-07-23,0,,,
BEST_PE_RATIO,FTNT,2014-01-02,3157,3157,1.0,0,0,2014-01-02,2026-07-23,0,,,
BEST_PE_RATIO,DSY,2014-01-02,3157,3157,1.0,0,0,2014-01-02,2026-07-23,0,,,
BEST_PE_RATIO,6146,2014-01-07,3154,3154,1.0,0,0,2014-01-07,2026-07-23,0,,,
BEST_PE_RATIO,6981,2014-01-07,3154,3154,1.0,0,0,2014-01-07,2026-07-23,0,,,
BEST_PE_RATIO,BRK/B,2014-01-02,3157,3157,1.0,0,0,2014-01-02,2026-07-23,0,,,
BEST_PE_RATIO,CB,2014-01-02,3157,3157,1.0,0,0,2014-01-02,2026-07-23,0,,,
BEST_PE_RATIO,ICE,2014-01-02,3157,3157,1.0,0,0,2014-01-02,2026-07-23,0,,,
BEST_PE_RATIO,MCO,2014-01-02,3157,3157,1.0,0,0,2014-01-02,2026-07-23,0,,,
BEST_PE_RATIO,PYPL,2015-07-07,2778,2778,1.0,0,0,2015-07-07,2026-07-23,0,,,
BEST_PE_RATIO,COF,2025-05-19,296,296,1.0,0,0,2025-05-19,2026-07-23,0,,,
BEST_PE_RATIO,BNP,2014-01-02,3157,3157,1.0,0,0,2014-01-02,2026-07-23,0,,,
BEST_PE_RATIO,MUV2,2014-01-02,3157,3157,1.0,0,0,2014-01-02,2026-07-23,0,,,
BEST_PE_RATIO,RTX,2014-01-02,3157,3157,1.0,0,0,2014-01-02,2026-07-23,0,,,
BEST_PE_RATIO,EMR,2014-01-02,3157,3157,1.0,0,0,2014-01-02,2026-07-23,0,,,
BEST_PE_RATIO,AXON,2014-01-02,3157,3157,1.0,0,0,2014-01-02,2026-07-23,0,,,
BEST_PE_RATIO,UBER,2019-05-10,1810,1810,1.0,0,0,2019-05-10,2026-07-23,0,,,
BEST_PE_RATIO,AIR,2014-01-02,3157,3157,1.0,0,0,2014-01-02,2026-07-23,0,,,
BEST_PE_RATIO,SAF,2014-01-02,3157,3157,1.0,0,0,2014-01-02,2026-07-23,0,,,
BEST_PE_RATIO,MRK,2014-01-02,3157,3157,1.0,0,0,2014-01-02,2026-07-23,0,,,
BEST_PE_RATIO,AMGN,2014-01-02,3157,3157,1.0,0,0,2014-01-02,2026-07-23,0,,,
BEST_PE_RATIO,SYK,2014-01-02,3157,3157,1.0,0,0,2014-01-02,2026-07-23,0,,,
BEST_PE_RATIO,MCK,2014-01-02,3157,3157,1.0,0,0,2014-01-02,2026-07-23,0,,,
BEST_PE_RATIO,NOVN,2014-01-02,3157,3157,1.0,0,0,2014-01-02,2026-07-23,0,,,
BEST_PE_RATIO,NKE,2014-01-02,3157,3157,1.0,0,0,2014-01-02,2026-07-23,0,,,
BEST_PE_RATIO,ORLY,2014-01-02,3157,3157,1.0,0,0,2014-01-02,2026-07-23,0,,,
BEST_PE_RATIO,DASH,2020-12-09,1410,1410,1.0,0,0,2020-12-09,2026-07-23,0,,,
BEST_PE_RATIO,CFR,2014-01-02,3157,3157,1.0,0,0,2014-01-02,2026-07-23,0,,,
BEST_PE_RATIO,TTD,2016-09-21,2472,2472,1.0,0,0,2016-09-21,2026-07-23,0,,,
BEST_PE_RATIO,RBLX,2021-03-10,1349,1349,1.0,0,0,2021-03-10,2026-07-23,0,,,
BEST_PE_RATIO,9432,2014-01-07,3154,3154,1.0,0,0,2014-01-07,2026-07-23,0,,,
BEST_PE_RATIO,9433,2014-01-07,3154,3154,1.0,0,0,2014-01-07,2026-07-23,0,,,
BEST_PE_RATIO,PEP,2014-01-02,3157,3157,1.0,0,0,2014-01-02,2026-07-23,0,,,
BEST_PE_RATIO,MDLZ,2014-01-02,3157,3157,1.0,0,0,2014-01-02,2026-07-23,0,,,
BEST_PE_RATIO,OR,2014-01-02,3157,3157,1.0,0,0,2014-01-02,2026-07-23,0,,,
BEST_PE_RATIO,CVX,2014-01-02,3157,3157,1.0,0,0,2014-01-02,2026-07-23,0,,,
BEST_PE_RATIO,TTE,2014-01-02,3157,3157,1.0,0,0,2014-01-02,2026-07-23,0,,,
BEST_PE_RATIO,NEM,2014-01-02,3157,3157,1.0,0,0,2014-01-02,2026-07-23,0,,,
BEST_PE_RATIO,SHW,2014-01-02,3157,3157,1.0,0,0,2014-01-02,2026-07-23,0,,,
BEST_PE_RATIO,SO,2014-01-02,3157,3157,1.0,0,0,2014-01-02,2026-07-23,0,,,
BEST_PEG_RATIO,AAPL,2014-01-02,3157,3157,1.0,0,0,2014-01-02,2026-07-23,0,,,
BEST_PEG_RATIO,MSFT,2014-01-02,3157,3157,1.0,0,0,2014-01-02,2026-07-23,0,,,
BEST_PEG_RATIO,GOOGL,2014-01-02,3157,3157,1.0,0,0,2014-01-02,2026-07-23,0,,,
BEST_PEG_RATIO,AMZN,2014-01-02,3157,3157,1.0,0,0,2014-01-02,2026-07-23,0,,,
BEST_PEG_RATIO,META,2014-01-02,3157,3157,1.0,0,0,2014-01-02,2026-07-23,0,,,
BEST_PEG_RATIO,NVDA,2014-01-02,3157,3157,1.0,0,0,2014-01-02,2026-07-23,0,,,
BEST_PEG_RATIO,TSLA,2014-01-02,3157,3157,1.0,0,0,2014-01-02,2026-07-23,0,,,
BEST_PEG_RATIO,PLTR,2020-09-30,1459,1459,1.0,0,0,2020-09-30,2026-07-23,0,,,
BEST_PEG_RATIO,AVGO,2014-01-02,3157,3157,1.0,0,0,2014-01-02,2026-07-23,0,,,
BEST_PEG_RATIO,MU,2014-01-02,3157,3157,1.0,0,0,2014-01-02,2026-07-23,0,,,
BEST_PEG_RATIO,GEV,2024-04-02,579,579,1.0,0,0,2024-04-02,2026-07-23,0,,,
BEST_PEG_RATIO,VRT,2018-08-01,2004,2004,1.0,0,0,2018-08-01,2026-07-23,0,,,
BEST_PEG_RATIO,BE,2018-07-25,2009,2009,1.0,0,0,2018-07-25,2026-07-23,0,,,
BEST_PEG_RATIO,LITE,2015-07-27,2764,2764,1.0,0,0,2015-07-27,2026-07-23,0,,,
BEST_PEG_RATIO,000660,2014-01-02,3157,3157,1.0,0,0,2014-01-02,2026-07-23,0,,,
BEST_PEG_RATIO,005930,2014-01-02,3157,3157,1.0,0,0,2014-01-02,2026-07-23,0,,,
BEST_PEG_RATIO,UNH,2014-01-02,3157,3157,1.0,0,0,2014-01-02,2026-07-23,0,,,
BEST_PEG_RATIO,LLY,2014-01-02,3157,3157,1.0,0,0,2014-01-02,2026-07-23,0,,,
BEST_PEG_RATIO,ISRG,2014-01-02,3157,3157,1.0,0,0,2014-01-02,2026-07-23,0,,,
BEST_PEG_RATIO,ABBV,2014-01-02,3157,3157,1.0,0,0,2014-01-02,2026-07-23,0,,,
BEST_PEG_RATIO,REGN,2014-01-02,3157,3157,1.0,0,0,2014-01-02,2026-07-23,0,,,
BEST_PEG_RATIO,JPM,2014-01-02,3157,3157,1.0,0,0,2014-01-02,2026-07-23,0,,,
BEST_PEG_RATIO,V,2014-01-02,3157,3157,1.0,0,0,2014-01-02,2026-07-23,0,,,
BEST_PEG_RATIO,MA,2014-01-02,3157,3157,1.0,0,0,2014-01-02,2026-07-23,0,,,
BEST_PEG_RATIO,BLK,2014-01-02,3157,3157,1.0,0,0,2014-01-02,2026-07-23,0,,,
BEST_PEG_RATIO,SPGI,2014-01-02,3157,3157,1.0,0,0,2014-01-02,2026-07-23,0,,,
BEST_PEG_RATIO,GS,2014-01-02,3157,3157,1.0,0,0,2014-01-02,2026-07-23,0,,,
BEST_PEG_RATIO,COST,2014-01-02,3157,3157,1.0,0,0,2014-01-02,2026-07-23,0,,,
BEST_PEG_RATIO,HD,2014-01-02,3157,3157,1.0,0,0,2014-01-02,2026-07-23,0,,,
BEST_PEG_RATIO,PG,2014-01-02,3157,3157,1.0,0,0,2014-01-02,2026-07-23,0,,,
BEST_PEG_RATIO,MCD,2014-01-02,3157,3157,1.0,0,0,2014-01-02,2026-07-23,0,,,
BEST_PEG_RATIO,WMT,2014-01-02,3157,3157,1.0,0,0,2014-01-02,2026-07-23,0,,,
BEST_PEG_RATIO,CAT,2014-01-02,3157,3157,1.0,0,0,2014-01-02,2026-07-23,0,,,
BEST_PEG_RATIO,HON,2014-01-02,3157,3157,1.0,0,0,2014-01-02,2026-07-23,0,,,
BEST_PEG_RATIO,DE,2014-01-02,3157,3157,1.0,0,0,2014-01-02,2026-07-23,0,,,
BEST_PEG_RATIO,UNP,2014-01-02,3157,3157,1.0,0,0,2014-01-02,2026-07-23,0,,,
BEST_PEG_RATIO,LMT,2014-01-02,3157,3157,1.0,0,0,2014-01-02,2026-07-23,0,,,
BEST_PEG_RATIO,ETN,2014-01-02,3157,3157,1.0,0,0,2014-01-02,2026-07-23,0,,,
BEST_PEG_RATIO,XOM,2014-01-02,3157,3157,1.0,0,0,2014-01-02,2026-07-23,0,,,
BEST_PEG_RATIO,LNG,2014-01-02,3157,3157,1.0,0,0,2014-01-02,2026-07-23,0,,,
BEST_PEG_RATIO,FCX,2014-01-02,3157,3157,1.0,0,0,2014-01-02,2026-07-23,0,,,
BEST_PEG_RATIO,LIN,2014-01-02,3157,3157,1.0,0,0,2014-01-02,2026-07-23,0,,,
BEST_PEG_RATIO,NEE,2014-01-02,3157,3157,1.0,0,0,2014-01-02,2026-07-23,0,,,
BEST_PEG_RATIO,AMT,2014-01-02,3157,3157,1.0,0,0,2014-01-02,2026-07-23,0,,,
BEST_PEG_RATIO,EQIX,2014-01-02,3157,3157,1.0,0,0,2014-01-02,2026-07-23,0,,,
BEST_PEG_RATIO,TMUS,2014-01-02,3157,3157,1.0,0,0,2014-01-02,2026-07-23,0,,,
BEST_PEG_RATIO,PLD,2014-01-02,3157,3157,1.0,0,0,2014-01-02,2026-07-23,0,,,
BEST_PEG_RATIO,AMD,2014-01-02,3157,3157,1.0,0,0,2014-01-02,2026-07-23,0,,,
BEST_PEG_RATIO,CRM,2014-01-02,3157,3157,1.0,0,0,2014-01-02,2026-07-23,0,,,
BEST_PEG_RATIO,NFLX,2014-01-02,3157,3157,1.0,0,0,2014-01-02,2026-07-23,0,,,
BEST_PEG_RATIO,TER,2014-01-02,3157,3157,1.0,0,0,2014-01-02,2026-07-23,0,,,
BEST_PEG_RATIO,GLW,2014-01-02,3157,3157,1.0,0,0,2014-01-02,2026-07-23,0,,,
BEST_PEG_RATIO,JNJ,2014-01-02,3157,3157,1.0,0,0,2014-01-02,2026-07-23,0,,,
BEST_PEG_RATIO,WFC,2014-01-02,3157,3157,1.0,0,0,2014-01-02,2026-07-23,0,,,
BEST_PEG_RATIO,MPC,2014-01-02,3157,3157,1.0,0,0,2014-01-02,2026-07-23,0,,,
BEST_PEG_RATIO,LRCX,2014-01-02,3157,3157,1.0,0,0,2014-01-02,2026-07-23,0,,,
BEST_PEG_RATIO,AMAT,2014-01-02,3157,3157,1.0,0,0,2014-01-02,2026-07-23,0,,,
BEST_PEG_RATIO,PANW,2014-01-02,3157,3157,1.0,0,0,2014-01-02,2026-07-23,0,,,
BEST_PEG_RATIO,MPWR,2014-01-02,3157,3157,1.0,0,0,2014-01-02,2026-07-23,0,,,
BEST_PEG_RATIO,BAC,2014-01-02,3157,3157,1.0,0,0,2014-01-02,2026-07-23,0,,,
BEST_PEG_RATIO,CSCO,2014-01-02,3157,3157,1.0,0,0,2014-01-02,2026-07-23,0,,,
BEST_PEG_RATIO,INTC,2014-01-02,3157,3157,1.0,0,0,2014-01-02,2026-07-23,0,,,
BEST_PEG_RATIO,ORCL,2014-01-02,3157,3157,1.0,0,0,2014-01-02,2026-07-23,0,,,
BEST_PEG_RATIO,TSM,2014-01-02,3157,3157,1.0,0,0,2014-01-02,2026-07-23,0,,,
BEST_PEG_RATIO,SNDK,2025-02-24,355,355,1.0,0,0,2025-02-24,2026-07-23,0,,,
BEST_PEG_RATIO,KLAC,2014-01-02,3157,3157,1.0,0,0,2014-01-02,2026-07-23,0,,,
BEST_PEG_RATIO,ANET,2014-06-06,3050,3050,1.0,0,0,2014-06-06,2026-07-23,0,,,
BEST_PEG_RATIO,MRVL,2014-01-02,3157,3157,1.0,0,0,2014-01-02,2026-07-23,0,,,
BEST_PEG_RATIO,CDNS,2014-01-02,3157,3157,1.0,0,0,2014-01-02,2026-07-23,0,,,
BEST_PEG_RATIO,STX,2014-01-02,3157,3157,1.0,0,0,2014-01-02,2026-07-23,0,,,
BEST_PEG_RATIO,PWR,2014-01-02,3157,3157,1.0,0,0,2014-01-02,2026-07-23,0,,,
BEST_PEG_RATIO,BX,2014-01-02,3157,3157,1.0,0,0,2014-01-02,2026-07-23,0,,,
BEST_PEG_RATIO,TMO,2014-01-02,3157,3157,1.0,0,0,2014-01-02,2026-07-23,0,,,
BEST_PEG_RATIO,BSX,2014-01-02,3157,3157,1.0,0,0,2014-01-02,2026-07-23,0,,,
BEST_PEG_RATIO,BKNG,2014-01-02,3157,3157,1.0,0,0,2014-01-02,2026-07-23,0,,,
BEST_PEG_RATIO,PM,2014-01-02,3157,3157,1.0,0,0,2014-01-02,2026-07-23,0,,,
BEST_PEG_RATIO,WMB,2014-01-02,3157,3157,1.0,0,0,2014-01-02,2026-07-23,0,,,
BEST_PEG_RATIO,CEG,2022-02-02,1121,1121,1.0,0,0,2022-02-02,2026-07-23,0,,,
BEST_PEG_RATIO,VST,2016-10-05,2462,2462,1.0,0,0,2016-10-05,2026-07-23,0,,,
BEST_PEG_RATIO,DLR,2014-01-02,3157,3157,1.0,0,0,2014-01-02,2026-07-23,0,,,
BEST_PEG_RATIO,ARM,2023-09-14,716,716,1.0,0,0,2023-09-14,2026-07-23,0,,,
BEST_PEG_RATIO,SPOT,2018-04-03,2088,2088,1.0,0,0,2018-04-03,2026-07-23,0,,,
BEST_PEG_RATIO,RACE,2015-10-21,2703,2703,1.0,0,0,2015-10-21,2026-07-23,0,,,
BEST_PEG_RATIO,285A,2024-12-18,398,398,1.0,0,0,2024-12-18,2026-07-23,0,,,
BEST_PEG_RATIO,6857,2014-01-07,3154,3154,1.0,0,0,2014-01-07,2026-07-23,0,,,
BEST_PEG_RATIO,SU,2014-01-02,3157,3157,1.0,0,0,2014-01-02,2026-07-23,0,,,
BEST_PEG_RATIO,SIE,2014-01-02,3157,3157,1.0,0,0,2014-01-02,2026-07-23,0,,,
BEST_PEG_RATIO,RHM,2014-01-02,3157,3157,1.0,0,0,2014-01-02,2026-07-23,0,,,
BEST_PEG_RATIO,ALV,2014-01-02,3157,3157,1.0,0,0,2014-01-02,2026-07-23,0,,,
BEST_PEG_RATIO,MC,2014-01-02,3157,3157,1.0,0,0,2014-01-02,2026-07-23,0,,,
BEST_PEG_RATIO,NESN,2014-01-02,3157,3157,1.0,0,0,2014-01-02,2026-07-23,0,,,
BEST_PEG_RATIO,RR/,2014-01-02,3157,3157,1.0,0,0,2014-01-02,2026-07-23,0,,,
BEST_PEG_RATIO,SAP,2014-01-02,3157,3157,1.0,0,0,2014-01-02,2026-07-23,0,,,
BEST_PEG_RATIO,ASML,2014-01-02,3157,3157,1.0,0,0,2014-01-02,2026-07-23,0,,,
BEST_PEG_RATIO,AZN,2014-01-02,3157,3157,1.0,0,0,2014-01-02,2026-07-23,0,,,
BEST_PEG_RATIO,SHEL,2014-01-02,3157,3157,1.0,0,0,2014-01-02,2026-07-23,0,,,
BEST_PEG_RATIO,HSBA,2014-01-02,3157,3157,1.0,0,0,2014-01-02,2026-07-23,0,,,
BEST_PEG_RATIO,NOVOB,2014-01-02,3157,3157,1.0,0,0,2014-01-02,2026-07-23,0,,,
BEST_PEG_RATIO,RIO,2014-01-02,3157,3157,1.0,0,0,2014-01-02,2026-07-23,0,,,
BEST_PEG_RATIO,QCOM,2014-01-02,3157,3157,1.0,0,0,2014-01-02,2026-07-23,0,,,
BEST_PEG_RATIO,TXN,2014-01-02,3157,3157,1.0,0,0,2014-01-02,2026-07-23,0,,,
BEST_PEG_RATIO,ADBE,2014-01-02,3157,3157,1.0,0,0,2014-01-02,2026-07-23,0,,,
BEST_PEG_RATIO,NOW,2014-01-02,3157,3157,1.0,0,0,2014-01-02,2026-07-23,0,,,
BEST_PEG_RATIO,ACN,2014-01-02,3157,3157,1.0,0,0,2014-01-02,2026-07-23,0,,,
BEST_PEG_RATIO,IBM,2014-01-02,3157,3157,1.0,0,0,2014-01-02,2026-07-23,0,,,
BEST_PEG_RATIO,ADI,2014-01-02,3157,3157,1.0,0,0,2014-01-02,2026-07-23,0,,,
BEST_PEG_RATIO,DELL,2018-12-28,1901,1901,1.0,0,0,2018-12-28,2026-07-23,0,,,
BEST_PEG_RATIO,8035,2014-01-07,3154,3154,1.0,0,0,2014-01-07,2026-07-23,0,,,
BEST_PEG_RATIO,IFX,2014-01-02,3157,3157,1.0,0,0,2014-01-02,2026-07-23,0,,,
BEST_PEG_RATIO,MS,2014-01-02,3157,3157,1.0,0,0,2014-01-02,2026-07-23,0,,,
BEST_PEG_RATIO,SCHW,2014-01-02,3157,3157,1.0,0,0,2014-01-02,2026-07-23,0,,,
BEST_PEG_RATIO,AXP,2014-01-02,3157,3157,1.0,0,0,2014-01-02,2026-07-23,0,,,
BEST_PEG_RATIO,PGR,2014-01-02,3157,3157,1.0,0,0,2014-01-02,2026-07-23,0,,,
BEST_PEG_RATIO,AON,2014-01-02,3157,3157,1.0,0,0,2014-01-02,2026-07-23,0,,,
BEST_PEG_RATIO,CME,2014-01-02,3157,3157,1.0,0,0,2014-01-02,2026-07-23,0,,,
BEST_PEG_RATIO,KKR,2014-01-02,3157,3157,1.0,0,0,2014-01-02,2026-07-23,0,,,
BEST_PEG_RATIO,BN,2022-12-12,905,905,1.0,0,0,2022-12-12,2026-07-23,0,,,
BEST_PEG_RATIO,C,2014-01-02,3157,3157,1.0,0,0,2014-01-02,2026-07-23,0,,,
BEST_PEG_RATIO,LSEG,2014-01-02,3157,3157,1.0,0,0,2014-01-02,2026-07-23,0,,,
BEST_PEG_RATIO,ZURN,2014-01-02,3157,3157,1.0,0,0,2014-01-02,2026-07-23,0,,,
BEST_PEG_RATIO,CS,2014-01-02,3157,3157,1.0,0,0,2014-01-02,2026-07-23,0,,,
BEST_PEG_RATIO,8306,2014-01-07,3154,3154,1.0,0,0,2014-01-07,2026-07-23,0,,,
BEST_PEG_RATIO,DIS,2014-01-02,3157,3157,1.0,0,0,2014-01-02,2026-07-23,0,,,
BEST_PEG_RATIO,CMCSA,2014-01-02,3157,3157,1.0,0,0,2014-01-02,2026-07-23,0,,,
BEST_PEG_RATIO,VZ,2014-01-02,3157,3157,1.0,0,0,2014-01-02,2026-07-23,0,,,
BEST_PEG_RATIO,T,2014-01-02,3157,3157,1.0,0,0,2014-01-02,2026-07-23,0,,,
BEST_PEG_RATIO,TTWO,2014-01-02,3157,3157,1.0,0,0,2014-01-02,2026-07-23,0,,,
BEST_PEG_RATIO,PUB,2014-01-02,3157,3157,1.0,0,0,2014-01-02,2026-07-23,0,,,
BEST_PEG_RATIO,7974,2014-01-07,3154,3154,1.0,0,0,2014-01-07,2026-07-23,0,,,
BEST_PEG_RATIO,DTE,2014-01-02,3157,3157,1.0,0,0,2014-01-02,2026-07-23,0,,,
BEST_PEG_RATIO,UMG,2021-09-21,1214,1214,1.0,0,0,2021-09-21,2026-07-23,0,,,
BEST_PEG_RATIO,LOW,2014-01-02,3157,3157,1.0,0,0,2014-01-02,2026-07-23,0,,,
BEST_PEG_RATIO,TJX,2014-01-02,3157,3157,1.0,0,0,2014-01-02,2026-07-23,0,,,
BEST_PEG_RATIO,SBUX,2014-01-02,3157,3157,1.0,0,0,2014-01-02,2026-07-23,0,,,
BEST_PEG_RATIO,ABNB,2020-12-10,1409,1409,1.0,0,0,2020-12-10,2026-07-23,0,,,
BEST_PEG_RATIO,7203,2014-01-07,3154,3154,1.0,0,0,2014-01-07,2026-07-23,0,,,
BEST_PEG_RATIO,ITX,2014-01-02,3157,3157,1.0,0,0,2014-01-02,2026-07-23,0,,,
BEST_PEG_RATIO,ABT,2014-01-02,3157,3157,1.0,0,0,2014-01-02,2026-07-23,0,,,
BEST_PEG_RATIO,DHR,2014-01-02,3157,3157,1.0,0,0,2014-01-02,2026-07-23,0,,,
BEST_PEG_RATIO,VRTX,2014-01-02,3157,3157,1.0,0,0,2014-01-02,2026-07-23,0,,,
BEST_PEG_RATIO,SAN,2014-01-02,3157,3157,1.0,0,0,2014-01-02,2026-07-23,0,,,
BEST_PEG_RATIO,GE,2024-04-02,579,579,1.0,0,0,2024-04-02,2026-07-23,0,,,
BEST_PEG_RATIO,TT,2020-03-02,1607,1607,1.0,0,0,2020-03-02,2026-07-23,0,,,
BEST_PEG_RATIO,ABBN,2014-01-02,3157,3157,1.0,0,0,2014-01-02,2026-07-23,0,,,
BEST_PEG_RATIO,KO,2014-01-02,3157,3157,1.0,0,0,2014-01-02,2026-07-23,0,,,
BEST_PEG_RATIO,ULVR,2014-01-02,3157,3157,1.0,0,0,2014-01-02,2026-07-23,0,,,
BEST_PEG_RATIO,ECL,2014-01-02,3157,3157,1.0,0,0,2014-01-02,2026-07-23,0,,,
BEST_PEG_RATIO,AI,2014-01-02,3157,3157,1.0,0,0,2014-01-02,2026-07-23,0,,,
BEST_PEG_RATIO,IBE,2014-01-02,3157,3157,1.0,0,0,2014-01-02,2026-07-23,0,,,
BEST_PEG_RATIO,INTU,2014-01-02,3157,3157,1.0,0,0,2014-01-02,2026-07-23,0,,,
BEST_PEG_RATIO,SNPS,2014-01-02,3157,3157,1.0,0,0,2014-01-02,2026-07-23,0,,,
BEST_PEG_RATIO,APH,2014-01-02,3157,3157,1.0,0,0,2014-01-02,2026-07-23,0,,,
BEST_PEG_RATIO,MSI,2014-01-02,3157,3157,1.0,0,0,2014-01-02,2026-07-23,0,,,
BEST_PEG_RATIO,CRWD,2019-06-12,1788,1788,1.0,0,0,2019-06-12,2026-07-23,0,,,
BEST_PEG_RATIO,NXPI,2014-01-02,3157,3157,1.0,0,0,2014-01-02,2026-07-23,0,,,
BEST_PEG_RATIO,KEYS,2014-10-21,2955,2955,1.0,0,0,2014-10-21,2026-07-23,0,,,
BEST_PEG_RATIO,ADSK,2014-01-02,3157,3157,1.0,0,0,2014-01-02,2026-07-23,0,,,
BEST_PEG_RATIO,WDAY,2014-01-02,3157,3157,1.0,0,0,2014-01-02,2026-07-23,0,,,
BEST_PEG_RATIO,WDC,2025-02-24,355,355,1.0,0,0,2025-02-24,2026-07-23,0,,,
BEST_PEG_RATIO,DDOG,2019-09-19,1719,1719,1.0,0,0,2019-09-19,2026-07-23,0,,,
BEST_PEG_RATIO,FTNT,2014-01-02,3157,3157,1.0,0,0,2014-01-02,2026-07-23,0,,,
BEST_PEG_RATIO,DSY,2014-01-02,3157,3157,1.0,0,0,2014-01-02,2026-07-23,0,,,
BEST_PEG_RATIO,6146,2014-01-07,3154,3154,1.0,0,0,2014-01-07,2026-07-23,0,,,
BEST_PEG_RATIO,6981,2014-01-07,3154,3154,1.0,0,0,2014-01-07,2026-07-23,0,,,
BEST_PEG_RATIO,BRK/B,2014-01-02,3157,3157,1.0,0,0,2014-01-02,2026-07-23,0,,,
BEST_PEG_RATIO,CB,2014-01-02,3157,3157,1.0,0,0,2014-01-02,2026-07-23,0,,,
BEST_PEG_RATIO,ICE,2014-01-02,3157,3157,1.0,0,0,2014-01-02,2026-07-23,0,,,
BEST_PEG_RATIO,MCO,2014-01-02,3157,3157,1.0,0,0,2014-01-02,2026-07-23,0,,,
BEST_PEG_RATIO,PYPL,2015-07-07,2778,2778,1.0,0,0,2015-07-07,2026-07-23,0,,,
BEST_PEG_RATIO,COF,2025-05-19,296,296,1.0,0,0,2025-05-19,2026-07-23,0,,,
BEST_PEG_RATIO,BNP,2014-01-02,3157,3157,1.0,0,0,2014-01-02,2026-07-23,0,,,
BEST_PEG_RATIO,MUV2,2014-01-02,3157,3157,1.0,0,0,2014-01-02,2026-07-23,0,,,
BEST_PEG_RATIO,RTX,2014-01-02,3157,3157,1.0,0,0,2014-01-02,2026-07-23,0,,,
BEST_PEG_RATIO,EMR,2014-01-02,3157,3157,1.0,0,0,2014-01-02,2026-07-23,0,,,
BEST_PEG_RATIO,AXON,2014-01-02,3157,3157,1.0,0,0,2014-01-02,2026-07-23,0,,,
BEST_PEG_RATIO,UBER,2019-05-10,1810,1810,1.0,0,0,2019-05-10,2026-07-23,0,,,
BEST_PEG_RATIO,AIR,2014-01-02,3157,3157,1.0,0,0,2014-01-02,2026-07-23,0,,,
BEST_PEG_RATIO,SAF,2014-01-02,3157,3157,1.0,0,0,2014-01-02,2026-07-23,0,,,
BEST_PEG_RATIO,MRK,2014-01-02,3157,3157,1.0,0,0,2014-01-02,2026-07-23,0,,,
BEST_PEG_RATIO,AMGN,2014-01-02,3157,3157,1.0,0,0,2014-01-02,2026-07-23,0,,,
BEST_PEG_RATIO,SYK,2014-01-02,3157,3157,1.0,0,0,2014-01-02,2026-07-23,0,,,
BEST_PEG_RATIO,MCK,2014-01-02,3157,3157,1.0,0,0,2014-01-02,2026-07-23,0,,,
BEST_PEG_RATIO,NOVN,2014-01-02,3157,3157,1.0,0,0,2014-01-02,2026-07-23,0,,,
BEST_PEG_RATIO,NKE,2014-01-02,3157,3157,1.0,0,0,2014-01-02,2026-07-23,0,,,
BEST_PEG_RATIO,ORLY,2014-01-02,3157,3157,1.0,0,0,2014-01-02,2026-07-23,0,,,
BEST_PEG_RATIO,DASH,2020-12-09,1410,1410,1.0,0,0,2020-12-09,2026-07-23,0,,,
BEST_PEG_RATIO,CFR,2014-01-02,3157,3157,1.0,0,0,2014-01-02,2026-07-23,0,,,
BEST_PEG_RATIO,TTD,2016-09-21,2472,2472,1.0,0,0,2016-09-21,2026-07-23,0,,,
BEST_PEG_RATIO,RBLX,2021-03-10,1349,1349,1.0,0,0,2021-03-10,2026-07-23,0,,,
BEST_PEG_RATIO,9432,2014-01-07,3154,3154,1.0,0,0,2014-01-07,2026-07-23,0,,,
BEST_PEG_RATIO,9433,2014-01-07,3154,3154,1.0,0,0,2014-01-07,2026-07-23,0,,,
BEST_PEG_RATIO,PEP,2014-01-02,3157,3157,1.0,0,0,2014-01-02,2026-07-23,0,,,
BEST_PEG_RATIO,MDLZ,2014-01-02,3157,3157,1.0,0,0,2014-01-02,2026-07-23,0,,,
BEST_PEG_RATIO,OR,2014-01-02,3157,3157,1.0,0,0,2014-01-02,2026-07-23,0,,,
BEST_PEG_RATIO,CVX,2014-01-02,3157,3157,1.0,0,0,2014-01-02,2026-07-23,0,,,
BEST_PEG_RATIO,TTE,2014-01-02,3157,3157,1.0,0,0,2014-01-02,2026-07-23,0,,,
BEST_PEG_RATIO,NEM,2014-01-02,3157,3157,1.0,0,0,2014-01-02,2026-07-23,0,,,
BEST_PEG_RATIO,SHW,2014-01-02,3157,3157,1.0,0,0,2014-01-02,2026-07-23,0,,,
BEST_PEG_RATIO,SO,2014-01-02,3157,3157,1.0,0,0,2014-01-02,2026-07-23,0,,,
BEST_CALCULATED_FCF,AAPL,2014-01-02,3157,3157,1.0,0,0,2014-01-02,2026-07-23,0,,,
BEST_CALCULATED_FCF,MSFT,2014-01-02,3157,3157,1.0,0,0,2014-01-02,2026-07-23,0,,,
BEST_CALCULATED_FCF,GOOGL,2014-01-02,3157,3157,1.0,0,0,2014-01-02,2026-07-23,0,,,
BEST_CALCULATED_FCF,AMZN,2014-01-02,3157,3157,1.0,0,0,2014-01-02,2026-07-23,0,,,
BEST_CALCULATED_FCF,META,2014-01-02,3157,3157,1.0,0,0,2014-01-02,2026-07-23,0,,,
BEST_CALCULATED_FCF,NVDA,2014-01-02,3157,3157,1.0,0,0,2014-01-02,2026-07-23,0,,,
BEST_CALCULATED_FCF,TSLA,2014-01-02,3157,3157,1.0,0,0,2014-01-02,2026-07-23,0,,,
BEST_CALCULATED_FCF,PLTR,2020-09-30,1459,1459,1.0,0,0,2020-09-30,2026-07-23,0,,,
BEST_CALCULATED_FCF,AVGO,2014-01-02,3157,3157,1.0,0,0,2014-01-02,2026-07-23,0,,,
BEST_CALCULATED_FCF,MU,2014-01-02,3157,3157,1.0,0,0,2014-01-02,2026-07-23,0,,,
BEST_CALCULATED_FCF,GEV,2024-04-02,579,579,1.0,0,0,2024-04-02,2026-07-23,0,,,
BEST_CALCULATED_FCF,VRT,2018-08-01,2004,2004,1.0,0,0,2018-08-01,2026-07-23,0,,,
BEST_CALCULATED_FCF,BE,2018-07-25,2009,2009,1.0,0,0,2018-07-25,2026-07-23,0,,,
BEST_CALCULATED_FCF,LITE,2015-07-27,2764,2764,1.0,0,0,2015-07-27,2026-07-23,0,,,
BEST_CALCULATED_FCF,000660,2014-01-02,3157,3157,1.0,0,0,2014-01-02,2026-07-23,0,,,
BEST_CALCULATED_FCF,005930,2014-01-02,3157,3157,1.0,0,0,2014-01-02,2026-07-23,0,,,
BEST_CALCULATED_FCF,UNH,2014-01-02,3157,3157,1.0,0,0,2014-01-02,2026-07-23,0,,,
BEST_CALCULATED_FCF,LLY,2014-01-02,3157,3157,1.0,0,0,2014-01-02,2026-07-23,0,,,
BEST_CALCULATED_FCF,ISRG,2014-01-02,3157,3157,1.0,0,0,2014-01-02,2026-07-23,0,,,
BEST_CALCULATED_FCF,ABBV,2014-01-02,3157,3157,1.0,0,0,2014-01-02,2026-07-23,0,,,
BEST_CALCULATED_FCF,REGN,2014-01-02,3157,3157,1.0,0,0,2014-01-02,2026-07-23,0,,,
BEST_CALCULATED_FCF,V,2014-01-02,3157,3157,1.0,0,0,2014-01-02,2026-07-23,0,,,
BEST_CALCULATED_FCF,MA,2014-01-02,3157,3157,1.0,0,0,2014-01-02,2026-07-23,0,,,
BEST_CALCULATED_FCF,BLK,2014-01-02,3157,3157,1.0,0,0,2014-01-02,2026-07-23,0,,,
BEST_CALCULATED_FCF,SPGI,2014-01-02,3157,3157,1.0,0,0,2014-01-02,2026-07-23,0,,,
BEST_CALCULATED_FCF,COST,2014-01-02,3157,3157,1.0,0,0,2014-01-02,2026-07-23,0,,,
BEST_CALCULATED_FCF,HD,2014-01-02,3157,3157,1.0,0,0,2014-01-02,2026-07-23,0,,,
BEST_CALCULATED_FCF,PG,2014-01-02,3157,3157,1.0,0,0,2014-01-02,2026-07-23,0,,,
BEST_CALCULATED_FCF,MCD,2014-01-02,3157,3157,1.0,0,0,2014-01-02,2026-07-23,0,,,
BEST_CALCULATED_FCF,WMT,2014-01-02,3157,3157,1.0,0,0,2014-01-02,2026-07-23,0,,,
BEST_CALCULATED_FCF,CAT,2014-01-02,3157,3157,1.0,0,0,2014-01-02,2026-07-23,0,,,
BEST_CALCULATED_FCF,HON,2014-01-02,3157,3157,1.0,0,0,2014-01-02,2026-07-23,0,,,
BEST_CALCULATED_FCF,DE,2014-01-02,3157,3157,1.0,0,0,2014-01-02,2026-07-23,0,,,
BEST_CALCULATED_FCF,UNP,2014-01-02,3157,3157,1.0,0,0,2014-01-02,2026-07-23,0,,,
BEST_CALCULATED_FCF,LMT,2014-01-02,3157,3157,1.0,0,0,2014-01-02,2026-07-23,0,,,
BEST_CALCULATED_FCF,ETN,2014-01-02,3157,3157,1.0,0,0,2014-01-02,2026-07-23,0,,,
BEST_CALCULATED_FCF,XOM,2014-01-02,3157,3157,1.0,0,0,2014-01-02,2026-07-23,0,,,
BEST_CALCULATED_FCF,LNG,2014-01-02,3157,3157,1.0,0,0,2014-01-02,2026-07-23,0,,,
BEST_CALCULATED_FCF,FCX,2014-01-02,3157,3157,1.0,0,0,2014-01-02,2026-07-23,0,,,
BEST_CALCULATED_FCF,LIN,2014-01-02,3157,3157,1.0,0,0,2014-01-02,2026-07-23,0,,,
BEST_CALCULATED_FCF,NEE,2014-01-02,3157,3157,1.0,0,0,2014-01-02,2026-07-23,0,,,
BEST_CALCULATED_FCF,AMT,2014-01-02,3157,3157,1.0,0,0,2014-01-02,2026-07-23,0,,,
BEST_CALCULATED_FCF,EQIX,2014-01-02,3157,3157,1.0,0,0,2014-01-02,2026-07-23,0,,,
BEST_CALCULATED_FCF,TMUS,2014-01-02,3157,3157,1.0,0,0,2014-01-02,2026-07-23,0,,,
BEST_CALCULATED_FCF,PLD,2014-01-02,3157,3157,1.0,0,0,2014-01-02,2026-07-23,0,,,
BEST_CALCULATED_FCF,AMD,2014-01-02,3157,3157,1.0,0,0,2014-01-02,2026-07-23,0,,,
BEST_CALCULATED_FCF,CRM,2014-01-02,3157,3157,1.0,0,0,2014-01-02,2026-07-23,0,,,
BEST_CALCULATED_FCF,NFLX,2014-01-02,3157,3157,1.0,0,0,2014-01-02,2026-07-23,0,,,
BEST_CALCULATED_FCF,TER,2014-01-02,3157,3157,1.0,0,0,2014-01-02,2026-07-23,0,,,
BEST_CALCULATED_FCF,GLW,2014-01-02,3157,3157,1.0,0,0,2014-01-02,2026-07-23,0,,,
BEST_CALCULATED_FCF,JNJ,2014-01-02,3157,3157,1.0,0,0,2014-01-02,2026-07-23,0,,,
BEST_CALCULATED_FCF,MPC,2014-01-02,3157,3157,1.0,0,0,2014-01-02,2026-07-23,0,,,
BEST_CALCULATED_FCF,LRCX,2014-01-02,3157,3157,1.0,0,0,2014-01-02,2026-07-23,0,,,
BEST_CALCULATED_FCF,AMAT,2014-01-02,3157,3157,1.0,0,0,2014-01-02,2026-07-23,0,,,
BEST_CALCULATED_FCF,PANW,2014-01-02,3157,3157,1.0,0,0,2014-01-02,2026-07-23,0,,,
BEST_CALCULATED_FCF,FN,2014-01-02,3157,3157,1.0,0,0,2014-01-02,2026-07-23,0,,,
BEST_CALCULATED_FCF,MPWR,2014-01-02,3157,3157,1.0,0,0,2014-01-02,2026-07-23,0,,,
BEST_CALCULATED_FCF,CSCO,2014-01-02,3157,3157,1.0,0,0,2014-01-02,2026-07-23,0,,,
BEST_CALCULATED_FCF,INTC,2014-01-02,3157,3157,1.0,0,0,2014-01-02,2026-07-23,0,,,
BEST_CALCULATED_FCF,ORCL,2014-01-02,3157,3157,1.0,0,0,2014-01-02,2026-07-23,0,,,
BEST_CALCULATED_FCF,SNDK,2025-02-24,355,355,1.0,0,0,2025-02-24,2026-07-23,0,,,
BEST_CALCULATED_FCF,KLAC,2014-01-02,3157,3157,1.0,0,0,2014-01-02,2026-07-23,0,,,
BEST_CALCULATED_FCF,ANET,2014-06-06,3050,3050,1.0,0,0,2014-06-06,2026-07-23,0,,,
BEST_CALCULATED_FCF,MRVL,2014-01-02,3157,3157,1.0,0,0,2014-01-02,2026-07-23,0,,,
BEST_CALCULATED_FCF,CDNS,2014-01-02,3157,3157,1.0,0,0,2014-01-02,2026-07-23,0,,,
BEST_CALCULATED_FCF,STX,2014-01-02,3157,3157,1.0,0,0,2014-01-02,2026-07-23,0,,,
BEST_CALCULATED_FCF,PWR,2014-01-02,3157,3157,1.0,0,0,2014-01-02,2026-07-23,0,,,
BEST_CALCULATED_FCF,BX,2014-01-02,3157,3157,1.0,0,0,2014-01-02,2026-07-23,0,,,
BEST_CALCULATED_FCF,TMO,2014-01-02,3157,3157,1.0,0,0,2014-01-02,2026-07-23,0,,,
BEST_CALCULATED_FCF,BSX,2014-01-02,3157,3157,1.0,0,0,2014-01-02,2026-07-23,0,,,
BEST_CALCULATED_FCF,BKNG,2014-01-02,3157,3157,1.0,0,0,2014-01-02,2026-07-23,0,,,
BEST_CALCULATED_FCF,PM,2014-01-02,3157,3157,1.0,0,0,2014-01-02,2026-07-23,0,,,
BEST_CALCULATED_FCF,WMB,2014-01-02,3157,3157,1.0,0,0,2014-01-02,2026-07-23,0,,,
BEST_CALCULATED_FCF,CEG,2022-02-02,1121,1121,1.0,0,0,2022-02-02,2026-07-23,0,,,
BEST_CALCULATED_FCF,VST,2016-10-05,2462,2462,1.0,0,0,2016-10-05,2026-07-23,0,,,
BEST_CALCULATED_FCF,DLR,2014-01-02,3157,3157,1.0,0,0,2014-01-02,2026-07-23,0,,,
BEST_CALCULATED_FCF,ARM,2023-09-14,716,716,1.0,0,0,2023-09-14,2026-07-23,0,,,
BEST_CALCULATED_FCF,SPOT,2018-04-03,2088,2088,1.0,0,0,2018-04-03,2026-07-23,0,,,
BEST_CALCULATED_FCF,RACE,2015-10-21,2703,2703,1.0,0,0,2015-10-21,2026-07-23,0,,,
BEST_CALCULATED_FCF,285A,2024-12-18,398,398,1.0,0,0,2024-12-18,2026-07-23,0,,,
BEST_CALCULATED_FCF,6857,2014-01-07,3154,3154,1.0,0,0,2014-01-07,2026-07-23,0,,,
BEST_CALCULATED_FCF,SU,2014-01-02,3157,3157,1.0,0,0,2014-01-02,2026-07-23,0,,,
BEST_CALCULATED_FCF,SIE,2014-01-02,3157,3157,1.0,0,0,2014-01-02,2026-07-23,0,,,
BEST_CALCULATED_FCF,RHM,2014-01-02,3157,3157,1.0,0,0,2014-01-02,2026-07-23,0,,,
BEST_CALCULATED_FCF,ALV,2014-01-02,3157,3157,1.0,0,0,2014-01-02,2026-07-23,0,,,
BEST_CALCULATED_FCF,MC,2014-01-02,3157,3157,1.0,0,0,2014-01-02,2026-07-23,0,,,
BEST_CALCULATED_FCF,NESN,2014-01-02,3157,3157,1.0,0,0,2014-01-02,2026-07-23,0,,,
BEST_CALCULATED_FCF,RR/,2014-01-02,3157,3157,1.0,0,0,2014-01-02,2026-07-23,0,,,
BEST_CALCULATED_FCF,SAP,2014-01-02,3157,3157,1.0,0,0,2014-01-02,2026-07-23,0,,,
BEST_CALCULATED_FCF,ASML,2014-01-02,3157,3157,1.0,0,0,2014-01-02,2026-07-23,0,,,
BEST_CALCULATED_FCF,AZN,2014-01-02,3157,3157,1.0,0,0,2014-01-02,2026-07-23,0,,,
BEST_CALCULATED_FCF,SHEL,2014-01-02,3157,3157,1.0,0,0,2014-01-02,2026-07-23,0,,,
BEST_CALCULATED_FCF,NOVOB,2014-01-02,3157,3157,1.0,0,0,2014-01-02,2026-07-23,0,,,
BEST_CALCULATED_FCF,RIO,2014-01-02,3157,3157,1.0,0,0,2014-01-02,2026-07-23,0,,,
BEST_CALCULATED_FCF,QCOM,2014-01-02,3157,3157,1.0,0,0,2014-01-02,2026-07-23,0,,,
BEST_CALCULATED_FCF,TXN,2014-01-02,3157,3157,1.0,0,0,2014-01-02,2026-07-23,0,,,
BEST_CALCULATED_FCF,ADBE,2014-01-02,3157,3157,1.0,0,0,2014-01-02,2026-07-23,0,,,
BEST_CALCULATED_FCF,NOW,2014-01-02,3157,3157,1.0,0,0,2014-01-02,2026-07-23,0,,,
BEST_CALCULATED_FCF,ACN,2014-01-02,3157,3157,1.0,0,0,2014-01-02,2026-07-23,0,,,
BEST_CALCULATED_FCF,IBM,2014-01-02,3157,3157,1.0,0,0,2014-01-02,2026-07-23,0,,,
BEST_CALCULATED_FCF,ADI,2014-01-02,3157,3157,1.0,0,0,2014-01-02,2026-07-23,0,,,
BEST_CALCULATED_FCF,DELL,2018-12-28,1901,1901,1.0,0,0,2018-12-28,2026-07-23,0,,,
BEST_CALCULATED_FCF,8035,2014-01-07,3154,3154,1.0,0,0,2014-01-07,2026-07-23,0,,,
BEST_CALCULATED_FCF,IFX,2014-01-02,3157,3157,1.0,0,0,2014-01-02,2026-07-23,0,,,
BEST_CALCULATED_FCF,MS,2014-01-02,3157,3157,1.0,0,0,2014-01-02,2026-07-23,0,,,
BEST_CALCULATED_FCF,SCHW,2014-01-02,3157,3157,1.0,0,0,2014-01-02,2026-07-23,0,,,
BEST_CALCULATED_FCF,AXP,2014-01-02,3157,3157,1.0,0,0,2014-01-02,2026-07-23,0,,,
BEST_CALCULATED_FCF,PGR,2014-01-02,3157,3157,1.0,0,0,2014-01-02,2026-07-23,0,,,
BEST_CALCULATED_FCF,AON,2014-01-02,3157,3157,1.0,0,0,2014-01-02,2026-07-23,0,,,
BEST_CALCULATED_FCF,CME,2014-01-02,3157,3157,1.0,0,0,2014-01-02,2026-07-23,0,,,
BEST_CALCULATED_FCF,KKR,2014-01-02,3157,3157,1.0,0,0,2014-01-02,2026-07-23,0,,,
BEST_CALCULATED_FCF,C,2014-01-02,3157,3157,1.0,0,0,2014-01-02,2026-07-23,0,,,
BEST_CALCULATED_FCF,LSEG,2014-01-02,3157,3157,1.0,0,0,2014-01-02,2026-07-23,0,,,
BEST_CALCULATED_FCF,CS,2014-01-02,3157,3157,1.0,0,0,2014-01-02,2026-07-23,0,,,
BEST_CALCULATED_FCF,DIS,2014-01-02,3157,3157,1.0,0,0,2014-01-02,2026-07-23,0,,,
BEST_CALCULATED_FCF,CMCSA,2014-01-02,3157,3157,1.0,0,0,2014-01-02,2026-07-23,0,,,
BEST_CALCULATED_FCF,VZ,2014-01-02,3157,3157,1.0,0,0,2014-01-02,2026-07-23,0,,,
BEST_CALCULATED_FCF,T,2014-01-02,3157,3157,1.0,0,0,2014-01-02,2026-07-23,0,,,
BEST_CALCULATED_FCF,TTWO,2014-01-02,3157,3157,1.0,0,0,2014-01-02,2026-07-23,0,,,
BEST_CALCULATED_FCF,PUB,2014-01-02,3157,3157,1.0,0,0,2014-01-02,2026-07-23,0,,,
BEST_CALCULATED_FCF,7974,2014-01-07,3154,3154,1.0,0,0,2014-01-07,2026-07-23,0,,,
BEST_CALCULATED_FCF,DTE,2014-01-02,3157,3157,1.0,0,0,2014-01-02,2026-07-23,0,,,
BEST_CALCULATED_FCF,UMG,2021-09-21,1214,1214,1.0,0,0,2021-09-21,2026-07-23,0,,,
BEST_CALCULATED_FCF,LOW,2014-01-02,3157,3157,1.0,0,0,2014-01-02,2026-07-23,0,,,
BEST_CALCULATED_FCF,TJX,2014-01-02,3157,3157,1.0,0,0,2014-01-02,2026-07-23,0,,,
BEST_CALCULATED_FCF,SBUX,2014-01-02,3157,3157,1.0,0,0,2014-01-02,2026-07-23,0,,,
BEST_CALCULATED_FCF,ABNB,2020-12-10,1409,1409,1.0,0,0,2020-12-10,2026-07-23,0,,,
BEST_CALCULATED_FCF,7203,2014-01-07,3154,3154,1.0,0,0,2014-01-07,2026-07-23,0,,,
BEST_CALCULATED_FCF,ITX,2014-01-02,3157,3157,1.0,0,0,2014-01-02,2026-07-23,0,,,
BEST_CALCULATED_FCF,ABT,2014-01-02,3157,3157,1.0,0,0,2014-01-02,2026-07-23,0,,,
BEST_CALCULATED_FCF,DHR,2014-01-02,3157,3157,1.0,0,0,2014-01-02,2026-07-23,0,,,
BEST_CALCULATED_FCF,VRTX,2014-01-02,3157,3157,1.0,0,0,2014-01-02,2026-07-23,0,,,
BEST_CALCULATED_FCF,SAN,2014-01-02,3157,3157,1.0,0,0,2014-01-02,2026-07-23,0,,,
BEST_CALCULATED_FCF,GE,2024-04-02,579,579,1.0,0,0,2024-04-02,2026-07-23,0,,,
BEST_CALCULATED_FCF,TT,2020-03-02,1607,1607,1.0,0,0,2020-03-02,2026-07-23,0,,,
BEST_CALCULATED_FCF,ABBN,2014-01-02,3157,3157,1.0,0,0,2014-01-02,2026-07-23,0,,,
BEST_CALCULATED_FCF,KO,2014-01-02,3157,3157,1.0,0,0,2014-01-02,2026-07-23,0,,,
BEST_CALCULATED_FCF,ULVR,2014-01-02,3157,3157,1.0,0,0,2014-01-02,2026-07-23,0,,,
BEST_CALCULATED_FCF,ECL,2014-01-02,3157,3157,1.0,0,0,2014-01-02,2026-07-23,0,,,
BEST_CALCULATED_FCF,AI,2014-01-02,3157,3157,1.0,0,0,2014-01-02,2026-07-23,0,,,
BEST_CALCULATED_FCF,IBE,2014-01-02,3157,3157,1.0,0,0,2014-01-02,2026-07-23,0,,,
BEST_CALCULATED_FCF,INTU,2014-01-02,3157,3157,1.0,0,0,2014-01-02,2026-07-23,0,,,
BEST_CALCULATED_FCF,SNPS,2014-01-02,3157,3157,1.0,0,0,2014-01-02,2026-07-23,0,,,
BEST_CALCULATED_FCF,APH,2014-01-02,3157,3157,1.0,0,0,2014-01-02,2026-07-23,0,,,
BEST_CALCULATED_FCF,MSI,2014-01-02,3157,3157,1.0,0,0,2014-01-02,2026-07-23,0,,,
BEST_CALCULATED_FCF,CRWD,2019-06-12,1788,1788,1.0,0,0,2019-06-12,2026-07-23,0,,,
BEST_CALCULATED_FCF,NXPI,2014-01-02,3157,3157,1.0,0,0,2014-01-02,2026-07-23,0,,,
BEST_CALCULATED_FCF,KEYS,2014-10-21,2955,2955,1.0,0,0,2014-10-21,2026-07-23,0,,,
BEST_CALCULATED_FCF,ADSK,2014-01-02,3157,3157,1.0,0,0,2014-01-02,2026-07-23,0,,,
BEST_CALCULATED_FCF,WDAY,2014-01-02,3157,3157,1.0,0,0,2014-01-02,2026-07-23,0,,,
BEST_CALCULATED_FCF,WDC,2025-02-24,355,355,1.0,0,0,2025-02-24,2026-07-23,0,,,
BEST_CALCULATED_FCF,DDOG,2019-09-19,1719,1719,1.0,0,0,2019-09-19,2026-07-23,0,,,
BEST_CALCULATED_FCF,FTNT,2014-01-02,3157,3157,1.0,0,0,2014-01-02,2026-07-23,0,,,
BEST_CALCULATED_FCF,DSY,2014-01-02,3157,3157,1.0,0,0,2014-01-02,2026-07-23,0,,,
BEST_CALCULATED_FCF,6146,2014-01-07,3154,3154,1.0,0,0,2014-01-07,2026-07-23,0,,,
BEST_CALCULATED_FCF,6981,2014-01-07,3154,3154,1.0,0,0,2014-01-07,2026-07-23,0,,,
BEST_CALCULATED_FCF,ICE,2014-01-02,3157,3157,1.0,0,0,2014-01-02,2026-07-23,0,,,
BEST_CALCULATED_FCF,MCO,2014-01-02,3157,3157,1.0,0,0,2014-01-02,2026-07-23,0,,,
BEST_CALCULATED_FCF,PYPL,2015-07-07,2778,2778,1.0,0,0,2015-07-07,2026-07-23,0,,,
BEST_CALCULATED_FCF,BNP,2014-01-02,3157,3157,1.0,0,0,2014-01-02,2026-07-23,0,,,
BEST_CALCULATED_FCF,RTX,2014-01-02,3157,3157,1.0,0,0,2014-01-02,2026-07-23,0,,,
BEST_CALCULATED_FCF,EMR,2014-01-02,3157,3157,1.0,0,0,2014-01-02,2026-07-23,0,,,
BEST_CALCULATED_FCF,AXON,2014-01-02,3157,3157,1.0,0,0,2014-01-02,2026-07-23,0,,,
BEST_CALCULATED_FCF,UBER,2019-05-10,1810,1810,1.0,0,0,2019-05-10,2026-07-23,0,,,
BEST_CALCULATED_FCF,AIR,2014-01-02,3157,3157,1.0,0,0,2014-01-02,2026-07-23,0,,,
BEST_CALCULATED_FCF,SAF,2014-01-02,3157,3157,1.0,0,0,2014-01-02,2026-07-23,0,,,
BEST_CALCULATED_FCF,MRK,2014-01-02,3157,3157,1.0,0,0,2014-01-02,2026-07-23,0,,,
BEST_CALCULATED_FCF,AMGN,2014-01-02,3157,3157,1.0,0,0,2014-01-02,2026-07-23,0,,,
BEST_CALCULATED_FCF,SYK,2014-01-02,3157,3157,1.0,0,0,2014-01-02,2026-07-23,0,,,
BEST_CALCULATED_FCF,MCK,2014-01-02,3157,3157,1.0,0,0,2014-01-02,2026-07-23,0,,,
BEST_CALCULATED_FCF,NOVN,2014-01-02,3157,3157,1.0,0,0,2014-01-02,2026-07-23,0,,,
BEST_CALCULATED_FCF,NKE,2014-01-02,3157,3157,1.0,0,0,2014-01-02,2026-07-23,0,,,
BEST_CALCULATED_FCF,ORLY,2014-01-02,3157,3157,1.0,0,0,2014-01-02,2026-07-23,0,,,
BEST_CALCULATED_FCF,DASH,2020-12-09,1410,1410,1.0,0,0,2020-12-09,2026-07-23,0,,,
BEST_CALCULATED_FCF,CFR,2014-01-02,3157,3157,1.0,0,0,2014-01-02,2026-07-23,0,,,
BEST_CALCULATED_FCF,TTD,2016-09-21,2472,2472,1.0,0,0,2016-09-21,2026-07-23,0,,,
BEST_CALCULATED_FCF,RBLX,2021-03-10,1349,1349,1.0,0,0,2021-03-10,2026-07-23,0,,,
BEST_CALCULATED_FCF,9432,2014-01-07,3154,3154,1.0,0,0,2014-01-07,2026-07-23,0,,,
BEST_CALCULATED_FCF,9433,2014-01-07,3154,3154,1.0,0,0,2014-01-07,2026-07-23,0,,,
BEST_CALCULATED_FCF,PEP,2014-01-02,3157,3157,1.0,0,0,2014-01-02,2026-07-23,0,,,
BEST_CALCULATED_FCF,MDLZ,2014-01-02,3157,3157,1.0,0,0,2014-01-02,2026-07-23,0,,,
BEST_CALCULATED_FCF,OR,2014-01-02,3157,3157,1.0,0,0,2014-01-02,2026-07-23,0,,,
BEST_CALCULATED_FCF,CVX,2014-01-02,3157,3157,1.0,0,0,2014-01-02,2026-07-23,0,,,
BEST_CALCULATED_FCF,TTE,2014-01-02,3157,3157,1.0,0,0,2014-01-02,2026-07-23,0,,,
BEST_CALCULATED_FCF,NEM,2014-01-02,3157,3157,1.0,0,0,2014-01-02,2026-07-23,0,,,
BEST_CALCULATED_FCF,SHW,2014-01-02,3157,3157,1.0,0,0,2014-01-02,2026-07-23,0,,,
BEST_CALCULATED_FCF,SO,2014-01-02,3157,3157,1.0,0,0,2014-01-02,2026-07-23,0,,,
BEST_GROSS_MARGIN,AAPL,2014-01-02,3157,3157,1.0,0,0,2014-01-02,2026-07-23,0,,,
BEST_GROSS_MARGIN,MSFT,2014-01-02,3157,3157,1.0,0,0,2014-01-02,2026-07-23,0,,,
BEST_GROSS_MARGIN,GOOGL,2014-01-02,3157,3157,1.0,0,0,2014-01-02,2026-07-23,0,,,
BEST_GROSS_MARGIN,AMZN,2014-01-02,3157,3157,1.0,0,0,2014-01-02,2026-07-23,0,,,
BEST_GROSS_MARGIN,META,2014-01-02,3157,3157,1.0,0,0,2014-01-02,2026-07-23,0,,,
BEST_GROSS_MARGIN,NVDA,2014-01-02,3157,3157,1.0,0,0,2014-01-02,2026-07-23,0,,,
BEST_GROSS_MARGIN,TSLA,2014-01-02,3157,3157,1.0,0,0,2014-01-02,2026-07-23,0,,,
BEST_GROSS_MARGIN,PLTR,2020-09-30,1459,1459,1.0,0,0,2020-09-30,2026-07-23,0,,,
BEST_GROSS_MARGIN,AVGO,2014-01-02,3157,3157,1.0,0,0,2014-01-02,2026-07-23,0,,,
BEST_GROSS_MARGIN,MU,2014-01-02,3157,3157,1.0,0,0,2014-01-02,2026-07-23,0,,,
BEST_GROSS_MARGIN,GEV,2024-04-02,579,579,1.0,0,0,2024-04-02,2026-07-23,0,,,
BEST_GROSS_MARGIN,VRT,2018-08-01,2004,2004,1.0,0,0,2018-08-01,2026-07-23,0,,,
BEST_GROSS_MARGIN,BE,2018-07-25,2009,2009,1.0,0,0,2018-07-25,2026-07-23,0,,,
BEST_GROSS_MARGIN,LITE,2015-07-27,2764,2764,1.0,0,0,2015-07-27,2026-07-23,0,,,
BEST_GROSS_MARGIN,000660,2014-01-02,3157,3157,1.0,0,0,2014-01-02,2026-07-23,0,,,
BEST_GROSS_MARGIN,005930,2014-01-02,3157,3157,1.0,0,0,2014-01-02,2026-07-23,0,,,
BEST_GROSS_MARGIN,UNH,2014-01-02,3157,3157,1.0,0,0,2014-01-02,2026-07-23,0,,,
BEST_GROSS_MARGIN,LLY,2014-01-02,3157,3157,1.0,0,0,2014-01-02,2026-07-23,0,,,
BEST_GROSS_MARGIN,ISRG,2014-01-02,3157,3157,1.0,0,0,2014-01-02,2026-07-23,0,,,
BEST_GROSS_MARGIN,ABBV,2014-01-02,3157,3157,1.0,0,0,2014-01-02,2026-07-23,0,,,
BEST_GROSS_MARGIN,REGN,2014-01-02,3157,3157,1.0,0,0,2014-01-02,2026-07-23,0,,,
BEST_GROSS_MARGIN,JPM,2014-01-02,3157,3157,1.0,0,0,2014-01-02,2026-07-23,0,,,
BEST_GROSS_MARGIN,V,2014-01-02,3157,3157,1.0,0,0,2014-01-02,2026-07-23,0,,,
BEST_GROSS_MARGIN,MA,2014-01-02,3157,3157,1.0,0,0,2014-01-02,2026-07-23,0,,,
BEST_GROSS_MARGIN,BLK,2014-01-02,3157,3157,1.0,0,0,2014-01-02,2026-07-23,0,,,
BEST_GROSS_MARGIN,SPGI,2014-01-02,3157,3157,1.0,0,0,2014-01-02,2026-07-23,0,,,
BEST_GROSS_MARGIN,GS,2014-01-02,3157,3157,1.0,0,0,2014-01-02,2026-07-23,0,,,
BEST_GROSS_MARGIN,COST,2014-01-02,3157,3157,1.0,0,0,2014-01-02,2026-07-23,0,,,
BEST_GROSS_MARGIN,HD,2014-01-02,3157,3157,1.0,0,0,2014-01-02,2026-07-23,0,,,
BEST_GROSS_MARGIN,PG,2014-01-02,3157,3157,1.0,0,0,2014-01-02,2026-07-23,0,,,
BEST_GROSS_MARGIN,MCD,2014-01-02,3157,3157,1.0,0,0,2014-01-02,2026-07-23,0,,,
BEST_GROSS_MARGIN,WMT,2014-01-02,3157,3157,1.0,0,0,2014-01-02,2026-07-23,0,,,
BEST_GROSS_MARGIN,CAT,2014-01-02,3157,3157,1.0,0,0,2014-01-02,2026-07-23,0,,,
BEST_GROSS_MARGIN,HON,2014-01-02,3157,3157,1.0,0,0,2014-01-02,2026-07-23,0,,,
BEST_GROSS_MARGIN,DE,2014-01-02,3157,3157,1.0,0,0,2014-01-02,2026-07-23,0,,,
BEST_GROSS_MARGIN,UNP,2014-01-02,3157,3157,1.0,0,0,2014-01-02,2026-07-23,0,,,
BEST_GROSS_MARGIN,LMT,2014-01-02,3157,3157,1.0,0,0,2014-01-02,2026-07-23,0,,,
BEST_GROSS_MARGIN,ETN,2014-01-02,3157,3157,1.0,0,0,2014-01-02,2026-07-23,0,,,
BEST_GROSS_MARGIN,XOM,2014-01-02,3157,3157,1.0,0,0,2014-01-02,2026-07-23,0,,,
BEST_GROSS_MARGIN,LNG,2014-01-02,3157,3157,1.0,0,0,2014-01-02,2026-07-23,0,,,
BEST_GROSS_MARGIN,FCX,2014-01-02,3157,3157,1.0,0,0,2014-01-02,2026-07-23,0,,,
BEST_GROSS_MARGIN,LIN,2014-01-02,3157,3157,1.0,0,0,2014-01-02,2026-07-23,0,,,
BEST_GROSS_MARGIN,NEE,2014-01-02,3157,3157,1.0,0,0,2014-01-02,2026-07-23,0,,,
BEST_GROSS_MARGIN,AMT,2014-01-02,3157,3157,1.0,0,0,2014-01-02,2026-07-23,0,,,
BEST_GROSS_MARGIN,EQIX,2014-01-02,3157,3157,1.0,0,0,2014-01-02,2026-07-23,0,,,
BEST_GROSS_MARGIN,TMUS,2014-01-02,3157,3157,1.0,0,0,2014-01-02,2026-07-23,0,,,
BEST_GROSS_MARGIN,PLD,2014-01-02,3157,3157,1.0,0,0,2014-01-02,2026-07-23,0,,,
BEST_GROSS_MARGIN,AMD,2014-01-02,3157,3157,1.0,0,0,2014-01-02,2026-07-23,0,,,
BEST_GROSS_MARGIN,CRM,2014-01-02,3157,3157,1.0,0,0,2014-01-02,2026-07-23,0,,,
BEST_GROSS_MARGIN,NFLX,2014-01-02,3157,3157,1.0,0,0,2014-01-02,2026-07-23,0,,,
BEST_GROSS_MARGIN,TER,2014-01-02,3157,3157,1.0,0,0,2014-01-02,2026-07-23,0,,,
BEST_GROSS_MARGIN,GLW,2014-01-02,3157,3157,1.0,0,0,2014-01-02,2026-07-23,0,,,
BEST_GROSS_MARGIN,JNJ,2014-01-02,3157,3157,1.0,0,0,2014-01-02,2026-07-23,0,,,
BEST_GROSS_MARGIN,MPC,2014-01-02,3157,3157,1.0,0,0,2014-01-02,2026-07-23,0,,,
BEST_GROSS_MARGIN,LRCX,2014-01-02,3157,3157,1.0,0,0,2014-01-02,2026-07-23,0,,,
BEST_GROSS_MARGIN,AMAT,2014-01-02,3157,3157,1.0,0,0,2014-01-02,2026-07-23,0,,,
BEST_GROSS_MARGIN,PANW,2014-01-02,3157,3157,1.0,0,0,2014-01-02,2026-07-23,0,,,
BEST_GROSS_MARGIN,FN,2014-01-02,3157,3157,1.0,0,0,2014-01-02,2026-07-23,0,,,
BEST_GROSS_MARGIN,MPWR,2014-01-02,3157,3157,1.0,0,0,2014-01-02,2026-07-23,0,,,
BEST_GROSS_MARGIN,CSCO,2014-01-02,3157,3157,1.0,0,0,2014-01-02,2026-07-23,0,,,
BEST_GROSS_MARGIN,INTC,2014-01-02,3157,3157,1.0,0,0,2014-01-02,2026-07-23,0,,,
BEST_GROSS_MARGIN,ORCL,2014-01-02,3157,3157,1.0,0,0,2014-01-02,2026-07-23,0,,,
BEST_GROSS_MARGIN,TSM,2014-01-02,3157,3157,1.0,0,0,2014-01-02,2026-07-23,0,,,
BEST_GROSS_MARGIN,SNDK,2025-02-24,355,355,1.0,0,0,2025-02-24,2026-07-23,0,,,
BEST_GROSS_MARGIN,KLAC,2014-01-02,3157,3157,1.0,0,0,2014-01-02,2026-07-23,0,,,
BEST_GROSS_MARGIN,ANET,2014-06-06,3050,3050,1.0,0,0,2014-06-06,2026-07-23,0,,,
BEST_GROSS_MARGIN,MRVL,2014-01-02,3157,3157,1.0,0,0,2014-01-02,2026-07-23,0,,,
BEST_GROSS_MARGIN,CDNS,2014-01-02,3157,3157,1.0,0,0,2014-01-02,2026-07-23,0,,,
BEST_GROSS_MARGIN,STX,2014-01-02,3157,3157,1.0,0,0,2014-01-02,2026-07-23,0,,,
BEST_GROSS_MARGIN,PWR,2014-01-02,3157,3157,1.0,0,0,2014-01-02,2026-07-23,0,,,
BEST_GROSS_MARGIN,BX,2014-01-02,3157,3157,1.0,0,0,2014-01-02,2026-07-23,0,,,
BEST_GROSS_MARGIN,TMO,2014-01-02,3157,3157,1.0,0,0,2014-01-02,2026-07-23,0,,,
BEST_GROSS_MARGIN,BSX,2014-01-02,3157,3157,1.0,0,0,2014-01-02,2026-07-23,0,,,
BEST_GROSS_MARGIN,BKNG,2014-01-02,3157,3157,1.0,0,0,2014-01-02,2026-07-23,0,,,
BEST_GROSS_MARGIN,PM,2014-01-02,3157,3157,1.0,0,0,2014-01-02,2026-07-23,0,,,
BEST_GROSS_MARGIN,WMB,2014-01-02,3157,3157,1.0,0,0,2014-01-02,2026-07-23,0,,,
BEST_GROSS_MARGIN,CEG,2022-02-02,1121,1121,1.0,0,0,2022-02-02,2026-07-23,0,,,
BEST_GROSS_MARGIN,VST,2016-10-05,2462,2462,1.0,0,0,2016-10-05,2026-07-23,0,,,
BEST_GROSS_MARGIN,DLR,2014-01-02,3157,3157,1.0,0,0,2014-01-02,2026-07-23,0,,,
BEST_GROSS_MARGIN,ARM,2023-09-14,716,716,1.0,0,0,2023-09-14,2026-07-23,0,,,
BEST_GROSS_MARGIN,SPOT,2018-04-03,2088,2088,1.0,0,0,2018-04-03,2026-07-23,0,,,
BEST_GROSS_MARGIN,RACE,2015-10-21,2703,2703,1.0,0,0,2015-10-21,2026-07-23,0,,,
BEST_GROSS_MARGIN,285A,2024-12-18,398,398,1.0,0,0,2024-12-18,2026-07-23,0,,,
BEST_GROSS_MARGIN,6857,2014-01-07,3154,3154,1.0,0,0,2014-01-07,2026-07-23,0,,,
BEST_GROSS_MARGIN,SU,2014-01-02,3157,3157,1.0,0,0,2014-01-02,2026-07-23,0,,,
BEST_GROSS_MARGIN,SIE,2014-01-02,3157,3157,1.0,0,0,2014-01-02,2026-07-23,0,,,
BEST_GROSS_MARGIN,RHM,2014-01-02,3157,3157,1.0,0,0,2014-01-02,2026-07-23,0,,,
BEST_GROSS_MARGIN,ALV,2014-01-02,3157,3157,1.0,0,0,2014-01-02,2026-07-23,0,,,
BEST_GROSS_MARGIN,MC,2014-01-02,3157,3157,1.0,0,0,2014-01-02,2026-07-23,0,,,
BEST_GROSS_MARGIN,NESN,2014-01-02,3157,3157,1.0,0,0,2014-01-02,2026-07-23,0,,,
BEST_GROSS_MARGIN,RR/,2014-01-02,3157,3157,1.0,0,0,2014-01-02,2026-07-23,0,,,
BEST_GROSS_MARGIN,SAP,2014-01-02,3157,3157,1.0,0,0,2014-01-02,2026-07-23,0,,,
BEST_GROSS_MARGIN,ASML,2014-01-02,3157,3157,1.0,0,0,2014-01-02,2026-07-23,0,,,
BEST_GROSS_MARGIN,AZN,2014-01-02,3157,3157,1.0,0,0,2014-01-02,2026-07-23,0,,,
BEST_GROSS_MARGIN,SHEL,2014-01-02,3157,3157,1.0,0,0,2014-01-02,2026-07-23,0,,,
BEST_GROSS_MARGIN,HSBA,2014-01-02,3157,3157,1.0,0,0,2014-01-02,2026-07-23,0,,,
BEST_GROSS_MARGIN,NOVOB,2014-01-02,3157,3157,1.0,0,0,2014-01-02,2026-07-23,0,,,
BEST_GROSS_MARGIN,RIO,2014-01-02,3157,3157,1.0,0,0,2014-01-02,2026-07-23,0,,,
BEST_GROSS_MARGIN,QCOM,2014-01-02,3157,3157,1.0,0,0,2014-01-02,2026-07-23,0,,,
BEST_GROSS_MARGIN,TXN,2014-01-02,3157,3157,1.0,0,0,2014-01-02,2026-07-23,0,,,
BEST_GROSS_MARGIN,ADBE,2014-01-02,3157,3157,1.0,0,0,2014-01-02,2026-07-23,0,,,
BEST_GROSS_MARGIN,NOW,2014-01-02,3157,3157,1.0,0,0,2014-01-02,2026-07-23,0,,,
BEST_GROSS_MARGIN,ACN,2014-01-02,3157,3157,1.0,0,0,2014-01-02,2026-07-23,0,,,
BEST_GROSS_MARGIN,IBM,2014-01-02,3157,3157,1.0,0,0,2014-01-02,2026-07-23,0,,,
BEST_GROSS_MARGIN,ADI,2014-01-02,3157,3157,1.0,0,0,2014-01-02,2026-07-23,0,,,
BEST_GROSS_MARGIN,DELL,2018-12-28,1901,1901,1.0,0,0,2018-12-28,2026-07-23,0,,,
BEST_GROSS_MARGIN,8035,2014-01-07,3154,3154,1.0,0,0,2014-01-07,2026-07-23,0,,,
BEST_GROSS_MARGIN,IFX,2014-01-02,3157,3157,1.0,0,0,2014-01-02,2026-07-23,0,,,
BEST_GROSS_MARGIN,MS,2014-01-02,3157,3157,1.0,0,0,2014-01-02,2026-07-23,0,,,
BEST_GROSS_MARGIN,SCHW,2014-01-02,3157,3157,1.0,0,0,2014-01-02,2026-07-23,0,,,
BEST_GROSS_MARGIN,AON,2014-01-02,3157,3157,1.0,0,0,2014-01-02,2026-07-23,0,,,
BEST_GROSS_MARGIN,CME,2014-01-02,3157,3157,1.0,0,0,2014-01-02,2026-07-23,0,,,
BEST_GROSS_MARGIN,KKR,2014-01-02,3157,3157,1.0,0,0,2014-01-02,2026-07-23,0,,,
BEST_GROSS_MARGIN,BN,2022-12-12,905,905,1.0,0,0,2022-12-12,2026-07-23,0,,,
BEST_GROSS_MARGIN,LSEG,2014-01-02,3157,3157,1.0,0,0,2014-01-02,2026-07-23,0,,,
BEST_GROSS_MARGIN,ZURN,2014-01-02,3157,3157,1.0,0,0,2014-01-02,2026-07-23,0,,,
BEST_GROSS_MARGIN,CS,2014-01-02,3157,3157,1.0,0,0,2014-01-02,2026-07-23,0,,,
BEST_GROSS_MARGIN,DIS,2014-01-02,3157,3157,1.0,0,0,2014-01-02,2026-07-23,0,,,
BEST_GROSS_MARGIN,CMCSA,2014-01-02,3157,3157,1.0,0,0,2014-01-02,2026-07-23,0,,,
BEST_GROSS_MARGIN,VZ,2014-01-02,3157,3157,1.0,0,0,2014-01-02,2026-07-23,0,,,
BEST_GROSS_MARGIN,T,2014-01-02,3157,3157,1.0,0,0,2014-01-02,2026-07-23,0,,,
BEST_GROSS_MARGIN,TTWO,2014-01-02,3157,3157,1.0,0,0,2014-01-02,2026-07-23,0,,,
BEST_GROSS_MARGIN,PUB,2014-01-02,3157,3157,1.0,0,0,2014-01-02,2026-07-23,0,,,
BEST_GROSS_MARGIN,7974,2014-01-07,3154,3154,1.0,0,0,2014-01-07,2026-07-23,0,,,
BEST_GROSS_MARGIN,DTE,2014-01-02,3157,3157,1.0,0,0,2014-01-02,2026-07-23,0,,,
BEST_GROSS_MARGIN,UMG,2021-09-21,1214,1214,1.0,0,0,2021-09-21,2026-07-23,0,,,
BEST_GROSS_MARGIN,LOW,2014-01-02,3157,3157,1.0,0,0,2014-01-02,2026-07-23,0,,,
BEST_GROSS_MARGIN,TJX,2014-01-02,3157,3157,1.0,0,0,2014-01-02,2026-07-23,0,,,
BEST_GROSS_MARGIN,SBUX,2014-01-02,3157,3157,1.0,0,0,2014-01-02,2026-07-23,0,,,
BEST_GROSS_MARGIN,ABNB,2020-12-10,1409,1409,1.0,0,0,2020-12-10,2026-07-23,0,,,
BEST_GROSS_MARGIN,7203,2014-01-07,3154,3154,1.0,0,0,2014-01-07,2026-07-23,0,,,
BEST_GROSS_MARGIN,ITX,2014-01-02,3157,3157,1.0,0,0,2014-01-02,2026-07-23,0,,,
BEST_GROSS_MARGIN,ABT,2014-01-02,3157,3157,1.0,0,0,2014-01-02,2026-07-23,0,,,
BEST_GROSS_MARGIN,DHR,2014-01-02,3157,3157,1.0,0,0,2014-01-02,2026-07-23,0,,,
BEST_GROSS_MARGIN,VRTX,2014-01-02,3157,3157,1.0,0,0,2014-01-02,2026-07-23,0,,,
BEST_GROSS_MARGIN,SAN,2014-01-02,3157,3157,1.0,0,0,2014-01-02,2026-07-23,0,,,
BEST_GROSS_MARGIN,GE,2024-04-02,579,579,1.0,0,0,2024-04-02,2026-07-23,0,,,
BEST_GROSS_MARGIN,TT,2020-03-02,1607,1607,1.0,0,0,2020-03-02,2026-07-23,0,,,
BEST_GROSS_MARGIN,ABBN,2014-01-02,3157,3157,1.0,0,0,2014-01-02,2026-07-23,0,,,
BEST_GROSS_MARGIN,KO,2014-01-02,3157,3157,1.0,0,0,2014-01-02,2026-07-23,0,,,
BEST_GROSS_MARGIN,ULVR,2014-01-02,3157,3157,1.0,0,0,2014-01-02,2026-07-23,0,,,
BEST_GROSS_MARGIN,ECL,2014-01-02,3157,3157,1.0,0,0,2014-01-02,2026-07-23,0,,,
BEST_GROSS_MARGIN,AI,2014-01-02,3157,3157,1.0,0,0,2014-01-02,2026-07-23,0,,,
BEST_GROSS_MARGIN,IBE,2014-01-02,3157,3157,1.0,0,0,2014-01-02,2026-07-23,0,,,
BEST_GROSS_MARGIN,INTU,2014-01-02,3157,3157,1.0,0,0,2014-01-02,2026-07-23,0,,,
BEST_GROSS_MARGIN,SNPS,2014-01-02,3157,3157,1.0,0,0,2014-01-02,2026-07-23,0,,,
BEST_GROSS_MARGIN,APH,2014-01-02,3157,3157,1.0,0,0,2014-01-02,2026-07-23,0,,,
BEST_GROSS_MARGIN,MSI,2014-01-02,3157,3157,1.0,0,0,2014-01-02,2026-07-23,0,,,
BEST_GROSS_MARGIN,CRWD,2019-06-12,1788,1788,1.0,0,0,2019-06-12,2026-07-23,0,,,
BEST_GROSS_MARGIN,NXPI,2014-01-02,3157,3157,1.0,0,0,2014-01-02,2026-07-23,0,,,
BEST_GROSS_MARGIN,KEYS,2014-10-21,2955,2955,1.0,0,0,2014-10-21,2026-07-23,0,,,
BEST_GROSS_MARGIN,ADSK,2014-01-02,3157,3157,1.0,0,0,2014-01-02,2026-07-23,0,,,
BEST_GROSS_MARGIN,WDAY,2014-01-02,3157,3157,1.0,0,0,2014-01-02,2026-07-23,0,,,
BEST_GROSS_MARGIN,WDC,2025-02-24,355,355,1.0,0,0,2025-02-24,2026-07-23,0,,,
BEST_GROSS_MARGIN,DDOG,2019-09-19,1719,1719,1.0,0,0,2019-09-19,2026-07-23,0,,,
BEST_GROSS_MARGIN,FTNT,2014-01-02,3157,3157,1.0,0,0,2014-01-02,2026-07-23,0,,,
BEST_GROSS_MARGIN,DSY,2014-01-02,3157,3157,1.0,0,0,2014-01-02,2026-07-23,0,,,
BEST_GROSS_MARGIN,6146,2014-01-07,3154,3154,1.0,0,0,2014-01-07,2026-07-23,0,,,
BEST_GROSS_MARGIN,6981,2014-01-07,3154,3154,1.0,0,0,2014-01-07,2026-07-23,0,,,
BEST_GROSS_MARGIN,BRK/B,2014-01-02,3157,3157,1.0,0,0,2014-01-02,2026-07-23,0,,,
BEST_GROSS_MARGIN,ICE,2014-01-02,3157,3157,1.0,0,0,2014-01-02,2026-07-23,0,,,
BEST_GROSS_MARGIN,MCO,2014-01-02,3157,3157,1.0,0,0,2014-01-02,2026-07-23,0,,,
BEST_GROSS_MARGIN,PYPL,2015-07-07,2778,2778,1.0,0,0,2015-07-07,2026-07-23,0,,,
BEST_GROSS_MARGIN,BNP,2014-01-02,3157,3157,1.0,0,0,2014-01-02,2026-07-23,0,,,
BEST_GROSS_MARGIN,RTX,2014-01-02,3157,3157,1.0,0,0,2014-01-02,2026-07-23,0,,,
BEST_GROSS_MARGIN,EMR,2014-01-02,3157,3157,1.0,0,0,2014-01-02,2026-07-23,0,,,
BEST_GROSS_MARGIN,AXON,2014-01-02,3157,3157,1.0,0,0,2014-01-02,2026-07-23,0,,,
BEST_GROSS_MARGIN,UBER,2019-05-10,1810,1810,1.0,0,0,2019-05-10,2026-07-23,0,,,
BEST_GROSS_MARGIN,AIR,2014-01-02,3157,3157,1.0,0,0,2014-01-02,2026-07-23,0,,,
BEST_GROSS_MARGIN,SAF,2014-01-02,3157,3157,1.0,0,0,2014-01-02,2026-07-23,0,,,
BEST_GROSS_MARGIN,MRK,2014-01-02,3157,3157,1.0,0,0,2014-01-02,2026-07-23,0,,,
BEST_GROSS_MARGIN,AMGN,2014-01-02,3157,3157,1.0,0,0,2014-01-02,2026-07-23,0,,,
BEST_GROSS_MARGIN,SYK,2014-01-02,3157,3157,1.0,0,0,2014-01-02,2026-07-23,0,,,
BEST_GROSS_MARGIN,MCK,2014-01-02,3157,3157,1.0,0,0,2014-01-02,2026-07-23,0,,,
BEST_GROSS_MARGIN,NOVN,2014-01-02,3157,3157,1.0,0,0,2014-01-02,2026-07-23,0,,,
BEST_GROSS_MARGIN,NKE,2014-01-02,3157,3157,1.0,0,0,2014-01-02,2026-07-23,0,,,
BEST_GROSS_MARGIN,ORLY,2014-01-02,3157,3157,1.0,0,0,2014-01-02,2026-07-23,0,,,
BEST_GROSS_MARGIN,DASH,2020-12-09,1410,1410,1.0,0,0,2020-12-09,2026-07-23,0,,,
BEST_GROSS_MARGIN,CFR,2014-01-02,3157,3157,1.0,0,0,2014-01-02,2026-07-23,0,,,
BEST_GROSS_MARGIN,TTD,2016-09-21,2472,2472,1.0,0,0,2016-09-21,2026-07-23,0,,,
BEST_GROSS_MARGIN,RBLX,2021-03-10,1349,1349,1.0,0,0,2021-03-10,2026-07-23,0,,,
BEST_GROSS_MARGIN,9432,2014-01-07,3154,3154,1.0,0,0,2014-01-07,2026-07-23,0,,,
BEST_GROSS_MARGIN,9433,2014-01-07,3154,3154,1.0,0,0,2014-01-07,2026-07-23,0,,,
BEST_GROSS_MARGIN,PEP,2014-01-02,3157,3157,1.0,0,0,2014-01-02,2026-07-23,0,,,
BEST_GROSS_MARGIN,MDLZ,2014-01-02,3157,3157,1.0,0,0,2014-01-02,2026-07-23,0,,,
BEST_GROSS_MARGIN,OR,2014-01-02,3157,3157,1.0,0,0,2014-01-02,2026-07-23,0,,,
BEST_GROSS_MARGIN,CVX,2014-01-02,3157,3157,1.0,0,0,2014-01-02,2026-07-23,0,,,
BEST_GROSS_MARGIN,TTE,2014-01-02,3157,3157,1.0,0,0,2014-01-02,2026-07-23,0,,,
BEST_GROSS_MARGIN,NEM,2014-01-02,3157,3157,1.0,0,0,2014-01-02,2026-07-23,0,,,
BEST_GROSS_MARGIN,SHW,2014-01-02,3157,3157,1.0,0,0,2014-01-02,2026-07-23,0,,,
BEST_GROSS_MARGIN,SO,2014-01-02,3157,3157,1.0,0,0,2014-01-02,2026-07-23,0,,,
CUR_MKT_CAP,AAPL,2014-01-02,3157,3157,1.0,0,0,2014-01-02,2026-07-23,0,0.0,,
CUR_MKT_CAP,MSFT,2014-01-02,3157,3157,1.0,0,0,2014-01-02,2026-07-23,0,0.0,,
CUR_MKT_CAP,GOOGL,2014-01-02,3157,3157,1.0,0,0,2014-01-02,2026-07-23,0,0.0,,
CUR_MKT_CAP,AMZN,2014-01-02,3157,3157,1.0,0,0,2014-01-02,2026-07-23,0,0.0,,
CUR_MKT_CAP,META,2014-01-02,3157,3157,1.0,0,0,2014-01-02,2026-07-23,0,0.0,,
CUR_MKT_CAP,NVDA,2014-01-02,3157,3157,1.0,0,0,2014-01-02,2026-07-23,0,0.0,,
CUR_MKT_CAP,TSLA,2014-01-02,3157,3157,1.0,0,0,2014-01-02,2026-07-23,0,0.0,,
CUR_MKT_CAP,PLTR,2020-09-30,1459,1459,1.0,0,0,2020-09-30,2026-07-23,0,0.0,,
CUR_MKT_CAP,AVGO,2014-01-02,3157,3157,1.0,0,0,2014-01-02,2026-07-23,0,0.0,,
CUR_MKT_CAP,MU,2014-01-02,3157,3157,1.0,0,0,2014-01-02,2026-07-23,0,0.0,,
CUR_MKT_CAP,GEV,2024-04-02,579,579,1.0,0,0,2024-04-02,2026-07-23,0,0.0,,
CUR_MKT_CAP,VRT,2018-08-01,2004,2004,1.0,0,0,2018-08-01,2026-07-23,0,0.0,,
CUR_MKT_CAP,BE,2018-07-25,2009,2009,1.0,0,0,2018-07-25,2026-07-23,0,0.0,,
CUR_MKT_CAP,LITE,2015-07-27,2764,2764,1.0,0,0,2015-07-27,2026-07-23,0,0.0,,
CUR_MKT_CAP,000660,2014-01-02,3157,3157,1.0,0,0,2014-01-02,2026-07-23,0,0.0,,
CUR_MKT_CAP,005930,2014-01-02,3157,3157,1.0,0,0,2014-01-02,2026-07-23,0,0.0,,
CUR_MKT_CAP,UNH,2014-01-02,3157,3157,1.0,0,0,2014-01-02,2026-07-23,0,0.0,,
CUR_MKT_CAP,LLY,2014-01-02,3157,3157,1.0,0,0,2014-01-02,2026-07-23,0,0.0,,
CUR_MKT_CAP,ISRG,2014-01-02,3157,3157,1.0,0,0,2014-01-02,2026-07-23,0,0.0,,
CUR_MKT_CAP,ABBV,2014-01-02,3157,3157,1.0,0,0,2014-01-02,2026-07-23,0,0.0,,
CUR_MKT_CAP,REGN,2014-01-02,3157,3157,1.0,0,0,2014-01-02,2026-07-23,0,0.0,,
CUR_MKT_CAP,JPM,2014-01-02,3157,3157,1.0,0,0,2014-01-02,2026-07-23,0,0.0,,
CUR_MKT_CAP,V,2014-01-02,3157,3157,1.0,0,0,2014-01-02,2026-07-23,0,0.0,,
CUR_MKT_CAP,MA,2014-01-02,3157,3157,1.0,0,0,2014-01-02,2026-07-23,0,0.0,,
CUR_MKT_CAP,BLK,2014-01-02,3157,3157,1.0,0,0,2014-01-02,2026-07-23,0,0.0,,
CUR_MKT_CAP,SPGI,2014-01-02,3157,3157,1.0,0,0,2014-01-02,2026-07-23,0,0.0,,
CUR_MKT_CAP,GS,2014-01-02,3157,3157,1.0,0,0,2014-01-02,2026-07-23,0,0.0,,
CUR_MKT_CAP,COST,2014-01-02,3157,3157,1.0,0,0,2014-01-02,2026-07-23,0,0.0,,
CUR_MKT_CAP,HD,2014-01-02,3157,3157,1.0,0,0,2014-01-02,2026-07-23,0,0.0,,
CUR_MKT_CAP,PG,2014-01-02,3157,3157,1.0,0,0,2014-01-02,2026-07-23,0,0.0,,
CUR_MKT_CAP,MCD,2014-01-02,3157,3157,1.0,0,0,2014-01-02,2026-07-23,0,0.0,,
CUR_MKT_CAP,WMT,2014-01-02,3157,3157,1.0,0,0,2014-01-02,2026-07-23,0,0.0,,
CUR_MKT_CAP,CAT,2014-01-02,3157,3157,1.0,0,0,2014-01-02,2026-07-23,0,0.0,,
CUR_MKT_CAP,HON,2014-01-02,3157,3157,1.0,0,0,2014-01-02,2026-07-23,0,0.0,,
CUR_MKT_CAP,DE,2014-01-02,3157,3157,1.0,0,0,2014-01-02,2026-07-23,0,0.0,,
CUR_MKT_CAP,UNP,2014-01-02,3157,3157,1.0,0,0,2014-01-02,2026-07-23,0,0.0,,
CUR_MKT_CAP,LMT,2014-01-02,3157,3157,1.0,0,0,2014-01-02,2026-07-23,0,0.0,,
CUR_MKT_CAP,ETN,2014-01-02,3157,3157,1.0,0,0,2014-01-02,2026-07-23,0,0.0,,
CUR_MKT_CAP,XOM,2014-01-02,3157,3157,1.0,0,0,2014-01-02,2026-07-23,0,0.0,,
CUR_MKT_CAP,LNG,2014-01-02,3157,3157,1.0,0,0,2014-01-02,2026-07-23,0,0.0,,
CUR_MKT_CAP,FCX,2014-01-02,3157,3157,1.0,0,0,2014-01-02,2026-07-23,0,0.0,,
CUR_MKT_CAP,LIN,2014-01-02,3157,3157,1.0,0,0,2014-01-02,2026-07-23,0,0.0,,
CUR_MKT_CAP,NEE,2014-01-02,3157,3157,1.0,0,0,2014-01-02,2026-07-23,0,0.0,,
CUR_MKT_CAP,AMT,2014-01-02,3157,3157,1.0,0,0,2014-01-02,2026-07-23,0,0.0,,
CUR_MKT_CAP,EQIX,2014-01-02,3157,3157,1.0,0,0,2014-01-02,2026-07-23,0,0.0,,
CUR_MKT_CAP,TMUS,2014-01-02,3157,3157,1.0,0,0,2014-01-02,2026-07-23,0,0.0,,
CUR_MKT_CAP,PLD,2014-01-02,3157,3157,1.0,0,0,2014-01-02,2026-07-23,0,0.0,,
CUR_MKT_CAP,AMD,2014-01-02,3157,3157,1.0,0,0,2014-01-02,2026-07-23,0,0.0,,
CUR_MKT_CAP,CRM,2014-01-02,3157,3157,1.0,0,0,2014-01-02,2026-07-23,0,0.0,,
CUR_MKT_CAP,NFLX,2014-01-02,3157,3157,1.0,0,0,2014-01-02,2026-07-23,0,0.0,,
CUR_MKT_CAP,TER,2014-01-02,3157,3157,1.0,0,0,2014-01-02,2026-07-23,0,0.0,,
CUR_MKT_CAP,GLW,2014-01-02,3157,3157,1.0,0,0,2014-01-02,2026-07-23,0,0.0,,
CUR_MKT_CAP,JNJ,2014-01-02,3157,3157,1.0,0,0,2014-01-02,2026-07-23,0,0.0,,
CUR_MKT_CAP,WFC,2014-01-02,3157,3157,1.0,0,0,2014-01-02,2026-07-23,0,0.0,,
CUR_MKT_CAP,MPC,2014-01-02,3157,3157,1.0,0,0,2014-01-02,2026-07-23,0,0.0,,
CUR_MKT_CAP,LRCX,2014-01-02,3157,3157,1.0,0,0,2014-01-02,2026-07-23,0,0.0,,
CUR_MKT_CAP,AMAT,2014-01-02,3157,3157,1.0,0,0,2014-01-02,2026-07-23,0,0.0,,
CUR_MKT_CAP,PANW,2014-01-02,3157,3157,1.0,0,0,2014-01-02,2026-07-23,0,0.0,,
CUR_MKT_CAP,FN,2014-01-02,3157,3157,1.0,0,0,2014-01-02,2026-07-23,0,0.0,,
CUR_MKT_CAP,MPWR,2014-01-02,3157,3157,1.0,0,0,2014-01-02,2026-07-23,0,0.0,,
CUR_MKT_CAP,BAC,2014-01-02,3157,3157,1.0,0,0,2014-01-02,2026-07-23,0,0.0,,
CUR_MKT_CAP,CSCO,2014-01-02,3157,3157,1.0,0,0,2014-01-02,2026-07-23,0,0.0,,
CUR_MKT_CAP,INTC,2014-01-02,3157,3157,1.0,0,0,2014-01-02,2026-07-23,0,0.0,,
CUR_MKT_CAP,ORCL,2014-01-02,3157,3157,1.0,0,0,2014-01-02,2026-07-23,0,0.0,,
CUR_MKT_CAP,TSM,2014-01-02,3157,3157,1.0,0,0,2014-01-02,2026-07-23,0,0.0,,
CUR_MKT_CAP,SNDK,2025-02-24,355,355,1.0,0,0,2025-02-24,2026-07-23,0,0.0,,
CUR_MKT_CAP,KLAC,2014-01-02,3157,3157,1.0,0,0,2014-01-02,2026-07-23,0,0.0,,
CUR_MKT_CAP,ANET,2014-06-06,3050,3050,1.0,0,0,2014-06-06,2026-07-23,0,0.0,,
CUR_MKT_CAP,MRVL,2014-01-02,3157,3157,1.0,0,0,2014-01-02,2026-07-23,0,0.0,,
CUR_MKT_CAP,CDNS,2014-01-02,3157,3157,1.0,0,0,2014-01-02,2026-07-23,0,0.0,,
CUR_MKT_CAP,STX,2014-01-02,3157,3157,1.0,0,0,2014-01-02,2026-07-23,0,0.0,,
CUR_MKT_CAP,PWR,2014-01-02,3157,3157,1.0,0,0,2014-01-02,2026-07-23,0,0.0,,
CUR_MKT_CAP,BX,2014-01-02,3157,3157,1.0,0,0,2014-01-02,2026-07-23,0,0.0,,
CUR_MKT_CAP,TMO,2014-01-02,3157,3157,1.0,0,0,2014-01-02,2026-07-23,0,0.0,,
CUR_MKT_CAP,BSX,2014-01-02,3157,3157,1.0,0,0,2014-01-02,2026-07-23,0,0.0,,
CUR_MKT_CAP,BKNG,2014-01-02,3157,3157,1.0,0,0,2014-01-02,2026-07-23,0,0.0,,
CUR_MKT_CAP,PM,2014-01-02,3157,3157,1.0,0,0,2014-01-02,2026-07-23,0,0.0,,
CUR_MKT_CAP,WMB,2014-01-02,3157,3157,1.0,0,0,2014-01-02,2026-07-23,0,0.0,,
CUR_MKT_CAP,CEG,2022-02-02,1121,1121,1.0,0,0,2022-02-02,2026-07-23,0,0.0,,
CUR_MKT_CAP,VST,2016-10-05,2462,2462,1.0,0,0,2016-10-05,2026-07-23,0,0.0,,
CUR_MKT_CAP,DLR,2014-01-02,3157,3157,1.0,0,0,2014-01-02,2026-07-23,0,0.0,,
CUR_MKT_CAP,ARM,2023-09-14,716,716,1.0,0,0,2023-09-14,2026-07-23,0,0.0,,
CUR_MKT_CAP,SPOT,2018-04-03,2088,2088,1.0,0,0,2018-04-03,2026-07-23,0,0.0,,
CUR_MKT_CAP,RACE,2015-10-21,2703,2703,1.0,0,0,2015-10-21,2026-07-23,0,0.0,,
CUR_MKT_CAP,285A,2024-12-18,398,398,1.0,0,0,2024-12-18,2026-07-23,0,0.0,,
CUR_MKT_CAP,6857,2014-01-07,3154,3154,1.0,0,0,2014-01-07,2026-07-23,0,0.0,,
CUR_MKT_CAP,SU,2014-01-02,3157,3157,1.0,0,0,2014-01-02,2026-07-23,0,0.0,,
CUR_MKT_CAP,SIE,2014-01-02,3157,3157,1.0,0,0,2014-01-02,2026-07-23,0,0.0,,
CUR_MKT_CAP,RHM,2014-01-02,3157,3157,1.0,0,0,2014-01-02,2026-07-23,0,0.0,,
CUR_MKT_CAP,ALV,2014-01-02,3157,3157,1.0,0,0,2014-01-02,2026-07-23,0,0.0,,
CUR_MKT_CAP,MC,2014-01-02,3157,3157,1.0,0,0,2014-01-02,2026-07-23,0,0.0,,
CUR_MKT_CAP,NESN,2014-01-02,3157,3157,1.0,0,0,2014-01-02,2026-07-23,0,0.0,,
CUR_MKT_CAP,RR/,2014-01-02,3157,3157,1.0,0,0,2014-01-02,2026-07-23,0,0.0,,
CUR_MKT_CAP,SAP,2014-01-02,3157,3157,1.0,0,0,2014-01-02,2026-07-23,0,0.0,,
CUR_MKT_CAP,ASML,2014-01-02,3157,3157,1.0,0,0,2014-01-02,2026-07-23,0,0.0,,
CUR_MKT_CAP,AZN,2014-01-02,3157,3157,1.0,0,0,2014-01-02,2026-07-23,0,0.0,,
CUR_MKT_CAP,SHEL,2014-01-02,3157,3157,1.0,0,0,2014-01-02,2026-07-23,0,0.0,,
CUR_MKT_CAP,HSBA,2014-01-02,3157,3157,1.0,0,0,2014-01-02,2026-07-23,0,0.0,,
CUR_MKT_CAP,NOVOB,2014-01-02,3157,3157,1.0,0,0,2014-01-02,2026-07-23,0,0.0,,
CUR_MKT_CAP,RIO,2014-01-02,3157,3157,1.0,0,0,2014-01-02,2026-07-23,0,0.0,,
CUR_MKT_CAP,QCOM,2014-01-02,3157,3157,1.0,0,0,2014-01-02,2026-07-23,0,0.0,,
CUR_MKT_CAP,TXN,2014-01-02,3157,3157,1.0,0,0,2014-01-02,2026-07-23,0,0.0,,
CUR_MKT_CAP,ADBE,2014-01-02,3157,3157,1.0,0,0,2014-01-02,2026-07-23,0,0.0,,
CUR_MKT_CAP,NOW,2014-01-02,3157,3157,1.0,0,0,2014-01-02,2026-07-23,0,0.0,,
CUR_MKT_CAP,ACN,2014-01-02,3157,3157,1.0,0,0,2014-01-02,2026-07-23,0,0.0,,
CUR_MKT_CAP,IBM,2014-01-02,3157,3157,1.0,0,0,2014-01-02,2026-07-23,0,0.0,,
CUR_MKT_CAP,ADI,2014-01-02,3157,3157,1.0,0,0,2014-01-02,2026-07-23,0,0.0,,
CUR_MKT_CAP,DELL,2018-12-28,1901,1901,1.0,0,0,2018-12-28,2026-07-23,0,0.0,,
CUR_MKT_CAP,8035,2014-01-07,3154,3154,1.0,0,0,2014-01-07,2026-07-23,0,0.0,,
CUR_MKT_CAP,IFX,2014-01-02,3157,3157,1.0,0,0,2014-01-02,2026-07-23,0,0.0,,
CUR_MKT_CAP,MS,2014-01-02,3157,3157,1.0,0,0,2014-01-02,2026-07-23,0,0.0,,
CUR_MKT_CAP,SCHW,2014-01-02,3157,3157,1.0,0,0,2014-01-02,2026-07-23,0,0.0,,
CUR_MKT_CAP,AXP,2014-01-02,3157,3157,1.0,0,0,2014-01-02,2026-07-23,0,0.0,,
CUR_MKT_CAP,PGR,2014-01-02,3157,3157,1.0,0,0,2014-01-02,2026-07-23,0,0.0,,
CUR_MKT_CAP,AON,2014-01-02,3157,3157,1.0,0,0,2014-01-02,2026-07-23,0,0.0,,
CUR_MKT_CAP,CME,2014-01-02,3157,3157,1.0,0,0,2014-01-02,2026-07-23,0,0.0,,
CUR_MKT_CAP,KKR,2014-01-02,3157,3157,1.0,0,0,2014-01-02,2026-07-23,0,0.0,,
CUR_MKT_CAP,BN,2022-12-12,905,905,1.0,0,0,2022-12-12,2026-07-23,0,0.0,,
CUR_MKT_CAP,C,2014-01-02,3157,3157,1.0,0,0,2014-01-02,2026-07-23,0,0.0,,
CUR_MKT_CAP,LSEG,2014-01-02,3157,3157,1.0,0,0,2014-01-02,2026-07-23,0,0.0,,
CUR_MKT_CAP,ZURN,2014-01-02,3157,3157,1.0,0,0,2014-01-02,2026-07-23,0,0.0,,
CUR_MKT_CAP,CS,2014-01-02,3157,3157,1.0,0,0,2014-01-02,2026-07-23,0,0.0,,
CUR_MKT_CAP,8306,2014-01-07,3154,3154,1.0,0,0,2014-01-07,2026-07-23,0,0.0,,
CUR_MKT_CAP,DIS,2014-01-02,3157,3157,1.0,0,0,2014-01-02,2026-07-23,0,0.0,,
CUR_MKT_CAP,CMCSA,2014-01-02,3157,3157,1.0,0,0,2014-01-02,2026-07-23,0,0.0,,
CUR_MKT_CAP,VZ,2014-01-02,3157,3157,1.0,0,0,2014-01-02,2026-07-23,0,0.0,,
CUR_MKT_CAP,T,2014-01-02,3157,3157,1.0,0,0,2014-01-02,2026-07-23,0,0.0,,
CUR_MKT_CAP,TTWO,2014-01-02,3157,3157,1.0,0,0,2014-01-02,2026-07-23,0,0.0,,
CUR_MKT_CAP,PUB,2014-01-02,3157,3157,1.0,0,0,2014-01-02,2026-07-23,0,0.0,,
CUR_MKT_CAP,7974,2014-01-07,3154,3154,1.0,0,0,2014-01-07,2026-07-23,0,0.0,,
CUR_MKT_CAP,DTE,2014-01-02,3157,3157,1.0,0,0,2014-01-02,2026-07-23,0,0.0,,
CUR_MKT_CAP,UMG,2021-09-21,1214,1214,1.0,0,0,2021-09-21,2026-07-23,0,0.0,,
CUR_MKT_CAP,LOW,2014-01-02,3157,3157,1.0,0,0,2014-01-02,2026-07-23,0,0.0,,
CUR_MKT_CAP,TJX,2014-01-02,3157,3157,1.0,0,0,2014-01-02,2026-07-23,0,0.0,,
CUR_MKT_CAP,SBUX,2014-01-02,3157,3157,1.0,0,0,2014-01-02,2026-07-23,0,0.0,,
CUR_MKT_CAP,ABNB,2020-12-10,1409,1409,1.0,0,0,2020-12-10,2026-07-23,0,0.0,,
CUR_MKT_CAP,7203,2014-01-07,3154,3154,1.0,0,0,2014-01-07,2026-07-23,0,0.0,,
CUR_MKT_CAP,ITX,2014-01-02,3157,3157,1.0,0,0,2014-01-02,2026-07-23,0,0.0,,
CUR_MKT_CAP,ABT,2014-01-02,3157,3157,1.0,0,0,2014-01-02,2026-07-23,0,0.0,,
CUR_MKT_CAP,DHR,2014-01-02,3157,3157,1.0,0,0,2014-01-02,2026-07-23,0,0.0,,
CUR_MKT_CAP,VRTX,2014-01-02,3157,3157,1.0,0,0,2014-01-02,2026-07-23,0,0.0,,
CUR_MKT_CAP,SAN,2014-01-02,3157,3157,1.0,0,0,2014-01-02,2026-07-23,0,0.0,,
CUR_MKT_CAP,GE,2024-04-02,579,579,1.0,0,0,2024-04-02,2026-07-23,0,0.0,,
CUR_MKT_CAP,TT,2020-03-02,1607,1607,1.0,0,0,2020-03-02,2026-07-23,0,0.0,,
CUR_MKT_CAP,ABBN,2014-01-02,3157,3157,1.0,0,0,2014-01-02,2026-07-23,0,0.0,,
CUR_MKT_CAP,KO,2014-01-02,3157,3157,1.0,0,0,2014-01-02,2026-07-23,0,0.0,,
CUR_MKT_CAP,ULVR,2014-01-02,3157,3157,1.0,0,0,2014-01-02,2026-07-23,0,0.0,,
CUR_MKT_CAP,ECL,2014-01-02,3157,3157,1.0,0,0,2014-01-02,2026-07-23,0,0.0,,
CUR_MKT_CAP,AI,2014-01-02,3157,3157,1.0,0,0,2014-01-02,2026-07-23,0,0.0,,
CUR_MKT_CAP,IBE,2014-01-02,3157,3157,1.0,0,0,2014-01-02,2026-07-23,0,0.0,,
CUR_MKT_CAP,INTU,2014-01-02,3157,3157,1.0,0,0,2014-01-02,2026-07-23,0,0.0,,
CUR_MKT_CAP,SNPS,2014-01-02,3157,3157,1.0,0,0,2014-01-02,2026-07-23,0,0.0,,
CUR_MKT_CAP,APH,2014-01-02,3157,3157,1.0,0,0,2014-01-02,2026-07-23,0,0.0,,
CUR_MKT_CAP,MSI,2014-01-02,3157,3157,1.0,0,0,2014-01-02,2026-07-23,0,0.0,,
CUR_MKT_CAP,CRWD,2019-06-12,1788,1788,1.0,0,0,2019-06-12,2026-07-23,0,0.0,,
CUR_MKT_CAP,NXPI,2014-01-02,3157,3157,1.0,0,0,2014-01-02,2026-07-23,0,0.0,,
CUR_MKT_CAP,KEYS,2014-10-21,2955,2955,1.0,0,0,2014-10-21,2026-07-23,0,0.0,,
CUR_MKT_CAP,ADSK,2014-01-02,3157,3157,1.0,0,0,2014-01-02,2026-07-23,0,0.0,,
CUR_MKT_CAP,WDAY,2014-01-02,3157,3157,1.0,0,0,2014-01-02,2026-07-23,0,0.0,,
CUR_MKT_CAP,WDC,2025-02-24,355,355,1.0,0,0,2025-02-24,2026-07-23,0,0.0,,
CUR_MKT_CAP,DDOG,2019-09-19,1719,1719,1.0,0,0,2019-09-19,2026-07-23,0,0.0,,
CUR_MKT_CAP,FTNT,2014-01-02,3157,3157,1.0,0,0,2014-01-02,2026-07-23,0,0.0,,
CUR_MKT_CAP,DSY,2014-01-02,3157,3157,1.0,0,0,2014-01-02,2026-07-23,0,0.0,,
CUR_MKT_CAP,6146,2014-01-07,3154,3154,1.0,0,0,2014-01-07,2026-07-23,0,0.0,,
CUR_MKT_CAP,6981,2014-01-07,3154,3154,1.0,0,0,2014-01-07,2026-07-23,0,0.0,,
CUR_MKT_CAP,BRK/B,2014-01-02,3157,3157,1.0,0,0,2014-01-02,2026-07-23,0,0.0,,
CUR_MKT_CAP,CB,2014-01-02,3157,3157,1.0,0,0,2014-01-02,2026-07-23,0,0.0,,
CUR_MKT_CAP,ICE,2014-01-02,3157,3157,1.0,0,0,2014-01-02,2026-07-23,0,0.0,,
CUR_MKT_CAP,MCO,2014-01-02,3157,3157,1.0,0,0,2014-01-02,2026-07-23,0,0.0,,
CUR_MKT_CAP,PYPL,2015-07-07,2778,2778,1.0,0,0,2015-07-07,2026-07-23,0,0.0,,
CUR_MKT_CAP,COF,2025-05-19,296,296,1.0,0,0,2025-05-19,2026-07-23,0,0.0,,
CUR_MKT_CAP,BNP,2014-01-02,3157,3157,1.0,0,0,2014-01-02,2026-07-23,0,0.0,,
CUR_MKT_CAP,MUV2,2014-01-02,3157,3157,1.0,0,0,2014-01-02,2026-07-23,0,0.0,,
CUR_MKT_CAP,RTX,2014-01-02,3157,3157,1.0,0,0,2014-01-02,2026-07-23,0,0.0,,
CUR_MKT_CAP,EMR,2014-01-02,3157,3157,1.0,0,0,2014-01-02,2026-07-23,0,0.0,,
CUR_MKT_CAP,AXON,2014-01-02,3157,3157,1.0,0,0,2014-01-02,2026-07-23,0,0.0,,
CUR_MKT_CAP,UBER,2019-05-10,1810,1810,1.0,0,0,2019-05-10,2026-07-23,0,0.0,,
CUR_MKT_CAP,AIR,2014-01-02,3157,3157,1.0,0,0,2014-01-02,2026-07-23,0,0.0,,
CUR_MKT_CAP,SAF,2014-01-02,3157,3157,1.0,0,0,2014-01-02,2026-07-23,0,0.0,,
CUR_MKT_CAP,MRK,2014-01-02,3157,3157,1.0,0,0,2014-01-02,2026-07-23,0,0.0,,
CUR_MKT_CAP,AMGN,2014-01-02,3157,3157,1.0,0,0,2014-01-02,2026-07-23,0,0.0,,
CUR_MKT_CAP,SYK,2014-01-02,3157,3157,1.0,0,0,2014-01-02,2026-07-23,0,0.0,,
CUR_MKT_CAP,MCK,2014-01-02,3157,3157,1.0,0,0,2014-01-02,2026-07-23,0,0.0,,
CUR_MKT_CAP,NOVN,2014-01-02,3157,3157,1.0,0,0,2014-01-02,2026-07-23,0,0.0,,
CUR_MKT_CAP,NKE,2014-01-02,3157,3157,1.0,0,0,2014-01-02,2026-07-23,0,0.0,,
CUR_MKT_CAP,ORLY,2014-01-02,3157,3157,1.0,0,0,2014-01-02,2026-07-23,0,0.0,,
CUR_MKT_CAP,DASH,2020-12-09,1410,1410,1.0,0,0,2020-12-09,2026-07-23,0,0.0,,
CUR_MKT_CAP,CFR,2014-01-02,3157,3157,1.0,0,0,2014-01-02,2026-07-23,0,0.0,,
CUR_MKT_CAP,TTD,2016-09-21,2472,2472,1.0,0,0,2016-09-21,2026-07-23,0,0.0,,
CUR_MKT_CAP,RBLX,2021-03-10,1349,1349,1.0,0,0,2021-03-10,2026-07-23,0,0.0,,
CUR_MKT_CAP,9432,2014-01-07,3154,3154,1.0,0,0,2014-01-07,2026-07-23,0,0.0,,
CUR_MKT_CAP,9433,2014-01-07,3154,3154,1.0,0,0,2014-01-07,2026-07-23,0,0.0,,
CUR_MKT_CAP,PEP,2014-01-02,3157,3157,1.0,0,0,2014-01-02,2026-07-23,0,0.0,,
CUR_MKT_CAP,MDLZ,2014-01-02,3157,3157,1.0,0,0,2014-01-02,2026-07-23,0,0.0,,
CUR_MKT_CAP,OR,2014-01-02,3157,3157,1.0,0,0,2014-01-02,2026-07-23,0,0.0,,
CUR_MKT_CAP,CVX,2014-01-02,3157,3157,1.0,0,0,2014-01-02,2026-07-23,0,0.0,,
CUR_MKT_CAP,TTE,2014-01-02,3157,3157,1.0,0,0,2014-01-02,2026-07-23,0,0.0,,
CUR_MKT_CAP,NEM,2014-01-02,3157,3157,1.0,0,0,2014-01-02,2026-07-23,0,0.0,,
CUR_MKT_CAP,SHW,2014-01-02,3157,3157,1.0,0,0,2014-01-02,2026-07-23,0,0.0,,
CUR_MKT_CAP,SO,2014-01-02,3157,3157,1.0,0,0,2014-01-02,2026-07-23,0,0.0,,
OPER_MARGIN,AAPL,2014-01-02,3141,3141,1.0,0,0,2014-01-27,2026-07-23,0,,,
OPER_MARGIN,MSFT,2014-01-02,3141,3141,1.0,0,0,2014-01-27,2026-07-23,0,,,
OPER_MARGIN,GOOGL,2014-01-02,3141,3141,1.0,0,0,2014-01-27,2026-07-23,0,,,
OPER_MARGIN,AMZN,2014-01-02,3141,3141,1.0,0,0,2014-01-27,2026-07-23,0,,,
OPER_MARGIN,META,2014-01-02,3141,3141,1.0,0,0,2014-01-27,2026-07-23,0,,,
OPER_MARGIN,NVDA,2014-01-02,3141,3141,1.0,0,0,2014-01-27,2026-07-23,0,,,
OPER_MARGIN,TSLA,2014-01-02,3141,3141,1.0,0,0,2014-01-27,2026-07-23,0,,,
OPER_MARGIN,PLTR,2020-09-30,1459,1459,1.0,0,0,2020-09-30,2026-07-23,0,,,
OPER_MARGIN,AVGO,2014-01-02,3141,3141,1.0,0,0,2014-01-27,2026-07-23,0,,,
OPER_MARGIN,MU,2014-01-02,3141,3141,1.0,0,0,2014-01-27,2026-07-23,0,,,
OPER_MARGIN,GEV,2024-04-02,579,579,1.0,0,0,2024-04-02,2026-07-23,0,,,
OPER_MARGIN,VRT,2018-08-01,2004,2004,1.0,0,0,2018-08-01,2026-07-23,0,,,
OPER_MARGIN,BE,2018-07-25,2009,2009,1.0,0,0,2018-07-25,2026-07-23,0,,,
OPER_MARGIN,LITE,2015-07-27,2764,2764,1.0,0,0,2015-07-27,2026-07-23,0,,,
OPER_MARGIN,000660,2014-01-02,3141,3141,1.0,0,0,2014-01-27,2026-07-23,0,,,
OPER_MARGIN,005930,2014-01-02,3141,3141,1.0,0,0,2014-01-27,2026-07-23,0,,,
OPER_MARGIN,UNH,2014-01-02,3141,3141,1.0,0,0,2014-01-27,2026-07-23,0,,,
OPER_MARGIN,LLY,2014-01-02,3141,3141,1.0,0,0,2014-01-27,2026-07-23,0,,,
OPER_MARGIN,ISRG,2014-01-02,3141,3141,1.0,0,0,2014-01-27,2026-07-23,0,,,
OPER_MARGIN,ABBV,2014-01-02,3141,3141,1.0,0,0,2014-01-27,2026-07-23,0,,,
OPER_MARGIN,REGN,2014-01-02,3141,3141,1.0,0,0,2014-01-27,2026-07-23,0,,,
OPER_MARGIN,JPM,2014-01-02,3141,3141,1.0,0,0,2014-01-27,2026-07-23,0,,,
OPER_MARGIN,V,2014-01-02,3141,3141,1.0,0,0,2014-01-27,2026-07-23,0,,,
OPER_MARGIN,MA,2014-01-02,3141,3141,1.0,0,0,2014-01-27,2026-07-23,0,,,
OPER_MARGIN,BLK,2014-01-02,3141,3141,1.0,0,0,2014-01-27,2026-07-23,0,,,
OPER_MARGIN,SPGI,2014-01-02,3141,3141,1.0,0,0,2014-01-27,2026-07-23,0,,,
OPER_MARGIN,GS,2014-01-02,3141,3141,1.0,0,0,2014-01-27,2026-07-23,0,,,
OPER_MARGIN,COST,2014-01-02,3141,3141,1.0,0,0,2014-01-27,2026-07-23,0,,,
OPER_MARGIN,HD,2014-01-02,3141,3141,1.0,0,0,2014-01-27,2026-07-23,0,,,
OPER_MARGIN,PG,2014-01-02,3141,3141,1.0,0,0,2014-01-27,2026-07-23,0,,,
OPER_MARGIN,MCD,2014-01-02,3141,3141,1.0,0,0,2014-01-27,2026-07-23,0,,,
OPER_MARGIN,WMT,2014-01-02,3141,3141,1.0,0,0,2014-01-27,2026-07-23,0,,,
OPER_MARGIN,CAT,2014-01-02,3141,3141,1.0,0,0,2014-01-27,2026-07-23,0,,,
OPER_MARGIN,HON,2014-01-02,3141,3141,1.0,0,0,2014-01-27,2026-07-23,0,,,
OPER_MARGIN,DE,2014-01-02,3141,3141,1.0,0,0,2014-01-27,2026-07-23,0,,,
OPER_MARGIN,UNP,2014-01-02,3141,3141,1.0,0,0,2014-01-27,2026-07-23,0,,,
OPER_MARGIN,LMT,2014-01-02,3141,3141,1.0,0,0,2014-01-27,2026-07-23,0,,,
OPER_MARGIN,ETN,2014-01-02,3141,3141,1.0,0,0,2014-01-27,2026-07-23,0,,,
OPER_MARGIN,XOM,2014-01-02,3141,3141,1.0,0,0,2014-01-27,2026-07-23,0,,,
OPER_MARGIN,LNG,2014-01-02,3141,3141,1.0,0,0,2014-01-27,2026-07-23,0,,,
OPER_MARGIN,FCX,2014-01-02,3141,3141,1.0,0,0,2014-01-27,2026-07-23,0,,,
OPER_MARGIN,LIN,2014-01-02,3141,3141,1.0,0,0,2014-01-27,2026-07-23,0,,,
OPER_MARGIN,NEE,2014-01-02,3141,3141,1.0,0,0,2014-01-27,2026-07-23,0,,,
OPER_MARGIN,AMT,2014-01-02,3141,3141,1.0,0,0,2014-01-27,2026-07-23,0,,,
OPER_MARGIN,EQIX,2014-01-02,3141,3141,1.0,0,0,2014-01-27,2026-07-23,0,,,
OPER_MARGIN,TMUS,2014-01-02,3141,3141,1.0,0,0,2014-01-27,2026-07-23,0,,,
OPER_MARGIN,PLD,2014-01-02,3141,3141,1.0,0,0,2014-01-27,2026-07-23,0,,,
OPER_MARGIN,AMD,2014-01-02,3141,3141,1.0,0,0,2014-01-27,2026-07-23,0,,,
OPER_MARGIN,CRM,2014-01-02,3141,3141,1.0,0,0,2014-01-27,2026-07-23,0,,,
OPER_MARGIN,NFLX,2014-01-02,3141,3141,1.0,0,0,2014-01-27,2026-07-23,0,,,
OPER_MARGIN,TER,2014-01-02,3141,3141,1.0,0,0,2014-01-27,2026-07-23,0,,,
OPER_MARGIN,GLW,2014-01-02,3141,3141,1.0,0,0,2014-01-27,2026-07-23,0,,,
OPER_MARGIN,JNJ,2014-01-02,3141,3141,1.0,0,0,2014-01-27,2026-07-23,0,,,
OPER_MARGIN,WFC,2014-01-02,3141,3141,1.0,0,0,2014-01-27,2026-07-23,0,,,
OPER_MARGIN,MPC,2014-01-02,3141,3141,1.0,0,0,2014-01-27,2026-07-23,0,,,
OPER_MARGIN,LRCX,2014-01-02,3141,3141,1.0,0,0,2014-01-27,2026-07-23,0,,,
OPER_MARGIN,AMAT,2014-01-02,3141,3141,1.0,0,0,2014-01-27,2026-07-23,0,,,
OPER_MARGIN,PANW,2014-01-02,3141,3141,1.0,0,0,2014-01-27,2026-07-23,0,,,
OPER_MARGIN,FN,2014-01-02,3141,3141,1.0,0,0,2014-01-27,2026-07-23,0,,,
OPER_MARGIN,MPWR,2014-01-02,3141,3141,1.0,0,0,2014-01-27,2026-07-23,0,,,
OPER_MARGIN,BAC,2014-01-02,3141,3141,1.0,0,0,2014-01-27,2026-07-23,0,,,
OPER_MARGIN,CSCO,2014-01-02,3141,3141,1.0,0,0,2014-01-27,2026-07-23,0,,,
OPER_MARGIN,INTC,2014-01-02,3141,3141,1.0,0,0,2014-01-27,2026-07-23,0,,,
OPER_MARGIN,ORCL,2014-01-02,3141,3141,1.0,0,0,2014-01-27,2026-07-23,0,,,
OPER_MARGIN,TSM,2014-01-02,3141,3141,1.0,0,0,2014-01-27,2026-07-23,0,,,
OPER_MARGIN,SNDK,2025-02-24,355,355,1.0,0,0,2025-02-24,2026-07-23,0,,,
OPER_MARGIN,KLAC,2014-01-02,3141,3141,1.0,0,0,2014-01-27,2026-07-23,0,,,
OPER_MARGIN,ANET,2014-06-06,3050,3050,1.0,0,0,2014-06-06,2026-07-23,0,,,
OPER_MARGIN,MRVL,2014-01-02,3141,3141,1.0,0,0,2014-01-27,2026-07-23,0,,,
OPER_MARGIN,CDNS,2014-01-02,3141,3141,1.0,0,0,2014-01-27,2026-07-23,0,,,
OPER_MARGIN,STX,2014-01-02,3141,3141,1.0,0,0,2014-01-27,2026-07-23,0,,,
OPER_MARGIN,PWR,2014-01-02,3141,3141,1.0,0,0,2014-01-27,2026-07-23,0,,,
OPER_MARGIN,BX,2014-01-02,3141,3141,1.0,0,0,2014-01-27,2026-07-23,0,,,
OPER_MARGIN,TMO,2014-01-02,3141,3141,1.0,0,0,2014-01-27,2026-07-23,0,,,
OPER_MARGIN,BSX,2014-01-02,3141,3141,1.0,0,0,2014-01-27,2026-07-23,0,,,
OPER_MARGIN,BKNG,2014-01-02,3141,3141,1.0,0,0,2014-01-27,2026-07-23,0,,,
OPER_MARGIN,PM,2014-01-02,3141,3141,1.0,0,0,2014-01-27,2026-07-23,0,,,
OPER_MARGIN,WMB,2014-01-02,3141,3141,1.0,0,0,2014-01-27,2026-07-23,0,,,
OPER_MARGIN,CEG,2022-02-02,1121,1121,1.0,0,0,2022-02-02,2026-07-23,0,,,
OPER_MARGIN,VST,2016-10-05,2462,2462,1.0,0,0,2016-10-05,2026-07-23,0,,,
OPER_MARGIN,DLR,2014-01-02,3141,3141,1.0,0,0,2014-01-27,2026-07-23,0,,,
OPER_MARGIN,ARM,2023-09-14,716,716,1.0,0,0,2023-09-14,2026-07-23,0,,,
OPER_MARGIN,SPOT,2018-04-03,2088,2088,1.0,0,0,2018-04-03,2026-07-23,0,,,
OPER_MARGIN,RACE,2015-10-21,2703,2703,1.0,0,0,2015-10-21,2026-07-23,0,,,
OPER_MARGIN,285A,2024-12-18,398,398,1.0,0,0,2024-12-18,2026-07-23,0,,,
OPER_MARGIN,6857,2014-01-07,3141,3141,1.0,0,0,2014-01-27,2026-07-23,0,,,
OPER_MARGIN,SU,2014-01-02,3141,3141,1.0,0,0,2014-01-27,2026-07-23,0,,,
OPER_MARGIN,SIE,2014-01-02,3141,3141,1.0,0,0,2014-01-27,2026-07-23,0,,,
OPER_MARGIN,RHM,2014-01-02,3141,3141,1.0,0,0,2014-01-27,2026-07-23,0,,,
OPER_MARGIN,ALV,2014-01-02,3141,3141,1.0,0,0,2014-01-27,2026-07-23,0,,,
OPER_MARGIN,MC,2014-01-02,3141,3141,1.0,0,0,2014-01-27,2026-07-23,0,,,
OPER_MARGIN,NESN,2014-01-02,3141,3141,1.0,0,0,2014-01-27,2026-07-23,0,,,
OPER_MARGIN,RR/,2014-01-02,3141,3141,1.0,0,0,2014-01-27,2026-07-23,0,,,
OPER_MARGIN,SAP,2014-01-02,3141,3141,1.0,0,0,2014-01-27,2026-07-23,0,,,
OPER_MARGIN,ASML,2014-01-02,3141,3141,1.0,0,0,2014-01-27,2026-07-23,0,,,
OPER_MARGIN,AZN,2014-01-02,3141,3141,1.0,0,0,2014-01-27,2026-07-23,0,,,
OPER_MARGIN,SHEL,2014-01-02,3141,3141,1.0,0,0,2014-01-27,2026-07-23,0,,,
OPER_MARGIN,HSBA,2014-01-02,3141,3141,1.0,0,0,2014-01-27,2026-07-23,0,,,
OPER_MARGIN,NOVOB,2014-01-02,3141,3141,1.0,0,0,2014-01-27,2026-07-23,0,,,
OPER_MARGIN,RIO,2014-01-02,3141,3141,1.0,0,0,2014-01-27,2026-07-23,0,,,
OPER_MARGIN,QCOM,2014-01-02,3141,3141,1.0,0,0,2014-01-27,2026-07-23,0,,,
OPER_MARGIN,TXN,2014-01-02,3141,3141,1.0,0,0,2014-01-27,2026-07-23,0,,,
OPER_MARGIN,ADBE,2014-01-02,3141,3141,1.0,0,0,2014-01-27,2026-07-23,0,,,
OPER_MARGIN,NOW,2014-01-02,3141,3141,1.0,0,0,2014-01-27,2026-07-23,0,,,
OPER_MARGIN,ACN,2014-01-02,3141,3141,1.0,0,0,2014-01-27,2026-07-23,0,,,
OPER_MARGIN,IBM,2014-01-02,3141,3141,1.0,0,0,2014-01-27,2026-07-23,0,,,
OPER_MARGIN,ADI,2014-01-02,3141,3141,1.0,0,0,2014-01-27,2026-07-23,0,,,
OPER_MARGIN,DELL,2018-12-28,1901,1901,1.0,0,0,2018-12-28,2026-07-23,0,,,
OPER_MARGIN,8035,2014-01-07,3141,3141,1.0,0,0,2014-01-27,2026-07-23,0,,,
OPER_MARGIN,IFX,2014-01-02,3141,3141,1.0,0,0,2014-01-27,2026-07-23,0,,,
OPER_MARGIN,MS,2014-01-02,3141,3141,1.0,0,0,2014-01-27,2026-07-23,0,,,
OPER_MARGIN,SCHW,2014-01-02,3141,3141,1.0,0,0,2014-01-27,2026-07-23,0,,,
OPER_MARGIN,AXP,2014-01-02,3141,3141,1.0,0,0,2014-01-27,2026-07-23,0,,,
OPER_MARGIN,PGR,2014-01-02,3141,3141,1.0,0,0,2014-01-27,2026-07-23,0,,,
OPER_MARGIN,AON,2014-01-02,3141,3141,1.0,0,0,2014-01-27,2026-07-23,0,,,
OPER_MARGIN,CME,2014-01-02,3141,3141,1.0,0,0,2014-01-27,2026-07-23,0,,,
OPER_MARGIN,KKR,2014-01-02,3141,3141,1.0,0,0,2014-01-27,2026-07-23,0,,,
OPER_MARGIN,BN,2022-12-12,905,905,1.0,0,0,2022-12-12,2026-07-23,0,,,
OPER_MARGIN,C,2014-01-02,3141,3141,1.0,0,0,2014-01-27,2026-07-23,0,,,
OPER_MARGIN,LSEG,2014-01-02,3141,3141,1.0,0,0,2014-01-27,2026-07-23,0,,,
OPER_MARGIN,ZURN,2014-01-02,3141,3141,1.0,0,0,2014-01-27,2026-07-23,0,,,
OPER_MARGIN,CS,2014-01-02,3141,3141,1.0,0,0,2014-01-27,2026-07-23,0,,,
OPER_MARGIN,8306,2014-01-07,3141,3141,1.0,0,0,2014-01-27,2026-07-23,0,,,
OPER_MARGIN,DIS,2014-01-02,3141,3141,1.0,0,0,2014-01-27,2026-07-23,0,,,
OPER_MARGIN,CMCSA,2014-01-02,3141,3141,1.0,0,0,2014-01-27,2026-07-23,0,,,
OPER_MARGIN,VZ,2014-01-02,3141,3141,1.0,0,0,2014-01-27,2026-07-23,0,,,
OPER_MARGIN,T,2014-01-02,3141,3141,1.0,0,0,2014-01-27,2026-07-23,0,,,
OPER_MARGIN,TTWO,2014-01-02,3141,3141,1.0,0,0,2014-01-27,2026-07-23,0,,,
OPER_MARGIN,PUB,2014-01-02,3141,3141,1.0,0,0,2014-01-27,2026-07-23,0,,,
OPER_MARGIN,7974,2014-01-07,3141,3141,1.0,0,0,2014-01-27,2026-07-23,0,,,
OPER_MARGIN,DTE,2014-01-02,3141,3141,1.0,0,0,2014-01-27,2026-07-23,0,,,
OPER_MARGIN,UMG,2021-09-21,1214,1214,1.0,0,0,2021-09-21,2026-07-23,0,,,
OPER_MARGIN,LOW,2014-01-02,3141,3141,1.0,0,0,2014-01-27,2026-07-23,0,,,
OPER_MARGIN,TJX,2014-01-02,3141,3141,1.0,0,0,2014-01-27,2026-07-23,0,,,
OPER_MARGIN,SBUX,2014-01-02,3141,3141,1.0,0,0,2014-01-27,2026-07-23,0,,,
OPER_MARGIN,ABNB,2020-12-10,1409,1409,1.0,0,0,2020-12-10,2026-07-23,0,,,
OPER_MARGIN,7203,2014-01-07,3141,3141,1.0,0,0,2014-01-27,2026-07-23,0,,,
OPER_MARGIN,ITX,2014-01-02,3141,3141,1.0,0,0,2014-01-27,2026-07-23,0,,,
OPER_MARGIN,ABT,2014-01-02,3141,3141,1.0,0,0,2014-01-27,2026-07-23,0,,,
OPER_MARGIN,DHR,2014-01-02,3141,3141,1.0,0,0,2014-01-27,2026-07-23,0,,,
OPER_MARGIN,VRTX,2014-01-02,3141,3141,1.0,0,0,2014-01-27,2026-07-23,0,,,
OPER_MARGIN,SAN,2014-01-02,3141,3141,1.0,0,0,2014-01-27,2026-07-23,0,,,
OPER_MARGIN,GE,2024-04-02,579,579,1.0,0,0,2024-04-02,2026-07-23,0,,,
OPER_MARGIN,TT,2020-03-02,1607,1607,1.0,0,0,2020-03-02,2026-07-23,0,,,
OPER_MARGIN,ABBN,2014-01-02,3141,3141,1.0,0,0,2014-01-27,2026-07-23,0,,,
OPER_MARGIN,KO,2014-01-02,3141,3141,1.0,0,0,2014-01-27,2026-07-23,0,,,
OPER_MARGIN,ULVR,2014-01-02,3141,3141,1.0,0,0,2014-01-27,2026-07-23,0,,,
OPER_MARGIN,ECL,2014-01-02,3141,3141,1.0,0,0,2014-01-27,2026-07-23,0,,,
OPER_MARGIN,AI,2014-01-02,3141,3141,1.0,0,0,2014-01-27,2026-07-23,0,,,
OPER_MARGIN,IBE,2014-01-02,3141,3141,1.0,0,0,2014-01-27,2026-07-23,0,,,
OPER_MARGIN,INTU,2014-01-02,3141,3141,1.0,0,0,2014-01-27,2026-07-23,0,,,
OPER_MARGIN,SNPS,2014-01-02,3141,3141,1.0,0,0,2014-01-27,2026-07-23,0,,,
OPER_MARGIN,APH,2014-01-02,3141,3141,1.0,0,0,2014-01-27,2026-07-23,0,,,
OPER_MARGIN,MSI,2014-01-02,3141,3141,1.0,0,0,2014-01-27,2026-07-23,0,,,
OPER_MARGIN,CRWD,2019-06-12,1788,1788,1.0,0,0,2019-06-12,2026-07-23,0,,,
OPER_MARGIN,NXPI,2014-01-02,3141,3141,1.0,0,0,2014-01-27,2026-07-23,0,,,
OPER_MARGIN,KEYS,2014-10-21,2955,2955,1.0,0,0,2014-10-21,2026-07-23,0,,,
OPER_MARGIN,ADSK,2014-01-02,3141,3141,1.0,0,0,2014-01-27,2026-07-23,0,,,
OPER_MARGIN,WDAY,2014-01-02,3141,3141,1.0,0,0,2014-01-27,2026-07-23,0,,,
OPER_MARGIN,WDC,2025-02-24,355,355,1.0,0,0,2025-02-24,2026-07-23,0,,,
OPER_MARGIN,DDOG,2019-09-19,1719,1719,1.0,0,0,2019-09-19,2026-07-23,0,,,
OPER_MARGIN,FTNT,2014-01-02,3141,3141,1.0,0,0,2014-01-27,2026-07-23,0,,,
OPER_MARGIN,DSY,2014-01-02,3141,3141,1.0,0,0,2014-01-27,2026-07-23,0,,,
OPER_MARGIN,6146,2014-01-07,3141,3141,1.0,0,0,2014-01-27,2026-07-23,0,,,
OPER_MARGIN,6981,2014-01-07,3141,3141,1.0,0,0,2014-01-27,2026-07-23,0,,,
OPER_MARGIN,BRK/B,2014-01-02,3141,3141,1.0,0,0,2014-01-27,2026-07-23,0,,,
OPER_MARGIN,CB,2014-01-02,3141,3141,1.0,0,0,2014-01-27,2026-07-23,0,,,
OPER_MARGIN,ICE,2014-01-02,3141,3141,1.0,0,0,2014-01-27,2026-07-23,0,,,
OPER_MARGIN,MCO,2014-01-02,3141,3141,1.0,0,0,2014-01-27,2026-07-23,0,,,
OPER_MARGIN,PYPL,2015-07-07,2778,2778,1.0,0,0,2015-07-07,2026-07-23,0,,,
OPER_MARGIN,COF,2025-05-19,296,296,1.0,0,0,2025-05-19,2026-07-23,0,,,
OPER_MARGIN,BNP,2014-01-02,3141,3141,1.0,0,0,2014-01-27,2026-07-23,0,,,
OPER_MARGIN,MUV2,2014-01-02,3141,3141,1.0,0,0,2014-01-27,2026-07-23,0,,,
OPER_MARGIN,RTX,2014-01-02,3141,3141,1.0,0,0,2014-01-27,2026-07-23,0,,,
OPER_MARGIN,EMR,2014-01-02,3141,3141,1.0,0,0,2014-01-27,2026-07-23,0,,,
OPER_MARGIN,AXON,2014-01-02,3141,3141,1.0,0,0,2014-01-27,2026-07-23,0,,,
OPER_MARGIN,UBER,2019-05-10,1810,1810,1.0,0,0,2019-05-10,2026-07-23,0,,,
OPER_MARGIN,AIR,2014-01-02,3141,3141,1.0,0,0,2014-01-27,2026-07-23,0,,,
OPER_MARGIN,SAF,2014-01-02,3141,3141,1.0,0,0,2014-01-27,2026-07-23,0,,,
OPER_MARGIN,MRK,2014-01-02,3141,3141,1.0,0,0,2014-01-27,2026-07-23,0,,,
OPER_MARGIN,AMGN,2014-01-02,3141,3141,1.0,0,0,2014-01-27,2026-07-23,0,,,
OPER_MARGIN,SYK,2014-01-02,3141,3141,1.0,0,0,2014-01-27,2026-07-23,0,,,
OPER_MARGIN,MCK,2014-01-02,3141,3141,1.0,0,0,2014-01-27,2026-07-23,0,,,
OPER_MARGIN,NOVN,2014-01-02,3141,3141,1.0,0,0,2014-01-27,2026-07-23,0,,,
OPER_MARGIN,NKE,2014-01-02,3141,3141,1.0,0,0,2014-01-27,2026-07-23,0,,,
OPER_MARGIN,ORLY,2014-01-02,3141,3141,1.0,0,0,2014-01-27,2026-07-23,0,,,
OPER_MARGIN,DASH,2020-12-09,1410,1410,1.0,0,0,2020-12-09,2026-07-23,0,,,
OPER_MARGIN,CFR,2014-01-02,3141,3141,1.0,0,0,2014-01-27,2026-07-23,0,,,
OPER_MARGIN,TTD,2016-09-21,2472,2472,1.0,0,0,2016-09-21,2026-07-23,0,,,
OPER_MARGIN,RBLX,2021-03-10,1349,1349,1.0,0,0,2021-03-10,2026-07-23,0,,,
OPER_MARGIN,9432,2014-01-07,3141,3141,1.0,0,0,2014-01-27,2026-07-23,0,,,
OPER_MARGIN,9433,2014-01-07,3141,3141,1.0,0,0,2014-01-27,2026-07-23,0,,,
OPER_MARGIN,PEP,2014-01-02,3141,3141,1.0,0,0,2014-01-27,2026-07-23,0,,,
OPER_MARGIN,MDLZ,2014-01-02,3141,3141,1.0,0,0,2014-01-27,2026-07-23,0,,,
OPER_MARGIN,OR,2014-01-02,3141,3141,1.0,0,0,2014-01-27,2026-07-23,0,,,
OPER_MARGIN,CVX,2014-01-02,3141,3141,1.0,0,0,2014-01-27,2026-07-23,0,,,
OPER_MARGIN,TTE,2014-01-02,3141,3141,1.0,0,0,2014-01-27,2026-07-23,0,,,
OPER_MARGIN,NEM,2014-01-02,3141,3141,1.0,0,0,2014-01-27,2026-07-23,0,,,
OPER_MARGIN,SHW,2014-01-02,3141,3141,1.0,0,0,2014-01-27,2026-07-23,0,,,
OPER_MARGIN,SO,2014-01-02,3141,3141,1.0,0,0,2014-01-27,2026-07-23,0,,,
BEST_CAPEX,AAPL,2014-01-02,3157,3157,1.0,0,0,2014-01-02,2026-07-23,0,,,
BEST_CAPEX,MSFT,2014-01-02,3157,3157,1.0,0,0,2014-01-02,2026-07-23,0,,,
BEST_CAPEX,GOOGL,2014-01-02,3157,3157,1.0,0,0,2014-01-02,2026-07-23,0,,,
BEST_CAPEX,AMZN,2014-01-02,3157,3157,1.0,0,0,2014-01-02,2026-07-23,0,,,
BEST_CAPEX,META,2014-01-02,3157,3157,1.0,0,0,2014-01-02,2026-07-23,0,,,
BEST_CAPEX,NVDA,2014-01-02,3157,3157,1.0,0,0,2014-01-02,2026-07-23,0,,,
BEST_CAPEX,TSLA,2014-01-02,3157,3157,1.0,0,0,2014-01-02,2026-07-23,0,,,
BEST_CAPEX,PLTR,2020-09-30,1459,1459,1.0,0,0,2020-09-30,2026-07-23,0,,,
BEST_CAPEX,AVGO,2014-01-02,3157,3157,1.0,0,0,2014-01-02,2026-07-23,0,,,
BEST_CAPEX,MU,2014-01-02,3157,3157,1.0,0,0,2014-01-02,2026-07-23,0,,,
BEST_CAPEX,GEV,2024-04-02,579,579,1.0,0,0,2024-04-02,2026-07-23,0,,,
BEST_CAPEX,VRT,2018-08-01,2004,2004,1.0,0,0,2018-08-01,2026-07-23,0,,,
BEST_CAPEX,BE,2018-07-25,2009,2009,1.0,0,0,2018-07-25,2026-07-23,0,,,
BEST_CAPEX,LITE,2015-07-27,2764,2764,1.0,0,0,2015-07-27,2026-07-23,0,,,
BEST_CAPEX,000660,2014-01-02,3157,3157,1.0,0,0,2014-01-02,2026-07-23,0,,,
BEST_CAPEX,005930,2014-01-02,3157,3157,1.0,0,0,2014-01-02,2026-07-23,0,,,
BEST_CAPEX,UNH,2014-01-02,3157,3157,1.0,0,0,2014-01-02,2026-07-23,0,,,
BEST_CAPEX,LLY,2014-01-02,3157,3157,1.0,0,0,2014-01-02,2026-07-23,0,,,
BEST_CAPEX,ISRG,2014-01-02,3157,3157,1.0,0,0,2014-01-02,2026-07-23,0,,,
BEST_CAPEX,ABBV,2014-01-02,3157,3157,1.0,0,0,2014-01-02,2026-07-23,0,,,
BEST_CAPEX,REGN,2014-01-02,3157,3157,1.0,0,0,2014-01-02,2026-07-23,0,,,
BEST_CAPEX,V,2014-01-02,3157,3157,1.0,0,0,2014-01-02,2026-07-23,0,,,
BEST_CAPEX,MA,2014-01-02,3157,3157,1.0,0,0,2014-01-02,2026-07-23,0,,,
BEST_CAPEX,BLK,2014-01-02,3157,3157,1.0,0,0,2014-01-02,2026-07-23,0,,,
BEST_CAPEX,SPGI,2014-01-02,3157,3157,1.0,0,0,2014-01-02,2026-07-23,0,,,
BEST_CAPEX,COST,2014-01-02,3157,3157,1.0,0,0,2014-01-02,2026-07-23,0,,,
BEST_CAPEX,HD,2014-01-02,3157,3157,1.0,0,0,2014-01-02,2026-07-23,0,,,
BEST_CAPEX,PG,2014-01-02,3157,3157,1.0,0,0,2014-01-02,2026-07-23,0,,,
BEST_CAPEX,MCD,2014-01-02,3157,3157,1.0,0,0,2014-01-02,2026-07-23,0,,,
BEST_CAPEX,WMT,2014-01-02,3157,3157,1.0,0,0,2014-01-02,2026-07-23,0,,,
BEST_CAPEX,CAT,2014-01-02,3157,3157,1.0,0,0,2014-01-02,2026-07-23,0,,,
BEST_CAPEX,HON,2014-01-02,3157,3157,1.0,0,0,2014-01-02,2026-07-23,0,,,
BEST_CAPEX,DE,2014-01-02,3157,3157,1.0,0,0,2014-01-02,2026-07-23,0,,,
BEST_CAPEX,UNP,2014-01-02,3157,3157,1.0,0,0,2014-01-02,2026-07-23,0,,,
BEST_CAPEX,LMT,2014-01-02,3157,3157,1.0,0,0,2014-01-02,2026-07-23,0,,,
BEST_CAPEX,ETN,2014-01-02,3157,3157,1.0,0,0,2014-01-02,2026-07-23,0,,,
BEST_CAPEX,XOM,2014-01-02,3157,3157,1.0,0,0,2014-01-02,2026-07-23,0,,,
BEST_CAPEX,LNG,2014-01-02,3157,3157,1.0,0,0,2014-01-02,2026-07-23,0,,,
BEST_CAPEX,FCX,2014-01-02,3157,3157,1.0,0,0,2014-01-02,2026-07-23,0,,,
BEST_CAPEX,LIN,2014-01-02,3157,3157,1.0,0,0,2014-01-02,2026-07-23,0,,,
BEST_CAPEX,NEE,2014-01-02,3157,3157,1.0,0,0,2014-01-02,2026-07-23,0,,,
BEST_CAPEX,AMT,2014-01-02,3157,3157,1.0,0,0,2014-01-02,2026-07-23,0,,,
BEST_CAPEX,EQIX,2014-01-02,3157,3157,1.0,0,0,2014-01-02,2026-07-23,0,,,
BEST_CAPEX,TMUS,2014-01-02,3157,3157,1.0,0,0,2014-01-02,2026-07-23,0,,,
BEST_CAPEX,PLD,2014-01-02,3157,3157,1.0,0,0,2014-01-02,2026-07-23,0,,,
BEST_CAPEX,AMD,2014-01-02,3157,3157,1.0,0,0,2014-01-02,2026-07-23,0,,,
BEST_CAPEX,CRM,2014-01-02,3157,3157,1.0,0,0,2014-01-02,2026-07-23,0,,,
BEST_CAPEX,NFLX,2014-01-02,3157,3157,1.0,0,0,2014-01-02,2026-07-23,0,,,
BEST_CAPEX,TER,2014-01-02,3157,3157,1.0,0,0,2014-01-02,2026-07-23,0,,,
BEST_CAPEX,GLW,2014-01-02,3157,3157,1.0,0,0,2014-01-02,2026-07-23,0,,,
BEST_CAPEX,JNJ,2014-01-02,3157,3157,1.0,0,0,2014-01-02,2026-07-23,0,,,
BEST_CAPEX,MPC,2014-01-02,3157,3157,1.0,0,0,2014-01-02,2026-07-23,0,,,
BEST_CAPEX,LRCX,2014-01-02,3157,3157,1.0,0,0,2014-01-02,2026-07-23,0,,,
BEST_CAPEX,AMAT,2014-01-02,3157,3157,1.0,0,0,2014-01-02,2026-07-23,0,,,
BEST_CAPEX,PANW,2014-01-02,3157,3157,1.0,0,0,2014-01-02,2026-07-23,0,,,
BEST_CAPEX,FN,2014-01-02,3157,3157,1.0,0,0,2014-01-02,2026-07-23,0,,,
BEST_CAPEX,MPWR,2014-01-02,3157,3157,1.0,0,0,2014-01-02,2026-07-23,0,,,
BEST_CAPEX,CSCO,2014-01-02,3157,3157,1.0,0,0,2014-01-02,2026-07-23,0,,,
BEST_CAPEX,INTC,2014-01-02,3157,3157,1.0,0,0,2014-01-02,2026-07-23,0,,,
BEST_CAPEX,ORCL,2014-01-02,3157,3157,1.0,0,0,2014-01-02,2026-07-23,0,,,
BEST_CAPEX,TSM,2014-01-02,3157,3157,1.0,0,0,2014-01-02,2026-07-23,0,,,
BEST_CAPEX,SNDK,2025-02-24,355,355,1.0,0,0,2025-02-24,2026-07-23,0,,,
BEST_CAPEX,KLAC,2014-01-02,3157,3157,1.0,0,0,2014-01-02,2026-07-23,0,,,
BEST_CAPEX,ANET,2014-06-06,3050,3050,1.0,0,0,2014-06-06,2026-07-23,0,,,
BEST_CAPEX,MRVL,2014-01-02,3157,3157,1.0,0,0,2014-01-02,2026-07-23,0,,,
BEST_CAPEX,CDNS,2014-01-02,3157,3157,1.0,0,0,2014-01-02,2026-07-23,0,,,
BEST_CAPEX,STX,2014-01-02,3157,3157,1.0,0,0,2014-01-02,2026-07-23,0,,,
BEST_CAPEX,PWR,2014-01-02,3157,3157,1.0,0,0,2014-01-02,2026-07-23,0,,,
BEST_CAPEX,BX,2014-01-02,3157,3157,1.0,0,0,2014-01-02,2026-07-23,0,,,
BEST_CAPEX,TMO,2014-01-02,3157,3157,1.0,0,0,2014-01-02,2026-07-23,0,,,
BEST_CAPEX,BSX,2014-01-02,3157,3157,1.0,0,0,2014-01-02,2026-07-23,0,,,
BEST_CAPEX,BKNG,2014-01-02,3157,3157,1.0,0,0,2014-01-02,2026-07-23,0,,,
BEST_CAPEX,PM,2014-01-02,3157,3157,1.0,0,0,2014-01-02,2026-07-23,0,,,
BEST_CAPEX,WMB,2014-01-02,3157,3157,1.0,0,0,2014-01-02,2026-07-23,0,,,
BEST_CAPEX,CEG,2022-02-02,1121,1121,1.0,0,0,2022-02-02,2026-07-23,0,,,
BEST_CAPEX,VST,2016-10-05,2462,2462,1.0,0,0,2016-10-05,2026-07-23,0,,,
BEST_CAPEX,DLR,2014-01-02,3157,3157,1.0,0,0,2014-01-02,2026-07-23,0,,,
BEST_CAPEX,ARM,2023-09-14,716,716,1.0,0,0,2023-09-14,2026-07-23,0,,,
BEST_CAPEX,SPOT,2018-04-03,2088,2088,1.0,0,0,2018-04-03,2026-07-23,0,,,
BEST_CAPEX,RACE,2015-10-21,2703,2703,1.0,0,0,2015-10-21,2026-07-23,0,,,
BEST_CAPEX,285A,2024-12-18,398,398,1.0,0,0,2024-12-18,2026-07-23,0,,,
BEST_CAPEX,6857,2014-01-07,3154,3154,1.0,0,0,2014-01-07,2026-07-23,0,,,
BEST_CAPEX,SU,2014-01-02,3157,3157,1.0,0,0,2014-01-02,2026-07-23,0,,,
BEST_CAPEX,SIE,2014-01-02,3157,3157,1.0,0,0,2014-01-02,2026-07-23,0,,,
BEST_CAPEX,RHM,2014-01-02,3157,3157,1.0,0,0,2014-01-02,2026-07-23,0,,,
BEST_CAPEX,ALV,2014-01-02,3157,3157,1.0,0,0,2014-01-02,2026-07-23,0,,,
BEST_CAPEX,MC,2014-01-02,3157,3157,1.0,0,0,2014-01-02,2026-07-23,0,,,
BEST_CAPEX,NESN,2014-01-02,3157,3157,1.0,0,0,2014-01-02,2026-07-23,0,,,
BEST_CAPEX,RR/,2014-01-02,3157,3157,1.0,0,0,2014-01-02,2026-07-23,0,,,
BEST_CAPEX,SAP,2014-01-02,3157,3157,1.0,0,0,2014-01-02,2026-07-23,0,,,
BEST_CAPEX,ASML,2014-01-02,3157,3157,1.0,0,0,2014-01-02,2026-07-23,0,,,
BEST_CAPEX,AZN,2014-01-02,3157,3157,1.0,0,0,2014-01-02,2026-07-23,0,,,
BEST_CAPEX,SHEL,2014-01-02,3157,3157,1.0,0,0,2014-01-02,2026-07-23,0,,,
BEST_CAPEX,NOVOB,2014-01-02,3157,3157,1.0,0,0,2014-01-02,2026-07-23,0,,,
BEST_CAPEX,RIO,2014-01-02,3157,3157,1.0,0,0,2014-01-02,2026-07-23,0,,,
BEST_CAPEX,QCOM,2014-01-02,3157,3157,1.0,0,0,2014-01-02,2026-07-23,0,,,
BEST_CAPEX,TXN,2014-01-02,3157,3157,1.0,0,0,2014-01-02,2026-07-23,0,,,
BEST_CAPEX,ADBE,2014-01-02,3157,3157,1.0,0,0,2014-01-02,2026-07-23,0,,,
BEST_CAPEX,NOW,2014-01-02,3157,3157,1.0,0,0,2014-01-02,2026-07-23,0,,,
BEST_CAPEX,ACN,2014-01-02,3157,3157,1.0,0,0,2014-01-02,2026-07-23,0,,,
BEST_CAPEX,IBM,2014-01-02,3157,3157,1.0,0,0,2014-01-02,2026-07-23,0,,,
BEST_CAPEX,ADI,2014-01-02,3157,3157,1.0,0,0,2014-01-02,2026-07-23,0,,,
BEST_CAPEX,DELL,2018-12-28,1901,1901,1.0,0,0,2018-12-28,2026-07-23,0,,,
BEST_CAPEX,8035,2014-01-07,3154,3154,1.0,0,0,2014-01-07,2026-07-23,0,,,
BEST_CAPEX,IFX,2014-01-02,3157,3157,1.0,0,0,2014-01-02,2026-07-23,0,,,
BEST_CAPEX,MS,2014-01-02,3157,3157,1.0,0,0,2014-01-02,2026-07-23,0,,,
BEST_CAPEX,SCHW,2014-01-02,3157,3157,1.0,0,0,2014-01-02,2026-07-23,0,,,
BEST_CAPEX,AXP,2014-01-02,3157,3157,1.0,0,0,2014-01-02,2026-07-23,0,,,
BEST_CAPEX,PGR,2014-01-02,3157,3157,1.0,0,0,2014-01-02,2026-07-23,0,,,
BEST_CAPEX,AON,2014-01-02,3157,3157,1.0,0,0,2014-01-02,2026-07-23,0,,,
BEST_CAPEX,CME,2014-01-02,3157,3157,1.0,0,0,2014-01-02,2026-07-23,0,,,
BEST_CAPEX,KKR,2014-01-02,3157,3157,1.0,0,0,2014-01-02,2026-07-23,0,,,
BEST_CAPEX,BN,2022-12-12,905,905,1.0,0,0,2022-12-12,2026-07-23,0,,,
BEST_CAPEX,C,2014-01-02,3157,3157,1.0,0,0,2014-01-02,2026-07-23,0,,,
BEST_CAPEX,LSEG,2014-01-02,3157,3157,1.0,0,0,2014-01-02,2026-07-23,0,,,
BEST_CAPEX,CS,2014-01-02,3157,3157,1.0,0,0,2014-01-02,2026-07-23,0,,,
BEST_CAPEX,DIS,2014-01-02,3157,3157,1.0,0,0,2014-01-02,2026-07-23,0,,,
BEST_CAPEX,CMCSA,2014-01-02,3157,3157,1.0,0,0,2014-01-02,2026-07-23,0,,,
BEST_CAPEX,VZ,2014-01-02,3157,3157,1.0,0,0,2014-01-02,2026-07-23,0,,,
BEST_CAPEX,T,2014-01-02,3157,3157,1.0,0,0,2014-01-02,2026-07-23,0,,,
BEST_CAPEX,TTWO,2014-01-02,3157,3157,1.0,0,0,2014-01-02,2026-07-23,0,,,
BEST_CAPEX,PUB,2014-01-02,3157,3157,1.0,0,0,2014-01-02,2026-07-23,0,,,
BEST_CAPEX,7974,2014-01-07,3154,3154,1.0,0,0,2014-01-07,2026-07-23,0,,,
BEST_CAPEX,DTE,2014-01-02,3157,3157,1.0,0,0,2014-01-02,2026-07-23,0,,,
BEST_CAPEX,UMG,2021-09-21,1214,1214,1.0,0,0,2021-09-21,2026-07-23,0,,,
BEST_CAPEX,LOW,2014-01-02,3157,3157,1.0,0,0,2014-01-02,2026-07-23,0,,,
BEST_CAPEX,TJX,2014-01-02,3157,3157,1.0,0,0,2014-01-02,2026-07-23,0,,,
BEST_CAPEX,SBUX,2014-01-02,3157,3157,1.0,0,0,2014-01-02,2026-07-23,0,,,
BEST_CAPEX,ABNB,2020-12-10,1409,1409,1.0,0,0,2020-12-10,2026-07-23,0,,,
BEST_CAPEX,7203,2014-01-07,3154,3154,1.0,0,0,2014-01-07,2026-07-23,0,,,
BEST_CAPEX,ITX,2014-01-02,3157,3157,1.0,0,0,2014-01-02,2026-07-23,0,,,
BEST_CAPEX,ABT,2014-01-02,3157,3157,1.0,0,0,2014-01-02,2026-07-23,0,,,
BEST_CAPEX,DHR,2014-01-02,3157,3157,1.0,0,0,2014-01-02,2026-07-23,0,,,
BEST_CAPEX,VRTX,2014-01-02,3157,3157,1.0,0,0,2014-01-02,2026-07-23,0,,,
BEST_CAPEX,SAN,2014-01-02,3157,3157,1.0,0,0,2014-01-02,2026-07-23,0,,,
BEST_CAPEX,GE,2024-04-02,579,579,1.0,0,0,2024-04-02,2026-07-23,0,,,
BEST_CAPEX,TT,2020-03-02,1607,1607,1.0,0,0,2020-03-02,2026-07-23,0,,,
BEST_CAPEX,ABBN,2014-01-02,3157,3157,1.0,0,0,2014-01-02,2026-07-23,0,,,
BEST_CAPEX,KO,2014-01-02,3157,3157,1.0,0,0,2014-01-02,2026-07-23,0,,,
BEST_CAPEX,ULVR,2014-01-02,3157,3157,1.0,0,0,2014-01-02,2026-07-23,0,,,
BEST_CAPEX,ECL,2014-01-02,3157,3157,1.0,0,0,2014-01-02,2026-07-23,0,,,
BEST_CAPEX,AI,2014-01-02,3157,3157,1.0,0,0,2014-01-02,2026-07-23,0,,,
BEST_CAPEX,IBE,2014-01-02,3157,3157,1.0,0,0,2014-01-02,2026-07-23,0,,,
BEST_CAPEX,INTU,2014-01-02,3157,3157,1.0,0,0,2014-01-02,2026-07-23,0,,,
BEST_CAPEX,SNPS,2014-01-02,3157,3157,1.0,0,0,2014-01-02,2026-07-23,0,,,
BEST_CAPEX,APH,2014-01-02,3157,3157,1.0,0,0,2014-01-02,2026-07-23,0,,,
BEST_CAPEX,MSI,2014-01-02,3157,3157,1.0,0,0,2014-01-02,2026-07-23,0,,,
BEST_CAPEX,CRWD,2019-06-12,1788,1788,1.0,0,0,2019-06-12,2026-07-23,0,,,
BEST_CAPEX,NXPI,2014-01-02,3157,3157,1.0,0,0,2014-01-02,2026-07-23,0,,,
BEST_CAPEX,KEYS,2014-10-21,2955,2955,1.0,0,0,2014-10-21,2026-07-23,0,,,
BEST_CAPEX,ADSK,2014-01-02,3157,3157,1.0,0,0,2014-01-02,2026-07-23,0,,,
BEST_CAPEX,WDAY,2014-01-02,3157,3157,1.0,0,0,2014-01-02,2026-07-23,0,,,
BEST_CAPEX,WDC,2025-02-24,355,355,1.0,0,0,2025-02-24,2026-07-23,0,,,
BEST_CAPEX,DDOG,2019-09-19,1719,1719,1.0,0,0,2019-09-19,2026-07-23,0,,,
BEST_CAPEX,FTNT,2014-01-02,3157,3157,1.0,0,0,2014-01-02,2026-07-23,0,,,
BEST_CAPEX,DSY,2014-01-02,3157,3157,1.0,0,0,2014-01-02,2026-07-23,0,,,
BEST_CAPEX,6146,2014-01-07,3154,3154,1.0,0,0,2014-01-07,2026-07-23,0,,,
BEST_CAPEX,6981,2014-01-07,3154,3154,1.0,0,0,2014-01-07,2026-07-23,0,,,
BEST_CAPEX,BRK/B,2014-01-02,3157,3157,1.0,0,0,2014-01-02,2026-07-23,0,,,
BEST_CAPEX,ICE,2014-01-02,3157,3157,1.0,0,0,2014-01-02,2026-07-23,0,,,
BEST_CAPEX,MCO,2014-01-02,3157,3157,1.0,0,0,2014-01-02,2026-07-23,0,,,
BEST_CAPEX,PYPL,2015-07-07,2778,2778,1.0,0,0,2015-07-07,2026-07-23,0,,,
BEST_CAPEX,BNP,2014-01-02,3157,3157,1.0,0,0,2014-01-02,2026-07-23,0,,,
BEST_CAPEX,MUV2,2014-01-02,3157,3157,1.0,0,0,2014-01-02,2026-07-23,0,,,
BEST_CAPEX,RTX,2014-01-02,3157,3157,1.0,0,0,2014-01-02,2026-07-23,0,,,
BEST_CAPEX,EMR,2014-01-02,3157,3157,1.0,0,0,2014-01-02,2026-07-23,0,,,
BEST_CAPEX,AXON,2014-01-02,3157,3157,1.0,0,0,2014-01-02,2026-07-23,0,,,
BEST_CAPEX,UBER,2019-05-10,1810,1810,1.0,0,0,2019-05-10,2026-07-23,0,,,
BEST_CAPEX,AIR,2014-01-02,3157,3157,1.0,0,0,2014-01-02,2026-07-23,0,,,
BEST_CAPEX,SAF,2014-01-02,3157,3157,1.0,0,0,2014-01-02,2026-07-23,0,,,
BEST_CAPEX,MRK,2014-01-02,3157,3157,1.0,0,0,2014-01-02,2026-07-23,0,,,
BEST_CAPEX,AMGN,2014-01-02,3157,3157,1.0,0,0,2014-01-02,2026-07-23,0,,,
BEST_CAPEX,SYK,2014-01-02,3157,3157,1.0,0,0,2014-01-02,2026-07-23,0,,,
BEST_CAPEX,MCK,2014-01-02,3157,3157,1.0,0,0,2014-01-02,2026-07-23,0,,,
BEST_CAPEX,NOVN,2014-01-02,3157,3157,1.0,0,0,2014-01-02,2026-07-23,0,,,
BEST_CAPEX,NKE,2014-01-02,3157,3157,1.0,0,0,2014-01-02,2026-07-23,0,,,
BEST_CAPEX,ORLY,2014-01-02,3157,3157,1.0,0,0,2014-01-02,2026-07-23,0,,,
BEST_CAPEX,DASH,2020-12-09,1410,1410,1.0,0,0,2020-12-09,2026-07-23,0,,,
BEST_CAPEX,CFR,2014-01-02,3157,3157,1.0,0,0,2014-01-02,2026-07-23,0,,,
BEST_CAPEX,TTD,2016-09-21,2472,2472,1.0,0,0,2016-09-21,2026-07-23,0,,,
BEST_CAPEX,RBLX,2021-03-10,1349,1349,1.0,0,0,2021-03-10,2026-07-23,0,,,
BEST_CAPEX,9432,2014-01-07,3154,3154,1.0,0,0,2014-01-07,2026-07-23,0,,,
BEST_CAPEX,9433,2014-01-07,3154,3154,1.0,0,0,2014-01-07,2026-07-23,0,,,
BEST_CAPEX,PEP,2014-01-02,3157,3157,1.0,0,0,2014-01-02,2026-07-23,0,,,
BEST_CAPEX,MDLZ,2014-01-02,3157,3157,1.0,0,0,2014-01-02,2026-07-23,0,,,
BEST_CAPEX,OR,2014-01-02,3157,3157,1.0,0,0,2014-01-02,2026-07-23,0,,,
BEST_CAPEX,CVX,2014-01-02,3157,3157,1.0,0,0,2014-01-02,2026-07-23,0,,,
BEST_CAPEX,TTE,2014-01-02,3157,3157,1.0,0,0,2014-01-02,2026-07-23,0,,,
BEST_CAPEX,NEM,2014-01-02,3157,3157,1.0,0,0,2014-01-02,2026-07-23,0,,,
BEST_CAPEX,SHW,2014-01-02,3157,3157,1.0,0,0,2014-01-02,2026-07-23,0,,,
BEST_CAPEX,SO,2014-01-02,3157,3157,1.0,0,0,2014-01-02,2026-07-23,0,,,
BEST_ROE,AAPL,2014-01-02,3157,3157,1.0,0,0,2014-01-02,2026-07-23,0,,,
BEST_ROE,MSFT,2014-01-02,3157,3157,1.0,0,0,2014-01-02,2026-07-23,0,,,
BEST_ROE,GOOGL,2014-01-02,3157,3157,1.0,0,0,2014-01-02,2026-07-23,0,,,
BEST_ROE,AMZN,2014-01-02,3157,3157,1.0,0,0,2014-01-02,2026-07-23,0,,,
BEST_ROE,META,2014-01-02,3157,3157,1.0,0,0,2014-01-02,2026-07-23,0,,,
BEST_ROE,NVDA,2014-01-02,3157,3157,1.0,0,0,2014-01-02,2026-07-23,0,,,
BEST_ROE,TSLA,2014-01-02,3157,3157,1.0,0,0,2014-01-02,2026-07-23,0,,,
BEST_ROE,PLTR,2020-09-30,1459,1459,1.0,0,0,2020-09-30,2026-07-23,0,,,
BEST_ROE,AVGO,2014-01-02,3157,3157,1.0,0,0,2014-01-02,2026-07-23,0,,,
BEST_ROE,MU,2014-01-02,3157,3157,1.0,0,0,2014-01-02,2026-07-23,0,,,
BEST_ROE,GEV,2024-04-02,579,579,1.0,0,0,2024-04-02,2026-07-23,0,,,
BEST_ROE,VRT,2018-08-01,2004,2004,1.0,0,0,2018-08-01,2026-07-23,0,,,
BEST_ROE,BE,2018-07-25,2009,2009,1.0,0,0,2018-07-25,2026-07-23,0,,,
BEST_ROE,LITE,2015-07-27,2764,2764,1.0,0,0,2015-07-27,2026-07-23,0,,,
BEST_ROE,000660,2014-01-02,3157,3157,1.0,0,0,2014-01-02,2026-07-23,0,,,
BEST_ROE,005930,2014-01-02,3157,3157,1.0,0,0,2014-01-02,2026-07-23,0,,,
BEST_ROE,UNH,2014-01-02,3157,3157,1.0,0,0,2014-01-02,2026-07-23,0,,,
BEST_ROE,LLY,2014-01-02,3157,3157,1.0,0,0,2014-01-02,2026-07-23,0,,,
BEST_ROE,ISRG,2014-01-02,3157,3157,1.0,0,0,2014-01-02,2026-07-23,0,,,
BEST_ROE,ABBV,2014-01-02,3157,3157,1.0,0,0,2014-01-02,2026-07-23,0,,,
BEST_ROE,REGN,2014-01-02,3157,3157,1.0,0,0,2014-01-02,2026-07-23,0,,,
BEST_ROE,JPM,2014-01-02,3157,3157,1.0,0,0,2014-01-02,2026-07-23,0,,,
BEST_ROE,V,2014-01-02,3157,3157,1.0,0,0,2014-01-02,2026-07-23,0,,,
BEST_ROE,MA,2014-01-02,3157,3157,1.0,0,0,2014-01-02,2026-07-23,0,,,
BEST_ROE,BLK,2014-01-02,3157,3157,1.0,0,0,2014-01-02,2026-07-23,0,,,
BEST_ROE,SPGI,2014-01-02,3157,3157,1.0,0,0,2014-01-02,2026-07-23,0,,,
BEST_ROE,GS,2014-01-02,3157,3157,1.0,0,0,2014-01-02,2026-07-23,0,,,
BEST_ROE,COST,2014-01-02,3157,3157,1.0,0,0,2014-01-02,2026-07-23,0,,,
BEST_ROE,HD,2014-01-02,3157,3157,1.0,0,0,2014-01-02,2026-07-23,0,,,
BEST_ROE,PG,2014-01-02,3157,3157,1.0,0,0,2014-01-02,2026-07-23,0,,,
BEST_ROE,MCD,2014-01-02,3157,3157,1.0,0,0,2014-01-02,2026-07-23,0,,,
BEST_ROE,WMT,2014-01-02,3157,3157,1.0,0,0,2014-01-02,2026-07-23,0,,,
BEST_ROE,CAT,2014-01-02,3157,3157,1.0,0,0,2014-01-02,2026-07-23,0,,,
BEST_ROE,HON,2014-01-02,3157,3157,1.0,0,0,2014-01-02,2026-07-23,0,,,
BEST_ROE,DE,2014-01-02,3157,3157,1.0,0,0,2014-01-02,2026-07-23,0,,,
BEST_ROE,UNP,2014-01-02,3157,3157,1.0,0,0,2014-01-02,2026-07-23,0,,,
BEST_ROE,LMT,2014-01-02,3157,3157,1.0,0,0,2014-01-02,2026-07-23,0,,,
BEST_ROE,ETN,2014-01-02,3157,3157,1.0,0,0,2014-01-02,2026-07-23,0,,,
BEST_ROE,XOM,2014-01-02,3157,3157,1.0,0,0,2014-01-02,2026-07-23,0,,,
BEST_ROE,LNG,2014-01-02,3157,3157,1.0,0,0,2014-01-02,2026-07-23,0,,,
BEST_ROE,FCX,2014-01-02,3157,3157,1.0,0,0,2014-01-02,2026-07-23,0,,,
BEST_ROE,LIN,2014-01-02,3157,3157,1.0,0,0,2014-01-02,2026-07-23,0,,,
BEST_ROE,NEE,2014-01-02,3157,3157,1.0,0,0,2014-01-02,2026-07-23,0,,,
BEST_ROE,AMT,2014-01-02,3157,3157,1.0,0,0,2014-01-02,2026-07-23,0,,,
BEST_ROE,EQIX,2014-01-02,3157,3157,1.0,0,0,2014-01-02,2026-07-23,0,,,
BEST_ROE,TMUS,2014-01-02,3157,3157,1.0,0,0,2014-01-02,2026-07-23,0,,,
BEST_ROE,PLD,2014-01-02,3157,3157,1.0,0,0,2014-01-02,2026-07-23,0,,,
BEST_ROE,AMD,2014-01-02,3157,3157,1.0,0,0,2014-01-02,2026-07-23,0,,,
BEST_ROE,CRM,2014-01-02,3157,3157,1.0,0,0,2014-01-02,2026-07-23,0,,,
BEST_ROE,NFLX,2014-01-02,3157,3157,1.0,0,0,2014-01-02,2026-07-23,0,,,
BEST_ROE,TER,2014-01-02,3157,3157,1.0,0,0,2014-01-02,2026-07-23,0,,,
BEST_ROE,GLW,2014-01-02,3157,3157,1.0,0,0,2014-01-02,2026-07-23,0,,,
BEST_ROE,JNJ,2014-01-02,3157,3157,1.0,0,0,2014-01-02,2026-07-23,0,,,
BEST_ROE,WFC,2014-01-02,3157,3157,1.0,0,0,2014-01-02,2026-07-23,0,,,
BEST_ROE,MPC,2014-01-02,3157,3157,1.0,0,0,2014-01-02,2026-07-23,0,,,
BEST_ROE,LRCX,2014-01-02,3157,3157,1.0,0,0,2014-01-02,2026-07-23,0,,,
BEST_ROE,AMAT,2014-01-02,3157,3157,1.0,0,0,2014-01-02,2026-07-23,0,,,
BEST_ROE,PANW,2014-01-02,3157,3157,1.0,0,0,2014-01-02,2026-07-23,0,,,
BEST_ROE,FN,2014-01-02,3157,3157,1.0,0,0,2014-01-02,2026-07-23,0,,,
BEST_ROE,MPWR,2014-01-02,3157,3157,1.0,0,0,2014-01-02,2026-07-23,0,,,
BEST_ROE,BAC,2014-01-02,3157,3157,1.0,0,0,2014-01-02,2026-07-23,0,,,
BEST_ROE,CSCO,2014-01-02,3157,3157,1.0,0,0,2014-01-02,2026-07-23,0,,,
BEST_ROE,INTC,2014-01-02,3157,3157,1.0,0,0,2014-01-02,2026-07-23,0,,,
BEST_ROE,ORCL,2014-01-02,3157,3157,1.0,0,0,2014-01-02,2026-07-23,0,,,
BEST_ROE,TSM,2014-01-02,3157,3157,1.0,0,0,2014-01-02,2026-07-23,0,,,
BEST_ROE,SNDK,2025-02-24,355,355,1.0,0,0,2025-02-24,2026-07-23,0,,,
BEST_ROE,KLAC,2014-01-02,3157,3157,1.0,0,0,2014-01-02,2026-07-23,0,,,
BEST_ROE,ANET,2014-06-06,3050,3050,1.0,0,0,2014-06-06,2026-07-23,0,,,
BEST_ROE,MRVL,2014-01-02,3157,3157,1.0,0,0,2014-01-02,2026-07-23,0,,,
BEST_ROE,CDNS,2014-01-02,3157,3157,1.0,0,0,2014-01-02,2026-07-23,0,,,
BEST_ROE,STX,2014-01-02,3157,3157,1.0,0,0,2014-01-02,2026-07-23,0,,,
BEST_ROE,PWR,2014-01-02,3157,3157,1.0,0,0,2014-01-02,2026-07-23,0,,,
BEST_ROE,BX,2014-01-02,3157,3157,1.0,0,0,2014-01-02,2026-07-23,0,,,
BEST_ROE,TMO,2014-01-02,3157,3157,1.0,0,0,2014-01-02,2026-07-23,0,,,
BEST_ROE,BSX,2014-01-02,3157,3157,1.0,0,0,2014-01-02,2026-07-23,0,,,
BEST_ROE,BKNG,2014-01-02,3157,3157,1.0,0,0,2014-01-02,2026-07-23,0,,,
BEST_ROE,PM,2014-01-02,3157,3157,1.0,0,0,2014-01-02,2026-07-23,0,,,
BEST_ROE,WMB,2014-01-02,3157,3157,1.0,0,0,2014-01-02,2026-07-23,0,,,
BEST_ROE,CEG,2022-02-02,1121,1121,1.0,0,0,2022-02-02,2026-07-23,0,,,
BEST_ROE,VST,2016-10-05,2462,2462,1.0,0,0,2016-10-05,2026-07-23,0,,,
BEST_ROE,DLR,2014-01-02,3157,3157,1.0,0,0,2014-01-02,2026-07-23,0,,,
BEST_ROE,ARM,2023-09-14,716,716,1.0,0,0,2023-09-14,2026-07-23,0,,,
BEST_ROE,SPOT,2018-04-03,2088,2088,1.0,0,0,2018-04-03,2026-07-23,0,,,
BEST_ROE,RACE,2015-10-21,2703,2703,1.0,0,0,2015-10-21,2026-07-23,0,,,
BEST_ROE,285A,2024-12-18,398,398,1.0,0,0,2024-12-18,2026-07-23,0,,,
BEST_ROE,6857,2014-01-07,3154,3154,1.0,0,0,2014-01-07,2026-07-23,0,,,
BEST_ROE,SU,2014-01-02,3157,3157,1.0,0,0,2014-01-02,2026-07-23,0,,,
BEST_ROE,SIE,2014-01-02,3157,3157,1.0,0,0,2014-01-02,2026-07-23,0,,,
BEST_ROE,RHM,2014-01-02,3157,3157,1.0,0,0,2014-01-02,2026-07-23,0,,,
BEST_ROE,ALV,2014-01-02,3157,3157,1.0,0,0,2014-01-02,2026-07-23,0,,,
BEST_ROE,MC,2014-01-02,3157,3157,1.0,0,0,2014-01-02,2026-07-23,0,,,
BEST_ROE,NESN,2014-01-02,3157,3157,1.0,0,0,2014-01-02,2026-07-23,0,,,
BEST_ROE,RR/,2014-01-02,3157,3157,1.0,0,0,2014-01-02,2026-07-23,0,,,
BEST_ROE,SAP,2014-01-02,3157,3157,1.0,0,0,2014-01-02,2026-07-23,0,,,
BEST_ROE,ASML,2014-01-02,3157,3157,1.0,0,0,2014-01-02,2026-07-23,0,,,
BEST_ROE,AZN,2014-01-02,3157,3157,1.0,0,0,2014-01-02,2026-07-23,0,,,
BEST_ROE,SHEL,2014-01-02,3157,3157,1.0,0,0,2014-01-02,2026-07-23,0,,,
BEST_ROE,HSBA,2014-01-02,3157,3157,1.0,0,0,2014-01-02,2026-07-23,0,,,
BEST_ROE,NOVOB,2014-01-02,3157,3157,1.0,0,0,2014-01-02,2026-07-23,0,,,
BEST_ROE,RIO,2014-01-02,3157,3157,1.0,0,0,2014-01-02,2026-07-23,0,,,
BEST_ROE,QCOM,2014-01-02,3157,3157,1.0,0,0,2014-01-02,2026-07-23,0,,,
BEST_ROE,TXN,2014-01-02,3157,3157,1.0,0,0,2014-01-02,2026-07-23,0,,,
BEST_ROE,ADBE,2014-01-02,3157,3157,1.0,0,0,2014-01-02,2026-07-23,0,,,
BEST_ROE,NOW,2014-01-02,3157,3157,1.0,0,0,2014-01-02,2026-07-23,0,,,
BEST_ROE,ACN,2014-01-02,3157,3157,1.0,0,0,2014-01-02,2026-07-23,0,,,
BEST_ROE,IBM,2014-01-02,3157,3157,1.0,0,0,2014-01-02,2026-07-23,0,,,
BEST_ROE,ADI,2014-01-02,3157,3157,1.0,0,0,2014-01-02,2026-07-23,0,,,
BEST_ROE,DELL,2018-12-28,1901,1901,1.0,0,0,2018-12-28,2026-07-23,0,,,
BEST_ROE,8035,2014-01-07,3154,3154,1.0,0,0,2014-01-07,2026-07-23,0,,,
BEST_ROE,IFX,2014-01-02,3157,3157,1.0,0,0,2014-01-02,2026-07-23,0,,,
BEST_ROE,MS,2014-01-02,3157,3157,1.0,0,0,2014-01-02,2026-07-23,0,,,
BEST_ROE,SCHW,2014-01-02,3157,3157,1.0,0,0,2014-01-02,2026-07-23,0,,,
BEST_ROE,AXP,2014-01-02,3157,3157,1.0,0,0,2014-01-02,2026-07-23,0,,,
BEST_ROE,PGR,2014-01-02,3157,3157,1.0,0,0,2014-01-02,2026-07-23,0,,,
BEST_ROE,AON,2014-01-02,3157,3157,1.0,0,0,2014-01-02,2026-07-23,0,,,
BEST_ROE,CME,2014-01-02,3157,3157,1.0,0,0,2014-01-02,2026-07-23,0,,,
BEST_ROE,KKR,2014-01-02,3157,3157,1.0,0,0,2014-01-02,2026-07-23,0,,,
BEST_ROE,BN,2022-12-12,905,905,1.0,0,0,2022-12-12,2026-07-23,0,,,
BEST_ROE,C,2014-01-02,3157,3157,1.0,0,0,2014-01-02,2026-07-23,0,,,
BEST_ROE,LSEG,2014-01-02,3157,3157,1.0,0,0,2014-01-02,2026-07-23,0,,,
BEST_ROE,ZURN,2014-01-02,3157,3157,1.0,0,0,2014-01-02,2026-07-23,0,,,
BEST_ROE,CS,2014-01-02,3157,3157,1.0,0,0,2014-01-02,2026-07-23,0,,,
BEST_ROE,8306,2014-01-07,3154,3154,1.0,0,0,2014-01-07,2026-07-23,0,,,
BEST_ROE,DIS,2014-01-02,3157,3157,1.0,0,0,2014-01-02,2026-07-23,0,,,
BEST_ROE,CMCSA,2014-01-02,3157,3157,1.0,0,0,2014-01-02,2026-07-23,0,,,
BEST_ROE,VZ,2014-01-02,3157,3157,1.0,0,0,2014-01-02,2026-07-23,0,,,
BEST_ROE,T,2014-01-02,3157,3157,1.0,0,0,2014-01-02,2026-07-23,0,,,
BEST_ROE,TTWO,2014-01-02,3157,3157,1.0,0,0,2014-01-02,2026-07-23,0,,,
BEST_ROE,PUB,2014-01-02,3157,3157,1.0,0,0,2014-01-02,2026-07-23,0,,,
BEST_ROE,7974,2014-01-07,3154,3154,1.0,0,0,2014-01-07,2026-07-23,0,,,
BEST_ROE,DTE,2014-01-02,3157,3157,1.0,0,0,2014-01-02,2026-07-23,0,,,
BEST_ROE,UMG,2021-09-21,1214,1214,1.0,0,0,2021-09-21,2026-07-23,0,,,
BEST_ROE,LOW,2014-01-02,3157,3157,1.0,0,0,2014-01-02,2026-07-23,0,,,
BEST_ROE,TJX,2014-01-02,3157,3157,1.0,0,0,2014-01-02,2026-07-23,0,,,
BEST_ROE,SBUX,2014-01-02,3157,3157,1.0,0,0,2014-01-02,2026-07-23,0,,,
BEST_ROE,ABNB,2020-12-10,1409,1409,1.0,0,0,2020-12-10,2026-07-23,0,,,
BEST_ROE,7203,2014-01-07,3154,3154,1.0,0,0,2014-01-07,2026-07-23,0,,,
BEST_ROE,ITX,2014-01-02,3157,3157,1.0,0,0,2014-01-02,2026-07-23,0,,,
BEST_ROE,ABT,2014-01-02,3157,3157,1.0,0,0,2014-01-02,2026-07-23,0,,,
BEST_ROE,DHR,2014-01-02,3157,3157,1.0,0,0,2014-01-02,2026-07-23,0,,,
BEST_ROE,VRTX,2014-01-02,3157,3157,1.0,0,0,2014-01-02,2026-07-23,0,,,
BEST_ROE,SAN,2014-01-02,3157,3157,1.0,0,0,2014-01-02,2026-07-23,0,,,
BEST_ROE,GE,2024-04-02,579,579,1.0,0,0,2024-04-02,2026-07-23,0,,,
BEST_ROE,TT,2020-03-02,1607,1607,1.0,0,0,2020-03-02,2026-07-23,0,,,
BEST_ROE,ABBN,2014-01-02,3157,3157,1.0,0,0,2014-01-02,2026-07-23,0,,,
BEST_ROE,KO,2014-01-02,3157,3157,1.0,0,0,2014-01-02,2026-07-23,0,,,
BEST_ROE,ULVR,2014-01-02,3157,3157,1.0,0,0,2014-01-02,2026-07-23,0,,,
BEST_ROE,ECL,2014-01-02,3157,3157,1.0,0,0,2014-01-02,2026-07-23,0,,,
BEST_ROE,AI,2014-01-02,3157,3157,1.0,0,0,2014-01-02,2026-07-23,0,,,
BEST_ROE,IBE,2014-01-02,3157,3157,1.0,0,0,2014-01-02,2026-07-23,0,,,
BEST_ROE,INTU,2014-01-02,3157,3157,1.0,0,0,2014-01-02,2026-07-23,0,,,
BEST_ROE,SNPS,2014-01-02,3157,3157,1.0,0,0,2014-01-02,2026-07-23,0,,,
BEST_ROE,APH,2014-01-02,3157,3157,1.0,0,0,2014-01-02,2026-07-23,0,,,
BEST_ROE,MSI,2014-01-02,3157,3157,1.0,0,0,2014-01-02,2026-07-23,0,,,
BEST_ROE,CRWD,2019-06-12,1788,1788,1.0,0,0,2019-06-12,2026-07-23,0,,,
BEST_ROE,NXPI,2014-01-02,3157,3157,1.0,0,0,2014-01-02,2026-07-23,0,,,
BEST_ROE,KEYS,2014-10-21,2955,2955,1.0,0,0,2014-10-21,2026-07-23,0,,,
BEST_ROE,ADSK,2014-01-02,3157,3157,1.0,0,0,2014-01-02,2026-07-23,0,,,
BEST_ROE,WDAY,2014-01-02,3157,3157,1.0,0,0,2014-01-02,2026-07-23,0,,,
BEST_ROE,WDC,2025-02-24,355,355,1.0,0,0,2025-02-24,2026-07-23,0,,,
BEST_ROE,DDOG,2019-09-19,1719,1719,1.0,0,0,2019-09-19,2026-07-23,0,,,
BEST_ROE,FTNT,2014-01-02,3157,3157,1.0,0,0,2014-01-02,2026-07-23,0,,,
BEST_ROE,DSY,2014-01-02,3157,3157,1.0,0,0,2014-01-02,2026-07-23,0,,,
BEST_ROE,6146,2014-01-07,3154,3154,1.0,0,0,2014-01-07,2026-07-23,0,,,
BEST_ROE,6981,2014-01-07,3154,3154,1.0,0,0,2014-01-07,2026-07-23,0,,,
BEST_ROE,BRK/B,2014-01-02,3157,3157,1.0,0,0,2014-01-02,2026-07-23,0,,,
BEST_ROE,CB,2014-01-02,3157,3157,1.0,0,0,2014-01-02,2026-07-23,0,,,
BEST_ROE,ICE,2014-01-02,3157,3157,1.0,0,0,2014-01-02,2026-07-23,0,,,
BEST_ROE,MCO,2014-01-02,3157,3157,1.0,0,0,2014-01-02,2026-07-23,0,,,
BEST_ROE,PYPL,2015-07-07,2778,2778,1.0,0,0,2015-07-07,2026-07-23,0,,,
BEST_ROE,COF,2025-05-19,296,296,1.0,0,0,2025-05-19,2026-07-23,0,,,
BEST_ROE,BNP,2014-01-02,3157,3157,1.0,0,0,2014-01-02,2026-07-23,0,,,
BEST_ROE,MUV2,2014-01-02,3157,3157,1.0,0,0,2014-01-02,2026-07-23,0,,,
BEST_ROE,RTX,2014-01-02,3157,3157,1.0,0,0,2014-01-02,2026-07-23,0,,,
BEST_ROE,EMR,2014-01-02,3157,3157,1.0,0,0,2014-01-02,2026-07-23,0,,,
BEST_ROE,AXON,2014-01-02,3157,3157,1.0,0,0,2014-01-02,2026-07-23,0,,,
BEST_ROE,UBER,2019-05-10,1810,1810,1.0,0,0,2019-05-10,2026-07-23,0,,,
BEST_ROE,AIR,2014-01-02,3157,3157,1.0,0,0,2014-01-02,2026-07-23,0,,,
BEST_ROE,SAF,2014-01-02,3157,3157,1.0,0,0,2014-01-02,2026-07-23,0,,,
BEST_ROE,MRK,2014-01-02,3157,3157,1.0,0,0,2014-01-02,2026-07-23,0,,,
BEST_ROE,AMGN,2014-01-02,3157,3157,1.0,0,0,2014-01-02,2026-07-23,0,,,
BEST_ROE,SYK,2014-01-02,3157,3157,1.0,0,0,2014-01-02,2026-07-23,0,,,
BEST_ROE,MCK,2014-01-02,3157,3157,1.0,0,0,2014-01-02,2026-07-23,0,,,
BEST_ROE,NOVN,2014-01-02,3157,3157,1.0,0,0,2014-01-02,2026-07-23,0,,,
BEST_ROE,NKE,2014-01-02,3157,3157,1.0,0,0,2014-01-02,2026-07-23,0,,,
BEST_ROE,ORLY,2014-01-02,3157,3157,1.0,0,0,2014-01-02,2026-07-23,0,,,
BEST_ROE,DASH,2020-12-09,1410,1410,1.0,0,0,2020-12-09,2026-07-23,0,,,
BEST_ROE,CFR,2014-01-02,3157,3157,1.0,0,0,2014-01-02,2026-07-23,0,,,
BEST_ROE,TTD,2016-09-21,2472,2472,1.0,0,0,2016-09-21,2026-07-23,0,,,
BEST_ROE,RBLX,2021-03-10,1349,1349,1.0,0,0,2021-03-10,2026-07-23,0,,,
BEST_ROE,9432,2014-01-07,3154,3154,1.0,0,0,2014-01-07,2026-07-23,0,,,
BEST_ROE,9433,2014-01-07,3154,3154,1.0,0,0,2014-01-07,2026-07-23,0,,,
BEST_ROE,PEP,2014-01-02,3157,3157,1.0,0,0,2014-01-02,2026-07-23,0,,,
BEST_ROE,MDLZ,2014-01-02,3157,3157,1.0,0,0,2014-01-02,2026-07-23,0,,,
BEST_ROE,OR,2014-01-02,3157,3157,1.0,0,0,2014-01-02,2026-07-23,0,,,
BEST_ROE,CVX,2014-01-02,3157,3157,1.0,0,0,2014-01-02,2026-07-23,0,,,
BEST_ROE,TTE,2014-01-02,3157,3157,1.0,0,0,2014-01-02,2026-07-23,0,,,
BEST_ROE,NEM,2014-01-02,3157,3157,1.0,0,0,2014-01-02,2026-07-23,0,,,
BEST_ROE,SHW,2014-01-02,3157,3157,1.0,0,0,2014-01-02,2026-07-23,0,,,
BEST_ROE,SO,2014-01-02,3157,3157,1.0,0,0,2014-01-02,2026-07-23,0,,,
BEST_PX_BPS_RATIO,AAPL,2014-01-02,3157,3157,1.0,0,0,2014-01-02,2026-07-23,0,,,
BEST_PX_BPS_RATIO,MSFT,2014-01-02,3157,3157,1.0,0,0,2014-01-02,2026-07-23,0,,,
BEST_PX_BPS_RATIO,GOOGL,2014-01-02,3157,3157,1.0,0,0,2014-01-02,2026-07-23,0,,,
BEST_PX_BPS_RATIO,AMZN,2014-01-02,3157,3157,1.0,0,0,2014-01-02,2026-07-23,0,,,
BEST_PX_BPS_RATIO,META,2014-01-02,3157,3157,1.0,0,0,2014-01-02,2026-07-23,0,,,
BEST_PX_BPS_RATIO,NVDA,2014-01-02,3157,3157,1.0,0,0,2014-01-02,2026-07-23,0,,,
BEST_PX_BPS_RATIO,TSLA,2014-01-02,3157,3157,1.0,0,0,2014-01-02,2026-07-23,0,,,
BEST_PX_BPS_RATIO,PLTR,2020-09-30,1459,1459,1.0,0,0,2020-09-30,2026-07-23,0,,,
BEST_PX_BPS_RATIO,AVGO,2014-01-02,3157,3157,1.0,0,0,2014-01-02,2026-07-23,0,,,
BEST_PX_BPS_RATIO,MU,2014-01-02,3157,3157,1.0,0,0,2014-01-02,2026-07-23,0,,,
BEST_PX_BPS_RATIO,GEV,2024-04-02,579,579,1.0,0,0,2024-04-02,2026-07-23,0,,,
BEST_PX_BPS_RATIO,VRT,2018-08-01,2004,2004,1.0,0,0,2018-08-01,2026-07-23,0,,,
BEST_PX_BPS_RATIO,BE,2018-07-25,2009,2009,1.0,0,0,2018-07-25,2026-07-23,0,,,
BEST_PX_BPS_RATIO,LITE,2015-07-27,2764,2764,1.0,0,0,2015-07-27,2026-07-23,0,,,
BEST_PX_BPS_RATIO,000660,2014-01-02,3157,3157,1.0,0,0,2014-01-02,2026-07-23,0,,,
BEST_PX_BPS_RATIO,005930,2014-01-02,3157,3157,1.0,0,0,2014-01-02,2026-07-23,0,,,
BEST_PX_BPS_RATIO,UNH,2014-01-02,3157,3157,1.0,0,0,2014-01-02,2026-07-23,0,,,
BEST_PX_BPS_RATIO,LLY,2014-01-02,3157,3157,1.0,0,0,2014-01-02,2026-07-23,0,,,
BEST_PX_BPS_RATIO,ISRG,2014-01-02,3157,3157,1.0,0,0,2014-01-02,2026-07-23,0,,,
BEST_PX_BPS_RATIO,ABBV,2014-01-02,3157,3157,1.0,0,0,2014-01-02,2026-07-23,0,,,
BEST_PX_BPS_RATIO,REGN,2014-01-02,3157,3157,1.0,0,0,2014-01-02,2026-07-23,0,,,
BEST_PX_BPS_RATIO,JPM,2014-01-02,3157,3157,1.0,0,0,2014-01-02,2026-07-23,0,,,
BEST_PX_BPS_RATIO,V,2014-01-02,3157,3157,1.0,0,0,2014-01-02,2026-07-23,0,,,
BEST_PX_BPS_RATIO,MA,2014-01-02,3157,3157,1.0,0,0,2014-01-02,2026-07-23,0,,,
BEST_PX_BPS_RATIO,BLK,2014-01-02,3157,3157,1.0,0,0,2014-01-02,2026-07-23,0,,,
BEST_PX_BPS_RATIO,SPGI,2014-01-02,3157,3157,1.0,0,0,2014-01-02,2026-07-23,0,,,
BEST_PX_BPS_RATIO,GS,2014-01-02,3157,3157,1.0,0,0,2014-01-02,2026-07-23,0,,,
BEST_PX_BPS_RATIO,COST,2014-01-02,3157,3157,1.0,0,0,2014-01-02,2026-07-23,0,,,
BEST_PX_BPS_RATIO,HD,2014-01-02,3157,3157,1.0,0,0,2014-01-02,2026-07-23,0,,,
BEST_PX_BPS_RATIO,PG,2014-01-02,3157,3157,1.0,0,0,2014-01-02,2026-07-23,0,,,
BEST_PX_BPS_RATIO,MCD,2014-01-02,3157,3157,1.0,0,0,2014-01-02,2026-07-23,0,,,
BEST_PX_BPS_RATIO,WMT,2014-01-02,3157,3157,1.0,0,0,2014-01-02,2026-07-23,0,,,
BEST_PX_BPS_RATIO,CAT,2014-01-02,3157,3157,1.0,0,0,2014-01-02,2026-07-23,0,,,
BEST_PX_BPS_RATIO,HON,2014-01-02,3157,3157,1.0,0,0,2014-01-02,2026-07-23,0,,,
BEST_PX_BPS_RATIO,DE,2014-01-02,3157,3157,1.0,0,0,2014-01-02,2026-07-23,0,,,
BEST_PX_BPS_RATIO,UNP,2014-01-02,3157,3157,1.0,0,0,2014-01-02,2026-07-23,0,,,
BEST_PX_BPS_RATIO,LMT,2014-01-02,3157,3157,1.0,0,0,2014-01-02,2026-07-23,0,,,
BEST_PX_BPS_RATIO,ETN,2014-01-02,3157,3157,1.0,0,0,2014-01-02,2026-07-23,0,,,
BEST_PX_BPS_RATIO,XOM,2014-01-02,3157,3157,1.0,0,0,2014-01-02,2026-07-23,0,,,
BEST_PX_BPS_RATIO,LNG,2014-01-02,3157,3157,1.0,0,0,2014-01-02,2026-07-23,0,,,
BEST_PX_BPS_RATIO,FCX,2014-01-02,3157,3157,1.0,0,0,2014-01-02,2026-07-23,0,,,
BEST_PX_BPS_RATIO,LIN,2014-01-02,3157,3157,1.0,0,0,2014-01-02,2026-07-23,0,,,
BEST_PX_BPS_RATIO,NEE,2014-01-02,3157,3157,1.0,0,0,2014-01-02,2026-07-23,0,,,
BEST_PX_BPS_RATIO,AMT,2014-01-02,3157,3157,1.0,0,0,2014-01-02,2026-07-23,0,,,
BEST_PX_BPS_RATIO,EQIX,2014-01-02,3157,3157,1.0,0,0,2014-01-02,2026-07-23,0,,,
BEST_PX_BPS_RATIO,TMUS,2014-01-02,3157,3157,1.0,0,0,2014-01-02,2026-07-23,0,,,
BEST_PX_BPS_RATIO,PLD,2014-01-02,3157,3157,1.0,0,0,2014-01-02,2026-07-23,0,,,
BEST_PX_BPS_RATIO,AMD,2014-01-02,3157,3157,1.0,0,0,2014-01-02,2026-07-23,0,,,
BEST_PX_BPS_RATIO,CRM,2014-01-02,3157,3157,1.0,0,0,2014-01-02,2026-07-23,0,,,
BEST_PX_BPS_RATIO,NFLX,2014-01-02,3157,3157,1.0,0,0,2014-01-02,2026-07-23,0,,,
BEST_PX_BPS_RATIO,TER,2014-01-02,3157,3157,1.0,0,0,2014-01-02,2026-07-23,0,,,
BEST_PX_BPS_RATIO,GLW,2014-01-02,3157,3157,1.0,0,0,2014-01-02,2026-07-23,0,,,
BEST_PX_BPS_RATIO,JNJ,2014-01-02,3157,3157,1.0,0,0,2014-01-02,2026-07-23,0,,,
BEST_PX_BPS_RATIO,WFC,2014-01-02,3157,3157,1.0,0,0,2014-01-02,2026-07-23,0,,,
BEST_PX_BPS_RATIO,MPC,2014-01-02,3157,3157,1.0,0,0,2014-01-02,2026-07-23,0,,,
BEST_PX_BPS_RATIO,LRCX,2014-01-02,3157,3157,1.0,0,0,2014-01-02,2026-07-23,0,,,
BEST_PX_BPS_RATIO,AMAT,2014-01-02,3157,3157,1.0,0,0,2014-01-02,2026-07-23,0,,,
BEST_PX_BPS_RATIO,PANW,2014-01-02,3157,3157,1.0,0,0,2014-01-02,2026-07-23,0,,,
BEST_PX_BPS_RATIO,FN,2014-01-02,3157,3157,1.0,0,0,2014-01-02,2026-07-23,0,,,
BEST_PX_BPS_RATIO,MPWR,2014-01-02,3157,3157,1.0,0,0,2014-01-02,2026-07-23,0,,,
BEST_PX_BPS_RATIO,BAC,2014-01-02,3157,3157,1.0,0,0,2014-01-02,2026-07-23,0,,,
BEST_PX_BPS_RATIO,CSCO,2014-01-02,3157,3157,1.0,0,0,2014-01-02,2026-07-23,0,,,
BEST_PX_BPS_RATIO,INTC,2014-01-02,3157,3157,1.0,0,0,2014-01-02,2026-07-23,0,,,
BEST_PX_BPS_RATIO,ORCL,2014-01-02,3157,3157,1.0,0,0,2014-01-02,2026-07-23,0,,,
BEST_PX_BPS_RATIO,TSM,2014-01-02,3157,3157,1.0,0,0,2014-01-02,2026-07-23,0,,,
BEST_PX_BPS_RATIO,SNDK,2025-02-24,355,355,1.0,0,0,2025-02-24,2026-07-23,0,,,
BEST_PX_BPS_RATIO,KLAC,2014-01-02,3157,3157,1.0,0,0,2014-01-02,2026-07-23,0,,,
BEST_PX_BPS_RATIO,ANET,2014-06-06,3050,3050,1.0,0,0,2014-06-06,2026-07-23,0,,,
BEST_PX_BPS_RATIO,MRVL,2014-01-02,3157,3157,1.0,0,0,2014-01-02,2026-07-23,0,,,
BEST_PX_BPS_RATIO,CDNS,2014-01-02,3157,3157,1.0,0,0,2014-01-02,2026-07-23,0,,,
BEST_PX_BPS_RATIO,STX,2014-01-02,3157,3157,1.0,0,0,2014-01-02,2026-07-23,0,,,
BEST_PX_BPS_RATIO,PWR,2014-01-02,3157,3157,1.0,0,0,2014-01-02,2026-07-23,0,,,
BEST_PX_BPS_RATIO,BX,2014-01-02,3157,3157,1.0,0,0,2014-01-02,2026-07-23,0,,,
BEST_PX_BPS_RATIO,TMO,2014-01-02,3157,3157,1.0,0,0,2014-01-02,2026-07-23,0,,,
BEST_PX_BPS_RATIO,BSX,2014-01-02,3157,3157,1.0,0,0,2014-01-02,2026-07-23,0,,,
BEST_PX_BPS_RATIO,BKNG,2014-01-02,3157,3157,1.0,0,0,2014-01-02,2026-07-23,0,,,
BEST_PX_BPS_RATIO,WMB,2014-01-02,3157,3157,1.0,0,0,2014-01-02,2026-07-23,0,,,
BEST_PX_BPS_RATIO,CEG,2022-02-02,1121,1121,1.0,0,0,2022-02-02,2026-07-23,0,,,
BEST_PX_BPS_RATIO,VST,2016-10-05,2462,2462,1.0,0,0,2016-10-05,2026-07-23,0,,,
BEST_PX_BPS_RATIO,DLR,2014-01-02,3157,3157,1.0,0,0,2014-01-02,2026-07-23,0,,,
BEST_PX_BPS_RATIO,ARM,2023-09-14,716,716,1.0,0,0,2023-09-14,2026-07-23,0,,,
BEST_PX_BPS_RATIO,SPOT,2018-04-03,2088,2088,1.0,0,0,2018-04-03,2026-07-23,0,,,
BEST_PX_BPS_RATIO,RACE,2015-10-21,2703,2703,1.0,0,0,2015-10-21,2026-07-23,0,,,
BEST_PX_BPS_RATIO,285A,2024-12-18,398,398,1.0,0,0,2024-12-18,2026-07-23,0,,,
BEST_PX_BPS_RATIO,6857,2014-01-07,3154,3154,1.0,0,0,2014-01-07,2026-07-23,0,,,
BEST_PX_BPS_RATIO,SU,2014-01-02,3157,3157,1.0,0,0,2014-01-02,2026-07-23,0,,,
BEST_PX_BPS_RATIO,SIE,2014-01-02,3157,3157,1.0,0,0,2014-01-02,2026-07-23,0,,,
BEST_PX_BPS_RATIO,RHM,2014-01-02,3157,3157,1.0,0,0,2014-01-02,2026-07-23,0,,,
BEST_PX_BPS_RATIO,ALV,2014-01-02,3157,3157,1.0,0,0,2014-01-02,2026-07-23,0,,,
BEST_PX_BPS_RATIO,MC,2014-01-02,3157,3157,1.0,0,0,2014-01-02,2026-07-23,0,,,
BEST_PX_BPS_RATIO,NESN,2014-01-02,3157,3157,1.0,0,0,2014-01-02,2026-07-23,0,,,
BEST_PX_BPS_RATIO,RR/,2014-01-02,3157,3157,1.0,0,0,2014-01-02,2026-07-23,0,,,
BEST_PX_BPS_RATIO,SAP,2014-01-02,3157,3157,1.0,0,0,2014-01-02,2026-07-23,0,,,
BEST_PX_BPS_RATIO,ASML,2014-01-02,3157,3157,1.0,0,0,2014-01-02,2026-07-23,0,,,
BEST_PX_BPS_RATIO,AZN,2014-01-02,3157,3157,1.0,0,0,2014-01-02,2026-07-23,0,,,
BEST_PX_BPS_RATIO,SHEL,2014-01-02,3157,3157,1.0,0,0,2014-01-02,2026-07-23,0,,,
BEST_PX_BPS_RATIO,HSBA,2014-01-02,3157,3157,1.0,0,0,2014-01-02,2026-07-23,0,,,
BEST_PX_BPS_RATIO,NOVOB,2014-01-02,3157,3157,1.0,0,0,2014-01-02,2026-07-23,0,,,
BEST_PX_BPS_RATIO,RIO,2014-01-02,3157,3157,1.0,0,0,2014-01-02,2026-07-23,0,,,
BEST_PX_BPS_RATIO,QCOM,2014-01-02,3157,3157,1.0,0,0,2014-01-02,2026-07-23,0,,,
BEST_PX_BPS_RATIO,TXN,2014-01-02,3157,3157,1.0,0,0,2014-01-02,2026-07-23,0,,,
BEST_PX_BPS_RATIO,ADBE,2014-01-02,3157,3157,1.0,0,0,2014-01-02,2026-07-23,0,,,
BEST_PX_BPS_RATIO,NOW,2014-01-02,3157,3157,1.0,0,0,2014-01-02,2026-07-23,0,,,
BEST_PX_BPS_RATIO,ACN,2014-01-02,3157,3157,1.0,0,0,2014-01-02,2026-07-23,0,,,
BEST_PX_BPS_RATIO,IBM,2014-01-02,3157,3157,1.0,0,0,2014-01-02,2026-07-23,0,,,
BEST_PX_BPS_RATIO,ADI,2014-01-02,3157,3157,1.0,0,0,2014-01-02,2026-07-23,0,,,
BEST_PX_BPS_RATIO,DELL,2018-12-28,1901,1901,1.0,0,0,2018-12-28,2026-07-23,0,,,
BEST_PX_BPS_RATIO,8035,2014-01-07,3154,3154,1.0,0,0,2014-01-07,2026-07-23,0,,,
BEST_PX_BPS_RATIO,IFX,2014-01-02,3157,3157,1.0,0,0,2014-01-02,2026-07-23,0,,,
BEST_PX_BPS_RATIO,MS,2014-01-02,3157,3157,1.0,0,0,2014-01-02,2026-07-23,0,,,
BEST_PX_BPS_RATIO,SCHW,2014-01-02,3157,3157,1.0,0,0,2014-01-02,2026-07-23,0,,,
BEST_PX_BPS_RATIO,AXP,2014-01-02,3157,3157,1.0,0,0,2014-01-02,2026-07-23,0,,,
BEST_PX_BPS_RATIO,PGR,2014-01-02,3157,3157,1.0,0,0,2014-01-02,2026-07-23,0,,,
BEST_PX_BPS_RATIO,AON,2014-01-02,3157,3157,1.0,0,0,2014-01-02,2026-07-23,0,,,
BEST_PX_BPS_RATIO,CME,2014-01-02,3157,3157,1.0,0,0,2014-01-02,2026-07-23,0,,,
BEST_PX_BPS_RATIO,KKR,2014-01-02,3157,3157,1.0,0,0,2014-01-02,2026-07-23,0,,,
BEST_PX_BPS_RATIO,BN,2022-12-12,905,905,1.0,0,0,2022-12-12,2026-07-23,0,,,
BEST_PX_BPS_RATIO,C,2014-01-02,3157,3157,1.0,0,0,2014-01-02,2026-07-23,0,,,
BEST_PX_BPS_RATIO,LSEG,2014-01-02,3157,3157,1.0,0,0,2014-01-02,2026-07-23,0,,,
BEST_PX_BPS_RATIO,ZURN,2014-01-02,3157,3157,1.0,0,0,2014-01-02,2026-07-23,0,,,
BEST_PX_BPS_RATIO,CS,2014-01-02,3157,3157,1.0,0,0,2014-01-02,2026-07-23,0,,,
BEST_PX_BPS_RATIO,8306,2014-01-07,3154,3154,1.0,0,0,2014-01-07,2026-07-23,0,,,
BEST_PX_BPS_RATIO,DIS,2014-01-02,3157,3157,1.0,0,0,2014-01-02,2026-07-23,0,,,
BEST_PX_BPS_RATIO,CMCSA,2014-01-02,3157,3157,1.0,0,0,2014-01-02,2026-07-23,0,,,
BEST_PX_BPS_RATIO,VZ,2014-01-02,3157,3157,1.0,0,0,2014-01-02,2026-07-23,0,,,
BEST_PX_BPS_RATIO,T,2014-01-02,3157,3157,1.0,0,0,2014-01-02,2026-07-23,0,,,
BEST_PX_BPS_RATIO,TTWO,2014-01-02,3157,3157,1.0,0,0,2014-01-02,2026-07-23,0,,,
BEST_PX_BPS_RATIO,PUB,2014-01-02,3157,3157,1.0,0,0,2014-01-02,2026-07-23,0,,,
BEST_PX_BPS_RATIO,7974,2014-01-07,3154,3154,1.0,0,0,2014-01-07,2026-07-23,0,,,
BEST_PX_BPS_RATIO,DTE,2014-01-02,3157,3157,1.0,0,0,2014-01-02,2026-07-23,0,,,
BEST_PX_BPS_RATIO,UMG,2021-09-21,1214,1214,1.0,0,0,2021-09-21,2026-07-23,0,,,
BEST_PX_BPS_RATIO,LOW,2014-01-02,3157,3157,1.0,0,0,2014-01-02,2026-07-23,0,,,
BEST_PX_BPS_RATIO,TJX,2014-01-02,3157,3157,1.0,0,0,2014-01-02,2026-07-23,0,,,
BEST_PX_BPS_RATIO,SBUX,2014-01-02,3157,3157,1.0,0,0,2014-01-02,2026-07-23,0,,,
BEST_PX_BPS_RATIO,ABNB,2020-12-10,1409,1409,1.0,0,0,2020-12-10,2026-07-23,0,,,
BEST_PX_BPS_RATIO,7203,2014-01-07,3154,3154,1.0,0,0,2014-01-07,2026-07-23,0,,,
BEST_PX_BPS_RATIO,ITX,2014-01-02,3157,3157,1.0,0,0,2014-01-02,2026-07-23,0,,,
BEST_PX_BPS_RATIO,ABT,2014-01-02,3157,3157,1.0,0,0,2014-01-02,2026-07-23,0,,,
BEST_PX_BPS_RATIO,DHR,2014-01-02,3157,3157,1.0,0,0,2014-01-02,2026-07-23,0,,,
BEST_PX_BPS_RATIO,VRTX,2014-01-02,3157,3157,1.0,0,0,2014-01-02,2026-07-23,0,,,
BEST_PX_BPS_RATIO,SAN,2014-01-02,3157,3157,1.0,0,0,2014-01-02,2026-07-23,0,,,
BEST_PX_BPS_RATIO,GE,2024-04-02,579,579,1.0,0,0,2024-04-02,2026-07-23,0,,,
BEST_PX_BPS_RATIO,TT,2020-03-02,1607,1607,1.0,0,0,2020-03-02,2026-07-23,0,,,
BEST_PX_BPS_RATIO,ABBN,2014-01-02,3157,3157,1.0,0,0,2014-01-02,2026-07-23,0,,,
BEST_PX_BPS_RATIO,KO,2014-01-02,3157,3157,1.0,0,0,2014-01-02,2026-07-23,0,,,
BEST_PX_BPS_RATIO,ULVR,2014-01-02,3157,3157,1.0,0,0,2014-01-02,2026-07-23,0,,,
BEST_PX_BPS_RATIO,ECL,2014-01-02,3157,3157,1.0,0,0,2014-01-02,2026-07-23,0,,,
BEST_PX_BPS_RATIO,AI,2014-01-02,3157,3157,1.0,0,0,2014-01-02,2026-07-23,0,,,
BEST_PX_BPS_RATIO,IBE,2014-01-02,3157,3157,1.0,0,0,2014-01-02,2026-07-23,0,,,
BEST_PX_BPS_RATIO,INTU,2014-01-02,3157,3157,1.0,0,0,2014-01-02,2026-07-23,0,,,
BEST_PX_BPS_RATIO,SNPS,2014-01-02,3157,3157,1.0,0,0,2014-01-02,2026-07-23,0,,,
BEST_PX_BPS_RATIO,APH,2014-01-02,3157,3157,1.0,0,0,2014-01-02,2026-07-23,0,,,
BEST_PX_BPS_RATIO,MSI,2014-01-02,3157,3157,1.0,0,0,2014-01-02,2026-07-23,0,,,
BEST_PX_BPS_RATIO,CRWD,2019-06-12,1788,1788,1.0,0,0,2019-06-12,2026-07-23,0,,,
BEST_PX_BPS_RATIO,NXPI,2014-01-02,3157,3157,1.0,0,0,2014-01-02,2026-07-23,0,,,
BEST_PX_BPS_RATIO,KEYS,2014-10-21,2955,2955,1.0,0,0,2014-10-21,2026-07-23,0,,,
BEST_PX_BPS_RATIO,ADSK,2014-01-02,3157,3157,1.0,0,0,2014-01-02,2026-07-23,0,,,
BEST_PX_BPS_RATIO,WDAY,2014-01-02,3157,3157,1.0,0,0,2014-01-02,2026-07-23,0,,,
BEST_PX_BPS_RATIO,WDC,2025-02-24,355,355,1.0,0,0,2025-02-24,2026-07-23,0,,,
BEST_PX_BPS_RATIO,DDOG,2019-09-19,1719,1719,1.0,0,0,2019-09-19,2026-07-23,0,,,
BEST_PX_BPS_RATIO,FTNT,2014-01-02,3157,3157,1.0,0,0,2014-01-02,2026-07-23,0,,,
BEST_PX_BPS_RATIO,DSY,2014-01-02,3157,3157,1.0,0,0,2014-01-02,2026-07-23,0,,,
BEST_PX_BPS_RATIO,6146,2014-01-07,3154,3154,1.0,0,0,2014-01-07,2026-07-23,0,,,
BEST_PX_BPS_RATIO,6981,2014-01-07,3154,3154,1.0,0,0,2014-01-07,2026-07-23,0,,,
BEST_PX_BPS_RATIO,BRK/B,2014-01-02,3157,3157,1.0,0,0,2014-01-02,2026-07-23,0,,,
BEST_PX_BPS_RATIO,CB,2014-01-02,3157,3157,1.0,0,0,2014-01-02,2026-07-23,0,,,
BEST_PX_BPS_RATIO,ICE,2014-01-02,3157,3157,1.0,0,0,2014-01-02,2026-07-23,0,,,
BEST_PX_BPS_RATIO,MCO,2014-01-02,3157,3157,1.0,0,0,2014-01-02,2026-07-23,0,,,
BEST_PX_BPS_RATIO,PYPL,2015-07-07,2778,2778,1.0,0,0,2015-07-07,2026-07-23,0,,,
BEST_PX_BPS_RATIO,COF,2025-05-19,296,296,1.0,0,0,2025-05-19,2026-07-23,0,,,
BEST_PX_BPS_RATIO,BNP,2014-01-02,3157,3157,1.0,0,0,2014-01-02,2026-07-23,0,,,
BEST_PX_BPS_RATIO,MUV2,2014-01-02,3157,3157,1.0,0,0,2014-01-02,2026-07-23,0,,,
BEST_PX_BPS_RATIO,RTX,2014-01-02,3157,3157,1.0,0,0,2014-01-02,2026-07-23,0,,,
BEST_PX_BPS_RATIO,EMR,2014-01-02,3157,3157,1.0,0,0,2014-01-02,2026-07-23,0,,,
BEST_PX_BPS_RATIO,AXON,2014-01-02,3157,3157,1.0,0,0,2014-01-02,2026-07-23,0,,,
BEST_PX_BPS_RATIO,UBER,2019-05-10,1810,1810,1.0,0,0,2019-05-10,2026-07-23,0,,,
BEST_PX_BPS_RATIO,AIR,2014-01-02,3157,3157,1.0,0,0,2014-01-02,2026-07-23,0,,,
BEST_PX_BPS_RATIO,SAF,2014-01-02,3157,3157,1.0,0,0,2014-01-02,2026-07-23,0,,,
BEST_PX_BPS_RATIO,MRK,2014-01-02,3157,3157,1.0,0,0,2014-01-02,2026-07-23,0,,,
BEST_PX_BPS_RATIO,AMGN,2014-01-02,3157,3157,1.0,0,0,2014-01-02,2026-07-23,0,,,
BEST_PX_BPS_RATIO,SYK,2014-01-02,3157,3157,1.0,0,0,2014-01-02,2026-07-23,0,,,
BEST_PX_BPS_RATIO,MCK,2014-01-02,3157,3157,1.0,0,0,2014-01-02,2026-07-23,0,,,
BEST_PX_BPS_RATIO,NOVN,2014-01-02,3157,3157,1.0,0,0,2014-01-02,2026-07-23,0,,,
BEST_PX_BPS_RATIO,NKE,2014-01-02,3157,3157,1.0,0,0,2014-01-02,2026-07-23,0,,,
BEST_PX_BPS_RATIO,ORLY,2014-01-02,3157,3157,1.0,0,0,2014-01-02,2026-07-23,0,,,
BEST_PX_BPS_RATIO,DASH,2020-12-09,1410,1410,1.0,0,0,2020-12-09,2026-07-23,0,,,
BEST_PX_BPS_RATIO,CFR,2014-01-02,3157,3157,1.0,0,0,2014-01-02,2026-07-23,0,,,
BEST_PX_BPS_RATIO,TTD,2016-09-21,2472,2472,1.0,0,0,2016-09-21,2026-07-23,0,,,
BEST_PX_BPS_RATIO,RBLX,2021-03-10,1349,1349,1.0,0,0,2021-03-10,2026-07-23,0,,,
BEST_PX_BPS_RATIO,9432,2014-01-07,3154,3154,1.0,0,0,2014-01-07,2026-07-23,0,,,
BEST_PX_BPS_RATIO,9433,2014-01-07,3154,3154,1.0,0,0,2014-01-07,2026-07-23,0,,,
BEST_PX_BPS_RATIO,PEP,2014-01-02,3157,3157,1.0,0,0,2014-01-02,2026-07-23,0,,,
BEST_PX_BPS_RATIO,MDLZ,2014-01-02,3157,3157,1.0,0,0,2014-01-02,2026-07-23,0,,,
BEST_PX_BPS_RATIO,OR,2014-01-02,3157,3157,1.0,0,0,2014-01-02,2026-07-23,0,,,
BEST_PX_BPS_RATIO,CVX,2014-01-02,3157,3157,1.0,0,0,2014-01-02,2026-07-23,0,,,
BEST_PX_BPS_RATIO,TTE,2014-01-02,3157,3157,1.0,0,0,2014-01-02,2026-07-23,0,,,
BEST_PX_BPS_RATIO,NEM,2014-01-02,3157,3157,1.0,0,0,2014-01-02,2026-07-23,0,,,
BEST_PX_BPS_RATIO,SHW,2014-01-02,3157,3157,1.0,0,0,2014-01-02,2026-07-23,0,,,
BEST_PX_BPS_RATIO,SO,2014-01-02,3157,3157,1.0,0,0,2014-01-02,2026-07-23,0,,,
BEST_EV_TO_BEST_EBITDA,AAPL,2014-01-02,3157,3157,1.0,0,0,2014-01-02,2026-07-23,0,,,
BEST_EV_TO_BEST_EBITDA,MSFT,2014-01-02,3157,3157,1.0,0,0,2014-01-02,2026-07-23,0,,,
BEST_EV_TO_BEST_EBITDA,GOOGL,2014-01-02,3157,3157,1.0,0,0,2014-01-02,2026-07-23,0,,,
BEST_EV_TO_BEST_EBITDA,AMZN,2014-01-02,3157,3157,1.0,0,0,2014-01-02,2026-07-23,0,,,
BEST_EV_TO_BEST_EBITDA,META,2014-01-02,3157,3157,1.0,0,0,2014-01-02,2026-07-23,0,,,
BEST_EV_TO_BEST_EBITDA,NVDA,2014-01-02,3157,3157,1.0,0,0,2014-01-02,2026-07-23,0,,,
BEST_EV_TO_BEST_EBITDA,TSLA,2014-01-02,3157,3157,1.0,0,0,2014-01-02,2026-07-23,0,,,
BEST_EV_TO_BEST_EBITDA,PLTR,2020-09-30,1459,1459,1.0,0,0,2020-09-30,2026-07-23,0,,,
BEST_EV_TO_BEST_EBITDA,AVGO,2014-01-02,3157,3157,1.0,0,0,2014-01-02,2026-07-23,0,,,
BEST_EV_TO_BEST_EBITDA,MU,2014-01-02,3157,3157,1.0,0,0,2014-01-02,2026-07-23,0,,,
BEST_EV_TO_BEST_EBITDA,GEV,2024-04-02,579,579,1.0,0,0,2024-04-02,2026-07-23,0,,,
BEST_EV_TO_BEST_EBITDA,VRT,2018-08-01,2004,2004,1.0,0,0,2018-08-01,2026-07-23,0,,,
BEST_EV_TO_BEST_EBITDA,BE,2018-07-25,2009,2009,1.0,0,0,2018-07-25,2026-07-23,0,,,
BEST_EV_TO_BEST_EBITDA,LITE,2015-07-27,2764,2764,1.0,0,0,2015-07-27,2026-07-23,0,,,
BEST_EV_TO_BEST_EBITDA,000660,2014-01-02,3157,3157,1.0,0,0,2014-01-02,2026-07-23,0,,,
BEST_EV_TO_BEST_EBITDA,005930,2014-01-02,3157,3157,1.0,0,0,2014-01-02,2026-07-23,0,,,
BEST_EV_TO_BEST_EBITDA,UNH,2014-01-02,3157,3157,1.0,0,0,2014-01-02,2026-07-23,0,,,
BEST_EV_TO_BEST_EBITDA,LLY,2014-01-02,3157,3157,1.0,0,0,2014-01-02,2026-07-23,0,,,
BEST_EV_TO_BEST_EBITDA,ISRG,2014-01-02,3157,3157,1.0,0,0,2014-01-02,2026-07-23,0,,,
BEST_EV_TO_BEST_EBITDA,ABBV,2014-01-02,3157,3157,1.0,0,0,2014-01-02,2026-07-23,0,,,
BEST_EV_TO_BEST_EBITDA,REGN,2014-01-02,3157,3157,1.0,0,0,2014-01-02,2026-07-23,0,,,
BEST_EV_TO_BEST_EBITDA,V,2014-01-02,3157,3157,1.0,0,0,2014-01-02,2026-07-23,0,,,
BEST_EV_TO_BEST_EBITDA,MA,2014-01-02,3157,3157,1.0,0,0,2014-01-02,2026-07-23,0,,,
BEST_EV_TO_BEST_EBITDA,BLK,2014-01-02,3157,3157,1.0,0,0,2014-01-02,2026-07-23,0,,,
BEST_EV_TO_BEST_EBITDA,SPGI,2014-01-02,3157,3157,1.0,0,0,2014-01-02,2026-07-23,0,,,
BEST_EV_TO_BEST_EBITDA,GS,2014-01-02,3157,3157,1.0,0,0,2014-01-02,2026-07-23,0,,,
BEST_EV_TO_BEST_EBITDA,COST,2014-01-02,3157,3157,1.0,0,0,2014-01-02,2026-07-23,0,,,
BEST_EV_TO_BEST_EBITDA,HD,2014-01-02,3157,3157,1.0,0,0,2014-01-02,2026-07-23,0,,,
BEST_EV_TO_BEST_EBITDA,PG,2014-01-02,3157,3157,1.0,0,0,2014-01-02,2026-07-23,0,,,
BEST_EV_TO_BEST_EBITDA,MCD,2014-01-02,3157,3157,1.0,0,0,2014-01-02,2026-07-23,0,,,
BEST_EV_TO_BEST_EBITDA,WMT,2014-01-02,3157,3157,1.0,0,0,2014-01-02,2026-07-23,0,,,
BEST_EV_TO_BEST_EBITDA,CAT,2014-01-02,3157,3157,1.0,0,0,2014-01-02,2026-07-23,0,,,
BEST_EV_TO_BEST_EBITDA,HON,2014-01-02,3157,3157,1.0,0,0,2014-01-02,2026-07-23,0,,,
BEST_EV_TO_BEST_EBITDA,DE,2014-01-02,3157,3157,1.0,0,0,2014-01-02,2026-07-23,0,,,
BEST_EV_TO_BEST_EBITDA,UNP,2014-01-02,3157,3157,1.0,0,0,2014-01-02,2026-07-23,0,,,
BEST_EV_TO_BEST_EBITDA,LMT,2014-01-02,3157,3157,1.0,0,0,2014-01-02,2026-07-23,0,,,
BEST_EV_TO_BEST_EBITDA,ETN,2014-01-02,3157,3157,1.0,0,0,2014-01-02,2026-07-23,0,,,
BEST_EV_TO_BEST_EBITDA,XOM,2014-01-02,3157,3157,1.0,0,0,2014-01-02,2026-07-23,0,,,
BEST_EV_TO_BEST_EBITDA,LNG,2014-01-02,3157,3157,1.0,0,0,2014-01-02,2026-07-23,0,,,
BEST_EV_TO_BEST_EBITDA,FCX,2014-01-02,3157,3157,1.0,0,0,2014-01-02,2026-07-23,0,,,
BEST_EV_TO_BEST_EBITDA,LIN,2014-01-02,3157,3157,1.0,0,0,2014-01-02,2026-07-23,0,,,
BEST_EV_TO_BEST_EBITDA,NEE,2014-01-02,3157,3157,1.0,0,0,2014-01-02,2026-07-23,0,,,
BEST_EV_TO_BEST_EBITDA,AMT,2014-01-02,3157,3157,1.0,0,0,2014-01-02,2026-07-23,0,,,
BEST_EV_TO_BEST_EBITDA,EQIX,2014-01-02,3157,3157,1.0,0,0,2014-01-02,2026-07-23,0,,,
BEST_EV_TO_BEST_EBITDA,TMUS,2014-01-02,3157,3157,1.0,0,0,2014-01-02,2026-07-23,0,,,
BEST_EV_TO_BEST_EBITDA,PLD,2014-01-02,3157,3157,1.0,0,0,2014-01-02,2026-07-23,0,,,
BEST_EV_TO_BEST_EBITDA,AMD,2014-01-02,3157,3157,1.0,0,0,2014-01-02,2026-07-23,0,,,
BEST_EV_TO_BEST_EBITDA,CRM,2014-01-02,3157,3157,1.0,0,0,2014-01-02,2026-07-23,0,,,
BEST_EV_TO_BEST_EBITDA,NFLX,2014-01-02,3157,3157,1.0,0,0,2014-01-02,2026-07-23,0,,,
BEST_EV_TO_BEST_EBITDA,TER,2014-01-02,3157,3157,1.0,0,0,2014-01-02,2026-07-23,0,,,
BEST_EV_TO_BEST_EBITDA,GLW,2014-01-02,3157,3157,1.0,0,0,2014-01-02,2026-07-23,0,,,
BEST_EV_TO_BEST_EBITDA,JNJ,2014-01-02,3157,3157,1.0,0,0,2014-01-02,2026-07-23,0,,,
BEST_EV_TO_BEST_EBITDA,MPC,2014-01-02,3157,3157,1.0,0,0,2014-01-02,2026-07-23,0,,,
BEST_EV_TO_BEST_EBITDA,LRCX,2014-01-02,3157,3157,1.0,0,0,2014-01-02,2026-07-23,0,,,
BEST_EV_TO_BEST_EBITDA,AMAT,2014-01-02,3157,3157,1.0,0,0,2014-01-02,2026-07-23,0,,,
BEST_EV_TO_BEST_EBITDA,PANW,2014-01-02,3157,3157,1.0,0,0,2014-01-02,2026-07-23,0,,,
BEST_EV_TO_BEST_EBITDA,FN,2014-01-02,3157,3157,1.0,0,0,2014-01-02,2026-07-23,0,,,
BEST_EV_TO_BEST_EBITDA,MPWR,2014-01-02,3157,3157,1.0,0,0,2014-01-02,2026-07-23,0,,,
BEST_EV_TO_BEST_EBITDA,CSCO,2014-01-02,3157,3157,1.0,0,0,2014-01-02,2026-07-23,0,,,
BEST_EV_TO_BEST_EBITDA,INTC,2014-01-02,3157,3157,1.0,0,0,2014-01-02,2026-07-23,0,,,
BEST_EV_TO_BEST_EBITDA,ORCL,2014-01-02,3157,3157,1.0,0,0,2014-01-02,2026-07-23,0,,,
BEST_EV_TO_BEST_EBITDA,TSM,2014-01-02,3157,3157,1.0,0,0,2014-01-02,2026-07-23,0,,,
BEST_EV_TO_BEST_EBITDA,SNDK,2025-02-24,355,355,1.0,0,0,2025-02-24,2026-07-23,0,,,
BEST_EV_TO_BEST_EBITDA,KLAC,2014-01-02,3157,3157,1.0,0,0,2014-01-02,2026-07-23,0,,,
BEST_EV_TO_BEST_EBITDA,ANET,2014-06-06,3050,3050,1.0,0,0,2014-06-06,2026-07-23,0,,,
BEST_EV_TO_BEST_EBITDA,MRVL,2014-01-02,3157,3157,1.0,0,0,2014-01-02,2026-07-23,0,,,
BEST_EV_TO_BEST_EBITDA,CDNS,2014-01-02,3157,3157,1.0,0,0,2014-01-02,2026-07-23,0,,,
BEST_EV_TO_BEST_EBITDA,STX,2014-01-02,3157,3157,1.0,0,0,2014-01-02,2026-07-23,0,,,
BEST_EV_TO_BEST_EBITDA,PWR,2014-01-02,3157,3157,1.0,0,0,2014-01-02,2026-07-23,0,,,
BEST_EV_TO_BEST_EBITDA,BX,2014-01-02,3157,3157,1.0,0,0,2014-01-02,2026-07-23,0,,,
BEST_EV_TO_BEST_EBITDA,TMO,2014-01-02,3157,3157,1.0,0,0,2014-01-02,2026-07-23,0,,,
BEST_EV_TO_BEST_EBITDA,BSX,2014-01-02,3157,3157,1.0,0,0,2014-01-02,2026-07-23,0,,,
BEST_EV_TO_BEST_EBITDA,BKNG,2014-01-02,3157,3157,1.0,0,0,2014-01-02,2026-07-23,0,,,
BEST_EV_TO_BEST_EBITDA,PM,2014-01-02,3157,3157,1.0,0,0,2014-01-02,2026-07-23,0,,,
BEST_EV_TO_BEST_EBITDA,WMB,2014-01-02,3157,3157,1.0,0,0,2014-01-02,2026-07-23,0,,,
BEST_EV_TO_BEST_EBITDA,CEG,2022-02-02,1121,1121,1.0,0,0,2022-02-02,2026-07-23,0,,,
BEST_EV_TO_BEST_EBITDA,VST,2016-10-05,2462,2462,1.0,0,0,2016-10-05,2026-07-23,0,,,
BEST_EV_TO_BEST_EBITDA,DLR,2014-01-02,3157,3157,1.0,0,0,2014-01-02,2026-07-23,0,,,
BEST_EV_TO_BEST_EBITDA,ARM,2023-09-14,716,716,1.0,0,0,2023-09-14,2026-07-23,0,,,
BEST_EV_TO_BEST_EBITDA,SPOT,2018-04-03,2088,2088,1.0,0,0,2018-04-03,2026-07-23,0,,,
BEST_EV_TO_BEST_EBITDA,RACE,2015-10-21,2703,2703,1.0,0,0,2015-10-21,2026-07-23,0,,,
BEST_EV_TO_BEST_EBITDA,285A,2024-12-18,398,398,1.0,0,0,2024-12-18,2026-07-23,0,,,
BEST_EV_TO_BEST_EBITDA,6857,2014-01-07,3154,3154,1.0,0,0,2014-01-07,2026-07-23,0,,,
BEST_EV_TO_BEST_EBITDA,SU,2014-01-02,3157,3157,1.0,0,0,2014-01-02,2026-07-23,0,,,
BEST_EV_TO_BEST_EBITDA,SIE,2014-01-02,3157,3157,1.0,0,0,2014-01-02,2026-07-23,0,,,
BEST_EV_TO_BEST_EBITDA,RHM,2014-01-02,3157,3157,1.0,0,0,2014-01-02,2026-07-23,0,,,
BEST_EV_TO_BEST_EBITDA,ALV,2014-01-02,3157,3157,1.0,0,0,2014-01-02,2026-07-23,0,,,
BEST_EV_TO_BEST_EBITDA,MC,2014-01-02,3157,3157,1.0,0,0,2014-01-02,2026-07-23,0,,,
BEST_EV_TO_BEST_EBITDA,NESN,2014-01-02,3157,3157,1.0,0,0,2014-01-02,2026-07-23,0,,,
BEST_EV_TO_BEST_EBITDA,RR/,2014-01-02,3157,3157,1.0,0,0,2014-01-02,2026-07-23,0,,,
BEST_EV_TO_BEST_EBITDA,SAP,2014-01-02,3157,3157,1.0,0,0,2014-01-02,2026-07-23,0,,,
BEST_EV_TO_BEST_EBITDA,ASML,2014-01-02,3157,3157,1.0,0,0,2014-01-02,2026-07-23,0,,,
BEST_EV_TO_BEST_EBITDA,AZN,2014-01-02,3157,3157,1.0,0,0,2014-01-02,2026-07-23,0,,,
BEST_EV_TO_BEST_EBITDA,SHEL,2014-01-02,3157,3157,1.0,0,0,2014-01-02,2026-07-23,0,,,
BEST_EV_TO_BEST_EBITDA,NOVOB,2014-01-02,3157,3157,1.0,0,0,2014-01-02,2026-07-23,0,,,
BEST_EV_TO_BEST_EBITDA,RIO,2014-01-02,3157,3157,1.0,0,0,2014-01-02,2026-07-23,0,,,
BEST_EV_TO_BEST_EBITDA,QCOM,2014-01-02,3157,3157,1.0,0,0,2014-01-02,2026-07-23,0,,,
BEST_EV_TO_BEST_EBITDA,TXN,2014-01-02,3157,3157,1.0,0,0,2014-01-02,2026-07-23,0,,,
BEST_EV_TO_BEST_EBITDA,ADBE,2014-01-02,3157,3157,1.0,0,0,2014-01-02,2026-07-23,0,,,
BEST_EV_TO_BEST_EBITDA,NOW,2014-01-02,3157,3157,1.0,0,0,2014-01-02,2026-07-23,0,,,
BEST_EV_TO_BEST_EBITDA,ACN,2014-01-02,3157,3157,1.0,0,0,2014-01-02,2026-07-23,0,,,
BEST_EV_TO_BEST_EBITDA,IBM,2014-01-02,3157,3157,1.0,0,0,2014-01-02,2026-07-23,0,,,
BEST_EV_TO_BEST_EBITDA,ADI,2014-01-02,3157,3157,1.0,0,0,2014-01-02,2026-07-23,0,,,
BEST_EV_TO_BEST_EBITDA,DELL,2018-12-28,1901,1901,1.0,0,0,2018-12-28,2026-07-23,0,,,
BEST_EV_TO_BEST_EBITDA,8035,2014-01-07,3154,3154,1.0,0,0,2014-01-07,2026-07-23,0,,,
BEST_EV_TO_BEST_EBITDA,IFX,2014-01-02,3157,3157,1.0,0,0,2014-01-02,2026-07-23,0,,,
BEST_EV_TO_BEST_EBITDA,SCHW,2014-01-02,3157,3157,1.0,0,0,2014-01-02,2026-07-23,0,,,
BEST_EV_TO_BEST_EBITDA,AXP,2014-01-02,3157,3157,1.0,0,0,2014-01-02,2026-07-23,0,,,
BEST_EV_TO_BEST_EBITDA,PGR,2014-01-02,3157,3157,1.0,0,0,2014-01-02,2026-07-23,0,,,
BEST_EV_TO_BEST_EBITDA,AON,2014-01-02,3157,3157,1.0,0,0,2014-01-02,2026-07-23,0,,,
BEST_EV_TO_BEST_EBITDA,CME,2014-01-02,3157,3157,1.0,0,0,2014-01-02,2026-07-23,0,,,
BEST_EV_TO_BEST_EBITDA,KKR,2014-01-02,3157,3157,1.0,0,0,2014-01-02,2026-07-23,0,,,
BEST_EV_TO_BEST_EBITDA,BN,2022-12-12,905,905,1.0,0,0,2022-12-12,2026-07-23,0,,,
BEST_EV_TO_BEST_EBITDA,C,2014-01-02,3157,3157,1.0,0,0,2014-01-02,2026-07-23,0,,,
BEST_EV_TO_BEST_EBITDA,LSEG,2014-01-02,3157,3157,1.0,0,0,2014-01-02,2026-07-23,0,,,
BEST_EV_TO_BEST_EBITDA,ZURN,2014-01-02,3157,3157,1.0,0,0,2014-01-02,2026-07-23,0,,,
BEST_EV_TO_BEST_EBITDA,CS,2014-01-02,3157,3157,1.0,0,0,2014-01-02,2026-07-23,0,,,
BEST_EV_TO_BEST_EBITDA,DIS,2014-01-02,3157,3157,1.0,0,0,2014-01-02,2026-07-23,0,,,
BEST_EV_TO_BEST_EBITDA,CMCSA,2014-01-02,3157,3157,1.0,0,0,2014-01-02,2026-07-23,0,,,
BEST_EV_TO_BEST_EBITDA,VZ,2014-01-02,3157,3157,1.0,0,0,2014-01-02,2026-07-23,0,,,
BEST_EV_TO_BEST_EBITDA,T,2014-01-02,3157,3157,1.0,0,0,2014-01-02,2026-07-23,0,,,
BEST_EV_TO_BEST_EBITDA,TTWO,2014-01-02,3157,3157,1.0,0,0,2014-01-02,2026-07-23,0,,,
BEST_EV_TO_BEST_EBITDA,PUB,2014-01-02,3157,3157,1.0,0,0,2014-01-02,2026-07-23,0,,,
BEST_EV_TO_BEST_EBITDA,7974,2014-01-07,3154,3154,1.0,0,0,2014-01-07,2026-07-23,0,,,
BEST_EV_TO_BEST_EBITDA,DTE,2014-01-02,3157,3157,1.0,0,0,2014-01-02,2026-07-23,0,,,
BEST_EV_TO_BEST_EBITDA,UMG,2021-09-21,1214,1214,1.0,0,0,2021-09-21,2026-07-23,0,,,
BEST_EV_TO_BEST_EBITDA,LOW,2014-01-02,3157,3157,1.0,0,0,2014-01-02,2026-07-23,0,,,
BEST_EV_TO_BEST_EBITDA,TJX,2014-01-02,3157,3157,1.0,0,0,2014-01-02,2026-07-23,0,,,
BEST_EV_TO_BEST_EBITDA,SBUX,2014-01-02,3157,3157,1.0,0,0,2014-01-02,2026-07-23,0,,,
BEST_EV_TO_BEST_EBITDA,ABNB,2020-12-10,1409,1409,1.0,0,0,2020-12-10,2026-07-23,0,,,
BEST_EV_TO_BEST_EBITDA,7203,2014-01-07,3154,3154,1.0,0,0,2014-01-07,2026-07-23,0,,,
BEST_EV_TO_BEST_EBITDA,ITX,2014-01-02,3157,3157,1.0,0,0,2014-01-02,2026-07-23,0,,,
BEST_EV_TO_BEST_EBITDA,ABT,2014-01-02,3157,3157,1.0,0,0,2014-01-02,2026-07-23,0,,,
BEST_EV_TO_BEST_EBITDA,DHR,2014-01-02,3157,3157,1.0,0,0,2014-01-02,2026-07-23,0,,,
BEST_EV_TO_BEST_EBITDA,VRTX,2014-01-02,3157,3157,1.0,0,0,2014-01-02,2026-07-23,0,,,
BEST_EV_TO_BEST_EBITDA,SAN,2014-01-02,3157,3157,1.0,0,0,2014-01-02,2026-07-23,0,,,
BEST_EV_TO_BEST_EBITDA,GE,2024-04-02,579,579,1.0,0,0,2024-04-02,2026-07-23,0,,,
BEST_EV_TO_BEST_EBITDA,TT,2020-03-02,1607,1607,1.0,0,0,2020-03-02,2026-07-23,0,,,
BEST_EV_TO_BEST_EBITDA,ABBN,2014-01-02,3157,3157,1.0,0,0,2014-01-02,2026-07-23,0,,,
BEST_EV_TO_BEST_EBITDA,KO,2014-01-02,3157,3157,1.0,0,0,2014-01-02,2026-07-23,0,,,
BEST_EV_TO_BEST_EBITDA,ULVR,2014-01-02,3157,3157,1.0,0,0,2014-01-02,2026-07-23,0,,,
BEST_EV_TO_BEST_EBITDA,ECL,2014-01-02,3157,3157,1.0,0,0,2014-01-02,2026-07-23,0,,,
BEST_EV_TO_BEST_EBITDA,AI,2014-01-02,3157,3157,1.0,0,0,2014-01-02,2026-07-23,0,,,
BEST_EV_TO_BEST_EBITDA,IBE,2014-01-02,3157,3157,1.0,0,0,2014-01-02,2026-07-23,0,,,
BEST_EV_TO_BEST_EBITDA,INTU,2014-01-02,3157,3157,1.0,0,0,2014-01-02,2026-07-23,0,,,
BEST_EV_TO_BEST_EBITDA,SNPS,2014-01-02,3157,3157,1.0,0,0,2014-01-02,2026-07-23,0,,,
BEST_EV_TO_BEST_EBITDA,APH,2014-01-02,3157,3157,1.0,0,0,2014-01-02,2026-07-23,0,,,
BEST_EV_TO_BEST_EBITDA,MSI,2014-01-02,3157,3157,1.0,0,0,2014-01-02,2026-07-23,0,,,
BEST_EV_TO_BEST_EBITDA,CRWD,2019-06-12,1788,1788,1.0,0,0,2019-06-12,2026-07-23,0,,,
BEST_EV_TO_BEST_EBITDA,NXPI,2014-01-02,3157,3157,1.0,0,0,2014-01-02,2026-07-23,0,,,
BEST_EV_TO_BEST_EBITDA,KEYS,2014-10-21,2955,2955,1.0,0,0,2014-10-21,2026-07-23,0,,,
BEST_EV_TO_BEST_EBITDA,ADSK,2014-01-02,3157,3157,1.0,0,0,2014-01-02,2026-07-23,0,,,
BEST_EV_TO_BEST_EBITDA,WDAY,2014-01-02,3157,3157,1.0,0,0,2014-01-02,2026-07-23,0,,,
BEST_EV_TO_BEST_EBITDA,WDC,2025-02-24,355,355,1.0,0,0,2025-02-24,2026-07-23,0,,,
BEST_EV_TO_BEST_EBITDA,DDOG,2019-09-19,1719,1719,1.0,0,0,2019-09-19,2026-07-23,0,,,
BEST_EV_TO_BEST_EBITDA,FTNT,2014-01-02,3157,3157,1.0,0,0,2014-01-02,2026-07-23,0,,,
BEST_EV_TO_BEST_EBITDA,DSY,2014-01-02,3157,3157,1.0,0,0,2014-01-02,2026-07-23,0,,,
BEST_EV_TO_BEST_EBITDA,6146,2014-01-07,3154,3154,1.0,0,0,2014-01-07,2026-07-23,0,,,
BEST_EV_TO_BEST_EBITDA,6981,2014-01-07,3154,3154,1.0,0,0,2014-01-07,2026-07-23,0,,,
BEST_EV_TO_BEST_EBITDA,BRK/B,2014-01-02,3157,3157,1.0,0,0,2014-01-02,2026-07-23,0,,,
BEST_EV_TO_BEST_EBITDA,ICE,2014-01-02,3157,3157,1.0,0,0,2014-01-02,2026-07-23,0,,,
BEST_EV_TO_BEST_EBITDA,MCO,2014-01-02,3157,3157,1.0,0,0,2014-01-02,2026-07-23,0,,,
BEST_EV_TO_BEST_EBITDA,PYPL,2015-07-07,2778,2778,1.0,0,0,2015-07-07,2026-07-23,0,,,
BEST_EV_TO_BEST_EBITDA,COF,2025-05-19,296,296,1.0,0,0,2025-05-19,2026-07-23,0,,,
BEST_EV_TO_BEST_EBITDA,BNP,2014-01-02,3157,3157,1.0,0,0,2014-01-02,2026-07-23,0,,,
BEST_EV_TO_BEST_EBITDA,MUV2,2014-01-02,3157,3157,1.0,0,0,2014-01-02,2026-07-23,0,,,
BEST_EV_TO_BEST_EBITDA,RTX,2014-01-02,3157,3157,1.0,0,0,2014-01-02,2026-07-23,0,,,
BEST_EV_TO_BEST_EBITDA,EMR,2014-01-02,3157,3157,1.0,0,0,2014-01-02,2026-07-23,0,,,
BEST_EV_TO_BEST_EBITDA,AXON,2014-01-02,3157,3157,1.0,0,0,2014-01-02,2026-07-23,0,,,
BEST_EV_TO_BEST_EBITDA,UBER,2019-05-10,1810,1810,1.0,0,0,2019-05-10,2026-07-23,0,,,
BEST_EV_TO_BEST_EBITDA,AIR,2014-01-02,3157,3157,1.0,0,0,2014-01-02,2026-07-23,0,,,
BEST_EV_TO_BEST_EBITDA,SAF,2014-01-02,3157,3157,1.0,0,0,2014-01-02,2026-07-23,0,,,
BEST_EV_TO_BEST_EBITDA,MRK,2014-01-02,3157,3157,1.0,0,0,2014-01-02,2026-07-23,0,,,
BEST_EV_TO_BEST_EBITDA,AMGN,2014-01-02,3157,3157,1.0,0,0,2014-01-02,2026-07-23,0,,,
BEST_EV_TO_BEST_EBITDA,SYK,2014-01-02,3157,3157,1.0,0,0,2014-01-02,2026-07-23,0,,,
BEST_EV_TO_BEST_EBITDA,MCK,2014-01-02,3157,3157,1.0,0,0,2014-01-02,2026-07-23,0,,,
BEST_EV_TO_BEST_EBITDA,NOVN,2014-01-02,3157,3157,1.0,0,0,2014-01-02,2026-07-23,0,,,
BEST_EV_TO_BEST_EBITDA,NKE,2014-01-02,3157,3157,1.0,0,0,2014-01-02,2026-07-23,0,,,
BEST_EV_TO_BEST_EBITDA,ORLY,2014-01-02,3157,3157,1.0,0,0,2014-01-02,2026-07-23,0,,,
BEST_EV_TO_BEST_EBITDA,DASH,2020-12-09,1410,1410,1.0,0,0,2020-12-09,2026-07-23,0,,,
BEST_EV_TO_BEST_EBITDA,CFR,2014-01-02,3157,3157,1.0,0,0,2014-01-02,2026-07-23,0,,,
BEST_EV_TO_BEST_EBITDA,TTD,2016-09-21,2472,2472,1.0,0,0,2016-09-21,2026-07-23,0,,,
BEST_EV_TO_BEST_EBITDA,RBLX,2021-03-10,1349,1349,1.0,0,0,2021-03-10,2026-07-23,0,,,
BEST_EV_TO_BEST_EBITDA,9432,2014-01-07,3154,3154,1.0,0,0,2014-01-07,2026-07-23,0,,,
BEST_EV_TO_BEST_EBITDA,9433,2014-01-07,3154,3154,1.0,0,0,2014-01-07,2026-07-23,0,,,
BEST_EV_TO_BEST_EBITDA,PEP,2014-01-02,3157,3157,1.0,0,0,2014-01-02,2026-07-23,0,,,
BEST_EV_TO_BEST_EBITDA,MDLZ,2014-01-02,3157,3157,1.0,0,0,2014-01-02,2026-07-23,0,,,
BEST_EV_TO_BEST_EBITDA,OR,2014-01-02,3157,3157,1.0,0,0,2014-01-02,2026-07-23,0,,,
BEST_EV_TO_BEST_EBITDA,CVX,2014-01-02,3157,3157,1.0,0,0,2014-01-02,2026-07-23,0,,,
BEST_EV_TO_BEST_EBITDA,TTE,2014-01-02,3157,3157,1.0,0,0,2014-01-02,2026-07-23,0,,,
BEST_EV_TO_BEST_EBITDA,NEM,2014-01-02,3157,3157,1.0,0,0,2014-01-02,2026-07-23,0,,,
BEST_EV_TO_BEST_EBITDA,SHW,2014-01-02,3157,3157,1.0,0,0,2014-01-02,2026-07-23,0,,,
BEST_EV_TO_BEST_EBITDA,SO,2014-01-02,3157,3157,1.0,0,0,2014-01-02,2026-07-23,0,,,
NEWS_SENTIMENT_DAILY_AVG,AAPL,2014-01-02,3157,3157,1.0,0,0,2014-01-02,2026-07-23,0,,,
NEWS_SENTIMENT_DAILY_AVG,MSFT,2014-01-02,3157,3157,1.0,0,0,2014-01-02,2026-07-23,0,,,
NEWS_SENTIMENT_DAILY_AVG,GOOGL,2014-01-02,3157,3157,1.0,0,0,2014-01-02,2026-07-23,0,,,
NEWS_SENTIMENT_DAILY_AVG,AMZN,2014-01-02,3157,3157,1.0,0,0,2014-01-02,2026-07-23,0,,,
NEWS_SENTIMENT_DAILY_AVG,META,2014-01-02,3157,3157,1.0,0,0,2014-01-02,2026-07-23,0,,,
NEWS_SENTIMENT_DAILY_AVG,NVDA,2014-01-02,3157,3157,1.0,0,0,2014-01-02,2026-07-23,0,,,
NEWS_SENTIMENT_DAILY_AVG,TSLA,2014-01-02,3157,3157,1.0,0,0,2014-01-02,2026-07-23,0,,,
NEWS_SENTIMENT_DAILY_AVG,PLTR,2020-09-30,1459,1459,1.0,0,0,2020-09-30,2026-07-23,0,,,
NEWS_SENTIMENT_DAILY_AVG,AVGO,2014-01-02,3157,3157,1.0,0,0,2014-01-02,2026-07-23,0,,,
NEWS_SENTIMENT_DAILY_AVG,MU,2014-01-02,3157,3157,1.0,0,0,2014-01-02,2026-07-23,0,,,
NEWS_SENTIMENT_DAILY_AVG,GEV,2024-04-02,579,579,1.0,0,0,2024-04-02,2026-07-23,0,,,
NEWS_SENTIMENT_DAILY_AVG,VRT,2018-08-01,2004,2004,1.0,0,0,2018-08-01,2026-07-23,0,,,
NEWS_SENTIMENT_DAILY_AVG,BE,2018-07-25,2009,2009,1.0,0,0,2018-07-25,2026-07-23,0,,,
NEWS_SENTIMENT_DAILY_AVG,LITE,2015-07-27,2764,2764,1.0,0,0,2015-07-27,2026-07-23,0,,,
NEWS_SENTIMENT_DAILY_AVG,000660,2014-01-02,3157,3157,1.0,0,0,2014-01-02,2026-07-23,0,,,
NEWS_SENTIMENT_DAILY_AVG,005930,2014-01-02,3157,3157,1.0,0,0,2014-01-02,2026-07-23,0,,,
NEWS_SENTIMENT_DAILY_AVG,UNH,2014-01-02,3157,3157,1.0,0,0,2014-01-02,2026-07-23,0,,,
NEWS_SENTIMENT_DAILY_AVG,LLY,2014-01-02,3157,3157,1.0,0,0,2014-01-02,2026-07-23,0,,,
NEWS_SENTIMENT_DAILY_AVG,ISRG,2014-01-02,3157,3157,1.0,0,0,2014-01-02,2026-07-23,0,,,
NEWS_SENTIMENT_DAILY_AVG,ABBV,2014-01-02,3157,3157,1.0,0,0,2014-01-02,2026-07-23,0,,,
NEWS_SENTIMENT_DAILY_AVG,REGN,2014-01-02,3157,3157,1.0,0,0,2014-01-02,2026-07-23,0,,,
NEWS_SENTIMENT_DAILY_AVG,JPM,2014-01-02,3157,3157,1.0,0,0,2014-01-02,2026-07-23,0,,,
NEWS_SENTIMENT_DAILY_AVG,V,2014-01-02,3157,3157,1.0,0,0,2014-01-02,2026-07-23,0,,,
NEWS_SENTIMENT_DAILY_AVG,MA,2014-01-02,3157,3157,1.0,0,0,2014-01-02,2026-07-23,0,,,
NEWS_SENTIMENT_DAILY_AVG,BLK,2014-01-02,3157,3157,1.0,0,0,2014-01-02,2026-07-23,0,,,
NEWS_SENTIMENT_DAILY_AVG,SPGI,2014-01-02,3157,3157,1.0,0,0,2014-01-02,2026-07-23,0,,,
NEWS_SENTIMENT_DAILY_AVG,GS,2014-01-02,3157,3157,1.0,0,0,2014-01-02,2026-07-23,0,,,
NEWS_SENTIMENT_DAILY_AVG,COST,2014-01-02,3157,3157,1.0,0,0,2014-01-02,2026-07-23,0,,,
NEWS_SENTIMENT_DAILY_AVG,HD,2014-01-02,3157,3157,1.0,0,0,2014-01-02,2026-07-23,0,,,
NEWS_SENTIMENT_DAILY_AVG,PG,2014-01-02,3157,3157,1.0,0,0,2014-01-02,2026-07-23,0,,,
NEWS_SENTIMENT_DAILY_AVG,MCD,2014-01-02,3157,3157,1.0,0,0,2014-01-02,2026-07-23,0,,,
NEWS_SENTIMENT_DAILY_AVG,WMT,2014-01-02,3157,3157,1.0,0,0,2014-01-02,2026-07-23,0,,,
NEWS_SENTIMENT_DAILY_AVG,CAT,2014-01-02,3157,3157,1.0,0,0,2014-01-02,2026-07-23,0,,,
NEWS_SENTIMENT_DAILY_AVG,HON,2014-01-02,3157,3157,1.0,0,0,2014-01-02,2026-07-23,0,,,
NEWS_SENTIMENT_DAILY_AVG,DE,2014-01-02,3157,3157,1.0,0,0,2014-01-02,2026-07-23,0,,,
NEWS_SENTIMENT_DAILY_AVG,UNP,2014-01-02,3157,3157,1.0,0,0,2014-01-02,2026-07-23,0,,,
NEWS_SENTIMENT_DAILY_AVG,LMT,2014-01-02,3157,3157,1.0,0,0,2014-01-02,2026-07-23,0,,,
NEWS_SENTIMENT_DAILY_AVG,ETN,2014-01-02,3157,3157,1.0,0,0,2014-01-02,2026-07-23,0,,,
NEWS_SENTIMENT_DAILY_AVG,XOM,2014-01-02,3157,3157,1.0,0,0,2014-01-02,2026-07-23,0,,,
NEWS_SENTIMENT_DAILY_AVG,LNG,2014-01-02,3157,3157,1.0,0,0,2014-01-02,2026-07-23,0,,,
NEWS_SENTIMENT_DAILY_AVG,FCX,2014-01-02,3157,3157,1.0,0,0,2014-01-02,2026-07-23,0,,,
NEWS_SENTIMENT_DAILY_AVG,LIN,2014-01-02,3157,3157,1.0,0,0,2014-01-02,2026-07-23,0,,,
NEWS_SENTIMENT_DAILY_AVG,NEE,2014-01-02,3157,3157,1.0,0,0,2014-01-02,2026-07-23,0,,,
NEWS_SENTIMENT_DAILY_AVG,AMT,2014-01-02,3157,3157,1.0,0,0,2014-01-02,2026-07-23,0,,,
NEWS_SENTIMENT_DAILY_AVG,EQIX,2014-01-02,3157,3157,1.0,0,0,2014-01-02,2026-07-23,0,,,
NEWS_SENTIMENT_DAILY_AVG,TMUS,2014-01-02,3157,3157,1.0,0,0,2014-01-02,2026-07-23,0,,,
NEWS_SENTIMENT_DAILY_AVG,PLD,2014-01-02,3157,3157,1.0,0,0,2014-01-02,2026-07-23,0,,,
NEWS_SENTIMENT_DAILY_AVG,AMD,2014-01-02,3157,3157,1.0,0,0,2014-01-02,2026-07-23,0,,,
NEWS_SENTIMENT_DAILY_AVG,CRM,2014-01-02,3157,3157,1.0,0,0,2014-01-02,2026-07-23,0,,,
NEWS_SENTIMENT_DAILY_AVG,NFLX,2014-01-02,3157,3157,1.0,0,0,2014-01-02,2026-07-23,0,,,
NEWS_SENTIMENT_DAILY_AVG,TER,2014-01-02,3157,3157,1.0,0,0,2014-01-02,2026-07-23,0,,,
NEWS_SENTIMENT_DAILY_AVG,GLW,2014-01-02,3157,3157,1.0,0,0,2014-01-02,2026-07-23,0,,,
NEWS_SENTIMENT_DAILY_AVG,JNJ,2014-01-02,3157,3157,1.0,0,0,2014-01-02,2026-07-23,0,,,
NEWS_SENTIMENT_DAILY_AVG,WFC,2014-01-02,3157,3157,1.0,0,0,2014-01-02,2026-07-23,0,,,
NEWS_SENTIMENT_DAILY_AVG,MPC,2014-01-02,3157,3157,1.0,0,0,2014-01-02,2026-07-23,0,,,
NEWS_SENTIMENT_DAILY_AVG,LRCX,2014-01-02,3157,3157,1.0,0,0,2014-01-02,2026-07-23,0,,,
NEWS_SENTIMENT_DAILY_AVG,AMAT,2014-01-02,3157,3157,1.0,0,0,2014-01-02,2026-07-23,0,,,
NEWS_SENTIMENT_DAILY_AVG,PANW,2014-01-02,3157,3157,1.0,0,0,2014-01-02,2026-07-23,0,,,
NEWS_SENTIMENT_DAILY_AVG,FN,2014-01-02,3157,3157,1.0,0,0,2014-01-02,2026-07-23,0,,,
NEWS_SENTIMENT_DAILY_AVG,MPWR,2014-01-02,3157,3157,1.0,0,0,2014-01-02,2026-07-23,0,,,
NEWS_SENTIMENT_DAILY_AVG,BAC,2014-01-02,3157,3157,1.0,0,0,2014-01-02,2026-07-23,0,,,
NEWS_SENTIMENT_DAILY_AVG,CSCO,2014-01-02,3157,3157,1.0,0,0,2014-01-02,2026-07-23,0,,,
NEWS_SENTIMENT_DAILY_AVG,INTC,2014-01-02,3157,3157,1.0,0,0,2014-01-02,2026-07-23,0,,,
NEWS_SENTIMENT_DAILY_AVG,ORCL,2014-01-02,3157,3157,1.0,0,0,2014-01-02,2026-07-23,0,,,
NEWS_SENTIMENT_DAILY_AVG,TSM,2014-01-02,3157,3157,1.0,0,0,2014-01-02,2026-07-23,0,,,
NEWS_SENTIMENT_DAILY_AVG,SNDK,2025-02-24,355,355,1.0,0,0,2025-02-24,2026-07-23,0,,,
NEWS_SENTIMENT_DAILY_AVG,KLAC,2014-01-02,3157,3157,1.0,0,0,2014-01-02,2026-07-23,0,,,
NEWS_SENTIMENT_DAILY_AVG,ANET,2014-06-06,3050,3050,1.0,0,0,2014-06-06,2026-07-23,0,,,
NEWS_SENTIMENT_DAILY_AVG,MRVL,2014-01-02,3157,3157,1.0,0,0,2014-01-02,2026-07-23,0,,,
NEWS_SENTIMENT_DAILY_AVG,CDNS,2014-01-02,3157,3157,1.0,0,0,2014-01-02,2026-07-23,0,,,
NEWS_SENTIMENT_DAILY_AVG,STX,2014-01-02,3157,3157,1.0,0,0,2014-01-02,2026-07-23,0,,,
NEWS_SENTIMENT_DAILY_AVG,PWR,2014-01-02,3157,3157,1.0,0,0,2014-01-02,2026-07-23,0,,,
NEWS_SENTIMENT_DAILY_AVG,BX,2014-01-02,3157,3157,1.0,0,0,2014-01-02,2026-07-23,0,,,
NEWS_SENTIMENT_DAILY_AVG,TMO,2014-01-02,3157,3157,1.0,0,0,2014-01-02,2026-07-23,0,,,
NEWS_SENTIMENT_DAILY_AVG,BSX,2014-01-02,3157,3157,1.0,0,0,2014-01-02,2026-07-23,0,,,
NEWS_SENTIMENT_DAILY_AVG,BKNG,2014-01-02,3157,3157,1.0,0,0,2014-01-02,2026-07-23,0,,,
NEWS_SENTIMENT_DAILY_AVG,PM,2014-01-02,3157,3157,1.0,0,0,2014-01-02,2026-07-23,0,,,
NEWS_SENTIMENT_DAILY_AVG,WMB,2014-01-02,3157,3157,1.0,0,0,2014-01-02,2026-07-23,0,,,
NEWS_SENTIMENT_DAILY_AVG,CEG,2022-02-02,1121,1121,1.0,0,0,2022-02-02,2026-07-23,0,,,
NEWS_SENTIMENT_DAILY_AVG,VST,2016-10-05,2462,2462,1.0,0,0,2016-10-05,2026-07-23,0,,,
NEWS_SENTIMENT_DAILY_AVG,DLR,2014-01-02,3157,3157,1.0,0,0,2014-01-02,2026-07-23,0,,,
NEWS_SENTIMENT_DAILY_AVG,ARM,2023-09-14,716,716,1.0,0,0,2023-09-14,2026-07-23,0,,,
NEWS_SENTIMENT_DAILY_AVG,SPOT,2018-04-03,2088,2088,1.0,0,0,2018-04-03,2026-07-23,0,,,
NEWS_SENTIMENT_DAILY_AVG,RACE,2015-10-21,2703,2703,1.0,0,0,2015-10-21,2026-07-23,0,,,
NEWS_SENTIMENT_DAILY_AVG,285A,2024-12-18,398,398,1.0,0,0,2024-12-18,2026-07-23,0,,,
NEWS_SENTIMENT_DAILY_AVG,6857,2014-01-07,3154,3154,1.0,0,0,2014-01-07,2026-07-23,0,,,
NEWS_SENTIMENT_DAILY_AVG,SU,2014-01-02,3157,3157,1.0,0,0,2014-01-02,2026-07-23,0,,,
NEWS_SENTIMENT_DAILY_AVG,SIE,2014-01-02,3157,3157,1.0,0,0,2014-01-02,2026-07-23,0,,,
NEWS_SENTIMENT_DAILY_AVG,RHM,2014-01-02,3157,3157,1.0,0,0,2014-01-02,2026-07-23,0,,,
NEWS_SENTIMENT_DAILY_AVG,ALV,2014-01-02,3157,3157,1.0,0,0,2014-01-02,2026-07-23,0,,,
NEWS_SENTIMENT_DAILY_AVG,MC,2014-01-02,3157,3157,1.0,0,0,2014-01-02,2026-07-23,0,,,
NEWS_SENTIMENT_DAILY_AVG,NESN,2014-01-02,3157,3157,1.0,0,0,2014-01-02,2026-07-23,0,,,
NEWS_SENTIMENT_DAILY_AVG,RR/,2014-01-02,3157,3157,1.0,0,0,2014-01-02,2026-07-23,0,,,
NEWS_SENTIMENT_DAILY_AVG,SAP,2014-01-02,3157,3157,1.0,0,0,2014-01-02,2026-07-23,0,,,
NEWS_SENTIMENT_DAILY_AVG,ASML,2014-01-02,3157,3157,1.0,0,0,2014-01-02,2026-07-23,0,,,
NEWS_SENTIMENT_DAILY_AVG,AZN,2014-01-02,3157,3157,1.0,0,0,2014-01-02,2026-07-23,0,,,
NEWS_SENTIMENT_DAILY_AVG,SHEL,2014-01-02,3157,3157,1.0,0,0,2014-01-02,2026-07-23,0,,,
NEWS_SENTIMENT_DAILY_AVG,HSBA,2014-01-02,3157,3157,1.0,0,0,2014-01-02,2026-07-23,0,,,
NEWS_SENTIMENT_DAILY_AVG,NOVOB,2014-01-02,3157,3157,1.0,0,0,2014-01-02,2026-07-23,0,,,
NEWS_SENTIMENT_DAILY_AVG,RIO,2014-01-02,3157,3157,1.0,0,0,2014-01-02,2026-07-23,0,,,
NEWS_SENTIMENT_DAILY_AVG,QCOM,2014-01-02,3157,3157,1.0,0,0,2014-01-02,2026-07-23,0,,,
NEWS_SENTIMENT_DAILY_AVG,TXN,2014-01-02,3157,3157,1.0,0,0,2014-01-02,2026-07-23,0,,,
NEWS_SENTIMENT_DAILY_AVG,ADBE,2014-01-02,3157,3157,1.0,0,0,2014-01-02,2026-07-23,0,,,
NEWS_SENTIMENT_DAILY_AVG,NOW,2014-01-02,3157,3157,1.0,0,0,2014-01-02,2026-07-23,0,,,
NEWS_SENTIMENT_DAILY_AVG,ACN,2014-01-02,3157,3157,1.0,0,0,2014-01-02,2026-07-23,0,,,
NEWS_SENTIMENT_DAILY_AVG,IBM,2014-01-02,3157,3157,1.0,0,0,2014-01-02,2026-07-23,0,,,
NEWS_SENTIMENT_DAILY_AVG,ADI,2014-01-02,3157,3157,1.0,0,0,2014-01-02,2026-07-23,0,,,
NEWS_SENTIMENT_DAILY_AVG,DELL,2018-12-28,1901,1901,1.0,0,0,2018-12-28,2026-07-23,0,,,
NEWS_SENTIMENT_DAILY_AVG,8035,2014-01-07,3154,3154,1.0,0,0,2014-01-07,2026-07-23,0,,,
NEWS_SENTIMENT_DAILY_AVG,IFX,2014-01-02,3157,3157,1.0,0,0,2014-01-02,2026-07-23,0,,,
NEWS_SENTIMENT_DAILY_AVG,MS,2014-01-02,3157,3157,1.0,0,0,2014-01-02,2026-07-23,0,,,
NEWS_SENTIMENT_DAILY_AVG,SCHW,2014-01-02,3157,3157,1.0,0,0,2014-01-02,2026-07-23,0,,,
NEWS_SENTIMENT_DAILY_AVG,AXP,2014-01-02,3157,3157,1.0,0,0,2014-01-02,2026-07-23,0,,,
NEWS_SENTIMENT_DAILY_AVG,PGR,2014-01-02,3157,3157,1.0,0,0,2014-01-02,2026-07-23,0,,,
NEWS_SENTIMENT_DAILY_AVG,AON,2014-01-02,3157,3157,1.0,0,0,2014-01-02,2026-07-23,0,,,
NEWS_SENTIMENT_DAILY_AVG,CME,2014-01-02,3157,3157,1.0,0,0,2014-01-02,2026-07-23,0,,,
NEWS_SENTIMENT_DAILY_AVG,KKR,2014-01-02,3157,3157,1.0,0,0,2014-01-02,2026-07-23,0,,,
NEWS_SENTIMENT_DAILY_AVG,BN,2022-12-12,905,905,1.0,0,0,2022-12-12,2026-07-23,0,,,
NEWS_SENTIMENT_DAILY_AVG,C,2014-01-02,3157,3157,1.0,0,0,2014-01-02,2026-07-23,0,,,
NEWS_SENTIMENT_DAILY_AVG,LSEG,2014-01-02,3157,3157,1.0,0,0,2014-01-02,2026-07-23,0,,,
NEWS_SENTIMENT_DAILY_AVG,ZURN,2014-01-02,3157,3157,1.0,0,0,2014-01-02,2026-07-23,0,,,
NEWS_SENTIMENT_DAILY_AVG,CS,2014-01-02,3157,3157,1.0,0,0,2014-01-02,2026-07-23,0,,,
NEWS_SENTIMENT_DAILY_AVG,8306,2014-01-07,3154,3154,1.0,0,0,2014-01-07,2026-07-23,0,,,
NEWS_SENTIMENT_DAILY_AVG,DIS,2014-01-02,3157,3157,1.0,0,0,2014-01-02,2026-07-23,0,,,
NEWS_SENTIMENT_DAILY_AVG,CMCSA,2014-01-02,3157,3157,1.0,0,0,2014-01-02,2026-07-23,0,,,
NEWS_SENTIMENT_DAILY_AVG,VZ,2014-01-02,3157,3157,1.0,0,0,2014-01-02,2026-07-23,0,,,
NEWS_SENTIMENT_DAILY_AVG,T,2014-01-02,3157,3157,1.0,0,0,2014-01-02,2026-07-23,0,,,
NEWS_SENTIMENT_DAILY_AVG,TTWO,2014-01-02,3157,3157,1.0,0,0,2014-01-02,2026-07-23,0,,,
NEWS_SENTIMENT_DAILY_AVG,PUB,2014-01-02,3157,3157,1.0,0,0,2014-01-02,2026-07-23,0,,,
NEWS_SENTIMENT_DAILY_AVG,7974,2014-01-07,3154,3154,1.0,0,0,2014-01-07,2026-07-23,0,,,
NEWS_SENTIMENT_DAILY_AVG,DTE,2014-01-02,3157,3157,1.0,0,0,2014-01-02,2026-07-23,0,,,
NEWS_SENTIMENT_DAILY_AVG,UMG,2021-09-21,1214,1214,1.0,0,0,2021-09-21,2026-07-23,0,,,
NEWS_SENTIMENT_DAILY_AVG,LOW,2014-01-02,3157,3157,1.0,0,0,2014-01-02,2026-07-23,0,,,
NEWS_SENTIMENT_DAILY_AVG,TJX,2014-01-02,3157,3157,1.0,0,0,2014-01-02,2026-07-23,0,,,
NEWS_SENTIMENT_DAILY_AVG,SBUX,2014-01-02,3157,3157,1.0,0,0,2014-01-02,2026-07-23,0,,,
NEWS_SENTIMENT_DAILY_AVG,ABNB,2020-12-10,1409,1409,1.0,0,0,2020-12-10,2026-07-23,0,,,
NEWS_SENTIMENT_DAILY_AVG,7203,2014-01-07,3154,3154,1.0,0,0,2014-01-07,2026-07-23,0,,,
NEWS_SENTIMENT_DAILY_AVG,ITX,2014-01-02,3157,3157,1.0,0,0,2014-01-02,2026-07-23,0,,,
NEWS_SENTIMENT_DAILY_AVG,ABT,2014-01-02,3157,3157,1.0,0,0,2014-01-02,2026-07-23,0,,,
NEWS_SENTIMENT_DAILY_AVG,DHR,2014-01-02,3157,3157,1.0,0,0,2014-01-02,2026-07-23,0,,,
NEWS_SENTIMENT_DAILY_AVG,VRTX,2014-01-02,3157,3157,1.0,0,0,2014-01-02,2026-07-23,0,,,
NEWS_SENTIMENT_DAILY_AVG,SAN,2014-01-02,3157,3157,1.0,0,0,2014-01-02,2026-07-23,0,,,
NEWS_SENTIMENT_DAILY_AVG,GE,2024-04-02,579,579,1.0,0,0,2024-04-02,2026-07-23,0,,,
NEWS_SENTIMENT_DAILY_AVG,TT,2020-03-02,1607,1607,1.0,0,0,2020-03-02,2026-07-23,0,,,
NEWS_SENTIMENT_DAILY_AVG,ABBN,2014-01-02,3157,3157,1.0,0,0,2014-01-02,2026-07-23,0,,,
NEWS_SENTIMENT_DAILY_AVG,KO,2014-01-02,3157,3157,1.0,0,0,2014-01-02,2026-07-23,0,,,
NEWS_SENTIMENT_DAILY_AVG,ULVR,2014-01-02,3157,3157,1.0,0,0,2014-01-02,2026-07-23,0,,,
NEWS_SENTIMENT_DAILY_AVG,ECL,2014-01-02,3157,3157,1.0,0,0,2014-01-02,2026-07-23,0,,,
NEWS_SENTIMENT_DAILY_AVG,AI,2014-01-02,3157,3157,1.0,0,0,2014-01-02,2026-07-23,0,,,
NEWS_SENTIMENT_DAILY_AVG,IBE,2014-01-02,3157,3157,1.0,0,0,2014-01-02,2026-07-23,0,,,
NEWS_SENTIMENT_DAILY_AVG,INTU,2014-01-02,3157,3157,1.0,0,0,2014-01-02,2026-07-23,0,,,
NEWS_SENTIMENT_DAILY_AVG,SNPS,2014-01-02,3157,3157,1.0,0,0,2014-01-02,2026-07-23,0,,,
NEWS_SENTIMENT_DAILY_AVG,APH,2014-01-02,3157,3157,1.0,0,0,2014-01-02,2026-07-23,0,,,
NEWS_SENTIMENT_DAILY_AVG,MSI,2014-01-02,3157,3157,1.0,0,0,2014-01-02,2026-07-23,0,,,
NEWS_SENTIMENT_DAILY_AVG,CRWD,2019-06-12,1788,1788,1.0,0,0,2019-06-12,2026-07-23,0,,,
NEWS_SENTIMENT_DAILY_AVG,NXPI,2014-01-02,3157,3157,1.0,0,0,2014-01-02,2026-07-23,0,,,
NEWS_SENTIMENT_DAILY_AVG,KEYS,2014-10-21,2955,2955,1.0,0,0,2014-10-21,2026-07-23,0,,,
NEWS_SENTIMENT_DAILY_AVG,ADSK,2014-01-02,3157,3157,1.0,0,0,2014-01-02,2026-07-23,0,,,
NEWS_SENTIMENT_DAILY_AVG,WDAY,2014-01-02,3157,3157,1.0,0,0,2014-01-02,2026-07-23,0,,,
NEWS_SENTIMENT_DAILY_AVG,WDC,2025-02-24,355,355,1.0,0,0,2025-02-24,2026-07-23,0,,,
NEWS_SENTIMENT_DAILY_AVG,DDOG,2019-09-19,1719,1719,1.0,0,0,2019-09-19,2026-07-23,0,,,
NEWS_SENTIMENT_DAILY_AVG,FTNT,2014-01-02,3157,3157,1.0,0,0,2014-01-02,2026-07-23,0,,,
NEWS_SENTIMENT_DAILY_AVG,DSY,2014-01-02,3157,3157,1.0,0,0,2014-01-02,2026-07-23,0,,,
NEWS_SENTIMENT_DAILY_AVG,6146,2014-01-07,3154,3154,1.0,0,0,2014-01-07,2026-07-23,0,,,
NEWS_SENTIMENT_DAILY_AVG,6981,2014-01-07,3154,3154,1.0,0,0,2014-01-07,2026-07-23,0,,,
NEWS_SENTIMENT_DAILY_AVG,BRK/B,2014-01-02,3157,3157,1.0,0,0,2014-01-02,2026-07-23,0,,,
NEWS_SENTIMENT_DAILY_AVG,CB,2014-01-02,3157,3157,1.0,0,0,2014-01-02,2026-07-23,0,,,
NEWS_SENTIMENT_DAILY_AVG,ICE,2014-01-02,3157,3157,1.0,0,0,2014-01-02,2026-07-23,0,,,
NEWS_SENTIMENT_DAILY_AVG,MCO,2014-01-02,3157,3157,1.0,0,0,2014-01-02,2026-07-23,0,,,
NEWS_SENTIMENT_DAILY_AVG,PYPL,2015-07-07,2778,2778,1.0,0,0,2015-07-07,2026-07-23,0,,,
NEWS_SENTIMENT_DAILY_AVG,COF,2025-05-19,296,296,1.0,0,0,2025-05-19,2026-07-23,0,,,
NEWS_SENTIMENT_DAILY_AVG,BNP,2014-01-02,3157,3157,1.0,0,0,2014-01-02,2026-07-23,0,,,
NEWS_SENTIMENT_DAILY_AVG,MUV2,2014-01-02,3157,3157,1.0,0,0,2014-01-02,2026-07-23,0,,,
NEWS_SENTIMENT_DAILY_AVG,RTX,2014-01-02,3157,3157,1.0,0,0,2014-01-02,2026-07-23,0,,,
NEWS_SENTIMENT_DAILY_AVG,EMR,2014-01-02,3157,3157,1.0,0,0,2014-01-02,2026-07-23,0,,,
NEWS_SENTIMENT_DAILY_AVG,AXON,2014-01-02,3157,3157,1.0,0,0,2014-01-02,2026-07-23,0,,,
NEWS_SENTIMENT_DAILY_AVG,UBER,2019-05-10,1810,1810,1.0,0,0,2019-05-10,2026-07-23,0,,,
NEWS_SENTIMENT_DAILY_AVG,AIR,2014-01-02,3157,3157,1.0,0,0,2014-01-02,2026-07-23,0,,,
NEWS_SENTIMENT_DAILY_AVG,SAF,2014-01-02,3157,3157,1.0,0,0,2014-01-02,2026-07-23,0,,,
NEWS_SENTIMENT_DAILY_AVG,MRK,2014-01-02,3157,3157,1.0,0,0,2014-01-02,2026-07-23,0,,,
NEWS_SENTIMENT_DAILY_AVG,AMGN,2014-01-02,3157,3157,1.0,0,0,2014-01-02,2026-07-23,0,,,
NEWS_SENTIMENT_DAILY_AVG,SYK,2014-01-02,3157,3157,1.0,0,0,2014-01-02,2026-07-23,0,,,
NEWS_SENTIMENT_DAILY_AVG,MCK,2014-01-02,3157,3157,1.0,0,0,2014-01-02,2026-07-23,0,,,
NEWS_SENTIMENT_DAILY_AVG,NOVN,2014-01-02,3157,3157,1.0,0,0,2014-01-02,2026-07-23,0,,,
NEWS_SENTIMENT_DAILY_AVG,NKE,2014-01-02,3157,3157,1.0,0,0,2014-01-02,2026-07-23,0,,,
NEWS_SENTIMENT_DAILY_AVG,ORLY,2014-01-02,3157,3157,1.0,0,0,2014-01-02,2026-07-23,0,,,
NEWS_SENTIMENT_DAILY_AVG,DASH,2020-12-09,1410,1410,1.0,0,0,2020-12-09,2026-07-23,0,,,
NEWS_SENTIMENT_DAILY_AVG,CFR,2014-01-02,3157,3157,1.0,0,0,2014-01-02,2026-07-23,0,,,
NEWS_SENTIMENT_DAILY_AVG,TTD,2016-09-21,2472,2472,1.0,0,0,2016-09-21,2026-07-23,0,,,
NEWS_SENTIMENT_DAILY_AVG,RBLX,2021-03-10,1349,1349,1.0,0,0,2021-03-10,2026-07-23,0,,,
NEWS_SENTIMENT_DAILY_AVG,9432,2014-01-07,3154,3154,1.0,0,0,2014-01-07,2026-07-23,0,,,
NEWS_SENTIMENT_DAILY_AVG,9433,2014-01-07,3154,3154,1.0,0,0,2014-01-07,2026-07-23,0,,,
NEWS_SENTIMENT_DAILY_AVG,PEP,2014-01-02,3157,3157,1.0,0,0,2014-01-02,2026-07-23,0,,,
NEWS_SENTIMENT_DAILY_AVG,MDLZ,2014-01-02,3157,3157,1.0,0,0,2014-01-02,2026-07-23,0,,,
NEWS_SENTIMENT_DAILY_AVG,OR,2014-01-02,3157,3157,1.0,0,0,2014-01-02,2026-07-23,0,,,
NEWS_SENTIMENT_DAILY_AVG,CVX,2014-01-02,3157,3157,1.0,0,0,2014-01-02,2026-07-23,0,,,
NEWS_SENTIMENT_DAILY_AVG,TTE,2014-01-02,3157,3157,1.0,0,0,2014-01-02,2026-07-23,0,,,
NEWS_SENTIMENT_DAILY_AVG,NEM,2014-01-02,3157,3157,1.0,0,0,2014-01-02,2026-07-23,0,,,
NEWS_SENTIMENT_DAILY_AVG,SHW,2014-01-02,3157,3157,1.0,0,0,2014-01-02,2026-07-23,0,,,
NEWS_SENTIMENT_DAILY_AVG,SO,2014-01-02,3157,3157,1.0,0,0,2014-01-02,2026-07-23,0,,,
EQY_REC_CONS,AAPL,2014-01-02,3157,3157,1.0,0,0,2014-01-02,2026-07-23,0,,,
EQY_REC_CONS,MSFT,2014-01-02,3157,3157,1.0,0,0,2014-01-02,2026-07-23,0,,,
EQY_REC_CONS,GOOGL,2014-01-02,3157,3157,1.0,0,0,2014-01-02,2026-07-23,0,,,
EQY_REC_CONS,AMZN,2014-01-02,3157,3157,1.0,0,0,2014-01-02,2026-07-23,0,,,
EQY_REC_CONS,META,2014-01-02,3157,3157,1.0,0,0,2014-01-02,2026-07-23,0,,,
EQY_REC_CONS,NVDA,2014-01-02,3157,3157,1.0,0,0,2014-01-02,2026-07-23,0,,,
EQY_REC_CONS,TSLA,2014-01-02,3157,3157,1.0,0,0,2014-01-02,2026-07-23,0,,,
EQY_REC_CONS,PLTR,2020-09-30,1459,1459,1.0,0,0,2020-09-30,2026-07-23,0,,,
EQY_REC_CONS,AVGO,2014-01-02,3157,3157,1.0,0,0,2014-01-02,2026-07-23,0,,,
EQY_REC_CONS,MU,2014-01-02,3157,3157,1.0,0,0,2014-01-02,2026-07-23,0,,,
EQY_REC_CONS,GEV,2024-04-02,579,579,1.0,0,0,2024-04-02,2026-07-23,0,,,
EQY_REC_CONS,VRT,2018-08-01,2004,2004,1.0,0,0,2018-08-01,2026-07-23,0,,,
EQY_REC_CONS,BE,2018-07-25,2009,2009,1.0,0,0,2018-07-25,2026-07-23,0,,,
EQY_REC_CONS,LITE,2015-07-27,2764,2764,1.0,0,0,2015-07-27,2026-07-23,0,,,
EQY_REC_CONS,000660,2014-01-02,3157,3157,1.0,0,0,2014-01-02,2026-07-23,0,,,
EQY_REC_CONS,005930,2014-01-02,3157,3157,1.0,0,0,2014-01-02,2026-07-23,0,,,
EQY_REC_CONS,UNH,2014-01-02,3157,3157,1.0,0,0,2014-01-02,2026-07-23,0,,,
EQY_REC_CONS,LLY,2014-01-02,3157,3157,1.0,0,0,2014-01-02,2026-07-23,0,,,
EQY_REC_CONS,ISRG,2014-01-02,3157,3157,1.0,0,0,2014-01-02,2026-07-23,0,,,
EQY_REC_CONS,ABBV,2014-01-02,3157,3157,1.0,0,0,2014-01-02,2026-07-23,0,,,
EQY_REC_CONS,REGN,2014-01-02,3157,3157,1.0,0,0,2014-01-02,2026-07-23,0,,,
EQY_REC_CONS,JPM,2014-01-02,3157,3157,1.0,0,0,2014-01-02,2026-07-23,0,,,
EQY_REC_CONS,V,2014-01-02,3157,3157,1.0,0,0,2014-01-02,2026-07-23,0,,,
EQY_REC_CONS,MA,2014-01-02,3157,3157,1.0,0,0,2014-01-02,2026-07-23,0,,,
EQY_REC_CONS,BLK,2014-01-02,3157,3157,1.0,0,0,2014-01-02,2026-07-23,0,,,
EQY_REC_CONS,SPGI,2014-01-02,3157,3157,1.0,0,0,2014-01-02,2026-07-23,0,,,
EQY_REC_CONS,GS,2014-01-02,3157,3157,1.0,0,0,2014-01-02,2026-07-23,0,,,
EQY_REC_CONS,COST,2014-01-02,3157,3157,1.0,0,0,2014-01-02,2026-07-23,0,,,
EQY_REC_CONS,HD,2014-01-02,3157,3157,1.0,0,0,2014-01-02,2026-07-23,0,,,
EQY_REC_CONS,PG,2014-01-02,3157,3157,1.0,0,0,2014-01-02,2026-07-23,0,,,
EQY_REC_CONS,MCD,2014-01-02,3157,3157,1.0,0,0,2014-01-02,2026-07-23,0,,,
EQY_REC_CONS,WMT,2014-01-02,3157,3157,1.0,0,0,2014-01-02,2026-07-23,0,,,
EQY_REC_CONS,CAT,2014-01-02,3157,3157,1.0,0,0,2014-01-02,2026-07-23,0,,,
EQY_REC_CONS,HON,2014-01-02,3157,3157,1.0,0,0,2014-01-02,2026-07-23,0,,,
EQY_REC_CONS,DE,2014-01-02,3157,3157,1.0,0,0,2014-01-02,2026-07-23,0,,,
EQY_REC_CONS,UNP,2014-01-02,3157,3157,1.0,0,0,2014-01-02,2026-07-23,0,,,
EQY_REC_CONS,LMT,2014-01-02,3157,3157,1.0,0,0,2014-01-02,2026-07-23,0,,,
EQY_REC_CONS,ETN,2014-01-02,3157,3157,1.0,0,0,2014-01-02,2026-07-23,0,,,
EQY_REC_CONS,XOM,2014-01-02,3157,3157,1.0,0,0,2014-01-02,2026-07-23,0,,,
EQY_REC_CONS,LNG,2014-01-02,3157,3157,1.0,0,0,2014-01-02,2026-07-23,0,,,
EQY_REC_CONS,FCX,2014-01-02,3157,3157,1.0,0,0,2014-01-02,2026-07-23,0,,,
EQY_REC_CONS,LIN,2014-01-02,3157,3157,1.0,0,0,2014-01-02,2026-07-23,0,,,
EQY_REC_CONS,NEE,2014-01-02,3157,3157,1.0,0,0,2014-01-02,2026-07-23,0,,,
EQY_REC_CONS,AMT,2014-01-02,3157,3157,1.0,0,0,2014-01-02,2026-07-23,0,,,
EQY_REC_CONS,EQIX,2014-01-02,3157,3157,1.0,0,0,2014-01-02,2026-07-23,0,,,
EQY_REC_CONS,TMUS,2014-01-02,3157,3157,1.0,0,0,2014-01-02,2026-07-23,0,,,
EQY_REC_CONS,PLD,2014-01-02,3157,3157,1.0,0,0,2014-01-02,2026-07-23,0,,,
EQY_REC_CONS,AMD,2014-01-02,3157,3157,1.0,0,0,2014-01-02,2026-07-23,0,,,
EQY_REC_CONS,CRM,2014-01-02,3157,3157,1.0,0,0,2014-01-02,2026-07-23,0,,,
EQY_REC_CONS,NFLX,2014-01-02,3157,3157,1.0,0,0,2014-01-02,2026-07-23,0,,,
EQY_REC_CONS,TER,2014-01-02,3157,3157,1.0,0,0,2014-01-02,2026-07-23,0,,,
EQY_REC_CONS,GLW,2014-01-02,3157,3157,1.0,0,0,2014-01-02,2026-07-23,0,,,
EQY_REC_CONS,JNJ,2014-01-02,3157,3157,1.0,0,0,2014-01-02,2026-07-23,0,,,
EQY_REC_CONS,WFC,2014-01-02,3157,3157,1.0,0,0,2014-01-02,2026-07-23,0,,,
EQY_REC_CONS,MPC,2014-01-02,3157,3157,1.0,0,0,2014-01-02,2026-07-23,0,,,
EQY_REC_CONS,LRCX,2014-01-02,3157,3157,1.0,0,0,2014-01-02,2026-07-23,0,,,
EQY_REC_CONS,AMAT,2014-01-02,3157,3157,1.0,0,0,2014-01-02,2026-07-23,0,,,
EQY_REC_CONS,PANW,2014-01-02,3157,3157,1.0,0,0,2014-01-02,2026-07-23,0,,,
EQY_REC_CONS,FN,2014-01-02,3157,3157,1.0,0,0,2014-01-02,2026-07-23,0,,,
EQY_REC_CONS,MPWR,2014-01-02,3157,3157,1.0,0,0,2014-01-02,2026-07-23,0,,,
EQY_REC_CONS,BAC,2014-01-02,3157,3157,1.0,0,0,2014-01-02,2026-07-23,0,,,
EQY_REC_CONS,CSCO,2014-01-02,3157,3157,1.0,0,0,2014-01-02,2026-07-23,0,,,
EQY_REC_CONS,INTC,2014-01-02,3157,3157,1.0,0,0,2014-01-02,2026-07-23,0,,,
EQY_REC_CONS,ORCL,2014-01-02,3157,3157,1.0,0,0,2014-01-02,2026-07-23,0,,,
EQY_REC_CONS,TSM,2014-01-02,3157,3157,1.0,0,0,2014-01-02,2026-07-23,0,,,
EQY_REC_CONS,SNDK,2025-02-24,355,355,1.0,0,0,2025-02-24,2026-07-23,0,,,
EQY_REC_CONS,KLAC,2014-01-02,3157,3157,1.0,0,0,2014-01-02,2026-07-23,0,,,
EQY_REC_CONS,ANET,2014-06-06,3050,3050,1.0,0,0,2014-06-06,2026-07-23,0,,,
EQY_REC_CONS,MRVL,2014-01-02,3157,3157,1.0,0,0,2014-01-02,2026-07-23,0,,,
EQY_REC_CONS,CDNS,2014-01-02,3157,3157,1.0,0,0,2014-01-02,2026-07-23,0,,,
EQY_REC_CONS,STX,2014-01-02,3157,3157,1.0,0,0,2014-01-02,2026-07-23,0,,,
EQY_REC_CONS,PWR,2014-01-02,3157,3157,1.0,0,0,2014-01-02,2026-07-23,0,,,
EQY_REC_CONS,BX,2014-01-02,3157,3157,1.0,0,0,2014-01-02,2026-07-23,0,,,
EQY_REC_CONS,TMO,2014-01-02,3157,3157,1.0,0,0,2014-01-02,2026-07-23,0,,,
EQY_REC_CONS,BSX,2014-01-02,3157,3157,1.0,0,0,2014-01-02,2026-07-23,0,,,
EQY_REC_CONS,BKNG,2014-01-02,3157,3157,1.0,0,0,2014-01-02,2026-07-23,0,,,
EQY_REC_CONS,PM,2014-01-02,3157,3157,1.0,0,0,2014-01-02,2026-07-23,0,,,
EQY_REC_CONS,WMB,2014-01-02,3157,3157,1.0,0,0,2014-01-02,2026-07-23,0,,,
EQY_REC_CONS,CEG,2022-02-02,1121,1121,1.0,0,0,2022-02-02,2026-07-23,0,,,
EQY_REC_CONS,VST,2016-10-05,2462,2462,1.0,0,0,2016-10-05,2026-07-23,0,,,
EQY_REC_CONS,DLR,2014-01-02,3157,3157,1.0,0,0,2014-01-02,2026-07-23,0,,,
EQY_REC_CONS,ARM,2023-09-14,716,716,1.0,0,0,2023-09-14,2026-07-23,0,,,
EQY_REC_CONS,SPOT,2018-04-03,2088,2088,1.0,0,0,2018-04-03,2026-07-23,0,,,
EQY_REC_CONS,RACE,2015-10-21,2703,2703,1.0,0,0,2015-10-21,2026-07-23,0,,,
EQY_REC_CONS,285A,2024-12-18,398,398,1.0,0,0,2024-12-18,2026-07-23,0,,,
EQY_REC_CONS,6857,2014-01-07,3154,3154,1.0,0,0,2014-01-07,2026-07-23,0,,,
EQY_REC_CONS,SU,2014-01-02,3157,3157,1.0,0,0,2014-01-02,2026-07-23,0,,,
EQY_REC_CONS,SIE,2014-01-02,3157,3157,1.0,0,0,2014-01-02,2026-07-23,0,,,
EQY_REC_CONS,RHM,2014-01-02,3157,3157,1.0,0,0,2014-01-02,2026-07-23,0,,,
EQY_REC_CONS,ALV,2014-01-02,3157,3157,1.0,0,0,2014-01-02,2026-07-23,0,,,
EQY_REC_CONS,MC,2014-01-02,3157,3157,1.0,0,0,2014-01-02,2026-07-23,0,,,
EQY_REC_CONS,NESN,2014-01-02,3157,3157,1.0,0,0,2014-01-02,2026-07-23,0,,,
EQY_REC_CONS,RR/,2014-01-02,3157,3157,1.0,0,0,2014-01-02,2026-07-23,0,,,
EQY_REC_CONS,SAP,2014-01-02,3157,3157,1.0,0,0,2014-01-02,2026-07-23,0,,,
EQY_REC_CONS,ASML,2014-01-02,3157,3157,1.0,0,0,2014-01-02,2026-07-23,0,,,
EQY_REC_CONS,AZN,2014-01-02,3157,3157,1.0,0,0,2014-01-02,2026-07-23,0,,,
EQY_REC_CONS,SHEL,2014-01-02,3157,3157,1.0,0,0,2014-01-02,2026-07-23,0,,,
EQY_REC_CONS,HSBA,2014-01-02,3157,3157,1.0,0,0,2014-01-02,2026-07-23,0,,,
EQY_REC_CONS,NOVOB,2014-01-02,3157,3157,1.0,0,0,2014-01-02,2026-07-23,0,,,
EQY_REC_CONS,RIO,2014-01-02,3157,3157,1.0,0,0,2014-01-02,2026-07-23,0,,,
EQY_REC_CONS,QCOM,2014-01-02,3157,3157,1.0,0,0,2014-01-02,2026-07-23,0,,,
EQY_REC_CONS,TXN,2014-01-02,3157,3157,1.0,0,0,2014-01-02,2026-07-23,0,,,
EQY_REC_CONS,ADBE,2014-01-02,3157,3157,1.0,0,0,2014-01-02,2026-07-23,0,,,
EQY_REC_CONS,NOW,2014-01-02,3157,3157,1.0,0,0,2014-01-02,2026-07-23,0,,,
EQY_REC_CONS,ACN,2014-01-02,3157,3157,1.0,0,0,2014-01-02,2026-07-23,0,,,
EQY_REC_CONS,IBM,2014-01-02,3157,3157,1.0,0,0,2014-01-02,2026-07-23,0,,,
EQY_REC_CONS,ADI,2014-01-02,3157,3157,1.0,0,0,2014-01-02,2026-07-23,0,,,
EQY_REC_CONS,DELL,2018-12-28,1901,1901,1.0,0,0,2018-12-28,2026-07-23,0,,,
EQY_REC_CONS,8035,2014-01-07,3154,3154,1.0,0,0,2014-01-07,2026-07-23,0,,,
EQY_REC_CONS,IFX,2014-01-02,3157,3157,1.0,0,0,2014-01-02,2026-07-23,0,,,
EQY_REC_CONS,MS,2014-01-02,3157,3157,1.0,0,0,2014-01-02,2026-07-23,0,,,
EQY_REC_CONS,SCHW,2014-01-02,3157,3157,1.0,0,0,2014-01-02,2026-07-23,0,,,
EQY_REC_CONS,AXP,2014-01-02,3157,3157,1.0,0,0,2014-01-02,2026-07-23,0,,,
EQY_REC_CONS,PGR,2014-01-02,3157,3157,1.0,0,0,2014-01-02,2026-07-23,0,,,
EQY_REC_CONS,AON,2014-01-02,3157,3157,1.0,0,0,2014-01-02,2026-07-23,0,,,
EQY_REC_CONS,CME,2014-01-02,3157,3157,1.0,0,0,2014-01-02,2026-07-23,0,,,
EQY_REC_CONS,KKR,2014-01-02,3157,3157,1.0,0,0,2014-01-02,2026-07-23,0,,,
EQY_REC_CONS,BN,2022-12-12,905,905,1.0,0,0,2022-12-12,2026-07-23,0,,,
EQY_REC_CONS,C,2014-01-02,3157,3157,1.0,0,0,2014-01-02,2026-07-23,0,,,
EQY_REC_CONS,LSEG,2014-01-02,3157,3157,1.0,0,0,2014-01-02,2026-07-23,0,,,
EQY_REC_CONS,ZURN,2014-01-02,3157,3157,1.0,0,0,2014-01-02,2026-07-23,0,,,
EQY_REC_CONS,CS,2014-01-02,3157,3157,1.0,0,0,2014-01-02,2026-07-23,0,,,
EQY_REC_CONS,8306,2014-01-07,3154,3154,1.0,0,0,2014-01-07,2026-07-23,0,,,
EQY_REC_CONS,DIS,2014-01-02,3157,3157,1.0,0,0,2014-01-02,2026-07-23,0,,,
EQY_REC_CONS,CMCSA,2014-01-02,3157,3157,1.0,0,0,2014-01-02,2026-07-23,0,,,
EQY_REC_CONS,VZ,2014-01-02,3157,3157,1.0,0,0,2014-01-02,2026-07-23,0,,,
EQY_REC_CONS,T,2014-01-02,3157,3157,1.0,0,0,2014-01-02,2026-07-23,0,,,
EQY_REC_CONS,TTWO,2014-01-02,3157,3157,1.0,0,0,2014-01-02,2026-07-23,0,,,
EQY_REC_CONS,PUB,2014-01-02,3157,3157,1.0,0,0,2014-01-02,2026-07-23,0,,,
EQY_REC_CONS,7974,2014-01-07,3154,3154,1.0,0,0,2014-01-07,2026-07-23,0,,,
EQY_REC_CONS,DTE,2014-01-02,3157,3157,1.0,0,0,2014-01-02,2026-07-23,0,,,
EQY_REC_CONS,UMG,2021-09-21,1214,1214,1.0,0,0,2021-09-21,2026-07-23,0,,,
EQY_REC_CONS,LOW,2014-01-02,3157,3157,1.0,0,0,2014-01-02,2026-07-23,0,,,
EQY_REC_CONS,TJX,2014-01-02,3157,3157,1.0,0,0,2014-01-02,2026-07-23,0,,,
EQY_REC_CONS,SBUX,2014-01-02,3157,3157,1.0,0,0,2014-01-02,2026-07-23,0,,,
EQY_REC_CONS,ABNB,2020-12-10,1409,1409,1.0,0,0,2020-12-10,2026-07-23,0,,,
EQY_REC_CONS,7203,2014-01-07,3154,3154,1.0,0,0,2014-01-07,2026-07-23,0,,,
EQY_REC_CONS,ITX,2014-01-02,3157,3157,1.0,0,0,2014-01-02,2026-07-23,0,,,
EQY_REC_CONS,ABT,2014-01-02,3157,3157,1.0,0,0,2014-01-02,2026-07-23,0,,,
EQY_REC_CONS,DHR,2014-01-02,3157,3157,1.0,0,0,2014-01-02,2026-07-23,0,,,
EQY_REC_CONS,VRTX,2014-01-02,3157,3157,1.0,0,0,2014-01-02,2026-07-23,0,,,
EQY_REC_CONS,SAN,2014-01-02,3157,3157,1.0,0,0,2014-01-02,2026-07-23,0,,,
EQY_REC_CONS,GE,2024-04-02,579,579,1.0,0,0,2024-04-02,2026-07-23,0,,,
EQY_REC_CONS,TT,2020-03-02,1607,1607,1.0,0,0,2020-03-02,2026-07-23,0,,,
EQY_REC_CONS,ABBN,2014-01-02,3157,3157,1.0,0,0,2014-01-02,2026-07-23,0,,,
EQY_REC_CONS,KO,2014-01-02,3157,3157,1.0,0,0,2014-01-02,2026-07-23,0,,,
EQY_REC_CONS,ULVR,2014-01-02,3157,3157,1.0,0,0,2014-01-02,2026-07-23,0,,,
EQY_REC_CONS,ECL,2014-01-02,3157,3157,1.0,0,0,2014-01-02,2026-07-23,0,,,
EQY_REC_CONS,AI,2014-01-02,3157,3157,1.0,0,0,2014-01-02,2026-07-23,0,,,
EQY_REC_CONS,IBE,2014-01-02,3157,3157,1.0,0,0,2014-01-02,2026-07-23,0,,,
EQY_REC_CONS,INTU,2014-01-02,3157,3157,1.0,0,0,2014-01-02,2026-07-23,0,,,
EQY_REC_CONS,SNPS,2014-01-02,3157,3157,1.0,0,0,2014-01-02,2026-07-23,0,,,
EQY_REC_CONS,APH,2014-01-02,3157,3157,1.0,0,0,2014-01-02,2026-07-23,0,,,
EQY_REC_CONS,MSI,2014-01-02,3157,3157,1.0,0,0,2014-01-02,2026-07-23,0,,,
EQY_REC_CONS,CRWD,2019-06-12,1788,1788,1.0,0,0,2019-06-12,2026-07-23,0,,,
EQY_REC_CONS,NXPI,2014-01-02,3157,3157,1.0,0,0,2014-01-02,2026-07-23,0,,,
EQY_REC_CONS,KEYS,2014-10-21,2955,2955,1.0,0,0,2014-10-21,2026-07-23,0,,,
EQY_REC_CONS,ADSK,2014-01-02,3157,3157,1.0,0,0,2014-01-02,2026-07-23,0,,,
EQY_REC_CONS,WDAY,2014-01-02,3157,3157,1.0,0,0,2014-01-02,2026-07-23,0,,,
EQY_REC_CONS,WDC,2025-02-24,355,355,1.0,0,0,2025-02-24,2026-07-23,0,,,
EQY_REC_CONS,DDOG,2019-09-19,1719,1719,1.0,0,0,2019-09-19,2026-07-23,0,,,
EQY_REC_CONS,FTNT,2014-01-02,3157,3157,1.0,0,0,2014-01-02,2026-07-23,0,,,
EQY_REC_CONS,DSY,2014-01-02,3157,3157,1.0,0,0,2014-01-02,2026-07-23,0,,,
EQY_REC_CONS,6146,2014-01-07,3154,3154,1.0,0,0,2014-01-07,2026-07-23,0,,,
EQY_REC_CONS,6981,2014-01-07,3154,3154,1.0,0,0,2014-01-07,2026-07-23,0,,,
EQY_REC_CONS,BRK/B,2014-01-02,3157,3157,1.0,0,0,2014-01-02,2026-07-23,0,,,
EQY_REC_CONS,CB,2014-01-02,3157,3157,1.0,0,0,2014-01-02,2026-07-23,0,,,
EQY_REC_CONS,ICE,2014-01-02,3157,3157,1.0,0,0,2014-01-02,2026-07-23,0,,,
EQY_REC_CONS,MCO,2014-01-02,3157,3157,1.0,0,0,2014-01-02,2026-07-23,0,,,
EQY_REC_CONS,PYPL,2015-07-07,2778,2778,1.0,0,0,2015-07-07,2026-07-23,0,,,
EQY_REC_CONS,COF,2025-05-19,296,296,1.0,0,0,2025-05-19,2026-07-23,0,,,
EQY_REC_CONS,BNP,2014-01-02,3157,3157,1.0,0,0,2014-01-02,2026-07-23,0,,,
EQY_REC_CONS,MUV2,2014-01-02,3157,3157,1.0,0,0,2014-01-02,2026-07-23,0,,,
EQY_REC_CONS,RTX,2014-01-02,3157,3157,1.0,0,0,2014-01-02,2026-07-23,0,,,
EQY_REC_CONS,EMR,2014-01-02,3157,3157,1.0,0,0,2014-01-02,2026-07-23,0,,,
EQY_REC_CONS,AXON,2014-01-02,3157,3157,1.0,0,0,2014-01-02,2026-07-23,0,,,
EQY_REC_CONS,UBER,2019-05-10,1810,1810,1.0,0,0,2019-05-10,2026-07-23,0,,,
EQY_REC_CONS,AIR,2014-01-02,3157,3157,1.0,0,0,2014-01-02,2026-07-23,0,,,
EQY_REC_CONS,SAF,2014-01-02,3157,3157,1.0,0,0,2014-01-02,2026-07-23,0,,,
EQY_REC_CONS,MRK,2014-01-02,3157,3157,1.0,0,0,2014-01-02,2026-07-23,0,,,
EQY_REC_CONS,AMGN,2014-01-02,3157,3157,1.0,0,0,2014-01-02,2026-07-23,0,,,
EQY_REC_CONS,SYK,2014-01-02,3157,3157,1.0,0,0,2014-01-02,2026-07-23,0,,,
EQY_REC_CONS,MCK,2014-01-02,3157,3157,1.0,0,0,2014-01-02,2026-07-23,0,,,
EQY_REC_CONS,NOVN,2014-01-02,3157,3157,1.0,0,0,2014-01-02,2026-07-23,0,,,
EQY_REC_CONS,NKE,2014-01-02,3157,3157,1.0,0,0,2014-01-02,2026-07-23,0,,,
EQY_REC_CONS,ORLY,2014-01-02,3157,3157,1.0,0,0,2014-01-02,2026-07-23,0,,,
EQY_REC_CONS,DASH,2020-12-09,1410,1410,1.0,0,0,2020-12-09,2026-07-23,0,,,
EQY_REC_CONS,CFR,2014-01-02,3157,3157,1.0,0,0,2014-01-02,2026-07-23,0,,,
EQY_REC_CONS,TTD,2016-09-21,2472,2472,1.0,0,0,2016-09-21,2026-07-23,0,,,
EQY_REC_CONS,RBLX,2021-03-10,1349,1349,1.0,0,0,2021-03-10,2026-07-23,0,,,
EQY_REC_CONS,9432,2014-01-07,3154,3154,1.0,0,0,2014-01-07,2026-07-23,0,,,
EQY_REC_CONS,9433,2014-01-07,3154,3154,1.0,0,0,2014-01-07,2026-07-23,0,,,
EQY_REC_CONS,PEP,2014-01-02,3157,3157,1.0,0,0,2014-01-02,2026-07-23,0,,,
EQY_REC_CONS,MDLZ,2014-01-02,3157,3157,1.0,0,0,2014-01-02,2026-07-23,0,,,
EQY_REC_CONS,OR,2014-01-02,3157,3157,1.0,0,0,2014-01-02,2026-07-23,0,,,
EQY_REC_CONS,CVX,2014-01-02,3157,3157,1.0,0,0,2014-01-02,2026-07-23,0,,,
EQY_REC_CONS,TTE,2014-01-02,3157,3157,1.0,0,0,2014-01-02,2026-07-23,0,,,
EQY_REC_CONS,NEM,2014-01-02,3157,3157,1.0,0,0,2014-01-02,2026-07-23,0,,,
EQY_REC_CONS,SHW,2014-01-02,3157,3157,1.0,0,0,2014-01-02,2026-07-23,0,,,
EQY_REC_CONS,SO,2014-01-02,3157,3157,1.0,0,0,2014-01-02,2026-07-23,0,,,
SHORT_INT_RATIO,AAPL,2014-01-02,3148,3148,1.0,0,0,2014-01-15,2026-07-23,0,,,
SHORT_INT_RATIO,MSFT,2014-01-02,3148,3148,1.0,0,0,2014-01-15,2026-07-23,0,,,
SHORT_INT_RATIO,GOOGL,2014-01-02,3148,3148,1.0,0,0,2014-01-15,2026-07-23,0,,,
SHORT_INT_RATIO,AMZN,2014-01-02,3148,3148,1.0,0,0,2014-01-15,2026-07-23,0,,,
SHORT_INT_RATIO,META,2014-01-02,3148,3148,1.0,0,0,2014-01-15,2026-07-23,0,,,
SHORT_INT_RATIO,NVDA,2014-01-02,3148,3148,1.0,0,0,2014-01-15,2026-07-23,0,,,
SHORT_INT_RATIO,TSLA,2014-01-02,3148,3148,1.0,0,0,2014-01-15,2026-07-23,0,,,
SHORT_INT_RATIO,PLTR,2020-09-30,1459,1459,1.0,0,0,2020-09-30,2026-07-23,0,,,
SHORT_INT_RATIO,AVGO,2014-01-02,3148,3148,1.0,0,0,2014-01-15,2026-07-23,0,,,
SHORT_INT_RATIO,MU,2014-01-02,3148,3148,1.0,0,0,2014-01-15,2026-07-23,0,,,
SHORT_INT_RATIO,GEV,2024-04-02,579,579,1.0,0,0,2024-04-02,2026-07-23,0,,,
SHORT_INT_RATIO,VRT,2018-08-01,2004,2004,1.0,0,0,2018-08-01,2026-07-23,0,,,
SHORT_INT_RATIO,BE,2018-07-25,2009,2009,1.0,0,0,2018-07-25,2026-07-23,0,,,
SHORT_INT_RATIO,LITE,2015-07-27,2764,2764,1.0,0,0,2015-07-27,2026-07-23,0,,,
SHORT_INT_RATIO,UNH,2014-01-02,3148,3148,1.0,0,0,2014-01-15,2026-07-23,0,,,
SHORT_INT_RATIO,LLY,2014-01-02,3148,3148,1.0,0,0,2014-01-15,2026-07-23,0,,,
SHORT_INT_RATIO,ISRG,2014-01-02,3148,3148,1.0,0,0,2014-01-15,2026-07-23,0,,,
SHORT_INT_RATIO,ABBV,2014-01-02,3148,3148,1.0,0,0,2014-01-15,2026-07-23,0,,,
SHORT_INT_RATIO,REGN,2014-01-02,3148,3148,1.0,0,0,2014-01-15,2026-07-23,0,,,
SHORT_INT_RATIO,JPM,2014-01-02,3148,3148,1.0,0,0,2014-01-15,2026-07-23,0,,,
SHORT_INT_RATIO,V,2014-01-02,3148,3148,1.0,0,0,2014-01-15,2026-07-23,0,,,
SHORT_INT_RATIO,MA,2014-01-02,3148,3148,1.0,0,0,2014-01-15,2026-07-23,0,,,
SHORT_INT_RATIO,BLK,2014-01-02,3148,3148,1.0,0,0,2014-01-15,2026-07-23,0,,,
SHORT_INT_RATIO,SPGI,2014-01-02,3148,3148,1.0,0,0,2014-01-15,2026-07-23,0,,,
SHORT_INT_RATIO,GS,2014-01-02,3148,3148,1.0,0,0,2014-01-15,2026-07-23,0,,,
SHORT_INT_RATIO,COST,2014-01-02,3148,3148,1.0,0,0,2014-01-15,2026-07-23,0,,,
SHORT_INT_RATIO,HD,2014-01-02,3148,3148,1.0,0,0,2014-01-15,2026-07-23,0,,,
SHORT_INT_RATIO,PG,2014-01-02,3148,3148,1.0,0,0,2014-01-15,2026-07-23,0,,,
SHORT_INT_RATIO,MCD,2014-01-02,3148,3148,1.0,0,0,2014-01-15,2026-07-23,0,,,
SHORT_INT_RATIO,WMT,2014-01-02,3148,3148,1.0,0,0,2014-01-15,2026-07-23,0,,,
SHORT_INT_RATIO,CAT,2014-01-02,3148,3148,1.0,0,0,2014-01-15,2026-07-23,0,,,
SHORT_INT_RATIO,HON,2014-01-02,3148,3148,1.0,0,0,2014-01-15,2026-07-23,0,,,
SHORT_INT_RATIO,DE,2014-01-02,3148,3148,1.0,0,0,2014-01-15,2026-07-23,0,,,
SHORT_INT_RATIO,UNP,2014-01-02,3148,3148,1.0,0,0,2014-01-15,2026-07-23,0,,,
SHORT_INT_RATIO,LMT,2014-01-02,3148,3148,1.0,0,0,2014-01-15,2026-07-23,0,,,
SHORT_INT_RATIO,ETN,2014-01-02,3148,3148,1.0,0,0,2014-01-15,2026-07-23,0,,,
SHORT_INT_RATIO,XOM,2014-01-02,3148,3148,1.0,0,0,2014-01-15,2026-07-23,0,,,
SHORT_INT_RATIO,LNG,2014-01-02,3148,3148,1.0,0,0,2014-01-15,2026-07-23,0,,,
SHORT_INT_RATIO,FCX,2014-01-02,3148,3148,1.0,0,0,2014-01-15,2026-07-23,0,,,
SHORT_INT_RATIO,LIN,2014-01-02,3148,3148,1.0,0,0,2014-01-15,2026-07-23,0,,,
SHORT_INT_RATIO,NEE,2014-01-02,3148,3148,1.0,0,0,2014-01-15,2026-07-23,0,,,
SHORT_INT_RATIO,AMT,2014-01-02,3148,3148,1.0,0,0,2014-01-15,2026-07-23,0,,,
SHORT_INT_RATIO,EQIX,2014-01-02,3148,3148,1.0,0,0,2014-01-15,2026-07-23,0,,,
SHORT_INT_RATIO,TMUS,2014-01-02,3148,3148,1.0,0,0,2014-01-15,2026-07-23,0,,,
SHORT_INT_RATIO,PLD,2014-01-02,3148,3148,1.0,0,0,2014-01-15,2026-07-23,0,,,
SHORT_INT_RATIO,AMD,2014-01-02,3148,3148,1.0,0,0,2014-01-15,2026-07-23,0,,,
SHORT_INT_RATIO,CRM,2014-01-02,3148,3148,1.0,0,0,2014-01-15,2026-07-23,0,,,
SHORT_INT_RATIO,NFLX,2014-01-02,3148,3148,1.0,0,0,2014-01-15,2026-07-23,0,,,
SHORT_INT_RATIO,TER,2014-01-02,3148,3148,1.0,0,0,2014-01-15,2026-07-23,0,,,
SHORT_INT_RATIO,GLW,2014-01-02,3148,3148,1.0,0,0,2014-01-15,2026-07-23,0,,,
SHORT_INT_RATIO,JNJ,2014-01-02,3148,3148,1.0,0,0,2014-01-15,2026-07-23,0,,,
SHORT_INT_RATIO,WFC,2014-01-02,3148,3148,1.0,0,0,2014-01-15,2026-07-23,0,,,
SHORT_INT_RATIO,MPC,2014-01-02,3148,3148,1.0,0,0,2014-01-15,2026-07-23,0,,,
SHORT_INT_RATIO,LRCX,2014-01-02,3148,3148,1.0,0,0,2014-01-15,2026-07-23,0,,,
SHORT_INT_RATIO,AMAT,2014-01-02,3148,3148,1.0,0,0,2014-01-15,2026-07-23,0,,,
SHORT_INT_RATIO,PANW,2014-01-02,3148,3148,1.0,0,0,2014-01-15,2026-07-23,0,,,
SHORT_INT_RATIO,FN,2014-01-02,3148,3148,1.0,0,0,2014-01-15,2026-07-23,0,,,
SHORT_INT_RATIO,MPWR,2014-01-02,3148,3148,1.0,0,0,2014-01-15,2026-07-23,0,,,
SHORT_INT_RATIO,BAC,2014-01-02,3148,3148,1.0,0,0,2014-01-15,2026-07-23,0,,,
SHORT_INT_RATIO,CSCO,2014-01-02,3148,3148,1.0,0,0,2014-01-15,2026-07-23,0,,,
SHORT_INT_RATIO,INTC,2014-01-02,3148,3148,1.0,0,0,2014-01-15,2026-07-23,0,,,
SHORT_INT_RATIO,ORCL,2014-01-02,3148,3148,1.0,0,0,2014-01-15,2026-07-23,0,,,
SHORT_INT_RATIO,TSM,2014-01-02,3148,3148,1.0,0,0,2014-01-15,2026-07-23,0,,,
SHORT_INT_RATIO,SNDK,2025-02-24,355,355,1.0,0,0,2025-02-24,2026-07-23,0,,,
SHORT_INT_RATIO,KLAC,2014-01-02,3148,3148,1.0,0,0,2014-01-15,2026-07-23,0,,,
SHORT_INT_RATIO,ANET,2014-06-06,3050,3050,1.0,0,0,2014-06-06,2026-07-23,0,,,
SHORT_INT_RATIO,MRVL,2014-01-02,3148,3148,1.0,0,0,2014-01-15,2026-07-23,0,,,
SHORT_INT_RATIO,CDNS,2014-01-02,3148,3148,1.0,0,0,2014-01-15,2026-07-23,0,,,
SHORT_INT_RATIO,STX,2014-01-02,3148,3148,1.0,0,0,2014-01-15,2026-07-23,0,,,
SHORT_INT_RATIO,PWR,2014-01-02,3148,3148,1.0,0,0,2014-01-15,2026-07-23,0,,,
SHORT_INT_RATIO,BX,2014-01-02,3148,3148,1.0,0,0,2014-01-15,2026-07-23,0,,,
SHORT_INT_RATIO,TMO,2014-01-02,3148,3148,1.0,0,0,2014-01-15,2026-07-23,0,,,
SHORT_INT_RATIO,BSX,2014-01-02,3148,3148,1.0,0,0,2014-01-15,2026-07-23,0,,,
SHORT_INT_RATIO,BKNG,2014-01-02,3148,3148,1.0,0,0,2014-01-15,2026-07-23,0,,,
SHORT_INT_RATIO,PM,2014-01-02,3148,3148,1.0,0,0,2014-01-15,2026-07-23,0,,,
SHORT_INT_RATIO,WMB,2014-01-02,3148,3148,1.0,0,0,2014-01-15,2026-07-23,0,,,
SHORT_INT_RATIO,CEG,2022-02-02,1121,1121,1.0,0,0,2022-02-02,2026-07-23,0,,,
SHORT_INT_RATIO,VST,2016-10-05,2462,2462,1.0,0,0,2016-10-05,2026-07-23,0,,,
SHORT_INT_RATIO,DLR,2014-01-02,3148,3148,1.0,0,0,2014-01-15,2026-07-23,0,,,
SHORT_INT_RATIO,ARM,2023-09-14,716,716,1.0,0,0,2023-09-14,2026-07-23,0,,,
SHORT_INT_RATIO,SPOT,2018-04-03,2088,2088,1.0,0,0,2018-04-03,2026-07-23,0,,,
SHORT_INT_RATIO,RACE,2015-10-21,2703,2703,1.0,0,0,2015-10-21,2026-07-23,0,,,
SHORT_INT_RATIO,6857,2014-01-07,3148,3148,1.0,0,0,2014-01-15,2026-07-23,0,,,
SHORT_INT_RATIO,AZN,2014-01-02,3148,3148,1.0,0,0,2014-01-15,2026-07-23,0,,,
SHORT_INT_RATIO,QCOM,2014-01-02,3148,3148,1.0,0,0,2014-01-15,2026-07-23,0,,,
SHORT_INT_RATIO,TXN,2014-01-02,3148,3148,1.0,0,0,2014-01-15,2026-07-23,0,,,
SHORT_INT_RATIO,ADBE,2014-01-02,3148,3148,1.0,0,0,2014-01-15,2026-07-23,0,,,
SHORT_INT_RATIO,NOW,2014-01-02,3148,3148,1.0,0,0,2014-01-15,2026-07-23,0,,,
SHORT_INT_RATIO,ACN,2014-01-02,3148,3148,1.0,0,0,2014-01-15,2026-07-23,0,,,
SHORT_INT_RATIO,IBM,2014-01-02,3148,3148,1.0,0,0,2014-01-15,2026-07-23,0,,,
SHORT_INT_RATIO,ADI,2014-01-02,3148,3148,1.0,0,0,2014-01-15,2026-07-23,0,,,
SHORT_INT_RATIO,DELL,2018-12-28,1901,1901,1.0,0,0,2018-12-28,2026-07-23,0,,,
SHORT_INT_RATIO,MS,2014-01-02,3148,3148,1.0,0,0,2014-01-15,2026-07-23,0,,,
SHORT_INT_RATIO,SCHW,2014-01-02,3148,3148,1.0,0,0,2014-01-15,2026-07-23,0,,,
SHORT_INT_RATIO,AXP,2014-01-02,3148,3148,1.0,0,0,2014-01-15,2026-07-23,0,,,
SHORT_INT_RATIO,PGR,2014-01-02,3148,3148,1.0,0,0,2014-01-15,2026-07-23,0,,,
SHORT_INT_RATIO,AON,2014-01-02,3148,3148,1.0,0,0,2014-01-15,2026-07-23,0,,,
SHORT_INT_RATIO,CME,2014-01-02,3148,3148,1.0,0,0,2014-01-15,2026-07-23,0,,,
SHORT_INT_RATIO,KKR,2014-01-02,3148,3148,1.0,0,0,2014-01-15,2026-07-23,0,,,
SHORT_INT_RATIO,BN,2022-12-12,905,905,1.0,0,0,2022-12-12,2026-07-23,0,,,
SHORT_INT_RATIO,C,2014-01-02,3148,3148,1.0,0,0,2014-01-15,2026-07-23,0,,,
SHORT_INT_RATIO,8306,2014-01-07,3148,3148,1.0,0,0,2014-01-15,2026-07-23,0,,,
SHORT_INT_RATIO,DIS,2014-01-02,3148,3148,1.0,0,0,2014-01-15,2026-07-23,0,,,
SHORT_INT_RATIO,CMCSA,2014-01-02,3148,3148,1.0,0,0,2014-01-15,2026-07-23,0,,,
SHORT_INT_RATIO,VZ,2014-01-02,3148,3148,1.0,0,0,2014-01-15,2026-07-23,0,,,
SHORT_INT_RATIO,T,2014-01-02,3148,3148,1.0,0,0,2014-01-15,2026-07-23,0,,,
SHORT_INT_RATIO,TTWO,2014-01-02,3148,3148,1.0,0,0,2014-01-15,2026-07-23,0,,,
SHORT_INT_RATIO,LOW,2014-01-02,3148,3148,1.0,0,0,2014-01-15,2026-07-23,0,,,
SHORT_INT_RATIO,TJX,2014-01-02,3148,3148,1.0,0,0,2014-01-15,2026-07-23,0,,,
SHORT_INT_RATIO,SBUX,2014-01-02,3148,3148,1.0,0,0,2014-01-15,2026-07-23,0,,,
SHORT_INT_RATIO,ABNB,2020-12-10,1409,1409,1.0,0,0,2020-12-10,2026-07-23,0,,,
SHORT_INT_RATIO,ABT,2014-01-02,3148,3148,1.0,0,0,2014-01-15,2026-07-23,0,,,
SHORT_INT_RATIO,DHR,2014-01-02,3148,3148,1.0,0,0,2014-01-15,2026-07-23,0,,,
SHORT_INT_RATIO,VRTX,2014-01-02,3148,3148,1.0,0,0,2014-01-15,2026-07-23,0,,,
SHORT_INT_RATIO,GE,2024-04-02,579,579,1.0,0,0,2024-04-02,2026-07-23,0,,,
SHORT_INT_RATIO,TT,2020-03-02,1607,1607,1.0,0,0,2020-03-02,2026-07-23,0,,,
SHORT_INT_RATIO,ABBN,2014-01-02,3148,3148,1.0,0,0,2014-01-15,2026-07-23,0,,,
SHORT_INT_RATIO,KO,2014-01-02,3148,3148,1.0,0,0,2014-01-15,2026-07-23,0,,,
SHORT_INT_RATIO,ULVR,2014-01-02,3148,3148,1.0,0,0,2014-01-15,2026-07-23,0,,,
SHORT_INT_RATIO,ECL,2014-01-02,3148,3148,1.0,0,0,2014-01-15,2026-07-23,0,,,
SHORT_INT_RATIO,INTU,2014-01-02,3148,3148,1.0,0,0,2014-01-15,2026-07-23,0,,,
SHORT_INT_RATIO,SNPS,2014-01-02,3148,3148,1.0,0,0,2014-01-15,2026-07-23,0,,,
SHORT_INT_RATIO,APH,2014-01-02,3148,3148,1.0,0,0,2014-01-15,2026-07-23,0,,,
SHORT_INT_RATIO,MSI,2014-01-02,3148,3148,1.0,0,0,2014-01-15,2026-07-23,0,,,
SHORT_INT_RATIO,CRWD,2019-06-12,1788,1788,1.0,0,0,2019-06-12,2026-07-23,0,,,
SHORT_INT_RATIO,NXPI,2014-01-02,3148,3148,1.0,0,0,2014-01-15,2026-07-23,0,,,
SHORT_INT_RATIO,KEYS,2014-10-21,2955,2955,1.0,0,0,2014-10-21,2026-07-23,0,,,
SHORT_INT_RATIO,ADSK,2014-01-02,3148,3148,1.0,0,0,2014-01-15,2026-07-23,0,,,
SHORT_INT_RATIO,WDAY,2014-01-02,3148,3148,1.0,0,0,2014-01-15,2026-07-23,0,,,
SHORT_INT_RATIO,WDC,2025-02-24,355,355,1.0,0,0,2025-02-24,2026-07-23,0,,,
SHORT_INT_RATIO,DDOG,2019-09-19,1719,1719,1.0,0,0,2019-09-19,2026-07-23,0,,,
SHORT_INT_RATIO,FTNT,2014-01-02,3148,3148,1.0,0,0,2014-01-15,2026-07-23,0,,,
SHORT_INT_RATIO,DSY,2014-01-02,3148,3148,1.0,0,0,2014-01-15,2026-07-23,0,,,
SHORT_INT_RATIO,BRK/B,2014-01-02,3148,3148,1.0,0,0,2014-01-15,2026-07-23,0,,,
SHORT_INT_RATIO,CB,2014-01-02,3148,3148,1.0,0,0,2014-01-15,2026-07-23,0,,,
SHORT_INT_RATIO,ICE,2014-01-02,3148,3148,1.0,0,0,2014-01-15,2026-07-23,0,,,
SHORT_INT_RATIO,MCO,2014-01-02,3148,3148,1.0,0,0,2014-01-15,2026-07-23,0,,,
SHORT_INT_RATIO,PYPL,2015-07-07,2778,2778,1.0,0,0,2015-07-07,2026-07-23,0,,,
SHORT_INT_RATIO,COF,2025-05-19,296,296,1.0,0,0,2025-05-19,2026-07-23,0,,,
SHORT_INT_RATIO,RTX,2014-01-02,3148,3148,1.0,0,0,2014-01-15,2026-07-23,0,,,
SHORT_INT_RATIO,EMR,2014-01-02,3148,3148,1.0,0,0,2014-01-15,2026-07-23,0,,,
SHORT_INT_RATIO,AXON,2014-01-02,3148,3148,1.0,0,0,2014-01-15,2026-07-23,0,,,
SHORT_INT_RATIO,UBER,2019-05-10,1810,1810,1.0,0,0,2019-05-10,2026-07-23,0,,,
SHORT_INT_RATIO,MRK,2014-01-02,3148,3148,1.0,0,0,2014-01-15,2026-07-23,0,,,
SHORT_INT_RATIO,AMGN,2014-01-02,3148,3148,1.0,0,0,2014-01-15,2026-07-23,0,,,
SHORT_INT_RATIO,SYK,2014-01-02,3148,3148,1.0,0,0,2014-01-15,2026-07-23,0,,,
SHORT_INT_RATIO,MCK,2014-01-02,3148,3148,1.0,0,0,2014-01-15,2026-07-23,0,,,
SHORT_INT_RATIO,NKE,2014-01-02,3148,3148,1.0,0,0,2014-01-15,2026-07-23,0,,,
SHORT_INT_RATIO,ORLY,2014-01-02,3148,3148,1.0,0,0,2014-01-15,2026-07-23,0,,,
SHORT_INT_RATIO,DASH,2020-12-09,1410,1410,1.0,0,0,2020-12-09,2026-07-23,0,,,
SHORT_INT_RATIO,TTD,2016-09-21,2472,2472,1.0,0,0,2016-09-21,2026-07-23,0,,,
SHORT_INT_RATIO,RBLX,2021-03-10,1349,1349,1.0,0,0,2021-03-10,2026-07-23,0,,,
SHORT_INT_RATIO,9432,2014-01-07,3148,3148,1.0,0,0,2014-01-15,2026-07-23,0,,,
SHORT_INT_RATIO,PEP,2014-01-02,3148,3148,1.0,0,0,2014-01-15,2026-07-23,0,,,
SHORT_INT_RATIO,MDLZ,2014-01-02,3148,3148,1.0,0,0,2014-01-15,2026-07-23,0,,,
SHORT_INT_RATIO,CVX,2014-01-02,3148,3148,1.0,0,0,2014-01-15,2026-07-23,0,,,
SHORT_INT_RATIO,TTE,2014-01-02,3148,3148,1.0,0,0,2014-01-15,2026-07-23,0,,,
SHORT_INT_RATIO,NEM,2014-01-02,3148,3148,1.0,0,0,2014-01-15,2026-07-23,0,,,
SHORT_INT_RATIO,SHW,2014-01-02,3148,3148,1.0,0,0,2014-01-15,2026-07-23,0,,,
SHORT_INT_RATIO,SO,2014-01-02,3148,3148,1.0,0,0,2014-01-15,2026-07-23,0,,,
Earnings_Date,AAPL,2014-01-02,3157,3157,1.0,0,0,2014-01-02,2026-07-23,0,,,
Earnings_Date,MSFT,2014-01-02,3157,3157,1.0,0,0,2014-01-02,2026-07-23,0,,,
Earnings_Date,GOOGL,2014-01-02,3157,3157,1.0,0,0,2014-01-02,2026-07-23,0,,,
Earnings_Date,AMZN,2014-01-02,3157,3157,1.0,0,0,2014-01-02,2026-07-23,0,,,
Earnings_Date,META,2014-01-02,3157,3157,1.0,0,0,2014-01-02,2026-07-23,0,,,
Earnings_Date,NVDA,2014-01-02,3157,3157,1.0,0,0,2014-01-02,2026-07-23,0,,,
Earnings_Date,TSLA,2014-01-02,3157,3157,1.0,0,0,2014-01-02,2026-07-23,0,,,
Earnings_Date,PLTR,2020-09-30,1459,1459,1.0,0,0,2020-09-30,2026-07-23,0,,,
Earnings_Date,AVGO,2014-01-02,3157,3157,1.0,0,0,2014-01-02,2026-07-23,0,,,
Earnings_Date,MU,2014-01-02,3157,3157,1.0,0,0,2014-01-02,2026-07-23,0,,,
Earnings_Date,GEV,2024-04-02,579,579,1.0,0,0,2024-04-02,2026-07-23,0,,,
Earnings_Date,VRT,2018-08-01,2004,2004,1.0,0,0,2018-08-01,2026-07-23,0,,,
Earnings_Date,BE,2018-07-25,2009,2009,1.0,0,0,2018-07-25,2026-07-23,0,,,
Earnings_Date,LITE,2015-07-27,2764,2764,1.0,0,0,2015-07-27,2026-07-23,0,,,
Earnings_Date,000660,2014-01-02,3157,3157,1.0,0,0,2014-01-02,2026-07-23,0,,,
Earnings_Date,005930,2014-01-02,3157,3157,1.0,0,0,2014-01-02,2026-07-23,0,,,
Earnings_Date,UNH,2014-01-02,3157,3157,1.0,0,0,2014-01-02,2026-07-23,0,,,
Earnings_Date,LLY,2014-01-02,3157,3157,1.0,0,0,2014-01-02,2026-07-23,0,,,
Earnings_Date,ISRG,2014-01-02,3157,3157,1.0,0,0,2014-01-02,2026-07-23,0,,,
Earnings_Date,ABBV,2014-01-02,3157,3157,1.0,0,0,2014-01-02,2026-07-23,0,,,
Earnings_Date,REGN,2014-01-02,3157,3157,1.0,0,0,2014-01-02,2026-07-23,0,,,
Earnings_Date,JPM,2014-01-02,3157,3157,1.0,0,0,2014-01-02,2026-07-23,0,,,
Earnings_Date,V,2014-01-02,3157,3157,1.0,0,0,2014-01-02,2026-07-23,0,,,
Earnings_Date,MA,2014-01-02,3157,3157,1.0,0,0,2014-01-02,2026-07-23,0,,,
Earnings_Date,BLK,2014-01-02,3157,3157,1.0,0,0,2014-01-02,2026-07-23,0,,,
Earnings_Date,SPGI,2014-01-02,3157,3157,1.0,0,0,2014-01-02,2026-07-23,0,,,
Earnings_Date,GS,2014-01-02,3157,3157,1.0,0,0,2014-01-02,2026-07-23,0,,,
Earnings_Date,COST,2014-01-02,3157,3157,1.0,0,0,2014-01-02,2026-07-23,0,,,
Earnings_Date,HD,2014-01-02,3157,3157,1.0,0,0,2014-01-02,2026-07-23,0,,,
Earnings_Date,PG,2014-01-02,3157,3157,1.0,0,0,2014-01-02,2026-07-23,0,,,
Earnings_Date,MCD,2014-01-02,3157,3157,1.0,0,0,2014-01-02,2026-07-23,0,,,
Earnings_Date,WMT,2014-01-02,3157,3157,1.0,0,0,2014-01-02,2026-07-23,0,,,
Earnings_Date,CAT,2014-01-02,3157,3157,1.0,0,0,2014-01-02,2026-07-23,0,,,
Earnings_Date,HON,2014-01-02,3157,3157,1.0,0,0,2014-01-02,2026-07-23,0,,,
Earnings_Date,DE,2014-01-02,3157,3157,1.0,0,0,2014-01-02,2026-07-23,0,,,
Earnings_Date,UNP,2014-01-02,3157,3157,1.0,0,0,2014-01-02,2026-07-23,0,,,
Earnings_Date,LMT,2014-01-02,3157,3157,1.0,0,0,2014-01-02,2026-07-23,0,,,
Earnings_Date,ETN,2014-01-02,3157,3157,1.0,0,0,2014-01-02,2026-07-23,0,,,
Earnings_Date,XOM,2014-01-02,3157,3157,1.0,0,0,2014-01-02,2026-07-23,0,,,
Earnings_Date,LNG,2014-01-02,3157,3157,1.0,0,0,2014-01-02,2026-07-23,0,,,
Earnings_Date,FCX,2014-01-02,3157,3157,1.0,0,0,2014-01-02,2026-07-23,0,,,
Earnings_Date,LIN,2014-01-02,3157,3157,1.0,0,0,2014-01-02,2026-07-23,0,,,
Earnings_Date,NEE,2014-01-02,3157,3157,1.0,0,0,2014-01-02,2026-07-23,0,,,
Earnings_Date,AMT,2014-01-02,3157,3157,1.0,0,0,2014-01-02,2026-07-23,0,,,
Earnings_Date,EQIX,2014-01-02,3157,3157,1.0,0,0,2014-01-02,2026-07-23,0,,,
Earnings_Date,TMUS,2014-01-02,3157,3157,1.0,0,0,2014-01-02,2026-07-23,0,,,
Earnings_Date,PLD,2014-01-02,3157,3157,1.0,0,0,2014-01-02,2026-07-23,0,,,
Earnings_Date,AMD,2014-01-02,3157,3157,1.0,0,0,2014-01-02,2026-07-23,0,,,
Earnings_Date,CRM,2014-01-02,3157,3157,1.0,0,0,2014-01-02,2026-07-23,0,,,
Earnings_Date,NFLX,2014-01-02,3157,3157,1.0,0,0,2014-01-02,2026-07-23,0,,,
Earnings_Date,TER,2014-01-02,3157,3157,1.0,0,0,2014-01-02,2026-07-23,0,,,
Earnings_Date,GLW,2014-01-02,3157,3157,1.0,0,0,2014-01-02,2026-07-23,0,,,
Earnings_Date,JNJ,2014-01-02,3157,3157,1.0,0,0,2014-01-02,2026-07-23,0,,,
Earnings_Date,WFC,2014-01-02,3157,3157,1.0,0,0,2014-01-02,2026-07-23,0,,,
Earnings_Date,MPC,2014-01-02,3157,3157,1.0,0,0,2014-01-02,2026-07-23,0,,,
Earnings_Date,LRCX,2014-01-02,3157,3157,1.0,0,0,2014-01-02,2026-07-23,0,,,
Earnings_Date,AMAT,2014-01-02,3157,3157,1.0,0,0,2014-01-02,2026-07-23,0,,,
Earnings_Date,PANW,2014-01-02,3157,3157,1.0,0,0,2014-01-02,2026-07-23,0,,,
Earnings_Date,FN,2014-01-02,3157,3157,1.0,0,0,2014-01-02,2026-07-23,0,,,
Earnings_Date,MPWR,2014-01-02,3157,3157,1.0,0,0,2014-01-02,2026-07-23,0,,,
Earnings_Date,BAC,2014-01-02,3157,3157,1.0,0,0,2014-01-02,2026-07-23,0,,,
Earnings_Date,CSCO,2014-01-02,3157,3157,1.0,0,0,2014-01-02,2026-07-23,0,,,
Earnings_Date,INTC,2014-01-02,3157,3157,1.0,0,0,2014-01-02,2026-07-23,0,,,
Earnings_Date,ORCL,2014-01-02,3157,3157,1.0,0,0,2014-01-02,2026-07-23,0,,,
Earnings_Date,TSM,2014-01-02,3157,3157,1.0,0,0,2014-01-02,2026-07-23,0,,,
Earnings_Date,SNDK,2025-02-24,355,355,1.0,0,0,2025-02-24,2026-07-23,0,,,
Earnings_Date,KLAC,2014-01-02,3157,3157,1.0,0,0,2014-01-02,2026-07-23,0,,,
Earnings_Date,ANET,2014-06-06,3050,3050,1.0,0,0,2014-06-06,2026-07-23,0,,,
Earnings_Date,MRVL,2014-01-02,3157,3157,1.0,0,0,2014-01-02,2026-07-23,0,,,
Earnings_Date,CDNS,2014-01-02,3157,3157,1.0,0,0,2014-01-02,2026-07-23,0,,,
Earnings_Date,STX,2014-01-02,3157,3157,1.0,0,0,2014-01-02,2026-07-23,0,,,
Earnings_Date,PWR,2014-01-02,3157,3157,1.0,0,0,2014-01-02,2026-07-23,0,,,
Earnings_Date,BX,2014-01-02,3157,3157,1.0,0,0,2014-01-02,2026-07-23,0,,,
Earnings_Date,TMO,2014-01-02,3157,3157,1.0,0,0,2014-01-02,2026-07-23,0,,,
Earnings_Date,BSX,2014-01-02,3157,3157,1.0,0,0,2014-01-02,2026-07-23,0,,,
Earnings_Date,BKNG,2014-01-02,3157,3157,1.0,0,0,2014-01-02,2026-07-23,0,,,
Earnings_Date,PM,2014-01-02,3157,3157,1.0,0,0,2014-01-02,2026-07-23,0,,,
Earnings_Date,WMB,2014-01-02,3157,3157,1.0,0,0,2014-01-02,2026-07-23,0,,,
Earnings_Date,CEG,2022-02-02,1121,1121,1.0,0,0,2022-02-02,2026-07-23,0,,,
Earnings_Date,VST,2016-10-05,2462,2462,1.0,0,0,2016-10-05,2026-07-23,0,,,
Earnings_Date,DLR,2014-01-02,3157,3157,1.0,0,0,2014-01-02,2026-07-23,0,,,
Earnings_Date,ARM,2023-09-14,716,716,1.0,0,0,2023-09-14,2026-07-23,0,,,
Earnings_Date,SPOT,2018-04-03,2088,2088,1.0,0,0,2018-04-03,2026-07-23,0,,,
Earnings_Date,RACE,2015-10-21,2703,2703,1.0,0,0,2015-10-21,2026-07-23,0,,,
Earnings_Date,285A,2024-12-18,398,398,1.0,0,0,2024-12-18,2026-07-23,0,,,
Earnings_Date,6857,2014-01-07,3154,3154,1.0,0,0,2014-01-07,2026-07-23,0,,,
Earnings_Date,SU,2014-01-02,3157,3157,1.0,0,0,2014-01-02,2026-07-23,0,,,
Earnings_Date,SIE,2014-01-02,3157,3157,1.0,0,0,2014-01-02,2026-07-23,0,,,
Earnings_Date,RHM,2014-01-02,3157,3157,1.0,0,0,2014-01-02,2026-07-23,0,,,
Earnings_Date,ALV,2014-01-02,3157,3157,1.0,0,0,2014-01-02,2026-07-23,0,,,
Earnings_Date,MC,2014-01-02,3157,3157,1.0,0,0,2014-01-02,2026-07-23,0,,,
Earnings_Date,NESN,2014-01-02,3157,3157,1.0,0,0,2014-01-02,2026-07-23,0,,,
Earnings_Date,RR/,2014-01-02,3157,3157,1.0,0,0,2014-01-02,2026-07-23,0,,,
Earnings_Date,SAP,2014-01-02,3157,3157,1.0,0,0,2014-01-02,2026-07-23,0,,,
Earnings_Date,ASML,2014-01-02,3157,3157,1.0,0,0,2014-01-02,2026-07-23,0,,,
Earnings_Date,AZN,2014-01-02,3157,3157,1.0,0,0,2014-01-02,2026-07-23,0,,,
Earnings_Date,SHEL,2014-01-02,3157,3157,1.0,0,0,2014-01-02,2026-07-23,0,,,
Earnings_Date,HSBA,2014-01-02,3157,3157,1.0,0,0,2014-01-02,2026-07-23,0,,,
Earnings_Date,NOVOB,2014-01-02,3157,3157,1.0,0,0,2014-01-02,2026-07-23,0,,,
Earnings_Date,RIO,2014-01-02,3157,3157,1.0,0,0,2014-01-02,2026-07-23,0,,,
Earnings_Date,QCOM,2014-01-02,3157,3157,1.0,0,0,2014-01-02,2026-07-23,0,,,
Earnings_Date,TXN,2014-01-02,3157,3157,1.0,0,0,2014-01-02,2026-07-23,0,,,
Earnings_Date,ADBE,2014-01-02,3157,3157,1.0,0,0,2014-01-02,2026-07-23,0,,,
Earnings_Date,NOW,2014-01-02,3157,3157,1.0,0,0,2014-01-02,2026-07-23,0,,,
Earnings_Date,ACN,2014-01-02,3157,3157,1.0,0,0,2014-01-02,2026-07-23,0,,,
Earnings_Date,IBM,2014-01-02,3157,3157,1.0,0,0,2014-01-02,2026-07-23,0,,,
Earnings_Date,ADI,2014-01-02,3157,3157,1.0,0,0,2014-01-02,2026-07-23,0,,,
Earnings_Date,DELL,2018-12-28,1901,1901,1.0,0,0,2018-12-28,2026-07-23,0,,,
Earnings_Date,8035,2014-01-07,3154,3154,1.0,0,0,2014-01-07,2026-07-23,0,,,
Earnings_Date,IFX,2014-01-02,3157,3157,1.0,0,0,2014-01-02,2026-07-23,0,,,
Earnings_Date,MS,2014-01-02,3157,3157,1.0,0,0,2014-01-02,2026-07-23,0,,,
Earnings_Date,SCHW,2014-01-02,3157,3157,1.0,0,0,2014-01-02,2026-07-23,0,,,
Earnings_Date,AXP,2014-01-02,3157,3157,1.0,0,0,2014-01-02,2026-07-23,0,,,
Earnings_Date,PGR,2014-01-02,3157,3157,1.0,0,0,2014-01-02,2026-07-23,0,,,
Earnings_Date,AON,2014-01-02,3157,3157,1.0,0,0,2014-01-02,2026-07-23,0,,,
Earnings_Date,CME,2014-01-02,3157,3157,1.0,0,0,2014-01-02,2026-07-23,0,,,
Earnings_Date,KKR,2014-01-02,3157,3157,1.0,0,0,2014-01-02,2026-07-23,0,,,
Earnings_Date,BN,2022-12-12,905,905,1.0,0,0,2022-12-12,2026-07-23,0,,,
Earnings_Date,C,2014-01-02,3157,3157,1.0,0,0,2014-01-02,2026-07-23,0,,,
Earnings_Date,LSEG,2014-01-02,3157,3157,1.0,0,0,2014-01-02,2026-07-23,0,,,
Earnings_Date,ZURN,2014-01-02,3157,3157,1.0,0,0,2014-01-02,2026-07-23,0,,,
Earnings_Date,CS,2014-01-02,3157,3157,1.0,0,0,2014-01-02,2026-07-23,0,,,
Earnings_Date,8306,2014-01-07,3154,3154,1.0,0,0,2014-01-07,2026-07-23,0,,,
Earnings_Date,DIS,2014-01-02,3157,3157,1.0,0,0,2014-01-02,2026-07-23,0,,,
Earnings_Date,CMCSA,2014-01-02,3157,3157,1.0,0,0,2014-01-02,2026-07-23,0,,,
Earnings_Date,VZ,2014-01-02,3157,3157,1.0,0,0,2014-01-02,2026-07-23,0,,,
Earnings_Date,T,2014-01-02,3157,3157,1.0,0,0,2014-01-02,2026-07-23,0,,,
Earnings_Date,TTWO,2014-01-02,3157,3157,1.0,0,0,2014-01-02,2026-07-23,0,,,
Earnings_Date,PUB,2014-01-02,3157,3157,1.0,0,0,2014-01-02,2026-07-23,0,,,
Earnings_Date,7974,2014-01-07,3154,3154,1.0,0,0,2014-01-07,2026-07-23,0,,,
Earnings_Date,DTE,2014-01-02,3157,3157,1.0,0,0,2014-01-02,2026-07-23,0,,,
Earnings_Date,UMG,2021-09-21,1214,1214,1.0,0,0,2021-09-21,2026-07-23,0,,,
Earnings_Date,LOW,2014-01-02,3157,3157,1.0,0,0,2014-01-02,2026-07-23,0,,,
Earnings_Date,TJX,2014-01-02,3157,3157,1.0,0,0,2014-01-02,2026-07-23,0,,,
Earnings_Date,SBUX,2014-01-02,3157,3157,1.0,0,0,2014-01-02,2026-07-23,0,,,
Earnings_Date,ABNB,2020-12-10,1409,1409,1.0,0,0,2020-12-10,2026-07-23,0,,,
Earnings_Date,7203,2014-01-07,3154,3154,1.0,0,0,2014-01-07,2026-07-23,0,,,
Earnings_Date,ITX,2014-01-02,3157,3157,1.0,0,0,2014-01-02,2026-07-23,0,,,
Earnings_Date,ABT,2014-01-02,3157,3157,1.0,0,0,2014-01-02,2026-07-23,0,,,
Earnings_Date,DHR,2014-01-02,3157,3157,1.0,0,0,2014-01-02,2026-07-23,0,,,
Earnings_Date,VRTX,2014-01-02,3157,3157,1.0,0,0,2014-01-02,2026-07-23,0,,,
Earnings_Date,SAN,2014-01-02,3157,3157,1.0,0,0,2014-01-02,2026-07-23,0,,,
Earnings_Date,GE,2024-04-02,579,579,1.0,0,0,2024-04-02,2026-07-23,0,,,
Earnings_Date,TT,2020-03-02,1607,1607,1.0,0,0,2020-03-02,2026-07-23,0,,,
Earnings_Date,ABBN,2014-01-02,3157,3157,1.0,0,0,2014-01-02,2026-07-23,0,,,
Earnings_Date,KO,2014-01-02,3157,3157,1.0,0,0,2014-01-02,2026-07-23,0,,,
Earnings_Date,ULVR,2014-01-02,3157,3157,1.0,0,0,2014-01-02,2026-07-23,0,,,
Earnings_Date,ECL,2014-01-02,3157,3157,1.0,0,0,2014-01-02,2026-07-23,0,,,
Earnings_Date,AI,2014-01-02,3157,3157,1.0,0,0,2014-01-02,2026-07-23,0,,,
Earnings_Date,IBE,2014-01-02,3157,3157,1.0,0,0,2014-01-02,2026-07-23,0,,,
Earnings_Date,INTU,2014-01-02,3157,3157,1.0,0,0,2014-01-02,2026-07-23,0,,,
Earnings_Date,SNPS,2014-01-02,3157,3157,1.0,0,0,2014-01-02,2026-07-23,0,,,
Earnings_Date,APH,2014-01-02,3157,3157,1.0,0,0,2014-01-02,2026-07-23,0,,,
Earnings_Date,MSI,2014-01-02,3157,3157,1.0,0,0,2014-01-02,2026-07-23,0,,,
Earnings_Date,CRWD,2019-06-12,1788,1788,1.0,0,0,2019-06-12,2026-07-23,0,,,
Earnings_Date,NXPI,2014-01-02,3157,3157,1.0,0,0,2014-01-02,2026-07-23,0,,,
Earnings_Date,KEYS,2014-10-21,2955,2955,1.0,0,0,2014-10-21,2026-07-23,0,,,
Earnings_Date,ADSK,2014-01-02,3157,3157,1.0,0,0,2014-01-02,2026-07-23,0,,,
Earnings_Date,WDAY,2014-01-02,3157,3157,1.0,0,0,2014-01-02,2026-07-23,0,,,
Earnings_Date,WDC,2025-02-24,355,355,1.0,0,0,2025-02-24,2026-07-23,0,,,
Earnings_Date,DDOG,2019-09-19,1719,1719,1.0,0,0,2019-09-19,2026-07-23,0,,,
Earnings_Date,FTNT,2014-01-02,3157,3157,1.0,0,0,2014-01-02,2026-07-23,0,,,
Earnings_Date,DSY,2014-01-02,3157,3157,1.0,0,0,2014-01-02,2026-07-23,0,,,
Earnings_Date,6146,2014-01-07,3154,3154,1.0,0,0,2014-01-07,2026-07-23,0,,,
Earnings_Date,6981,2014-01-07,3154,3154,1.0,0,0,2014-01-07,2026-07-23,0,,,
Earnings_Date,BRK/B,2014-01-02,3157,3157,1.0,0,0,2014-01-02,2026-07-23,0,,,
Earnings_Date,CB,2014-01-02,3157,3157,1.0,0,0,2014-01-02,2026-07-23,0,,,
Earnings_Date,ICE,2014-01-02,3157,3157,1.0,0,0,2014-01-02,2026-07-23,0,,,
Earnings_Date,MCO,2014-01-02,3157,3157,1.0,0,0,2014-01-02,2026-07-23,0,,,
Earnings_Date,PYPL,2015-07-07,2778,2778,1.0,0,0,2015-07-07,2026-07-23,0,,,
Earnings_Date,COF,2025-05-19,296,296,1.0,0,0,2025-05-19,2026-07-23,0,,,
Earnings_Date,BNP,2014-01-02,3157,3157,1.0,0,0,2014-01-02,2026-07-23,0,,,
Earnings_Date,MUV2,2014-01-02,3157,3157,1.0,0,0,2014-01-02,2026-07-23,0,,,
Earnings_Date,RTX,2014-01-02,3157,3157,1.0,0,0,2014-01-02,2026-07-23,0,,,
Earnings_Date,EMR,2014-01-02,3157,3157,1.0,0,0,2014-01-02,2026-07-23,0,,,
Earnings_Date,AXON,2014-01-02,3157,3157,1.0,0,0,2014-01-02,2026-07-23,0,,,
Earnings_Date,UBER,2019-05-10,1810,1810,1.0,0,0,2019-05-10,2026-07-23,0,,,
Earnings_Date,AIR,2014-01-02,3157,3157,1.0,0,0,2014-01-02,2026-07-23,0,,,
Earnings_Date,SAF,2014-01-02,3157,3157,1.0,0,0,2014-01-02,2026-07-23,0,,,
Earnings_Date,MRK,2014-01-02,3157,3157,1.0,0,0,2014-01-02,2026-07-23,0,,,
Earnings_Date,AMGN,2014-01-02,3157,3157,1.0,0,0,2014-01-02,2026-07-23,0,,,
Earnings_Date,SYK,2014-01-02,3157,3157,1.0,0,0,2014-01-02,2026-07-23,0,,,
Earnings_Date,MCK,2014-01-02,3157,3157,1.0,0,0,2014-01-02,2026-07-23,0,,,
Earnings_Date,NOVN,2014-01-02,3157,3157,1.0,0,0,2014-01-02,2026-07-23,0,,,
Earnings_Date,NKE,2014-01-02,3157,3157,1.0,0,0,2014-01-02,2026-07-23,0,,,
Earnings_Date,ORLY,2014-01-02,3157,3157,1.0,0,0,2014-01-02,2026-07-23,0,,,
Earnings_Date,DASH,2020-12-09,1410,1410,1.0,0,0,2020-12-09,2026-07-23,0,,,
Earnings_Date,CFR,2014-01-02,3157,3157,1.0,0,0,2014-01-02,2026-07-23,0,,,
Earnings_Date,TTD,2016-09-21,2472,2472,1.0,0,0,2016-09-21,2026-07-23,0,,,
Earnings_Date,RBLX,2021-03-10,1349,1349,1.0,0,0,2021-03-10,2026-07-23,0,,,
Earnings_Date,9432,2014-01-07,3154,3154,1.0,0,0,2014-01-07,2026-07-23,0,,,
Earnings_Date,9433,2014-01-07,3154,3154,1.0,0,0,2014-01-07,2026-07-23,0,,,
Earnings_Date,PEP,2014-01-02,3157,3157,1.0,0,0,2014-01-02,2026-07-23,0,,,
Earnings_Date,MDLZ,2014-01-02,3157,3157,1.0,0,0,2014-01-02,2026-07-23,0,,,
Earnings_Date,OR,2014-01-02,3157,3157,1.0,0,0,2014-01-02,2026-07-23,0,,,
Earnings_Date,CVX,2014-01-02,3157,3157,1.0,0,0,2014-01-02,2026-07-23,0,,,
Earnings_Date,TTE,2014-01-02,3157,3157,1.0,0,0,2014-01-02,2026-07-23,0,,,
Earnings_Date,NEM,2014-01-02,3157,3157,1.0,0,0,2014-01-02,2026-07-23,0,,,
Earnings_Date,SHW,2014-01-02,3157,3157,1.0,0,0,2014-01-02,2026-07-23,0,,,
Earnings_Date,SO,2014-01-02,3157,3157,1.0,0,0,2014-01-02,2026-07-23,0,,,
Daily_Returns,AAPL,2014-01-02,3156,3156,1.0,0,0,2014-01-03,2026-07-23,0,,,0.0
Daily_Returns,MSFT,2014-01-02,3156,3156,1.0,0,0,2014-01-03,2026-07-23,0,,,0.0
Daily_Returns,GOOGL,2014-01-02,3156,3156,1.0,0,0,2014-01-03,2026-07-23,0,,,0.0
Daily_Returns,AMZN,2014-01-02,3156,3156,1.0,0,0,2014-01-03,2026-07-23,0,,,0.0
Daily_Returns,META,2014-01-02,3156,3156,1.0,0,0,2014-01-03,2026-07-23,0,,,0.0
Daily_Returns,NVDA,2014-01-02,3156,3156,1.0,0,0,2014-01-03,2026-07-23,0,,,0.0
Daily_Returns,TSLA,2014-01-02,3156,3156,1.0,0,0,2014-01-03,2026-07-23,0,,,0.0
Daily_Returns,PLTR,2020-09-30,1458,1458,1.0,0,0,2020-10-01,2026-07-23,0,,,0.0
Daily_Returns,AVGO,2014-01-02,3156,3156,1.0,0,0,2014-01-03,2026-07-23,0,,,0.0
Daily_Returns,MU,2014-01-02,3156,3156,1.0,0,0,2014-01-03,2026-07-23,0,,,0.0
Daily_Returns,GEV,2024-04-02,578,578,1.0,0,0,2024-04-03,2026-07-23,0,,,0.0
Daily_Returns,VRT,2018-08-01,2003,2003,1.0,0,0,2018-08-02,2026-07-23,0,,,0.0
Daily_Returns,BE,2018-07-25,2008,2008,1.0,0,0,2018-07-26,2026-07-23,0,,,1.0
Daily_Returns,LITE,2015-07-27,2763,2763,1.0,0,0,2015-07-28,2026-07-23,0,,,0.0
Daily_Returns,000660,2014-01-02,3156,3156,1.0,0,0,2014-01-03,2026-07-23,0,,,0.0
Daily_Returns,005930,2014-01-02,3156,3156,1.0,0,0,2014-01-03,2026-07-23,0,,,0.0
Daily_Returns,UNH,2014-01-02,3156,3156,1.0,0,0,2014-01-03,2026-07-23,0,,,0.0
Daily_Returns,LLY,2014-01-02,3156,3156,1.0,0,0,2014-01-03,2026-07-23,0,,,0.0
Daily_Returns,ISRG,2014-01-02,3156,3156,1.0,0,0,2014-01-03,2026-07-23,0,,,0.0
Daily_Returns,ABBV,2014-01-02,3156,3156,1.0,0,0,2014-01-03,2026-07-23,0,,,0.0
Daily_Returns,REGN,2014-01-02,3156,3156,1.0,0,0,2014-01-03,2026-07-23,0,,,0.0
Daily_Returns,JPM,2014-01-02,3156,3156,1.0,0,0,2014-01-03,2026-07-23,0,,,0.0
Daily_Returns,V,2014-01-02,3156,3156,1.0,0,0,2014-01-03,2026-07-23,0,,,0.0
Daily_Returns,MA,2014-01-02,3156,3156,1.0,0,0,2014-01-03,2026-07-23,0,,,0.0
Daily_Returns,BLK,2014-01-02,3156,3156,1.0,0,0,2014-01-03,2026-07-23,0,,,0.0
Daily_Returns,SPGI,2014-01-02,3156,3156,1.0,0,0,2014-01-03,2026-07-23,0,,,0.0
Daily_Returns,GS,2014-01-02,3156,3156,1.0,0,0,2014-01-03,2026-07-23,0,,,0.0
Daily_Returns,COST,2014-01-02,3156,3156,1.0,0,0,2014-01-03,2026-07-23,0,,,0.0
Daily_Returns,HD,2014-01-02,3156,3156,1.0,0,0,2014-01-03,2026-07-23,0,,,0.0
Daily_Returns,PG,2014-01-02,3156,3156,1.0,0,0,2014-01-03,2026-07-23,0,,,0.0
Daily_Returns,MCD,2014-01-02,3156,3156,1.0,0,0,2014-01-03,2026-07-23,0,,,0.0
Daily_Returns,WMT,2014-01-02,3156,3156,1.0,0,0,2014-01-03,2026-07-23,0,,,0.0
Daily_Returns,CAT,2014-01-02,3156,3156,1.0,0,0,2014-01-03,2026-07-23,0,,,0.0
Daily_Returns,HON,2014-01-02,3156,3156,1.0,0,0,2014-01-03,2026-07-23,0,,,0.0
Daily_Returns,DE,2014-01-02,3156,3156,1.0,0,0,2014-01-03,2026-07-23,0,,,0.0
Daily_Returns,UNP,2014-01-02,3156,3156,1.0,0,0,2014-01-03,2026-07-23,0,,,0.0
Daily_Returns,LMT,2014-01-02,3156,3156,1.0,0,0,2014-01-03,2026-07-23,0,,,0.0
Daily_Returns,ETN,2014-01-02,3156,3156,1.0,0,0,2014-01-03,2026-07-23,0,,,0.0
Daily_Returns,XOM,2014-01-02,3156,3156,1.0,0,0,2014-01-03,2026-07-23,0,,,0.0
Daily_Returns,LNG,2014-01-02,3156,3156,1.0,0,0,2014-01-03,2026-07-23,0,,,0.0
Daily_Returns,FCX,2014-01-02,3156,3156,1.0,0,0,2014-01-03,2026-07-23,0,,,0.0
Daily_Returns,LIN,2014-01-02,3156,3156,1.0,0,0,2014-01-03,2026-07-23,0,,,0.0
Daily_Returns,NEE,2014-01-02,3156,3156,1.0,0,0,2014-01-03,2026-07-23,0,,,0.0
Daily_Returns,AMT,2014-01-02,3156,3156,1.0,0,0,2014-01-03,2026-07-23,0,,,0.0
Daily_Returns,EQIX,2014-01-02,3156,3156,1.0,0,0,2014-01-03,2026-07-23,0,,,0.0
Daily_Returns,TMUS,2014-01-02,3156,3156,1.0,0,0,2014-01-03,2026-07-23,0,,,0.0
Daily_Returns,PLD,2014-01-02,3156,3156,1.0,0,0,2014-01-03,2026-07-23,0,,,0.0
Daily_Returns,AMD,2014-01-02,3156,3156,1.0,0,0,2014-01-03,2026-07-23,0,,,1.0
Daily_Returns,CRM,2014-01-02,3156,3156,1.0,0,0,2014-01-03,2026-07-23,0,,,0.0
Daily_Returns,NFLX,2014-01-02,3156,3156,1.0,0,0,2014-01-03,2026-07-23,0,,,0.0
Daily_Returns,TER,2014-01-02,3156,3156,1.0,0,0,2014-01-03,2026-07-23,0,,,0.0
Daily_Returns,GLW,2014-01-02,3156,3156,1.0,0,0,2014-01-03,2026-07-23,0,,,0.0
Daily_Returns,JNJ,2014-01-02,3156,3156,1.0,0,0,2014-01-03,2026-07-23,0,,,0.0
Daily_Returns,WFC,2014-01-02,3156,3156,1.0,0,0,2014-01-03,2026-07-23,0,,,0.0
Daily_Returns,MPC,2014-01-02,3156,3156,1.0,0,0,2014-01-03,2026-07-23,0,,,0.0
Daily_Returns,LRCX,2014-01-02,3156,3156,1.0,0,0,2014-01-03,2026-07-23,0,,,0.0
Daily_Returns,AMAT,2014-01-02,3156,3156,1.0,0,0,2014-01-03,2026-07-23,0,,,0.0
Daily_Returns,PANW,2014-01-02,3156,3156,1.0,0,0,2014-01-03,2026-07-23,0,,,0.0
Daily_Returns,FN,2014-01-02,3156,3156,1.0,0,0,2014-01-03,2026-07-23,0,,,0.0
Daily_Returns,MPWR,2014-01-02,3156,3156,1.0,0,0,2014-01-03,2026-07-23,0,,,0.0
Daily_Returns,BAC,2014-01-02,3156,3156,1.0,0,0,2014-01-03,2026-07-23,0,,,0.0
Daily_Returns,CSCO,2014-01-02,3156,3156,1.0,0,0,2014-01-03,2026-07-23,0,,,0.0
Daily_Returns,INTC,2014-01-02,3156,3156,1.0,0,0,2014-01-03,2026-07-23,0,,,0.0
Daily_Returns,ORCL,2014-01-02,3156,3156,1.0,0,0,2014-01-03,2026-07-23,0,,,0.0
Daily_Returns,TSM,2014-01-02,3156,3156,1.0,0,0,2014-01-03,2026-07-23,0,,,0.0
Daily_Returns,SNDK,2025-02-24,354,354,1.0,0,0,2025-02-25,2026-07-23,0,,,0.0
Daily_Returns,KLAC,2014-01-02,3156,3156,1.0,0,0,2014-01-03,2026-07-23,0,,,0.0
Daily_Returns,ANET,2014-06-06,3049,3049,1.0,0,0,2014-06-09,2026-07-23,0,,,0.0
Daily_Returns,MRVL,2014-01-02,3156,3156,1.0,0,0,2014-01-03,2026-07-23,0,,,0.0
Daily_Returns,CDNS,2014-01-02,3156,3156,1.0,0,0,2014-01-03,2026-07-23,0,,,0.0
Daily_Returns,STX,2014-01-02,3156,3156,1.0,0,0,2014-01-03,2026-07-23,0,,,0.0
Daily_Returns,PWR,2014-01-02,3156,3156,1.0,0,0,2014-01-03,2026-07-23,0,,,0.0
Daily_Returns,BX,2014-01-02,3156,3156,1.0,0,0,2014-01-03,2026-07-23,0,,,0.0
Daily_Returns,TMO,2014-01-02,3156,3156,1.0,0,0,2014-01-03,2026-07-23,0,,,0.0
Daily_Returns,BSX,2014-01-02,3156,3156,1.0,0,0,2014-01-03,2026-07-23,0,,,0.0
Daily_Returns,BKNG,2014-01-02,3156,3156,1.0,0,0,2014-01-03,2026-07-23,0,,,0.0
Daily_Returns,PM,2014-01-02,3156,3156,1.0,0,0,2014-01-03,2026-07-23,0,,,0.0
Daily_Returns,WMB,2014-01-02,3156,3156,1.0,0,0,2014-01-03,2026-07-23,0,,,0.0
Daily_Returns,CEG,2022-02-02,1120,1120,1.0,0,0,2022-02-03,2026-07-23,0,,,0.0
Daily_Returns,VST,2016-10-05,2461,2461,1.0,0,0,2016-10-06,2026-07-23,0,,,0.0
Daily_Returns,DLR,2014-01-02,3156,3156,1.0,0,0,2014-01-03,2026-07-23,0,,,0.0
Daily_Returns,ARM,2023-09-14,715,715,1.0,0,0,2023-09-15,2026-07-23,0,,,0.0
Daily_Returns,SPOT,2018-04-03,2087,2087,1.0,0,0,2018-04-04,2026-07-23,0,,,0.0
Daily_Returns,RACE,2015-10-21,2702,2702,1.0,0,0,2015-10-22,2026-07-23,0,,,0.0
Daily_Returns,285A,2024-12-18,397,397,1.0,0,0,2024-12-19,2026-07-23,0,,,0.0
Daily_Returns,6857,2014-01-07,3153,3153,1.0,0,0,2014-01-08,2026-07-23,0,,,0.0
Daily_Returns,SU,2014-01-02,3156,3156,1.0,0,0,2014-01-03,2026-07-23,0,,,0.0
Daily_Returns,SIE,2014-01-02,3156,3156,1.0,0,0,2014-01-03,2026-07-23,0,,,0.0
Daily_Returns,RHM,2014-01-02,3156,3156,1.0,0,0,2014-01-03,2026-07-23,0,,,0.0
Daily_Returns,ALV,2014-01-02,3156,3156,1.0,0,0,2014-01-03,2026-07-23,0,,,0.0
Daily_Returns,MC,2014-01-02,3156,3156,1.0,0,0,2014-01-03,2026-07-23,0,,,0.0
Daily_Returns,NESN,2014-01-02,3156,3156,1.0,0,0,2014-01-03,2026-07-23,0,,,0.0
Daily_Returns,RR/,2014-01-02,3156,3156,1.0,0,0,2014-01-03,2026-07-23,0,,,0.0
Daily_Returns,SAP,2014-01-02,3156,3156,1.0,0,0,2014-01-03,2026-07-23,0,,,0.0
Daily_Returns,ASML,2014-01-02,3156,3156,1.0,0,0,2014-01-03,2026-07-23,0,,,0.0
Daily_Returns,AZN,2014-01-02,3156,3156,1.0,0,0,2014-01-03,2026-07-23,0,,,0.0
Daily_Returns,SHEL,2014-01-02,3156,3156,1.0,0,0,2014-01-03,2026-07-23,0,,,0.0
Daily_Returns,HSBA,2014-01-02,3156,3156,1.0,0,0,2014-01-03,2026-07-23,0,,,0.0
Daily_Returns,NOVOB,2014-01-02,3156,3156,1.0,0,0,2014-01-03,2026-07-23,0,,,0.0
Daily_Returns,RIO,2014-01-02,3156,3156,1.0,0,0,2014-01-03,2026-07-23,0,,,0.0
Daily_Returns,QCOM,2014-01-02,3156,3156,1.0,0,0,2014-01-03,2026-07-23,0,,,0.0
Daily_Returns,TXN,2014-01-02,3156,3156,1.0,0,0,2014-01-03,2026-07-23,0,,,0.0
Daily_Returns,ADBE,2014-01-02,3156,3156,1.0,0,0,2014-01-03,2026-07-23,0,,,0.0
Daily_Returns,NOW,2014-01-02,3156,3156,1.0,0,0,2014-01-03,2026-07-23,0,,,0.0
Daily_Returns,ACN,2014-01-02,3156,3156,1.0,0,0,2014-01-03,2026-07-23,0,,,0.0
Daily_Returns,IBM,2014-01-02,3156,3156,1.0,0,0,2014-01-03,2026-07-23,0,,,0.0
Daily_Returns,ADI,2014-01-02,3156,3156,1.0,0,0,2014-01-03,2026-07-23,0,,,0.0
Daily_Returns,DELL,2018-12-28,1900,1900,1.0,0,0,2018-12-31,2026-07-23,0,,,0.0
Daily_Returns,8035,2014-01-07,3153,3153,1.0,0,0,2014-01-08,2026-07-23,0,,,0.0
Daily_Returns,IFX,2014-01-02,3156,3156,1.0,0,0,2014-01-03,2026-07-23,0,,,0.0
Daily_Returns,MS,2014-01-02,3156,3156,1.0,0,0,2014-01-03,2026-07-23,0,,,0.0
Daily_Returns,SCHW,2014-01-02,3156,3156,1.0,0,0,2014-01-03,2026-07-23,0,,,0.0
Daily_Returns,AXP,2014-01-02,3156,3156,1.0,0,0,2014-01-03,2026-07-23,0,,,0.0
Daily_Returns,PGR,2014-01-02,3156,3156,1.0,0,0,2014-01-03,2026-07-23,0,,,0.0
Daily_Returns,AON,2014-01-02,3156,3156,1.0,0,0,2014-01-03,2026-07-23,0,,,0.0
Daily_Returns,CME,2014-01-02,3156,3156,1.0,0,0,2014-01-03,2026-07-23,0,,,0.0
Daily_Returns,KKR,2014-01-02,3156,3156,1.0,0,0,2014-01-03,2026-07-23,0,,,0.0
Daily_Returns,BN,2022-12-12,904,904,1.0,0,0,2022-12-13,2026-07-23,0,,,0.0
Daily_Returns,C,2014-01-02,3156,3156,1.0,0,0,2014-01-03,2026-07-23,0,,,0.0
Daily_Returns,LSEG,2014-01-02,3156,3156,1.0,0,0,2014-01-03,2026-07-23,0,,,0.0
Daily_Returns,ZURN,2014-01-02,3156,3156,1.0,0,0,2014-01-03,2026-07-23,0,,,0.0
Daily_Returns,CS,2014-01-02,3156,3156,1.0,0,0,2014-01-03,2026-07-23,0,,,0.0
Daily_Returns,8306,2014-01-07,3153,3153,1.0,0,0,2014-01-08,2026-07-23,0,,,0.0
Daily_Returns,DIS,2014-01-02,3156,3156,1.0,0,0,2014-01-03,2026-07-23,0,,,0.0
Daily_Returns,CMCSA,2014-01-02,3156,3156,1.0,0,0,2014-01-03,2026-07-23,0,,,0.0
Daily_Returns,VZ,2014-01-02,3156,3156,1.0,0,0,2014-01-03,2026-07-23,0,,,0.0
Daily_Returns,T,2014-01-02,3156,3156,1.0,0,0,2014-01-03,2026-07-23,0,,,0.0
Daily_Returns,TTWO,2014-01-02,3156,3156,1.0,0,0,2014-01-03,2026-07-23,0,,,0.0
Daily_Returns,PUB,2014-01-02,3156,3156,1.0,0,0,2014-01-03,2026-07-23,0,,,0.0
Daily_Returns,7974,2014-01-07,3153,3153,1.0,0,0,2014-01-08,2026-07-23,0,,,0.0
Daily_Returns,DTE,2014-01-02,3156,3156,1.0,0,0,2014-01-03,2026-07-23,0,,,0.0
Daily_Returns,UMG,2021-09-21,1213,1213,1.0,0,0,2021-09-22,2026-07-23,0,,,0.0
Daily_Returns,LOW,2014-01-02,3156,3156,1.0,0,0,2014-01-03,2026-07-23,0,,,0.0
Daily_Returns,TJX,2014-01-02,3156,3156,1.0,0,0,2014-01-03,2026-07-23,0,,,0.0
Daily_Returns,SBUX,2014-01-02,3156,3156,1.0,0,0,2014-01-03,2026-07-23,0,,,0.0
Daily_Returns,ABNB,2020-12-10,1408,1408,1.0,0,0,2020-12-11,2026-07-23,0,,,0.0
Daily_Returns,7203,2014-01-07,3153,3153,1.0,0,0,2014-01-08,2026-07-23,0,,,0.0
Daily_Returns,ITX,2014-01-02,3156,3156,1.0,0,0,2014-01-03,2026-07-23,0,,,0.0
Daily_Returns,ABT,2014-01-02,3156,3156,1.0,0,0,2014-01-03,2026-07-23,0,,,0.0
Daily_Returns,DHR,2014-01-02,3156,3156,1.0,0,0,2014-01-03,2026-07-23,0,,,0.0
Daily_Returns,VRTX,2014-01-02,3156,3156,1.0,0,0,2014-01-03,2026-07-23,0,,,0.0
Daily_Returns,SAN,2014-01-02,3156,3156,1.0,0,0,2014-01-03,2026-07-23,0,,,0.0
Daily_Returns,GE,2024-04-02,578,578,1.0,0,0,2024-04-03,2026-07-23,0,,,0.0
Daily_Returns,TT,2020-03-02,1606,1606,1.0,0,0,2020-03-03,2026-07-23,0,,,0.0
Daily_Returns,ABBN,2014-01-02,3156,3156,1.0,0,0,2014-01-03,2026-07-23,0,,,0.0
Daily_Returns,KO,2014-01-02,3156,3156,1.0,0,0,2014-01-03,2026-07-23,0,,,0.0
Daily_Returns,ULVR,2014-01-02,3156,3156,1.0,0,0,2014-01-03,2026-07-23,0,,,0.0
Daily_Returns,ECL,2014-01-02,3156,3156,1.0,0,0,2014-01-03,2026-07-23,0,,,0.0
Daily_Returns,AI,2014-01-02,3156,3156,1.0,0,0,2014-01-03,2026-07-23,0,,,0.0
Daily_Returns,IBE,2014-01-02,3156,3156,1.0,0,0,2014-01-03,2026-07-23,0,,,0.0
Daily_Returns,INTU,2014-01-02,3156,3156,1.0,0,0,2014-01-03,2026-07-23,0,,,0.0
Daily_Returns,SNPS,2014-01-02,3156,3156,1.0,0,0,2014-01-03,2026-07-23,0,,,0.0
Daily_Returns,APH,2014-01-02,3156,3156,1.0,0,0,2014-01-03,2026-07-23,0,,,0.0
Daily_Returns,MSI,2014-01-02,3156,3156,1.0,0,0,2014-01-03,2026-07-23,0,,,0.0
Daily_Returns,CRWD,2019-06-12,1787,1787,1.0,0,0,2019-06-13,2026-07-23,0,,,0.0
Daily_Returns,NXPI,2014-01-02,3156,3156,1.0,0,0,2014-01-03,2026-07-23,0,,,0.0
Daily_Returns,KEYS,2014-10-21,2954,2954,1.0,0,0,2014-10-22,2026-07-23,0,,,0.0
Daily_Returns,ADSK,2014-01-02,3156,3156,1.0,0,0,2014-01-03,2026-07-23,0,,,0.0
Daily_Returns,WDAY,2014-01-02,3156,3156,1.0,0,0,2014-01-03,2026-07-23,0,,,0.0
Daily_Returns,WDC,2025-02-24,354,354,1.0,0,0,2025-02-25,2026-07-23,0,,,0.0
Daily_Returns,DDOG,2019-09-19,1718,1718,1.0,0,0,2019-09-20,2026-07-23,0,,,0.0
Daily_Returns,FTNT,2014-01-02,3156,3156,1.0,0,0,2014-01-03,2026-07-23,0,,,0.0
Daily_Returns,DSY,2014-01-02,3156,3156,1.0,0,0,2014-01-03,2026-07-23,0,,,0.0
Daily_Returns,6146,2014-01-07,3153,3153,1.0,0,0,2014-01-08,2026-07-23,0,,,0.0
Daily_Returns,6981,2014-01-07,3153,3153,1.0,0,0,2014-01-08,2026-07-23,0,,,0.0
Daily_Returns,BRK/B,2014-01-02,3156,3156,1.0,0,0,2014-01-03,2026-07-23,0,,,0.0
Daily_Returns,CB,2014-01-02,3156,3156,1.0,0,0,2014-01-03,2026-07-23,0,,,0.0
Daily_Returns,ICE,2014-01-02,3156,3156,1.0,0,0,2014-01-03,2026-07-23,0,,,0.0
Daily_Returns,MCO,2014-01-02,3156,3156,1.0,0,0,2014-01-03,2026-07-23,0,,,0.0
Daily_Returns,PYPL,2015-07-07,2777,2777,1.0,0,0,2015-07-08,2026-07-23,0,,,0.0
Daily_Returns,COF,2025-05-19,295,295,1.0,0,0,2025-05-20,2026-07-23,0,,,0.0
Daily_Returns,BNP,2014-01-02,3156,3156,1.0,0,0,2014-01-03,2026-07-23,0,,,0.0
Daily_Returns,MUV2,2014-01-02,3156,3156,1.0,0,0,2014-01-03,2026-07-23,0,,,0.0
Daily_Returns,RTX,2014-01-02,3156,3156,1.0,0,0,2014-01-03,2026-07-23,0,,,0.0
Daily_Returns,EMR,2014-01-02,3156,3156,1.0,0,0,2014-01-03,2026-07-23,0,,,0.0
Daily_Returns,AXON,2014-01-02,3156,3156,1.0,0,0,2014-01-03,2026-07-23,0,,,0.0
Daily_Returns,UBER,2019-05-10,1809,1809,1.0,0,0,2019-05-13,2026-07-23,0,,,0.0
Daily_Returns,AIR,2014-01-02,3156,3156,1.0,0,0,2014-01-03,2026-07-23,0,,,0.0
Daily_Returns,SAF,2014-01-02,3156,3156,1.0,0,0,2014-01-03,2026-07-23,0,,,0.0
Daily_Returns,MRK,2014-01-02,3156,3156,1.0,0,0,2014-01-03,2026-07-23,0,,,0.0
Daily_Returns,AMGN,2014-01-02,3156,3156,1.0,0,0,2014-01-03,2026-07-23,0,,,0.0
Daily_Returns,SYK,2014-01-02,3156,3156,1.0,0,0,2014-01-03,2026-07-23,0,,,0.0
Daily_Returns,MCK,2014-01-02,3156,3156,1.0,0,0,2014-01-03,2026-07-23,0,,,0.0
Daily_Returns,NOVN,2014-01-02,3156,3156,1.0,0,0,2014-01-03,2026-07-23,0,,,0.0
Daily_Returns,NKE,2014-01-02,3156,3156,1.0,0,0,2014-01-03,2026-07-23,0,,,0.0
Daily_Returns,ORLY,2014-01-02,3156,3156,1.0,0,0,2014-01-03,2026-07-23,0,,,0.0
Daily_Returns,DASH,2020-12-09,1409,1409,1.0,0,0,2020-12-10,2026-07-23,0,,,0.0
Daily_Returns,CFR,2014-01-02,3156,3156,1.0,0,0,2014-01-03,2026-07-23,0,,,0.0
Daily_Returns,TTD,2016-09-21,2471,2471,1.0,0,0,2016-09-22,2026-07-23,0,,,0.0
Daily_Returns,RBLX,2021-03-10,1348,1348,1.0,0,0,2021-03-11,2026-07-23,0,,,0.0
Daily_Returns,9432,2014-01-07,3153,3153,1.0,0,0,2014-01-08,2026-07-23,0,,,0.0
Daily_Returns,9433,2014-01-07,3153,3153,1.0,0,0,2014-01-08,2026-07-23,0,,,0.0
Daily_Returns,PEP,2014-01-02,3156,3156,1.0,0,0,2014-01-03,2026-07-23,0,,,0.0
Daily_Returns,MDLZ,2014-01-02,3156,3156,1.0,0,0,2014-01-03,2026-07-23,0,,,0.0
Daily_Returns,OR,2014-01-02,3156,3156,1.0,0,0,2014-01-03,2026-07-23,0,,,0.0
Daily_Returns,CVX,2014-01-02,3156,3156,1.0,0,0,2014-01-03,2026-07-23,0,,,0.0
Daily_Returns,TTE,2014-01-02,3156,3156,1.0,0,0,2014-01-03,2026-07-23,0,,,0.0
Daily_Returns,NEM,2014-01-02,3156,3156,1.0,0,0,2014-01-03,2026-07-23,0,,,0.0
Daily_Returns,SHW,2014-01-02,3156,3156,1.0,0,0,2014-01-03,2026-07-23,0,,,0.0
Daily_Returns,SO,2014-01-02,3156,3156,1.0,0,0,2014-01-03,2026-07-23,0,,,0.0
Sent_Trend_Momentum_Timeseries,AAPL,2014-01-02,3157,3157,1.0,0,0,2014-01-02,2026-07-23,0,,,
Sent_Trend_Momentum_Timeseries,MSFT,2014-01-02,3157,3157,1.0,0,0,2014-01-02,2026-07-23,0,,,
Sent_Trend_Momentum_Timeseries,GOOGL,2014-01-02,3157,3157,1.0,0,0,2014-01-02,2026-07-23,0,,,
Sent_Trend_Momentum_Timeseries,AMZN,2014-01-02,3157,3157,1.0,0,0,2014-01-02,2026-07-23,0,,,
Sent_Trend_Momentum_Timeseries,META,2014-01-02,3157,3157,1.0,0,0,2014-01-02,2026-07-23,0,,,
Sent_Trend_Momentum_Timeseries,NVDA,2014-01-02,3157,3157,1.0,0,0,2014-01-02,2026-07-23,0,,,
Sent_Trend_Momentum_Timeseries,TSLA,2014-01-02,3157,3157,1.0,0,0,2014-01-02,2026-07-23,0,,,
Sent_Trend_Momentum_Timeseries,PLTR,2020-09-30,1459,1459,1.0,0,0,2020-09-30,2026-07-23,0,,,
Sent_Trend_Momentum_Timeseries,AVGO,2014-01-02,3157,3157,1.0,0,0,2014-01-02,2026-07-23,0,,,
Sent_Trend_Momentum_Timeseries,MU,2014-01-02,3157,3157,1.0,0,0,2014-01-02,2026-07-23,0,,,
Sent_Trend_Momentum_Timeseries,GEV,2024-04-02,579,579,1.0,0,0,2024-04-02,2026-07-23,0,,,
Sent_Trend_Momentum_Timeseries,VRT,2018-08-01,2004,1497,0.7470059880239521,507,0,2020-08-06,2026-07-23,0,,,
Sent_Trend_Momentum_Timeseries,BE,2018-07-25,2009,2009,1.0,0,0,2018-07-25,2026-07-23,0,,,
Sent_Trend_Momentum_Timeseries,LITE,2015-07-27,2764,2757,0.9974674384949349,7,0,2015-08-05,2026-07-23,0,,,
Sent_Trend_Momentum_Timeseries,000660,2014-01-02,3157,3157,1.0,0,0,2014-01-02,2026-07-23,0,,,
Sent_Trend_Momentum_Timeseries,005930,2014-01-02,3157,3157,1.0,0,0,2014-01-02,2026-07-23,0,,,
Sent_Trend_Momentum_Timeseries,UNH,2014-01-02,3157,3157,1.0,0,0,2014-01-02,2026-07-23,0,,,
Sent_Trend_Momentum_Timeseries,LLY,2014-01-02,3157,3157,1.0,0,0,2014-01-02,2026-07-23,0,,,
Sent_Trend_Momentum_Timeseries,ISRG,2014-01-02,3157,3157,1.0,0,0,2014-01-02,2026-07-23,0,,,
Sent_Trend_Momentum_Timeseries,ABBV,2014-01-02,3157,3157,1.0,0,0,2014-01-02,2026-07-23,0,,,
Sent_Trend_Momentum_Timeseries,REGN,2014-01-02,3157,3157,1.0,0,0,2014-01-02,2026-07-23,0,,,
Sent_Trend_Momentum_Timeseries,JPM,2014-01-02,3157,3157,1.0,0,0,2014-01-02,2026-07-23,0,,,
Sent_Trend_Momentum_Timeseries,V,2014-01-02,3157,3157,1.0,0,0,2014-01-02,2026-07-23,0,,,
Sent_Trend_Momentum_Timeseries,MA,2014-01-02,3157,3157,1.0,0,0,2014-01-02,2026-07-23,0,,,
Sent_Trend_Momentum_Timeseries,BLK,2014-01-02,3157,3157,1.0,0,0,2014-01-02,2026-07-23,0,,,
Sent_Trend_Momentum_Timeseries,SPGI,2014-01-02,3157,3157,1.0,0,0,2014-01-02,2026-07-23,0,,,
Sent_Trend_Momentum_Timeseries,GS,2014-01-02,3157,3157,1.0,0,0,2014-01-02,2026-07-23,0,,,
Sent_Trend_Momentum_Timeseries,COST,2014-01-02,3157,3157,1.0,0,0,2014-01-02,2026-07-23,0,,,
Sent_Trend_Momentum_Timeseries,HD,2014-01-02,3157,3157,1.0,0,0,2014-01-02,2026-07-23,0,,,
Sent_Trend_Momentum_Timeseries,PG,2014-01-02,3157,3157,1.0,0,0,2014-01-02,2026-07-23,0,,,
Sent_Trend_Momentum_Timeseries,MCD,2014-01-02,3157,3157,1.0,0,0,2014-01-02,2026-07-23,0,,,
Sent_Trend_Momentum_Timeseries,WMT,2014-01-02,3157,3157,1.0,0,0,2014-01-02,2026-07-23,0,,,
Sent_Trend_Momentum_Timeseries,CAT,2014-01-02,3157,3157,1.0,0,0,2014-01-02,2026-07-23,0,,,
Sent_Trend_Momentum_Timeseries,HON,2014-01-02,3157,3157,1.0,0,0,2014-01-02,2026-07-23,0,,,
Sent_Trend_Momentum_Timeseries,DE,2014-01-02,3157,3157,1.0,0,0,2014-01-02,2026-07-23,0,,,
Sent_Trend_Momentum_Timeseries,UNP,2014-01-02,3157,3157,1.0,0,0,2014-01-02,2026-07-23,0,,,
Sent_Trend_Momentum_Timeseries,LMT,2014-01-02,3157,3157,1.0,0,0,2014-01-02,2026-07-23,0,,,
Sent_Trend_Momentum_Timeseries,ETN,2014-01-02,3157,3157,1.0,0,0,2014-01-02,2026-07-23,0,,,
Sent_Trend_Momentum_Timeseries,XOM,2014-01-02,3157,3157,1.0,0,0,2014-01-02,2026-07-23,0,,,
Sent_Trend_Momentum_Timeseries,LNG,2014-01-02,3157,3157,1.0,0,0,2014-01-02,2026-07-23,0,,,
Sent_Trend_Momentum_Timeseries,FCX,2014-01-02,3157,3157,1.0,0,0,2014-01-02,2026-07-23,0,,,
Sent_Trend_Momentum_Timeseries,LIN,2014-01-02,3157,3157,1.0,0,0,2014-01-02,2026-07-23,0,,,
Sent_Trend_Momentum_Timeseries,NEE,2014-01-02,3157,3157,1.0,0,0,2014-01-02,2026-07-23,0,,,
Sent_Trend_Momentum_Timeseries,AMT,2014-01-02,3157,3157,1.0,0,0,2014-01-02,2026-07-23,0,,,
Sent_Trend_Momentum_Timeseries,EQIX,2014-01-02,3157,3157,1.0,0,0,2014-01-02,2026-07-23,0,,,
Sent_Trend_Momentum_Timeseries,TMUS,2014-01-02,3157,3157,1.0,0,0,2014-01-02,2026-07-23,0,,,
Sent_Trend_Momentum_Timeseries,PLD,2014-01-02,3157,3157,1.0,0,0,2014-01-02,2026-07-23,0,,,
Sent_Trend_Momentum_Timeseries,AMD,2014-01-02,3157,3157,1.0,0,0,2014-01-02,2026-07-23,0,,,
Sent_Trend_Momentum_Timeseries,CRM,2014-01-02,3157,3157,1.0,0,0,2014-01-02,2026-07-23,0,,,
Sent_Trend_Momentum_Timeseries,NFLX,2014-01-02,3157,3157,1.0,0,0,2014-01-02,2026-07-23,0,,,
Sent_Trend_Momentum_Timeseries,TER,2014-01-02,3157,3157,1.0,0,0,2014-01-02,2026-07-23,0,,,
Sent_Trend_Momentum_Timeseries,GLW,2014-01-02,3157,3157,1.0,0,0,2014-01-02,2026-07-23,0,,,
Sent_Trend_Momentum_Timeseries,JNJ,2014-01-02,3157,3157,1.0,0,0,2014-01-02,2026-07-23,0,,,
Sent_Trend_Momentum_Timeseries,WFC,2014-01-02,3157,3157,1.0,0,0,2014-01-02,2026-07-23,0,,,
Sent_Trend_Momentum_Timeseries,MPC,2014-01-02,3157,3157,1.0,0,0,2014-01-02,2026-07-23,0,,,
Sent_Trend_Momentum_Timeseries,LRCX,2014-01-02,3157,3157,1.0,0,0,2014-01-02,2026-07-23,0,,,
Sent_Trend_Momentum_Timeseries,AMAT,2014-01-02,3157,3157,1.0,0,0,2014-01-02,2026-07-23,0,,,
Sent_Trend_Momentum_Timeseries,PANW,2014-01-02,3157,3157,1.0,0,0,2014-01-02,2026-07-23,0,,,
Sent_Trend_Momentum_Timeseries,FN,2014-01-02,3157,3157,1.0,0,0,2014-01-02,2026-07-23,0,,,
Sent_Trend_Momentum_Timeseries,MPWR,2014-01-02,3157,3157,1.0,0,0,2014-01-02,2026-07-23,0,,,
Sent_Trend_Momentum_Timeseries,BAC,2014-01-02,3157,3157,1.0,0,0,2014-01-02,2026-07-23,0,,,
Sent_Trend_Momentum_Timeseries,CSCO,2014-01-02,3157,3157,1.0,0,0,2014-01-02,2026-07-23,0,,,
Sent_Trend_Momentum_Timeseries,INTC,2014-01-02,3157,3157,1.0,0,0,2014-01-02,2026-07-23,0,,,
Sent_Trend_Momentum_Timeseries,ORCL,2014-01-02,3157,3157,1.0,0,0,2014-01-02,2026-07-23,0,,,
Sent_Trend_Momentum_Timeseries,TSM,2014-01-02,3157,3157,1.0,0,0,2014-01-02,2026-07-23,0,,,
Sent_Trend_Momentum_Timeseries,SNDK,2025-02-24,355,355,1.0,0,0,2025-02-24,2026-07-23,0,,,
Sent_Trend_Momentum_Timeseries,KLAC,2014-01-02,3157,3157,1.0,0,0,2014-01-02,2026-07-23,0,,,
Sent_Trend_Momentum_Timeseries,ANET,2014-06-06,3050,3050,1.0,0,0,2014-06-06,2026-07-23,0,,,
Sent_Trend_Momentum_Timeseries,MRVL,2014-01-02,3157,3157,1.0,0,0,2014-01-02,2026-07-23,0,,,
Sent_Trend_Momentum_Timeseries,CDNS,2014-01-02,3157,3157,1.0,0,0,2014-01-02,2026-07-23,0,,,
Sent_Trend_Momentum_Timeseries,STX,2014-01-02,3157,3157,1.0,0,0,2014-01-02,2026-07-23,0,,,
Sent_Trend_Momentum_Timeseries,PWR,2014-01-02,3157,3157,1.0,0,0,2014-01-02,2026-07-23,0,,,
Sent_Trend_Momentum_Timeseries,BX,2014-01-02,3157,3157,1.0,0,0,2014-01-02,2026-07-23,0,,,
Sent_Trend_Momentum_Timeseries,TMO,2014-01-02,3157,3157,1.0,0,0,2014-01-02,2026-07-23,0,,,
Sent_Trend_Momentum_Timeseries,BSX,2014-01-02,3157,3157,1.0,0,0,2014-01-02,2026-07-23,0,,,
Sent_Trend_Momentum_Timeseries,BKNG,2014-01-02,3157,3157,1.0,0,0,2014-01-02,2026-07-23,0,,,
Sent_Trend_Momentum_Timeseries,PM,2014-01-02,3157,3157,1.0,0,0,2014-01-02,2026-07-23,0,,,
Sent_Trend_Momentum_Timeseries,WMB,2014-01-02,3157,3157,1.0,0,0,2014-01-02,2026-07-23,0,,,
Sent_Trend_Momentum_Timeseries,CEG,2022-02-02,1121,1119,0.9982158786797503,2,0,2022-02-04,2026-07-23,0,,,
Sent_Trend_Momentum_Timeseries,VST,2016-10-05,2462,2460,0.9991876523151909,2,0,2016-10-07,2026-07-23,0,,,
Sent_Trend_Momentum_Timeseries,DLR,2014-01-02,3157,3157,1.0,0,0,2014-01-02,2026-07-23,0,,,
Sent_Trend_Momentum_Timeseries,ARM,2023-09-14,716,716,1.0,0,0,2023-09-14,2026-07-23,0,,,
Sent_Trend_Momentum_Timeseries,SPOT,2018-04-03,2088,2088,1.0,0,0,2018-04-03,2026-07-23,0,,,
Sent_Trend_Momentum_Timeseries,RACE,2015-10-21,2703,2703,1.0,0,0,2015-10-21,2026-07-23,0,,,
Sent_Trend_Momentum_Timeseries,285A,2024-12-18,398,398,1.0,0,0,2024-12-18,2026-07-23,0,,,
Sent_Trend_Momentum_Timeseries,6857,2014-01-07,3154,3154,1.0,0,0,2014-01-07,2026-07-23,0,,,
Sent_Trend_Momentum_Timeseries,SU,2014-01-02,3157,3157,1.0,0,0,2014-01-02,2026-07-23,0,,,
Sent_Trend_Momentum_Timeseries,SIE,2014-01-02,3157,3157,1.0,0,0,2014-01-02,2026-07-23,0,,,
Sent_Trend_Momentum_Timeseries,RHM,2014-01-02,3157,3157,1.0,0,0,2014-01-02,2026-07-23,0,,,
Sent_Trend_Momentum_Timeseries,ALV,2014-01-02,3157,3157,1.0,0,0,2014-01-02,2026-07-23,0,,,
Sent_Trend_Momentum_Timeseries,MC,2014-01-02,3157,3157,1.0,0,0,2014-01-02,2026-07-23,0,,,
Sent_Trend_Momentum_Timeseries,NESN,2014-01-02,3157,3157,1.0,0,0,2014-01-02,2026-07-23,0,,,
Sent_Trend_Momentum_Timeseries,RR/,2014-01-02,3157,3157,1.0,0,0,2014-01-02,2026-07-23,0,,,
Sent_Trend_Momentum_Timeseries,SAP,2014-01-02,3157,3157,1.0,0,0,2014-01-02,2026-07-23,0,,,
Sent_Trend_Momentum_Timeseries,ASML,2014-01-02,3157,3157,1.0,0,0,2014-01-02,2026-07-23,0,,,
Sent_Trend_Momentum_Timeseries,AZN,2014-01-02,3157,3157,1.0,0,0,2014-01-02,2026-07-23,0,,,
Sent_Trend_Momentum_Timeseries,SHEL,2014-01-02,3157,3157,1.0,0,0,2014-01-02,2026-07-23,0,,,
Sent_Trend_Momentum_Timeseries,HSBA,2014-01-02,3157,3157,1.0,0,0,2014-01-02,2026-07-23,0,,,
Sent_Trend_Momentum_Timeseries,NOVOB,2014-01-02,3157,3157,1.0,0,0,2014-01-02,2026-07-23,0,,,
Sent_Trend_Momentum_Timeseries,RIO,2014-01-02,3157,3157,1.0,0,0,2014-01-02,2026-07-23,0,,,
Sent_Trend_Momentum_Timeseries,QCOM,2014-01-02,3157,3157,1.0,0,0,2014-01-02,2026-07-23,0,,,
Sent_Trend_Momentum_Timeseries,TXN,2014-01-02,3157,3157,1.0,0,0,2014-01-02,2026-07-23,0,,,
Sent_Trend_Momentum_Timeseries,ADBE,2014-01-02,3157,3157,1.0,0,0,2014-01-02,2026-07-23,0,,,
Sent_Trend_Momentum_Timeseries,NOW,2014-01-02,3157,3157,1.0,0,0,2014-01-02,2026-07-23,0,,,
Sent_Trend_Momentum_Timeseries,ACN,2014-01-02,3157,3157,1.0,0,0,2014-01-02,2026-07-23,0,,,
Sent_Trend_Momentum_Timeseries,IBM,2014-01-02,3157,3157,1.0,0,0,2014-01-02,2026-07-23,0,,,
Sent_Trend_Momentum_Timeseries,ADI,2014-01-02,3157,3157,1.0,0,0,2014-01-02,2026-07-23,0,,,
Sent_Trend_Momentum_Timeseries,DELL,2018-12-28,1901,1901,1.0,0,0,2018-12-28,2026-07-23,0,,,
Sent_Trend_Momentum_Timeseries,8035,2014-01-07,3154,3154,1.0,0,0,2014-01-07,2026-07-23,0,,,
Sent_Trend_Momentum_Timeseries,IFX,2014-01-02,3157,3157,1.0,0,0,2014-01-02,2026-07-23,0,,,
Sent_Trend_Momentum_Timeseries,MS,2014-01-02,3157,3157,1.0,0,0,2014-01-02,2026-07-23,0,,,
Sent_Trend_Momentum_Timeseries,SCHW,2014-01-02,3157,3157,1.0,0,0,2014-01-02,2026-07-23,0,,,
Sent_Trend_Momentum_Timeseries,AXP,2014-01-02,3157,3157,1.0,0,0,2014-01-02,2026-07-23,0,,,
Sent_Trend_Momentum_Timeseries,PGR,2014-01-02,3157,3157,1.0,0,0,2014-01-02,2026-07-23,0,,,
Sent_Trend_Momentum_Timeseries,AON,2014-01-02,3157,3157,1.0,0,0,2014-01-02,2026-07-23,0,,,
Sent_Trend_Momentum_Timeseries,CME,2014-01-02,3157,3157,1.0,0,0,2014-01-02,2026-07-23,0,,,
Sent_Trend_Momentum_Timeseries,KKR,2014-01-02,3157,3157,1.0,0,0,2014-01-02,2026-07-23,0,,,
Sent_Trend_Momentum_Timeseries,BN,2022-12-12,905,905,1.0,0,0,2022-12-12,2026-07-23,0,,,
Sent_Trend_Momentum_Timeseries,C,2014-01-02,3157,3157,1.0,0,0,2014-01-02,2026-07-23,0,,,
Sent_Trend_Momentum_Timeseries,LSEG,2014-01-02,3157,3157,1.0,0,0,2014-01-02,2026-07-23,0,,,
Sent_Trend_Momentum_Timeseries,ZURN,2014-01-02,3157,3157,1.0,0,0,2014-01-02,2026-07-23,0,,,
Sent_Trend_Momentum_Timeseries,CS,2014-01-02,3157,3157,1.0,0,0,2014-01-02,2026-07-23,0,,,
Sent_Trend_Momentum_Timeseries,8306,2014-01-07,3154,3154,1.0,0,0,2014-01-07,2026-07-23,0,,,
Sent_Trend_Momentum_Timeseries,DIS,2014-01-02,3157,3157,1.0,0,0,2014-01-02,2026-07-23,0,,,
Sent_Trend_Momentum_Timeseries,CMCSA,2014-01-02,3157,3157,1.0,0,0,2014-01-02,2026-07-23,0,,,
Sent_Trend_Momentum_Timeseries,VZ,2014-01-02,3157,3157,1.0,0,0,2014-01-02,2026-07-23,0,,,
Sent_Trend_Momentum_Timeseries,T,2014-01-02,3157,3157,1.0,0,0,2014-01-02,2026-07-23,0,,,
Sent_Trend_Momentum_Timeseries,TTWO,2014-01-02,3157,3157,1.0,0,0,2014-01-02,2026-07-23,0,,,
Sent_Trend_Momentum_Timeseries,PUB,2014-01-02,3157,3157,1.0,0,0,2014-01-02,2026-07-23,0,,,
Sent_Trend_Momentum_Timeseries,7974,2014-01-07,3154,3154,1.0,0,0,2014-01-07,2026-07-23,0,,,
Sent_Trend_Momentum_Timeseries,DTE,2014-01-02,3157,3157,1.0,0,0,2014-01-02,2026-07-23,0,,,
Sent_Trend_Momentum_Timeseries,UMG,2021-09-21,1214,1120,0.9225700164744646,94,0,2022-02-03,2026-07-23,0,,,
Sent_Trend_Momentum_Timeseries,LOW,2014-01-02,3157,3157,1.0,0,0,2014-01-02,2026-07-23,0,,,
Sent_Trend_Momentum_Timeseries,TJX,2014-01-02,3157,3157,1.0,0,0,2014-01-02,2026-07-23,0,,,
Sent_Trend_Momentum_Timeseries,SBUX,2014-01-02,3157,3157,1.0,0,0,2014-01-02,2026-07-23,0,,,
Sent_Trend_Momentum_Timeseries,ABNB,2020-12-10,1409,1409,1.0,0,0,2020-12-10,2026-07-23,0,,,
Sent_Trend_Momentum_Timeseries,7203,2014-01-07,3154,3154,1.0,0,0,2014-01-07,2026-07-23,0,,,
Sent_Trend_Momentum_Timeseries,ITX,2014-01-02,3157,3157,1.0,0,0,2014-01-02,2026-07-23,0,,,
Sent_Trend_Momentum_Timeseries,ABT,2014-01-02,3157,3157,1.0,0,0,2014-01-02,2026-07-23,0,,,
Sent_Trend_Momentum_Timeseries,DHR,2014-01-02,3157,3157,1.0,0,0,2014-01-02,2026-07-23,0,,,
Sent_Trend_Momentum_Timeseries,VRTX,2014-01-02,3157,3157,1.0,0,0,2014-01-02,2026-07-23,0,,,
Sent_Trend_Momentum_Timeseries,SAN,2014-01-02,3157,3157,1.0,0,0,2014-01-02,2026-07-23,0,,,
Sent_Trend_Momentum_Timeseries,GE,2024-04-02,579,579,1.0,0,0,2024-04-02,2026-07-23,0,,,
Sent_Trend_Momentum_Timeseries,TT,2020-03-02,1607,1607,1.0,0,0,2020-03-02,2026-07-23,0,,,
Sent_Trend_Momentum_Timeseries,ABBN,2014-01-02,3157,3157,1.0,0,0,2014-01-02,2026-07-23,0,,,
Sent_Trend_Momentum_Timeseries,KO,2014-01-02,3157,3157,1.0,0,0,2014-01-02,2026-07-23,0,,,
Sent_Trend_Momentum_Timeseries,ULVR,2014-01-02,3157,3157,1.0,0,0,2014-01-02,2026-07-23,0,,,
Sent_Trend_Momentum_Timeseries,ECL,2014-01-02,3157,3157,1.0,0,0,2014-01-02,2026-07-23,0,,,
Sent_Trend_Momentum_Timeseries,AI,2014-01-02,3157,3157,1.0,0,0,2014-01-02,2026-07-23,0,,,
Sent_Trend_Momentum_Timeseries,IBE,2014-01-02,3157,3157,1.0,0,0,2014-01-02,2026-07-23,0,,,
Sent_Trend_Momentum_Timeseries,INTU,2014-01-02,3157,3157,1.0,0,0,2014-01-02,2026-07-23,0,,,
Sent_Trend_Momentum_Timeseries,SNPS,2014-01-02,3157,3157,1.0,0,0,2014-01-02,2026-07-23,0,,,
Sent_Trend_Momentum_Timeseries,APH,2014-01-02,3157,3157,1.0,0,0,2014-01-02,2026-07-23,0,,,
Sent_Trend_Momentum_Timeseries,MSI,2014-01-02,3157,3157,1.0,0,0,2014-01-02,2026-07-23,0,,,
Sent_Trend_Momentum_Timeseries,CRWD,2019-06-12,1788,1788,1.0,0,0,2019-06-12,2026-07-23,0,,,
Sent_Trend_Momentum_Timeseries,NXPI,2014-01-02,3157,3157,1.0,0,0,2014-01-02,2026-07-23,0,,,
Sent_Trend_Momentum_Timeseries,KEYS,2014-10-21,2955,2949,0.9979695431472081,6,0,2014-10-29,2026-07-23,0,,,
Sent_Trend_Momentum_Timeseries,ADSK,2014-01-02,3157,3157,1.0,0,0,2014-01-02,2026-07-23,0,,,
Sent_Trend_Momentum_Timeseries,WDAY,2014-01-02,3157,3157,1.0,0,0,2014-01-02,2026-07-23,0,,,
Sent_Trend_Momentum_Timeseries,WDC,2025-02-24,355,355,1.0,0,0,2025-02-24,2026-07-23,0,,,
Sent_Trend_Momentum_Timeseries,DDOG,2019-09-19,1719,1719,1.0,0,0,2019-09-19,2026-07-23,0,,,
Sent_Trend_Momentum_Timeseries,FTNT,2014-01-02,3157,3157,1.0,0,0,2014-01-02,2026-07-23,0,,,
Sent_Trend_Momentum_Timeseries,DSY,2014-01-02,3157,3157,1.0,0,0,2014-01-02,2026-07-23,0,,,
Sent_Trend_Momentum_Timeseries,6146,2014-01-07,3154,3154,1.0,0,0,2014-01-07,2026-07-23,0,,,
Sent_Trend_Momentum_Timeseries,6981,2014-01-07,3154,3154,1.0,0,0,2014-01-07,2026-07-23,0,,,
Sent_Trend_Momentum_Timeseries,BRK/B,2014-01-02,3157,3157,1.0,0,0,2014-01-02,2026-07-23,0,,,
Sent_Trend_Momentum_Timeseries,CB,2014-01-02,3157,3157,1.0,0,0,2014-01-02,2026-07-23,0,,,
Sent_Trend_Momentum_Timeseries,ICE,2014-01-02,3157,3157,1.0,0,0,2014-01-02,2026-07-23,0,,,
Sent_Trend_Momentum_Timeseries,MCO,2014-01-02,3157,3157,1.0,0,0,2014-01-02,2026-07-23,0,,,
Sent_Trend_Momentum_Timeseries,PYPL,2015-07-07,2778,2778,1.0,0,0,2015-07-07,2026-07-23,0,,,
Sent_Trend_Momentum_Timeseries,COF,2025-05-19,296,296,1.0,0,0,2025-05-19,2026-07-23,0,,,
Sent_Trend_Momentum_Timeseries,BNP,2014-01-02,3157,3157,1.0,0,0,2014-01-02,2026-07-23,0,,,
Sent_Trend_Momentum_Timeseries,MUV2,2014-01-02,3157,3157,1.0,0,0,2014-01-02,2026-07-23,0,,,
Sent_Trend_Momentum_Timeseries,RTX,2014-01-02,3157,3157,1.0,0,0,2014-01-02,2026-07-23,0,,,
Sent_Trend_Momentum_Timeseries,EMR,2014-01-02,3157,3157,1.0,0,0,2014-01-02,2026-07-23,0,,,
Sent_Trend_Momentum_Timeseries,AXON,2014-01-02,3157,3157,1.0,0,0,2014-01-02,2026-07-23,0,,,
Sent_Trend_Momentum_Timeseries,UBER,2019-05-10,1810,1810,1.0,0,0,2019-05-10,2026-07-23,0,,,
Sent_Trend_Momentum_Timeseries,AIR,2014-01-02,3157,3157,1.0,0,0,2014-01-02,2026-07-23,0,,,
Sent_Trend_Momentum_Timeseries,SAF,2014-01-02,3157,3157,1.0,0,0,2014-01-02,2026-07-23,0,,,
Sent_Trend_Momentum_Timeseries,MRK,2014-01-02,3157,3157,1.0,0,0,2014-01-02,2026-07-23,0,,,
Sent_Trend_Momentum_Timeseries,AMGN,2014-01-02,3157,3157,1.0,0,0,2014-01-02,2026-07-23,0,,,
Sent_Trend_Momentum_Timeseries,SYK,2014-01-02,3157,3157,1.0,0,0,2014-01-02,2026-07-23,0,,,
Sent_Trend_Momentum_Timeseries,MCK,2014-01-02,3157,3157,1.0,0,0,2014-01-02,2026-07-23,0,,,
Sent_Trend_Momentum_Timeseries,NOVN,2014-01-02,3157,3157,1.0,0,0,2014-01-02,2026-07-23,0,,,
Sent_Trend_Momentum_Timeseries,NKE,2014-01-02,3157,3157,1.0,0,0,2014-01-02,2026-07-23,0,,,
Sent_Trend_Momentum_Timeseries,ORLY,2014-01-02,3157,3157,1.0,0,0,2014-01-02,2026-07-23,0,,,
Sent_Trend_Momentum_Timeseries,DASH,2020-12-09,1410,1410,1.0,0,0,2020-12-09,2026-07-23,0,,,
Sent_Trend_Momentum_Timeseries,CFR,2014-01-02,3157,3157,1.0,0,0,2014-01-02,2026-07-23,0,,,
Sent_Trend_Momentum_Timeseries,TTD,2016-09-21,2472,2472,1.0,0,0,2016-09-21,2026-07-23,0,,,
Sent_Trend_Momentum_Timeseries,RBLX,2021-03-10,1349,1349,1.0,0,0,2021-03-10,2026-07-23,0,,,
Sent_Trend_Momentum_Timeseries,9432,2014-01-07,3154,3154,1.0,0,0,2014-01-07,2026-07-23,0,,,
Sent_Trend_Momentum_Timeseries,9433,2014-01-07,3154,3154,1.0,0,0,2014-01-07,2026-07-23,0,,,
Sent_Trend_Momentum_Timeseries,PEP,2014-01-02,3157,3157,1.0,0,0,2014-01-02,2026-07-23,0,,,
Sent_Trend_Momentum_Timeseries,MDLZ,2014-01-02,3157,3157,1.0,0,0,2014-01-02,2026-07-23,0,,,
Sent_Trend_Momentum_Timeseries,OR,2014-01-02,3157,3157,1.0,0,0,2014-01-02,2026-07-23,0,,,
Sent_Trend_Momentum_Timeseries,CVX,2014-01-02,3157,3157,1.0,0,0,2014-01-02,2026-07-23,0,,,
Sent_Trend_Momentum_Timeseries,TTE,2014-01-02,3157,3157,1.0,0,0,2014-01-02,2026-07-23,0,,,
Sent_Trend_Momentum_Timeseries,NEM,2014-01-02,3157,3157,1.0,0,0,2014-01-02,2026-07-23,0,,,
Sent_Trend_Momentum_Timeseries,SHW,2014-01-02,3157,3157,1.0,0,0,2014-01-02,2026-07-23,0,,,
Sent_Trend_Momentum_Timeseries,SO,2014-01-02,3157,3157,1.0,0,0,2014-01-02,2026-07-23,0,,,
Sent_Trend_21d_Timeseries,AAPL,2014-01-02,3157,3157,1.0,0,0,2014-01-02,2026-07-23,0,,,
Sent_Trend_21d_Timeseries,MSFT,2014-01-02,3157,3157,1.0,0,0,2014-01-02,2026-07-23,0,,,
Sent_Trend_21d_Timeseries,GOOGL,2014-01-02,3157,3157,1.0,0,0,2014-01-02,2026-07-23,0,,,
Sent_Trend_21d_Timeseries,AMZN,2014-01-02,3157,3157,1.0,0,0,2014-01-02,2026-07-23,0,,,
Sent_Trend_21d_Timeseries,META,2014-01-02,3157,3157,1.0,0,0,2014-01-02,2026-07-23,0,,,
Sent_Trend_21d_Timeseries,NVDA,2014-01-02,3157,3157,1.0,0,0,2014-01-02,2026-07-23,0,,,
Sent_Trend_21d_Timeseries,TSLA,2014-01-02,3157,3157,1.0,0,0,2014-01-02,2026-07-23,0,,,
Sent_Trend_21d_Timeseries,PLTR,2020-09-30,1459,1459,1.0,0,0,2020-09-30,2026-07-23,0,,,
Sent_Trend_21d_Timeseries,AVGO,2014-01-02,3157,3157,1.0,0,0,2014-01-02,2026-07-23,0,,,
Sent_Trend_21d_Timeseries,MU,2014-01-02,3157,3157,1.0,0,0,2014-01-02,2026-07-23,0,,,
Sent_Trend_21d_Timeseries,GEV,2024-04-02,579,579,1.0,0,0,2024-04-02,2026-07-23,0,,,
Sent_Trend_21d_Timeseries,VRT,2018-08-01,2004,1498,0.7475049900199601,506,0,2020-08-05,2026-07-23,0,,,
Sent_Trend_21d_Timeseries,BE,2018-07-25,2009,2009,1.0,0,0,2018-07-25,2026-07-23,0,,,
Sent_Trend_21d_Timeseries,LITE,2015-07-27,2764,2758,0.9978292329956585,6,0,2015-08-04,2026-07-23,0,,,
Sent_Trend_21d_Timeseries,000660,2014-01-02,3157,3157,1.0,0,0,2014-01-02,2026-07-23,0,,,
Sent_Trend_21d_Timeseries,005930,2014-01-02,3157,3157,1.0,0,0,2014-01-02,2026-07-23,0,,,
Sent_Trend_21d_Timeseries,UNH,2014-01-02,3157,3157,1.0,0,0,2014-01-02,2026-07-23,0,,,
Sent_Trend_21d_Timeseries,LLY,2014-01-02,3157,3157,1.0,0,0,2014-01-02,2026-07-23,0,,,
Sent_Trend_21d_Timeseries,ISRG,2014-01-02,3157,3157,1.0,0,0,2014-01-02,2026-07-23,0,,,
Sent_Trend_21d_Timeseries,ABBV,2014-01-02,3157,3157,1.0,0,0,2014-01-02,2026-07-23,0,,,
Sent_Trend_21d_Timeseries,REGN,2014-01-02,3157,3157,1.0,0,0,2014-01-02,2026-07-23,0,,,
Sent_Trend_21d_Timeseries,JPM,2014-01-02,3157,3157,1.0,0,0,2014-01-02,2026-07-23,0,,,
Sent_Trend_21d_Timeseries,V,2014-01-02,3157,3157,1.0,0,0,2014-01-02,2026-07-23,0,,,
Sent_Trend_21d_Timeseries,MA,2014-01-02,3157,3157,1.0,0,0,2014-01-02,2026-07-23,0,,,
Sent_Trend_21d_Timeseries,BLK,2014-01-02,3157,3157,1.0,0,0,2014-01-02,2026-07-23,0,,,
Sent_Trend_21d_Timeseries,SPGI,2014-01-02,3157,3157,1.0,0,0,2014-01-02,2026-07-23,0,,,
Sent_Trend_21d_Timeseries,GS,2014-01-02,3157,3157,1.0,0,0,2014-01-02,2026-07-23,0,,,
Sent_Trend_21d_Timeseries,COST,2014-01-02,3157,3157,1.0,0,0,2014-01-02,2026-07-23,0,,,
Sent_Trend_21d_Timeseries,HD,2014-01-02,3157,3157,1.0,0,0,2014-01-02,2026-07-23,0,,,
Sent_Trend_21d_Timeseries,PG,2014-01-02,3157,3157,1.0,0,0,2014-01-02,2026-07-23,0,,,
Sent_Trend_21d_Timeseries,MCD,2014-01-02,3157,3157,1.0,0,0,2014-01-02,2026-07-23,0,,,
Sent_Trend_21d_Timeseries,WMT,2014-01-02,3157,3157,1.0,0,0,2014-01-02,2026-07-23,0,,,
Sent_Trend_21d_Timeseries,CAT,2014-01-02,3157,3157,1.0,0,0,2014-01-02,2026-07-23,0,,,
Sent_Trend_21d_Timeseries,HON,2014-01-02,3157,3157,1.0,0,0,2014-01-02,2026-07-23,0,,,
Sent_Trend_21d_Timeseries,DE,2014-01-02,3157,3157,1.0,0,0,2014-01-02,2026-07-23,0,,,
Sent_Trend_21d_Timeseries,UNP,2014-01-02,3157,3157,1.0,0,0,2014-01-02,2026-07-23,0,,,
Sent_Trend_21d_Timeseries,LMT,2014-01-02,3157,3157,1.0,0,0,2014-01-02,2026-07-23,0,,,
Sent_Trend_21d_Timeseries,ETN,2014-01-02,3157,3157,1.0,0,0,2014-01-02,2026-07-23,0,,,
Sent_Trend_21d_Timeseries,XOM,2014-01-02,3157,3157,1.0,0,0,2014-01-02,2026-07-23,0,,,
Sent_Trend_21d_Timeseries,LNG,2014-01-02,3157,3157,1.0,0,0,2014-01-02,2026-07-23,0,,,
Sent_Trend_21d_Timeseries,FCX,2014-01-02,3157,3157,1.0,0,0,2014-01-02,2026-07-23,0,,,
Sent_Trend_21d_Timeseries,LIN,2014-01-02,3157,3157,1.0,0,0,2014-01-02,2026-07-23,0,,,
Sent_Trend_21d_Timeseries,NEE,2014-01-02,3157,3157,1.0,0,0,2014-01-02,2026-07-23,0,,,
Sent_Trend_21d_Timeseries,AMT,2014-01-02,3157,3157,1.0,0,0,2014-01-02,2026-07-23,0,,,
Sent_Trend_21d_Timeseries,EQIX,2014-01-02,3157,3157,1.0,0,0,2014-01-02,2026-07-23,0,,,
Sent_Trend_21d_Timeseries,TMUS,2014-01-02,3157,3157,1.0,0,0,2014-01-02,2026-07-23,0,,,
Sent_Trend_21d_Timeseries,PLD,2014-01-02,3157,3157,1.0,0,0,2014-01-02,2026-07-23,0,,,
Sent_Trend_21d_Timeseries,AMD,2014-01-02,3157,3157,1.0,0,0,2014-01-02,2026-07-23,0,,,
Sent_Trend_21d_Timeseries,CRM,2014-01-02,3157,3157,1.0,0,0,2014-01-02,2026-07-23,0,,,
Sent_Trend_21d_Timeseries,NFLX,2014-01-02,3157,3157,1.0,0,0,2014-01-02,2026-07-23,0,,,
Sent_Trend_21d_Timeseries,TER,2014-01-02,3157,3157,1.0,0,0,2014-01-02,2026-07-23,0,,,
Sent_Trend_21d_Timeseries,GLW,2014-01-02,3157,3157,1.0,0,0,2014-01-02,2026-07-23,0,,,
Sent_Trend_21d_Timeseries,JNJ,2014-01-02,3157,3157,1.0,0,0,2014-01-02,2026-07-23,0,,,
Sent_Trend_21d_Timeseries,WFC,2014-01-02,3157,3157,1.0,0,0,2014-01-02,2026-07-23,0,,,
Sent_Trend_21d_Timeseries,MPC,2014-01-02,3157,3157,1.0,0,0,2014-01-02,2026-07-23,0,,,
Sent_Trend_21d_Timeseries,LRCX,2014-01-02,3157,3157,1.0,0,0,2014-01-02,2026-07-23,0,,,
Sent_Trend_21d_Timeseries,AMAT,2014-01-02,3157,3157,1.0,0,0,2014-01-02,2026-07-23,0,,,
Sent_Trend_21d_Timeseries,PANW,2014-01-02,3157,3157,1.0,0,0,2014-01-02,2026-07-23,0,,,
Sent_Trend_21d_Timeseries,FN,2014-01-02,3157,3157,1.0,0,0,2014-01-02,2026-07-23,0,,,
Sent_Trend_21d_Timeseries,MPWR,2014-01-02,3157,3157,1.0,0,0,2014-01-02,2026-07-23,0,,,
Sent_Trend_21d_Timeseries,BAC,2014-01-02,3157,3157,1.0,0,0,2014-01-02,2026-07-23,0,,,
Sent_Trend_21d_Timeseries,CSCO,2014-01-02,3157,3157,1.0,0,0,2014-01-02,2026-07-23,0,,,
Sent_Trend_21d_Timeseries,INTC,2014-01-02,3157,3157,1.0,0,0,2014-01-02,2026-07-23,0,,,
Sent_Trend_21d_Timeseries,ORCL,2014-01-02,3157,3157,1.0,0,0,2014-01-02,2026-07-23,0,,,
Sent_Trend_21d_Timeseries,TSM,2014-01-02,3157,3157,1.0,0,0,2014-01-02,2026-07-23,0,,,
Sent_Trend_21d_Timeseries,SNDK,2025-02-24,355,355,1.0,0,0,2025-02-24,2026-07-23,0,,,
Sent_Trend_21d_Timeseries,KLAC,2014-01-02,3157,3157,1.0,0,0,2014-01-02,2026-07-23,0,,,
Sent_Trend_21d_Timeseries,ANET,2014-06-06,3050,3050,1.0,0,0,2014-06-06,2026-07-23,0,,,
Sent_Trend_21d_Timeseries,MRVL,2014-01-02,3157,3157,1.0,0,0,2014-01-02,2026-07-23,0,,,
Sent_Trend_21d_Timeseries,CDNS,2014-01-02,3157,3157,1.0,0,0,2014-01-02,2026-07-23,0,,,
Sent_Trend_21d_Timeseries,STX,2014-01-02,3157,3157,1.0,0,0,2014-01-02,2026-07-23,0,,,
Sent_Trend_21d_Timeseries,PWR,2014-01-02,3157,3157,1.0,0,0,2014-01-02,2026-07-23,0,,,
Sent_Trend_21d_Timeseries,BX,2014-01-02,3157,3157,1.0,0,0,2014-01-02,2026-07-23,0,,,
Sent_Trend_21d_Timeseries,TMO,2014-01-02,3157,3157,1.0,0,0,2014-01-02,2026-07-23,0,,,
Sent_Trend_21d_Timeseries,BSX,2014-01-02,3157,3157,1.0,0,0,2014-01-02,2026-07-23,0,,,
Sent_Trend_21d_Timeseries,BKNG,2014-01-02,3157,3157,1.0,0,0,2014-01-02,2026-07-23,0,,,
Sent_Trend_21d_Timeseries,PM,2014-01-02,3157,3157,1.0,0,0,2014-01-02,2026-07-23,0,,,
Sent_Trend_21d_Timeseries,WMB,2014-01-02,3157,3157,1.0,0,0,2014-01-02,2026-07-23,0,,,
Sent_Trend_21d_Timeseries,CEG,2022-02-02,1121,1120,0.9991079393398751,1,0,2022-02-03,2026-07-23,0,,,
Sent_Trend_21d_Timeseries,VST,2016-10-05,2462,2461,0.9995938261575954,1,0,2016-10-06,2026-07-23,0,,,
Sent_Trend_21d_Timeseries,DLR,2014-01-02,3157,3157,1.0,0,0,2014-01-02,2026-07-23,0,,,
Sent_Trend_21d_Timeseries,ARM,2023-09-14,716,716,1.0,0,0,2023-09-14,2026-07-23,0,,,
Sent_Trend_21d_Timeseries,SPOT,2018-04-03,2088,2088,1.0,0,0,2018-04-03,2026-07-23,0,,,
Sent_Trend_21d_Timeseries,RACE,2015-10-21,2703,2703,1.0,0,0,2015-10-21,2026-07-23,0,,,
Sent_Trend_21d_Timeseries,285A,2024-12-18,398,398,1.0,0,0,2024-12-18,2026-07-23,0,,,
Sent_Trend_21d_Timeseries,6857,2014-01-07,3154,3154,1.0,0,0,2014-01-07,2026-07-23,0,,,
Sent_Trend_21d_Timeseries,SU,2014-01-02,3157,3157,1.0,0,0,2014-01-02,2026-07-23,0,,,
Sent_Trend_21d_Timeseries,SIE,2014-01-02,3157,3157,1.0,0,0,2014-01-02,2026-07-23,0,,,
Sent_Trend_21d_Timeseries,RHM,2014-01-02,3157,3157,1.0,0,0,2014-01-02,2026-07-23,0,,,
Sent_Trend_21d_Timeseries,ALV,2014-01-02,3157,3157,1.0,0,0,2014-01-02,2026-07-23,0,,,
Sent_Trend_21d_Timeseries,MC,2014-01-02,3157,3157,1.0,0,0,2014-01-02,2026-07-23,0,,,
Sent_Trend_21d_Timeseries,NESN,2014-01-02,3157,3157,1.0,0,0,2014-01-02,2026-07-23,0,,,
Sent_Trend_21d_Timeseries,RR/,2014-01-02,3157,3157,1.0,0,0,2014-01-02,2026-07-23,0,,,
Sent_Trend_21d_Timeseries,SAP,2014-01-02,3157,3157,1.0,0,0,2014-01-02,2026-07-23,0,,,
Sent_Trend_21d_Timeseries,ASML,2014-01-02,3157,3157,1.0,0,0,2014-01-02,2026-07-23,0,,,
Sent_Trend_21d_Timeseries,AZN,2014-01-02,3157,3157,1.0,0,0,2014-01-02,2026-07-23,0,,,
Sent_Trend_21d_Timeseries,SHEL,2014-01-02,3157,3157,1.0,0,0,2014-01-02,2026-07-23,0,,,
Sent_Trend_21d_Timeseries,HSBA,2014-01-02,3157,3157,1.0,0,0,2014-01-02,2026-07-23,0,,,
Sent_Trend_21d_Timeseries,NOVOB,2014-01-02,3157,3157,1.0,0,0,2014-01-02,2026-07-23,0,,,
Sent_Trend_21d_Timeseries,RIO,2014-01-02,3157,3157,1.0,0,0,2014-01-02,2026-07-23,0,,,
Sent_Trend_21d_Timeseries,QCOM,2014-01-02,3157,3157,1.0,0,0,2014-01-02,2026-07-23,0,,,
Sent_Trend_21d_Timeseries,TXN,2014-01-02,3157,3157,1.0,0,0,2014-01-02,2026-07-23,0,,,
Sent_Trend_21d_Timeseries,ADBE,2014-01-02,3157,3157,1.0,0,0,2014-01-02,2026-07-23,0,,,
Sent_Trend_21d_Timeseries,NOW,2014-01-02,3157,3157,1.0,0,0,2014-01-02,2026-07-23,0,,,
Sent_Trend_21d_Timeseries,ACN,2014-01-02,3157,3157,1.0,0,0,2014-01-02,2026-07-23,0,,,
Sent_Trend_21d_Timeseries,IBM,2014-01-02,3157,3157,1.0,0,0,2014-01-02,2026-07-23,0,,,
Sent_Trend_21d_Timeseries,ADI,2014-01-02,3157,3157,1.0,0,0,2014-01-02,2026-07-23,0,,,
Sent_Trend_21d_Timeseries,DELL,2018-12-28,1901,1901,1.0,0,0,2018-12-28,2026-07-23,0,,,
Sent_Trend_21d_Timeseries,8035,2014-01-07,3154,3154,1.0,0,0,2014-01-07,2026-07-23,0,,,
Sent_Trend_21d_Timeseries,IFX,2014-01-02,3157,3157,1.0,0,0,2014-01-02,2026-07-23,0,,,
Sent_Trend_21d_Timeseries,MS,2014-01-02,3157,3157,1.0,0,0,2014-01-02,2026-07-23,0,,,
Sent_Trend_21d_Timeseries,SCHW,2014-01-02,3157,3157,1.0,0,0,2014-01-02,2026-07-23,0,,,
Sent_Trend_21d_Timeseries,AXP,2014-01-02,3157,3157,1.0,0,0,2014-01-02,2026-07-23,0,,,
Sent_Trend_21d_Timeseries,PGR,2014-01-02,3157,3157,1.0,0,0,2014-01-02,2026-07-23,0,,,
Sent_Trend_21d_Timeseries,AON,2014-01-02,3157,3157,1.0,0,0,2014-01-02,2026-07-23,0,,,
Sent_Trend_21d_Timeseries,CME,2014-01-02,3157,3157,1.0,0,0,2014-01-02,2026-07-23,0,,,
Sent_Trend_21d_Timeseries,KKR,2014-01-02,3157,3157,1.0,0,0,2014-01-02,2026-07-23,0,,,
Sent_Trend_21d_Timeseries,BN,2022-12-12,905,905,1.0,0,0,2022-12-12,2026-07-23,0,,,
Sent_Trend_21d_Timeseries,C,2014-01-02,3157,3157,1.0,0,0,2014-01-02,2026-07-23,0,,,
Sent_Trend_21d_Timeseries,LSEG,2014-01-02,3157,3157,1.0,0,0,2014-01-02,2026-07-23,0,,,
Sent_Trend_21d_Timeseries,ZURN,2014-01-02,3157,3157,1.0,0,0,2014-01-02,2026-07-23,0,,,
Sent_Trend_21d_Timeseries,CS,2014-01-02,3157,3157,1.0,0,0,2014-01-02,2026-07-23,0,,,
Sent_Trend_21d_Timeseries,8306,2014-01-07,3154,3154,1.0,0,0,2014-01-07,2026-07-23,0,,,
Sent_Trend_21d_Timeseries,DIS,2014-01-02,3157,3157,1.0,0,0,2014-01-02,2026-07-23,0,,,
Sent_Trend_21d_Timeseries,CMCSA,2014-01-02,3157,3157,1.0,0,0,2014-01-02,2026-07-23,0,,,
Sent_Trend_21d_Timeseries,VZ,2014-01-02,3157,3157,1.0,0,0,2014-01-02,2026-07-23,0,,,
Sent_Trend_21d_Timeseries,T,2014-01-02,3157,3157,1.0,0,0,2014-01-02,2026-07-23,0,,,
Sent_Trend_21d_Timeseries,TTWO,2014-01-02,3157,3157,1.0,0,0,2014-01-02,2026-07-23,0,,,
Sent_Trend_21d_Timeseries,PUB,2014-01-02,3157,3157,1.0,0,0,2014-01-02,2026-07-23,0,,,
Sent_Trend_21d_Timeseries,7974,2014-01-07,3154,3154,1.0,0,0,2014-01-07,2026-07-23,0,,,
Sent_Trend_21d_Timeseries,DTE,2014-01-02,3157,3157,1.0,0,0,2014-01-02,2026-07-23,0,,,
Sent_Trend_21d_Timeseries,UMG,2021-09-21,1214,1121,0.9233937397034596,93,0,2022-02-02,2026-07-23,0,,,
Sent_Trend_21d_Timeseries,LOW,2014-01-02,3157,3157,1.0,0,0,2014-01-02,2026-07-23,0,,,
Sent_Trend_21d_Timeseries,TJX,2014-01-02,3157,3157,1.0,0,0,2014-01-02,2026-07-23,0,,,
Sent_Trend_21d_Timeseries,SBUX,2014-01-02,3157,3157,1.0,0,0,2014-01-02,2026-07-23,0,,,
Sent_Trend_21d_Timeseries,ABNB,2020-12-10,1409,1409,1.0,0,0,2020-12-10,2026-07-23,0,,,
Sent_Trend_21d_Timeseries,7203,2014-01-07,3154,3154,1.0,0,0,2014-01-07,2026-07-23,0,,,
Sent_Trend_21d_Timeseries,ITX,2014-01-02,3157,3157,1.0,0,0,2014-01-02,2026-07-23,0,,,
Sent_Trend_21d_Timeseries,ABT,2014-01-02,3157,3157,1.0,0,0,2014-01-02,2026-07-23,0,,,
Sent_Trend_21d_Timeseries,DHR,2014-01-02,3157,3157,1.0,0,0,2014-01-02,2026-07-23,0,,,
Sent_Trend_21d_Timeseries,VRTX,2014-01-02,3157,3157,1.0,0,0,2014-01-02,2026-07-23,0,,,
Sent_Trend_21d_Timeseries,SAN,2014-01-02,3157,3157,1.0,0,0,2014-01-02,2026-07-23,0,,,
Sent_Trend_21d_Timeseries,GE,2024-04-02,579,579,1.0,0,0,2024-04-02,2026-07-23,0,,,
Sent_Trend_21d_Timeseries,TT,2020-03-02,1607,1607,1.0,0,0,2020-03-02,2026-07-23,0,,,
Sent_Trend_21d_Timeseries,ABBN,2014-01-02,3157,3157,1.0,0,0,2014-01-02,2026-07-23,0,,,
Sent_Trend_21d_Timeseries,KO,2014-01-02,3157,3157,1.0,0,0,2014-01-02,2026-07-23,0,,,
Sent_Trend_21d_Timeseries,ULVR,2014-01-02,3157,3157,1.0,0,0,2014-01-02,2026-07-23,0,,,
Sent_Trend_21d_Timeseries,ECL,2014-01-02,3157,3157,1.0,0,0,2014-01-02,2026-07-23,0,,,
Sent_Trend_21d_Timeseries,AI,2014-01-02,3157,3157,1.0,0,0,2014-01-02,2026-07-23,0,,,
Sent_Trend_21d_Timeseries,IBE,2014-01-02,3157,3157,1.0,0,0,2014-01-02,2026-07-23,0,,,
Sent_Trend_21d_Timeseries,INTU,2014-01-02,3157,3157,1.0,0,0,2014-01-02,2026-07-23,0,,,
Sent_Trend_21d_Timeseries,SNPS,2014-01-02,3157,3157,1.0,0,0,2014-01-02,2026-07-23,0,,,
Sent_Trend_21d_Timeseries,APH,2014-01-02,3157,3157,1.0,0,0,2014-01-02,2026-07-23,0,,,
Sent_Trend_21d_Timeseries,MSI,2014-01-02,3157,3157,1.0,0,0,2014-01-02,2026-07-23,0,,,
Sent_Trend_21d_Timeseries,CRWD,2019-06-12,1788,1788,1.0,0,0,2019-06-12,2026-07-23,0,,,
Sent_Trend_21d_Timeseries,NXPI,2014-01-02,3157,3157,1.0,0,0,2014-01-02,2026-07-23,0,,,
Sent_Trend_21d_Timeseries,KEYS,2014-10-21,2955,2950,0.9983079526226735,5,0,2014-10-28,2026-07-23,0,,,
Sent_Trend_21d_Timeseries,ADSK,2014-01-02,3157,3157,1.0,0,0,2014-01-02,2026-07-23,0,,,
Sent_Trend_21d_Timeseries,WDAY,2014-01-02,3157,3157,1.0,0,0,2014-01-02,2026-07-23,0,,,
Sent_Trend_21d_Timeseries,WDC,2025-02-24,355,355,1.0,0,0,2025-02-24,2026-07-23,0,,,
Sent_Trend_21d_Timeseries,DDOG,2019-09-19,1719,1719,1.0,0,0,2019-09-19,2026-07-23,0,,,
Sent_Trend_21d_Timeseries,FTNT,2014-01-02,3157,3157,1.0,0,0,2014-01-02,2026-07-23,0,,,
Sent_Trend_21d_Timeseries,DSY,2014-01-02,3157,3157,1.0,0,0,2014-01-02,2026-07-23,0,,,
Sent_Trend_21d_Timeseries,6146,2014-01-07,3154,3154,1.0,0,0,2014-01-07,2026-07-23,0,,,
Sent_Trend_21d_Timeseries,6981,2014-01-07,3154,3154,1.0,0,0,2014-01-07,2026-07-23,0,,,
Sent_Trend_21d_Timeseries,BRK/B,2014-01-02,3157,3157,1.0,0,0,2014-01-02,2026-07-23,0,,,
Sent_Trend_21d_Timeseries,CB,2014-01-02,3157,3157,1.0,0,0,2014-01-02,2026-07-23,0,,,
Sent_Trend_21d_Timeseries,ICE,2014-01-02,3157,3157,1.0,0,0,2014-01-02,2026-07-23,0,,,
Sent_Trend_21d_Timeseries,MCO,2014-01-02,3157,3157,1.0,0,0,2014-01-02,2026-07-23,0,,,
Sent_Trend_21d_Timeseries,PYPL,2015-07-07,2778,2778,1.0,0,0,2015-07-07,2026-07-23,0,,,
Sent_Trend_21d_Timeseries,COF,2025-05-19,296,296,1.0,0,0,2025-05-19,2026-07-23,0,,,
Sent_Trend_21d_Timeseries,BNP,2014-01-02,3157,3157,1.0,0,0,2014-01-02,2026-07-23,0,,,
Sent_Trend_21d_Timeseries,MUV2,2014-01-02,3157,3157,1.0,0,0,2014-01-02,2026-07-23,0,,,
Sent_Trend_21d_Timeseries,RTX,2014-01-02,3157,3157,1.0,0,0,2014-01-02,2026-07-23,0,,,
Sent_Trend_21d_Timeseries,EMR,2014-01-02,3157,3157,1.0,0,0,2014-01-02,2026-07-23,0,,,
Sent_Trend_21d_Timeseries,AXON,2014-01-02,3157,3157,1.0,0,0,2014-01-02,2026-07-23,0,,,
Sent_Trend_21d_Timeseries,UBER,2019-05-10,1810,1810,1.0,0,0,2019-05-10,2026-07-23,0,,,
Sent_Trend_21d_Timeseries,AIR,2014-01-02,3157,3157,1.0,0,0,2014-01-02,2026-07-23,0,,,
Sent_Trend_21d_Timeseries,SAF,2014-01-02,3157,3157,1.0,0,0,2014-01-02,2026-07-23,0,,,
Sent_Trend_21d_Timeseries,MRK,2014-01-02,3157,3157,1.0,0,0,2014-01-02,2026-07-23,0,,,
Sent_Trend_21d_Timeseries,AMGN,2014-01-02,3157,3157,1.0,0,0,2014-01-02,2026-07-23,0,,,
Sent_Trend_21d_Timeseries,SYK,2014-01-02,3157,3157,1.0,0,0,2014-01-02,2026-07-23,0,,,
Sent_Trend_21d_Timeseries,MCK,2014-01-02,3157,3157,1.0,0,0,2014-01-02,2026-07-23,0,,,
Sent_Trend_21d_Timeseries,NOVN,2014-01-02,3157,3157,1.0,0,0,2014-01-02,2026-07-23,0,,,
Sent_Trend_21d_Timeseries,NKE,2014-01-02,3157,3157,1.0,0,0,2014-01-02,2026-07-23,0,,,
Sent_Trend_21d_Timeseries,ORLY,2014-01-02,3157,3157,1.0,0,0,2014-01-02,2026-07-23,0,,,
Sent_Trend_21d_Timeseries,DASH,2020-12-09,1410,1410,1.0,0,0,2020-12-09,2026-07-23,0,,,
Sent_Trend_21d_Timeseries,CFR,2014-01-02,3157,3157,1.0,0,0,2014-01-02,2026-07-23,0,,,
Sent_Trend_21d_Timeseries,TTD,2016-09-21,2472,2472,1.0,0,0,2016-09-21,2026-07-23,0,,,
Sent_Trend_21d_Timeseries,RBLX,2021-03-10,1349,1349,1.0,0,0,2021-03-10,2026-07-23,0,,,
Sent_Trend_21d_Timeseries,9432,2014-01-07,3154,3154,1.0,0,0,2014-01-07,2026-07-23,0,,,
Sent_Trend_21d_Timeseries,9433,2014-01-07,3154,3154,1.0,0,0,2014-01-07,2026-07-23,0,,,
Sent_Trend_21d_Timeseries,PEP,2014-01-02,3157,3157,1.0,0,0,2014-01-02,2026-07-23,0,,,
Sent_Trend_21d_Timeseries,MDLZ,2014-01-02,3157,3157,1.0,0,0,2014-01-02,2026-07-23,0,,,
Sent_Trend_21d_Timeseries,OR,2014-01-02,3157,3157,1.0,0,0,2014-01-02,2026-07-23,0,,,
Sent_Trend_21d_Timeseries,CVX,2014-01-02,3157,3157,1.0,0,0,2014-01-02,2026-07-23,0,,,
Sent_Trend_21d_Timeseries,TTE,2014-01-02,3157,3157,1.0,0,0,2014-01-02,2026-07-23,0,,,
Sent_Trend_21d_Timeseries,NEM,2014-01-02,3157,3157,1.0,0,0,2014-01-02,2026-07-23,0,,,
Sent_Trend_21d_Timeseries,SHW,2014-01-02,3157,3157,1.0,0,0,2014-01-02,2026-07-23,0,,,
Sent_Trend_21d_Timeseries,SO,2014-01-02,3157,3157,1.0,0,0,2014-01-02,2026-07-23,0,,,
Factset_EPS_Revision,AAPL,2014-01-02,3157,3157,1.0,0,0,2014-01-02,2026-07-23,0,,,
Factset_EPS_Revision,MSFT,2014-01-02,3157,3157,1.0,0,0,2014-01-02,2026-07-23,0,,,
Factset_EPS_Revision,GOOGL,2014-01-02,3157,3157,1.0,0,0,2014-01-02,2026-07-23,0,,,
Factset_EPS_Revision,AMZN,2014-01-02,3157,3157,1.0,0,0,2014-01-02,2026-07-23,0,,,
Factset_EPS_Revision,META,2014-01-02,3157,3157,1.0,0,0,2014-01-02,2026-07-23,0,,,
Factset_EPS_Revision,NVDA,2014-01-02,3157,3157,1.0,0,0,2014-01-02,2026-07-23,0,,,
Factset_EPS_Revision,TSLA,2014-01-02,3157,3157,1.0,0,0,2014-01-02,2026-07-23,0,,,
Factset_EPS_Revision,PLTR,2020-09-30,1459,1442,0.9883481836874571,17,0,2020-10-23,2026-07-23,0,,,
Factset_EPS_Revision,AVGO,2014-01-02,3157,3157,1.0,0,0,2014-01-02,2026-07-23,0,,,
Factset_EPS_Revision,MU,2014-01-02,3157,3157,1.0,0,0,2014-01-02,2026-07-23,0,,,
Factset_EPS_Revision,GEV,2024-04-02,579,576,0.9948186528497409,3,0,2024-04-05,2026-07-23,0,,,
Factset_EPS_Revision,VRT,2018-08-01,2004,1602,0.7994011976047904,402,0,2020-03-09,2026-07-23,0,,,
Factset_EPS_Revision,BE,2018-07-25,2009,1992,0.9915380786460926,17,0,2018-08-17,2026-07-23,0,,,
Factset_EPS_Revision,LITE,2015-07-27,2764,2755,0.9967438494934877,9,0,2015-08-07,2026-07-23,0,,,
Factset_EPS_Revision,000660,2014-01-02,3157,3157,1.0,0,0,2014-01-02,2026-07-23,0,,,
Factset_EPS_Revision,005930,2014-01-02,3157,3157,1.0,0,0,2014-01-02,2026-07-23,0,,,
Factset_EPS_Revision,UNH,2014-01-02,3157,3157,1.0,0,0,2014-01-02,2026-07-23,0,,,
Factset_EPS_Revision,LLY,2014-01-02,3157,3157,1.0,0,0,2014-01-02,2026-07-23,0,,,
Factset_EPS_Revision,ISRG,2014-01-02,3157,3157,1.0,0,0,2014-01-02,2026-07-23,0,,,
Factset_EPS_Revision,ABBV,2014-01-02,3157,3157,1.0,0,0,2014-01-02,2026-07-23,0,,,
Factset_EPS_Revision,REGN,2014-01-02,3157,3157,1.0,0,0,2014-01-02,2026-07-23,0,,,
Factset_EPS_Revision,JPM,2014-01-02,3157,3157,1.0,0,0,2014-01-02,2026-07-23,0,,,
Factset_EPS_Revision,V,2014-01-02,3157,3157,1.0,0,0,2014-01-02,2026-07-23,0,,,
Factset_EPS_Revision,MA,2014-01-02,3157,3157,1.0,0,0,2014-01-02,2026-07-23,0,,,
Factset_EPS_Revision,BLK,2014-01-02,3157,3157,1.0,0,0,2014-01-02,2026-07-23,0,,,
Factset_EPS_Revision,SPGI,2014-01-02,3157,3157,1.0,0,0,2014-01-02,2026-07-23,0,,,
Factset_EPS_Revision,GS,2014-01-02,3157,3157,1.0,0,0,2014-01-02,2026-07-23,0,,,
Factset_EPS_Revision,COST,2014-01-02,3157,3157,1.0,0,0,2014-01-02,2026-07-23,0,,,
Factset_EPS_Revision,HD,2014-01-02,3157,3157,1.0,0,0,2014-01-02,2026-07-23,0,,,
Factset_EPS_Revision,PG,2014-01-02,3157,3157,1.0,0,0,2014-01-02,2026-07-23,0,,,
Factset_EPS_Revision,MCD,2014-01-02,3157,3157,1.0,0,0,2014-01-02,2026-07-23,0,,,
Factset_EPS_Revision,WMT,2014-01-02,3157,3157,1.0,0,0,2014-01-02,2026-07-23,0,,,
Factset_EPS_Revision,CAT,2014-01-02,3157,3157,1.0,0,0,2014-01-02,2026-07-23,0,,,
Factset_EPS_Revision,HON,2014-01-02,3157,3157,1.0,0,0,2014-01-02,2026-07-23,0,,,
Factset_EPS_Revision,DE,2014-01-02,3157,3157,1.0,0,0,2014-01-02,2026-07-23,0,,,
Factset_EPS_Revision,UNP,2014-01-02,3157,3157,1.0,0,0,2014-01-02,2026-07-23,0,,,
Factset_EPS_Revision,LMT,2014-01-02,3157,3157,1.0,0,0,2014-01-02,2026-07-23,0,,,
Factset_EPS_Revision,ETN,2014-01-02,3157,3157,1.0,0,0,2014-01-02,2026-07-23,0,,,
Factset_EPS_Revision,XOM,2014-01-02,3157,3157,1.0,0,0,2014-01-02,2026-07-23,0,,,
Factset_EPS_Revision,LNG,2014-01-02,3157,3157,1.0,0,0,2014-01-02,2026-07-23,0,,,
Factset_EPS_Revision,FCX,2014-01-02,3157,3157,1.0,0,0,2014-01-02,2026-07-23,0,,,
Factset_EPS_Revision,LIN,2014-01-02,3157,3157,1.0,0,0,2014-01-02,2026-07-23,0,,,
Factset_EPS_Revision,NEE,2014-01-02,3157,3157,1.0,0,0,2014-01-02,2026-07-23,0,,,
Factset_EPS_Revision,AMT,2014-01-02,3157,3157,1.0,0,0,2014-01-02,2026-07-23,0,,,
Factset_EPS_Revision,EQIX,2014-01-02,3157,3157,1.0,0,0,2014-01-02,2026-07-23,0,,,
Factset_EPS_Revision,TMUS,2014-01-02,3157,3157,1.0,0,0,2014-01-02,2026-07-23,0,,,
Factset_EPS_Revision,PLD,2014-01-02,3157,3157,1.0,0,0,2014-01-02,2026-07-23,0,,,
Factset_EPS_Revision,AMD,2014-01-02,3157,3157,1.0,0,0,2014-01-02,2026-07-23,0,,,
Factset_EPS_Revision,CRM,2014-01-02,3157,3157,1.0,0,0,2014-01-02,2026-07-23,0,,,
Factset_EPS_Revision,NFLX,2014-01-02,3157,3157,1.0,0,0,2014-01-02,2026-07-23,0,,,
Factset_EPS_Revision,TER,2014-01-02,3157,3157,1.0,0,0,2014-01-02,2026-07-23,0,,,
Factset_EPS_Revision,GLW,2014-01-02,3157,3157,1.0,0,0,2014-01-02,2026-07-23,0,,,
Factset_EPS_Revision,JNJ,2014-01-02,3157,3157,1.0,0,0,2014-01-02,2026-07-23,0,,,
Factset_EPS_Revision,WFC,2014-01-02,3157,3157,1.0,0,0,2014-01-02,2026-07-23,0,,,
Factset_EPS_Revision,MPC,2014-01-02,3157,3157,1.0,0,0,2014-01-02,2026-07-23,0,,,
Factset_EPS_Revision,LRCX,2014-01-02,3157,3157,1.0,0,0,2014-01-02,2026-07-23,0,,,
Factset_EPS_Revision,AMAT,2014-01-02,3157,3157,1.0,0,0,2014-01-02,2026-07-23,0,,,
Factset_EPS_Revision,PANW,2014-01-02,3157,3157,1.0,0,0,2014-01-02,2026-07-23,0,,,
Factset_EPS_Revision,FN,2014-01-02,3157,3157,1.0,0,0,2014-01-02,2026-07-23,0,,,
Factset_EPS_Revision,MPWR,2014-01-02,3157,3157,1.0,0,0,2014-01-02,2026-07-23,0,,,
Factset_EPS_Revision,BAC,2014-01-02,3157,3157,1.0,0,0,2014-01-02,2026-07-23,0,,,
Factset_EPS_Revision,CSCO,2014-01-02,3157,3157,1.0,0,0,2014-01-02,2026-07-23,0,,,
Factset_EPS_Revision,INTC,2014-01-02,3157,3157,1.0,0,0,2014-01-02,2026-07-23,0,,,
Factset_EPS_Revision,ORCL,2014-01-02,3157,3157,1.0,0,0,2014-01-02,2026-07-23,0,,,
Factset_EPS_Revision,TSM,2014-01-02,3157,3156,0.9996832435856826,1,0,2014-01-02,2026-07-23,0,,,
Factset_EPS_Revision,SNDK,2025-02-24,355,347,0.9774647887323944,8,0,2025-03-06,2026-07-23,0,,,
Factset_EPS_Revision,KLAC,2014-01-02,3157,3157,1.0,0,0,2014-01-02,2026-07-23,0,,,
Factset_EPS_Revision,ANET,2014-06-06,3050,3050,1.0,0,0,2014-06-06,2026-07-23,0,,,
Factset_EPS_Revision,MRVL,2014-01-02,3157,3157,1.0,0,0,2014-01-02,2026-07-23,0,,,
Factset_EPS_Revision,CDNS,2014-01-02,3157,3157,1.0,0,0,2014-01-02,2026-07-23,0,,,
Factset_EPS_Revision,STX,2014-01-02,3157,3157,1.0,0,0,2014-01-02,2026-07-23,0,,,
Factset_EPS_Revision,PWR,2014-01-02,3157,3157,1.0,0,0,2014-01-02,2026-07-23,0,,,
Factset_EPS_Revision,BX,2014-01-02,3157,3157,1.0,0,0,2014-01-02,2026-07-23,0,,,
Factset_EPS_Revision,TMO,2014-01-02,3157,3157,1.0,0,0,2014-01-02,2026-07-23,0,,,
Factset_EPS_Revision,BSX,2014-01-02,3157,3157,1.0,0,0,2014-01-02,2026-07-23,0,,,
Factset_EPS_Revision,BKNG,2014-01-02,3157,3157,1.0,0,0,2014-01-02,2026-07-23,0,,,
Factset_EPS_Revision,PM,2014-01-02,3157,3157,1.0,0,0,2014-01-02,2026-07-23,0,,,
Factset_EPS_Revision,WMB,2014-01-02,3157,3157,1.0,0,0,2014-01-02,2026-07-23,0,,,
Factset_EPS_Revision,CEG,2022-02-02,1121,1121,1.0,0,0,2022-02-02,2026-07-23,0,,,
Factset_EPS_Revision,VST,2016-10-05,2462,2297,0.9329813160032494,152,0,2017-05-15,2026-07-23,0,,,
Factset_EPS_Revision,DLR,2014-01-02,3157,3157,1.0,0,0,2014-01-02,2026-07-23,0,,,
Factset_EPS_Revision,ARM,2023-09-14,716,716,1.0,0,0,2023-09-14,2026-07-23,0,,,
Factset_EPS_Revision,SPOT,2018-04-03,2088,2078,0.9952107279693486,10,0,2018-04-17,2026-07-23,0,,,
Factset_EPS_Revision,RACE,2015-10-21,2703,2685,0.9933407325194229,18,0,2015-11-16,2026-07-23,0,,,
Factset_EPS_Revision,285A,2024-12-18,398,378,0.949748743718593,20,0,2025-01-21,2026-07-23,0,,,
Factset_EPS_Revision,6857,2014-01-07,3154,3154,1.0,0,0,2014-01-07,2026-07-23,0,,,
Factset_EPS_Revision,SU,2014-01-02,3157,3157,1.0,0,0,2014-01-02,2026-07-23,0,,,
Factset_EPS_Revision,SIE,2014-01-02,3157,3157,1.0,0,0,2014-01-02,2026-07-23,0,,,
Factset_EPS_Revision,RHM,2014-01-02,3157,3155,0.9993664871713652,2,0,2014-01-02,2026-07-23,0,,,
Factset_EPS_Revision,ALV,2014-01-02,3157,3157,1.0,0,0,2014-01-02,2026-07-23,0,,,
Factset_EPS_Revision,MC,2014-01-02,3157,3157,1.0,0,0,2014-01-02,2026-07-23,0,,,
Factset_EPS_Revision,NESN,2014-01-02,3157,3156,0.9996832435856826,1,0,2014-01-02,2026-07-23,0,,,
Factset_EPS_Revision,RR/,2014-01-02,3157,3157,1.0,0,0,2014-01-02,2026-07-23,0,,,
Factset_EPS_Revision,SAP,2014-01-02,3157,3157,1.0,0,0,2014-01-02,2026-07-23,0,,,
Factset_EPS_Revision,ASML,2014-01-02,3157,3157,1.0,0,0,2014-01-02,2026-07-23,0,,,
Factset_EPS_Revision,AZN,2014-01-02,3157,3157,1.0,0,0,2014-01-02,2026-07-23,0,,,
Factset_EPS_Revision,SHEL,2014-01-02,3157,3157,1.0,0,0,2014-01-02,2026-07-23,0,,,
Factset_EPS_Revision,HSBA,2014-01-02,3157,3157,1.0,0,0,2014-01-02,2026-07-23,0,,,
Factset_EPS_Revision,NOVOB,2014-01-02,3157,3157,1.0,0,0,2014-01-02,2026-07-23,0,,,
Factset_EPS_Revision,RIO,2014-01-02,3157,3157,1.0,0,0,2014-01-02,2026-07-23,0,,,
Factset_EPS_Revision,QCOM,2014-01-02,3157,3157,1.0,0,0,2014-01-02,2026-07-23,0,,,
Factset_EPS_Revision,TXN,2014-01-02,3157,3157,1.0,0,0,2014-01-02,2026-07-23,0,,,
Factset_EPS_Revision,ADBE,2014-01-02,3157,3157,1.0,0,0,2014-01-02,2026-07-23,0,,,
Factset_EPS_Revision,NOW,2014-01-02,3157,3157,1.0,0,0,2014-01-02,2026-07-23,0,,,
Factset_EPS_Revision,ACN,2014-01-02,3157,3157,1.0,0,0,2014-01-02,2026-07-23,0,,,
Factset_EPS_Revision,IBM,2014-01-02,3157,3157,1.0,0,0,2014-01-02,2026-07-23,0,,,
Factset_EPS_Revision,ADI,2014-01-02,3157,3157,1.0,0,0,2014-01-02,2026-07-23,0,,,
Factset_EPS_Revision,DELL,2018-12-28,1901,1897,0.9978958442924777,4,0,2019-01-04,2026-07-23,0,,,
Factset_EPS_Revision,8035,2014-01-07,3154,3154,1.0,0,0,2014-01-07,2026-07-23,0,,,
Factset_EPS_Revision,IFX,2014-01-02,3157,3157,1.0,0,0,2014-01-02,2026-07-23,0,,,
Factset_EPS_Revision,MS,2014-01-02,3157,3157,1.0,0,0,2014-01-02,2026-07-23,0,,,
Factset_EPS_Revision,SCHW,2014-01-02,3157,3157,1.0,0,0,2014-01-02,2026-07-23,0,,,
Factset_EPS_Revision,AXP,2014-01-02,3157,3157,1.0,0,0,2014-01-02,2026-07-23,0,,,
Factset_EPS_Revision,PGR,2014-01-02,3157,3157,1.0,0,0,2014-01-02,2026-07-23,0,,,
Factset_EPS_Revision,AON,2014-01-02,3157,3157,1.0,0,0,2014-01-02,2026-07-23,0,,,
Factset_EPS_Revision,CME,2014-01-02,3157,3157,1.0,0,0,2014-01-02,2026-07-23,0,,,
Factset_EPS_Revision,KKR,2014-01-02,3157,3157,1.0,0,0,2014-01-02,2026-07-23,0,,,
Factset_EPS_Revision,BN,2022-12-12,905,905,1.0,0,0,2022-12-12,2026-07-23,0,,,
Factset_EPS_Revision,C,2014-01-02,3157,3157,1.0,0,0,2014-01-02,2026-07-23,0,,,
Factset_EPS_Revision,LSEG,2014-01-02,3157,3157,1.0,0,0,2014-01-02,2026-07-23,0,,,
Factset_EPS_Revision,ZURN,2014-01-02,3157,3157,1.0,0,0,2014-01-02,2026-07-23,0,,,
Factset_EPS_Revision,CS,2014-01-02,3157,3157,1.0,0,0,2014-01-02,2026-07-23,0,,,
Factset_EPS_Revision,8306,2014-01-07,3154,3154,1.0,0,0,2014-01-07,2026-07-23,0,,,
Factset_EPS_Revision,DIS,2014-01-02,3157,3157,1.0,0,0,2014-01-02,2026-07-23,0,,,
Factset_EPS_Revision,CMCSA,2014-01-02,3157,3157,1.0,0,0,2014-01-02,2026-07-23,0,,,
Factset_EPS_Revision,VZ,2014-01-02,3157,3157,1.0,0,0,2014-01-02,2026-07-23,0,,,
Factset_EPS_Revision,T,2014-01-02,3157,3157,1.0,0,0,2014-01-02,2026-07-23,0,,,
Factset_EPS_Revision,TTWO,2014-01-02,3157,3157,1.0,0,0,2014-01-02,2026-07-23,0,,,
Factset_EPS_Revision,PUB,2014-01-02,3157,3157,1.0,0,0,2014-01-02,2026-07-23,0,,,
Factset_EPS_Revision,7974,2014-01-07,3154,3154,1.0,0,0,2014-01-07,2026-07-23,0,,,
Factset_EPS_Revision,DTE,2014-01-02,3157,3157,1.0,0,0,2014-01-02,2026-07-23,0,,,
Factset_EPS_Revision,UMG,2021-09-21,1214,1213,0.999176276771005,1,0,2021-09-22,2026-07-23,0,,,
Factset_EPS_Revision,LOW,2014-01-02,3157,3157,1.0,0,0,2014-01-02,2026-07-23,0,,,
Factset_EPS_Revision,TJX,2014-01-02,3157,3157,1.0,0,0,2014-01-02,2026-07-23,0,,,
Factset_EPS_Revision,SBUX,2014-01-02,3157,3157,1.0,0,0,2014-01-02,2026-07-23,0,,,
Factset_EPS_Revision,ABNB,2020-12-10,1409,1394,0.9893541518807665,15,0,2021-01-04,2026-07-23,0,,,
Factset_EPS_Revision,7203,2014-01-07,3154,3154,1.0,0,0,2014-01-07,2026-07-23,0,,,
Factset_EPS_Revision,ITX,2014-01-02,3157,3157,1.0,0,0,2014-01-02,2026-07-23,0,,,
Factset_EPS_Revision,ABT,2014-01-02,3157,3157,1.0,0,0,2014-01-02,2026-07-23,0,,,
Factset_EPS_Revision,DHR,2014-01-02,3157,3157,1.0,0,0,2014-01-02,2026-07-23,0,,,
Factset_EPS_Revision,VRTX,2014-01-02,3157,3157,1.0,0,0,2014-01-02,2026-07-23,0,,,
Factset_EPS_Revision,SAN,2014-01-02,3157,3157,1.0,0,0,2014-01-02,2026-07-23,0,,,
Factset_EPS_Revision,GE,2024-04-02,579,579,1.0,0,0,2024-04-02,2026-07-23,0,,,
Factset_EPS_Revision,TT,2020-03-02,1607,1607,1.0,0,0,2020-03-02,2026-07-23,0,,,
Factset_EPS_Revision,ABBN,2014-01-02,3157,3157,1.0,0,0,2014-01-02,2026-07-23,0,,,
Factset_EPS_Revision,KO,2014-01-02,3157,3157,1.0,0,0,2014-01-02,2026-07-23,0,,,
Factset_EPS_Revision,ULVR,2014-01-02,3157,3157,1.0,0,0,2014-01-02,2026-07-23,0,,,
Factset_EPS_Revision,ECL,2014-01-02,3157,3157,1.0,0,0,2014-01-02,2026-07-23,0,,,
Factset_EPS_Revision,AI,2014-01-02,3157,3157,1.0,0,0,2014-01-02,2026-07-23,0,,,
Factset_EPS_Revision,IBE,2014-01-02,3157,3157,1.0,0,0,2014-01-02,2026-07-23,0,,,
Factset_EPS_Revision,INTU,2014-01-02,3157,3157,1.0,0,0,2014-01-02,2026-07-23,0,,,
Factset_EPS_Revision,SNPS,2014-01-02,3157,3157,1.0,0,0,2014-01-02,2026-07-23,0,,,
Factset_EPS_Revision,APH,2014-01-02,3157,3157,1.0,0,0,2014-01-02,2026-07-23,0,,,
Factset_EPS_Revision,MSI,2014-01-02,3157,3157,1.0,0,0,2014-01-02,2026-07-23,0,,,
Factset_EPS_Revision,CRWD,2019-06-12,1788,1772,0.9910514541387024,16,0,2019-07-05,2026-07-23,0,,,
Factset_EPS_Revision,NXPI,2014-01-02,3157,3157,1.0,0,0,2014-01-02,2026-07-23,0,,,
Factset_EPS_Revision,KEYS,2014-10-21,2955,2946,0.9969543147208122,9,0,2014-11-03,2026-07-23,0,,,
Factset_EPS_Revision,ADSK,2014-01-02,3157,3157,1.0,0,0,2014-01-02,2026-07-23,0,,,
Factset_EPS_Revision,WDAY,2014-01-02,3157,3157,1.0,0,0,2014-01-02,2026-07-23,0,,,
Factset_EPS_Revision,WDC,2025-02-24,355,355,1.0,0,0,2025-02-24,2026-07-23,0,,,
Factset_EPS_Revision,DDOG,2019-09-19,1719,1703,0.9906922629435718,16,0,2019-10-11,2026-07-23,0,,,
Factset_EPS_Revision,FTNT,2014-01-02,3157,3157,1.0,0,0,2014-01-02,2026-07-23,0,,,
Factset_EPS_Revision,DSY,2014-01-02,3157,3157,1.0,0,0,2014-01-02,2026-07-23,0,,,
Factset_EPS_Revision,6146,2014-01-07,3154,3154,1.0,0,0,2014-01-07,2026-07-23,0,,,
Factset_EPS_Revision,6981,2014-01-07,3154,3154,1.0,0,0,2014-01-07,2026-07-23,0,,,
Factset_EPS_Revision,BRK/B,2014-01-02,3157,3157,1.0,0,0,2014-01-02,2026-07-23,0,,,
Factset_EPS_Revision,CB,2014-01-02,3157,3157,1.0,0,0,2014-01-02,2026-07-23,0,,,
Factset_EPS_Revision,ICE,2014-01-02,3157,3157,1.0,0,0,2014-01-02,2026-07-23,0,,,
Factset_EPS_Revision,MCO,2014-01-02,3157,3157,1.0,0,0,2014-01-02,2026-07-23,0,,,
Factset_EPS_Revision,PYPL,2015-07-07,2778,2778,1.0,0,0,2015-07-07,2026-07-23,0,,,
Factset_EPS_Revision,COF,2025-05-19,296,296,1.0,0,0,2025-05-19,2026-07-23,0,,,
Factset_EPS_Revision,BNP,2014-01-02,3157,3157,1.0,0,0,2014-01-02,2026-07-23,0,,,
Factset_EPS_Revision,MUV2,2014-01-02,3157,3157,1.0,0,0,2014-01-02,2026-07-23,0,,,
Factset_EPS_Revision,RTX,2014-01-02,3157,3157,1.0,0,0,2014-01-02,2026-07-23,0,,,
Factset_EPS_Revision,EMR,2014-01-02,3157,3157,1.0,0,0,2014-01-02,2026-07-23,0,,,
Factset_EPS_Revision,AXON,2014-01-02,3157,3157,1.0,0,0,2014-01-02,2026-07-23,0,,,
Factset_EPS_Revision,UBER,2019-05-10,1810,1805,0.9972375690607734,5,0,2019-05-17,2026-07-23,0,,,
Factset_EPS_Revision,AIR,2014-01-02,3157,3157,1.0,0,0,2014-01-02,2026-07-23,0,,,
Factset_EPS_Revision,SAF,2014-01-02,3157,3157,1.0,0,0,2014-01-02,2026-07-23,0,,,
Factset_EPS_Revision,MRK,2014-01-02,3157,3157,1.0,0,0,2014-01-02,2026-07-23,0,,,
Factset_EPS_Revision,AMGN,2014-01-02,3157,3157,1.0,0,0,2014-01-02,2026-07-23,0,,,
Factset_EPS_Revision,SYK,2014-01-02,3157,3157,1.0,0,0,2014-01-02,2026-07-23,0,,,
Factset_EPS_Revision,MCK,2014-01-02,3157,3157,1.0,0,0,2014-01-02,2026-07-23,0,,,
Factset_EPS_Revision,NOVN,2014-01-02,3157,3157,1.0,0,0,2014-01-02,2026-07-23,0,,,
Factset_EPS_Revision,NKE,2014-01-02,3157,3157,1.0,0,0,2014-01-02,2026-07-23,0,,,
Factset_EPS_Revision,ORLY,2014-01-02,3157,3157,1.0,0,0,2014-01-02,2026-07-23,0,,,
Factset_EPS_Revision,DASH,2020-12-09,1410,1410,1.0,0,0,2020-12-09,2026-07-23,0,,,
Factset_EPS_Revision,CFR,2014-01-02,3157,3157,1.0,0,0,2014-01-02,2026-07-23,0,,,
Factset_EPS_Revision,TTD,2016-09-21,2472,2453,0.9923139158576052,19,0,2016-10-18,2026-07-23,0,,,
Factset_EPS_Revision,RBLX,2021-03-10,1349,1349,1.0,0,0,2021-03-10,2026-07-23,0,,,
Factset_EPS_Revision,9432,2014-01-07,3154,3154,1.0,0,0,2014-01-07,2026-07-23,0,,,
Factset_EPS_Revision,9433,2014-01-07,3154,3154,1.0,0,0,2014-01-07,2026-07-23,0,,,
Factset_EPS_Revision,PEP,2014-01-02,3157,3157,1.0,0,0,2014-01-02,2026-07-23,0,,,
Factset_EPS_Revision,MDLZ,2014-01-02,3157,3157,1.0,0,0,2014-01-02,2026-07-23,0,,,
Factset_EPS_Revision,OR,2014-01-02,3157,3157,1.0,0,0,2014-01-02,2026-07-23,0,,,
Factset_EPS_Revision,CVX,2014-01-02,3157,3157,1.0,0,0,2014-01-02,2026-07-23,0,,,
Factset_EPS_Revision,TTE,2014-01-02,3157,3157,1.0,0,0,2014-01-02,2026-07-23,0,,,
Factset_EPS_Revision,NEM,2014-01-02,3157,3157,1.0,0,0,2014-01-02,2026-07-23,0,,,
Factset_EPS_Revision,SHW,2014-01-02,3157,3153,0.9987329743427305,4,0,2014-01-02,2026-07-23,0,,,
Factset_EPS_Revision,SO,2014-01-02,3157,3157,1.0,0,0,2014-01-02,2026-07-23,0,,,
Factset_Sales_Revision,AAPL,2014-01-02,3157,3157,1.0,0,0,2014-01-02,2026-07-23,0,,,
Factset_Sales_Revision,MSFT,2014-01-02,3157,3157,1.0,0,0,2014-01-02,2026-07-23,0,,,
Factset_Sales_Revision,GOOGL,2014-01-02,3157,3157,1.0,0,0,2014-01-02,2026-07-23,0,,,
Factset_Sales_Revision,AMZN,2014-01-02,3157,3157,1.0,0,0,2014-01-02,2026-07-23,0,,,
Factset_Sales_Revision,META,2014-01-02,3157,3157,1.0,0,0,2014-01-02,2026-07-23,0,,,
Factset_Sales_Revision,NVDA,2014-01-02,3157,3157,1.0,0,0,2014-01-02,2026-07-23,0,,,
Factset_Sales_Revision,TSLA,2014-01-02,3157,3157,1.0,0,0,2014-01-02,2026-07-23,0,,,
Factset_Sales_Revision,PLTR,2020-09-30,1459,1442,0.9883481836874571,17,0,2020-10-23,2026-07-23,0,,,
Factset_Sales_Revision,AVGO,2014-01-02,3157,3157,1.0,0,0,2014-01-02,2026-07-23,0,,,
Factset_Sales_Revision,MU,2014-01-02,3157,3157,1.0,0,0,2014-01-02,2026-07-23,0,,,
Factset_Sales_Revision,GEV,2024-04-02,579,576,0.9948186528497409,3,0,2024-04-05,2026-07-23,0,,,
Factset_Sales_Revision,VRT,2018-08-01,2004,1602,0.7994011976047904,402,0,2020-03-09,2026-07-23,0,,,
Factset_Sales_Revision,BE,2018-07-25,2009,1992,0.9915380786460926,17,0,2018-08-17,2026-07-23,0,,,
Factset_Sales_Revision,LITE,2015-07-27,2764,2755,0.9967438494934877,9,0,2015-08-07,2026-07-23,0,,,
Factset_Sales_Revision,000660,2014-01-02,3157,3157,1.0,0,0,2014-01-02,2026-07-23,0,,,
Factset_Sales_Revision,005930,2014-01-02,3157,3157,1.0,0,0,2014-01-02,2026-07-23,0,,,
Factset_Sales_Revision,UNH,2014-01-02,3157,3157,1.0,0,0,2014-01-02,2026-07-23,0,,,
Factset_Sales_Revision,LLY,2014-01-02,3157,3157,1.0,0,0,2014-01-02,2026-07-23,0,,,
Factset_Sales_Revision,ISRG,2014-01-02,3157,3157,1.0,0,0,2014-01-02,2026-07-23,0,,,
Factset_Sales_Revision,ABBV,2014-01-02,3157,3157,1.0,0,0,2014-01-02,2026-07-23,0,,,
Factset_Sales_Revision,REGN,2014-01-02,3157,3157,1.0,0,0,2014-01-02,2026-07-23,0,,,
Factset_Sales_Revision,JPM,2014-01-02,3157,3157,1.0,0,0,2014-01-02,2026-07-23,0,,,
Factset_Sales_Revision,V,2014-01-02,3157,3157,1.0,0,0,2014-01-02,2026-07-23,0,,,
Factset_Sales_Revision,MA,2014-01-02,3157,3157,1.0,0,0,2014-01-02,2026-07-23,0,,,
Factset_Sales_Revision,BLK,2014-01-02,3157,3157,1.0,0,0,2014-01-02,2026-07-23,0,,,
Factset_Sales_Revision,SPGI,2014-01-02,3157,3157,1.0,0,0,2014-01-02,2026-07-23,0,,,
Factset_Sales_Revision,GS,2014-01-02,3157,3157,1.0,0,0,2014-01-02,2026-07-23,0,,,
Factset_Sales_Revision,COST,2014-01-02,3157,3034,0.961038961038961,25,0,2014-01-02,2026-07-23,0,,,
Factset_Sales_Revision,HD,2014-01-02,3157,3157,1.0,0,0,2014-01-02,2026-07-23,0,,,
Factset_Sales_Revision,PG,2014-01-02,3157,3157,1.0,0,0,2014-01-02,2026-07-23,0,,,
Factset_Sales_Revision,MCD,2014-01-02,3157,3157,1.0,0,0,2014-01-02,2026-07-23,0,,,
Factset_Sales_Revision,WMT,2014-01-02,3157,3157,1.0,0,0,2014-01-02,2026-07-23,0,,,
Factset_Sales_Revision,CAT,2014-01-02,3157,3157,1.0,0,0,2014-01-02,2026-07-23,0,,,
Factset_Sales_Revision,HON,2014-01-02,3157,3157,1.0,0,0,2014-01-02,2026-07-23,0,,,
Factset_Sales_Revision,DE,2014-01-02,3157,3157,1.0,0,0,2014-01-02,2026-07-23,0,,,
Factset_Sales_Revision,UNP,2014-01-02,3157,3157,1.0,0,0,2014-01-02,2026-07-23,0,,,
Factset_Sales_Revision,LMT,2014-01-02,3157,3157,1.0,0,0,2014-01-02,2026-07-23,0,,,
Factset_Sales_Revision,ETN,2014-01-02,3157,3157,1.0,0,0,2014-01-02,2026-07-23,0,,,
Factset_Sales_Revision,XOM,2014-01-02,3157,3157,1.0,0,0,2014-01-02,2026-07-23,0,,,
Factset_Sales_Revision,LNG,2014-01-02,3157,3157,1.0,0,0,2014-01-02,2026-07-23,0,,,
Factset_Sales_Revision,FCX,2014-01-02,3157,3157,1.0,0,0,2014-01-02,2026-07-23,0,,,
Factset_Sales_Revision,LIN,2014-01-02,3157,3157,1.0,0,0,2014-01-02,2026-07-23,0,,,
Factset_Sales_Revision,NEE,2014-01-02,3157,3157,1.0,0,0,2014-01-02,2026-07-23,0,,,
Factset_Sales_Revision,AMT,2014-01-02,3157,3157,1.0,0,0,2014-01-02,2026-07-23,0,,,
Factset_Sales_Revision,EQIX,2014-01-02,3157,3157,1.0,0,0,2014-01-02,2026-07-23,0,,,
Factset_Sales_Revision,TMUS,2014-01-02,3157,3157,1.0,0,0,2014-01-02,2026-07-23,0,,,
Factset_Sales_Revision,PLD,2014-01-02,3157,3155,0.9993664871713652,2,0,2014-01-02,2026-07-23,0,,,
Factset_Sales_Revision,AMD,2014-01-02,3157,3157,1.0,0,0,2014-01-02,2026-07-23,0,,,
Factset_Sales_Revision,CRM,2014-01-02,3157,3157,1.0,0,0,2014-01-02,2026-07-23,0,,,
Factset_Sales_Revision,NFLX,2014-01-02,3157,3157,1.0,0,0,2014-01-02,2026-07-23,0,,,
Factset_Sales_Revision,TER,2014-01-02,3157,3157,1.0,0,0,2014-01-02,2026-07-23,0,,,
Factset_Sales_Revision,GLW,2014-01-02,3157,3157,1.0,0,0,2014-01-02,2026-07-23,0,,,
Factset_Sales_Revision,JNJ,2014-01-02,3157,3157,1.0,0,0,2014-01-02,2026-07-23,0,,,
Factset_Sales_Revision,WFC,2014-01-02,3157,3157,1.0,0,0,2014-01-02,2026-07-23,0,,,
Factset_Sales_Revision,MPC,2014-01-02,3157,3157,1.0,0,0,2014-01-02,2026-07-23,0,,,
Factset_Sales_Revision,LRCX,2014-01-02,3157,3157,1.0,0,0,2014-01-02,2026-07-23,0,,,
Factset_Sales_Revision,AMAT,2014-01-02,3157,3157,1.0,0,0,2014-01-02,2026-07-23,0,,,
Factset_Sales_Revision,PANW,2014-01-02,3157,3157,1.0,0,0,2014-01-02,2026-07-23,0,,,
Factset_Sales_Revision,FN,2014-01-02,3157,3157,1.0,0,0,2014-01-02,2026-07-23,0,,,
Factset_Sales_Revision,MPWR,2014-01-02,3157,3157,1.0,0,0,2014-01-02,2026-07-23,0,,,
Factset_Sales_Revision,BAC,2014-01-02,3157,3157,1.0,0,0,2014-01-02,2026-07-23,0,,,
Factset_Sales_Revision,CSCO,2014-01-02,3157,3157,1.0,0,0,2014-01-02,2026-07-23,0,,,
Factset_Sales_Revision,INTC,2014-01-02,3157,3157,1.0,0,0,2014-01-02,2026-07-23,0,,,
Factset_Sales_Revision,ORCL,2014-01-02,3157,3157,1.0,0,0,2014-01-02,2026-07-23,0,,,
Factset_Sales_Revision,TSM,2014-01-02,3157,3157,1.0,0,0,2014-01-02,2026-07-23,0,,,
Factset_Sales_Revision,SNDK,2025-02-24,355,349,0.9830985915492958,6,0,2025-03-04,2026-07-23,0,,,
Factset_Sales_Revision,KLAC,2014-01-02,3157,3157,1.0,0,0,2014-01-02,2026-07-23,0,,,
Factset_Sales_Revision,ANET,2014-06-06,3050,3050,1.0,0,0,2014-06-06,2026-07-23,0,,,
Factset_Sales_Revision,MRVL,2014-01-02,3157,3157,1.0,0,0,2014-01-02,2026-07-23,0,,,
Factset_Sales_Revision,CDNS,2014-01-02,3157,3157,1.0,0,0,2014-01-02,2026-07-23,0,,,
Factset_Sales_Revision,STX,2014-01-02,3157,3157,1.0,0,0,2014-01-02,2026-07-23,0,,,
Factset_Sales_Revision,PWR,2014-01-02,3157,3157,1.0,0,0,2014-01-02,2026-07-23,0,,,
Factset_Sales_Revision,BX,2014-01-02,3157,3157,1.0,0,0,2014-01-02,2026-07-23,0,,,
Factset_Sales_Revision,TMO,2014-01-02,3157,3157,1.0,0,0,2014-01-02,2026-07-23,0,,,
Factset_Sales_Revision,BSX,2014-01-02,3157,3126,0.9901805511561609,16,0,2014-01-02,2026-07-23,0,,,
Factset_Sales_Revision,BKNG,2014-01-02,3157,3157,1.0,0,0,2014-01-02,2026-07-23,0,,,
Factset_Sales_Revision,PM,2014-01-02,3157,3157,1.0,0,0,2014-01-02,2026-07-23,0,,,
Factset_Sales_Revision,WMB,2014-01-02,3157,3157,1.0,0,0,2014-01-02,2026-07-23,0,,,
Factset_Sales_Revision,CEG,2022-02-02,1121,1121,1.0,0,0,2022-02-02,2026-07-23,0,,,
Factset_Sales_Revision,VST,2016-10-05,2462,2309,0.9378554021121039,84,0,2016-12-19,2026-07-23,0,,,
Factset_Sales_Revision,DLR,2014-01-02,3157,3157,1.0,0,0,2014-01-02,2026-07-23,0,,,
Factset_Sales_Revision,ARM,2023-09-14,716,716,1.0,0,0,2023-09-14,2026-07-23,0,,,
Factset_Sales_Revision,SPOT,2018-04-03,2088,2085,0.9985632183908046,3,0,2018-04-06,2026-07-23,0,,,
Factset_Sales_Revision,RACE,2015-10-21,2703,2685,0.9933407325194229,18,0,2015-11-16,2026-07-23,0,,,
Factset_Sales_Revision,285A,2024-12-18,398,378,0.949748743718593,20,0,2025-01-21,2026-07-23,0,,,
Factset_Sales_Revision,6857,2014-01-07,3154,3154,1.0,0,0,2014-01-07,2026-07-23,0,,,
Factset_Sales_Revision,SU,2014-01-02,3157,3157,1.0,0,0,2014-01-02,2026-07-23,0,,,
Factset_Sales_Revision,SIE,2014-01-02,3157,3157,1.0,0,0,2014-01-02,2026-07-23,0,,,
Factset_Sales_Revision,RHM,2014-01-02,3157,3155,0.9993664871713652,2,0,2014-01-02,2026-07-23,0,,,
Factset_Sales_Revision,ALV,2014-01-02,3157,3157,1.0,0,0,2014-01-02,2026-07-23,0,,,
Factset_Sales_Revision,MC,2014-01-02,3157,3157,1.0,0,0,2014-01-02,2026-07-23,0,,,
Factset_Sales_Revision,NESN,2014-01-02,3157,3156,0.9996832435856826,1,0,2014-01-02,2026-07-23,0,,,
Factset_Sales_Revision,RR/,2014-01-02,3157,3157,1.0,0,0,2014-01-02,2026-07-23,0,,,
Factset_Sales_Revision,SAP,2014-01-02,3157,3157,1.0,0,0,2014-01-02,2026-07-23,0,,,
Factset_Sales_Revision,ASML,2014-01-02,3157,3157,1.0,0,0,2014-01-02,2026-07-23,0,,,
Factset_Sales_Revision,AZN,2014-01-02,3157,3157,1.0,0,0,2014-01-02,2026-07-23,0,,,
Factset_Sales_Revision,SHEL,2014-01-02,3157,3157,1.0,0,0,2014-01-02,2026-07-23,0,,,
Factset_Sales_Revision,HSBA,2014-01-02,3157,3157,1.0,0,0,2014-01-02,2026-07-23,0,,,
Factset_Sales_Revision,NOVOB,2014-01-02,3157,3155,0.9993664871713652,2,0,2014-01-02,2026-07-23,0,,,
Factset_Sales_Revision,RIO,2014-01-02,3157,3157,1.0,0,0,2014-01-02,2026-07-23,0,,,
Factset_Sales_Revision,QCOM,2014-01-02,3157,3157,1.0,0,0,2014-01-02,2026-07-23,0,,,
Factset_Sales_Revision,TXN,2014-01-02,3157,3157,1.0,0,0,2014-01-02,2026-07-23,0,,,
Factset_Sales_Revision,ADBE,2014-01-02,3157,3157,1.0,0,0,2014-01-02,2026-07-23,0,,,
Factset_Sales_Revision,NOW,2014-01-02,3157,3157,1.0,0,0,2014-01-02,2026-07-23,0,,,
Factset_Sales_Revision,ACN,2014-01-02,3157,3157,1.0,0,0,2014-01-02,2026-07-23,0,,,
Factset_Sales_Revision,IBM,2014-01-02,3157,3157,1.0,0,0,2014-01-02,2026-07-23,0,,,
Factset_Sales_Revision,ADI,2014-01-02,3157,3157,1.0,0,0,2014-01-02,2026-07-23,0,,,
Factset_Sales_Revision,DELL,2018-12-28,1901,1901,1.0,0,0,2018-12-28,2026-07-23,0,,,
Factset_Sales_Revision,8035,2014-01-07,3154,3154,1.0,0,0,2014-01-07,2026-07-23,0,,,
Factset_Sales_Revision,IFX,2014-01-02,3157,3157,1.0,0,0,2014-01-02,2026-07-23,0,,,
Factset_Sales_Revision,MS,2014-01-02,3157,3157,1.0,0,0,2014-01-02,2026-07-23,0,,,
Factset_Sales_Revision,SCHW,2014-01-02,3157,3157,1.0,0,0,2014-01-02,2026-07-23,0,,,
Factset_Sales_Revision,AXP,2014-01-02,3157,3157,1.0,0,0,2014-01-02,2026-07-23,0,,,
Factset_Sales_Revision,PGR,2014-01-02,3157,3157,1.0,0,0,2014-01-02,2026-07-23,0,,,
Factset_Sales_Revision,AON,2014-01-02,3157,3157,1.0,0,0,2014-01-02,2026-07-23,0,,,
Factset_Sales_Revision,CME,2014-01-02,3157,3157,1.0,0,0,2014-01-02,2026-07-23,0,,,
Factset_Sales_Revision,KKR,2014-01-02,3157,3157,1.0,0,0,2014-01-02,2026-07-23,0,,,
Factset_Sales_Revision,BN,2022-12-12,905,905,1.0,0,0,2022-12-12,2026-07-23,0,,,
Factset_Sales_Revision,C,2014-01-02,3157,3157,1.0,0,0,2014-01-02,2026-07-23,0,,,
Factset_Sales_Revision,LSEG,2014-01-02,3157,3157,1.0,0,0,2014-01-02,2026-07-23,0,,,
Factset_Sales_Revision,ZURN,2014-01-02,3157,3157,1.0,0,0,2014-01-02,2026-07-23,0,,,
Factset_Sales_Revision,CS,2014-01-02,3157,3157,1.0,0,0,2014-01-02,2026-07-23,0,,,
Factset_Sales_Revision,8306,2014-01-07,3154,3138,0.9949270767279645,11,0,2014-01-07,2026-07-23,0,,,
Factset_Sales_Revision,DIS,2014-01-02,3157,3157,1.0,0,0,2014-01-02,2026-07-23,0,,,
Factset_Sales_Revision,CMCSA,2014-01-02,3157,3157,1.0,0,0,2014-01-02,2026-07-23,0,,,
Factset_Sales_Revision,VZ,2014-01-02,3157,3157,1.0,0,0,2014-01-02,2026-07-23,0,,,
Factset_Sales_Revision,T,2014-01-02,3157,3157,1.0,0,0,2014-01-02,2026-07-23,0,,,
Factset_Sales_Revision,TTWO,2014-01-02,3157,3157,1.0,0,0,2014-01-02,2026-07-23,0,,,
Factset_Sales_Revision,PUB,2014-01-02,3157,3147,0.9968324358568261,10,0,2014-01-02,2026-07-23,0,,,
Factset_Sales_Revision,7974,2014-01-07,3154,3154,1.0,0,0,2014-01-07,2026-07-23,0,,,
Factset_Sales_Revision,DTE,2014-01-02,3157,3157,1.0,0,0,2014-01-02,2026-07-23,0,,,
Factset_Sales_Revision,UMG,2021-09-21,1214,1212,0.9983525535420099,2,0,2021-09-23,2026-07-23,0,,,
Factset_Sales_Revision,LOW,2014-01-02,3157,3157,1.0,0,0,2014-01-02,2026-07-23,0,,,
Factset_Sales_Revision,TJX,2014-01-02,3157,3157,1.0,0,0,2014-01-02,2026-07-23,0,,,
Factset_Sales_Revision,SBUX,2014-01-02,3157,3157,1.0,0,0,2014-01-02,2026-07-23,0,,,
Factset_Sales_Revision,ABNB,2020-12-10,1409,1408,0.9992902767920511,1,0,2020-12-11,2026-07-23,0,,,
Factset_Sales_Revision,7203,2014-01-07,3154,3154,1.0,0,0,2014-01-07,2026-07-23,0,,,
Factset_Sales_Revision,ITX,2014-01-02,3157,3157,1.0,0,0,2014-01-02,2026-07-23,0,,,
Factset_Sales_Revision,ABT,2014-01-02,3157,3157,1.0,0,0,2014-01-02,2026-07-23,0,,,
Factset_Sales_Revision,DHR,2014-01-02,3157,3157,1.0,0,0,2014-01-02,2026-07-23,0,,,
Factset_Sales_Revision,VRTX,2014-01-02,3157,3157,1.0,0,0,2014-01-02,2026-07-23,0,,,
Factset_Sales_Revision,SAN,2014-01-02,3157,3157,1.0,0,0,2014-01-02,2026-07-23,0,,,
Factset_Sales_Revision,GE,2024-04-02,579,579,1.0,0,0,2024-04-02,2026-07-23,0,,,
Factset_Sales_Revision,TT,2020-03-02,1607,1607,1.0,0,0,2020-03-02,2026-07-23,0,,,
Factset_Sales_Revision,ABBN,2014-01-02,3157,3157,1.0,0,0,2014-01-02,2026-07-23,0,,,
Factset_Sales_Revision,KO,2014-01-02,3157,3157,1.0,0,0,2014-01-02,2026-07-23,0,,,
Factset_Sales_Revision,ULVR,2014-01-02,3157,3157,1.0,0,0,2014-01-02,2026-07-23,0,,,
Factset_Sales_Revision,ECL,2014-01-02,3157,3157,1.0,0,0,2014-01-02,2026-07-23,0,,,
Factset_Sales_Revision,AI,2014-01-02,3157,3157,1.0,0,0,2014-01-02,2026-07-23,0,,,
Factset_Sales_Revision,IBE,2014-01-02,3157,3157,1.0,0,0,2014-01-02,2026-07-23,0,,,
Factset_Sales_Revision,INTU,2014-01-02,3157,3157,1.0,0,0,2014-01-02,2026-07-23,0,,,
Factset_Sales_Revision,SNPS,2014-01-02,3157,3157,1.0,0,0,2014-01-02,2026-07-23,0,,,
Factset_Sales_Revision,APH,2014-01-02,3157,3157,1.0,0,0,2014-01-02,2026-07-23,0,,,
Factset_Sales_Revision,MSI,2014-01-02,3157,3157,1.0,0,0,2014-01-02,2026-07-23,0,,,
Factset_Sales_Revision,CRWD,2019-06-12,1788,1772,0.9910514541387024,16,0,2019-07-05,2026-07-23,0,,,
Factset_Sales_Revision,NXPI,2014-01-02,3157,3157,1.0,0,0,2014-01-02,2026-07-23,0,,,
Factset_Sales_Revision,KEYS,2014-10-21,2955,2946,0.9969543147208122,9,0,2014-11-03,2026-07-23,0,,,
Factset_Sales_Revision,ADSK,2014-01-02,3157,3157,1.0,0,0,2014-01-02,2026-07-23,0,,,
Factset_Sales_Revision,WDAY,2014-01-02,3157,3157,1.0,0,0,2014-01-02,2026-07-23,0,,,
Factset_Sales_Revision,WDC,2025-02-24,355,355,1.0,0,0,2025-02-24,2026-07-23,0,,,
Factset_Sales_Revision,DDOG,2019-09-19,1719,1703,0.9906922629435718,16,0,2019-10-11,2026-07-23,0,,,
Factset_Sales_Revision,FTNT,2014-01-02,3157,3157,1.0,0,0,2014-01-02,2026-07-23,0,,,
Factset_Sales_Revision,DSY,2014-01-02,3157,3157,1.0,0,0,2014-01-02,2026-07-23,0,,,
Factset_Sales_Revision,6146,2014-01-07,3154,3081,0.976854787571338,27,0,2014-01-07,2026-07-23,0,,,
Factset_Sales_Revision,6981,2014-01-07,3154,3154,1.0,0,0,2014-01-07,2026-07-23,0,,,
Factset_Sales_Revision,BRK/B,2014-01-02,3157,3146,0.9965156794425087,11,0,2014-01-02,2026-07-23,0,,,
Factset_Sales_Revision,CB,2014-01-02,3157,3157,1.0,0,0,2014-01-02,2026-07-23,0,,,
Factset_Sales_Revision,ICE,2014-01-02,3157,3157,1.0,0,0,2014-01-02,2026-07-23,0,,,
Factset_Sales_Revision,MCO,2014-01-02,3157,3157,1.0,0,0,2014-01-02,2026-07-23,0,,,
Factset_Sales_Revision,PYPL,2015-07-07,2778,2778,1.0,0,0,2015-07-07,2026-07-23,0,,,
Factset_Sales_Revision,COF,2025-05-19,296,296,1.0,0,0,2025-05-19,2026-07-23,0,,,
Factset_Sales_Revision,BNP,2014-01-02,3157,3157,1.0,0,0,2014-01-02,2026-07-23,0,,,
Factset_Sales_Revision,MUV2,2014-01-02,3157,3128,0.9908140639847957,29,0,2014-01-02,2026-07-23,0,,,
Factset_Sales_Revision,RTX,2014-01-02,3157,3157,1.0,0,0,2014-01-02,2026-07-23,0,,,
Factset_Sales_Revision,EMR,2014-01-02,3157,3146,0.9965156794425087,11,0,2014-01-02,2026-07-23,0,,,
Factset_Sales_Revision,AXON,2014-01-02,3157,3157,1.0,0,0,2014-01-02,2026-07-23,0,,,
Factset_Sales_Revision,UBER,2019-05-10,1810,1805,0.9972375690607734,5,0,2019-05-17,2026-07-23,0,,,
Factset_Sales_Revision,AIR,2014-01-02,3157,3157,1.0,0,0,2014-01-02,2026-07-23,0,,,
Factset_Sales_Revision,SAF,2014-01-02,3157,3157,1.0,0,0,2014-01-02,2026-07-23,0,,,
Factset_Sales_Revision,MRK,2014-01-02,3157,3157,1.0,0,0,2014-01-02,2026-07-23,0,,,
Factset_Sales_Revision,AMGN,2014-01-02,3157,3157,1.0,0,0,2014-01-02,2026-07-23,0,,,
Factset_Sales_Revision,SYK,2014-01-02,3157,3157,1.0,0,0,2014-01-02,2026-07-23,0,,,
Factset_Sales_Revision,MCK,2014-01-02,3157,3157,1.0,0,0,2014-01-02,2026-07-23,0,,,
Factset_Sales_Revision,NOVN,2014-01-02,3157,3157,1.0,0,0,2014-01-02,2026-07-23,0,,,
Factset_Sales_Revision,NKE,2014-01-02,3157,3157,1.0,0,0,2014-01-02,2026-07-23,0,,,
Factset_Sales_Revision,ORLY,2014-01-02,3157,3157,1.0,0,0,2014-01-02,2026-07-23,0,,,
Factset_Sales_Revision,DASH,2020-12-09,1410,1410,1.0,0,0,2020-12-09,2026-07-23,0,,,
Factset_Sales_Revision,CFR,2014-01-02,3157,3157,1.0,0,0,2014-01-02,2026-07-23,0,,,
Factset_Sales_Revision,TTD,2016-09-21,2472,2453,0.9923139158576052,19,0,2016-10-18,2026-07-23,0,,,
Factset_Sales_Revision,RBLX,2021-03-10,1349,1349,1.0,0,0,2021-03-10,2026-07-23,0,,,
Factset_Sales_Revision,9432,2014-01-07,3154,3154,1.0,0,0,2014-01-07,2026-07-23,0,,,
Factset_Sales_Revision,9433,2014-01-07,3154,3154,1.0,0,0,2014-01-07,2026-07-23,0,,,
Factset_Sales_Revision,PEP,2014-01-02,3157,3157,1.0,0,0,2014-01-02,2026-07-23,0,,,
Factset_Sales_Revision,MDLZ,2014-01-02,3157,3157,1.0,0,0,2014-01-02,2026-07-23,0,,,
Factset_Sales_Revision,OR,2014-01-02,3157,3157,1.0,0,0,2014-01-02,2026-07-23,0,,,
Factset_Sales_Revision,CVX,2014-01-02,3157,3157,1.0,0,0,2014-01-02,2026-07-23,0,,,
Factset_Sales_Revision,TTE,2014-01-02,3157,3157,1.0,0,0,2014-01-02,2026-07-23,0,,,
Factset_Sales_Revision,NEM,2014-01-02,3157,3157,1.0,0,0,2014-01-02,2026-07-23,0,,,
Factset_Sales_Revision,SHW,2014-01-02,3157,3157,1.0,0,0,2014-01-02,2026-07-23,0,,,
Factset_Sales_Revision,SO,2014-01-02,3157,3157,1.0,0,0,2014-01-02,2026-07-23,0,,,
Factset_TG_Price,AAPL,2014-01-02,3157,3157,1.0,0,0,2014-01-02,2026-07-23,0,,,
Factset_TG_Price,MSFT,2014-01-02,3157,3157,1.0,0,0,2014-01-02,2026-07-23,0,,,
Factset_TG_Price,GOOGL,2014-01-02,3157,3157,1.0,0,0,2014-01-02,2026-07-23,0,,,
Factset_TG_Price,AMZN,2014-01-02,3157,3157,1.0,0,0,2014-01-02,2026-07-23,0,,,
Factset_TG_Price,META,2014-01-02,3157,3157,1.0,0,0,2014-01-02,2026-07-23,0,,,
Factset_TG_Price,NVDA,2014-01-02,3157,3157,1.0,0,0,2014-01-02,2026-07-23,0,,,
Factset_TG_Price,TSLA,2014-01-02,3157,3157,1.0,0,0,2014-01-02,2026-07-23,0,,,
Factset_TG_Price,PLTR,2020-09-30,1459,1443,0.9890335846470185,16,0,2020-10-22,2026-07-23,0,,,
Factset_TG_Price,AVGO,2014-01-02,3157,3157,1.0,0,0,2014-01-02,2026-07-23,0,,,
Factset_TG_Price,MU,2014-01-02,3157,3157,1.0,0,0,2014-01-02,2026-07-23,0,,,
Factset_TG_Price,GEV,2024-04-02,579,579,1.0,0,0,2024-04-02,2026-07-23,0,,,
Factset_TG_Price,VRT,2018-08-01,2004,1611,0.8038922155688623,393,0,2020-02-25,2026-07-23,0,,,
Factset_TG_Price,BE,2018-07-25,2009,1993,0.9920358387257342,16,0,2018-08-16,2026-07-23,0,,,
Factset_TG_Price,LITE,2015-07-27,2764,2760,0.9985528219971056,4,0,2015-07-31,2026-07-23,0,,,
Factset_TG_Price,000660,2014-01-02,3157,3157,1.0,0,0,2014-01-02,2026-07-23,0,,,
Factset_TG_Price,005930,2014-01-02,3157,3157,1.0,0,0,2014-01-02,2026-07-23,0,,,
Factset_TG_Price,UNH,2014-01-02,3157,3157,1.0,0,0,2014-01-02,2026-07-23,0,,,
Factset_TG_Price,LLY,2014-01-02,3157,3157,1.0,0,0,2014-01-02,2026-07-23,0,,,
Factset_TG_Price,ISRG,2014-01-02,3157,3157,1.0,0,0,2014-01-02,2026-07-23,0,,,
Factset_TG_Price,ABBV,2014-01-02,3157,3157,1.0,0,0,2014-01-02,2026-07-23,0,,,
Factset_TG_Price,REGN,2014-01-02,3157,3157,1.0,0,0,2014-01-02,2026-07-23,0,,,
Factset_TG_Price,JPM,2014-01-02,3157,3157,1.0,0,0,2014-01-02,2026-07-23,0,,,
Factset_TG_Price,V,2014-01-02,3157,3157,1.0,0,0,2014-01-02,2026-07-23,0,,,
Factset_TG_Price,MA,2014-01-02,3157,3157,1.0,0,0,2014-01-02,2026-07-23,0,,,
Factset_TG_Price,BLK,2014-01-02,3157,3157,1.0,0,0,2014-01-02,2026-07-23,0,,,
Factset_TG_Price,SPGI,2014-01-02,3157,3157,1.0,0,0,2014-01-02,2026-07-23,0,,,
Factset_TG_Price,GS,2014-01-02,3157,3157,1.0,0,0,2014-01-02,2026-07-23,0,,,
Factset_TG_Price,COST,2014-01-02,3157,3157,1.0,0,0,2014-01-02,2026-07-23,0,,,
Factset_TG_Price,HD,2014-01-02,3157,3157,1.0,0,0,2014-01-02,2026-07-23,0,,,
Factset_TG_Price,PG,2014-01-02,3157,3157,1.0,0,0,2014-01-02,2026-07-23,0,,,
Factset_TG_Price,MCD,2014-01-02,3157,3157,1.0,0,0,2014-01-02,2026-07-23,0,,,
Factset_TG_Price,WMT,2014-01-02,3157,3157,1.0,0,0,2014-01-02,2026-07-23,0,,,
Factset_TG_Price,CAT,2014-01-02,3157,3157,1.0,0,0,2014-01-02,2026-07-23,0,,,
Factset_TG_Price,HON,2014-01-02,3157,3157,1.0,0,0,2014-01-02,2026-07-23,0,,,
Factset_TG_Price,DE,2014-01-02,3157,3157,1.0,0,0,2014-01-02,2026-07-23,0,,,
Factset_TG_Price,UNP,2014-01-02,3157,3157,1.0,0,0,2014-01-02,2026-07-23,0,,,
Factset_TG_Price,LMT,2014-01-02,3157,3157,1.0,0,0,2014-01-02,2026-07-23,0,,,
Factset_TG_Price,ETN,2014-01-02,3157,3157,1.0,0,0,2014-01-02,2026-07-23,0,,,
Factset_TG_Price,XOM,2014-01-02,3157,3157,1.0,0,0,2014-01-02,2026-07-23,0,,,
Factset_TG_Price,LNG,2014-01-02,3157,3157,1.0,0,0,2014-01-02,2026-07-23,0,,,
Factset_TG_Price,FCX,2014-01-02,3157,3157,1.0,0,0,2014-01-02,2026-07-23,0,,,
Factset_TG_Price,LIN,2014-01-02,3157,3157,1.0,0,0,2014-01-02,2026-07-23,0,,,
Factset_TG_Price,NEE,2014-01-02,3157,3157,1.0,0,0,2014-01-02,2026-07-23,0,,,
Factset_TG_Price,AMT,2014-01-02,3157,3157,1.0,0,0,2014-01-02,2026-07-23,0,,,
Factset_TG_Price,EQIX,2014-01-02,3157,3157,1.0,0,0,2014-01-02,2026-07-23,0,,,
Factset_TG_Price,TMUS,2014-01-02,3157,3157,1.0,0,0,2014-01-02,2026-07-23,0,,,
Factset_TG_Price,PLD,2014-01-02,3157,3157,1.0,0,0,2014-01-02,2026-07-23,0,,,
Factset_TG_Price,AMD,2014-01-02,3157,3157,1.0,0,0,2014-01-02,2026-07-23,0,,,
Factset_TG_Price,CRM,2014-01-02,3157,3157,1.0,0,0,2014-01-02,2026-07-23,0,,,
Factset_TG_Price,NFLX,2014-01-02,3157,3157,1.0,0,0,2014-01-02,2026-07-23,0,,,
Factset_TG_Price,TER,2014-01-02,3157,3157,1.0,0,0,2014-01-02,2026-07-23,0,,,
Factset_TG_Price,GLW,2014-01-02,3157,3157,1.0,0,0,2014-01-02,2026-07-23,0,,,
Factset_TG_Price,JNJ,2014-01-02,3157,3157,1.0,0,0,2014-01-02,2026-07-23,0,,,
Factset_TG_Price,WFC,2014-01-02,3157,3157,1.0,0,0,2014-01-02,2026-07-23,0,,,
Factset_TG_Price,MPC,2014-01-02,3157,3157,1.0,0,0,2014-01-02,2026-07-23,0,,,
Factset_TG_Price,LRCX,2014-01-02,3157,3157,1.0,0,0,2014-01-02,2026-07-23,0,,,
Factset_TG_Price,AMAT,2014-01-02,3157,3157,1.0,0,0,2014-01-02,2026-07-23,0,,,
Factset_TG_Price,PANW,2014-01-02,3157,3157,1.0,0,0,2014-01-02,2026-07-23,0,,,
Factset_TG_Price,FN,2014-01-02,3157,3157,1.0,0,0,2014-01-02,2026-07-23,0,,,
Factset_TG_Price,MPWR,2014-01-02,3157,3157,1.0,0,0,2014-01-02,2026-07-23,0,,,
Factset_TG_Price,BAC,2014-01-02,3157,3157,1.0,0,0,2014-01-02,2026-07-23,0,,,
Factset_TG_Price,CSCO,2014-01-02,3157,3157,1.0,0,0,2014-01-02,2026-07-23,0,,,
Factset_TG_Price,INTC,2014-01-02,3157,3157,1.0,0,0,2014-01-02,2026-07-23,0,,,
Factset_TG_Price,ORCL,2014-01-02,3157,3157,1.0,0,0,2014-01-02,2026-07-23,0,,,
Factset_TG_Price,TSM,2014-01-02,3157,3157,1.0,0,0,2014-01-02,2026-07-23,0,,,
Factset_TG_Price,SNDK,2025-02-24,355,355,1.0,0,0,2025-02-24,2026-07-23,0,,,
Factset_TG_Price,KLAC,2014-01-02,3157,3157,1.0,0,0,2014-01-02,2026-07-23,0,,,
Factset_TG_Price,ANET,2014-06-06,3050,3050,1.0,0,0,2014-06-06,2026-07-23,0,,,
Factset_TG_Price,MRVL,2014-01-02,3157,3157,1.0,0,0,2014-01-02,2026-07-23,0,,,
Factset_TG_Price,CDNS,2014-01-02,3157,3157,1.0,0,0,2014-01-02,2026-07-23,0,,,
Factset_TG_Price,STX,2014-01-02,3157,3157,1.0,0,0,2014-01-02,2026-07-23,0,,,
Factset_TG_Price,PWR,2014-01-02,3157,3157,1.0,0,0,2014-01-02,2026-07-23,0,,,
Factset_TG_Price,BX,2014-01-02,3157,3157,1.0,0,0,2014-01-02,2026-07-23,0,,,
Factset_TG_Price,TMO,2014-01-02,3157,3157,1.0,0,0,2014-01-02,2026-07-23,0,,,
Factset_TG_Price,BSX,2014-01-02,3157,3157,1.0,0,0,2014-01-02,2026-07-23,0,,,
Factset_TG_Price,BKNG,2014-01-02,3157,3157,1.0,0,0,2014-01-02,2026-07-23,0,,,
Factset_TG_Price,PM,2014-01-02,3157,3157,1.0,0,0,2014-01-02,2026-07-23,0,,,
Factset_TG_Price,WMB,2014-01-02,3157,3157,1.0,0,0,2014-01-02,2026-07-23,0,,,
Factset_TG_Price,CEG,2022-02-02,1121,1121,1.0,0,0,2022-02-02,2026-07-23,0,,,
Factset_TG_Price,VST,2016-10-05,2462,2340,0.950446791226645,122,0,2017-03-31,2026-07-23,0,,,
Factset_TG_Price,DLR,2014-01-02,3157,3157,1.0,0,0,2014-01-02,2026-07-23,0,,,
Factset_TG_Price,ARM,2023-09-14,716,716,1.0,0,0,2023-09-14,2026-07-23,0,,,
Factset_TG_Price,SPOT,2018-04-03,2088,2088,1.0,0,0,2018-04-03,2026-07-23,0,,,
Factset_TG_Price,RACE,2015-10-21,2703,2687,0.9940806511283758,16,0,2015-11-12,2026-07-23,0,,,
Factset_TG_Price,285A,2024-12-18,398,397,0.9974874371859297,1,0,2024-12-19,2026-07-23,0,,,
Factset_TG_Price,6857,2014-01-07,3154,3154,1.0,0,0,2014-01-07,2026-07-23,0,,,
Factset_TG_Price,SU,2014-01-02,3157,3157,1.0,0,0,2014-01-02,2026-07-23,0,,,
Factset_TG_Price,SIE,2014-01-02,3157,3157,1.0,0,0,2014-01-02,2026-07-23,0,,,
Factset_TG_Price,RHM,2014-01-02,3157,3157,1.0,0,0,2014-01-02,2026-07-23,0,,,
Factset_TG_Price,ALV,2014-01-02,3157,3157,1.0,0,0,2014-01-02,2026-07-23,0,,,
Factset_TG_Price,MC,2014-01-02,3157,3157,1.0,0,0,2014-01-02,2026-07-23,0,,,
Factset_TG_Price,NESN,2014-01-02,3157,3157,1.0,0,0,2014-01-02,2026-07-23,0,,,
Factset_TG_Price,RR/,2014-01-02,3157,3157,1.0,0,0,2014-01-02,2026-07-23,0,,,
Factset_TG_Price,SAP,2014-01-02,3157,3157,1.0,0,0,2014-01-02,2026-07-23,0,,,
Factset_TG_Price,ASML,2014-01-02,3157,3157,1.0,0,0,2014-01-02,2026-07-23,0,,,
Factset_TG_Price,AZN,2014-01-02,3157,3157,1.0,0,0,2014-01-02,2026-07-23,0,,,
Factset_TG_Price,SHEL,2014-01-02,3157,3157,1.0,0,0,2014-01-02,2026-07-23,0,,,
Factset_TG_Price,HSBA,2014-01-02,3157,3157,1.0,0,0,2014-01-02,2026-07-23,0,,,
Factset_TG_Price,NOVOB,2014-01-02,3157,3157,1.0,0,0,2014-01-02,2026-07-23,0,,,
Factset_TG_Price,RIO,2014-01-02,3157,3157,1.0,0,0,2014-01-02,2026-07-23,0,,,
Factset_TG_Price,QCOM,2014-01-02,3157,3157,1.0,0,0,2014-01-02,2026-07-23,0,,,
Factset_TG_Price,TXN,2014-01-02,3157,3157,1.0,0,0,2014-01-02,2026-07-23,0,,,
Factset_TG_Price,ADBE,2014-01-02,3157,3157,1.0,0,0,2014-01-02,2026-07-23,0,,,
Factset_TG_Price,NOW,2014-01-02,3157,3157,1.0,0,0,2014-01-02,2026-07-23,0,,,
Factset_TG_Price,ACN,2014-01-02,3157,3157,1.0,0,0,2014-01-02,2026-07-23,0,,,
Factset_TG_Price,IBM,2014-01-02,3157,3157,1.0,0,0,2014-01-02,2026-07-23,0,,,
Factset_TG_Price,ADI,2014-01-02,3157,3157,1.0,0,0,2014-01-02,2026-07-23,0,,,
Factset_TG_Price,DELL,2018-12-28,1901,1901,1.0,0,0,2018-12-28,2026-07-23,0,,,
Factset_TG_Price,8035,2014-01-07,3154,3154,1.0,0,0,2014-01-07,2026-07-23,0,,,
Factset_TG_Price,IFX,2014-01-02,3157,3157,1.0,0,0,2014-01-02,2026-07-23,0,,,
Factset_TG_Price,MS,2014-01-02,3157,3157,1.0,0,0,2014-01-02,2026-07-23,0,,,
Factset_TG_Price,SCHW,2014-01-02,3157,3157,1.0,0,0,2014-01-02,2026-07-23,0,,,
Factset_TG_Price,AXP,2014-01-02,3157,3157,1.0,0,0,2014-01-02,2026-07-23,0,,,
Factset_TG_Price,PGR,2014-01-02,3157,3157,1.0,0,0,2014-01-02,2026-07-23,0,,,
Factset_TG_Price,AON,2014-01-02,3157,3157,1.0,0,0,2014-01-02,2026-07-23,0,,,
Factset_TG_Price,CME,2014-01-02,3157,3157,1.0,0,0,2014-01-02,2026-07-23,0,,,
Factset_TG_Price,KKR,2014-01-02,3157,3157,1.0,0,0,2014-01-02,2026-07-23,0,,,
Factset_TG_Price,BN,2022-12-12,905,905,1.0,0,0,2022-12-12,2026-07-23,0,,,
Factset_TG_Price,C,2014-01-02,3157,3157,1.0,0,0,2014-01-02,2026-07-23,0,,,
Factset_TG_Price,LSEG,2014-01-02,3157,3157,1.0,0,0,2014-01-02,2026-07-23,0,,,
Factset_TG_Price,ZURN,2014-01-02,3157,3157,1.0,0,0,2014-01-02,2026-07-23,0,,,
Factset_TG_Price,CS,2014-01-02,3157,3157,1.0,0,0,2014-01-02,2026-07-23,0,,,
Factset_TG_Price,8306,2014-01-07,3154,3154,1.0,0,0,2014-01-07,2026-07-23,0,,,
Factset_TG_Price,DIS,2014-01-02,3157,3157,1.0,0,0,2014-01-02,2026-07-23,0,,,
Factset_TG_Price,CMCSA,2014-01-02,3157,3157,1.0,0,0,2014-01-02,2026-07-23,0,,,
Factset_TG_Price,VZ,2014-01-02,3157,3157,1.0,0,0,2014-01-02,2026-07-23,0,,,
Factset_TG_Price,T,2014-01-02,3157,3157,1.0,0,0,2014-01-02,2026-07-23,0,,,
Factset_TG_Price,TTWO,2014-01-02,3157,3157,1.0,0,0,2014-01-02,2026-07-23,0,,,
Factset_TG_Price,PUB,2014-01-02,3157,3157,1.0,0,0,2014-01-02,2026-07-23,0,,,
Factset_TG_Price,7974,2014-01-07,3154,3154,1.0,0,0,2014-01-07,2026-07-23,0,,,
Factset_TG_Price,DTE,2014-01-02,3157,3157,1.0,0,0,2014-01-02,2026-07-23,0,,,
Factset_TG_Price,UMG,2021-09-21,1214,1214,1.0,0,0,2021-09-21,2026-07-23,0,,,
Factset_TG_Price,LOW,2014-01-02,3157,3157,1.0,0,0,2014-01-02,2026-07-23,0,,,
Factset_TG_Price,TJX,2014-01-02,3157,3157,1.0,0,0,2014-01-02,2026-07-23,0,,,
Factset_TG_Price,SBUX,2014-01-02,3157,3157,1.0,0,0,2014-01-02,2026-07-23,0,,,
Factset_TG_Price,ABNB,2020-12-10,1409,1409,1.0,0,0,2020-12-10,2026-07-23,0,,,
Factset_TG_Price,7203,2014-01-07,3154,3154,1.0,0,0,2014-01-07,2026-07-23,0,,,
Factset_TG_Price,ITX,2014-01-02,3157,3157,1.0,0,0,2014-01-02,2026-07-23,0,,,
Factset_TG_Price,ABT,2014-01-02,3157,3157,1.0,0,0,2014-01-02,2026-07-23,0,,,
Factset_TG_Price,DHR,2014-01-02,3157,3157,1.0,0,0,2014-01-02,2026-07-23,0,,,
Factset_TG_Price,VRTX,2014-01-02,3157,3157,1.0,0,0,2014-01-02,2026-07-23,0,,,
Factset_TG_Price,SAN,2014-01-02,3157,3157,1.0,0,0,2014-01-02,2026-07-23,0,,,
Factset_TG_Price,GE,2024-04-02,579,579,1.0,0,0,2024-04-02,2026-07-23,0,,,
Factset_TG_Price,TT,2020-03-02,1607,1607,1.0,0,0,2020-03-02,2026-07-23,0,,,
Factset_TG_Price,ABBN,2014-01-02,3157,3157,1.0,0,0,2014-01-02,2026-07-23,0,,,
Factset_TG_Price,KO,2014-01-02,3157,3157,1.0,0,0,2014-01-02,2026-07-23,0,,,
Factset_TG_Price,ULVR,2014-01-02,3157,3157,1.0,0,0,2014-01-02,2026-07-23,0,,,
Factset_TG_Price,ECL,2014-01-02,3157,3157,1.0,0,0,2014-01-02,2026-07-23,0,,,
Factset_TG_Price,AI,2014-01-02,3157,3157,1.0,0,0,2014-01-02,2026-07-23,0,,,
Factset_TG_Price,IBE,2014-01-02,3157,3157,1.0,0,0,2014-01-02,2026-07-23,0,,,
Factset_TG_Price,INTU,2014-01-02,3157,3157,1.0,0,0,2014-01-02,2026-07-23,0,,,
Factset_TG_Price,SNPS,2014-01-02,3157,3157,1.0,0,0,2014-01-02,2026-07-23,0,,,
Factset_TG_Price,APH,2014-01-02,3157,3157,1.0,0,0,2014-01-02,2026-07-23,0,,,
Factset_TG_Price,MSI,2014-01-02,3157,3157,1.0,0,0,2014-01-02,2026-07-23,0,,,
Factset_TG_Price,CRWD,2019-06-12,1788,1773,0.9916107382550335,15,0,2019-07-03,2026-07-23,0,,,
Factset_TG_Price,NXPI,2014-01-02,3157,3157,1.0,0,0,2014-01-02,2026-07-23,0,,,
Factset_TG_Price,KEYS,2014-10-21,2955,2947,0.9972927241962775,8,0,2014-10-31,2026-07-23,0,,,
Factset_TG_Price,ADSK,2014-01-02,3157,3157,1.0,0,0,2014-01-02,2026-07-23,0,,,
Factset_TG_Price,WDAY,2014-01-02,3157,3157,1.0,0,0,2014-01-02,2026-07-23,0,,,
Factset_TG_Price,WDC,2025-02-24,355,355,1.0,0,0,2025-02-24,2026-07-23,0,,,
Factset_TG_Price,DDOG,2019-09-19,1719,1704,0.9912739965095986,15,0,2019-10-10,2026-07-23,0,,,
Factset_TG_Price,FTNT,2014-01-02,3157,3157,1.0,0,0,2014-01-02,2026-07-23,0,,,
Factset_TG_Price,DSY,2014-01-02,3157,3157,1.0,0,0,2014-01-02,2026-07-23,0,,,
Factset_TG_Price,6146,2014-01-07,3154,3154,1.0,0,0,2014-01-07,2026-07-23,0,,,
Factset_TG_Price,6981,2014-01-07,3154,3154,1.0,0,0,2014-01-07,2026-07-23,0,,,
Factset_TG_Price,BRK/B,2014-01-02,3157,3157,1.0,0,0,2014-01-02,2026-07-23,0,,,
Factset_TG_Price,CB,2014-01-02,3157,3157,1.0,0,0,2014-01-02,2026-07-23,0,,,
Factset_TG_Price,ICE,2014-01-02,3157,3157,1.0,0,0,2014-01-02,2026-07-23,0,,,
Factset_TG_Price,MCO,2014-01-02,3157,3157,1.0,0,0,2014-01-02,2026-07-23,0,,,
Factset_TG_Price,PYPL,2015-07-07,2778,2778,1.0,0,0,2015-07-07,2026-07-23,0,,,
Factset_TG_Price,COF,2025-05-19,296,296,1.0,0,0,2025-05-19,2026-07-23,0,,,
Factset_TG_Price,BNP,2014-01-02,3157,3157,1.0,0,0,2014-01-02,2026-07-23,0,,,
Factset_TG_Price,MUV2,2014-01-02,3157,3157,1.0,0,0,2014-01-02,2026-07-23,0,,,
Factset_TG_Price,RTX,2014-01-02,3157,3157,1.0,0,0,2014-01-02,2026-07-23,0,,,
Factset_TG_Price,EMR,2014-01-02,3157,3157,1.0,0,0,2014-01-02,2026-07-23,0,,,
Factset_TG_Price,AXON,2014-01-02,3157,3157,1.0,0,0,2014-01-02,2026-07-23,0,,,
Factset_TG_Price,UBER,2019-05-10,1810,1810,1.0,0,0,2019-05-10,2026-07-23,0,,,
Factset_TG_Price,AIR,2014-01-02,3157,3157,1.0,0,0,2014-01-02,2026-07-23,0,,,
Factset_TG_Price,SAF,2014-01-02,3157,3157,1.0,0,0,2014-01-02,2026-07-23,0,,,
Factset_TG_Price,MRK,2014-01-02,3157,3157,1.0,0,0,2014-01-02,2026-07-23,0,,,
Factset_TG_Price,AMGN,2014-01-02,3157,3157,1.0,0,0,2014-01-02,2026-07-23,0,,,
Factset_TG_Price,SYK,2014-01-02,3157,3157,1.0,0,0,2014-01-02,2026-07-23,0,,,
Factset_TG_Price,MCK,2014-01-02,3157,3157,1.0,0,0,2014-01-02,2026-07-23,0,,,
Factset_TG_Price,NOVN,2014-01-02,3157,3157,1.0,0,0,2014-01-02,2026-07-23,0,,,
Factset_TG_Price,NKE,2014-01-02,3157,3157,1.0,0,0,2014-01-02,2026-07-23,0,,,
Factset_TG_Price,ORLY,2014-01-02,3157,3157,1.0,0,0,2014-01-02,2026-07-23,0,,,
Factset_TG_Price,DASH,2020-12-09,1410,1410,1.0,0,0,2020-12-09,2026-07-23,0,,,
Factset_TG_Price,CFR,2014-01-02,3157,3157,1.0,0,0,2014-01-02,2026-07-23,0,,,
Factset_TG_Price,TTD,2016-09-21,2472,2472,1.0,0,0,2016-09-21,2026-07-23,0,,,
Factset_TG_Price,RBLX,2021-03-10,1349,1349,1.0,0,0,2021-03-10,2026-07-23,0,,,
Factset_TG_Price,9432,2014-01-07,3154,3154,1.0,0,0,2014-01-07,2026-07-23,0,,,
Factset_TG_Price,9433,2014-01-07,3154,3154,1.0,0,0,2014-01-07,2026-07-23,0,,,
Factset_TG_Price,PEP,2014-01-02,3157,3157,1.0,0,0,2014-01-02,2026-07-23,0,,,
Factset_TG_Price,MDLZ,2014-01-02,3157,3157,1.0,0,0,2014-01-02,2026-07-23,0,,,
Factset_TG_Price,OR,2014-01-02,3157,3157,1.0,0,0,2014-01-02,2026-07-23,0,,,
Factset_TG_Price,CVX,2014-01-02,3157,3157,1.0,0,0,2014-01-02,2026-07-23,0,,,
Factset_TG_Price,TTE,2014-01-02,3157,3157,1.0,0,0,2014-01-02,2026-07-23,0,,,
Factset_TG_Price,NEM,2014-01-02,3157,3157,1.0,0,0,2014-01-02,2026-07-23,0,,,
Factset_TG_Price,SHW,2014-01-02,3157,3157,1.0,0,0,2014-01-02,2026-07-23,0,,,
Factset_TG_Price,SO,2014-01-02,3157,3157,1.0,0,0,2014-01-02,2026-07-23,0,,,
Factset_Fwd_OpCashflow,AAPL,2014-01-02,3157,3157,1.0,0,0,2014-01-02,2026-07-23,0,,,
Factset_Fwd_OpCashflow,MSFT,2014-01-02,3157,3157,1.0,0,0,2014-01-02,2026-07-23,0,,,
Factset_Fwd_OpCashflow,GOOGL,2014-01-02,3157,3157,1.0,0,0,2014-01-02,2026-07-23,0,,,
Factset_Fwd_OpCashflow,AMZN,2014-01-02,3157,3157,1.0,0,0,2014-01-02,2026-07-23,0,,,
Factset_Fwd_OpCashflow,META,2014-01-02,3157,3157,1.0,0,0,2014-01-02,2026-07-23,0,,,
Factset_Fwd_OpCashflow,NVDA,2014-01-02,3157,3157,1.0,0,0,2014-01-02,2026-07-23,0,,,
Factset_Fwd_OpCashflow,TSLA,2014-01-02,3157,3157,1.0,0,0,2014-01-02,2026-07-23,0,,,
Factset_Fwd_OpCashflow,PLTR,2020-09-30,1459,1443,0.9890335846470185,16,0,2020-10-22,2026-07-23,0,,,
Factset_Fwd_OpCashflow,AVGO,2014-01-02,3157,3157,1.0,0,0,2014-01-02,2026-07-23,0,,,
Factset_Fwd_OpCashflow,MU,2014-01-02,3157,3157,1.0,0,0,2014-01-02,2026-07-23,0,,,
Factset_Fwd_OpCashflow,GEV,2024-04-02,579,579,1.0,0,0,2024-04-02,2026-07-23,0,,,
Factset_Fwd_OpCashflow,VRT,2018-08-01,2004,1611,0.8038922155688623,393,0,2020-02-25,2026-07-23,0,,,
Factset_Fwd_OpCashflow,BE,2018-07-25,2009,1993,0.9920358387257342,16,0,2018-08-16,2026-07-23,0,,,
Factset_Fwd_OpCashflow,LITE,2015-07-27,2764,2760,0.9985528219971056,4,0,2015-07-31,2026-07-23,0,,,
Factset_Fwd_OpCashflow,000660,2014-01-02,3157,3157,1.0,0,0,2014-01-02,2026-07-23,0,,,
Factset_Fwd_OpCashflow,005930,2014-01-02,3157,3157,1.0,0,0,2014-01-02,2026-07-23,0,,,
Factset_Fwd_OpCashflow,UNH,2014-01-02,3157,3157,1.0,0,0,2014-01-02,2026-07-23,0,,,
Factset_Fwd_OpCashflow,LLY,2014-01-02,3157,3157,1.0,0,0,2014-01-02,2026-07-23,0,,,
Factset_Fwd_OpCashflow,ISRG,2014-01-02,3157,3157,1.0,0,0,2014-01-02,2026-07-23,0,,,
Factset_Fwd_OpCashflow,ABBV,2014-01-02,3157,3157,1.0,0,0,2014-01-02,2026-07-23,0,,,
Factset_Fwd_OpCashflow,REGN,2014-01-02,3157,3097,0.9809946151409566,60,0,2014-01-02,2026-07-23,0,,,
Factset_Fwd_OpCashflow,JPM,2014-01-02,3157,0,0.0,3157,3157,,,0,,,
Factset_Fwd_OpCashflow,V,2014-01-02,3157,3157,1.0,0,0,2014-01-02,2026-07-23,0,,,
Factset_Fwd_OpCashflow,MA,2014-01-02,3157,3157,1.0,0,0,2014-01-02,2026-07-23,0,,,
Factset_Fwd_OpCashflow,BLK,2014-01-02,3157,2735,0.8663287931580614,224,0,2014-10-15,2026-07-23,0,,,
Factset_Fwd_OpCashflow,SPGI,2014-01-02,3157,3155,0.9993664871713652,2,0,2014-01-02,2026-07-23,0,,,
Factset_Fwd_OpCashflow,GS,2014-01-02,3157,0,0.0,3157,3157,,,0,,,
Factset_Fwd_OpCashflow,COST,2014-01-02,3157,3157,1.0,0,0,2014-01-02,2026-07-23,0,,,
Factset_Fwd_OpCashflow,HD,2014-01-02,3157,3157,1.0,0,0,2014-01-02,2026-07-23,0,,,
Factset_Fwd_OpCashflow,PG,2014-01-02,3157,3157,1.0,0,0,2014-01-02,2026-07-23,0,,,
Factset_Fwd_OpCashflow,MCD,2014-01-02,3157,3157,1.0,0,0,2014-01-02,2026-07-23,0,,,
Factset_Fwd_OpCashflow,WMT,2014-01-02,3157,3157,1.0,0,0,2014-01-02,2026-07-23,0,,,
Factset_Fwd_OpCashflow,CAT,2014-01-02,3157,3157,1.0,0,0,2014-01-02,2026-07-23,0,,,
Factset_Fwd_OpCashflow,HON,2014-01-02,3157,3157,1.0,0,0,2014-01-02,2026-07-23,0,,,
Factset_Fwd_OpCashflow,DE,2014-01-02,3157,3157,1.0,0,0,2014-01-02,2026-07-23,0,,,
Factset_Fwd_OpCashflow,UNP,2014-01-02,3157,3157,1.0,0,0,2014-01-02,2026-07-23,0,,,
Factset_Fwd_OpCashflow,LMT,2014-01-02,3157,3157,1.0,0,0,2014-01-02,2026-07-23,0,,,
Factset_Fwd_OpCashflow,ETN,2014-01-02,3157,3157,1.0,0,0,2014-01-02,2026-07-23,0,,,
Factset_Fwd_OpCashflow,XOM,2014-01-02,3157,3157,1.0,0,0,2014-01-02,2026-07-23,0,,,
Factset_Fwd_OpCashflow,LNG,2014-01-02,3157,3116,0.987012987012987,32,0,2014-01-02,2026-07-23,0,,,
Factset_Fwd_OpCashflow,FCX,2014-01-02,3157,3157,1.0,0,0,2014-01-02,2026-07-23,0,,,
Factset_Fwd_OpCashflow,LIN,2014-01-02,3157,3157,1.0,0,0,2014-01-02,2026-07-23,0,,,
Factset_Fwd_OpCashflow,NEE,2014-01-02,3157,3157,1.0,0,0,2014-01-02,2026-07-23,0,,,
Factset_Fwd_OpCashflow,AMT,2014-01-02,3157,3157,1.0,0,0,2014-01-02,2026-07-23,0,,,
Factset_Fwd_OpCashflow,EQIX,2014-01-02,3157,3157,1.0,0,0,2014-01-02,2026-07-23,0,,,
Factset_Fwd_OpCashflow,TMUS,2014-01-02,3157,3157,1.0,0,0,2014-01-02,2026-07-23,0,,,
Factset_Fwd_OpCashflow,PLD,2014-01-02,3157,2393,0.7579980994615141,654,0,2014-01-02,2026-07-23,0,,,
Factset_Fwd_OpCashflow,AMD,2014-01-02,3157,3157,1.0,0,0,2014-01-02,2026-07-23,0,,,
Factset_Fwd_OpCashflow,CRM,2014-01-02,3157,3157,1.0,0,0,2014-01-02,2026-07-23,0,,,
Factset_Fwd_OpCashflow,NFLX,2014-01-02,3157,3157,1.0,0,0,2014-01-02,2026-07-23,0,,,
Factset_Fwd_OpCashflow,TER,2014-01-02,3157,3157,1.0,0,0,2014-01-02,2026-07-23,0,,,
Factset_Fwd_OpCashflow,GLW,2014-01-02,3157,3157,1.0,0,0,2014-01-02,2026-07-23,0,,,
Factset_Fwd_OpCashflow,JNJ,2014-01-02,3157,3157,1.0,0,0,2014-01-02,2026-07-23,0,,,
Factset_Fwd_OpCashflow,WFC,2014-01-02,3157,0,0.0,3157,3157,,,0,,,
Factset_Fwd_OpCashflow,MPC,2014-01-02,3157,3157,1.0,0,0,2014-01-02,2026-07-23,0,,,
Factset_Fwd_OpCashflow,LRCX,2014-01-02,3157,3157,1.0,0,0,2014-01-02,2026-07-23,0,,,
Factset_Fwd_OpCashflow,AMAT,2014-01-02,3157,3157,1.0,0,0,2014-01-02,2026-07-23,0,,,
Factset_Fwd_OpCashflow,PANW,2014-01-02,3157,3157,1.0,0,0,2014-01-02,2026-07-23,0,,,
Factset_Fwd_OpCashflow,FN,2014-01-02,3157,2955,0.9360152043078872,159,0,2014-01-02,2026-07-23,0,,,
Factset_Fwd_OpCashflow,MPWR,2014-01-02,3157,2625,0.8314855875831486,469,0,2015-11-11,2026-07-23,0,,,
Factset_Fwd_OpCashflow,BAC,2014-01-02,3157,0,0.0,3157,3157,,,0,,,
Factset_Fwd_OpCashflow,CSCO,2014-01-02,3157,3157,1.0,0,0,2014-01-02,2026-07-23,0,,,
Factset_Fwd_OpCashflow,INTC,2014-01-02,3157,3157,1.0,0,0,2014-01-02,2026-07-23,0,,,
Factset_Fwd_OpCashflow,ORCL,2014-01-02,3157,3157,1.0,0,0,2014-01-02,2026-07-23,0,,,
Factset_Fwd_OpCashflow,TSM,2014-01-02,3157,3157,1.0,0,0,2014-01-02,2026-07-23,0,,,
Factset_Fwd_OpCashflow,SNDK,2025-02-24,355,354,0.9971830985915493,1,0,2025-02-25,2026-07-23,0,,,
Factset_Fwd_OpCashflow,KLAC,2014-01-02,3157,3157,1.0,0,0,2014-01-02,2026-07-23,0,,,
Factset_Fwd_OpCashflow,ANET,2014-06-06,3050,3034,0.9947540983606558,16,0,2014-06-30,2026-07-23,0,,,
Factset_Fwd_OpCashflow,MRVL,2014-01-02,3157,3157,1.0,0,0,2014-01-02,2026-07-23,0,,,
Factset_Fwd_OpCashflow,CDNS,2014-01-02,3157,3019,0.9562876148242002,138,0,2014-07-22,2026-07-23,0,,,
Factset_Fwd_OpCashflow,STX,2014-01-02,3157,3157,1.0,0,0,2014-01-02,2026-07-23,0,,,
Factset_Fwd_OpCashflow,PWR,2014-01-02,3157,3157,1.0,0,0,2014-01-02,2026-07-23,0,,,
Factset_Fwd_OpCashflow,BX,2014-01-02,3157,2064,0.6537852391510928,768,0,2014-12-19,2026-07-23,0,,,
Factset_Fwd_OpCashflow,TMO,2014-01-02,3157,3157,1.0,0,0,2014-01-02,2026-07-23,0,,,
Factset_Fwd_OpCashflow,BSX,2014-01-02,3157,3157,1.0,0,0,2014-01-02,2026-07-23,0,,,
Factset_Fwd_OpCashflow,BKNG,2014-01-02,3157,3157,1.0,0,0,2014-01-02,2026-07-23,0,,,
Factset_Fwd_OpCashflow,PM,2014-01-02,3157,3157,1.0,0,0,2014-01-02,2026-07-23,0,,,
Factset_Fwd_OpCashflow,WMB,2014-01-02,3157,3157,1.0,0,0,2014-01-02,2026-07-23,0,,,
Factset_Fwd_OpCashflow,CEG,2022-02-02,1121,1121,1.0,0,0,2022-02-02,2026-07-23,0,,,
Factset_Fwd_OpCashflow,VST,2016-10-05,2462,2401,0.9752233956133225,54,0,2016-10-05,2026-07-23,0,,,
Factset_Fwd_OpCashflow,DLR,2014-01-02,3157,3157,1.0,0,0,2014-01-02,2026-07-23,0,,,
Factset_Fwd_OpCashflow,ARM,2023-09-14,716,716,1.0,0,0,2023-09-14,2026-07-23,0,,,
Factset_Fwd_OpCashflow,SPOT,2018-04-03,2088,2088,1.0,0,0,2018-04-03,2026-07-23,0,,,
Factset_Fwd_OpCashflow,RACE,2015-10-21,2703,2687,0.9940806511283758,16,0,2015-11-12,2026-07-23,0,,,
Factset_Fwd_OpCashflow,285A,2024-12-18,398,336,0.8442211055276382,40,0,2025-02-19,2026-07-23,0,,,
Factset_Fwd_OpCashflow,6857,2014-01-07,3154,3154,1.0,0,0,2014-01-07,2026-07-23,0,,,
Factset_Fwd_OpCashflow,SU,2014-01-02,3157,3157,1.0,0,0,2014-01-02,2026-07-23,0,,,
Factset_Fwd_OpCashflow,SIE,2014-01-02,3157,3157,1.0,0,0,2014-01-02,2026-07-23,0,,,
Factset_Fwd_OpCashflow,RHM,2014-01-02,3157,3157,1.0,0,0,2014-01-02,2026-07-23,0,,,
Factset_Fwd_OpCashflow,ALV,2014-01-02,3157,377,0.119417168197656,1640,562,2014-07-31,2024-04-24,0,,,
Factset_Fwd_OpCashflow,MC,2014-01-02,3157,3157,1.0,0,0,2014-01-02,2026-07-23,0,,,
Factset_Fwd_OpCashflow,NESN,2014-01-02,3157,3157,1.0,0,0,2014-01-02,2026-07-23,0,,,
Factset_Fwd_OpCashflow,RR/,2014-01-02,3157,3157,1.0,0,0,2014-01-02,2026-07-23,0,,,
Factset_Fwd_OpCashflow,SAP,2014-01-02,3157,3157,1.0,0,0,2014-01-02,2026-07-23,0,,,
Factset_Fwd_OpCashflow,ASML,2014-01-02,3157,3157,1.0,0,0,2014-01-02,2026-07-23,0,,,
Factset_Fwd_OpCashflow,AZN,2014-01-02,3157,3157,1.0,0,0,2014-01-02,2026-07-23,0,,,
Factset_Fwd_OpCashflow,SHEL,2014-01-02,3157,3157,1.0,0,0,2014-01-02,2026-07-23,0,,,
Factset_Fwd_OpCashflow,HSBA,2014-01-02,3157,0,0.0,3157,3157,,,0,,,
Factset_Fwd_OpCashflow,NOVOB,2014-01-02,3157,3157,1.0,0,0,2014-01-02,2026-07-23,0,,,
Factset_Fwd_OpCashflow,RIO,2014-01-02,3157,3157,1.0,0,0,2014-01-02,2026-07-23,0,,,
Factset_Fwd_OpCashflow,QCOM,2014-01-02,3157,3157,1.0,0,0,2014-01-02,2026-07-23,0,,,
Factset_Fwd_OpCashflow,TXN,2014-01-02,3157,3157,1.0,0,0,2014-01-02,2026-07-23,0,,,
Factset_Fwd_OpCashflow,ADBE,2014-01-02,3157,3157,1.0,0,0,2014-01-02,2026-07-23,0,,,
Factset_Fwd_OpCashflow,NOW,2014-01-02,3157,3157,1.0,0,0,2014-01-02,2026-07-23,0,,,
Factset_Fwd_OpCashflow,ACN,2014-01-02,3157,3157,1.0,0,0,2014-01-02,2026-07-23,0,,,
Factset_Fwd_OpCashflow,IBM,2014-01-02,3157,3157,1.0,0,0,2014-01-02,2026-07-23,0,,,
Factset_Fwd_OpCashflow,ADI,2014-01-02,3157,3157,1.0,0,0,2014-01-02,2026-07-23,0,,,
Factset_Fwd_OpCashflow,DELL,2018-12-28,1901,1901,1.0,0,0,2018-12-28,2026-07-23,0,,,
Factset_Fwd_OpCashflow,8035,2014-01-07,3154,3154,1.0,0,0,2014-01-07,2026-07-23,0,,,
Factset_Fwd_OpCashflow,IFX,2014-01-02,3157,3157,1.0,0,0,2014-01-02,2026-07-23,0,,,
Factset_Fwd_OpCashflow,MS,2014-01-02,3157,0,0.0,3157,3157,,,0,,,
Factset_Fwd_OpCashflow,SCHW,2014-01-02,3157,1481,0.46911624960405446,613,375,2015-01-07,2025-01-23,0,,,
Factset_Fwd_OpCashflow,AXP,2014-01-02,3157,0,0.0,3157,3157,,,0,,,
Factset_Fwd_OpCashflow,PGR,2014-01-02,3157,947,0.29996832435856824,1243,0,2014-01-02,2026-07-23,0,,,
Factset_Fwd_OpCashflow,AON,2014-01-02,3157,2882,0.9128919860627178,108,0,2014-01-02,2026-07-23,0,,,
Factset_Fwd_OpCashflow,CME,2014-01-02,3157,2721,0.861894203357618,179,0,2014-01-02,2026-07-23,0,,,
Factset_Fwd_OpCashflow,KKR,2014-01-02,3157,1938,0.6138739309471016,813,0,2015-01-27,2026-07-23,0,,,
Factset_Fwd_OpCashflow,BN,2022-12-12,905,190,0.20994475138121546,715,715,2022-12-12,2023-09-14,0,,,
Factset_Fwd_OpCashflow,C,2014-01-02,3157,0,0.0,3157,3157,,,0,,,
Factset_Fwd_OpCashflow,LSEG,2014-01-02,3157,3157,1.0,0,0,2014-01-02,2026-07-23,0,,,
Factset_Fwd_OpCashflow,ZURN,2014-01-02,3157,405,0.12828634779854292,1561,1136,2014-01-02,2022-01-10,0,,,
Factset_Fwd_OpCashflow,CS,2014-01-02,3157,614,0.19448843839087743,1136,1136,2014-02-06,2022-01-10,0,,,
Factset_Fwd_OpCashflow,8306,2014-01-07,3154,0,0.0,3154,3154,,,0,,,
Factset_Fwd_OpCashflow,DIS,2014-01-02,3157,3157,1.0,0,0,2014-01-02,2026-07-23,0,,,
Factset_Fwd_OpCashflow,CMCSA,2014-01-02,3157,3157,1.0,0,0,2014-01-02,2026-07-23,0,,,
Factset_Fwd_OpCashflow,VZ,2014-01-02,3157,3157,1.0,0,0,2014-01-02,2026-07-23,0,,,
Factset_Fwd_OpCashflow,T,2014-01-02,3157,3157,1.0,0,0,2014-01-02,2026-07-23,0,,,
Factset_Fwd_OpCashflow,TTWO,2014-01-02,3157,3157,1.0,0,0,2014-01-02,2026-07-23,0,,,
Factset_Fwd_OpCashflow,PUB,2014-01-02,3157,3157,1.0,0,0,2014-01-02,2026-07-23,0,,,
Factset_Fwd_OpCashflow,7974,2014-01-07,3154,3154,1.0,0,0,2014-01-07,2026-07-23,0,,,
Factset_Fwd_OpCashflow,DTE,2014-01-02,3157,3157,1.0,0,0,2014-01-02,2026-07-23,0,,,
Factset_Fwd_OpCashflow,UMG,2021-09-21,1214,1214,1.0,0,0,2021-09-21,2026-07-23,0,,,
Factset_Fwd_OpCashflow,LOW,2014-01-02,3157,3157,1.0,0,0,2014-01-02,2026-07-23,0,,,
Factset_Fwd_OpCashflow,TJX,2014-01-02,3157,3157,1.0,0,0,2014-01-02,2026-07-23,0,,,
Factset_Fwd_OpCashflow,SBUX,2014-01-02,3157,3157,1.0,0,0,2014-01-02,2026-07-23,0,,,
Factset_Fwd_OpCashflow,ABNB,2020-12-10,1409,1396,0.9907735982966643,13,0,2020-12-30,2026-07-23,0,,,
Factset_Fwd_OpCashflow,7203,2014-01-07,3154,3154,1.0,0,0,2014-01-07,2026-07-23,0,,,
Factset_Fwd_OpCashflow,ITX,2014-01-02,3157,3157,1.0,0,0,2014-01-02,2026-07-23,0,,,
Factset_Fwd_OpCashflow,ABT,2014-01-02,3157,3037,0.9619892302819132,120,0,2014-01-02,2026-07-23,0,,,
Factset_Fwd_OpCashflow,DHR,2014-01-02,3157,3157,1.0,0,0,2014-01-02,2026-07-23,0,,,
Factset_Fwd_OpCashflow,VRTX,2014-01-02,3157,3140,0.9946151409566044,17,0,2014-01-02,2026-07-23,0,,,
Factset_Fwd_OpCashflow,SAN,2014-01-02,3157,3157,1.0,0,0,2014-01-02,2026-07-23,0,,,
Factset_Fwd_OpCashflow,GE,2024-04-02,579,579,1.0,0,0,2024-04-02,2026-07-23,0,,,
Factset_Fwd_OpCashflow,TT,2020-03-02,1607,1607,1.0,0,0,2020-03-02,2026-07-23,0,,,
Factset_Fwd_OpCashflow,ABBN,2014-01-02,3157,3157,1.0,0,0,2014-01-02,2026-07-23,0,,,
Factset_Fwd_OpCashflow,KO,2014-01-02,3157,3157,1.0,0,0,2014-01-02,2026-07-23,0,,,
Factset_Fwd_OpCashflow,ULVR,2014-01-02,3157,3157,1.0,0,0,2014-01-02,2026-07-23,0,,,
Factset_Fwd_OpCashflow,ECL,2014-01-02,3157,3157,1.0,0,0,2014-01-02,2026-07-23,0,,,
Factset_Fwd_OpCashflow,AI,2014-01-02,3157,3157,1.0,0,0,2014-01-02,2026-07-23,0,,,
Factset_Fwd_OpCashflow,IBE,2014-01-02,3157,3157,1.0,0,0,2014-01-02,2026-07-23,0,,,
Factset_Fwd_OpCashflow,INTU,2014-01-02,3157,3157,1.0,0,0,2014-01-02,2026-07-23,0,,,
Factset_Fwd_OpCashflow,SNPS,2014-01-02,3157,2924,0.9261957554640482,233,0,2014-12-04,2026-07-23,0,,,
Factset_Fwd_OpCashflow,APH,2014-01-02,3157,3157,1.0,0,0,2014-01-02,2026-07-23,0,,,
Factset_Fwd_OpCashflow,MSI,2014-01-02,3157,3157,1.0,0,0,2014-01-02,2026-07-23,0,,,
Factset_Fwd_OpCashflow,CRWD,2019-06-12,1788,1773,0.9916107382550335,15,0,2019-07-03,2026-07-23,0,,,
Factset_Fwd_OpCashflow,NXPI,2014-01-02,3157,3157,1.0,0,0,2014-01-02,2026-07-23,0,,,
Factset_Fwd_OpCashflow,KEYS,2014-10-21,2955,2947,0.9972927241962775,8,0,2014-10-31,2026-07-23,0,,,
Factset_Fwd_OpCashflow,ADSK,2014-01-02,3157,3157,1.0,0,0,2014-01-02,2026-07-23,0,,,
Factset_Fwd_OpCashflow,WDAY,2014-01-02,3157,3157,1.0,0,0,2014-01-02,2026-07-23,0,,,
Factset_Fwd_OpCashflow,WDC,2025-02-24,355,355,1.0,0,0,2025-02-24,2026-07-23,0,,,
Factset_Fwd_OpCashflow,DDOG,2019-09-19,1719,1704,0.9912739965095986,15,0,2019-10-10,2026-07-23,0,,,
Factset_Fwd_OpCashflow,FTNT,2014-01-02,3157,3157,1.0,0,0,2014-01-02,2026-07-23,0,,,
Factset_Fwd_OpCashflow,DSY,2014-01-02,3157,3157,1.0,0,0,2014-01-02,2026-07-23,0,,,
Factset_Fwd_OpCashflow,6146,2014-01-07,3154,3154,1.0,0,0,2014-01-07,2026-07-23,0,,,
Factset_Fwd_OpCashflow,6981,2014-01-07,3154,3154,1.0,0,0,2014-01-07,2026-07-23,0,,,
Factset_Fwd_OpCashflow,BRK/B,2014-01-02,3157,292,0.09249287298067786,2865,2865,2014-01-02,2015-03-02,0,,,
Factset_Fwd_OpCashflow,CB,2014-01-02,3157,982,0.3110547988596769,1731,0,2014-01-02,2026-07-23,0,,,
Factset_Fwd_OpCashflow,ICE,2014-01-02,3157,2837,0.8986379474184352,57,0,2014-01-02,2026-07-23,0,,,
Factset_Fwd_OpCashflow,MCO,2014-01-02,3157,3157,1.0,0,0,2014-01-02,2026-07-23,0,,,
Factset_Fwd_OpCashflow,PYPL,2015-07-07,2778,2778,1.0,0,0,2015-07-07,2026-07-23,0,,,
Factset_Fwd_OpCashflow,COF,2025-05-19,296,0,0.0,296,296,,,0,,,
Factset_Fwd_OpCashflow,BNP,2014-01-02,3157,0,0.0,3157,3157,,,0,,,
Factset_Fwd_OpCashflow,MUV2,2014-01-02,3157,179,0.056699398162812796,1842,1136,2021-04-28,2022-01-10,0,,,
Factset_Fwd_OpCashflow,RTX,2014-01-02,3157,3157,1.0,0,0,2014-01-02,2026-07-23,0,,,
Factset_Fwd_OpCashflow,EMR,2014-01-02,3157,3157,1.0,0,0,2014-01-02,2026-07-23,0,,,
Factset_Fwd_OpCashflow,AXON,2014-01-02,3157,3061,0.9695913842255306,90,0,2014-05-13,2026-07-23,0,,,
Factset_Fwd_OpCashflow,UBER,2019-05-10,1810,1810,1.0,0,0,2019-05-10,2026-07-23,0,,,
Factset_Fwd_OpCashflow,AIR,2014-01-02,3157,3157,1.0,0,0,2014-01-02,2026-07-23,0,,,
Factset_Fwd_OpCashflow,SAF,2014-01-02,3157,3157,1.0,0,0,2014-01-02,2026-07-23,0,,,
Factset_Fwd_OpCashflow,MRK,2014-01-02,3157,3157,1.0,0,0,2014-01-02,2026-07-23,0,,,
Factset_Fwd_OpCashflow,AMGN,2014-01-02,3157,3157,1.0,0,0,2014-01-02,2026-07-23,0,,,
Factset_Fwd_OpCashflow,SYK,2014-01-02,3157,3157,1.0,0,0,2014-01-02,2026-07-23,0,,,
Factset_Fwd_OpCashflow,MCK,2014-01-02,3157,3157,1.0,0,0,2014-01-02,2026-07-23,0,,,
Factset_Fwd_OpCashflow,NOVN,2014-01-02,3157,3157,1.0,0,0,2014-01-02,2026-07-23,0,,,
Factset_Fwd_OpCashflow,NKE,2014-01-02,3157,3157,1.0,0,0,2014-01-02,2026-07-23,0,,,
Factset_Fwd_OpCashflow,ORLY,2014-01-02,3157,3157,1.0,0,0,2014-01-02,2026-07-23,0,,,
Factset_Fwd_OpCashflow,DASH,2020-12-09,1410,1410,1.0,0,0,2020-12-09,2026-07-23,0,,,
Factset_Fwd_OpCashflow,CFR,2014-01-02,3157,3157,1.0,0,0,2014-01-02,2026-07-23,0,,,
Factset_Fwd_OpCashflow,TTD,2016-09-21,2472,2463,0.9963592233009708,9,0,2016-10-04,2026-07-23,0,,,
Factset_Fwd_OpCashflow,RBLX,2021-03-10,1349,1347,0.9985174203113417,2,0,2021-03-12,2026-07-23,0,,,
Factset_Fwd_OpCashflow,9432,2014-01-07,3154,3154,1.0,0,0,2014-01-07,2026-07-23,0,,,
Factset_Fwd_OpCashflow,9433,2014-01-07,3154,3154,1.0,0,0,2014-01-07,2026-07-23,0,,,
Factset_Fwd_OpCashflow,PEP,2014-01-02,3157,3157,1.0,0,0,2014-01-02,2026-07-23,0,,,
Factset_Fwd_OpCashflow,MDLZ,2014-01-02,3157,3157,1.0,0,0,2014-01-02,2026-07-23,0,,,
Factset_Fwd_OpCashflow,OR,2014-01-02,3157,3157,1.0,0,0,2014-01-02,2026-07-23,0,,,
Factset_Fwd_OpCashflow,CVX,2014-01-02,3157,3157,1.0,0,0,2014-01-02,2026-07-23,0,,,
Factset_Fwd_OpCashflow,TTE,2014-01-02,3157,3157,1.0,0,0,2014-01-02,2026-07-23,0,,,
Factset_Fwd_OpCashflow,NEM,2014-01-02,3157,3157,1.0,0,0,2014-01-02,2026-07-23,0,,,
Factset_Fwd_OpCashflow,SHW,2014-01-02,3157,3157,1.0,0,0,2014-01-02,2026-07-23,0,,,
Factset_Fwd_OpCashflow,SO,2014-01-02,3157,3157,1.0,0,0,2014-01-02,2026-07-23,0,,,
Factset_EPS_Surprise,AAPL,2014-01-02,3157,3157,1.0,0,0,2014-01-02,2026-07-23,0,,,
Factset_EPS_Surprise,MSFT,2014-01-02,3157,3157,1.0,0,0,2014-01-02,2026-07-23,0,,,
Factset_EPS_Surprise,GOOGL,2014-01-02,3157,3157,1.0,0,0,2014-01-02,2026-07-23,0,,,
Factset_EPS_Surprise,AMZN,2014-01-02,3157,3027,0.9588216661387393,130,0,2014-01-02,2026-07-23,0,,,
Factset_EPS_Surprise,META,2014-01-02,3157,3157,1.0,0,0,2014-01-02,2026-07-23,0,,,
Factset_EPS_Surprise,NVDA,2014-01-02,3157,3157,1.0,0,0,2014-01-02,2026-07-23,0,,,
Factset_EPS_Surprise,TSLA,2014-01-02,3157,2887,0.9144757681343048,80,0,2014-01-02,2026-07-23,0,,,
Factset_EPS_Surprise,PLTR,2020-09-30,1459,1427,0.978067169294037,32,0,2020-11-13,2026-07-23,0,,,
Factset_EPS_Surprise,AVGO,2014-01-02,3157,3157,1.0,0,0,2014-01-02,2026-07-23,0,,,
Factset_EPS_Surprise,MU,2014-01-02,3157,3090,0.9787773202407348,67,0,2014-01-02,2026-07-23,0,,,
Factset_EPS_Surprise,GEV,2024-04-02,579,562,0.9706390328151986,17,0,2024-04-25,2026-07-23,0,,,
Factset_EPS_Surprise,VRT,2018-08-01,2004,1602,0.7994011976047904,402,0,2020-03-09,2026-07-23,0,,,
Factset_EPS_Surprise,BE,2018-07-25,2009,1719,0.8556495769039323,87,0,2018-11-06,2026-07-23,0,,,
Factset_EPS_Surprise,LITE,2015-07-27,2764,2752,0.9956584659913169,12,0,2015-08-12,2026-07-23,0,,,
Factset_EPS_Surprise,000660,2014-01-02,3157,2888,0.9147925245486221,269,0,2015-01-28,2026-07-23,0,,,
Factset_EPS_Surprise,005930,2014-01-02,3157,3012,0.9540703199239785,145,0,2014-07-31,2026-07-23,0,,,
Factset_EPS_Surprise,UNH,2014-01-02,3157,3157,1.0,0,0,2014-01-02,2026-07-23,0,,,
Factset_EPS_Surprise,LLY,2014-01-02,3157,3093,0.979727589483687,64,0,2014-01-02,2026-07-23,0,,,
Factset_EPS_Surprise,ISRG,2014-01-02,3157,3157,1.0,0,0,2014-01-02,2026-07-23,0,,,
Factset_EPS_Surprise,ABBV,2014-01-02,3157,3157,1.0,0,0,2014-01-02,2026-07-23,0,,,
Factset_EPS_Surprise,REGN,2014-01-02,3157,3157,1.0,0,0,2014-01-02,2026-07-23,0,,,
Factset_EPS_Surprise,JPM,2014-01-02,3157,3157,1.0,0,0,2014-01-02,2026-07-23,0,,,
Factset_EPS_Surprise,V,2014-01-02,3157,3157,1.0,0,0,2014-01-02,2026-07-23,0,,,
Factset_EPS_Surprise,MA,2014-01-02,3157,3157,1.0,0,0,2014-01-02,2026-07-23,0,,,
Factset_EPS_Surprise,BLK,2014-01-02,3157,3157,1.0,0,0,2014-01-02,2026-07-23,0,,,
Factset_EPS_Surprise,SPGI,2014-01-02,3157,3157,1.0,0,0,2014-01-02,2026-07-23,0,,,
Factset_EPS_Surprise,GS,2014-01-02,3157,3157,1.0,0,0,2014-01-02,2026-07-23,0,,,
Factset_EPS_Surprise,COST,2014-01-02,3157,3157,1.0,0,0,2014-01-02,2026-07-23,0,,,
Factset_EPS_Surprise,HD,2014-01-02,3157,3157,1.0,0,0,2014-01-02,2026-07-23,0,,,
Factset_EPS_Surprise,PG,2014-01-02,3157,3157,1.0,0,0,2014-01-02,2026-07-23,0,,,
Factset_EPS_Surprise,MCD,2014-01-02,3157,3157,1.0,0,0,2014-01-02,2026-07-23,0,,,
Factset_EPS_Surprise,WMT,2014-01-02,3157,3157,1.0,0,0,2014-01-02,2026-07-23,0,,,
Factset_EPS_Surprise,CAT,2014-01-02,3157,3157,1.0,0,0,2014-01-02,2026-07-23,0,,,
Factset_EPS_Surprise,HON,2014-01-02,3157,3157,1.0,0,0,2014-01-02,2026-07-23,0,,,
Factset_EPS_Surprise,DE,2014-01-02,3157,3157,1.0,0,0,2014-01-02,2026-07-23,0,,,
Factset_EPS_Surprise,UNP,2014-01-02,3157,3157,1.0,0,0,2014-01-02,2026-07-23,0,,,
Factset_EPS_Surprise,LMT,2014-01-02,3157,3157,1.0,0,0,2014-01-02,2026-07-23,0,,,
Factset_EPS_Surprise,ETN,2014-01-02,3157,3157,1.0,0,0,2014-01-02,2026-07-23,0,,,
Factset_EPS_Surprise,XOM,2014-01-02,3157,3157,1.0,0,0,2014-01-02,2026-07-23,0,,,
Factset_EPS_Surprise,LNG,2014-01-02,3157,3091,0.9790940766550522,66,0,2014-01-02,2026-07-23,0,,,
Factset_EPS_Surprise,FCX,2014-01-02,3157,3029,0.9594551789673741,64,0,2014-01-02,2026-07-23,0,,,
Factset_EPS_Surprise,LIN,2014-01-02,3157,3157,1.0,0,0,2014-01-02,2026-07-23,0,,,
Factset_EPS_Surprise,NEE,2014-01-02,3157,3157,1.0,0,0,2014-01-02,2026-07-23,0,,,
Factset_EPS_Surprise,AMT,2014-01-02,3157,3157,1.0,0,0,2014-01-02,2026-07-23,0,,,
Factset_EPS_Surprise,EQIX,2014-01-02,3157,3157,1.0,0,0,2014-01-02,2026-07-23,0,,,
Factset_EPS_Surprise,TMUS,2014-01-02,3157,3157,1.0,0,0,2014-01-02,2026-07-23,0,,,
Factset_EPS_Surprise,PLD,2014-01-02,3157,3157,1.0,0,0,2014-01-02,2026-07-23,0,,,
Factset_EPS_Surprise,AMD,2014-01-02,3157,3157,1.0,0,0,2014-01-02,2026-07-23,0,,,
Factset_EPS_Surprise,CRM,2014-01-02,3157,3157,1.0,0,0,2014-01-02,2026-07-23,0,,,
Factset_EPS_Surprise,NFLX,2014-01-02,3157,3157,1.0,0,0,2014-01-02,2026-07-23,0,,,
Factset_EPS_Surprise,TER,2014-01-02,3157,3157,1.0,0,0,2014-01-02,2026-07-23,0,,,
Factset_EPS_Surprise,GLW,2014-01-02,3157,3157,1.0,0,0,2014-01-02,2026-07-23,0,,,
Factset_EPS_Surprise,JNJ,2014-01-02,3157,3157,1.0,0,0,2014-01-02,2026-07-23,0,,,
Factset_EPS_Surprise,WFC,2014-01-02,3157,3157,1.0,0,0,2014-01-02,2026-07-23,0,,,
Factset_EPS_Surprise,MPC,2014-01-02,3157,3094,0.9800443458980045,63,0,2014-01-02,2026-07-23,0,,,
Factset_EPS_Surprise,LRCX,2014-01-02,3157,3157,1.0,0,0,2014-01-02,2026-07-23,0,,,
Factset_EPS_Surprise,AMAT,2014-01-02,3157,3157,1.0,0,0,2014-01-02,2026-07-23,0,,,
Factset_EPS_Surprise,PANW,2014-01-02,3157,3157,1.0,0,0,2014-01-02,2026-07-23,0,,,
Factset_EPS_Surprise,FN,2014-01-02,3157,3157,1.0,0,0,2014-01-02,2026-07-23,0,,,
Factset_EPS_Surprise,MPWR,2014-01-02,3157,3157,1.0,0,0,2014-01-02,2026-07-23,0,,,
Factset_EPS_Surprise,BAC,2014-01-02,3157,3157,1.0,0,0,2014-01-02,2026-07-23,0,,,
Factset_EPS_Surprise,CSCO,2014-01-02,3157,3157,1.0,0,0,2014-01-02,2026-07-23,0,,,
Factset_EPS_Surprise,INTC,2014-01-02,3157,3092,0.9794108330693696,65,0,2014-01-02,2026-07-23,0,,,
Factset_EPS_Surprise,ORCL,2014-01-02,3157,3157,1.0,0,0,2014-01-02,2026-07-23,0,,,
Factset_EPS_Surprise,TSM,2014-01-02,3157,2834,0.897687678175483,323,0,2015-04-16,2026-07-23,0,,,
Factset_EPS_Surprise,SNDK,2025-02-24,355,303,0.8535211267605634,52,0,2025-05-08,2026-07-23,0,,,
Factset_EPS_Surprise,KLAC,2014-01-02,3157,3157,1.0,0,0,2014-01-02,2026-07-23,0,,,
Factset_EPS_Surprise,ANET,2014-06-06,3050,3006,0.9855737704918033,44,0,2014-08-08,2026-07-23,0,,,
Factset_EPS_Surprise,MRVL,2014-01-02,3157,3083,0.9765600253405131,74,0,2014-01-02,2026-07-23,0,,,
Factset_EPS_Surprise,CDNS,2014-01-02,3157,3157,1.0,0,0,2014-01-02,2026-07-23,0,,,
Factset_EPS_Surprise,STX,2014-01-02,3157,3095,0.9803611023123219,62,0,2014-01-02,2026-07-23,0,,,
Factset_EPS_Surprise,PWR,2014-01-02,3157,3157,1.0,0,0,2014-01-02,2026-07-23,0,,,
Factset_EPS_Surprise,BX,2014-01-02,3157,3157,1.0,0,0,2014-01-02,2026-07-23,0,,,
Factset_EPS_Surprise,TMO,2014-01-02,3157,3157,1.0,0,0,2014-01-02,2026-07-23,0,,,
Factset_EPS_Surprise,BSX,2014-01-02,3157,3093,0.979727589483687,64,0,2014-01-02,2026-07-23,0,,,
Factset_EPS_Surprise,BKNG,2014-01-02,3157,3157,1.0,0,0,2014-01-02,2026-07-23,0,,,
Factset_EPS_Surprise,PM,2014-01-02,3157,3157,1.0,0,0,2014-01-02,2026-07-23,0,,,
Factset_EPS_Surprise,WMB,2014-01-02,3157,3157,1.0,0,0,2014-01-02,2026-07-23,0,,,
Factset_EPS_Surprise,CEG,2022-02-02,1121,1052,0.9384478144513827,69,0,2022-05-12,2026-07-23,0,,,
Factset_EPS_Surprise,VST,2016-10-05,2462,2307,0.9370430544272949,155,0,2017-05-18,2026-07-23,0,,,
Factset_EPS_Surprise,DLR,2014-01-02,3157,3157,1.0,0,0,2014-01-02,2026-07-23,0,,,
Factset_EPS_Surprise,ARM,2023-09-14,716,676,0.9441340782122905,40,0,2023-11-09,2026-07-23,0,,,
Factset_EPS_Surprise,SPOT,2018-04-03,2088,1614,0.7729885057471264,120,0,2018-05-03,2026-07-23,0,,,
Factset_EPS_Surprise,RACE,2015-10-21,2703,2633,0.9741028486866444,70,0,2016-02-02,2026-07-23,0,,,
Factset_EPS_Surprise,285A,2024-12-18,398,239,0.6005025125628141,159,0,2025-08-11,2026-07-23,0,,,
Factset_EPS_Surprise,6857,2014-01-07,3154,3154,1.0,0,0,2014-01-07,2026-07-23,0,,,
Factset_EPS_Surprise,SU,2014-01-02,3157,172,0.05448210326259107,2195,2195,2015-07-29,2017-10-25,0,,,
Factset_EPS_Surprise,SIE,2014-01-02,3157,3157,1.0,0,0,2014-01-02,2026-07-23,0,,,
Factset_EPS_Surprise,RHM,2014-01-02,3157,3157,1.0,0,0,2014-01-02,2026-07-23,0,,,
Factset_EPS_Surprise,ALV,2014-01-02,3157,3157,1.0,0,0,2014-01-02,2026-07-23,0,,,
Factset_EPS_Surprise,MC,2014-01-02,3157,106,0.033576179917643334,1779,822,2021-01-27,2023-04-12,0,,,
Factset_EPS_Surprise,NESN,2014-01-02,3157,242,0.07665505226480836,1149,562,2018-07-26,2024-04-24,0,,,
Factset_EPS_Surprise,RR/,2014-01-02,3157,136,0.04307887234716503,2301,663,2023-02-23,2023-11-28,0,,,
Factset_EPS_Surprise,SAP,2014-01-02,3157,3157,1.0,0,0,2014-01-02,2026-07-23,0,,,
Factset_EPS_Surprise,ASML,2014-01-02,3157,3157,1.0,0,0,2014-01-02,2026-07-23,0,,,
Factset_EPS_Surprise,AZN,2014-01-02,3157,3157,1.0,0,0,2014-01-02,2026-07-23,0,,,
Factset_EPS_Surprise,SHEL,2014-01-02,3157,3093,0.979727589483687,64,0,2014-01-02,2026-07-23,0,,,
Factset_EPS_Surprise,HSBA,2014-01-02,3157,3090,0.9787773202407348,67,0,2014-01-02,2026-07-23,0,,,
Factset_EPS_Surprise,NOVOB,2014-01-02,3157,3157,1.0,0,0,2014-01-02,2026-07-23,0,,,
Factset_EPS_Surprise,RIO,2014-01-02,3157,271,0.08584098828001267,2050,65,2022-02-23,2026-04-20,0,,,
Factset_EPS_Surprise,QCOM,2014-01-02,3157,3157,1.0,0,0,2014-01-02,2026-07-23,0,,,
Factset_EPS_Surprise,TXN,2014-01-02,3157,3157,1.0,0,0,2014-01-02,2026-07-23,0,,,
Factset_EPS_Surprise,ADBE,2014-01-02,3157,3157,1.0,0,0,2014-01-02,2026-07-23,0,,,
Factset_EPS_Surprise,NOW,2014-01-02,3157,3007,0.9524865378523915,131,0,2014-01-30,2026-07-23,0,,,
Factset_EPS_Surprise,ACN,2014-01-02,3157,3157,1.0,0,0,2014-01-02,2026-07-23,0,,,
Factset_EPS_Surprise,IBM,2014-01-02,3157,3157,1.0,0,0,2014-01-02,2026-07-23,0,,,
Factset_EPS_Surprise,ADI,2014-01-02,3157,3157,1.0,0,0,2014-01-02,2026-07-23,0,,,
Factset_EPS_Surprise,DELL,2018-12-28,1901,1901,1.0,0,0,2018-12-28,2026-07-23,0,,,
Factset_EPS_Surprise,8035,2014-01-07,3154,3154,1.0,0,0,2014-01-07,2026-07-23,0,,,
Factset_EPS_Surprise,IFX,2014-01-02,3157,3157,1.0,0,0,2014-01-02,2026-07-23,0,,,
Factset_EPS_Surprise,MS,2014-01-02,3157,3157,1.0,0,0,2014-01-02,2026-07-23,0,,,
Factset_EPS_Surprise,SCHW,2014-01-02,3157,3157,1.0,0,0,2014-01-02,2026-07-23,0,,,
Factset_EPS_Surprise,AXP,2014-01-02,3157,3093,0.979727589483687,64,0,2014-01-02,2026-07-23,0,,,
Factset_EPS_Surprise,PGR,2014-01-02,3157,3157,1.0,0,0,2014-01-02,2026-07-23,0,,,
Factset_EPS_Surprise,AON,2014-01-02,3157,3157,1.0,0,0,2014-01-02,2026-07-23,0,,,
Factset_EPS_Surprise,CME,2014-01-02,3157,3157,1.0,0,0,2014-01-02,2026-07-23,0,,,
Factset_EPS_Surprise,KKR,2014-01-02,3157,3157,1.0,0,0,2014-01-02,2026-07-23,0,,,
Factset_EPS_Surprise,BN,2022-12-12,905,905,1.0,0,0,2022-12-12,2026-07-23,0,,,
Factset_EPS_Surprise,C,2014-01-02,3157,3157,1.0,0,0,2014-01-02,2026-07-23,0,,,
Factset_EPS_Surprise,LSEG,2014-01-02,3157,344,0.10896420652518214,2145,63,2014-05-15,2026-04-22,0,,,
Factset_EPS_Surprise,ZURN,2014-01-02,3157,1602,0.5074437757364587,1555,1555,2014-01-02,2020-05-13,0,,,
Factset_EPS_Surprise,CS,2014-01-02,3157,0,0.0,3157,3157,,,0,,,
Factset_EPS_Surprise,8306,2014-01-07,3154,3047,0.9660748256182625,54,0,2014-01-07,2026-07-23,0,,,
Factset_EPS_Surprise,DIS,2014-01-02,3157,3023,0.9575546404814698,71,0,2014-01-02,2026-07-23,0,,,
Factset_EPS_Surprise,CMCSA,2014-01-02,3157,3157,1.0,0,0,2014-01-02,2026-07-23,0,,,
Factset_EPS_Surprise,VZ,2014-01-02,3157,3157,1.0,0,0,2014-01-02,2026-07-23,0,,,
Factset_EPS_Surprise,T,2014-01-02,3157,3157,1.0,0,0,2014-01-02,2026-07-23,0,,,
Factset_EPS_Surprise,TTWO,2014-01-02,3157,3157,1.0,0,0,2014-01-02,2026-07-23,0,,,
Factset_EPS_Surprise,PUB,2014-01-02,3157,46,0.014570795058599937,2831,2831,2015-02-12,2015-04-20,0,,,
Factset_EPS_Surprise,7974,2014-01-07,3154,3090,0.979708306911858,64,0,2014-01-07,2026-07-23,0,,,
Factset_EPS_Surprise,DTE,2014-01-02,3157,3157,1.0,0,0,2014-01-02,2026-07-23,0,,,
Factset_EPS_Surprise,UMG,2021-09-21,1214,1100,0.9060955518945635,114,0,2022-03-04,2026-07-23,0,,,
Factset_EPS_Surprise,LOW,2014-01-02,3157,3157,1.0,0,0,2014-01-02,2026-07-23,0,,,
Factset_EPS_Surprise,TJX,2014-01-02,3157,3157,1.0,0,0,2014-01-02,2026-07-23,0,,,
Factset_EPS_Surprise,SBUX,2014-01-02,3157,3157,1.0,0,0,2014-01-02,2026-07-23,0,,,
Factset_EPS_Surprise,ABNB,2020-12-10,1409,1357,0.9630943931866572,52,0,2021-02-26,2026-07-23,0,,,
Factset_EPS_Surprise,7203,2014-01-07,3154,3154,1.0,0,0,2014-01-07,2026-07-23,0,,,
Factset_EPS_Surprise,ITX,2014-01-02,3157,3157,1.0,0,0,2014-01-02,2026-07-23,0,,,
Factset_EPS_Surprise,ABT,2014-01-02,3157,3157,1.0,0,0,2014-01-02,2026-07-23,0,,,
Factset_EPS_Surprise,DHR,2014-01-02,3157,3157,1.0,0,0,2014-01-02,2026-07-23,0,,,
Factset_EPS_Surprise,VRTX,2014-01-02,3157,3093,0.979727589483687,64,0,2014-01-02,2026-07-23,0,,,
Factset_EPS_Surprise,SAN,2014-01-02,3157,3157,1.0,0,0,2014-01-02,2026-07-23,0,,,
Factset_EPS_Surprise,GE,2024-04-02,579,579,1.0,0,0,2024-04-02,2026-07-23,0,,,
Factset_EPS_Surprise,TT,2020-03-02,1607,1607,1.0,0,0,2020-03-02,2026-07-23,0,,,
Factset_EPS_Surprise,ABBN,2014-01-02,3157,3157,1.0,0,0,2014-01-02,2026-07-23,0,,,
Factset_EPS_Surprise,KO,2014-01-02,3157,3157,1.0,0,0,2014-01-02,2026-07-23,0,,,
Factset_EPS_Surprise,ULVR,2014-01-02,3157,853,0.2701932214127336,1581,58,2014-01-21,2026-04-29,0,,,
Factset_EPS_Surprise,ECL,2014-01-02,3157,3157,1.0,0,0,2014-01-02,2026-07-23,0,,,
Factset_EPS_Surprise,AI,2014-01-02,3157,521,0.16503009185936016,1789,499,2021-02-10,2024-07-25,0,,,
Factset_EPS_Surprise,IBE,2014-01-02,3157,2738,0.8672790624010136,332,0,2015-04-29,2026-07-23,0,,,
Factset_EPS_Surprise,INTU,2014-01-02,3157,3031,0.9600886917960089,65,0,2014-01-02,2026-07-23,0,,,
Factset_EPS_Surprise,SNPS,2014-01-02,3157,3157,1.0,0,0,2014-01-02,2026-07-23,0,,,
Factset_EPS_Surprise,APH,2014-01-02,3157,3157,1.0,0,0,2014-01-02,2026-07-23,0,,,
Factset_EPS_Surprise,MSI,2014-01-02,3157,3157,1.0,0,0,2014-01-02,2026-07-23,0,,,
Factset_EPS_Surprise,CRWD,2019-06-12,1788,1634,0.9138702460850112,128,0,2019-07-19,2026-07-23,0,,,
Factset_EPS_Surprise,NXPI,2014-01-02,3157,3157,1.0,0,0,2014-01-02,2026-07-23,0,,,
Factset_EPS_Surprise,KEYS,2014-10-21,2955,2935,0.9932318104906938,20,0,2014-11-18,2026-07-23,0,,,
Factset_EPS_Surprise,ADSK,2014-01-02,3157,3091,0.9790940766550522,66,0,2014-01-02,2026-07-23,0,,,
Factset_EPS_Surprise,WDAY,2014-01-02,3157,2913,0.9227114349065568,124,0,2014-01-02,2026-07-23,0,,,
Factset_EPS_Surprise,WDC,2025-02-24,355,355,1.0,0,0,2025-02-24,2026-07-23,0,,,
Factset_EPS_Surprise,DDOG,2019-09-19,1719,1496,0.8702734147760326,223,0,2020-08-07,2026-07-23,0,,,
Factset_EPS_Surprise,FTNT,2014-01-02,3157,3157,1.0,0,0,2014-01-02,2026-07-23,0,,,
Factset_EPS_Surprise,DSY,2014-01-02,3157,3157,1.0,0,0,2014-01-02,2026-07-23,0,,,
Factset_EPS_Surprise,6146,2014-01-07,3154,3154,1.0,0,0,2014-01-07,2026-07-23,0,,,
Factset_EPS_Surprise,6981,2014-01-07,3154,3154,1.0,0,0,2014-01-07,2026-07-23,0,,,
Factset_EPS_Surprise,BRK/B,2014-01-02,3157,3157,1.0,0,0,2014-01-02,2026-07-23,0,,,
Factset_EPS_Surprise,CB,2014-01-02,3157,3157,1.0,0,0,2014-01-02,2026-07-23,0,,,
Factset_EPS_Surprise,ICE,2014-01-02,3157,3157,1.0,0,0,2014-01-02,2026-07-23,0,,,
Factset_EPS_Surprise,MCO,2014-01-02,3157,3157,1.0,0,0,2014-01-02,2026-07-23,0,,,
Factset_EPS_Surprise,PYPL,2015-07-07,2778,2761,0.9938804895608351,17,0,2015-07-30,2026-07-23,0,,,
Factset_EPS_Surprise,COF,2025-05-19,296,296,1.0,0,0,2025-05-19,2026-07-23,0,,,
Factset_EPS_Surprise,BNP,2014-01-02,3157,3092,0.9794108330693696,65,0,2014-01-02,2026-07-23,0,,,
Factset_EPS_Surprise,MUV2,2014-01-02,3157,3019,0.9562876148242002,72,0,2014-01-02,2026-07-23,0,,,
Factset_EPS_Surprise,RTX,2014-01-02,3157,3157,1.0,0,0,2014-01-02,2026-07-23,0,,,
Factset_EPS_Surprise,EMR,2014-01-02,3157,3157,1.0,0,0,2014-01-02,2026-07-23,0,,,
Factset_EPS_Surprise,AXON,2014-01-02,3157,3157,1.0,0,0,2014-01-02,2026-07-23,0,,,
Factset_EPS_Surprise,UBER,2019-05-10,1810,1548,0.8552486187845304,69,0,2019-05-31,2026-07-23,0,,,
Factset_EPS_Surprise,AIR,2014-01-02,3157,3157,1.0,0,0,2014-01-02,2026-07-23,0,,,
Factset_EPS_Surprise,SAF,2014-01-02,3157,0,0.0,3157,3157,,,0,,,
Factset_EPS_Surprise,MRK,2014-01-02,3157,3099,0.9816281279695914,58,0,2014-01-02,2026-07-23,0,,,
Factset_EPS_Surprise,AMGN,2014-01-02,3157,3157,1.0,0,0,2014-01-02,2026-07-23,0,,,
Factset_EPS_Surprise,SYK,2014-01-02,3157,3157,1.0,0,0,2014-01-02,2026-07-23,0,,,
Factset_EPS_Surprise,MCK,2014-01-02,3157,3157,1.0,0,0,2014-01-02,2026-07-23,0,,,
Factset_EPS_Surprise,NOVN,2014-01-02,3157,3157,1.0,0,0,2014-01-02,2026-07-23,0,,,
Factset_EPS_Surprise,NKE,2014-01-02,3157,3157,1.0,0,0,2014-01-02,2026-07-23,0,,,
Factset_EPS_Surprise,ORLY,2014-01-02,3157,3157,1.0,0,0,2014-01-02,2026-07-23,0,,,
Factset_EPS_Surprise,DASH,2020-12-09,1410,1357,0.9624113475177305,53,0,2021-02-26,2026-07-23,0,,,
Factset_EPS_Surprise,CFR,2014-01-02,3157,0,0.0,3157,3157,,,0,,,
Factset_EPS_Surprise,TTD,2016-09-21,2472,2435,0.985032362459547,37,0,2016-11-11,2026-07-23,0,,,
Factset_EPS_Surprise,RBLX,2021-03-10,1349,1306,0.9681245366938473,43,0,2021-05-11,2026-07-23,0,,,
Factset_EPS_Surprise,9432,2014-01-07,3154,3154,1.0,0,0,2014-01-07,2026-07-23,0,,,
Factset_EPS_Surprise,9433,2014-01-07,3154,3015,0.9559289790741915,78,78,2014-01-07,2026-03-31,0,,,
Factset_EPS_Surprise,PEP,2014-01-02,3157,3157,1.0,0,0,2014-01-02,2026-07-23,0,,,
Factset_EPS_Surprise,MDLZ,2014-01-02,3157,3157,1.0,0,0,2014-01-02,2026-07-23,0,,,
Factset_EPS_Surprise,OR,2014-01-02,3157,171,0.05416534684827368,1403,566,2019-07-31,2024-04-18,0,,,
Factset_EPS_Surprise,CVX,2014-01-02,3157,3096,0.9806778587266393,61,0,2014-01-02,2026-07-23,0,,,
Factset_EPS_Surprise,TTE,2014-01-02,3157,3092,0.9794108330693696,65,0,2014-01-02,2026-07-23,0,,,
Factset_EPS_Surprise,NEM,2014-01-02,3157,3157,1.0,0,0,2014-01-02,2026-07-23,0,,,
Factset_EPS_Surprise,SHW,2014-01-02,3157,3157,1.0,0,0,2014-01-02,2026-07-23,0,,,
Factset_EPS_Surprise,SO,2014-01-02,3157,3157,1.0,0,0,2014-01-02,2026-07-23,0,,,
Factset_Sales_Surprise,AAPL,2014-01-02,3157,3157,1.0,0,0,2014-01-02,2026-07-23,0,,,
Factset_Sales_Surprise,MSFT,2014-01-02,3157,3157,1.0,0,0,2014-01-02,2026-07-23,0,,,
Factset_Sales_Surprise,GOOGL,2014-01-02,3157,3157,1.0,0,0,2014-01-02,2026-07-23,0,,,
Factset_Sales_Surprise,AMZN,2014-01-02,3157,3157,1.0,0,0,2014-01-02,2026-07-23,0,,,
Factset_Sales_Surprise,META,2014-01-02,3157,3157,1.0,0,0,2014-01-02,2026-07-23,0,,,
Factset_Sales_Surprise,NVDA,2014-01-02,3157,3157,1.0,0,0,2014-01-02,2026-07-23,0,,,
Factset_Sales_Surprise,TSLA,2014-01-02,3157,3157,1.0,0,0,2014-01-02,2026-07-23,0,,,
Factset_Sales_Surprise,PLTR,2020-09-30,1459,1427,0.978067169294037,32,0,2020-11-13,2026-07-23,0,,,
Factset_Sales_Surprise,AVGO,2014-01-02,3157,3157,1.0,0,0,2014-01-02,2026-07-23,0,,,
Factset_Sales_Surprise,MU,2014-01-02,3157,3157,1.0,0,0,2014-01-02,2026-07-23,0,,,
Factset_Sales_Surprise,GEV,2024-04-02,579,562,0.9706390328151986,17,0,2024-04-25,2026-07-23,0,,,
Factset_Sales_Surprise,VRT,2018-08-01,2004,1602,0.7994011976047904,402,0,2020-03-09,2026-07-23,0,,,
Factset_Sales_Surprise,BE,2018-07-25,2009,1936,0.9636635141861623,73,0,2018-11-06,2026-07-23,0,,,
Factset_Sales_Surprise,LITE,2015-07-27,2764,2752,0.9956584659913169,12,0,2015-08-12,2026-07-23,0,,,
Factset_Sales_Surprise,000660,2014-01-02,3157,2888,0.9147925245486221,269,0,2015-01-28,2026-07-23,0,,,
Factset_Sales_Surprise,005930,2014-01-02,3157,3012,0.9540703199239785,145,0,2014-07-31,2026-07-23,0,,,
Factset_Sales_Surprise,UNH,2014-01-02,3157,3157,1.0,0,0,2014-01-02,2026-07-23,0,,,
Factset_Sales_Surprise,LLY,2014-01-02,3157,3157,1.0,0,0,2014-01-02,2026-07-23,0,,,
Factset_Sales_Surprise,ISRG,2014-01-02,3157,3157,1.0,0,0,2014-01-02,2026-07-23,0,,,
Factset_Sales_Surprise,ABBV,2014-01-02,3157,3157,1.0,0,0,2014-01-02,2026-07-23,0,,,
Factset_Sales_Surprise,REGN,2014-01-02,3157,3157,1.0,0,0,2014-01-02,2026-07-23,0,,,
Factset_Sales_Surprise,JPM,2014-01-02,3157,3157,1.0,0,0,2014-01-02,2026-07-23,0,,,
Factset_Sales_Surprise,V,2014-01-02,3157,3157,1.0,0,0,2014-01-02,2026-07-23,0,,,
Factset_Sales_Surprise,MA,2014-01-02,3157,3157,1.0,0,0,2014-01-02,2026-07-23,0,,,
Factset_Sales_Surprise,BLK,2014-01-02,3157,3157,1.0,0,0,2014-01-02,2026-07-23,0,,,
Factset_Sales_Surprise,SPGI,2014-01-02,3157,3157,1.0,0,0,2014-01-02,2026-07-23,0,,,
Factset_Sales_Surprise,GS,2014-01-02,3157,3157,1.0,0,0,2014-01-02,2026-07-23,0,,,
Factset_Sales_Surprise,COST,2014-01-02,3157,3157,1.0,0,0,2014-01-02,2026-07-23,0,,,
Factset_Sales_Surprise,HD,2014-01-02,3157,3157,1.0,0,0,2014-01-02,2026-07-23,0,,,
Factset_Sales_Surprise,PG,2014-01-02,3157,3157,1.0,0,0,2014-01-02,2026-07-23,0,,,
Factset_Sales_Surprise,MCD,2014-01-02,3157,3157,1.0,0,0,2014-01-02,2026-07-23,0,,,
Factset_Sales_Surprise,WMT,2014-01-02,3157,3157,1.0,0,0,2014-01-02,2026-07-23,0,,,
Factset_Sales_Surprise,CAT,2014-01-02,3157,3157,1.0,0,0,2014-01-02,2026-07-23,0,,,
Factset_Sales_Surprise,HON,2014-01-02,3157,3157,1.0,0,0,2014-01-02,2026-07-23,0,,,
Factset_Sales_Surprise,DE,2014-01-02,3157,3157,1.0,0,0,2014-01-02,2026-07-23,0,,,
Factset_Sales_Surprise,UNP,2014-01-02,3157,3157,1.0,0,0,2014-01-02,2026-07-23,0,,,
Factset_Sales_Surprise,LMT,2014-01-02,3157,3157,1.0,0,0,2014-01-02,2026-07-23,0,,,
Factset_Sales_Surprise,ETN,2014-01-02,3157,3157,1.0,0,0,2014-01-02,2026-07-23,0,,,
Factset_Sales_Surprise,XOM,2014-01-02,3157,3157,1.0,0,0,2014-01-02,2026-07-23,0,,,
Factset_Sales_Surprise,LNG,2014-01-02,3157,3157,1.0,0,0,2014-01-02,2026-07-23,0,,,
Factset_Sales_Surprise,FCX,2014-01-02,3157,3157,1.0,0,0,2014-01-02,2026-07-23,0,,,
Factset_Sales_Surprise,LIN,2014-01-02,3157,3157,1.0,0,0,2014-01-02,2026-07-23,0,,,
Factset_Sales_Surprise,NEE,2014-01-02,3157,3157,1.0,0,0,2014-01-02,2026-07-23,0,,,
Factset_Sales_Surprise,AMT,2014-01-02,3157,3157,1.0,0,0,2014-01-02,2026-07-23,0,,,
Factset_Sales_Surprise,EQIX,2014-01-02,3157,3157,1.0,0,0,2014-01-02,2026-07-23,0,,,
Factset_Sales_Surprise,TMUS,2014-01-02,3157,3157,1.0,0,0,2014-01-02,2026-07-23,0,,,
Factset_Sales_Surprise,PLD,2014-01-02,3157,3157,1.0,0,0,2014-01-02,2026-07-23,0,,,
Factset_Sales_Surprise,AMD,2014-01-02,3157,3157,1.0,0,0,2014-01-02,2026-07-23,0,,,
Factset_Sales_Surprise,CRM,2014-01-02,3157,3157,1.0,0,0,2014-01-02,2026-07-23,0,,,
Factset_Sales_Surprise,NFLX,2014-01-02,3157,3157,1.0,0,0,2014-01-02,2026-07-23,0,,,
Factset_Sales_Surprise,TER,2014-01-02,3157,3157,1.0,0,0,2014-01-02,2026-07-23,0,,,
Factset_Sales_Surprise,GLW,2014-01-02,3157,3157,1.0,0,0,2014-01-02,2026-07-23,0,,,
Factset_Sales_Surprise,JNJ,2014-01-02,3157,3157,1.0,0,0,2014-01-02,2026-07-23,0,,,
Factset_Sales_Surprise,WFC,2014-01-02,3157,3157,1.0,0,0,2014-01-02,2026-07-23,0,,,
Factset_Sales_Surprise,MPC,2014-01-02,3157,3157,1.0,0,0,2014-01-02,2026-07-23,0,,,
Factset_Sales_Surprise,LRCX,2014-01-02,3157,3157,1.0,0,0,2014-01-02,2026-07-23,0,,,
Factset_Sales_Surprise,AMAT,2014-01-02,3157,3157,1.0,0,0,2014-01-02,2026-07-23,0,,,
Factset_Sales_Surprise,PANW,2014-01-02,3157,3157,1.0,0,0,2014-01-02,2026-07-23,0,,,
Factset_Sales_Surprise,FN,2014-01-02,3157,3157,1.0,0,0,2014-01-02,2026-07-23,0,,,
Factset_Sales_Surprise,MPWR,2014-01-02,3157,3157,1.0,0,0,2014-01-02,2026-07-23,0,,,
Factset_Sales_Surprise,BAC,2014-01-02,3157,3157,1.0,0,0,2014-01-02,2026-07-23,0,,,
Factset_Sales_Surprise,CSCO,2014-01-02,3157,3157,1.0,0,0,2014-01-02,2026-07-23,0,,,
Factset_Sales_Surprise,INTC,2014-01-02,3157,3157,1.0,0,0,2014-01-02,2026-07-23,0,,,
Factset_Sales_Surprise,ORCL,2014-01-02,3157,3157,1.0,0,0,2014-01-02,2026-07-23,0,,,
Factset_Sales_Surprise,TSM,2014-01-02,3157,2834,0.897687678175483,323,0,2015-04-16,2026-07-23,0,,,
Factset_Sales_Surprise,SNDK,2025-02-24,355,303,0.8535211267605634,52,0,2025-05-08,2026-07-23,0,,,
Factset_Sales_Surprise,KLAC,2014-01-02,3157,3157,1.0,0,0,2014-01-02,2026-07-23,0,,,
Factset_Sales_Surprise,ANET,2014-06-06,3050,3006,0.9855737704918033,44,0,2014-08-08,2026-07-23,0,,,
Factset_Sales_Surprise,MRVL,2014-01-02,3157,3083,0.9765600253405131,74,0,2014-01-02,2026-07-23,0,,,
Factset_Sales_Surprise,CDNS,2014-01-02,3157,3157,1.0,0,0,2014-01-02,2026-07-23,0,,,
Factset_Sales_Surprise,STX,2014-01-02,3157,3157,1.0,0,0,2014-01-02,2026-07-23,0,,,
Factset_Sales_Surprise,PWR,2014-01-02,3157,3157,1.0,0,0,2014-01-02,2026-07-23,0,,,
Factset_Sales_Surprise,BX,2014-01-02,3157,3157,1.0,0,0,2014-01-02,2026-07-23,0,,,
Factset_Sales_Surprise,TMO,2014-01-02,3157,3157,1.0,0,0,2014-01-02,2026-07-23,0,,,
Factset_Sales_Surprise,BSX,2014-01-02,3157,3157,1.0,0,0,2014-01-02,2026-07-23,0,,,
Factset_Sales_Surprise,BKNG,2014-01-02,3157,3157,1.0,0,0,2014-01-02,2026-07-23,0,,,
Factset_Sales_Surprise,PM,2014-01-02,3157,3157,1.0,0,0,2014-01-02,2026-07-23,0,,,
Factset_Sales_Surprise,WMB,2014-01-02,3157,3157,1.0,0,0,2014-01-02,2026-07-23,0,,,
Factset_Sales_Surprise,CEG,2022-02-02,1121,1052,0.9384478144513827,69,0,2022-05-12,2026-07-23,0,,,
Factset_Sales_Surprise,VST,2016-10-05,2462,2244,0.9114541023558083,155,0,2017-05-18,2026-07-23,0,,,
Factset_Sales_Surprise,DLR,2014-01-02,3157,3157,1.0,0,0,2014-01-02,2026-07-23,0,,,
Factset_Sales_Surprise,ARM,2023-09-14,716,676,0.9441340782122905,40,0,2023-11-09,2026-07-23,0,,,
Factset_Sales_Surprise,SPOT,2018-04-03,2088,2066,0.9894636015325671,22,0,2018-05-03,2026-07-23,0,,,
Factset_Sales_Surprise,RACE,2015-10-21,2703,2633,0.9741028486866444,70,0,2016-02-02,2026-07-23,0,,,
Factset_Sales_Surprise,285A,2024-12-18,398,297,0.7462311557788944,101,0,2025-05-16,2026-07-23,0,,,
Factset_Sales_Surprise,6857,2014-01-07,3154,3154,1.0,0,0,2014-01-07,2026-07-23,0,,,
Factset_Sales_Surprise,SU,2014-01-02,3157,3044,0.9642065251821349,62,0,2014-01-02,2026-07-23,0,,,
Factset_Sales_Surprise,SIE,2014-01-02,3157,3157,1.0,0,0,2014-01-02,2026-07-23,0,,,
Factset_Sales_Surprise,RHM,2014-01-02,3157,3157,1.0,0,0,2014-01-02,2026-07-23,0,,,
Factset_Sales_Surprise,ALV,2014-01-02,3157,2977,0.9429838454228698,115,0,2014-01-02,2026-07-23,0,,,
Factset_Sales_Surprise,MC,2014-01-02,3157,3064,0.9705416534684828,73,0,2014-01-31,2026-07-23,0,,,
Factset_Sales_Surprise,NESN,2014-01-02,3157,3157,1.0,0,0,2014-01-02,2026-07-23,0,,,
Factset_Sales_Surprise,RR/,2014-01-02,3157,0,0.0,3157,3157,,,0,,,
Factset_Sales_Surprise,SAP,2014-01-02,3157,3157,1.0,0,0,2014-01-02,2026-07-23,0,,,
Factset_Sales_Surprise,ASML,2014-01-02,3157,3157,1.0,0,0,2014-01-02,2026-07-23,0,,,
Factset_Sales_Surprise,AZN,2014-01-02,3157,3157,1.0,0,0,2014-01-02,2026-07-23,0,,,
Factset_Sales_Surprise,SHEL,2014-01-02,3157,3157,1.0,0,0,2014-01-02,2026-07-23,0,,,
Factset_Sales_Surprise,HSBA,2014-01-02,3157,3090,0.9787773202407348,67,0,2014-01-02,2026-07-23,0,,,
Factset_Sales_Surprise,NOVOB,2014-01-02,3157,3157,1.0,0,0,2014-01-02,2026-07-23,0,,,
Factset_Sales_Surprise,RIO,2014-01-02,3157,0,0.0,3157,3157,,,0,,,
Factset_Sales_Surprise,QCOM,2014-01-02,3157,3157,1.0,0,0,2014-01-02,2026-07-23,0,,,
Factset_Sales_Surprise,TXN,2014-01-02,3157,3157,1.0,0,0,2014-01-02,2026-07-23,0,,,
Factset_Sales_Surprise,ADBE,2014-01-02,3157,3157,1.0,0,0,2014-01-02,2026-07-23,0,,,
Factset_Sales_Surprise,NOW,2014-01-02,3157,3157,1.0,0,0,2014-01-02,2026-07-23,0,,,
Factset_Sales_Surprise,ACN,2014-01-02,3157,3157,1.0,0,0,2014-01-02,2026-07-23,0,,,
Factset_Sales_Surprise,IBM,2014-01-02,3157,3157,1.0,0,0,2014-01-02,2026-07-23,0,,,
Factset_Sales_Surprise,ADI,2014-01-02,3157,3157,1.0,0,0,2014-01-02,2026-07-23,0,,,
Factset_Sales_Surprise,DELL,2018-12-28,1901,1901,1.0,0,0,2018-12-28,2026-07-23,0,,,
Factset_Sales_Surprise,8035,2014-01-07,3154,3154,1.0,0,0,2014-01-07,2026-07-23,0,,,
Factset_Sales_Surprise,IFX,2014-01-02,3157,3157,1.0,0,0,2014-01-02,2026-07-23,0,,,
Factset_Sales_Surprise,MS,2014-01-02,3157,3157,1.0,0,0,2014-01-02,2026-07-23,0,,,
Factset_Sales_Surprise,SCHW,2014-01-02,3157,3157,1.0,0,0,2014-01-02,2026-07-23,0,,,
Factset_Sales_Surprise,AXP,2014-01-02,3157,3157,1.0,0,0,2014-01-02,2026-07-23,0,,,
Factset_Sales_Surprise,PGR,2014-01-02,3157,3157,1.0,0,0,2014-01-02,2026-07-23,0,,,
Factset_Sales_Surprise,AON,2014-01-02,3157,3157,1.0,0,0,2014-01-02,2026-07-23,0,,,
Factset_Sales_Surprise,CME,2014-01-02,3157,3157,1.0,0,0,2014-01-02,2026-07-23,0,,,
Factset_Sales_Surprise,KKR,2014-01-02,3157,3157,1.0,0,0,2014-01-02,2026-07-23,0,,,
Factset_Sales_Surprise,BN,2022-12-12,905,721,0.7966850828729282,63,0,2022-12-12,2026-07-23,0,,,
Factset_Sales_Surprise,C,2014-01-02,3157,3157,1.0,0,0,2014-01-02,2026-07-23,0,,,
Factset_Sales_Surprise,LSEG,2014-01-02,3157,2480,0.785555907507127,434,0,2014-01-23,2026-07-23,0,,,
Factset_Sales_Surprise,ZURN,2014-01-02,3157,1033,0.32720937598986377,1684,1684,2014-01-02,2019-11-06,0,,,
Factset_Sales_Surprise,CS,2014-01-02,3157,928,0.2939499524865379,445,0,2014-05-06,2026-07-23,0,,,
Factset_Sales_Surprise,8306,2014-01-07,3154,2580,0.818008877615726,197,0,2014-01-07,2026-07-23,0,,,
Factset_Sales_Surprise,DIS,2014-01-02,3157,3157,1.0,0,0,2014-01-02,2026-07-23,0,,,
Factset_Sales_Surprise,CMCSA,2014-01-02,3157,3157,1.0,0,0,2014-01-02,2026-07-23,0,,,
Factset_Sales_Surprise,VZ,2014-01-02,3157,3157,1.0,0,0,2014-01-02,2026-07-23,0,,,
Factset_Sales_Surprise,T,2014-01-02,3157,3157,1.0,0,0,2014-01-02,2026-07-23,0,,,
Factset_Sales_Surprise,TTWO,2014-01-02,3157,3157,1.0,0,0,2014-01-02,2026-07-23,0,,,
Factset_Sales_Surprise,PUB,2014-01-02,3157,2865,0.9075071270193221,175,0,2014-01-02,2026-07-23,0,,,
Factset_Sales_Surprise,7974,2014-01-07,3154,3154,1.0,0,0,2014-01-07,2026-07-23,0,,,
Factset_Sales_Surprise,DTE,2014-01-02,3157,3157,1.0,0,0,2014-01-02,2026-07-23,0,,,
Factset_Sales_Surprise,UMG,2021-09-21,1214,1100,0.9060955518945635,114,0,2022-03-04,2026-07-23,0,,,
Factset_Sales_Surprise,LOW,2014-01-02,3157,3157,1.0,0,0,2014-01-02,2026-07-23,0,,,
Factset_Sales_Surprise,TJX,2014-01-02,3157,3157,1.0,0,0,2014-01-02,2026-07-23,0,,,
Factset_Sales_Surprise,SBUX,2014-01-02,3157,3157,1.0,0,0,2014-01-02,2026-07-23,0,,,
Factset_Sales_Surprise,ABNB,2020-12-10,1409,1357,0.9630943931866572,52,0,2021-02-26,2026-07-23,0,,,
Factset_Sales_Surprise,7203,2014-01-07,3154,3154,1.0,0,0,2014-01-07,2026-07-23,0,,,
Factset_Sales_Surprise,ITX,2014-01-02,3157,3157,1.0,0,0,2014-01-02,2026-07-23,0,,,
Factset_Sales_Surprise,ABT,2014-01-02,3157,3157,1.0,0,0,2014-01-02,2026-07-23,0,,,
Factset_Sales_Surprise,DHR,2014-01-02,3157,3157,1.0,0,0,2014-01-02,2026-07-23,0,,,
Factset_Sales_Surprise,VRTX,2014-01-02,3157,3157,1.0,0,0,2014-01-02,2026-07-23,0,,,
Factset_Sales_Surprise,SAN,2014-01-02,3157,3157,1.0,0,0,2014-01-02,2026-07-23,0,,,
Factset_Sales_Surprise,GE,2024-04-02,579,579,1.0,0,0,2024-04-02,2026-07-23,0,,,
Factset_Sales_Surprise,TT,2020-03-02,1607,1607,1.0,0,0,2020-03-02,2026-07-23,0,,,
Factset_Sales_Surprise,ABBN,2014-01-02,3157,3157,1.0,0,0,2014-01-02,2026-07-23,0,,,
Factset_Sales_Surprise,KO,2014-01-02,3157,3157,1.0,0,0,2014-01-02,2026-07-23,0,,,
Factset_Sales_Surprise,ULVR,2014-01-02,3157,2902,0.9192271143490656,116,0,2014-01-21,2026-07-23,0,,,
Factset_Sales_Surprise,ECL,2014-01-02,3157,3157,1.0,0,0,2014-01-02,2026-07-23,0,,,
Factset_Sales_Surprise,AI,2014-01-02,3157,3157,1.0,0,0,2014-01-02,2026-07-23,0,,,
Factset_Sales_Surprise,IBE,2014-01-02,3157,2782,0.8812163446309788,139,0,2014-07-23,2026-07-23,0,,,
Factset_Sales_Surprise,INTU,2014-01-02,3157,3157,1.0,0,0,2014-01-02,2026-07-23,0,,,
Factset_Sales_Surprise,SNPS,2014-01-02,3157,3157,1.0,0,0,2014-01-02,2026-07-23,0,,,
Factset_Sales_Surprise,APH,2014-01-02,3157,3157,1.0,0,0,2014-01-02,2026-07-23,0,,,
Factset_Sales_Surprise,MSI,2014-01-02,3157,3157,1.0,0,0,2014-01-02,2026-07-23,0,,,
Factset_Sales_Surprise,CRWD,2019-06-12,1788,1762,0.9854586129753915,26,0,2019-07-19,2026-07-23,0,,,
Factset_Sales_Surprise,NXPI,2014-01-02,3157,3157,1.0,0,0,2014-01-02,2026-07-23,0,,,
Factset_Sales_Surprise,KEYS,2014-10-21,2955,2935,0.9932318104906938,20,0,2014-11-18,2026-07-23,0,,,
Factset_Sales_Surprise,ADSK,2014-01-02,3157,3157,1.0,0,0,2014-01-02,2026-07-23,0,,,
Factset_Sales_Surprise,WDAY,2014-01-02,3157,3157,1.0,0,0,2014-01-02,2026-07-23,0,,,
Factset_Sales_Surprise,WDC,2025-02-24,355,355,1.0,0,0,2025-02-24,2026-07-23,0,,,
Factset_Sales_Surprise,DDOG,2019-09-19,1719,1680,0.9773123909249564,39,0,2019-11-13,2026-07-23,0,,,
Factset_Sales_Surprise,FTNT,2014-01-02,3157,3157,1.0,0,0,2014-01-02,2026-07-23,0,,,
Factset_Sales_Surprise,DSY,2014-01-02,3157,3157,1.0,0,0,2014-01-02,2026-07-23,0,,,
Factset_Sales_Surprise,6146,2014-01-07,3154,3154,1.0,0,0,2014-01-07,2026-07-23,0,,,
Factset_Sales_Surprise,6981,2014-01-07,3154,3154,1.0,0,0,2014-01-07,2026-07-23,0,,,
Factset_Sales_Surprise,BRK/B,2014-01-02,3157,3112,0.9857459613557175,45,0,2014-01-02,2026-07-23,0,,,
Factset_Sales_Surprise,CB,2014-01-02,3157,3157,1.0,0,0,2014-01-02,2026-07-23,0,,,
Factset_Sales_Surprise,ICE,2014-01-02,3157,3157,1.0,0,0,2014-01-02,2026-07-23,0,,,
Factset_Sales_Surprise,MCO,2014-01-02,3157,3157,1.0,0,0,2014-01-02,2026-07-23,0,,,
Factset_Sales_Surprise,PYPL,2015-07-07,2778,2761,0.9938804895608351,17,0,2015-07-30,2026-07-23,0,,,
Factset_Sales_Surprise,COF,2025-05-19,296,296,1.0,0,0,2025-05-19,2026-07-23,0,,,
Factset_Sales_Surprise,BNP,2014-01-02,3157,3157,1.0,0,0,2014-01-02,2026-07-23,0,,,
Factset_Sales_Surprise,MUV2,2014-01-02,3157,3028,0.9591384225530567,66,0,2014-01-02,2026-07-23,0,,,
Factset_Sales_Surprise,RTX,2014-01-02,3157,3157,1.0,0,0,2014-01-02,2026-07-23,0,,,
Factset_Sales_Surprise,EMR,2014-01-02,3157,3157,1.0,0,0,2014-01-02,2026-07-23,0,,,
Factset_Sales_Surprise,AXON,2014-01-02,3157,3157,1.0,0,0,2014-01-02,2026-07-23,0,,,
Factset_Sales_Surprise,UBER,2019-05-10,1810,1796,0.9922651933701657,14,0,2019-05-31,2026-07-23,0,,,
Factset_Sales_Surprise,AIR,2014-01-02,3157,3157,1.0,0,0,2014-01-02,2026-07-23,0,,,
Factset_Sales_Surprise,SAF,2014-01-02,3157,2619,0.8295850490972442,65,0,2014-01-02,2026-07-23,0,,,
Factset_Sales_Surprise,MRK,2014-01-02,3157,3157,1.0,0,0,2014-01-02,2026-07-23,0,,,
Factset_Sales_Surprise,AMGN,2014-01-02,3157,3157,1.0,0,0,2014-01-02,2026-07-23,0,,,
Factset_Sales_Surprise,SYK,2014-01-02,3157,3157,1.0,0,0,2014-01-02,2026-07-23,0,,,
Factset_Sales_Surprise,MCK,2014-01-02,3157,3157,1.0,0,0,2014-01-02,2026-07-23,0,,,
Factset_Sales_Surprise,NOVN,2014-01-02,3157,3157,1.0,0,0,2014-01-02,2026-07-23,0,,,
Factset_Sales_Surprise,NKE,2014-01-02,3157,3157,1.0,0,0,2014-01-02,2026-07-23,0,,,
Factset_Sales_Surprise,ORLY,2014-01-02,3157,3157,1.0,0,0,2014-01-02,2026-07-23,0,,,
Factset_Sales_Surprise,DASH,2020-12-09,1410,1357,0.9624113475177305,53,0,2021-02-26,2026-07-23,0,,,
Factset_Sales_Surprise,CFR,2014-01-02,3157,2568,0.8134304719670573,163,0,2014-05-15,2026-07-23,0,,,
Factset_Sales_Surprise,TTD,2016-09-21,2472,2435,0.985032362459547,37,0,2016-11-11,2026-07-23,0,,,
Factset_Sales_Surprise,RBLX,2021-03-10,1349,1306,0.9681245366938473,43,0,2021-05-11,2026-07-23,0,,,
Factset_Sales_Surprise,9432,2014-01-07,3154,3154,1.0,0,0,2014-01-07,2026-07-23,0,,,
Factset_Sales_Surprise,9433,2014-01-07,3154,3093,0.9806594800253646,61,0,2014-01-07,2026-07-23,0,,,
Factset_Sales_Surprise,PEP,2014-01-02,3157,3157,1.0,0,0,2014-01-02,2026-07-23,0,,,
Factset_Sales_Surprise,MDLZ,2014-01-02,3157,3157,1.0,0,0,2014-01-02,2026-07-23,0,,,
Factset_Sales_Surprise,OR,2014-01-02,3157,3157,1.0,0,0,2014-01-02,2026-07-23,0,,,
Factset_Sales_Surprise,CVX,2014-01-02,3157,3157,1.0,0,0,2014-01-02,2026-07-23,0,,,
Factset_Sales_Surprise,TTE,2014-01-02,3157,3157,1.0,0,0,2014-01-02,2026-07-23,0,,,
Factset_Sales_Surprise,NEM,2014-01-02,3157,3157,1.0,0,0,2014-01-02,2026-07-23,0,,,
Factset_Sales_Surprise,SHW,2014-01-02,3157,3157,1.0,0,0,2014-01-02,2026-07-23,0,,,
Factset_Sales_Surprise,SO,2014-01-02,3157,3157,1.0,0,0,2014-01-02,2026-07-23,0,,,
Earnings_Timeline,AAPL,2014-01-02,3157,3157,1.0,0,0,2014-01-02,2026-07-23,0,,,
Earnings_Timeline,MSFT,2014-01-02,3157,3157,1.0,0,0,2014-01-02,2026-07-23,0,,,
Earnings_Timeline,GOOGL,2014-01-02,3157,3157,1.0,0,0,2014-01-02,2026-07-23,0,,,
Earnings_Timeline,AMZN,2014-01-02,3157,3157,1.0,0,0,2014-01-02,2026-07-23,0,,,
Earnings_Timeline,META,2014-01-02,3157,3157,1.0,0,0,2014-01-02,2026-07-23,0,,,
Earnings_Timeline,NVDA,2014-01-02,3157,3157,1.0,0,0,2014-01-02,2026-07-23,0,,,
Earnings_Timeline,TSLA,2014-01-02,3157,3157,1.0,0,0,2014-01-02,2026-07-23,0,,,
Earnings_Timeline,PLTR,2020-09-30,1459,1459,1.0,0,0,2020-09-30,2026-07-23,0,,,
Earnings_Timeline,AVGO,2014-01-02,3157,3157,1.0,0,0,2014-01-02,2026-07-23,0,,,
Earnings_Timeline,MU,2014-01-02,3157,3157,1.0,0,0,2014-01-02,2026-07-23,0,,,
Earnings_Timeline,GEV,2024-04-02,579,579,1.0,0,0,2024-04-02,2026-07-23,0,,,
Earnings_Timeline,VRT,2018-08-01,2004,2004,1.0,0,0,2018-08-01,2026-07-23,0,,,
Earnings_Timeline,BE,2018-07-25,2009,2009,1.0,0,0,2018-07-25,2026-07-23,0,,,
Earnings_Timeline,LITE,2015-07-27,2764,2764,1.0,0,0,2015-07-27,2026-07-23,0,,,
Earnings_Timeline,000660,2014-01-02,3157,3157,1.0,0,0,2014-01-02,2026-07-23,0,,,
Earnings_Timeline,005930,2014-01-02,3157,3157,1.0,0,0,2014-01-02,2026-07-23,0,,,
Earnings_Timeline,UNH,2014-01-02,3157,3157,1.0,0,0,2014-01-02,2026-07-23,0,,,
Earnings_Timeline,LLY,2014-01-02,3157,3157,1.0,0,0,2014-01-02,2026-07-23,0,,,
Earnings_Timeline,ISRG,2014-01-02,3157,3157,1.0,0,0,2014-01-02,2026-07-23,0,,,
Earnings_Timeline,ABBV,2014-01-02,3157,3157,1.0,0,0,2014-01-02,2026-07-23,0,,,
Earnings_Timeline,REGN,2014-01-02,3157,3157,1.0,0,0,2014-01-02,2026-07-23,0,,,
Earnings_Timeline,JPM,2014-01-02,3157,3157,1.0,0,0,2014-01-02,2026-07-23,0,,,
Earnings_Timeline,V,2014-01-02,3157,3157,1.0,0,0,2014-01-02,2026-07-23,0,,,
Earnings_Timeline,MA,2014-01-02,3157,3157,1.0,0,0,2014-01-02,2026-07-23,0,,,
Earnings_Timeline,BLK,2014-01-02,3157,3157,1.0,0,0,2014-01-02,2026-07-23,0,,,
Earnings_Timeline,SPGI,2014-01-02,3157,3157,1.0,0,0,2014-01-02,2026-07-23,0,,,
Earnings_Timeline,GS,2014-01-02,3157,3157,1.0,0,0,2014-01-02,2026-07-23,0,,,
Earnings_Timeline,COST,2014-01-02,3157,3157,1.0,0,0,2014-01-02,2026-07-23,0,,,
Earnings_Timeline,HD,2014-01-02,3157,3157,1.0,0,0,2014-01-02,2026-07-23,0,,,
Earnings_Timeline,PG,2014-01-02,3157,3157,1.0,0,0,2014-01-02,2026-07-23,0,,,
Earnings_Timeline,MCD,2014-01-02,3157,3157,1.0,0,0,2014-01-02,2026-07-23,0,,,
Earnings_Timeline,WMT,2014-01-02,3157,3157,1.0,0,0,2014-01-02,2026-07-23,0,,,
Earnings_Timeline,CAT,2014-01-02,3157,3157,1.0,0,0,2014-01-02,2026-07-23,0,,,
Earnings_Timeline,HON,2014-01-02,3157,3157,1.0,0,0,2014-01-02,2026-07-23,0,,,
Earnings_Timeline,DE,2014-01-02,3157,3157,1.0,0,0,2014-01-02,2026-07-23,0,,,
Earnings_Timeline,UNP,2014-01-02,3157,3157,1.0,0,0,2014-01-02,2026-07-23,0,,,
Earnings_Timeline,LMT,2014-01-02,3157,3157,1.0,0,0,2014-01-02,2026-07-23,0,,,
Earnings_Timeline,ETN,2014-01-02,3157,3157,1.0,0,0,2014-01-02,2026-07-23,0,,,
Earnings_Timeline,XOM,2014-01-02,3157,3157,1.0,0,0,2014-01-02,2026-07-23,0,,,
Earnings_Timeline,LNG,2014-01-02,3157,3157,1.0,0,0,2014-01-02,2026-07-23,0,,,
Earnings_Timeline,FCX,2014-01-02,3157,3157,1.0,0,0,2014-01-02,2026-07-23,0,,,
Earnings_Timeline,LIN,2014-01-02,3157,3157,1.0,0,0,2014-01-02,2026-07-23,0,,,
Earnings_Timeline,NEE,2014-01-02,3157,3157,1.0,0,0,2014-01-02,2026-07-23,0,,,
Earnings_Timeline,AMT,2014-01-02,3157,3157,1.0,0,0,2014-01-02,2026-07-23,0,,,
Earnings_Timeline,EQIX,2014-01-02,3157,3157,1.0,0,0,2014-01-02,2026-07-23,0,,,
Earnings_Timeline,TMUS,2014-01-02,3157,3157,1.0,0,0,2014-01-02,2026-07-23,0,,,
Earnings_Timeline,PLD,2014-01-02,3157,3157,1.0,0,0,2014-01-02,2026-07-23,0,,,
Earnings_Timeline,AMD,2014-01-02,3157,3157,1.0,0,0,2014-01-02,2026-07-23,0,,,
Earnings_Timeline,CRM,2014-01-02,3157,3157,1.0,0,0,2014-01-02,2026-07-23,0,,,
Earnings_Timeline,NFLX,2014-01-02,3157,3157,1.0,0,0,2014-01-02,2026-07-23,0,,,
Earnings_Timeline,TER,2014-01-02,3157,3157,1.0,0,0,2014-01-02,2026-07-23,0,,,
Earnings_Timeline,GLW,2014-01-02,3157,3157,1.0,0,0,2014-01-02,2026-07-23,0,,,
Earnings_Timeline,JNJ,2014-01-02,3157,3157,1.0,0,0,2014-01-02,2026-07-23,0,,,
Earnings_Timeline,WFC,2014-01-02,3157,3157,1.0,0,0,2014-01-02,2026-07-23,0,,,
Earnings_Timeline,MPC,2014-01-02,3157,3157,1.0,0,0,2014-01-02,2026-07-23,0,,,
Earnings_Timeline,LRCX,2014-01-02,3157,3157,1.0,0,0,2014-01-02,2026-07-23,0,,,
Earnings_Timeline,AMAT,2014-01-02,3157,3157,1.0,0,0,2014-01-02,2026-07-23,0,,,
Earnings_Timeline,PANW,2014-01-02,3157,3157,1.0,0,0,2014-01-02,2026-07-23,0,,,
Earnings_Timeline,FN,2014-01-02,3157,3157,1.0,0,0,2014-01-02,2026-07-23,0,,,
Earnings_Timeline,MPWR,2014-01-02,3157,3157,1.0,0,0,2014-01-02,2026-07-23,0,,,
Earnings_Timeline,BAC,2014-01-02,3157,3157,1.0,0,0,2014-01-02,2026-07-23,0,,,
Earnings_Timeline,CSCO,2014-01-02,3157,3157,1.0,0,0,2014-01-02,2026-07-23,0,,,
Earnings_Timeline,INTC,2014-01-02,3157,3157,1.0,0,0,2014-01-02,2026-07-23,0,,,
Earnings_Timeline,ORCL,2014-01-02,3157,3157,1.0,0,0,2014-01-02,2026-07-23,0,,,
Earnings_Timeline,TSM,2014-01-02,3157,3157,1.0,0,0,2014-01-02,2026-07-23,0,,,
Earnings_Timeline,SNDK,2025-02-24,355,355,1.0,0,0,2025-02-24,2026-07-23,0,,,
Earnings_Timeline,KLAC,2014-01-02,3157,3157,1.0,0,0,2014-01-02,2026-07-23,0,,,
Earnings_Timeline,ANET,2014-06-06,3050,3050,1.0,0,0,2014-06-06,2026-07-23,0,,,
Earnings_Timeline,MRVL,2014-01-02,3157,3157,1.0,0,0,2014-01-02,2026-07-23,0,,,
Earnings_Timeline,CDNS,2014-01-02,3157,3157,1.0,0,0,2014-01-02,2026-07-23,0,,,
Earnings_Timeline,STX,2014-01-02,3157,3157,1.0,0,0,2014-01-02,2026-07-23,0,,,
Earnings_Timeline,PWR,2014-01-02,3157,3157,1.0,0,0,2014-01-02,2026-07-23,0,,,
Earnings_Timeline,BX,2014-01-02,3157,3157,1.0,0,0,2014-01-02,2026-07-23,0,,,
Earnings_Timeline,TMO,2014-01-02,3157,3157,1.0,0,0,2014-01-02,2026-07-23,0,,,
Earnings_Timeline,BSX,2014-01-02,3157,3157,1.0,0,0,2014-01-02,2026-07-23,0,,,
Earnings_Timeline,BKNG,2014-01-02,3157,3157,1.0,0,0,2014-01-02,2026-07-23,0,,,
Earnings_Timeline,PM,2014-01-02,3157,3157,1.0,0,0,2014-01-02,2026-07-23,0,,,
Earnings_Timeline,WMB,2014-01-02,3157,3157,1.0,0,0,2014-01-02,2026-07-23,0,,,
Earnings_Timeline,CEG,2022-02-02,1121,1121,1.0,0,0,2022-02-02,2026-07-23,0,,,
Earnings_Timeline,VST,2016-10-05,2462,2462,1.0,0,0,2016-10-05,2026-07-23,0,,,
Earnings_Timeline,DLR,2014-01-02,3157,3157,1.0,0,0,2014-01-02,2026-07-23,0,,,
Earnings_Timeline,ARM,2023-09-14,716,716,1.0,0,0,2023-09-14,2026-07-23,0,,,
Earnings_Timeline,SPOT,2018-04-03,2088,2088,1.0,0,0,2018-04-03,2026-07-23,0,,,
Earnings_Timeline,RACE,2015-10-21,2703,2703,1.0,0,0,2015-10-21,2026-07-23,0,,,
Earnings_Timeline,285A,2024-12-18,398,398,1.0,0,0,2024-12-18,2026-07-23,0,,,
Earnings_Timeline,6857,2014-01-07,3154,3154,1.0,0,0,2014-01-07,2026-07-23,0,,,
Earnings_Timeline,SU,2014-01-02,3157,3157,1.0,0,0,2014-01-02,2026-07-23,0,,,
Earnings_Timeline,SIE,2014-01-02,3157,3157,1.0,0,0,2014-01-02,2026-07-23,0,,,
Earnings_Timeline,RHM,2014-01-02,3157,3157,1.0,0,0,2014-01-02,2026-07-23,0,,,
Earnings_Timeline,ALV,2014-01-02,3157,3157,1.0,0,0,2014-01-02,2026-07-23,0,,,
Earnings_Timeline,MC,2014-01-02,3157,3157,1.0,0,0,2014-01-02,2026-07-23,0,,,
Earnings_Timeline,NESN,2014-01-02,3157,3157,1.0,0,0,2014-01-02,2026-07-23,0,,,
Earnings_Timeline,RR/,2014-01-02,3157,3157,1.0,0,0,2014-01-02,2026-07-23,0,,,
Earnings_Timeline,SAP,2014-01-02,3157,3157,1.0,0,0,2014-01-02,2026-07-23,0,,,
Earnings_Timeline,ASML,2014-01-02,3157,3157,1.0,0,0,2014-01-02,2026-07-23,0,,,
Earnings_Timeline,AZN,2014-01-02,3157,3157,1.0,0,0,2014-01-02,2026-07-23,0,,,
Earnings_Timeline,SHEL,2014-01-02,3157,3157,1.0,0,0,2014-01-02,2026-07-23,0,,,
Earnings_Timeline,HSBA,2014-01-02,3157,3157,1.0,0,0,2014-01-02,2026-07-23,0,,,
Earnings_Timeline,NOVOB,2014-01-02,3157,3157,1.0,0,0,2014-01-02,2026-07-23,0,,,
Earnings_Timeline,RIO,2014-01-02,3157,3157,1.0,0,0,2014-01-02,2026-07-23,0,,,
Earnings_Timeline,QCOM,2014-01-02,3157,3157,1.0,0,0,2014-01-02,2026-07-23,0,,,
Earnings_Timeline,TXN,2014-01-02,3157,3157,1.0,0,0,2014-01-02,2026-07-23,0,,,
Earnings_Timeline,ADBE,2014-01-02,3157,3157,1.0,0,0,2014-01-02,2026-07-23,0,,,
Earnings_Timeline,NOW,2014-01-02,3157,3157,1.0,0,0,2014-01-02,2026-07-23,0,,,
Earnings_Timeline,ACN,2014-01-02,3157,3157,1.0,0,0,2014-01-02,2026-07-23,0,,,
Earnings_Timeline,IBM,2014-01-02,3157,3157,1.0,0,0,2014-01-02,2026-07-23,0,,,
Earnings_Timeline,ADI,2014-01-02,3157,3157,1.0,0,0,2014-01-02,2026-07-23,0,,,
Earnings_Timeline,DELL,2018-12-28,1901,1901,1.0,0,0,2018-12-28,2026-07-23,0,,,
Earnings_Timeline,8035,2014-01-07,3154,3154,1.0,0,0,2014-01-07,2026-07-23,0,,,
Earnings_Timeline,IFX,2014-01-02,3157,3157,1.0,0,0,2014-01-02,2026-07-23,0,,,
Earnings_Timeline,MS,2014-01-02,3157,3157,1.0,0,0,2014-01-02,2026-07-23,0,,,
Earnings_Timeline,SCHW,2014-01-02,3157,3157,1.0,0,0,2014-01-02,2026-07-23,0,,,
Earnings_Timeline,AXP,2014-01-02,3157,3157,1.0,0,0,2014-01-02,2026-07-23,0,,,
Earnings_Timeline,PGR,2014-01-02,3157,3157,1.0,0,0,2014-01-02,2026-07-23,0,,,
Earnings_Timeline,AON,2014-01-02,3157,3157,1.0,0,0,2014-01-02,2026-07-23,0,,,
Earnings_Timeline,CME,2014-01-02,3157,3157,1.0,0,0,2014-01-02,2026-07-23,0,,,
Earnings_Timeline,KKR,2014-01-02,3157,3157,1.0,0,0,2014-01-02,2026-07-23,0,,,
Earnings_Timeline,BN,2022-12-12,905,905,1.0,0,0,2022-12-12,2026-07-23,0,,,
Earnings_Timeline,C,2014-01-02,3157,3157,1.0,0,0,2014-01-02,2026-07-23,0,,,
Earnings_Timeline,LSEG,2014-01-02,3157,3157,1.0,0,0,2014-01-02,2026-07-23,0,,,
Earnings_Timeline,ZURN,2014-01-02,3157,3157,1.0,0,0,2014-01-02,2026-07-23,0,,,
Earnings_Timeline,CS,2014-01-02,3157,3157,1.0,0,0,2014-01-02,2026-07-23,0,,,
Earnings_Timeline,8306,2014-01-07,3154,3154,1.0,0,0,2014-01-07,2026-07-23,0,,,
Earnings_Timeline,DIS,2014-01-02,3157,3157,1.0,0,0,2014-01-02,2026-07-23,0,,,
Earnings_Timeline,CMCSA,2014-01-02,3157,3157,1.0,0,0,2014-01-02,2026-07-23,0,,,
Earnings_Timeline,VZ,2014-01-02,3157,3157,1.0,0,0,2014-01-02,2026-07-23,0,,,
Earnings_Timeline,T,2014-01-02,3157,3157,1.0,0,0,2014-01-02,2026-07-23,0,,,
Earnings_Timeline,TTWO,2014-01-02,3157,3157,1.0,0,0,2014-01-02,2026-07-23,0,,,
Earnings_Timeline,PUB,2014-01-02,3157,3157,1.0,0,0,2014-01-02,2026-07-23,0,,,
Earnings_Timeline,7974,2014-01-07,3154,3154,1.0,0,0,2014-01-07,2026-07-23,0,,,
Earnings_Timeline,DTE,2014-01-02,3157,3157,1.0,0,0,2014-01-02,2026-07-23,0,,,
Earnings_Timeline,UMG,2021-09-21,1214,1214,1.0,0,0,2021-09-21,2026-07-23,0,,,
Earnings_Timeline,LOW,2014-01-02,3157,3157,1.0,0,0,2014-01-02,2026-07-23,0,,,
Earnings_Timeline,TJX,2014-01-02,3157,3157,1.0,0,0,2014-01-02,2026-07-23,0,,,
Earnings_Timeline,SBUX,2014-01-02,3157,3157,1.0,0,0,2014-01-02,2026-07-23,0,,,
Earnings_Timeline,ABNB,2020-12-10,1409,1409,1.0,0,0,2020-12-10,2026-07-23,0,,,
Earnings_Timeline,7203,2014-01-07,3154,3154,1.0,0,0,2014-01-07,2026-07-23,0,,,
Earnings_Timeline,ITX,2014-01-02,3157,3157,1.0,0,0,2014-01-02,2026-07-23,0,,,
Earnings_Timeline,ABT,2014-01-02,3157,3157,1.0,0,0,2014-01-02,2026-07-23,0,,,
Earnings_Timeline,DHR,2014-01-02,3157,3157,1.0,0,0,2014-01-02,2026-07-23,0,,,
Earnings_Timeline,VRTX,2014-01-02,3157,3157,1.0,0,0,2014-01-02,2026-07-23,0,,,
Earnings_Timeline,SAN,2014-01-02,3157,3157,1.0,0,0,2014-01-02,2026-07-23,0,,,
Earnings_Timeline,GE,2024-04-02,579,579,1.0,0,0,2024-04-02,2026-07-23,0,,,
Earnings_Timeline,TT,2020-03-02,1607,1607,1.0,0,0,2020-03-02,2026-07-23,0,,,
Earnings_Timeline,ABBN,2014-01-02,3157,3157,1.0,0,0,2014-01-02,2026-07-23,0,,,
Earnings_Timeline,KO,2014-01-02,3157,3157,1.0,0,0,2014-01-02,2026-07-23,0,,,
Earnings_Timeline,ULVR,2014-01-02,3157,3157,1.0,0,0,2014-01-02,2026-07-23,0,,,
Earnings_Timeline,ECL,2014-01-02,3157,3157,1.0,0,0,2014-01-02,2026-07-23,0,,,
Earnings_Timeline,AI,2014-01-02,3157,3157,1.0,0,0,2014-01-02,2026-07-23,0,,,
Earnings_Timeline,IBE,2014-01-02,3157,3157,1.0,0,0,2014-01-02,2026-07-23,0,,,
Earnings_Timeline,INTU,2014-01-02,3157,3157,1.0,0,0,2014-01-02,2026-07-23,0,,,
Earnings_Timeline,SNPS,2014-01-02,3157,3157,1.0,0,0,2014-01-02,2026-07-23,0,,,
Earnings_Timeline,APH,2014-01-02,3157,3157,1.0,0,0,2014-01-02,2026-07-23,0,,,
Earnings_Timeline,MSI,2014-01-02,3157,3157,1.0,0,0,2014-01-02,2026-07-23,0,,,
Earnings_Timeline,CRWD,2019-06-12,1788,1788,1.0,0,0,2019-06-12,2026-07-23,0,,,
Earnings_Timeline,NXPI,2014-01-02,3157,3157,1.0,0,0,2014-01-02,2026-07-23,0,,,
Earnings_Timeline,KEYS,2014-10-21,2955,2955,1.0,0,0,2014-10-21,2026-07-23,0,,,
Earnings_Timeline,ADSK,2014-01-02,3157,3157,1.0,0,0,2014-01-02,2026-07-23,0,,,
Earnings_Timeline,WDAY,2014-01-02,3157,3157,1.0,0,0,2014-01-02,2026-07-23,0,,,
Earnings_Timeline,WDC,2025-02-24,355,355,1.0,0,0,2025-02-24,2026-07-23,0,,,
Earnings_Timeline,DDOG,2019-09-19,1719,1719,1.0,0,0,2019-09-19,2026-07-23,0,,,
Earnings_Timeline,FTNT,2014-01-02,3157,3157,1.0,0,0,2014-01-02,2026-07-23,0,,,
Earnings_Timeline,DSY,2014-01-02,3157,3157,1.0,0,0,2014-01-02,2026-07-23,0,,,
Earnings_Timeline,6146,2014-01-07,3154,3154,1.0,0,0,2014-01-07,2026-07-23,0,,,
Earnings_Timeline,6981,2014-01-07,3154,3154,1.0,0,0,2014-01-07,2026-07-23,0,,,
Earnings_Timeline,BRK/B,2014-01-02,3157,3157,1.0,0,0,2014-01-02,2026-07-23,0,,,
Earnings_Timeline,CB,2014-01-02,3157,3157,1.0,0,0,2014-01-02,2026-07-23,0,,,
Earnings_Timeline,ICE,2014-01-02,3157,3157,1.0,0,0,2014-01-02,2026-07-23,0,,,
Earnings_Timeline,MCO,2014-01-02,3157,3157,1.0,0,0,2014-01-02,2026-07-23,0,,,
Earnings_Timeline,PYPL,2015-07-07,2778,2778,1.0,0,0,2015-07-07,2026-07-23,0,,,
Earnings_Timeline,COF,2025-05-19,296,296,1.0,0,0,2025-05-19,2026-07-23,0,,,
Earnings_Timeline,BNP,2014-01-02,3157,3157,1.0,0,0,2014-01-02,2026-07-23,0,,,
Earnings_Timeline,MUV2,2014-01-02,3157,3157,1.0,0,0,2014-01-02,2026-07-23,0,,,
Earnings_Timeline,RTX,2014-01-02,3157,3157,1.0,0,0,2014-01-02,2026-07-23,0,,,
Earnings_Timeline,EMR,2014-01-02,3157,3157,1.0,0,0,2014-01-02,2026-07-23,0,,,
Earnings_Timeline,AXON,2014-01-02,3157,3157,1.0,0,0,2014-01-02,2026-07-23,0,,,
Earnings_Timeline,UBER,2019-05-10,1810,1810,1.0,0,0,2019-05-10,2026-07-23,0,,,
Earnings_Timeline,AIR,2014-01-02,3157,3157,1.0,0,0,2014-01-02,2026-07-23,0,,,
Earnings_Timeline,SAF,2014-01-02,3157,3157,1.0,0,0,2014-01-02,2026-07-23,0,,,
Earnings_Timeline,MRK,2014-01-02,3157,3157,1.0,0,0,2014-01-02,2026-07-23,0,,,
Earnings_Timeline,AMGN,2014-01-02,3157,3157,1.0,0,0,2014-01-02,2026-07-23,0,,,
Earnings_Timeline,SYK,2014-01-02,3157,3157,1.0,0,0,2014-01-02,2026-07-23,0,,,
Earnings_Timeline,MCK,2014-01-02,3157,3157,1.0,0,0,2014-01-02,2026-07-23,0,,,
Earnings_Timeline,NOVN,2014-01-02,3157,3157,1.0,0,0,2014-01-02,2026-07-23,0,,,
Earnings_Timeline,NKE,2014-01-02,3157,3157,1.0,0,0,2014-01-02,2026-07-23,0,,,
Earnings_Timeline,ORLY,2014-01-02,3157,3157,1.0,0,0,2014-01-02,2026-07-23,0,,,
Earnings_Timeline,DASH,2020-12-09,1410,1410,1.0,0,0,2020-12-09,2026-07-23,0,,,
Earnings_Timeline,CFR,2014-01-02,3157,3157,1.0,0,0,2014-01-02,2026-07-23,0,,,
Earnings_Timeline,TTD,2016-09-21,2472,2472,1.0,0,0,2016-09-21,2026-07-23,0,,,
Earnings_Timeline,RBLX,2021-03-10,1349,1349,1.0,0,0,2021-03-10,2026-07-23,0,,,
Earnings_Timeline,9432,2014-01-07,3154,3154,1.0,0,0,2014-01-07,2026-07-23,0,,,
Earnings_Timeline,9433,2014-01-07,3154,3154,1.0,0,0,2014-01-07,2026-07-23,0,,,
Earnings_Timeline,PEP,2014-01-02,3157,3157,1.0,0,0,2014-01-02,2026-07-23,0,,,
Earnings_Timeline,MDLZ,2014-01-02,3157,3157,1.0,0,0,2014-01-02,2026-07-23,0,,,
Earnings_Timeline,OR,2014-01-02,3157,3157,1.0,0,0,2014-01-02,2026-07-23,0,,,
Earnings_Timeline,CVX,2014-01-02,3157,3157,1.0,0,0,2014-01-02,2026-07-23,0,,,
Earnings_Timeline,TTE,2014-01-02,3157,3157,1.0,0,0,2014-01-02,2026-07-23,0,,,
Earnings_Timeline,NEM,2014-01-02,3157,3157,1.0,0,0,2014-01-02,2026-07-23,0,,,
Earnings_Timeline,SHW,2014-01-02,3157,3157,1.0,0,0,2014-01-02,2026-07-23,0,,,
Earnings_Timeline,SO,2014-01-02,3157,3157,1.0,0,0,2014-01-02,2026-07-23,0,,,
