date,portfolio_ret,benchmark_ret,sp500_ret,portfolio_cum,benchmark_cum,sp500_cum,drawdown,portfolio_local_gross_ret,portfolio_fx_effect,portfolio_usd_gross_ret,benchmark_local_ret,benchmark_fx_effect,benchmark_usd_gross_ret,active_local_gross_ret,active_fx_effect,active_usd_gross_ret
2019-01-29,-0.0014563947868532602,-0.001419026854906015,-0.001456209694195909,0.9985436052131468,0.998580973145094,0.9985437903058041,0.0,-0.0010466686,-0.0003723582,-0.0014190269,-0.0010466686,-0.0003723582,-0.0014190269,0.0,0.0,0.0
2019-01-30,0.016711906964113933,0.01706578447208285,0.01554924242424249,1.0152311730430799,1.015622540810711,1.014070389772491,0.0,0.016069622,0.000642285,0.016711907,0.0164194307,0.0006463538,0.0170657845,-0.0003498087,-4.0688e-06,-0.0003538775
2019-01-31,0.010246081032283744,0.009422729129433875,0.008597377892989533,1.0256333139085798,1.0251924769105178,1.0227887361234562,0.0,0.0104237857,-0.0001777047,0.010246081,0.0096015471,-0.000178818,0.0094227291,0.0008222386,1.1133e-06,0.0008233519
2019-02-01,0.0019403210350420917,0.001110800344274159,0.000898635405495396,1.0276233718017966,1.0263312610668174,1.0237078502940786,0.0,0.002281959,-0.000341638,0.001940321,0.0014547114,-0.000343911,0.0011108003,0.0008272477,2.273e-06,0.0008295207
2019-02-04,0.005790225237385109,0.00590935216167971,0.006776204217207926,1.0335735425837302,1.032396213923002,1.0306447037464301,0.0,0.006258333,-0.0004681078,0.0057902252,0.0063809148,-0.0004715626,0.0059093522,-0.0001225817,3.4548e-06,-0.0001191269
2019-02-05,0.005891008204874309,0.006246834053155991,0.004708481505539597,1.0396623328034318,1.0388454217484857,1.0354974752728026,0.0,0.0065250763,-0.0006340681,0.0058910082,0.0068840262,-0.0006371922,0.0062468341,-0.0003589499,3.124e-06,-0.0003558258
2019-02-06,-0.0019816722466525073,-0.0028936901319327885,-0.002224495014062744,1.0376020628126252,1.0358393250029687,1.0331940163019837,-0.001981672246652466,-0.0015072456,-0.0004744266,-0.0019816722,-0.0024161177,-0.0004775725,-0.0028936901,0.0009088721,3.1458e-06,0.0009120179
2019-02-07,-0.011528859091398407,-0.010781259557197378,-0.009357119061652264,1.0256396948375142,1.0246716723805596,1.0235262968776593,-0.013487684917953935,-0.0114110031,-0.000117856,-0.0115288591,-0.0106627979,-0.0001184617,-0.0107812596,-0.0007482053,6.057e-07,-0.0007475995
2019-02-08,7.484976466000139e-05,1.5638606393346034e-05,0.0006762624489569102,1.0257164637272989,1.0246876968175265,1.0242184692777576,-0.013413844703335731,0.0001430535,-6.82037e-05,7.48498e-05,8.42836e-05,-6.86449e-05,1.56386e-05,5.877e-05,4.412e-07,5.92112e-05
2019-02-11,0.0007028796553010337,0.0005846779679909771,0.0007090417596054,1.02643741896176,1.025286809137927,1.0249446829434348,-0.012720393366576044,0.001670455,-0.0009675753,0.0007028797,0.0015588082,-0.0009741302,0.000584678,0.0001116468,6.5549e-06,0.0001182017
2019-02-12,0.013058906403376116,0.012985815749857164,0.01289025020296686,1.0398415691449046,1.0386009947321513,1.0381564763507762,0.0,0.0126907103,0.0003681961,0.0130589064,0.0126153283,0.0003704875,0.0129858157,7.5382e-05,-2.2913e-06,7.30907e-05
2019-02-13,0.0018271772699663992,0.0015003560736437395,0.003023976857468691,1.0417415440244124,1.0401592660426902,1.0412958375096921,0.0,0.0026906479,-0.0008634706,0.0018271773,0.002370871,-0.0008705149,0.0015003561,0.0003197769,7.0443e-06,0.0003268212
2019-02-14,-0.00014651215849677878,-0.0004081282195318718,-0.002651623847179319,1.0415889162222016,1.0397347476934107,1.0385347126349829,-0.00014651215849681432,-0.0005538271,0.000407315,-0.0001465122,-0.0008205926,0.0004124644,-0.0004081282,0.0002667655,-5.1494e-06,0.0002616161
2019-02-15,0.009423054692913671,0.009212797848110885,0.01087870985129635,1.0514038655472961,1.0493136137395667,1.0498326304442382,0.0,0.0091993327,0.000223722,0.0094230547,0.0089884415,0.0002243563,0.0092127978,0.0002108912,-6.343e-07,0.0002102568
2019-02-19,0.0023706095765800273,0.0024937500470837513,0.001498775039631139,1.053896333619816,1.0519303396132353,1.0514060933865383,0.0,0.0013626681,0.0010079415,0.0023706096,0.0014811155,0.0010126346,0.00249375,-0.0001184474,-4.6931e-06,-0.0001231405
2019-02-20,0.0034021760506409266,0.0030155094688598043,0.001777131838719637,1.0574818744859156,1.0551024455129199,1.0532745806305195,0.0,0.0034366755,-3.44994e-05,0.0034021761,0.0030510709,-3.55614e-05,0.0030155095,0.0003856046,1.062e-06,0.0003866666
2019-02-21,-0.0022379945843752653,-0.002008496504282517,-0.003526412180845262,1.0551152357777411,1.0529832759394473,1.0495603003196092,-0.002237994584375236,-0.0021926708,-4.53238e-05,-0.0022379946,-0.0019634515,-4.5045e-05,-0.0020084965,-0.0002292193,-2.788e-07,-0.0002294981
2019-02-22,0.00691387823904321,0.00645084032033968,0.006411088047050706,1.0624101740460679,1.0597759029125207,1.0562891238156473,0.0,0.0068621782,5.17001e-05,0.0069138782,0.0063989424,5.18979e-05,0.0064508403,0.0004632358,-1.979e-07,0.0004630379
2019-02-25,0.0025846906498429405,0.002264397419795921,0.001231796094776749,1.0651561756892227,1.0621756567326377,1.0575902566333186,0.0,0.0023378104,0.0002468802,0.0025846906,0.0020171248,0.0002472726,0.0022643974,0.0003206856,-3.924e-07,0.0003202932
2019-02-26,0.0007920232203086009,0.0009091238873303999,-0.0007903837831845228,1.0659998041136238,1.0631413059947143,1.0567543544452216,0.0,-0.0001126361,0.0009046593,0.0007920232,-1.9088e-06,0.0009110327,0.0009091239,-0.0001107273,-6.3734e-06,-0.0001171007
2019-02-27,-0.0017314040338079813,-0.0012939978025021358,-0.0005440423780378456,1.0641541277527429,1.061765603481008,1.0561794352932274,-0.001731404033808115,-0.0015592588,-0.0001721452,-0.001731404,-0.0011186282,-0.0001753696,-0.0012939978,-0.0004406306,3.2244e-06,-0.0004374062
2019-02-28,-0.0025733472799767533,-0.0025276017596365316,-0.002825546666284762,1.0614156896226143,1.0590818828733277,1.0531951510108362,-0.00430029580992386,-0.0023769675,-0.00015743,-0.0025343975,-0.0023689481,-0.0001586536,-0.0025276018,-8.0194e-06,1.2237e-06,-6.7958e-06
2019-03-01,0.005874843163140216,0.005949770703084077,0.006895338105003201,1.0676513403300434,1.0653831772322144,1.0604572876676057,0.0,0.0062816175,-0.0004067743,0.0058748432,0.0063612789,-0.0004115082,0.0059497707,-7.96614e-05,4.7339e-06,-7.49275e-05
2019-03-04,-0.0027819355754183455,-0.0022178872909175717,-0.003880600209010265,1.064681203084236,1.0630202774234738,1.0563420768954364,-0.0027819355754183928,-0.0025659176,-0.0002160179,-0.0027819356,-0.0019999719,-0.0002179154,-0.0022178873,-0.0005659457,1.8974e-06,-0.0005640483
2019-03-05,-0.00013759243885206913,9.821879472309426e-05,-0.001131476899610018,1.0645347110009038,1.0631246859938885,1.0551468502373431,-0.0029191452409699226,0.0003755179,-0.0005131103,-0.0001375924,0.0006181144,-0.0005198956,9.82188e-05,-0.0002425966,6.7854e-06,-0.0002358112
2019-03-06,-0.0052308218860272985,-0.0044646358682810675,-0.006524115928521645,1.0589663195361645,1.0583782213883453,1.0482629498647802,-0.008134697598182306,-0.0051610825,-6.97394e-05,-0.0052308219,-0.0043947799,-6.9856e-05,-0.0044646359,-0.0007663026,1.166e-07,-0.000766186
2019-03-07,-0.007659381149672575,-0.008068004691235586,-0.008125710368218741,1.050855292870171,1.0498392209330825,1.0397450687444443,-0.015731771998413024,-0.0062920547,-0.0013673265,-0.0076593811,-0.0066876418,-0.0013803629,-0.0080680047,0.0003955871,1.30365e-05,0.0004086235
2019-03-08,-0.00233093653256412,-0.0025838284993556573,-0.002131738530991911,1.0484058158775817,1.0471266164342943,1.0375286041189928,-0.018026038768903963,-0.0026101505,0.000279214,-0.0023309365,-0.0028700923,0.0002862638,-0.0025838285,0.0002599418,-7.0498e-06,0.000252892
2019-03-11,0.014139084985711124,0.01411936556283989,0.01466604935346161,1.0632293148077885,1.0619113799223099,1.05274504983263,-0.004141825477302241,0.0137369098,0.0004021752,0.014139085,0.0137166875,0.0004026781,0.0141193656,2.02223e-05,-5.029e-07,1.97194e-05
2019-03-12,0.004626230666518519,0.004395328330477944,0.002953328782380638,1.0681480588694938,1.0665788290949392,1.0558541520888096,0.0,0.0043882066,0.0002380241,0.0046262307,0.0041525093,0.000242819,0.0043953283,0.0002356973,-4.7949e-06,0.0002309023
2019-03-13,0.006218264754540825,0.006553892358258576,0.006949618845646821,1.0747900862965931,1.073569071932425,1.0631919360024205,0.0,0.0049642879,0.0012539769,0.0062182648,0.0052917023,0.0012621901,0.0065538924,-0.0003274144,-8.2132e-06,-0.0003356276
2019-03-14,0.0004979334371636871,0.00043276979364105126,-0.0008680432029370966,1.0753252602184924,1.0740336801981445,1.062269039468956,0.0,0.0011134673,-0.0006155339,0.0004979334,0.0010539284,-0.0006211586,0.0004327698,5.95389e-05,5.6247e-06,6.51636e-05
2019-03-15,0.006597406323077055,0.006866401507071161,0.004984902865607044,1.0824196178896224,1.0814084266785022,1.0675643474478504,0.0,0.0061751554,0.000422251,0.0065974063,0.006439797,0.0004266045,0.0068664015,-0.0002646417,-4.3535e-06,-0.0002689952
2019-03-18,0.0033409230886137084,0.0035541114175477702,0.003705960715399303,1.0860358985825982,1.0852518727147926,1.0715206989806532,0.0,0.0032620306,7.88925e-05,0.0033409231,0.0034733282,8.07832e-05,0.0035541114,-0.0002112976,-1.8907e-06,-0.0002131883
2019-03-19,0.0018152450586724452,0.0018032452288774677,-0.0001306063665308388,1.0880073198810412,1.087208847976396,1.0713807515554967,0.0,0.0015388642,0.0002763808,0.0018152451,0.0015239868,0.0002792585,0.0018032452,1.48775e-05,-2.8776e-06,1.19998e-05
2019-03-20,-0.0009832480410332006,-0.0008038562762001277,-0.002944322646924902,1.0869375388151383,1.0863348883204098,1.0682262609452124,-0.0009832480410332245,-0.0017152319,0.0007319839,-0.000983248,-0.0015483396,0.0007444833,-0.0008038563,-0.0001668923,-1.24995e-05,-0.0001793918
2019-03-21,0.011327365507189161,0.010454339825821696,0.01085251555291178,1.099249677600782,1.0976918024075575,1.079819203056149,0.0,0.011884171,-0.0005568055,0.0113273655,0.0110153078,-0.000560968,0.0104543398,0.0008688631,4.1625e-06,0.0008730257
2019-03-22,-0.018538730175795638,-0.017869866207915665,-0.01897452782603826,1.0788709844319109,1.0780761967610086,1.0593301435406697,-0.018538730175795548,-0.0184237873,-0.0001149428,-0.0185387302,-0.017752334,-0.0001175322,-0.0178698662,-0.0006714533,2.5894e-06,-0.000668864
2019-03-25,-0.0022825988602226013,-0.0016952919520691575,-0.0008390729493592541,1.0764083547525194,1.0762485428609223,1.0584412882727838,-0.020779012551648934,-0.0023109239,2.83251e-05,-0.0022825989,-0.0017245438,2.92518e-05,-0.001695292,-0.0005863801,-9.268e-07,-0.0005873069
2019-03-26,0.00640734061963584,0.006936651012556204,0.007182778484540853,1.0833052697272407,1.0837141034055207,1.0660438375853394,-0.014504810143171065,0.0069800748,-0.0005727341,0.0064073406,0.0075180684,-0.0005814174,0.006936651,-0.0005379936,8.6832e-06,-0.0005293104
2019-03-27,-0.0053193821674865326,-0.004924337778070534,-0.004644380264399728,1.0775427549935095,1.078377529105493,1.061092724625073,-0.019747035682239233,-0.0050803613,-0.0002390209,-0.0053193822,-0.0046837802,-0.0002405575,-0.0049243378,-0.0003965811,1.5367e-06,-0.0003950444
2019-03-28,0.002411577885621008,0.0019855055706444144,0.003589544338180151,1.0801413332722631,1.0805186536967895,1.064901564007035,-0.017383079311175886,0.0031140245,-0.0007024466,0.0024115779,0.0026907911,-0.0007052855,0.0019855056,0.0004232334,2.8389e-06,0.0004260723
2019-03-29,0.007248436871375557,0.006468004940190364,0.006734293751598397,1.0879706695386506,1.087507453686868,1.0720729239555948,-0.010260642592817448,0.0073587533,-7.85765e-05,0.0072801768,0.0065477828,-7.97778e-05,0.0064680049,0.0008109705,1.2013e-06,0.0008121718
2019-04-01,0.01165699399048684,0.010902043177516764,0.01156858594411525,1.1006531370952888,1.0993635069028338,1.084475291714734,0.0,0.0117522025,-9.52085e-05,0.011656994,0.0110032219,-0.0001011788,0.0109020432,0.0007489805,5.9703e-06,0.0007549508
2019-04-02,0.0014716722685125944,0.0015978120362732451,1.743867689252276e-05,1.1022729377944034,1.1011200831464028,1.0844942035289442,0.0,0.0014535898,1.80825e-05,0.0014716723,0.0015809323,1.68798e-05,0.001597812,-0.0001273425,1.2027e-06,-0.0001261398
2019-04-03,0.0038916912446361807,0.0037958669948719896,0.002148407527796881,1.1065626437356173,1.1052997885274087,1.0868241390396578,0.0,0.0036121636,0.0002795277,0.0038916912,0.0035094277,0.0002864393,0.003795867,0.0001027358,-6.9116e-06,9.58242e-05
2019-04-04,-0.0015038649395836831,4.64999459638786e-05,0.002084638407461537,1.1048985229722503,1.1053511849078492,1.0890897743820562,-0.0015038649395836545,-0.0010352655,-0.0004685994,-0.0015038649,0.0005233794,-0.0004768795,4.64999e-05,-0.001558645,8.2801e-06,-0.0015503649
2019-04-05,0.0037005195679112183,0.0035640984049786395,0.004636398681665099,1.1089872215770653,1.1092907653029207,1.0941392287762162,0.0,0.0038845878,-0.0001840682,0.0037005196,0.0037510299,-0.0001869315,0.0035640984,0.0001335579,2.8633e-06,0.0001364212
2019-04-08,0.0022071845976503928,0.002194500393533388,0.001047449822659585,1.1114349610915213,1.111725104323921,1.0952852847173626,0.0,0.0017493632,0.0004578214,0.0022071846,0.0017226393,0.0004718611,0.0021945004,2.67238e-05,-1.40396e-05,1.26842e-05
2019-04-09,-0.004254698125134406,-0.0038209814559168145,-0.006067470828139077,1.1067061408463563,1.107477223316222,1.0886396732038501,-0.0042546981251344596,-0.0042977578,4.30596e-05,-0.0042546981,-0.0038663968,4.54153e-05,-0.0038209815,-0.000431361,-2.3557e-06,-0.0004337167
2019-04-10,0.0032493607065471877,0.0028803778481821885,0.003477868112014448,1.1103022282941168,1.1106671761776286,1.0924258184087596,-0.0010191624674933397,0.0030891766,0.0001601841,0.0032493607,0.0027169267,0.0001634511,0.0028803778,0.0003722499,-3.267e-06,0.0003689829
2019-04-11,-0.00130778554222833,-0.0011318045451916765,3.808587325715429e-05,1.10885019109245,1.1094101180194356,1.0924674244000223,-0.0023256151637814915,-0.000870539,-0.0004372466,-0.0013077855,-0.000682982,-0.0004488225,-0.0011318045,-0.0001875569,1.1576e-05,-0.000175981
2019-04-12,0.004720668436189752,0.005057333307221133,0.006609378462220095,1.1140847051900031,1.1150207747606633,1.099687955065529,0.0,0.0043891349,0.0003315336,0.0047206684,0.0047168209,0.0003405124,0.0050573333,-0.0003276861,-8.9788e-06,-0.0003366649
2019-04-15,0.0011658080654824246,0.0010036504436498144,-0.0006294261903205811,1.1153835141249442,1.1161398658559307,1.0989957826654306,0.0,0.0010536886,0.0001121194,0.0011658081,0.0008902359,0.0001134145,0.0010036504,0.0001634527,-1.2951e-06,0.0001621576
2019-04-16,0.0024732779514108866,0.001988686097583893,0.000509364739569973,1.1181421675777967,1.1183595176901175,1.0995555723660566,0.0,0.0029763165,-0.0005030386,0.002473278,0.0025009212,-0.0005122351,0.0019886861,0.0004753953,9.1965e-06,0.0004845919
2019-04-17,-0.0001667322561781882,0.00014824440099975777,-0.002273774879087531,1.1179557372114686,1.1185253082269198,1.09705543052745,-0.00016673225617813703,-0.0001615216,-5.2107e-06,-0.0001667323,0.0001518864,-3.642e-06,0.0001482444,-0.000313408,-1.5686e-06,-0.0003149767
2019-04-18,0.0001483781264401094,0.0004443594954393127,0.001579065317450778,1.118121617389199,1.1190223355685196,1.098787752709117,-1.837886915778686e-05,0.0010033917,-0.0008550136,0.0001483781,0.0013196402,-0.0008752807,0.0004443595,-0.0003162484,2.0267e-05,-0.0002959814
2019-04-22,0.0024560536234324295,0.002065387380330196,0.001012037741434657,1.1208677840390258,1.1213335501787105,1.0998997673846849,0.0,0.0023148337,0.0001412199,0.0024560536,0.0019179902,0.0001473972,0.0020653874,0.0003968435,-6.1773e-06,0.0003906662
2019-04-23,0.007308050744603807,0.007985132966413337,0.008841219132246891,1.1290591426827745,1.130287547676588,1.1096242222516401,0.0,0.0078449796,-0.0005369289,0.0073080507,0.0085330664,-0.0005479334,0.007985133,-0.0006880867,1.10045e-05,-0.0006770822
2019-04-24,-0.0037923975417424828,-0.003292676550015215,-0.002191786425240649,1.1247773015655826,1.126565876373579,1.1071921629441908,-0.0037923975417423206,-0.0029504242,-0.0008419733,-0.0037923975,-0.0024283654,-0.0008643111,-0.0032926766,-0.0005220588,2.23378e-05,-0.000499721
2019-04-25,0.0020866232566285133,0.0022278066896973853,-0.0003689469638739062,1.1271242880415573,1.129075647369349,1.1067836677572476,-0.0017136875900227722,0.0022278856,-0.0001412623,0.0020866233,0.0023712347,-0.000143428,0.0022278067,-0.0001433491,2.1657e-06,-0.0001411834
2019-04-26,0.002401047425844545,0.003455091504329127,0.004685305365033532,1.1298305669119661,1.13297670704632,1.1119692872137221,0.0,0.0021669396,0.0002341078,0.0024010474,0.0032152651,0.0002398264,0.0034550915,-0.0010483255,-5.7185e-06,-0.0010540441
2019-04-29,0.003472255381111406,0.002368496687977134,0.001071472304992049,1.1337536271776705,1.1356601586245143,1.1131607315089733,0.0,0.003136676,0.0003355794,0.0034722554,0.0020247,0.0003437967,0.0023684967,0.001111976,-8.2173e-06,0.0011037587
2019-04-30,-0.0003857637781240972,0.00012470791171875382,0.0009514004274504551,1.1333162660949885,1.1358017844313186,1.114219793104752,-0.00038576377812415963,-0.00082911,0.0004766155,-0.0003524946,-0.0003617616,0.0004864695,0.0001247079,-0.0004673484,-9.8541e-06,-0.0004772025
2019-05-01,-0.005812176175597452,-0.005557503905024181,-0.007502130129708795,1.126729232293774,1.1294895615790082,1.105860771223783,-0.006195697826680946,-0.0057734656,-3.87106e-05,-0.0058121762,-0.005514514,-4.29899e-05,-0.0055575039,-0.0002589516,4.2794e-06,-0.0002546723
2019-05-02,-0.0018837279257486873,-0.0030002548772727067,-0.002123999138087362,1.124606780974145,1.126100805013052,1.1035119238988589,-0.008067754743414035,-0.0016045327,-0.0002791952,-0.0018837279,-0.0027080669,-0.0002921879,-0.0030002549,0.0011035342,1.29927e-05,0.001116527
2019-05-03,0.01003701656360305,0.009731212206833345,0.00963832295922562,1.1358944778623226,1.13705913091292,1.1141479282107525,0.0,0.009276572,0.0007604446,0.0100370166,0.0089402666,0.0007909456,0.0097312122,0.0003363054,-3.0501e-05,0.0003058044
2019-05-06,-0.00535884109939924,-0.004927638032012153,-0.004471014787957861,1.1298073998497733,1.131456115094787,1.1091665563477495,-0.005358841099399214,-0.0051807178,-0.0001781233,-0.0053588411,-0.0047481138,-0.0001795242,-0.004927638,-0.000432604,1.4009e-06,-0.0004312031
2019-05-07,-0.01654877114270517,-0.01577054873845102,-0.01651167786882712,1.1111104757543246,1.1136124312862663,1.090852355466459,-0.021818930007160287,-0.0165280355,-2.07357e-05,-0.0165487711,-0.0157531921,-1.73567e-05,-0.0157705487,-0.0007748434,-3.379e-06,-0.0007782224
2019-05-08,-0.0007661987271405353,-0.0009746970024237674,-0.001605381321405752,1.110259144322089,1.1125269965876297,1.0891011214705817,-0.022568411097901864,-0.0005549345,-0.0002112643,-0.0007661987,-0.0007592818,-0.0002154152,-0.000974697,0.0002043473,4.151e-06,0.0002084983
2019-05-09,-0.007431908370032502,-0.0050434965509439595,-0.003021441818144011,1.1020078000944966,1.106915970517508,1.085810465797983,-0.029832593104597516,-0.0078204262,0.0003885178,-0.0074319084,-0.00544881,0.0004053135,-0.0050434966,-0.0023716161,-1.67957e-05,-0.0023884118
2019-05-10,0.003037386859195488,0.003907746524850125,0.003720321034444529,1.1053550241052346,1.1112415175545989,1.0898500293133113,-0.02688581937167367,0.0028561038,0.000181283,0.0030373869,0.0037220872,0.0001856594,0.0039077465,-0.0008659833,-4.3764e-06,-0.0008703597
2019-05-13,-0.022834269680859696,-0.022284215908098398,-0.02413063094329149,1.0801150493917224,1.0864783716513693,1.0635512604724164,-0.04910617100240977,-0.0229084438,7.41741e-05,-0.0228342697,-0.022363023,7.88071e-05,-0.0222842159,-0.0005454209,-4.6329e-06,-0.0005500538
2019-05-14,0.009262643224777874,0.00833531090343698,0.008016017810211773,1.0901197697359513,1.0955345066689435,1.0720767063184364,-0.040298380719762106,0.0097497025,-0.0004870593,0.0092626432,0.0088397199,-0.000504409,0.0083353109,0.0009099826,1.73497e-05,0.0009273323
2019-05-15,0.008486173653517576,0.007776524436572785,0.00583895766667486,1.0993707154050631,1.1040539575311632,1.078336516822058,-0.03215418612298804,0.0086774441,-0.0001912705,0.0084861737,0.007973304,-0.0001967796,0.0077765244,0.0007041401,5.5091e-06,0.0007096492
2019-05-16,0.00890128402636887,0.009394218875316867,0.008895249319527565,1.109156526393156,1.1144256820583707,1.0879285889895411,-0.023539115639936603,0.0093940332,-0.0004927492,0.008901284,0.0099064945,-0.0005122756,0.0093942189,-0.0005124613,1.95264e-05,-0.0004929348
2019-05-17,-0.006619262722431152,-0.005456074696940383,-0.005837319908772343,1.1018147279446604,1.1083452922928714,1.08157800177771,-0.03000256677169344,-0.0061397525,-0.0004795102,-0.0066192627,-0.0049595953,-0.0004964794,-0.0054560747,-0.0011801571,1.69691e-05,-0.001163188
2019-05-20,-0.00897836443432513,-0.0078109065325083354,-0.006749360908960611,1.0919222337780665,1.0996881108090262,1.0742780414925197,-0.03871155722757702,-0.0091569672,0.0001786028,-0.0089783644,-0.0079945017,0.0001835952,-0.0078109065,-0.0011624655,-4.9924e-06,-0.0011674579
2019-05-21,0.006744030658873653,0.006504213970197407,0.008495790833841,1.0992861907997717,1.1068407175822101,1.0834048830304286,-0.03222859849749882,0.0070567133,-0.0003126827,0.0067440307,0.0068283242,-0.0003241102,0.006504214,0.0002283891,1.14276e-05,0.0002398167
2019-05-22,-0.0021485691945583975,-0.0013130033825673577,-0.002824365652362215,1.0969242983542158,1.1053874319760615,1.080344951491196,-0.034307922318141726,-0.002041961,-0.0001066082,-0.0021485692,-0.001202673,-0.0001103304,-0.0013130034,-0.000839288,3.7222e-06,-0.0008355658
2019-05-23,-0.010889870738456271,-0.010841677398354777,-0.01191413976969968,1.0849789345352665,1.0934031780383813,1.0674735707396406,-0.04482418421724854,-0.0115825202,0.0006926494,-0.0108898707,-0.0115594456,0.0007177682,-0.0108416774,-2.30746e-05,-2.51188e-05,-4.81933e-05
2019-05-24,0.0024794431731972443,0.0027646987579722283,0.001353534780883292,1.0876690781475626,1.0964261084466669,1.0689184333453103,-0.042455880061602946,0.0020036646,0.0004757786,0.0024794432,0.0022719729,0.0004927259,0.0027646988,-0.0002683083,-1.69473e-05,-0.0002852556
2019-05-28,-0.005944343158494032,-0.005975491751089754,-0.008375618352052028,1.0812035999041707,1.0898744232799644,1.0599655804981367,-0.04814785089991491,-0.005206335,-0.0007380081,-0.0059443432,-0.0052151348,-0.000760357,-0.0059754918,8.7997e-06,2.23488e-05,3.11486e-05
2019-05-29,-0.008146212357527693,-0.008406791531883496,-0.006911957293595838,1.072395885777628,1.080712076207518,1.052639143673052,-0.05590184063945336,-0.0077028175,-0.0004433949,-0.0081462124,-0.0079469836,-0.000459808,-0.0084067915,0.0002441661,1.64131e-05,0.0002605792
2019-05-30,0.0032214662364775217,0.0027244223523059945,0.002098439824363529,1.0758505729157979,1.0836563923443447,1.0548480435728194,-0.05286046029515279,0.0033165608,-2.5329e-05,0.0032912318,0.0027511683,-2.6746e-05,0.0027244224,0.0005653924,1.417e-06,0.0005668094
2019-05-31,-0.012090275060931346,-0.012044718066690673,-0.01319535580846665,1.0628432435647854,1.07060405661739,1.0409289483140112,-0.06431163785126826,-0.013074392,0.000984117,-0.0120902751,-0.0130682787,0.0010235607,-0.0120447181,-6.1133e-06,-3.94437e-05,-4.5557e-05
2019-06-03,-0.0030601821755439225,-0.003823604428407254,-0.002765201340087065,1.059590749615431,1.066510490205437,1.038050570191198,-0.0671750146989798,-0.0043042125,0.0012440303,-0.0030601822,-0.0050105493,0.0011869449,-0.0038236044,0.0007063368,5.70854e-05,0.0007634223
2019-06-04,0.01834616635207053,0.01769629090993368,0.02143234527865334,1.079030177772991,1.0853837700986084,1.0602984284282386,-0.05006125234127945,0.0181720471,0.0001741193,0.0183461664,0.0175150498,0.0001812411,0.0176962909,0.0006569973,-7.1219e-06,0.0006498754
2019-06-05,0.007589162359461809,0.007782452126555722,0.008161896642135735,1.087219112982869,1.0938307173283415,1.068952474610889,-0.04285201295375374,0.0079829142,-0.0003937519,0.0075891624,0.0082223617,-0.0004399095,0.0077824521,-0.0002394474,4.61577e-05,-0.0001932898
2019-06-06,0.0075686937295153045,0.007452909401075183,0.006135555437609463,1.0954479414659117,1.1019829385647026,1.0755110917790338,-0.035607652985978455,0.0069479894,0.0006207044,0.0075686937,0.0068200267,0.0006328827,0.0074529094,0.0001279626,-1.21783e-05,0.0001157843
2019-06-07,0.012661664325234231,0.012873751188094806,0.01049766308304245,1.1093181355865218,1.11616959272931,1.0868014448626053,-0.023396840810262276,0.0119204817,0.0007411826,0.0126616643,0.0120931322,0.0007806189,0.0128737512,-0.0001726505,-3.94364e-05,-0.0002120869
2019-06-10,0.005383107569646467,0.005063036895637421,0.004660081995169429,1.1152897144393437,1.1218208005590873,1.0918660287081337,-0.018139680951487436,0.0059393657,-0.0005562581,0.0053831076,0.0055964206,-0.0005333837,0.0050630369,0.0003429451,-2.28744e-05,0.0003200707
2019-06-11,0.0022031541249277233,0.0016635197195012225,-0.0003498768502769867,1.1177468695742,1.123686971582564,1.0914840100610848,-0.015976491339472876,0.0020164903,0.0001866638,0.0022031541,0.001512162,0.0001513578,0.0016635197,0.0005043284,3.5306e-05,0.0005396344
2019-06-12,-0.0037447131562681124,-0.003214782861738345,-0.002037619727485618,1.113561228166328,1.1200745619643615,1.0892599807099492,-0.019661377118431078,-0.0031720402,-0.000572673,-0.0037447132,-0.0026500337,-0.0005647491,-0.0032147829,-0.0005220065,-7.9238e-06,-0.0005299303
2019-06-13,0.002289751850411876,0.002625793673706149,0.004097449858325275,1.116111007049069,1.1230156466632468,1.0937231688635887,-0.01741664494265771,0.0023316122,-4.18604e-05,0.0022897519,0.0026666977,-4.0904e-05,0.0026257937,-0.0003350855,-9.563e-07,-0.0003360418
2019-06-14,-0.0027828776811535372,-0.0025572161392552082,-0.00161154223900617,1.1130050066378623,1.1201438529269634,1.0919605877791854,-0.020151054231319687,-0.0017015437,-0.001081334,-0.0027828777,-0.0014761688,-0.0010810473,-0.0025572161,-0.0002253748,-2.867e-07,-0.0002256615
2019-06-17,0.0018868401429622426,0.0018151693959519988,0.0009317695307899942,1.1151050691637046,1.1221771037678603,1.0929780433837015,-0.01830223590640412,0.0019993325,-0.0001124924,0.0018868401,0.0019161666,-0.0001009972,0.0018151694,8.31659e-05,-1.14952e-05,7.16707e-05
2019-06-18,0.011553277911634689,0.010659877726459772,0.009717372571954597,1.1279881879284255,1.1341393744814583,1.103598918244227,-0.006960408812600405,0.0116925017,-0.0001392238,0.0115532779,0.0108083121,-0.0001484344,0.0106598777,0.0008841897,9.2105e-06,0.0008934002
2019-06-19,0.004305632432103844,0.003996819399068454,0.002985176934281464,1.1328448904534,1.138672324734633,1.1068933562796677,-0.0026847453424209133,0.0032807653,0.0010248671,0.0043056324,0.003038595,0.0009582244,0.0039968194,0.0002421703,6.66427e-05,0.000308813
2019-06-20,0.010158974044833152,0.010187062093095538,0.009472195075278522,1.144353432292338,1.1502720504103943,1.1173780660778785,0.0,0.0084434084,0.0017155657,0.010158974,0.0085656101,0.001621452,0.0101870621,-0.0001222017,9.41137e-05,-2.8088e-05
2019-06-21,-0.0011939655083343112,-0.00078796034479635,-0.00125923268047301,1.142987113764837,1.1493656816489433,1.1159710271006296,-0.0011939655083342826,-0.0020702503,0.0008762848,-0.0011939655,-0.0016985863,0.000910626,-0.0007879603,-0.0003716639,-3.43412e-05,-0.0004060052
2019-06-24,0.0004499647273130178,0.00031391905742634825,-0.001731933325650914,1.1435014176498046,1.1497264894403647,1.114038239688333,-0.0007445380233855881,-0.0001371665,0.0005871312,0.0004499647,-0.000216051,0.0005299701,0.0003139191,7.88845e-05,5.71611e-05,0.0001360457
2019-06-25,-0.009861019634207189,-0.009963256995575789,-0.009496324715228988,1.1322253277186163,1.1382714689514493,1.1034589708190705,-0.010598215753525708,-0.0093306269,-0.0005303927,-0.0098610196,-0.0094241192,-0.0005391378,-0.009963257,9.34923e-05,8.7451e-06,0.0001022374
2019-06-26,0.0004198970569385254,-0.0010254617321912851,-0.001233983917076298,1.1327007458015166,1.1371042151191944,1.1020973201959263,-0.01018276885619085,0.0006683648,-0.0002484678,0.0004198971,-0.000773493,-0.0002519688,-0.0010254617,0.0014418578,3.501e-06,0.0014453588
2019-06-27,0.0043721368728307924,0.003927149554614812,0.003823212459416858,1.1376530684981185,1.1415697934311502,1.1063108724019892,-0.005855152442543532,0.00438964,-1.75031e-05,0.0043721369,0.0039315213,-4.3718e-06,0.0039271496,0.0004581187,-1.31314e-05,0.0004449873
2019-06-28,0.005224601422859115,0.004670084054187396,0.005757422425228809,1.1435968523385138,1.146901020320195,1.112680371428031,-0.000661141857466796,0.0051076397,0.000162092,0.0052697316,0.0045378749,0.0001322091,0.0046700841,0.0005697648,2.98828e-05,0.0005996476
2019-07-01,0.008077593801913653,0.007815304198394003,0.007672277820080398,1.1528343631848514,1.1558644006794458,1.121217164362577,0.0,0.009644906,-0.0015673122,0.0080775938,0.0093751297,-0.0015598255,0.0078153042,0.0002697764,-7.4868e-06,0.0002622896
2019-07-02,0.003926708599591188,0.004457385498351087,0.00292814902524352,1.1573612077926736,1.1610165338970948,1.1245002553094916,0.0,0.0040090917,-8.23831e-05,0.0039267086,0.0044712374,-1.38519e-05,0.0044573855,-0.0004621456,-6.85313e-05,-0.0005306769
2019-07-03,0.006016647758044896,0.0064233401082455935,0.007672358989710748,1.1643246425087876,1.1684741379656123,1.1331278249522474,0.0,0.0062258323,-0.0002091845,0.0060166478,0.0065900565,-0.0001667164,0.0064233401,-0.0003642242,-4.24681e-05,-0.0004066924
2019-07-05,-0.0030165651221664798,-0.0032121373847912,-0.001805849483613953,1.1608123814013167,1.1647208385038912,1.1310815666546887,-0.0030165651221664147,-0.0020910067,-0.0009255584,-0.0030165651,-0.0022585788,-0.0009535585,-0.0032121374,0.0001675722,2.80001e-05,0.0001955723
2019-07-08,-0.004808703845505764,-0.004608796044857795,-0.004835457345313876,1.1552303784389615,1.159352877710031,1.1256122699850593,-0.00781076319936902,-0.0043436666,-0.0004650372,-0.0048087038,-0.0042325698,-0.0003762263,-0.004608796,-0.0001110969,-8.88109e-05,-0.0001999078
2019-07-09,0.0020942984511526505,0.002175037704210136,0.001236579915657288,1.1576497756312507,1.161874513931535,1.1270041795109402,-0.005732822817487104,0.0022904,-0.0001961015,0.0020942985,0.0023878608,-0.0002128231,0.0021750377,-9.74608e-05,1.67215e-05,-8.07393e-05
2019-07-10,0.005345535373724678,0.005927717055894063,0.004510627158405667,1.163838033457272,1.1687617773045755,1.132087675170679,-0.0004179324509245852,0.0046485873,0.0006969481,0.0053455354,0.0052073122,0.0007204049,0.0059277171,-0.0005587249,-2.34568e-05,-0.0005821817
2019-07-11,0.0012473192966716289,0.0010385155611794099,0.002285278994477169,1.1652897110946034,1.169975554597618,1.134674811354653,0.0,0.0010515575,0.0001957618,0.0012473193,0.000910197,0.0001283185,0.0010385156,0.0001413605,6.74433e-05,0.0002088037
2019-07-12,0.00314180325541528,0.0029512025532331164,0.004620138604158219,1.1689508221024225,1.173428389441567,1.1399171662537586,0.0,0.0025802145,0.0005615888,0.0031418033,0.0023312687,0.0006199338,0.0029512026,0.0002489458,-5.83451e-05,0.0001906007
2019-07-15,0.0012912600470721593,0.0013472146612642912,0.0001758594716916306,1.1704602415959957,1.1750092493717663,1.1401176314843882,0.0,0.00156845,-0.0002771899,0.00129126,0.0016264493,-0.0002792347,0.0013472147,-5.79993e-05,2.0447e-06,-5.59546e-05
2019-07-16,-0.004304033079517665,-0.004026495239190735,-0.003403775337557757,1.1654225419979063,1.1702780802231658,1.1362369272084267,-0.004304033079517655,-0.0034250621,-0.000878971,-0.0043040331,-0.003115434,-0.0009110613,-0.0040264952,-0.0003096281,3.20903e-05,-0.0002775378
2019-07-17,-0.0038548101175708426,-0.004212202527562445,-0.006531204644412147,1.1609300593917677,1.1653486319356987,1.1288159313122905,-0.008142251966827163,-0.004060953,0.0002061429,-0.0038548101,-0.0044551245,0.000242922,-0.0042122025,0.0003941715,-3.67791e-05,0.0003573924
2019-07-18,0.003993719816847118,0.003938210389677343,0.003581935518459201,1.1655664887759343,1.169938020025584,1.1328592771904606,-0.0041810500230136105,0.0027713261,0.0012223937,0.0039937198,0.0027131466,0.0012250637,0.0039382104,5.81795e-05,-2.67e-06,5.55094e-05
2019-07-19,-0.005528062069927099,-0.006138748056355666,-0.006176734744299917,1.1591231648793539,1.1627560652790954,1.1258619059326358,-0.009685998988896105,-0.0049108906,-0.0006171715,-0.0055280621,-0.0054669625,-0.0006717856,-0.0061387481,0.0005560719,5.46141e-05,0.000610686
2019-07-22,0.004166050490148737,0.004065693502324807,0.002828721263450795,1.1639521305085423,1.1674834750584895,1.1290466554456566,-0.00556030085958259,0.0044576891,-0.0002916386,0.0041660505,0.0043291287,-0.0002634352,0.0040656935,0.0001285603,-2.82034e-05,0.000100357
2019-07-23,0.004266122658063536,0.005062653324125485,0.006847502370160408,1.1689176930654062,1.173394039154356,1.1367778050948425,-0.0013178991270016427,0.0050602321,-0.0007941095,0.0042661227,0.0058689335,-0.0008062802,0.0050626533,-0.0008087014,1.21708e-05,-0.0007965307
2019-07-24,0.003853116970116849,0.0034548057328760004,0.00468811866363672,1.1734216696652262,1.177447887607749,1.1421071543393155,0.0,0.0037665515,8.65655e-05,0.003853117,0.003377298,7.75077e-05,0.0034548057,0.0003892535,9.0577e-06,0.0003983112
2019-07-25,-0.00491450943114558,-0.005424132083317345,-0.00526235610486292,1.1676548778029459,1.1710612547441415,1.1360969797832705,-0.004914509431145575,-0.0044640019,-0.0004505076,-0.0049145094,-0.0049984165,-0.0004257156,-0.0054241321,0.0005344146,-2.47919e-05,0.0005096227
2019-07-26,0.007606125242083168,0.007905838105232441,0.007387629133693174,1.1765362070430443,1.180319475435459,1.1444900429298182,0.0,0.0081434521,-0.0005373269,0.0076061252,0.008421468,-0.0005156299,0.0079058381,-0.0002780159,-2.16969e-05,-0.0002997129
2019-07-29,-0.0016108624387162205,-0.0014879672806773585,-0.00161606948107329,1.174640969059329,1.1785631986752647,1.142640467500047,-0.0016108624387163317,-0.0013129001,-0.0002979623,-0.0016108624,-0.0011713826,-0.0003165847,-0.0014879673,-0.0001415175,1.86224e-05,-0.0001228952
2019-07-30,-0.004478766721857673,-0.004877198706790157,-0.002578641959370631,1.1693800261769753,1.1728151117668153,1.1396940068460766,-0.006082414483490006,-0.0044439877,-2.4379e-06,-0.0044464255,-0.0048614499,-1.57488e-05,-0.0048771987,0.0004174623,1.33109e-05,0.0004307732
2019-07-31,-0.01208043092331786,-0.011324017429072292,-0.01088550966088975,1.1552534115476367,1.1595341330000886,1.1272878567240954,-0.018089367218793062,-0.01128552,-0.0007949109,-0.0120804309,-0.0105252021,-0.0007988153,-0.0113240174,-0.0007603179,3.9044e-06,-0.0007564135
2019-08-01,-0.0052296925882993305,-0.005180034921004398,-0.008998852495319398,1.1492117913436586,1.1535277056990516,1.1171435595816706,-0.02322445797742123,-0.0057654415,0.0005357489,-0.0052296926,-0.0056644254,0.0004843905,-0.0051800349,-0.0001010161,5.13584e-05,-4.96577e-05
2019-08-02,-0.008990016159161717,-0.009964702641009227,-0.007282736765124032,1.1388803587691798,1.142033145123595,1.1090076971083835,-0.03200568588407826,-0.0096901175,0.0007001014,-0.0089900162,-0.0107000854,0.0007353827,-0.0099647026,0.0010099678,-3.52813e-05,0.0009746865
2019-08-05,-0.028274180807232128,-0.02825139649333377,-0.02977780051499812,1.1066794495875347,1.1097691139321793,1.0759838871342926,-0.05937493214176437,-0.0292257198,0.000951539,-0.0282741808,-0.0293192789,0.0010678824,-0.0282513965,9.35591e-05,-0.0001163434,-2.27843e-05
2019-08-06,0.008975032762165179,0.009878586373260202,0.01301700682663443,1.1166119339047977,1.1207320639785348,1.0899899767384684,-0.05093279134082285,0.0092442214,-0.0002691886,0.0089750328,0.0101075846,-0.0002289983,0.0098785864,-0.0008633633,-4.01904e-05,-0.0009035536
2019-08-07,0.00021497647940436166,0.000886974560241049,0.0007668897934256513,1.1168519792072096,1.1217261248081303,1.0908258789265655,-0.050728764213587074,0.0001730362,4.19403e-05,0.0002149765,0.0008635564,2.34181e-05,0.0008869746,-0.0006905203,1.85222e-05,-0.0006719981
2019-08-08,0.020015844530195857,0.019491400012988193,0.01876226603513209,1.1392067147862626,1.1435901374117847,1.1112922442649924,-0.03172829874109939,0.0199910429,2.48016e-05,0.0200158445,0.0195313838,-3.99838e-05,0.0194914,0.0004596592,6.47854e-05,0.0005244445
2019-08-09,-0.006152203651382169,-0.006205030041726608,-0.006616543400644659,1.1321980830758755,1.1364941262537225,1.1039393309000132,-0.037685303437114404,-0.0062175894,6.53857e-05,-0.0061522037,-0.0062501804,4.51503e-05,-0.00620503,3.2591e-05,2.02354e-05,5.28264e-05
2019-08-12,-0.008956267528795251,-0.009357359679655508,-0.01195758312918649,1.122057814148259,1.1258595419405506,1.0907388845811978,-0.04630405130642301,-0.0093703427,0.0004140752,-0.0089562675,-0.0097989428,0.0004415831,-0.0093573597,0.0004286001,-2.75079e-05,0.0004010922
2019-08-13,0.012975716064401836,0.012523221050492134,0.01476202860858256,1.1366173177524899,1.139958929856078,1.1068404031998789,-0.03392916346440489,0.0142894794,-0.0013137634,0.0129757161,0.0137030133,-0.0011797922,0.0125232211,0.0005864662,-0.0001339711,0.000452495
2019-08-14,-0.024550069034448493,-0.025466716588554907,-0.02929276360753441,1.1087132841359166,1.1109279188668408,1.0744179889176768,-0.057646269193521116,-0.0249170615,0.0003669925,-0.024550069,-0.0256960858,0.0002293692,-0.0254667166,0.0007790244,0.0001376232,0.0009166476
2019-08-15,0.001661126546458396,0.001804491275071892,0.002464268112370549,1.1105549972046058,1.11293257860367,1.077065642907124,-0.05608090039512448,0.0020379754,-0.0003768489,0.0016611265,0.0021754647,-0.0003709734,0.0018044913,-0.0001374893,-5.8755e-06,-0.0001433647
2019-08-16,0.013786539412465854,0.013143507762900304,0.01442618345273217,1.125865707443278,1.1275604165901318,1.092603589462337,-0.04306752252624246,0.0138878334,-0.000101294,0.0137865394,0.0132367486,-9.32408e-05,0.0131435078,0.0006510848,-8.0532e-06,0.0006430316
2019-08-19,0.010939468455333654,0.011161101912261625,0.01210587534790997,1.1381820798347957,1.1401452333119266,1.105830512321047,-0.032599189875034074,0.0113278165,-0.0003883481,0.0109394685,0.0115434492,-0.0003823473,0.0111611019,-0.0002156327,-6.0008e-06,-0.0002216335
2019-08-20,-0.00515816029392405,-0.0059647275633830585,-0.007914764079147596,1.132311154223336,1.1333445776125313,1.097078124704503,-0.03758919832213059,-0.005797884,0.0006397237,-0.0051581603,-0.00656822,0.0006034924,-0.0059647276,0.000770336,3.62313e-05,0.0008065673
2019-08-21,0.00849907226783611,0.00862802744117693,0.008246825558263726,1.1419347485527571,1.1431231057284814,1.106125536622728,-0.029409599367324235,0.0089342416,-0.0004351694,0.0084990723,0.0090933376,-0.0004653101,0.0086280274,-0.0001590959,3.01407e-05,-0.0001289552
2019-08-22,-0.0016905266272139036,-0.0022416325453366416,-0.0005060815269983809,1.140004277453788,1.1405606437713542,1.105565746922102,-0.03105040828371186,-0.0019004163,0.0002098897,-0.0016905266,-0.0024861306,0.000244498,-0.0022416325,0.0005857142,-3.46083e-05,0.0005511059
2019-08-23,-0.021398062802146872,-0.02120507396801297,-0.02594638977745078,1.1156103943301157,1.1163749709551782,1.0768803071278628,-0.05178405249937168,-0.0226327291,0.0012346663,-0.0213980628,-0.0224194041,0.0012143301,-0.021205074,-0.000213325,2.03361e-05,-0.0001929888
2019-08-26,0.007591514271837752,0.008168278014411827,0.0109830670399107,1.1240795665604832,1.125493832086271,1.0887077557350078,-0.04458565760113653,0.0086251816,-0.0010336673,0.0075915143,0.0091161475,-0.0009478695,0.008168278,-0.0004909659,-8.57978e-05,-0.0005767637
2019-08-27,-0.00018192082798845787,-0.0003069491633337855,-0.003203190683648494,1.1238750730750096,1.125148362696175,1.0852204171946216,-0.04475946736937786,-0.0004231026,0.0002411818,-0.0001819208,-0.000472647,0.0001656979,-0.0003069492,4.95444e-05,7.54839e-05,0.0001250283
2019-08-28,0.0037911359029032324,0.0038738135443418392,0.006545469754213773,1.1281358362149223,1.1295069776629816,1.0923236946120243,-0.04113802069021344,0.0043456818,-0.0005133759,0.0038323059,0.0043501662,-0.0004763526,0.0038738135,-4.4843e-06,-3.70233e-05,-4.15076e-05
2019-08-29,0.011263751777241576,0.011236819399270808,0.01268724419482403,1.1408428782450581,1.1421990435811968,1.1061822720653594,-0.030337637366633308,0.0119127071,-0.0006489553,0.0112637518,0.0118420607,-0.0006052413,0.0112368194,7.06464e-05,-4.37141e-05,2.69324e-05
2019-08-30,0.003085231065535449,0.0009121226157341763,0.0006428273461489553,1.1443626421339146,1.1432408691605174,1.1068933562796681,-0.027346004922356504,0.003741096,-0.0006558649,0.0030852311,0.0016264778,-0.0007143552,0.0009121226,0.0021146181,5.84903e-05,0.0021731084
2019-09-03,-0.006844597069323792,-0.006035664969731545,-0.006899120439028739,1.136529940947321,1.1363406502945599,1.099256765701534,-0.03400342960653102,-0.0068091898,-3.54073e-05,-0.0068445971,-0.0059491297,-8.65353e-05,-0.006035665,-0.0008600601,5.1128e-05,-0.0008089321
2019-09-04,0.012284751697456419,0.012047512046794547,0.01084207592549902,1.1504919290685838,1.1500307279682458,1.1111749910168884,-0.022136401598652822,0.0111624822,0.0011222695,0.0122847517,0.0108289506,0.0012185615,0.012047512,0.0003335316,-9.6292e-05,0.0002372397
2019-09-05,0.013792447144277641,0.01286252702362433,0.01300982374446003,1.1663600281901803,1.1648230292847357,1.1256311817992701,-0.008649269603389076,0.0139437526,-0.0001513055,0.0137924471,0.0129316339,-6.91069e-05,0.012862527,0.0010121187,-8.21986e-05,0.0009299201
2019-09-06,0.0007965873016793081,0.000408941521322336,0.0009106182795699524,1.1672891357778228,1.1652993737864028,1.1266562021294704,-0.007859572200044629,0.0010184642,-0.0002218769,0.0007965873,0.0006393808,-0.0002304393,0.0004089415,0.0003790834,8.5624e-06,0.0003876458
2019-09-09,-0.0023303538040168495,-0.001824993343969925,-9.400042300200528e-05,1.1645689390998755,1.1631727101855103,1.1265502959698923,-0.010171610420087185,-0.0023658884,3.55346e-05,-0.0023303538,-0.0019119698,8.69765e-05,-0.0018249933,-0.0004539186,-5.14419e-05,-0.0005053605
2019-09-10,-0.0026762152393892467,-0.0024646143144954925,0.0003223174625557323,1.161452301957737,1.1603059380737566,1.1269134028027308,-0.012820604240661004,-0.0025175266,-0.0001586887,-0.0026762152,-0.0023454802,-0.0001191341,-0.0024646143,-0.0001720463,-3.95546e-05,-0.0002116009
2019-09-11,0.008095354896195046,0.006938947086912291,0.007229667817909124,1.1708546705370875,1.1683572395826807,1.1350606123645441,-0.004829036685777832,0.0085474746,-0.0004521197,0.0080953549,0.0073645386,-0.0004255915,0.0069389471,0.001182936,-2.65282e-05,0.0011564078
2019-09-12,0.003743084337965953,0.004525144867716234,0.002879107476682297,1.1752372783164091,1.1736442253490373,1.1383285738600906,-0.001104027839397892,0.0033167138,0.0004263705,0.0037430843,0.0040398145,0.0004853304,0.0045251449,-0.0007231006,-5.89599e-05,-0.0007820605
2019-09-13,-0.0008572323853726385,-0.0006602623357138853,-0.0007243559711188619,1.1742298268609392,1.1728693122715113,1.1375040187605199,-0.0019603138163521994,-0.0013845737,0.0005273413,-0.0008572324,-0.0011976801,0.0005374177,-0.0006602623,-0.0001868936,-1.00764e-05,-0.00019697
2019-09-16,-0.006183243612326941,-0.006307126283208926,-0.003135609282467477,1.1669692777845977,1.1654718774053143,1.1339372506004504,-0.008131436330795938,-0.0054087349,-0.0007745088,-0.0061832436,-0.0055104535,-0.0007966728,-0.0063071263,0.0001017187,2.2164e-05,0.0001238827
2019-09-17,0.002972744448273576,0.004906380935853867,0.002581755593803692,1.1704383792264377,1.1711901264058895,1.1368647994402103,-0.00518286456473116,0.0023169841,0.0006557604,0.0029727444,0.0042245467,0.0006818343,0.0049063809,-0.0019075626,-2.60739e-05,-0.0019336365
2019-09-18,0.0001369164126795368,0.00020448899173830867,0.0003426822370828919,1.1705986314505836,1.1714296218939722,1.1372543828129433,-0.005046657771275442,0.0008628737,-0.0007259573,0.0001369164,0.0009021837,-0.0006976947,0.000204489,-3.93099e-05,-2.82626e-05,-6.75726e-05
2019-09-19,0.0028724585467562996,0.0024208376372182117,1.995523375897257e-05,1.1739611274943151,1.1742654628120053,1.1372770769899958,-0.0021886955397667496,0.0022821519,0.0005903066,0.0028724585,0.0018833512,0.0005374864,0.0024208376,0.0003988007,5.28202e-05,0.0004516209
2019-09-20,-0.004620952623192985,-0.004398062327928526,-0.004895586322955614,1.1685363087426937,1.1691009701170243,1.1317094388864726,-0.006799534304563815,-0.0046323011,1.13485e-05,-0.0046209526,-0.004335465,-6.25973e-05,-0.0043980623,-0.0002968361,7.39458e-05,-0.0002228903
2019-09-23,-9.69331593929956e-05,-0.0007134580111949269,-9.69228661094057e-05,1.1684230388264218,1.1682668656639985,1.1315997503640527,-0.006895808363614253,0.0002422443,-0.0003391775,-9.69332e-05,-0.0003635319,-0.0003499261,-0.000713458,0.0006057762,1.07486e-05,0.0006165249
2019-09-24,-0.006572100554388136,-0.006834733768270963,-0.00841639425358831,1.160744045125191,1.1602820726668928,1.1220757607277267,-0.013422588972032856,-0.0073234381,0.0007513376,-0.0065721006,-0.0075286394,0.0006939056,-0.0068347338,0.0002052013,5.74319e-05,0.0002626332
2019-09-25,0.004256539609353916,0.0034682073495127955,0.006158565361019441,1.165684798129588,1.1643061714788239,1.128986137640184,-0.009223183144298597,0.0058385648,-0.0015820252,0.0042565396,0.0049795112,-0.0015113038,0.0034682073,0.0008590536,-7.07214e-05,0.0007883323
2019-09-26,-0.0007074716851289181,-0.0004411533124911542,-0.002428916502226208,1.164860109141126,1.163792533954522,1.1262439245796851,-0.0099241296885062,-0.0003651669,-0.0003423048,-0.0007074717,-9.80971e-05,-0.0003430562,-0.0004411533,-0.0002670697,7.514e-07,-0.0002663184
2019-09-27,-0.0043518342831787744,-0.0048909062893120175,-0.005316326462073695,1.1597908309830582,1.1581005337307495,1.1202564442006924,-0.01423277580387583,-0.0044200485,0.000102649,-0.0043173995,-0.0050127347,0.0001218284,-0.0048909063,0.0005926862,-1.91794e-05,0.0005735068
2019-09-30,0.0027358065090244982,0.004127343768573179,0.005047623227845355,1.1629637942875688,1.1628804127520243,1.1259110766495832,-0.011535907415536895,0.0033732765,-0.00063747,0.0027358065,0.0047642132,-0.0006368694,0.0041273438,-0.0013909367,-6.006e-07,-0.0013915373
2019-10-01,-0.008946765334764985,-0.009397262838079259,-0.01225837661334206,1.15255903012725,1.1519525198641394,1.1121092346388792,-0.02037946369373156,-0.0095383893,0.0005916239,-0.0089467653,-0.0099479869,0.000550724,-0.0093972628,0.0004095976,4.08999e-05,0.0004504975
2019-10-02,-0.01853390504110284,-0.01912837456103677,-0.01790323952044892,1.131197610508606,1.129917540587648,1.0921988766382362,-0.03853565768994616,-0.0188133239,0.0002794188,-0.018533905,-0.019301857,0.0001734825,-0.0191283746,0.0004885332,0.0001059364,0.0005944695
2019-10-03,0.008396396529581449,0.007729034529764582,0.007971990677411389,1.1406955941997512,1.1386507122746365,1.1009058759006753,-0.030462821822857755,0.0082272195,0.000169177,0.0083963965,0.007609244,0.0001197905,0.0077290345,0.0006179755,4.93865e-05,0.000667362
2019-10-04,0.013374684904204704,0.013967180759028284,0.01421685339600032,1.1559520383437873,1.1545544525943727,1.1165572933411505,-0.017495567561826686,0.0130567214,0.0003179635,0.0133746849,0.0136320339,0.0003351468,0.0139671808,-0.0005753125,-1.71833e-05,-0.0005924959
2019-10-07,-0.0020400034481480225,-0.0019712278050353408,-0.004478304612789308,1.1535938921996722,1.1522785627549914,1.1115570096639373,-0.019499879991821345,-0.0017562075,-0.0002837959,-0.0020400034,-0.0017428241,-0.0002284037,-0.0019712278,-1.33834e-05,-5.53922e-05,-6.87756e-05
2019-10-08,-0.012742543901518952,-0.01324731323205116,-0.01556082605426046,1.1388941713837937,1.1370139677035982,1.0942602643871628,-0.031993945816470304,-0.0126394883,-0.0001030556,-0.0127425439,-0.0130972256,-0.0001500876,-0.0132473132,0.0004577373,4.7032e-05,0.0005047693
2019-10-09,0.007898660590005298,0.00904317771219891,0.009104546742895181,1.1478899098914896,1.1472961870747942,1.1042230081131685,-0.02434799454540426,0.0081535535,-0.0002548929,0.0078986606,0.009218052,-0.0001748743,0.0090431777,-0.0010644985,-8.00186e-05,-0.0011445171
2019-10-10,0.007954436941523584,0.006578347560936987,0.00641570185654583,1.1570207277955327,1.1548435001487098,1.1113073737163608,-0.016587232191144663,0.0073649303,0.0005895067,0.0079544369,0.0058442368,0.0007341107,0.0065783476,0.0015206935,-0.0001446041,0.0013760894
2019-10-11,0.010251846241586818,0.011424941656855443,0.01093893054425776,1.1688823263952213,1.1680375197607076,1.1234638878907657,-0.006505435703554996,0.009451281,0.0008005652,0.0102518462,0.0105162167,0.000908725,0.0114249417,-0.0010649357,-0.0001081598,-0.0011730954
2019-10-14,-0.002340420092482267,-0.0010379730952732652,-0.001387079289088211,1.1661466507127785,1.166825128240926,1.121905554399834,-0.008830630343606316,-0.0020560729,-0.0002843472,-0.0023404201,-0.000761706,-0.0002762671,-0.0010379731,-0.0012943669,-8.0801e-06,-0.001302447
2019-10-15,0.010337406149842038,0.01010649828798512,0.009955666436289423,1.1782015822714744,1.178617644401871,1.133074871872459,0.0,0.0101076601,0.000229746,0.0103374061,0.0097641919,0.0003423063,0.0101064983,0.0003434682,-0.0001125603,0.0002309079
2019-10-16,-0.0009111993512466441,-0.0018885206231736224,-0.00199954601292518,1.177128005754071,1.1763918006735818,1.1308092365300608,-0.0009111993512466166,-0.0014853317,0.0005741324,-0.0009111994,-0.0024701298,0.0005816092,-0.0018885206,0.0009847981,-7.4769e-06,0.0009773213
2019-10-17,0.002238782378853769,0.0023239592873690647,0.002762828253096483,1.1797633391910083,1.179125687324342,1.1339334682376085,0.0,0.0013343333,0.0009044491,0.0022387824,0.0013975853,0.000926374,0.0023239593,-6.3252e-05,-2.19249e-05,-8.51769e-05
2019-10-18,-0.004004905873368371,-0.004394525872250626,-0.003919344885671916,1.1750384980646975,1.17394398898476,1.1294891918981793,-0.004004905873368436,-0.0048300615,0.0008251557,-0.0040049059,-0.0052119399,0.000817414,-0.0043945259,0.0003818784,7.7416e-06,0.00038962
2019-10-21,0.006339937878628992,0.006528746903314812,0.006871609403255041,1.1824881691474254,1.1816083721675095,1.1372506004501017,0.0,0.0065384513,-0.0001985135,0.0063399379,0.0067022566,-0.0001735097,0.0065287469,-0.0001638052,-2.50038e-05,-0.000188809
2019-10-22,-0.004791287087308117,-0.004262926673977879,-0.003568672839506126,1.1768225288516947,1.176571262319601,1.1331921251205634,-0.004791287087308138,-0.0043137218,-0.0004775653,-0.0047912871,-0.0037322086,-0.0005307181,-0.0042629267,-0.0005815132,5.31528e-05,-0.0005283604
2019-10-23,0.001866405031559212,0.001977043841484466,0.002847139009142241,1.1790189563407956,1.1788973952878377,1.136418480624847,-0.002933824538076446,0.0018925725,-2.61675e-05,0.001866405,0.0019563282,2.07156e-05,0.0019770438,-6.37557e-05,-4.68831e-05,-0.0001106388
2019-10-24,0.0052045216645555965,0.0051580048585391815,0.001920439870594981,1.1851551860419929,1.1849781537804513,1.1386009039847198,0.0,0.0055929477,-0.000388426,0.0052045217,0.0055850104,-0.0004270055,0.0051580049,7.9373e-06,3.85795e-05,4.65168e-05
2019-10-25,0.00540392955147011,0.004726358545002786,0.004072697314876805,1.1915596811749232,1.1905787854032133,1.1432380808290947,0.0,0.0057848071,-0.0003808775,0.0054039296,0.0051123754,-0.0003860169,0.0047263585,0.0006724317,5.1393e-06,0.000677571
2019-10-28,0.007563906957294246,0.00620871368007829,0.00558137996062924,1.2005725277373933,1.1979707481953572,1.1496189269436625,0.0,0.0074771686,0.0001323519,0.0076095205,0.0059999671,0.0002087465,0.0062087137,0.0014772014,-7.63946e-05,0.0014008068
2019-10-29,-0.0029135429523912317,-0.0018343103814940078,-0.0008323956544341593,1.1970746081103696,1.1957732980152165,1.1486619891446193,-0.0029135429523912126,-0.0031396595,0.0002261166,-0.002913543,-0.0020550201,0.0002207097,-0.0018343104,-0.0010846395,5.4069e-06,-0.0010792326
2019-10-30,0.0057103801437496295,0.005224563789143274,0.003253328240403919,1.20391035918311,1.2020206918880512,1.152398963632582,0.0,0.0051506467,0.0005597334,0.0057103801,0.004647301,0.0005772628,0.0052245638,0.0005033457,-1.75293e-05,0.0004858164
2019-10-31,-0.004168249048364752,-0.0025835147432462825,-0.003022873403637272,1.1988921609741285,1.1989152537088714,1.1489154074550378,-0.004168249048364658,-0.0048418117,0.0006735626,-0.004168249,-0.0031102894,0.0005267747,-0.0025835147,-0.0017315223,0.000146788,-0.0015847343
2019-11-01,0.010634559646662387,0.00818380463544603,0.009662360578885698,1.2116418511699238,1.208726941919681,1.1600166423965057,0.0,0.010587928,4.66317e-05,0.0106345596,0.0080981871,8.56175e-05,0.0081838046,0.0024897409,-3.89858e-05,0.002450755
2019-11-04,0.005951459075931753,0.0036977418175958236,0.00370405391746087,1.2188528880618479,1.2131965020788722,1.1643134065850942,0.0,0.0066193385,-0.0006678795,0.0059514591,0.0043141178,-0.000616376,0.0036977418,0.0023052207,-5.15035e-05,0.0022537173
2019-11-05,-0.0021403509037726705,-0.0011956296895701542,-0.001185730946278274,1.2162441151813188,1.211745968321704,1.1629328441477396,-0.0021403509037726254,-0.0012702912,-0.0008700597,-0.0021403509,-0.0004056206,-0.0007900091,-0.0011956297,-0.0008646706,-8.00506e-05,-0.0009447212
2019-11-06,0.0015144623804045306,0.0011959078646222735,0.0007025258405917167,1.2180860711391492,1.2131951048551441,1.1637498345216262,-0.0006291300042927661,0.0015616085,-4.71461e-05,0.0015144624,0.0012855175,-8.96097e-05,0.0011959079,0.0002760909,4.24636e-05,0.0003185545
2019-11-07,0.006982286863195907,0.0028088640882098616,0.002730126950903022,1.226591097511906,1.2166028050171638,1.1669270193089627,0.0,0.0074753658,-0.0004930789,0.0069822869,0.003256509,-0.0004476449,0.0028088641,0.0042188568,-4.5434e-05,0.0041734228
2019-11-08,0.006553527231633327,0.001962681817824087,0.002560628553277322,1.2346295956715294,1.2189906092220846,1.169915085954196,0.0,0.0069700881,-0.0004165609,0.0065535272,0.0024069621,-0.0004442803,0.0019626818,0.004563126,2.77194e-05,0.0045908454
2019-11-11,0.0008367767736000946,-0.0014922430190774318,-0.001962445200253349,1.2356627050411868,1.2171715789951518,1.1676191917090613,0.0,0.0003536216,0.0004831551,0.0008367768,-0.0019551959,0.0004629529,-0.001492243,0.0023088175,2.02023e-05,0.0023290198
2019-11-12,0.0035709803711820517,0.002271039906048601,0.001564620781921544,1.2400752323062907,1.219935824223558,1.1694460729617797,0.0,0.0036894868,-0.0001185065,0.0035709804,0.0024101623,-0.0001391224,0.0022710399,0.0012793245,2.06159e-05,0.0012999405
2019-11-13,5.82972190989405e-05,0.0010115048501852996,0.0007115504036430131,1.2401475252438077,1.221169795226675,1.1702781927870345,0.0,-8.12915e-05,0.0001395887,5.82972e-05,0.0009096518,0.000101853,0.0010115049,-0.0009909433,3.77357e-05,-0.0009532076
2019-11-14,0.00202612676076094,-0.00039579396440299656,0.0008370932502488326,1.2426602213319955,1.220686463592213,1.17125782476313,0.0,0.0015766381,0.0004494887,0.0020261268,-0.0007820564,0.0003862624,-0.000395794,0.0023586944,6.32263e-05,0.0024219207
2019-11-15,0.011882251910604914,0.007801224664881225,0.007695462486638771,1.2574258231211504,1.2302093129400753,1.1802711954157767,0.0,0.011853767,2.84849e-05,0.0118822519,0.0076810675,0.0001201572,0.0078012247,0.0041726995,-9.16723e-05,0.0040810272
2019-11-18,0.0027350887914244716,0.0016119729570253356,0.0005031309486422941,1.2608649943960166,1.2321923770840155,1.1808650263819815,0.0,0.0023358835,0.0003992053,0.0027350888,0.0012146691,0.0003973038,0.001611973,0.0011212144,1.9014e-06,0.0011231158
2019-11-19,-0.002737012872436931,-0.0005527406425877733,-0.000592563172038818,1.2574139906759496,1.2315112942777142,1.180165289256199,-0.0027370128724368836,-0.0027165642,-2.04486e-05,-0.0027370129,-0.0005012707,-5.14699e-05,-0.0005527406,-0.0022152935,3.10213e-05,-0.0021842722
2019-11-20,-0.00436483557592962,-0.004607062488899626,-0.003756193552935994,1.2519255853557756,1.2258376447891912,1.175732360005296,-0.007089901837209145,-0.004246579,-0.0001182565,-0.0043648356,-0.004497369,-0.0001096935,-0.0046070625,0.00025079,-8.5631e-06,0.0002422269
2019-11-21,-0.005200574719986731,-0.002219406569147507,-0.001582777323819506,1.2454148528052698,1.2231170126676378,1.1738714374869987,-0.012253604992934153,-0.0048950362,-0.0003055385,-0.0052005747,-0.0019005059,-0.0003189007,-0.0022194066,-0.0029945303,1.33622e-05,-0.0029811682
2019-11-22,0.0025584361109079056,0.0013371679261282403,0.002174935718566529,1.2486011671377477,1.2247525255068787,1.1764245324053944,-0.009726518947528962,0.0032454787,-0.0006870426,0.0025584361,0.0020595442,-0.0007223763,0.0013371679,0.0011859345,3.53336e-05,0.0012212682
2019-11-25,0.00756385990888098,0.008153025566893589,0.007507338543994324,1.2580454114480428,1.234737964160454,1.185256349641622,-0.002236229065368245,0.0075065975,5.72624e-05,0.0075638599,0.0080370641,0.0001159614,0.0081530256,-0.0005304667,-5.8699e-05,-0.0005891657
2019-11-26,0.002607557132079224,0.0022326135465862047,0.002195529799211116,1.2613258367331437,1.2374946568657228,1.1878586152769643,0.0,0.0027517808,-0.0001122714,0.0026395094,0.0023231134,-9.04998e-05,0.0022326135,0.0004286674,-2.17716e-05,0.0004068958
2019-11-27,0.003908977801528603,0.003733983920976342,0.00417446792250975,1.2662563314294282,1.2421154420167535,1.1928172929629148,0.0,0.0042670329,-0.0003580551,0.0039089778,0.0040166949,-0.000282711,0.0037339839,0.000250338,-7.53441e-05,0.0001749939
2019-11-29,-0.002378241138790547,-0.0039063769850514385,-0.004011250527170329,1.2632448685297686,1.2372632708412823,1.1880326039676994,-0.0023782411387905933,-0.0024789787,0.0001007375,-0.0023782411,-0.0040092961,0.0001029191,-0.003906377,0.0015303174,-2.1816e-06,0.0015281358
2019-12-02,-0.009403226003396114,-0.008261966210436546,-0.008631064190157245,1.2513662915333528,1.2270410435041774,1.1777786183028545,-0.011759104003268073,-0.0104321364,0.0010289104,-0.009403226,-0.0092725453,0.001010579,-0.0082619662,-0.0011595911,1.83313e-05,-0.0011412598
2019-12-03,-0.0069436055197613965,-0.005866423461635348,-0.006638042050567283,1.2426772976442184,1.219842701138175,1.1699604743083012,-0.018621058943565028,-0.0073866145,0.000443009,-0.0069436055,-0.0062681022,0.0004016787,-0.0058664235,-0.0011185123,4.13302e-05,-0.0010771821
2019-12-04,0.0019878422157516154,0.006258427858721707,0.006323548428811776,1.2451475440370317,1.2274769986822365,1.1773587760273854,-0.016670232454883416,0.0019864304,1.4118e-06,0.0019878422,0.0062085177,4.99102e-05,0.0062584279,-0.0042220873,-4.84983e-05,-0.0042705856
2019-12-05,0.000904680497803502,0.0017579434820722546,0.001500276282141666,1.2462740047370098,1.2296348338714636,1.1791251394746305,-0.015780633191275872,0.0004477944,0.0004568861,0.0009046805,0.0012865124,0.0004714311,0.0017579435,-0.000838718,-1.4545e-05,-0.000853263
2019-12-06,0.007861666258047295,0.008959338644054099,0.009135730393304842,1.2560717950283322,1.2406515487566432,1.1898973088488387,-0.008043029004718982,0.0082823551,-0.0004206889,0.0078616663,0.0094575067,-0.0004981681,0.0089593386,-0.0011751516,7.74792e-05,-0.0010976724
2019-12-09,-0.003260774731358511,-0.0028787843697216566,-0.00316283682622831,1.2519760278583316,1.2370799804698116,1.1861338578209817,-0.0112775772303354,-0.0034225118,0.0001617371,-0.0032607747,-0.0030473505,0.0001685661,-0.0028787844,-0.0003751613,-6.829e-06,-0.0003819904
2019-12-10,-0.0007405855139511934,-0.0003656843533353215,-0.001096952767254744,1.2510488325482856,1.2366275996771294,1.1848327250033104,-0.012009810733957349,-0.0010187105,0.000278125,-0.0007405855,-0.0007025613,0.000336877,-0.0003656844,-0.0003161491,-5.8752e-05,-0.0003749012
2019-12-11,0.0072910579814277204,0.004274027698998605,0.002908201703420987,1.2601703021239927,1.2419129802914957,1.1882784575524339,-0.004806316978936742,0.0068233361,0.0004677218,0.007291058,0.0038014127,0.000472615,0.0042740277,0.0030219234,-4.8931e-06,0.0030170303
2019-12-12,0.011403662372586214,0.007723573797849101,0.008575166394515055,1.2745408587813747,1.2515049868452839,1.1984681430489637,0.0,0.0118375465,-0.0004338842,0.0114036624,0.0080226257,-0.0002990519,0.0077235738,0.0038149208,-0.0001348322,0.0036800886
2019-12-13,0.00708755755189225,0.002663434107091537,7.258794976916505e-05,1.283574240470226,1.2548382879124427,1.1985551373943313,0.0,0.0065917012,0.0004958563,0.0070875576,0.0021226204,0.0005408137,0.0026634341,0.0044690808,-4.49574e-05,0.0044241234
2019-12-16,0.008756007917417031,0.008906956224582794,0.007147816208028068,1.2948132266823758,1.266015077611809,1.2071221892316137,0.0,0.0086032608,0.0001527471,0.0087560079,0.0086986164,0.0002083398,0.0089069562,-9.53556e-05,-5.55927e-05,-0.0001509483
2019-12-17,-0.00041644868042084725,0.00022490150962388477,0.0003352708016732819,1.2942740034227322,1.2662998063139705,1.2075269020557151,-0.000416448680421011,-0.0001362217,-0.000280227,-0.0004164487,0.000541417,-0.0003165155,0.0002249015,-0.0006776387,3.62885e-05,-0.0006413502
2019-12-18,0.002745960099706321,-0.001224546572225748,-0.000432260408705365,1.2978280281942183,1.2647491632267387,1.2070049359835098,0.0,0.0031807324,-0.0004347723,0.0027459601,-0.000764979,-0.0004595676,-0.0012245466,0.0039457114,2.47953e-05,0.0039705067
2019-12-19,0.00046495935777081604,0.0047606475858857095,0.004459221469443442,1.2984314654807043,1.270770188277405,1.2123872383077716,0.0,0.0003791288,8.58306e-05,0.0004649594,0.0047085416,5.2106e-05,0.0047606476,-0.0043294128,3.37246e-05,-0.0042956882
2019-12-20,0.0067410454255462555,0.00437795510713868,0.004944826962253845,1.3071842509714684,1.2763335631131738,1.2183822834124485,0.0,0.0072212953,-0.0004802498,0.0067410454,0.0048883199,-0.0005103648,0.0043779551,0.0023329754,3.0115e-05,0.0023630903
2019-12-23,0.0003176005035834872,0.0010398704348502672,0.0008661314657181229,1.3075994133478532,1.2776607846504622,1.2194375626453855,0.0,0.0003863191,-6.87186e-05,0.0003176005,0.0011200922,-8.02218e-05,0.0010398704,-0.0007337731,1.15031e-05,-0.0007222699
2019-12-24,0.00030407877915922233,-0.0003638178783423413,-0.0001954088231737039,1.3079970265810934,1.2771959488145495,1.219199273786335,0.0,0.0002140429,9.00359e-05,0.0003040788,-0.0004579895,9.41716e-05,-0.0003638179,0.0006720324,-4.1357e-06,0.0006678967
2019-12-26,0.003909150350726862,0.006054771200610497,0.005128157399996169,1.3131101836163026,1.284929078062968,1.2254515195642723,0.0,0.0038527631,5.63872e-05,0.0039091504,0.0059348828,0.0001198884,0.0060547712,-0.0020821197,-6.35012e-05,-0.0021456208
2019-12-27,0.0007325637580221083,0.0017920499068423822,3.395156038288327e-05,1.3140721205471095,1.28723173509761,1.225493125555535,0.0,-0.0003505439,0.0011168009,0.000766257,0.0006196399,0.00117241,0.0017920499,-0.0009701838,-5.56091e-05,-0.0010257929
2019-12-30,-0.0014997319907115113,-0.006302429522908442,-0.005780828513404224,1.312101364549823,1.279119047807506,1.2184087599523428,-0.001499731990711517,-0.0022888646,0.0007891326,-0.001499732,-0.0070176719,0.0007152424,-0.0063024295,0.0047288073,7.38902e-05,0.0048026975
2019-12-31,0.004217605542639009,0.0025005658646545786,0.002946024729223451,1.3176352905374527,1.282317569235283,1.2219982222894648,0.0,0.003528934,0.0006886715,0.0042176055,0.0018231547,0.0006774111,0.0025005659,0.0017057793,1.12604e-05,0.0017170397
2020-01-02,0.010704130998968763,0.00974391127947602,0.008378781594537532,1.3317394312962298,1.294812357862025,1.2322370785029413,0.0,0.0114633387,-0.0007592077,0.010704131,0.0105788685,-0.0008349572,0.0097439113,0.0008844701,7.57496e-05,0.0009602197
2020-01-03,-0.004987015679826547,-0.006491139768517886,-0.007059870773669763,1.3250980258709124,1.2864075498731384,1.2235376439661863,-0.004987015679826401,-0.0048468779,-0.0001401377,-0.0049870157,-0.0062259652,-0.0002651746,-0.0064911398,0.0013790872,0.0001250369,0.0015041241
2020-01-06,0.0022578662350144184,0.003016332793905384,0.003533394129557887,1.3280899199616105,1.2902877831521484,1.2278608846946695,-0.002740409459129012,0.0018040901,0.0004537761,0.0022578662,0.0024526799,0.0005636529,0.0030163328,-0.0006485897,-0.0001098768,-0.0007584666
2020-01-07,-0.001401973802322156,-0.0020504855723079106,-0.002803208595685058,1.3262279726866961,1.2876420666686699,1.224418934508388,-0.004138541279181895,-0.0009334974,-0.0004684764,-0.0014019738,-0.0015507576,-0.000499728,-0.0020504856,0.0006172602,3.12516e-05,0.0006485118
2020-01-08,0.00654424136585505,0.004436407644533238,0.004902415064964138,1.3349071286461063,1.2933545717766615,1.2304215443387492,0.0,0.0074787951,-0.0009345538,0.0065442414,0.0052959171,-0.0008595095,0.0044364076,0.002182878,-7.50443e-05,0.0021078337
2020-01-09,0.01029235088569673,0.00777829315152377,0.006655292725288531,1.34864646121395,1.3034146627848038,1.2386103598918252,0.0,0.0103958086,-0.0001034577,0.0102923509,0.0077970542,-1.8761e-05,0.0077782932,0.0025987544,-8.46966e-05,0.0025140577
2020-01-10,0.0019107270154679972,-0.0018353674753929675,-0.002855223379240823,1.3512233564417067,1.3010224179057783,1.2350738506344923,0.0,0.0017790935,0.0001316335,0.001910727,-0.0019654536,0.0001300861,-0.0018353675,0.0037445471,1.5474e-06,0.0037460945
2020-01-13,0.007089992329261137,0.006841191844565752,0.006976281256220629,1.3608035196739967,1.3099229618607524,1.243690073188722,0.0,0.0072786974,-0.0001887051,0.0070899923,0.0069249506,-8.37588e-05,0.0068411918,0.0003537468,-0.0001049463,0.0002488005
2020-01-14,0.0008715784930271051,-0.0019005257503870764,-0.001514538658751285,1.3619895667549802,1.3074334195407127,1.2418064564933724,0.0,0.0007383583,0.0001332202,0.0008715785,-0.0020531813,0.0001526555,-0.0019005258,0.0027915396,-1.94353e-05,0.0027721042
2020-01-15,0.0033164122506982156,0.0017747639653212669,0.001870155186330269,1.3665064856394895,1.3097538052607702,1.244128827278402,0.0,0.0029575495,0.0003588628,0.0033164123,0.0013986729,0.0003760911,0.001774764,0.0015588766,-1.72283e-05,0.0015416483
2020-01-16,0.00430585115788333,0.00716873073684794,0.00836654718799501,1.3723904591729352,1.3191430776222468,1.2545378898197717,0.0,0.0044962378,-0.0001903867,0.0043058512,0.0073200609,-0.0001513302,0.0071687307,-0.0028238231,-3.90565e-05,-0.0028628796
2020-01-17,0.006276303550201069,0.0050439038065518,0.003862144651035182,1.3810039982841045,1.3257967084128521,1.25938309662046,0.0,0.0068401986,-0.0005638951,0.0062763036,0.0056735352,-0.0006296314,0.0050439038,0.0011666634,6.57363e-05,0.0012323997
2020-01-21,-0.004514408861557758,-0.0014948284149627225,-0.002651954277064661,1.374769581596404,1.3238148698206524,1.2560432702309143,-0.004514408861557739,-0.0045302671,1.58583e-05,-0.0045144089,-0.0014516895,-4.31389e-05,-0.0014948284,-0.0030785776,5.89972e-05,-0.0030195804
2020-01-22,0.0028405311105969256,0.0014423631086487435,0.0002890878375325645,1.378674657362831,1.3257242915515624,1.2564063770637528,-0.0016867010697779738,0.002475319,0.0003652121,0.0028405311,0.0010507427,0.0003916204,0.0014423631,0.0014245763,-2.64083e-05,0.001398168
2020-01-23,-0.0015260500757754442,-0.0016825973587311642,0.001140964852863746,1.3765707307974928,1.323493631360192,1.2578398925808965,-0.003210177155258065,-0.0012951373,-0.0002309127,-0.0015260501,-0.001339884,-0.0003427134,-0.0016825974,4.47467e-05,0.0001118006,0.0001565473
2020-01-24,-0.007049162095213918,-0.005548228010814132,-0.009042140524546438,1.3668670605805742,1.3161505869225452,1.2464663275147996,-0.010236710191350196,-0.0067194344,-0.0003297277,-0.0070491621,-0.0051329888,-0.0004152392,-0.005548228,-0.0015864455,8.55114e-05,-0.0015009341
2020-01-27,-0.021788717267550065,-0.017385518802202005,-0.01573068484920204,1.3370847806552568,1.293268626147074,1.226858558541522,-0.031802382674791074,-0.0219638348,0.0001751176,-0.0217887173,-0.0174884144,0.0001028956,-0.0173855188,-0.0044754204,7.2222e-05,-0.0044031985
2020-01-28,0.011468551922938556,0.009917051149603121,0.01005355111402961,1.3524192068875724,1.3060940372627516,1.239192843769504,-0.020698558028831582,0.0118559108,-0.0003873589,0.0114685519,0.0102747262,-0.000357675,0.0099170511,0.0015811846,-2.96839e-05,0.0015515008
2020-01-29,-0.0002229322834497409,0.0008456914036565772,-0.0008668473616095795,1.3521177089855998,1.3071985897624319,1.2381186527223569,-0.020916875935475865,-8.35499e-05,-5.21455e-05,-0.0001356954,0.0009346113,-8.89199e-05,0.0008456914,-0.0010181613,3.67745e-05,-0.0009813868
2020-01-30,-0.001607531271857757,0.001203088710115468,0.003134355715769477,1.3499441374851728,1.308771265627654,1.241999356998318,-0.022490782675157694,-0.0019928484,0.0003853172,-0.0016075313,0.0007716202,0.0004314685,0.0012030887,-0.0027644687,-4.61513e-05,-0.00281062
2020-01-31,-0.015994261404012403,-0.014610703178430577,-0.01770585261567881,1.3283527780694209,1.2896491971371093,1.220008699434538,-0.038125320621882786,-0.0170930967,0.0010988353,-0.0159942614,-0.0157098677,0.0010991645,-0.0146107032,-0.001383229,-3.292e-07,-0.0013835582
2020-02-03,0.010553751713971424,0.007513683604161442,0.007254644212406181,1.3423718834777296,1.2993392131647583,1.228859428484976,-0.027973934075770424,0.0114984,-0.0009446483,0.0105537517,0.0085273249,-0.0010136413,0.0075136836,0.0029710751,6.8993e-05,0.0030400681
2020-02-04,0.01960514885415273,0.016990690892607657,0.01498036270514502,1.3686892840709397,1.3214158841002848,1.2472681884373182,-0.008917218363209467,0.0200816971,-0.0004765482,0.0196051489,0.0173235695,-0.0003328786,0.0169906909,0.0027581276,-0.0001436696,0.002614458
2020-02-05,0.00716825154556649,0.007539051076739179,0.01125064061936132,1.3785003931468813,1.3313781059441314,1.2613007545813884,-0.0018128876819574202,0.007895808,-0.0007275565,0.0071682515,0.0082809515,-0.0007419004,0.0075390511,-0.0003851434,1.43439e-05,-0.0003707995
2020-02-06,0.0064883070616887075,0.005706910659154586,0.003325646461890042,1.387444526982277,1.338976161848309,1.2654953949732413,0.0,0.0067413251,-0.000253018,0.0064883071,0.0059736965,-0.0002667859,0.0057069107,0.0007676286,1.37678e-05,0.0007813964
2020-02-07,-0.003224978771213467,-0.004450950121684356,-0.005400833288500828,1.382970047836523,1.3330164457377978,1.2586606653176253,-0.003224978771213416,-0.0028087312,-0.0004162476,-0.0032249788,-0.0039351412,-0.0005158089,-0.0044509501,0.00112641,9.95613e-05,0.0012259714
2020-02-10,0.0066048952465366205,0.006410835399324008,0.007326359568592178,1.3921044201315809,1.3415621947560146,1.2678820659265857,0.0,0.0068142647,-0.0002093695,0.0066048952,0.0066331293,-0.0002222939,0.0064108354,0.0001811354,1.29244e-05,0.0001940598
2020-02-11,0.0020889565934917166,0.0020208843503788584,0.001688498817155715,1.3950124658388436,1.344273336800457,1.2700228832951956,0.0,0.0018771579,0.0002117987,0.0020889566,0.001775862,0.0002450224,0.0020208844,0.0001012959,-3.32237e-05,6.80722e-05
2020-02-12,0.007872430486261189,0.005275220876864202,0.006462661008115544,1.4059946045036278,1.3513646755709587,1.278230610662482,0.0,0.008359547,-0.0004871165,0.0078724305,0.0057488714,-0.0004736505,0.0052752209,0.0026106755,-1.34659e-05,0.0025972096
2020-02-13,-0.004621330547312218,-0.001554538538888539,-0.001630442823536304,1.399497038688479,1.3492639271026912,1.2761465287365028,-0.004621330547312175,-0.0045900832,-3.12473e-05,-0.0046213305,-0.0014858398,-6.86987e-05,-0.0015545385,-0.0031042434,3.74514e-05,-0.003066792
2020-02-14,0.005667990030637582,0.0012415041158177409,0.001843541971700668,1.4074293739516721,1.3509390438215136,1.2784991584242686,0.0,0.0058325719,-0.0001645819,0.00566799,0.0014302144,-0.0001887103,0.0012415041,0.0044023575,2.41284e-05,0.0044264859
2020-02-18,-0.00011420699416820083,-0.0035282129332628058,-0.002919980119284293,1.407268635673369,1.346172643215053,1.2747659662991482,-0.0001142069941681978,0.000394951,-0.000509158,-0.000114207,-0.0029707569,-0.0005574561,-0.0035282129,0.0033657079,4.8298e-05,0.0034140059
2020-02-19,0.017246418903341082,0.00681449519586604,0.004705826501577137,1.431538980073725,1.355346130225048,1.2807647937666673,0.0,0.0179586646,-0.0007122457,0.0172464189,0.0073240997,-0.0005096045,0.0068144952,0.0106345649,-0.0002026412,0.0104319237
2020-02-20,-0.011840221236062307,-0.006104272979069543,-0.003815542725514209,1.414589241841605,1.3470727274650287,1.2758779809747163,-0.01184022123606232,-0.0112383634,-0.0006018578,-0.0118402212,-0.0055630802,-0.0005411928,-0.006104273,-0.0056752832,-6.0665e-05,-0.0057359483
2020-02-21,-0.013295876497592018,-0.009641141253470325,-0.01051810875629589,1.3957810379872568,1.3340854090208407,1.262458157611061,-0.024978671614395487,-0.014201321,0.0009054445,-0.0132958765,-0.01057922,0.0009380787,-0.0096411413,-0.003622101,-3.26342e-05,-0.0036547352
2020-02-24,-0.03251162034403905,-0.03461334760512308,-0.0335135944873044,1.3504019347968064,1.2879082470234795,1.2201486468596945,-0.056678194870208864,-0.0327192288,0.0002076084,-0.0325116203,-0.034662039,4.86914e-05,-0.0346133476,0.0019428103,0.000158917,0.0021017273
2020-02-25,-0.03029565660769008,-0.025667079493759286,-0.03028001574759209,1.3094906214978421,1.2548514036664598,1.1832025266183797,-0.08525674834896735,-0.0310754451,0.0007797885,-0.0302956566,-0.0264497943,0.0007827148,-0.0256670795,-0.0046256508,-2.9263e-06,-0.0046285771
2020-02-26,-0.0014690385233006832,-0.0012935197643489929,-0.003778518705585654,1.307566929328961,1.253228228574496,1.178731773739056,-0.08660054142457196,-0.0010722547,-0.0003967839,-0.0014690385,-0.0008773684,-0.0004161513,-0.0012935198,-0.0001948862,1.93675e-05,-0.0001755188
2020-02-27,-0.045632495480686965,-0.040417056641688744,-0.04416327866537872,1.2478993873356614,1.2025764322752375,1.126675113943682,-0.12828123809007708,-0.0471353125,0.0015028171,-0.0456324955,-0.0419115591,0.0014945025,-0.0404170566,-0.0052237534,8.3146e-06,-0.0052154388
2020-02-28,-0.01063993976084424,-0.009935722934529233,-0.008238327357692588,1.2346218130268156,1.190627966036556,1.1173931955292482,-0.13755627320519637,-0.0114998622,0.0009348759,-0.0105649863,-0.01060546,0.000669737,-0.0099357229,-0.0008944022,0.0002651388,-0.0006292634
2020-03-02,0.04042913711258995,0.04224159327951164,0.04603922524388837,1.2845365075878712,1.2409219883250844,1.1688371125442074,-0.10268841752271607,0.0395715623,0.0008575748,0.0404291371,0.0411916368,0.0010499565,0.0422415933,-0.0016200745,-0.0001923817,-0.0018124562
2020-03-03,-0.019224512542678263,-0.021050883906988085,-0.02810794018568197,1.25984191938622,1.2147994836112241,1.1359835088980097,-0.11993879529474116,-0.0202177867,0.0009932742,-0.0192245125,-0.0219296135,0.0008787296,-0.0210508839,0.0017118267,0.0001145446,0.0018263714
2020-03-04,0.0407253709326939,0.037354749920470734,0.04220259242118019,1.3111494488697808,1.2601780145250383,1.1839249579212145,-0.0840979762896461,0.0409727774,-0.0002474064,0.0407253709,0.0375418945,-0.0001871446,0.0373547499,0.0034308828,-6.02618e-05,0.003370621
2020-03-05,-0.024505581948627425,-0.02600388965626966,-0.03392202215889484,1.2790189686036046,1.2274084844880722,1.1437638292641426,-0.10654268838859393,-0.0264370499,0.0019314679,-0.0245055819,-0.0279084917,0.001904602,-0.0260038897,0.0014714418,2.68659e-05,0.0014983077
2020-03-06,-0.021986186737846924,-0.019016131188484893,-0.01705390979979771,1.2508982187186375,1.2040679237251877,1.1242581840876007,-0.12618640768397693,-0.0229817007,0.000995514,-0.0219861867,-0.0199968349,0.0009807037,-0.0190161312,-0.0029848658,1.48103e-05,-0.0029700555
2020-03-09,-0.067853323134729,-0.06817581680805004,-0.07596968075979771,1.1660206176752648,1.12197960953285,1.0388486487508757,-0.18547756372291446,-0.070753194,0.0028998709,-0.0678533231,-0.0708139738,0.002638157,-0.0681758168,6.07798e-05,0.0002617138,0.0003224937
2020-03-10,0.03967150849172664,0.03775411828479783,0.04939633578003022,1.2122784145108976,1.1643389604242844,1.0901639654292046,-0.153164229975446,0.0432989885,-0.00362748,0.0396715085,0.0411051058,-0.0033509875,0.0377541183,0.0021938827,-0.0002764925,0.0019173902
2020-03-11,-0.04469254637286686,-0.0393792870078587,-0.04886841091793503,1.1580986052535438,1.1184881223273047,1.0368893847986846,-0.19101147689747078,-0.0450046794,0.0003121331,-0.0446925464,-0.0394798192,0.0001005322,-0.039379287,-0.0055248602,0.0002116008,-0.0053132594
2020-03-12,-0.09623030082346656,-0.09314385597749394,-0.09511268047479748,1.0466544280867582,1.0143078257487126,0.938268056054618,-0.2688606858383591,-0.0949104047,-0.0013198961,-0.0962303008,-0.0916500556,-0.0014938004,-0.093143856,-0.0032603492,0.0001739043,-0.0030864448
2020-03-13,0.0720102520657333,0.07744606897167507,0.0928711945304439,1.1220242772790017,1.0928619795801573,1.0254061312101679,-0.21621115953041192,0.0749589341,-0.002948682,0.0720102521,0.0801437578,-0.0026976888,0.077446069,-0.0051848237,-0.0002509932,-0.0054358169
2020-03-16,-0.10118561270861387,-0.10066616052600692,-0.1198405028365707,1.0084915633085862,0.9828477601109714,0.9025209448342388,-0.29551931358750116,-0.1024742793,0.0012886666,-0.1011856127,-0.1017661884,0.0011000278,-0.1006661605,-0.0007080909,0.0001886388,-0.0005194522
2020-03-17,0.04073462287637,0.05011375679063347,0.05995482224354909,1.0495720868139624,1.0321019537233915,0.9566314276528556,-0.2668225585028018,0.0441457962,-0.0034111734,0.0407346229,0.0535370403,-0.0034232835,0.0501137568,-0.009391244,1.21101e-05,-0.0093791339
2020-03-18,-0.04797641245834842,-0.04621089141325007,-0.05183082330706679,0.9992173834722063,0.9844076024124766,0.9070484331561934,-0.30199778184122794,-0.0461088234,-0.0018675891,-0.0479764125,-0.0441731351,-0.0020377563,-0.0462108914,-0.0019356883,0.0001701672,-0.001765521
2020-03-19,0.013140492211306587,0.009000708194498507,0.004707893749218206,1.012347591717125,0.9932679679862372,0.9113187208048876,-0.2928256891300378,0.0171463242,-0.004005832,0.0131404922,0.0129513788,-0.0039506706,0.0090007082,0.0041949455,-5.51614e-05,0.004139784
2020-03-20,-0.0329371371724959,-0.030035172450224093,-0.0433595225347494,0.9790037602224921,0.9634349932784868,0.8718043761938091,-0.31611798641202704,-0.0334483386,0.0005112014,-0.0329371372,-0.0306419949,0.0006068224,-0.0300351725,-0.0028063437,-9.5621e-05,-0.0029019647
2020-03-23,-0.021438970002256145,-0.022868716601838396,-0.02929385835517062,0.9580149279749861,0.941402471452907,0.8462658622841698,-0.33077971238642223,-0.0212919709,-0.0001469991,-0.02143897,-0.0227605745,-0.0001081421,-0.0228687166,0.0014686036,-3.8857e-05,0.0014297466
2020-03-24,0.09869931620979172,0.08725505494053236,0.09382765710199337,1.05257034628489,1.0235445958206835,0.9256690054276916,-0.2647281276052419,0.0973801655,0.0013191507,0.0986993162,0.0857608353,0.0014942196,0.0872550549,0.0116193302,-0.0001750689,0.0114442613
2020-03-25,0.01061681708242424,0.01206816718459849,0.01153501979708493,1.0637452931177809,1.0358969031239398,0.936346615730848,-0.25692188063017507,0.0093036855,0.0013131316,0.0106168171,0.0105878892,0.001480278,0.0120681672,-0.0012842037,-0.0001671464,-0.0014513501
2020-03-26,0.051648892359322185,0.051867871771588234,0.06241416083633622,1.1186865592597568,1.0896266708637576,0.9947879040036323,-0.21854271882827536,0.048494627,0.0031542653,0.0516488924,0.0486253265,0.0032425453,0.0518678718,-0.0001306994,-8.828e-05,-0.0002189794
2020-03-27,-0.02835076140529,-0.02966884054726914,-0.0336873163071707,1.0869709435308785,1.057298710909849,0.9612761692229146,-0.24069762775520165,-0.030972779,0.0026220175,-0.0283507614,-0.0322816973,0.0026128568,-0.0296688405,0.0013089184,9.1608e-06,0.0013180791
2020-03-30,0.030023365149778825,0.03099641781845194,0.03351603599491648,1.1196054690757056,1.0900711835121213,0.9934943359116453,-0.21790081537420292,0.0312029523,-0.001084725,0.0301182273,0.032249748,-0.0012533302,0.0309964178,-0.0010467956,0.0001686051,-0.0008781905
2020-03-31,-0.010843251814554034,-0.01131044747866193,-0.0160127919593398,1.1074653050415657,1.0777419906430046,0.9775857177979096,-0.22638131377705784,-0.0107732199,-7.00319e-05,-0.0108432518,-0.0112001885,-0.000110259,-0.0113104475,0.0004269686,4.02271e-05,0.0004671957
2020-04-01,-0.04444950880031609,-0.0394927781227261,-0.04414239782712159,1.058239016219076,1.0351789653329952,0.934432740132762,-0.2607682843784134,-0.0437701113,-0.0006793975,-0.0444495088,-0.0386430788,-0.0008496993,-0.0394927781,-0.0051270325,0.0001703019,-0.0049567307
2020-04-02,0.018514628279236466,0.01997604685528194,0.02282938676381296,1.0778319182349572,1.0558577488480894,0.9557652665620223,-0.24708168395145746,0.0199042025,-0.0013895743,0.0185146283,0.0213172766,-0.0013412298,0.0199760469,-0.0014130741,-4.83445e-05,-0.0014614186
2020-04-03,-0.01452403194372237,-0.013257493483325743,-0.01513712453995009,1.0621774530245491,1.041859721623417,0.9412977286911144,-0.2580170936247601,-0.0134134659,-0.0011105661,-0.0145240319,-0.0121567942,-0.0011006993,-0.0132574935,-0.0012566717,-9.8667e-06,-0.0012665385
2020-04-06,0.0638155468137317,0.061690971713718776,0.07033130412070787,1.1299608880025274,1.10613306023975,1.0075004255158206,-0.21066704872798236,0.0643230921,-0.0005075453,0.0638155468,0.0621083226,-0.0004173508,0.0616909717,0.0022147696,-9.01945e-05,0.0021245751
2020-04-07,0.0010633406278044593,0.0002952180220380297,-0.001603045410860204,1.1311624213225704,1.106459610653905,1.0058853565822579,-0.20982771893203012,-0.0005059404,0.0015692811,0.0010633406,-0.0013422093,0.0016374273,0.000295218,0.0008362689,-6.81463e-05,0.0007681226
2020-04-08,0.02817550514707633,0.023376497494128776,0.03405642604938697,1.1630334939467237,1.132324760969711,1.0401422168428627,-0.1875642157597226,0.0284485345,-0.0002730294,0.0281755051,0.0236434331,-0.0002669356,0.0233764975,0.0048051014,-6.0937e-06,0.0047990077
2020-04-09,0.012171760753997138,0.010376468622059407,0.01448737809002254,1.1771896593839286,1.144074293321894,1.0552111504056594,-0.17767544176596384,0.0111221331,0.0010496277,0.0121717608,0.0092971884,0.0010792802,0.0103764686,0.0018249446,-2.96525e-05,0.0017952921
2020-04-13,-0.006828491495038568,-0.003251263924899376,-0.01010459456165635,1.169151229806778,1.1403546058446117,1.0445486695538713,-0.18329067801802634,-0.007111873,0.0002833815,-0.0068284915,-0.0034331302,0.0001818663,-0.0032512639,-0.0036787427,0.0001015151,-0.0035772276
2020-04-14,0.03868513081960589,0.03124217186453922,0.03057252419766576,1.2143799980797565,1.175981760426928,1.0764831590294466,-0.151696171055562,0.0374416454,0.0012434855,0.0386851308,0.0299890815,0.0012530903,0.0312421719,0.0074525638,-9.6049e-06,0.007442959
2020-04-15,-0.02340616128377679,-0.019492739185249488,-0.0220304561393645,1.1859560239849092,1.1530586546843153,1.0527677440096839,-0.1715517072934809,-0.0224592795,-0.0009468818,-0.0234061613,-0.0184986371,-0.0009941021,-0.0194927392,-0.0039606424,4.72203e-05,-0.0039134221
2020-04-16,0.0033349851726044537,0.007120328051740071,0.005816710738100639,1.18991116974026,1.1612688105685656,1.058891389450991,-0.16878884452103504,0.0044400302,-0.001105045,0.0033349852,0.0082672369,-0.0011469088,0.0071203281,-0.0038272066,4.18638e-05,-0.0037853429
2020-04-17,0.026838621912371644,0.023085660844213443,0.02679359182725793,1.2218467457342268,1.1880774684783146,1.0872628931293389,-0.1464802825897895,0.0261116361,0.0007269858,0.0268386219,0.0223423668,0.000743294,0.0230856608,0.0037692693,-1.63082e-05,0.0037529611
2020-04-20,-0.010389080769253363,-0.012116201747726034,-0.01788099743960814,1.2091528812051444,1.1736824821783038,1.0678215481211122,-0.15534756787211457,-0.0100852112,-0.0003038696,-0.0103890808,-0.0117854133,-0.0003307885,-0.0121162017,0.0017002021,2.69189e-05,0.001727121
2020-04-21,-0.03188006590102708,-0.03143653490334576,-0.03067484662576681,1.1706050076679075,1.13678597186186,1.0350662859088082,-0.18227514307181436,-0.0313536191,-0.0005264468,-0.0318800659,-0.0308495745,-0.0005869604,-0.0314365349,-0.0005040446,6.05136e-05,-0.000443531
2020-04-22,0.029931155209596577,0.023079547218309994,0.02293024819481393,1.2056425678415468,1.1630224773765583,1.0588006127427814,-0.1577996934603516,0.0301438236,-0.0002126684,0.0299311552,0.0233196824,-0.0002401352,0.0230795472,0.0068241411,2.74669e-05,0.006851608
2020-04-23,-0.0015586829946693877,-0.0007695534258982644,-0.000539418642451106,1.2037633532734027,1.1621274694446966,1.0582294759536293,-0.1591124167562603,-0.0011751528,-0.0003835302,-0.001558683,-0.0003171439,-0.0004524096,-0.0007695534,-0.0008580089,6.88794e-05,-0.0007891296
2020-04-24,0.012428275637757304,0.010318049754978423,0.01391807849024218,1.2187240560305157,1.1741183584960542,1.0729579968606398,-0.14866163409133937,0.0119553203,0.0004729554,0.0124282756,0.0098323373,0.0004857125,0.0103180498,0.002122983,-1.27571e-05,0.0021102259
2020-04-27,0.014977565289948869,0.012432863898390841,0.01471407319669771,1.236977575150144,1.1887160122478377,1.0887455793634293,-0.13591065813210412,0.0147036753,0.00027389,0.0149775653,0.0121688029,0.000264061,0.0124328639,0.0025348724,9.8289e-06,0.0025447014
2020-04-28,-0.010222905853206156,-0.007346447197312233,-0.005242350129234907,1.2243320698568567,1.1799831728312593,1.0830379938347494,-0.14474416212277852,-0.010336182,0.0001132762,-0.0102229059,-0.0073881354,4.16882e-05,-0.0073464472,-0.0029480466,7.1588e-05,-0.0028764587
2020-04-29,0.02758892010137335,0.02514986768700696,0.02658387435871479,1.2581100695096865,1.2096595935008603,1.111829339788567,-0.12114857714535088,0.0270465324,0.0006527341,0.0276992665,0.0244650681,0.0006847996,0.0251498677,0.0025814643,-3.20655e-05,0.0025493988
2020-04-30,-0.0031208804137639514,-0.00603882003840886,-0.009212419757034462,1.2541836584353945,1.2023546769079738,1.1015867012122482,-0.12389136733754658,-0.0040030083,0.0008821279,-0.0031208804,-0.0071123603,0.0010735402,-0.00603882,0.003109352,-0.0001914123,0.0029179396
2020-05-01,-0.02596303986808518,-0.023791868721964447,-0.02805904347915655,1.2216212381095353,1.1737484122777393,1.0706772320668732,-0.14663781069613546,-0.0261789544,0.0002159145,-0.0259630399,-0.0240343049,0.0002424362,-0.0237918687,-0.0021446495,-2.65216e-05,-0.0021711711
2020-05-04,0.0003954274688632302,0.0005939171755572456,0.004249817183674676,1.2221043007036305,1.1744455216195742,1.0752274145658802,-0.1463003678455954,0.0011391933,-0.0007437658,0.0003954275,0.0014750916,-0.0008811744,0.0005939172,-0.0003358983,0.0001374086,-0.0001984897
2020-05-05,0.011903253149351421,0.00954863820898028,0.009040573531170715,1.236651317569817,1.1856598770016766,1.0849480870699937,-0.13613856501055333,0.0125449494,-0.0006416962,0.0119032531,0.0103439626,-0.0007953244,0.0095486382,0.0022009868,0.0001536282,0.0023546149
2020-05-06,-0.002937837370542069,-0.0033477264090521716,-0.006979403438802989,1.2330182371147302,1.1816906121192847,1.0773757966601747,-0.13867644941723545,-0.0026386219,-0.0002992155,-0.0029378374,-0.0029410529,-0.0004066735,-0.0033477264,0.000302431,0.000107458,0.000409889
2020-05-07,0.011705453586960884,0.011699950655284954,0.01150462361589932,1.247451274861153,1.1955163339708939,1.0897705996936298,-0.1285942665725326,0.01146203,0.0002434236,0.0117054536,0.0113834167,0.000316534,0.0116999507,7.86133e-05,-7.31103e-05,5.5029e-06
2020-05-08,0.015257410597815617,0.013892135115500666,0.01687150101173485,1.2664841511624783,1.2121246084152055,1.1081566654689197,-0.11529887150033902,0.015203869,5.35416e-05,0.0152574106,0.0137252504,0.0001668847,0.0138921351,0.0014786185,-0.000113343,0.0013652755
2020-05-11,0.0031185090527856016,0.001276258168431675,0.0001774865178509888,1.270433693453088,1.2136715923478523,1.1083533483367072,-0.11253992302210314,0.0041130454,-0.0009945363,0.0031185091,0.0020335784,-0.0007573202,0.0012762582,0.002079467,-0.0002372161,0.0018422509
2020-05-12,-0.013782505133437758,-0.015087368775866156,-0.02054383139042848,1.2529239345513785,1.1953604814613075,1.085583524027461,-0.12477134608877205,-0.0142199248,0.0004374197,-0.0137825051,-0.0154672354,0.0003798666,-0.0150873688,0.0012473106,5.7553e-05,0.0013048636
2020-05-13,-0.018222213025020514,-0.014374000985896796,-0.01746268448705979,1.2300928877118364,1.1781783687222807,1.066626321463019,-0.14071994906594443,-0.0179392229,-0.0002829901,-0.018222213,-0.0140284861,-0.0003455148,-0.014374001,-0.0039107368,6.25247e-05,-0.003848212
2020-05-14,0.0039743854407774054,0.00600558926481412,0.01152482269503552,1.2349817509755623,1.1852540240855154,1.0789190006997382,-0.13730483894196155,0.004238718,-0.0002643325,0.0039743854,0.0062476096,-0.0002420203,0.0060055893,-0.0020088916,-2.23122e-05,-0.0020312038
2020-05-15,0.006016989412692418,0.004092087840411434,0.003926380368098004,1.2424126230960506,1.1901041876652745,1.0831552470828536,-0.13211401129149436,0.0060718712,-5.48817e-05,0.0060169894,0.0041479225,-5.58346e-05,0.0040920878,0.0019239487,9.529e-07,0.0019249016
2020-05-18,0.023949931238482672,0.026908515387913726,0.03150120473513285,1.2721683199890241,1.2221281245122861,1.117275942281144,-0.11132820153908296,0.0232791672,0.000670764,0.0239499312,0.0261205949,0.0007879205,0.0269085154,-0.0028414277,-0.0001171565,-0.0029585841
2020-05-19,-0.00501535163017712,-0.006648903018271292,-0.01048440880053891,1.2657879485315076,1.2140023131365023,1.1055619645592611,-0.11578520309218632,-0.0050829612,6.76096e-05,-0.0050153516,-0.0068161861,0.0001672831,-0.006648903,0.0017332249,-9.96736e-05,0.0016335514
2020-05-20,0.01547534057931782,0.017233973450087616,0.01665104312780974,1.2853764481362286,1.2349243967694419,1.1239707245116035,-0.10210167796476555,0.0148505663,0.0006247743,0.0154753406,0.0165706449,0.0006633286,0.0172339735,-0.0017200786,-3.85543e-05,-0.0017586329
2020-05-21,-0.008551043020129837,-0.00894295562883174,-0.007773563825670182,1.274385138831154,1.223880522684171,1.1152334663464278,-0.10977964514419125,-0.0080749675,-0.0004760755,-0.008551043,-0.0084254122,-0.0005175435,-0.0089429556,0.0003504446,4.1468e-05,0.0003919126
2020-05-22,0.0005097658279759325,0.00047767729209244737,0.002353731206609311,1.2750347768266106,1.2244651426180915,1.1178584261588225,-0.10932584122791711,0.0010263541,-0.0005165882,0.0005097658,0.0010345434,-0.0005568661,0.0004776773,-8.1894e-06,4.02779e-05,3.20885e-05
2020-05-26,0.011245699494094218,0.009854827000501441,0.01228916070310793,1.2893734347713222,1.236532034766737,1.1315959680012115,-0.09930958729121109,0.0100286956,0.0012170039,0.0112456995,0.0086129972,0.0012418298,0.009854827,0.0014156984,-2.48259e-05,0.0013908725
2020-05-27,0.009473103597311482,0.009356602988791807,0.01482734301099353,1.3015878028945322,1.2481017740989722,1.1483745295686227,-0.09077725370251544,0.0097012307,-0.0002281271,0.0094731036,0.0095056832,-0.0001490802,0.009356603,0.0001955475,-7.90469e-05,0.0001165006
2020-05-28,0.0012492041658335932,0.002733771291555449,-0.002107946629426261,1.3032137518001063,1.2515137988979432,1.1459538173496997,-0.08964144886017,0.0004717001,0.0007775041,0.0012492042,0.0019242312,0.0008095401,0.0027337713,-0.0014525311,-3.20361e-05,-0.0014845671
2020-05-29,0.0036548879051152756,0.004447168279234736,0.004812310007822562,1.3079768519793404,1.2570794913654266,1.1514685023734341,-0.08631419040229071,0.0035155428,0.0002136129,0.0037291557,0.0041536169,0.0002935514,0.0044471683,-0.0006380742,-7.99384e-05,-0.0007180126
2020-06-01,0.007969199125415528,0.004825877771230952,0.003751260548367386,1.3184003799641981,1.2631460033394772,1.1557879607390753,-0.07903284624754003,0.0069524223,0.0010167769,0.0079691991,0.0040223635,0.0008035143,0.0048258778,0.0029300588,0.0002132626,0.0031433214
2020-06-02,0.006314518833987906,0.007734368004216067,0.00821080396500995,1.3267254439942189,1.2729156393723595,1.1652779091098224,-0.07321738180968584,0.0064722742,-0.0001577553,0.0063145188,0.0077117094,2.26586e-05,0.007734368,-0.0012394352,-0.000180414,-0.0014198492
2020-06-03,0.01234771728545278,0.014112289315333142,0.01364896358761625,1.3431074746920761,1.2908793931491946,1.181182744860716,-0.0617737320552002,0.0118509401,0.0004967772,0.0123477173,0.0134995063,0.000612783,0.0141122893,-0.0016485663,-0.0001160058,-0.001764572
2020-06-04,-0.004436458221803943,-0.004026418873589277,-0.003368696103263957,1.337148834493212,1.2856817719970912,1.177203699150861,-0.06593613369553641,-0.0052499429,0.0008134847,-0.0044364582,-0.0050062084,0.0009797895,-0.0040264189,-0.0002437345,-0.0001663048,-0.0004100393
2020-06-05,0.024449507247066106,0.022647970613391938,0.02621170498176606,1.3698414646125598,1.314799854987455,1.208060215216447,-0.043098732427102826,0.024824113,-0.0003746058,0.0244495072,0.0231232521,-0.0004752815,0.0226479706,0.0017008609,0.0001006757,0.0018015366
2020-06-08,0.011496031690291432,0.007228605005813675,0.01204159139367489,1.385589205500421,1.3243040238008605,1.2226071827070384,-0.03209816513060482,0.0104706513,0.0010253804,0.0114960317,0.0065669901,0.0006616149,0.007228605,0.0039036612,0.0003637655,0.0042674267
2020-06-09,-0.00345465494376876,-0.0012176093120790227,-0.007799182648133396,1.3808024729016064,1.322691538889457,1.2130718459821863,-0.03544193198951917,-0.0043706531,0.0009159982,-0.0034546549,-0.0020981312,0.0008805219,-0.0012176093,-0.002272522,3.54763e-05,-0.0022370456
2020-06-10,0.010124040804642123,0.0018361302808898548,-0.0053130787794885,1.394781773480413,1.3251201728762885,1.2066266996993034,-0.02567670675053424,0.0092251808,0.00089886,0.0101240408,0.0010142955,0.0008218347,0.0018361303,0.0082108852,7.70253e-05,0.0082879105
2020-06-11,-0.05606726849633483,-0.05207064346832809,-0.05894412157460172,1.3165801692928927,1.256120312801758,1.1355031488170673,-0.08030435243538525,-0.0551428214,-0.0009244471,-0.0560672685,-0.0512372287,-0.0008334147,-0.0520706435,-0.0039055926,-9.10324e-05,-0.003996625
2020-06-12,0.007572250344239979,0.0077807029467638665,0.0130608573998201,1.3265496439330402,1.2658938118210645,1.1503337935208138,-0.07334018675151821,0.0086894992,-0.0011172488,0.0075722503,0.0087986531,-0.0010179501,0.0077807029,-0.0001091539,-9.92987e-05,-0.0002084526
2020-06-15,0.005092200858924526,0.006203232105035173,0.008312207568449193,1.333304701169282,1.2737464449561182,1.1598956067855604,-0.06862144885456345,0.0043521848,0.000740016,0.0050922009,0.0055394149,0.0006638172,0.0062032321,-0.0011872301,7.61989e-05,-0.0011110312
2020-06-16,0.021090952523815452,0.01911074787448977,0.01896243058250358,1.3614253673214232,1.2980886921217023,1.1818900467121825,-0.04897778805065511,0.021612511,-0.0005215584,0.0210909525,0.01962246,-0.0005117121,0.0191107479,0.001990051,-9.8463e-06,0.0019802046
2020-06-17,-0.0013967023201518582,0.0009575393563903717,-0.003600299544922136,1.3595238613521716,1.299331663132494,1.1776348885148566,-0.0503060829806008,-0.0014019017,5.1994e-06,-0.0013967023,0.0010170231,-5.94838e-05,0.0009575394,-0.0024189248,6.46831e-05,-0.0023542417
2020-06-18,0.00015384431812756288,0.00013539345278355613,0.000594188515139038,1.3597330163735994,1.2995075841326764,1.1783346256406393,-0.05015997796750704,0.0009619321,-0.0008080878,0.0001538443,0.0007500428,-0.0006146493,0.0001353935,0.0002118893,-0.0001934385,1.84509e-05
2020-06-19,0.00027611206239034134,-0.0019195722181022446,-0.005649463621948292,1.3601084550610507,1.2970130854769621,1.1716776670386004,-0.04989771568008272,0.000737769,-0.000461657,0.0002761121,-0.0015292455,-0.0003903268,-0.0019195722,0.0022670145,-7.13302e-05,0.0021956843
2020-06-22,0.0035718528574407403,0.006731626189964867,0.006495057687217143,1.3649665623326896,1.305744092731886,1.17928778107684,-0.046504090120973784,0.0024811766,0.0010906763,0.0035718529,0.00573105,0.0010005762,0.0067316262,-0.0032498734,9.01001e-05,-0.0031597733
2020-06-23,0.00635455287099137,0.007305621057393773,0.004307441642665166,1.373640314520168,1.3152833642713158,1.1843674943737366,-0.04044504994937348,0.0055077471,0.0008468058,0.0063545529,0.0065428181,0.000762803,0.0073056211,-0.001035071,8.40029e-05,-0.0009510682
2020-06-24,-0.02273525868164779,-0.022738837299359382,-0.02585515873649524,1.342410246634012,1.2853753498485962,1.1537454848043585,-0.062260779958030144,-0.0216935997,-0.001041659,-0.0227352587,-0.0219348721,-0.0008039652,-0.0227388373,0.0002412724,-0.0002376938,3.5786e-06
2020-06-25,0.00603851846996006,0.009788732571270737,0.01095946995898811,1.350516415702575,1.2979575454019676,1.16638992378539,-0.05659822435780071,0.0063822754,-0.000343757,0.0060385185,0.0101571845,-0.0003684519,0.0097887326,-0.0037749091,2.4695e-05,-0.0037502141
2020-06-26,-0.02199834960459318,-0.021409337178458967,-0.02422691778867359,1.3208072834432076,1.270169134669132,1.1381318909923042,-0.07735150643597188,-0.0217374337,-0.000260916,-0.0219983496,-0.0213083232,-0.000101014,-0.0214093372,-0.0004291104,-0.000159902,-0.0005890124
2020-06-29,0.008938252123546412,0.010053732210874114,0.01468569814393228,1.3326129919492393,1.282939075011613,1.1548461523914,-0.06910464157908647,0.0092961763,-0.0002886013,0.0090075749,0.0101889633,-0.0001352311,0.0100537322,-0.000892787,-0.0001533703,-0.0010461573
2020-06-30,0.023014261916098587,0.013668023589004591,0.01540985969003428,1.363282096378755,1.3004743165521273,1.1726421695633273,-0.04768077198390697,0.0227472534,0.0002670085,0.0230142619,0.0134842647,0.0001837589,0.0136680236,0.0092629887,8.32497e-05,0.0093462383
2020-07-01,0.006457079127314701,0.006383645083487963,0.005022110834792981,1.372084916747924,1.3087760830291877,1.1785313085084266,-0.04153157137414376,0.0058237607,0.0006333184,0.0064570791,0.0059193533,0.0004642918,0.0063836451,-9.55926e-05,0.0001690267,7.3434e-05
2020-07-02,0.005089725762055248,0.007393277942311628,0.004541282342595654,1.3790684526964234,1.3184522283752724,1.183883351929952,-0.03665322992085018,0.0051771609,-8.74352e-05,0.0050897258,0.0074523999,-5.91219e-05,0.0073932779,-0.0022752389,-2.83132e-05,-0.0023035522
2020-07-06,0.02216521552388584,0.0194163599990628,0.0158817383970018,1.4096358021726314,1.3440517714829734,1.2026854776178693,-0.015300441137806486,0.0213768442,0.0007883713,0.0221652155,0.01861719,0.0007991699,0.01941636,0.0027596542,-1.07986e-05,0.0027488555
2020-07-07,-0.007538652044070704,-0.008562092220963085,-0.01081856264073555,1.3990090483511874,1.3325438762657875,1.1896741494411573,-0.02272374848001857,-0.0073813687,-0.0001572834,-0.007538652,-0.0083507132,-0.000211379,-0.0085620922,0.0009693445,5.40956e-05,0.0010234402
2020-07-08,0.014881227403526116,0.008969976798213906,0.007827502448081614,1.419828020139292,1.3444967639184937,1.1989863267583274,-0.00818067834508418,0.0139940201,0.0008872073,0.0148812274,0.0081668402,0.0008031366,0.0089699768,0.0058271799,8.40707e-05,0.0059112506
2020-07-09,0.0005904451560363299,-0.0012089158123723578,-0.005643639942711776,1.420666350716188,1.3428713805209092,1.1922196796338689,-0.007595063430949733,0.0009449345,-0.0003544893,0.0005904452,-0.0008084705,-0.0004004453,-0.0012089158,0.001753405,4.5956e-05,0.001799361
2020-07-10,0.009255831924385241,0.008551933584482576,0.01046620453355751,1.4338157996790468,1.3543555273796264,1.2046976946498493,0.0,0.0090630562,0.0001927757,0.0092558319,0.0084647866,8.7147e-05,0.0085519336,0.0005982696,0.0001056287,0.0007038983
2020-07-13,-0.014871008826468392,-0.00786350491266727,-0.009362519779971379,1.41249351226649,1.3437055460365785,1.1934186886548042,-0.014871008826468413,-0.0148021966,-6.88122e-05,-0.0148710088,-0.007979223,0.0001157181,-0.0078635049,-0.0068229736,-0.0001845303,-0.0070075039
2020-07-14,0.011322721965213542,0.009883678826813303,0.01340635518283984,1.428486783583551,1.356986300091412,1.2094180834767494,-0.003716667159539333,0.010895757,0.0004269649,0.011322722,0.0094410852,0.0004425936,0.0098836788,0.0014546718,-1.56287e-05,0.0014390431
2020-07-15,0.02199658616025764,0.006756273049934088,0.00908203857989931,1.459908616197436,1.3661544700598491,1.220402065170113,0.0,0.0217695849,0.0002270012,0.0219965862,0.0066431312,0.0001131419,0.006756273,0.0151264538,0.0001138593,0.0152403131
2020-07-16,-0.008513962038011129,-0.0051886082562259735,-0.003406104334027549,1.4474790096601655,1.3590660296972166,1.216245248406681,-0.008513962038011247,-0.0079982084,-0.0005157536,-0.008513962,-0.0047234853,-0.000465123,-0.0051886083,-0.0032747232,-5.06306e-05,-0.0033253538
2020-07-17,0.003465462191439868,0.002970828718705417,0.00284863958800452,1.4524951934410455,1.363103582088858,1.2197098927700147,-0.005078004660113544,0.0027752157,0.0006902465,0.0034654622,0.002249143,0.0007216857,0.0029708287,0.0005260728,-3.14393e-05,0.0004946335
2020-07-20,0.015011685603218958,0.014276903645194447,0.008406905384326757,1.4742995946251691,1.38256448058876,1.2299638784348597,0.0,0.0146762654,0.0003354202,0.0150116856,0.0139990488,0.0002778549,0.0142769036,0.0006772166,5.75653e-05,0.000734782
2020-07-21,0.0018568161718237812,-0.00023898326693858532,0.001679049399724519,1.4770370979545824,1.3822340708124357,1.2320290485466285,0.0,0.000659176,0.0011976402,0.0018568162,-0.0013837981,0.0011448148,-0.0002389833,0.0020429741,5.28254e-05,0.0020957994
2020-07-22,0.007784765992124953,0.003028482247265568,0.005747091149111094,1.488535486123846,1.3864201421574567,1.2391096317869785,0.0,0.0075039193,0.0002808467,0.007784766,0.0026233983,0.0004050839,0.0030284822,0.004880521,-0.0001242372,0.0047562837
2020-07-23,-0.016258066286282048,-0.014033577577000998,-0.01231982710728263,1.4643347775209614,1.3669637075381733,1.2238440153563943,-0.016258066286282014,-0.0166985885,0.0004405222,-0.0162580663,-0.0144653711,0.0004317936,-0.0140335776,-0.0022332173,8.7286e-06,-0.0022244887
2020-07-24,-0.007347184842904617,-0.00555733126796237,-0.006190390832163994,1.4535760392386212,1.3593670373841018,1.2162679425837333,-0.023485800110993216,-0.008371299,0.0010241142,-0.0073471848,-0.0064564518,0.0008991205,-0.0055573313,-0.0019148472,0.0001249937,-0.0017898536
2020-07-27,0.007566877956479483,0.011640394289725714,0.007395129414764723,1.4645750717280026,1.3751906056837089,1.2252624014221696,-0.016096636337664005,0.0062332159,0.0013336621,0.007566878,0.0104650135,0.0011753807,0.0116403943,-0.0042317976,0.0001582813,-0.0040735163
2020-07-28,-0.008956869383063197,-0.007376955122104331,-0.006473401020556158,1.4514570641088445,1.3650458863012407,1.2173307865423542,-0.02490933025154407,-0.0090596402,0.0001027708,-0.0089568694,-0.0073694818,-7.4733e-06,-0.0073769551,-0.0016901584,0.0001102441,-0.0015799143
2020-07-29,0.003138425257599149,0.01092725134904435,0.01242838145188352,1.4560123536191645,1.3799620858038333,1.232460237910624,-0.02184908106515615,0.0022403562,0.0010032696,0.0032436258,0.0099285761,0.0009986753,0.0109272513,-0.0076882198,4.5943e-06,-0.0076836255
2020-07-30,-0.0039538056745575985,-0.004751740141005937,-0.003750260861025589,1.450255563713199,1.3734048645676529,1.2278381905176174,-0.025716499719014463,-0.0047797388,0.0008259332,-0.0039538057,-0.0055227243,0.0007709842,-0.0047517401,0.0007429855,5.4949e-05,0.0007979345
2020-07-31,0.0001811541959535509,0.0038796044080194017,0.007670459796317086,1.4505182835937707,1.3787331321342249,1.2372562739943656,-0.02554000417489022,0.0011894016,-0.0010082474,0.0001811542,0.0048030737,-0.0009234692,0.0038796044,-0.0036136721,-8.47782e-05,-0.0036984502
2020-08-03,0.011538999314608903,0.009697836411669748,0.007181026681992719,1.4672558130739868,1.3921038605050118,1.246141044310382,-0.014295710950950613,0.0118877767,-0.0003487774,0.0115389993,0.0100894942,-0.0003916578,0.0096978364,0.0017982825,4.28804e-05,0.0018411629
2020-08-04,0.005552410055055717,0.004054256413713915,0.003611960140957438,1.4754026190038376,1.39774780651002,1.250642056092442,-0.008822676545123143,0.0050724289,0.0004799811,0.0055524101,0.0035379129,0.0005163435,0.0040542564,0.0015345161,-3.63624e-05,0.0014981536
2020-08-05,0.003700309744471094,0.00635815288710275,0.006429740118735428,1.4808620656919556,1.4066349007614234,1.2586833594946774,-0.005155013436644373,0.0029595333,0.0007407765,0.0037003097,0.0055741255,0.0007840274,0.0063581529,-0.0026145922,-4.32509e-05,-0.0026578431
2020-08-06,0.0025356771439151637,0.00668747521093494,0.006427727877827971,1.4846170537852215,1.4160417367911013,1.2667738336138594,-0.002632407742477194,0.0023556362,0.0001800409,0.0025356771,0.0065228445,0.0001646307,0.0066874752,-0.0041672083,1.54102e-05,-0.0041517981
2020-08-07,-0.006461890548542019,-0.0037193809498617452,0.0006329945419150107,1.4750236208771623,1.4107749381310712,1.2675756945363776,-0.009077287960308378,-0.0054078231,-0.0010540674,-0.0064618905,-0.0027172913,-0.0010020896,-0.0037193809,-0.0026905318,-5.19778e-05,-0.0027425096
2020-08-10,0.0007450093565172767,-0.0006384298490118092,0.002742235802439597,1.4761225272757998,1.4098742573003304,1.2710516859882375,-0.008339041268253244,0.0011267062,-0.0003816968,0.0007450094,-0.0001926328,-0.0004457971,-0.0006384298,0.0013193389,6.41003e-05,0.0013834392
2020-08-11,-0.006987441680271105,-0.0061613526974269575,-0.007969123366671882,1.465808207203526,1.4011875247420804,1.2609225182971808,-0.01526821438399295,-0.0066924914,-0.0002949503,-0.0069874417,-0.0059361884,-0.0002251643,-0.0061613527,-0.0007563029,-6.97861e-05,-0.000826089
2020-08-12,0.014805762560351685,0.017701236143331377,0.01399650237424588,1.4875106154783961,1.4259902759986298,1.2785710233182674,-0.0006885093805312215,0.0145521829,0.0002535797,0.0148057626,0.0173283756,0.0003728606,0.0177012361,-0.0027761927,-0.0001192809,-0.0028954736
2020-08-13,0.0035190735789903905,-0.0008815872845719916,-0.002047125297676256,1.4927452747837937,1.4247331411033861,1.275953628231557,0.0,0.0031469877,0.0003720859,0.0035190736,-0.0012645973,0.00038301,-0.0008815873,0.004411585,-1.09241e-05,0.0044006609
2020-08-14,-0.0031539907802716947,-0.00213908282478879,-0.000171931831992933,1.4880371699498316,1.4216855189113444,1.275734251186717,-0.003153990780271676,-0.0035269649,0.0003729742,-0.0031539908,-0.0024688497,0.0003297668,-0.0021390828,-0.0010581153,4.32073e-05,-0.001014908
2020-08-17,0.004598459128888367,0.0059981701833514665,0.002709874438531212,1.4948798480581125,1.4302130306009808,1.2791913308243665,0.0,0.0040585853,0.0005398739,0.0045984591,0.0055066699,0.0004915003,0.0059981702,-0.0014480846,4.83736e-05,-0.0013997111
2020-08-18,0.01035137041999123,0.0045309373582511836,0.002303377597213663,1.510353903098742,1.4366932362515885,1.2821377914783374,0.0,0.0092625365,0.0010888339,0.0103513704,0.0035710118,0.0009599255,0.0045309374,0.0056915247,0.0001289084,0.0058204331
2020-08-19,-0.004209915670404455,-0.004223698350374344,-0.004404415625792857,1.5039954405342302,1.4306250773996387,1.2764907237551306,-0.004209915670404407,-0.0026106058,-0.0015993099,-0.0042099157,-0.0026826343,-0.0015410641,-0.0042236984,7.20285e-05,-5.82458e-05,1.37827e-05
2020-08-20,0.004052464868655964,0.004397977399214976,0.003158658903358758,1.510090329219614,1.4369169341567924,1.2805227225447746,-0.00017451133710277844,0.0032756675,0.0007767974,0.0040524649,0.0036926709,0.0007053065,0.0043979774,-0.0004170034,7.14909e-05,-0.0003455125
2020-08-21,0.003553874701784196,0.0032178658337028055,0.003441135899761028,1.5154570010380366,1.4415407400650846,1.2849291752557832,0.0,0.0044122894,-0.0008584147,0.0035538747,0.0040290814,-0.0008112155,0.0032178658,0.000383208,-4.71991e-05,0.0003360089
2020-08-24,0.006457444332879177,0.009245998999955544,0.01004368354743379,1.5252429802611116,1.4548692243061216,1.2978345972729173,0.0,0.0066791955,-0.0002217511,0.0064574443,0.0094446519,-0.0001986529,0.009245999,-0.0027654564,-2.30983e-05,-0.0027885547
2020-08-25,0.004151718914587859,0.004995962909693787,0.003596325569466652,1.531575360391604,1.4621376969892101,1.3025020330200283,0.0,0.0036017019,0.000550017,0.0041517189,0.0044100646,0.0005858983,0.0049959629,-0.0008083627,-3.58813e-05,-0.000844244
2020-08-26,0.014282776234906622,0.014571021923343207,0.01019566618848766,1.553450508550974,1.4834425374269866,1.315781908958527,0.0,0.014046322,0.0002364542,0.0142827762,0.01443396,0.000137062,0.0145710219,-0.000387638,9.93923e-05,-0.0002882457
2020-08-27,-0.0005593067132071086,-0.001138684999064802,0.001673024350840713,1.5525816532529064,1.4817533636626439,1.3179832441326103,-0.0005593067132071416,-0.0001856758,-0.0002869222,-0.000472598,-0.0009093287,-0.0002293563,-0.001138685,0.0007236528,-5.75659e-05,0.000666087
2020-08-28,0.005025280090801299,0.006067582452045757,0.006732576659826961,1.5603838109243415,1.490744024370263,1.3268566673601006,0.0,0.0037158917,0.0013093884,0.0050252801,0.0047493461,0.0013182364,0.0060675825,-0.0010334544,-8.848e-06,-0.0010423024
2020-08-31,-0.0010576736992414988,-0.00018804858563490007,-0.002194976639177226,1.5587334340068046,1.4904636920649363,1.3239442479717085,-0.0010576736992414792,-0.0011008915,4.32178e-05,-0.0010576737,-0.0002872592,9.92107e-05,-0.0001880486,-0.0008136323,-5.59928e-05,-0.0008696251
2020-09-01,0.011988153276764633,0.007955439580415146,0.00752504778148233,1.5774197693312961,1.5023209859139615,1.3339069916977142,0.0,0.012281173,-0.0002930197,0.0119881533,0.0082849874,-0.0003295478,0.0079554396,0.0039961857,3.6528e-05,0.0040327137
2020-09-02,0.010418132666639782,0.012289062870272448,0.01536585711652694,1.5938535377591698,1.520783102961188,1.3544036159388775,0.0,0.0109614004,-0.0005432678,0.0104181327,0.0128575189,-0.0005684561,0.0122890629,-0.0018961185,2.51883e-05,-0.0018709302
2020-09-03,-0.03647853934524674,-0.034288364784056724,-0.03512583639592948,1.5357120887714613,1.4686379371694251,1.3068290561113531,-0.0364785393452467,-0.0363852844,-9.3255e-05,-0.0364785393,-0.0341743288,-0.000114036,-0.0342883648,-0.0022109556,2.0781e-05,-0.0021901746
2020-09-04,-0.01352382614172778,-0.010511396546328038,-0.008132999137496877,1.5149433854791665,1.453200501428856,1.2962006165251436,-0.049509036062965195,-0.0132852689,-0.0002385573,-0.0135238261,-0.0102269694,-0.0002844272,-0.0105113965,-0.0030582995,4.58699e-05,-0.0030124296
2020-09-08,-0.02843499757018321,-0.026946138508925584,-0.02775637883138404,1.4718659739941014,1.414042359436114,1.2602227811713982,-0.07653624431299577,-0.0275761672,-0.0008588304,-0.0284349976,-0.0259184116,-0.0010277269,-0.0269461385,-0.0016577556,0.0001688966,-0.0014888591
2020-09-09,0.02159746305557194,0.021747809589767436,0.02014502497118698,1.5036545449901924,1.4447946834209962,1.2856100005673547,-0.05659176996638604,0.0212971543,0.0003003088,0.0215974631,0.0213732276,0.000374582,0.0217478096,-7.60733e-05,-7.42732e-05,-0.0001503465
2020-09-10,-0.016260844031184447,-0.014493582648668901,-0.01758479064184337,1.4792038529573253,1.4238544322664763,1.2630028178603177,-0.0719323840526983,-0.0161484893,-0.0001123548,-0.016260844,-0.0143394076,-0.000154175,-0.0144935826,-0.0018090816,4.18202e-05,-0.0017672614
2020-09-11,-0.0009928765888712733,0.0002420054846708669,0.0005330634075928486,1.4777351860815557,1.4241990128484576,1.2636760784462056,-0.07285384066146205,-0.001223406,0.0002305294,-0.0009928766,-1.7816e-06,0.000243787,0.0002420055,-0.0012216244,-1.32577e-05,-0.0012348821
2020-09-14,0.013641970748400466,0.011790621030838956,0.01274180851668838,1.4978944062639625,1.4409912036814487,1.2797775970648868,-0.060205739876273756,0.0132338295,0.0004081413,0.0136419707,0.0113871561,0.0004034649,0.011790621,0.0018466734,4.6764e-06,0.0018513497
2020-09-15,0.007454562056932285,0.008850147922878932,0.005219385613883576,1.5090605530701888,1.4537441889895968,1.2864572498439777,-0.053199985243432835,0.0073752011,7.93609e-05,0.0074545621,0.0087633713,8.67766e-05,0.0088501479,-0.0013881702,-7.4157e-06,-0.0013955859
2020-09-16,-0.006072466421244507,-0.007530879576256884,-0.004618958014818264,1.4998968335340455,1.442796216567633,1.2805151578190899,-0.05894939654067588,-0.0061364757,6.40093e-05,-0.0060724664,-0.0075664534,3.55738e-05,-0.0075308796,0.0014299777,2.84355e-05,0.0014584132
2020-09-17,-0.009710600500112961,-0.00948874175523875,-0.00841237162124231,1.4853319345922118,1.4291058958631873,1.2697429884448819,-0.06808756300125962,-0.0100610008,0.0003504003,-0.0097106005,-0.0098410797,0.0003523379,-0.0094887418,-0.0002199211,-1.9376e-06,-0.0002218587
2020-09-18,-0.0032335674184974083,-0.009474261917553389,-0.01118257020384228,1.4805290136428606,1.4155661722978596,1.2555439983357606,-0.07110096469443139,-0.0031475902,-8.59772e-05,-0.0032335674,-0.0093692788,-0.0001049831,-0.0094742619,0.0062216886,1.90059e-05,0.0062406945
2020-09-21,-0.00712049827849497,-0.00926421883222185,-0.01157112430598861,1.469986909349955,1.4024520575062016,1.2410159426593796,-0.07771518867622018,-0.0064177022,-0.0007027961,-0.0071204983,-0.008494995,-0.0007692238,-0.0092642188,0.0020772928,6.64277e-05,0.0021437206
2020-09-22,0.006189851723144838,0.00806673186288366,0.0105179423722821,1.4790859103537952,1.4137652622046537,1.2540688768273542,-0.07200638244761726,0.0070445944,-0.0008547427,0.0061898517,0.0090296231,-0.0009628913,0.0080667319,-0.0019850288,0.0001081486,-0.0018768801
2020-09-23,-0.02425813375559562,-0.02188556932639754,-0.02372141140135786,1.4432060465044159,1.3828242045474213,1.2243205930744938,-0.09451777574654208,-0.023635726,-0.0006224078,-0.0242581338,-0.0212530066,-0.0006325627,-0.0218855693,-0.0023827194,1.01549e-05,-0.0023725644
2020-09-24,-0.0005264893841119486,0.0014489315579513803,0.002987407782707008,1.4424462138418452,1.384827822176489,1.227978137942773,-0.09499450252511354,-0.0004932968,-3.31926e-05,-0.0005264894,0.001534867,-8.59354e-05,0.0014489316,-0.0020281638,5.27429e-05,-0.0019754209
2020-09-25,0.014606447413156313,0.01283551271191313,0.0159767633116592,1.4635152286106328,1.4026027972918462,1.2475972540045768,-0.08177558731762913,0.0149899705,-0.0003835231,0.0146064474,0.0132255506,-0.0003900378,0.0128355127,0.00176442,6.5147e-06,0.0017709347
2020-09-28,0.018471144096216585,0.016287057160815608,0.0161105485590245,1.4905480292853073,1.4254470692252583,1.2676967301473232,-0.06481493187830911,0.0180627182,0.0004848358,0.018547554,0.0157382848,0.0005487724,0.0162870572,0.0023244334,-6.39366e-05,0.0022604968
2020-09-29,-0.0018155142072271068,-0.00222621452963806,-0.004812626805108078,1.4878419181615854,1.422273718248519,1.2615957788830683,-0.06651277365587072,-0.0025717063,0.0007561921,-0.0018155142,-0.0030223014,0.0007960869,-0.0022262145,0.0004505951,-3.98947e-05,0.0004107003
2020-09-30,0.007091065392539392,0.005324018246922507,0.008253709372292528,1.4983923024970303,1.4298459294765924,1.27200862378728,-0.0598933546907644,0.0071291126,-3.80472e-05,0.0070910654,0.0053757665,-5.17482e-05,0.0053240182,0.0017533461,1.3701e-05,0.0017670471
2020-10-01,0.005823111072957934,0.007473947857481282,0.005292893250074426,1.5071176073053356,1.4405325233977322,1.2787412296461602,-0.05441900927470289,0.0056322035,0.0001909075,0.0058231111,0.0072737289,0.000200219,0.0074739479,-0.0016415254,-9.3114e-06,-0.0016508368
2020-10-02,-0.015705535317307038,-0.013305395016063407,-0.009571699006152401,1.4834475184964664,1.4213656691404388,1.26650150348923,-0.06926986491991316,-0.0155806087,-0.0001249266,-0.0157055353,-0.0131632521,-0.0001421429,-0.013305395,-0.0024173566,1.72163e-05,-0.0024001403
2020-10-05,0.020320405233976636,0.017332775008228416,0.01797553487594228,1.5135917732156519,1.44600188048807,1.289267545435634,-0.05035705141161184,0.0197013809,0.0006190243,0.0203204052,0.0166343198,0.0006984553,0.017332775,0.0030670611,-7.94309e-05,0.0029876302
2020-10-06,-0.00811382033755458,-0.013484581691750222,-0.01398802451424774,1.5013107615033794,1.4265031500042042,1.2712332394046564,-0.05806228368128363,-0.0075506997,-0.0005631207,-0.0081138203,-0.0129304795,-0.0005541021,-0.0134845817,0.0053797799,-9.0185e-06,0.0053707614
2020-10-07,0.01965926252141867,0.014801244076734095,0.01740579300495404,1.5308254238900054,1.4476171713036463,1.293360062030751,-0.03954448283734835,0.0194576594,0.0002016031,0.0196592625,0.0145732528,0.0002279913,0.0148012441,0.0048844066,-2.63882e-05,0.0048580184
2020-10-08,0.006577052158041332,0.006396621737244269,0.008007135650470065,1.5408937425477855,1.4568770307688153,1.3037161714923315,-0.033227516805491075,0.0065434467,3.36054e-05,0.0065770522,0.0063337408,6.28809e-05,0.0063966217,0.0002097059,-2.92755e-05,0.0001804304
2020-10-09,0.017687543747745886,0.011320321266903879,0.008790685934612519,1.5681483680297275,1.4733693468034914,1.315176730903796,-0.016127686214871262,0.0166670315,0.0010205123,0.0176875437,0.0103310285,0.0009892928,0.0113203213,0.006336003,3.12195e-05,0.0063672225
2020-10-12,0.012626601767104414,0.017254331918917138,0.01641871313410759,1.5879487529845735,1.4987913505523969,1.3367702403691588,-0.003704722319026854,0.0124833253,0.0001432764,0.0126266018,0.0170859849,0.000168347,0.0172543319,-0.0046026596,-2.50706e-05,-0.0046277302
2020-10-13,-0.005631087514537317,-0.004482073146951931,-0.006306907889152336,1.5790068745879169,1.4920736580872023,1.3283393535941905,-0.009314948217968744,-0.0046928536,-0.0009382339,-0.0056310875,-0.0035457669,-0.0009363063,-0.0044820731,-0.0011470868,-1.9276e-06,-0.0011490144
2020-10-14,-0.006490455978858337,-0.006757320152459229,-0.006623138843883547,1.5687583999780894,1.4819912386884562,1.3195415776235417,-0.01574494593547293,-0.006772553,0.000282097,-0.006490456,-0.0070184663,0.0002611462,-0.0067573202,0.0002459133,2.09508e-05,0.0002668642
2020-10-15,-0.008792332603662311,-0.007081554338147391,-0.001527802858969141,1.554965354350693,1.4714964372030255,1.3175255782287199,-0.024398843737643894,-0.0082290791,-0.0005632535,-0.0087923326,-0.0065892428,-0.0004923115,-0.0070815543,-0.0016398363,-7.0942e-05,-0.0017107783
2020-10-16,0.0025454568586779865,0.0009869809322378604,0.0001349279714295548,1.5589234515769317,1.4729487761284008,1.3177033492822967,-0.02191549308310159,0.002477407,6.80498e-05,0.0025454569,0.0009528132,3.41677e-05,0.0009869809,0.0015245938,3.38821e-05,0.0015584759
2020-10-19,-0.013484348832380873,-0.012968844983651747,-0.01632982280893613,1.5379023839528891,1.4538463317819321,1.2961854870737752,-0.035104325761916355,-0.0140939712,0.0006096224,-0.0134843488,-0.0136149837,0.0006461388,-0.012968845,-0.0004789875,-3.65164e-05,-0.0005155038
2020-10-20,0.0029879236901586377,0.0036046071895013,0.004727276971741246,1.5424975189190535,1.4590868767219034,1.3023129148779242,-0.03222129111832872,0.002518681,0.0004692427,0.0029879237,0.0031255375,0.0004790697,0.0036046072,-0.0006068566,-9.8269e-06,-0.0006166835
2020-10-21,-0.006114905762476958,-0.002091413143814295,-0.002195682985199454,1.533065291952009,1.45603532324996,1.2994534485693212,-0.03813916672207174,-0.0072218838,0.0011069781,-0.0061149058,-0.0030894634,0.0009980502,-0.0020914131,-0.0041324205,0.0001089278,-0.0040234926
2020-10-22,0.0022779769642644666,0.0018454519038324894,0.005218945382994278,1.536557579371789,1.458722366409299,1.3062352251451481,-0.035948069901036495,0.0028805195,-0.0006025426,0.002277977,0.0023931131,-0.0005476612,0.0018454519,0.0004874064,-5.48814e-05,0.0004325251
2020-10-23,0.004205092553543987,0.00321789720734779,0.003445789621513429,1.5430189462068968,1.4634163850384632,1.3107362369272084,-0.03189414230854759,0.0038486537,0.0003564388,0.0042050926,0.0028682253,0.0003496719,0.0032178972,0.0009804285,6.7669e-06,0.0009871953
2020-10-26,-0.01849901628123425,-0.017639269460318362,-0.01858953826264864,1.5144746135987626,1.4376027890901246,1.28637025549861,-0.049803148331939995,-0.017995116,-0.0005039003,-0.0184990163,-0.0171799122,-0.0004593573,-0.0176392695,-0.0008152038,-4.4543e-05,-0.0008597468
2020-10-27,-0.002577365710501793,-0.0008021989658441708,-0.003025607400241714,1.5105712586602476,1.4364495456194217,1.2824782041341227,-0.05225215311565612,-0.0022574212,8.04888e-05,-0.0021769324,-0.0008528185,5.06196e-05,-0.000802199,-0.0014046027,2.98693e-05,-0.0013747334
2020-10-28,-0.03490132109551456,-0.03490132109551456,-0.03528790685054317,1.4578503261240907,1.3863155587902523,1.2372222327287858,-0.0853298050373491,-0.0343815287,-0.0005197924,-0.0349013211,-0.0343815287,-0.0005197924,-0.0349013211,0.0,0.0,0.0
2020-10-29,0.010529406433905104,0.010529406433905104,0.01194730711732994,1.4732006247276526,1.4009126387544013,1.2520037067155854,-0.07569887080160798,0.0113674378,-0.0008380314,0.0105294064,0.0113674378,-0.0008380314,0.0105294064,0.0,0.0,0.0
2020-10-30,-0.014689812403974918,-0.014689812403974918,-0.01212950627018439,1.4515595839169846,1.3803334948967416,1.2368175199046845,-0.08927668099431463,-0.0144231021,-0.0002667103,-0.0146898124,-0.0144231021,-0.0002667103,-0.0146898124,0.0,0.0,0.0
2020-11-02,0.01033723241577707,0.01033723241577707,0.01231819349472163,1.4665646927012832,1.394602323044771,1.2520528774325321,-0.07986232237928492,0.0105125431,-0.0001753107,0.0103372324,0.0105125431,-0.0001753107,0.0103372324,0.0,0.0,0.0
2020-11-03,0.018863179004550337,0.018863179004550337,0.01779931364493215,1.494228765021461,1.4209089563045263,1.2743385592979934,-0.06250560065749411,0.0177916521,0.0010715269,0.018863179,0.0177916521,0.0010715269,0.018863179,0.0,0.0,0.0
2020-11-04,0.02708194021087662,0.02708194021087662,0.02204703843094435,1.5346953790971443,1.4593899277042646,1.3024339504888707,-0.03711643338646864,0.0271524558,-7.05156e-05,0.0270819402,0.0271524558,-7.05156e-05,0.0270819402,0.0,0.0,0.0
2020-11-05,0.02125773917272096,0.02125773917272096,0.01946019097181884,1.5673195331755714,1.4904132581386977,1.3277795638935646,-0.016647705673698887,0.0196274286,0.0016303106,0.0212577392,0.0196274286,0.0016303106,0.0212577392,0.0,0.0,0.0
2020-11-06,0.0021938309650952324,0.0021938309650952324,-0.0002877124015439048,1.5707579672996506,1.493682972895191,1.3273975452465159,-0.01449039696080845,0.0015364822,0.0006573488,0.002193831,0.0015364822,0.0006573488,0.002193831,0.0,0.0,0.0
2020-11-09,0.006467929189023249,0.006467929189023249,0.01169987234430558,1.5809175186052389,1.503344008594727,1.3429279270760448,-0.008116190633248532,0.0078630009,-0.0013950717,0.0064679292,0.0078630009,-0.0013950717,0.0064679292,0.0,0.0,0.0
2020-11-10,-0.004355902520764728,-0.004355902520764728,-0.001399802844669673,1.5740311960008253,1.4967955886381128,1.3410480927435373,-0.0124367398187748,-0.0044745072,0.0001186047,-0.0043559025,-0.0044745072,0.0001186047,-0.0043559025,0.0,0.0,0.0
2020-11-11,0.012289669529499406,0.012289669529499406,0.007651888434169196,1.5933755192287982,1.5151907117756878,1.3513096431340663,-0.0002999137116724837,0.0126991249,-0.0004094554,0.0122896695,0.0126991249,-0.0004094554,0.0122896695,0.0,0.0,0.0
2020-11-12,-0.007842603588256149,-0.007842603588256149,-0.009978559392721298,1.5808793066642548,1.5033076716626232,1.337825519602096,-0.008140165195577365,-0.007970739,0.0001281355,-0.0078426036,-0.007970739,0.0001281355,-0.0078426036,0.0,0.0,0.0
2020-11-13,0.01005114705171882,0.01005114705171882,0.013610365817456,1.5967689570465566,1.5184176381344814,1.3560338143238087,0.0,0.0095238753,0.0005272717,0.0100511471,0.0095238753,0.0005272717,0.0100511471,0.0,0.0,0.0
2020-11-16,0.011090074222050468,0.011090074222050468,0.01164804819882015,1.614477243295669,1.5352570024414636,1.3718289615522823,0.0,0.010851643,0.0002384312,0.0110900742,0.010851643,0.0002384312,0.0110900742,0.0,0.0,0.0
2020-11-17,-0.0027308880493809922,-0.0027308880493809922,-0.004791957892531062,1.6100682866859553,1.5310643874407677,1.3652552149327692,-0.0027308880493810417,-0.0030644169,0.0003335288,-0.002730888,-0.0030644169,0.0003335288,-0.002730888,0.0,0.0,0.0
2020-11-18,-0.007117274714674539,-0.007117274714674539,-0.01156383241031389,1.598608988380226,1.520167381589497,1.3494676324299797,-0.009828726283593214,-0.0072380884,0.0001208137,-0.0071172747,-0.0072380884,0.0001208137,-0.0071172747,0.0,0.0,0.0
2020-11-19,0.003492978675444617,0.003492978675444617,0.003946420613320845,1.604192895487012,1.5254772938364953,1.3547931993116107,-0.00637007913946408,0.0034597436,3.32351e-05,0.0034929787,0.0034597436,3.32351e-05,0.0034929787,0.0,0.0,0.0
2020-11-20,-0.005581677630997831,-0.005581677630997831,-0.006792541326178791,1.5952388078864665,1.516962571348893,1.3455907105168605,-0.011916201042221353,-0.0054543936,-0.000127284,-0.0055816776,-0.0054543936,-0.000127284,-0.0055816776,0.0,0.0,0.0
2020-11-23,0.004380522111339116,0.004380522111339116,0.00563591695385024,1.6022267867572795,1.5236076594347607,1.3531743480152059,-0.007587878113030855,0.0046022513,-0.0002217292,0.0043805221,0.0046022513,-0.0002217292,0.0043805221,0.0,0.0,0.0
2020-11-24,0.014780767668867358,0.014780767668867358,0.01616171780444375,1.6259089286451747,1.5461277502673727,1.3750439699680397,0.0,0.0142948615,0.0004859062,0.0147807677,0.0142948615,0.0004859062,0.0147807677,0.0,0.0,0.0
2020-11-25,0.0020702099651097646,0.0021451262067547117,-0.001584415512968174,1.6292749015116168,1.549444389423462,1.3728653289710089,0.0,0.0017836917,0.0003614345,0.0021451262,0.0017836917,0.0003614345,0.0021451262,0.0,0.0,0.0
2020-11-27,0.0051417776550208745,0.005576855310464349,0.002396925323378207,1.6376522707940955,1.5580854165948872,1.3761559846436076,0.0,0.0048445034,0.0002972743,0.0051417777,0.0051393122,0.0004375431,0.0055768553,-0.0002948088,-0.0001402688,-0.0004350777
2020-11-30,-0.006127310451313744,-0.005513513785371557,-0.004595489713743794,1.627617866919641,1.5494948911717048,1.3698318739716708,-0.006127310451313761,-0.0057580442,-0.0003692663,-0.0061273105,-0.0050953392,-0.0004181746,-0.0055135138,-0.000662705,4.89083e-05,-0.0006137967
2020-12-01,0.014367594972649392,0.013018946522290494,0.01127116795476057,1.65100282120179,1.5696676822964315,1.3852714790929899,0.0,0.012836925,0.0015306699,0.014367595,0.0115085128,0.0015104337,0.0130189465,0.0013284122,2.02362e-05,0.0013486485
2020-12-02,0.002575676591895954,0.002377781579881728,0.0017911507324333,1.6552552705215138,1.5734000091979317,1.3877527091173862,0.0,0.0022589944,0.0003166821,0.0025756766,0.0019388416,0.0004389399,0.0023777816,0.0003201528,-0.0001222578,0.000197895
2020-12-03,0.004402870279774943,0.000196176246103874,-0.0006241465681479097,1.6625431447575338,1.5737086729053558,1.3868865480265526,0.0,0.0036013294,0.0008015409,0.0044028703,-0.0004860523,0.0006822285,0.0001961762,0.0040873816,0.0001193124,0.004206694
2020-12-04,0.007217454261832602,0.008389279551554,0.008836235109307422,1.6745424738631447,1.586910954895064,1.399141403634851,0.0,0.0073054819,-8.80276e-05,0.0072174543,0.0084820601,-9.27806e-05,0.0083892796,-0.0011765783,4.753e-06,-0.0011718253
2020-12-07,0.0031924647996065753,0.0018265013645248683,-0.001935595492982056,1.6798883917663991,1.5898094499195592,1.3964332318399308,0.0,0.0033844618,-0.000191997,0.0031924648,0.0019246872,-9.81858e-05,0.0018265014,0.0014597746,-9.38112e-05,0.0013659634
2020-12-08,0.0012542659949844948,0.0019181153129500567,0.002787137455443789,1.681995418651561,1.5928588877701229,1.4003252832044184,0.0,0.0013942434,-0.0001399774,0.001254266,0.0020228783,-0.000104763,0.0019181153,-0.0006286349,-3.52144e-05,-0.0006638493
2020-12-09,-0.00935561992996881,-0.009013154015166315,-0.007949220068876994,1.6662593087907083,1.5785022052902242,1.389193789360214,-0.009355619929968806,-0.0093653651,9.7452e-06,-0.0093556199,-0.0089305351,-8.2619e-05,-0.009013154,-0.0004348301,9.23641e-05,-0.0003424659
2020-12-10,0.000800811230239713,0.0007161099274237354,-0.001285116068851844,1.6675936679576795,1.5796325863898928,1.387408514098758,-0.008562300785234789,0.0007464064,5.44048e-05,0.0008008112,0.0004423942,0.0002737157,0.0007161099,0.0003040122,-0.0002193109,8.47013e-05
2020-12-11,-0.004128993854381431,-0.0017850829954613435,-0.001264960061067022,1.6607081839510767,1.5768128111208517,1.3856534977400388,-0.01265594095229472,-0.0035990168,-0.000529977,-0.0041289939,-0.0013383395,-0.0004467435,-0.001785083,-0.0022606773,-8.32336e-05,-0.0023439109
2020-12-14,0.0003456985956098855,-0.0008729800480301677,-0.004359266922526861,1.6612822884379863,1.575436284997265,1.379613064281257,-0.012314617497698244,-0.0002870982,0.0006327968,0.0003456986,-0.0013806762,0.0005076961,-0.00087298,0.001093578,0.0001251007,0.0012186786
2020-12-15,0.00864794804062298,0.009563230304924574,0.01292121431450122,1.6756489713492053,1.5905025450214287,1.3974393403559209,-0.0037731656293354954,0.0080380347,0.0006099134,0.008647948,0.0091462393,0.000416991,0.0095632303,-0.0011082046,0.0001929224,-0.0009152823
2020-12-16,0.0036773619487571103,0.00407768454689968,0.001772848087218781,1.6818109391159188,1.5969881126710672,1.3999167880174752,-0.00010967897629010626,0.0031702198,0.0005071421,0.0036773619,0.0035999161,0.0004777684,0.0040776845,-0.0004296963,2.93737e-05,-0.0004003226
2020-12-17,0.006622491939621521,0.0064997433794929,0.005757638800703457,1.6929487185041814,1.60736812558353,1.4079770032339207,0.0,0.0058373496,0.0007851423,0.0066224919,0.0057636076,0.0007361358,0.0064997434,7.37421e-05,4.90065e-05,0.0001227486
2020-12-18,-0.00040574524190718466,-0.0016970190215593811,-0.003511100126797229,1.6922618126168554,1.6046403912997664,1.4030334549993386,-0.00040574524190717387,-4.30074e-05,-0.0003627379,-0.0004057452,-0.0014127624,-0.0002842566,-0.001697019,0.0013697551,-7.84813e-05,0.0012912738
2020-12-21,-0.006540497276770236,-0.0050361908468603035,-0.003906281591951277,1.6811935788398527,1.5965591160486001,1.3975528112411828,-0.0069435887430276955,-0.0061563406,-0.0003841566,-0.0065404973,-0.0047218535,-0.0003143373,-0.0050361908,-0.0014344871,-6.98193e-05,-0.0015043064
2020-12-22,-0.0012037552271614443,-0.0013082001803158324,-0.002073116603336422,1.679169833281454,1.5944704971251005,1.3946555213041592,-0.008138985588944436,-0.0001101738,-0.0010935815,-0.0012037552,-0.0002913204,-0.0010168798,-0.0013082002,0.0001811466,-7.67017e-05,0.000104445
2020-12-23,0.0014285636315385154,0.0006176206304363722,0.0007458112528002658,1.6815686342364564,1.5954552749987472,1.3956956710857278,-0.00672204901621587,0.000797853,0.0006307106,0.0014285636,0.0001607127,0.000456908,0.0006176206,0.0006371404,0.0001738026,0.000810943
2020-12-24,0.00454053766952945,0.004224713741246401,0.003536575781637463,1.6892038599641064,1.6021956168225784,1.4006316545946258,-0.00221203306346085,0.0043875548,0.0001529829,0.0045405377,0.0041686815,5.60322e-05,0.0042247137,0.0002188733,9.69507e-05,0.0003158239
2020-12-28,0.009758901373469893,0.010518201015227475,0.008722515973276224,1.7056886338331805,1.6190478323860344,1.4128486865745038,0.0,0.0098937583,-5.60948e-05,0.0098376635,0.0103934598,0.0001247412,0.010518201,-0.0004997015,-0.000180836,-0.0006805375
2020-12-29,-0.0001839103587011632,0.0009106555700134148,-0.002227362289043189,1.7053749400246998,1.620522227312715,1.4097017606899036,-0.0001839103587011337,-0.0008401277,0.0006562174,-0.0001839104,0.0002739356,0.00063672,0.0009106556,-0.0011140633,1.94974e-05,-0.0010945659
2020-12-30,0.0020850849285418216,0.0018204039664993274,0.001341547179531277,1.7089307916096583,1.6234722324031152,1.4115929421109374,0.0,0.0010755812,0.0010095037,0.0020850849,0.0009731082,0.0008472958,0.001820404,0.000102473,0.000162208,0.000264681
2020-12-31,0.002440335638780886,0.002611866867996809,0.00643883774021714,1.7131011563246337,1.6277125257380418,1.4206819600204255,0.0,0.0028455607,-0.0004052251,0.0024403356,0.0032462133,-0.0006343465,0.0026118669,-0.0004006526,0.0002291214,-0.0001715312
2021-01-04,-0.010471115778584467,-0.00888561340222039,-0.01475478359029514,1.6951630757763314,1.6132493015043818,1.3997201051496877,-0.010471115778584505,-0.0104976774,2.65616e-05,-0.0104711158,-0.0091747265,0.0002891131,-0.0088856134,-0.001322951,-0.0002625514,-0.0015855024
2021-01-05,0.0083823102991472,0.006445124891424455,0.007082539553862066,1.7093724586851453,1.6236468947335807,1.4096336781587464,-0.002176577621071707,0.0077813737,0.0006009366,0.0083823103,0.0058645326,0.0005805923,0.0064451249,0.0019168411,2.03443e-05,0.0019371854
2021-01-06,0.0008350792871091379,0.0006854128568415108,0.005709900559720538,1.7107999202193482,1.6247597631902018,1.417682546286666,-0.0013433159488507318,0.0008127415,2.23378e-05,0.0008350793,0.0005925296,9.28833e-05,0.0006854129,0.0002202119,-7.05455e-05,0.0001496664
2021-01-07,0.01839865289745934,0.016186212435913096,0.01484736429268918,1.742276334128465,1.6510584698745223,1.4387313955027714,0.0,0.0192831493,-0.0008844964,0.0183986529,0.0171229745,-0.0009367621,0.0161862124,0.0021601748,5.22657e-05,0.0022124405
2021-01-08,0.009264096979067963,0.007706192599279996,0.005491890982414871,1.7584169510521663,1.663781844436048,1.4466327514798503,0.0,0.0096486693,-0.0003845723,0.009264097,0.008167334,-0.0004611414,0.0077061926,0.0014813353,7.65691e-05,0.0015579044
2021-01-11,-0.010170344603377941,-0.0071969181746996,-0.006554796741165214,1.7405332447035446,1.6518077426410909,1.4371503678347872,-0.010170344603377957,-0.0092809009,-0.0008894437,-0.0101703446,-0.0062704184,-0.0009264997,-0.0071969182,-0.0030104825,3.70561e-05,-0.0029734264
2021-01-12,0.003226634314880563,0.00010070405158146058,0.0004158321511944507,1.7461493089970954,1.6519740863732084,1.4377479811638338,-0.006976526271388894,0.0021726413,0.001053993,0.0032266343,-0.0007760693,0.0008767733,0.0001007041,0.0029487106,0.0001772197,0.0031259303
2021-01-13,0.0015575155515044567,0.0024156511584467813,0.002275603166376872,1.748868963701107,1.65596467948868,1.4410197250222223,-0.005429876768047626,0.001919263,-0.0003617474,0.0015575156,0.0028057168,-0.0003900657,0.0024156512,-0.0008864538,2.83182e-05,-0.0008581356
2021-01-14,-0.002010956054769617,-0.002775055009638785,-0.003753438464607517,1.7453520650695535,1.6513692864090799,1.4356109461580657,-0.007429913579253933,-0.0021536261,0.00014267,-0.0020109561,-0.0028162278,4.11728e-05,-0.002775055,0.0006626017,0.0001014973,0.000764099
2021-01-15,-0.008939299974062717,-0.008721897808889703,-0.00719001775768402,1.729749839399547,1.6369662122482809,1.4252888779620636,-0.016302795327050368,-0.0080648067,-0.0008744933,-0.0089393,-0.0079211607,-0.0008007371,-0.0087218978,-0.0001436459,-7.37562e-05,-0.0002174022
2021-01-19,0.00937621025922411,0.009596138184796502,0.008136402839514334,1.7459683375896162,1.6526747662248582,1.4368856024358423,-0.007079443504625749,0.0089698522,0.0004063581,0.0093762103,0.0091886673,0.0004074709,0.0095961382,-0.0002188151,-1.1128e-06,-0.0002199279
2021-01-20,0.014344475905492479,0.013588186515790536,0.01393557625740027,1.7710133383399231,1.6751316191982621,1.4569094313217474,0.0,0.0142721055,7.23704e-05,0.0143444759,0.0135937842,-5.5976e-06,0.0135881865,0.0006783213,7.79681e-05,0.0007562894
2021-01-21,0.0027992384070241847,0.0036926575907589125,0.0003167309215053038,1.7759708268959562,1.681317306687415,1.4573708795884797,0.0,0.0020380265,0.0007612119,0.0027992384,0.0029670122,0.0007256454,0.0036926576,-0.0009289857,3.55665e-05,-0.0008934192
2021-01-22,-0.0028360577633192077,-0.0031911791617517168,-0.003010586363601075,1.7709340710449095,1.6759519219340215,1.4529833386916813,-0.0028360577633191886,-0.0025474926,-0.0002885651,-0.0028360578,-0.0029889455,-0.0002022336,-0.0031911792,0.0004414529,-8.63315e-05,0.0003551214
2021-01-25,0.0031049616568510317,0.003499399249654133,0.003615803325289546,1.776432753432315,1.681816746832094,1.458237040679313,0.0,0.0033511784,-0.0002462168,0.0031049617,0.0037887359,-0.0002893366,0.0034993992,-0.0004375574,4.31198e-05,-0.0003944376
2021-01-26,-0.0010414404852739892,-0.00042531519829677164,-0.001488836321381193,1.7745827044435238,1.681101444608916,1.4560659644079663,-0.0010414404852739922,-0.0013585763,0.0003171358,-0.0010414405,-0.0006782658,0.0002529506,-0.0004253152,-0.0006803104,6.41852e-05,-0.0006161253
2021-01-27,-0.024141225619945215,-0.02456030260616901,-0.02567785911336706,1.7317421029943,1.6398130844176533,1.4186773077141297,-0.025157524455494462,-0.0235678474,-0.0005733782,-0.0241412256,-0.0239859286,-0.000574374,-0.0245603026,0.0004180811,9.958e-07,0.000419077
2021-01-28,0.005904930707034884,0.0066093313310819435,0.009760662477304782,1.7419679201149363,1.6506511524136132,1.4325245380789389,-0.01940114718712982,0.0060564314,-7.72788e-05,0.0059791526,0.0067388813,-0.00012955,0.0066093313,-0.0006824499,5.22712e-05,-0.0006301787
2021-01-29,-0.02260846334591582,-0.020359492914695795,-0.01931150293870709,1.7025847022432565,1.6170447319714139,1.4048603362520575,-0.04157098040799678,-0.022495378,-0.0001130853,-0.0226084633,-0.0202655357,-9.39572e-05,-0.0203594929,-0.0022298423,-1.91281e-05,-0.0022489704
2021-02-01,0.019288033258888296,0.01684686894414336,0.01605173602136656,1.735424212606199,1.6442868726477537,1.4274107835164638,-0.023084769601822486,0.0200474498,-0.0007594166,0.0192880333,0.0177159707,-0.0008691018,0.0168468689,0.0023314791,0.0001096852,0.0024411643
2021-02-02,0.015108115387550074,0.014225809311149206,0.01389823681853586,1.7616432018566017,1.6676781841508665,1.4472492766231073,-0.008325421577111691,0.015210446,-0.0001023306,0.0151081154,0.0143680157,-0.0001422064,0.0142258093,0.0008424303,3.98758e-05,0.0008823061
2021-02-03,-0.0006648592221445418,0.0010011074465997995,0.001008804827627774,1.7604719571277192,1.669347709199552,1.4487092686801455,-0.00898474556594242,-0.0005277578,-0.0001371015,-0.0006648592,0.0011316971,-0.0001305896,0.0010011074,-0.0016594548,-6.5119e-06,-0.0016659667
2021-02-04,0.008800268189712933,0.008677231095314583,0.01085330416143404,1.775964582490912,1.6838330250507105,1.4644325510146199,-0.00026354554682606057,0.0093846471,-0.0005843789,0.0088002682,0.0094905992,-0.0008133681,0.0086772311,-0.0001059521,0.0002289892,0.0001230371
2021-02-05,0.005069269094749959,0.004209026763775115,0.003897472454245321,1.784967424862304,1.6909203233188774,1.4701401365432996,0.0,0.0043352032,0.0007340659,0.0050692691,0.0034091732,0.0007998536,0.0042090268,0.00092603,-6.57877e-05,0.0008602423
2021-02-08,0.006011658023170712,0.006767433474614064,0.007399345996609075,1.7956980386030756,1.702363514117811,1.4810182120770856,0.0,0.0058716194,0.0001400386,0.006011658,0.0066266635,0.00014077,0.0067674335,-0.0007550441,-7.314e-07,-0.0007557755
2021-02-09,-0.00024174463329556904,0.00013600705498143501,-0.00111349758273982,1.7952639382392241,1.702595047565874,1.4793691018779442,-0.00024174463329551532,-0.0012226117,0.0009808671,-0.0002417446,-0.0008992198,0.0010352269,0.0001360071,-0.0003233919,-5.43598e-05,-0.0003777517
2021-02-10,-0.002079542358378361,-0.0007944675518680175,-0.0003451599624669788,1.7915306108351865,1.7012423910466117,1.4788584828942652,-0.0023207842734690454,-0.0023142945,0.0002347522,-0.0020795424,-0.0010178649,0.0002233973,-0.0007944676,-0.0012964296,1.13548e-05,-0.0012850748
2021-02-11,0.0030573583528845758,0.0035205392058273405,0.00166245511371188,1.7970079619126718,1.7072316815829067,1.481317018741609,0.0,0.003093146,-3.57876e-05,0.0030573584,0.0035052197,1.53195e-05,0.0035205392,-0.0004120737,-5.11072e-05,-0.0004631809
2021-02-12,0.004820523348091214,0.0043635733999362845,0.004710983101741784,1.8056704807497774,1.7146813123361904,1.4882954781852231,0.0,0.0048514711,-3.09477e-05,0.0048205233,0.0044944507,-0.0001308773,0.0043635734,0.0003570204,9.99295e-05,0.0004569499
2021-02-16,0.003642370821085235,0.00168634128653268,-0.0005692749114954987,1.8122474022213555,1.717572850226429,1.4874482289086002,0.0,0.0037199157,-7.75448e-05,0.0036423708,0.0019251117,-0.0002387705,0.0016863413,0.0017948039,0.0001612256,0.0019560295
2021-02-17,-0.0018707108241128388,-0.002988648493425671,-0.0003203995331321208,1.8088572113900496,1.712439628715251,1.4869716511904996,-0.0018707108241128312,-0.0011338934,-0.0007368174,-0.0018707108,-0.0021771792,-0.0008114693,-0.0029886485,0.0010432857,7.4652e-05,0.0011179377
2021-02-18,-0.00801694815771566,-0.005272024815961427,-0.004415808390544673,1.7943556969016254,1.7034116044968284,1.4804054692966704,-0.009872661590133558,-0.0088220481,0.0008051,-0.0080169482,-0.0059799825,0.0007079577,-0.0052720248,-0.0028420656,9.71423e-05,-0.0027449233
2021-02-19,0.0023746156204212648,-0.0020572324565866166,-0.001854894135621787,1.7986166019680798,1.699907290857131,1.4776594738733295,-0.00752148974613942,0.0020093063,0.0003653094,0.0023746156,-0.0023854986,0.0003282661,-0.0020572325,0.0043948049,3.70432e-05,0.0044318481
2021-02-22,-0.0123212517222621,-0.010272221158310947,-0.007732849379657014,1.7764553940633916,1.6824454672168214,1.4662329557274438,-0.0197500672999128,-0.0127329179,0.0004116662,-0.0123212517,-0.0106547825,0.0003825613,-0.0102722212,-0.0020781354,2.91049e-05,-0.0020490306
2021-02-23,-0.0035558126280016765,-0.0014401073371349737,0.001256287888559138,1.7701386515400994,1.680022565155153,1.4680749664315305,-0.02323565238920544,-0.0034434345,-0.0001123782,-0.0035558126,-0.0011119561,-0.0003281512,-0.0014401073,-0.0023314784,0.0002157731,-0.0021157053
2021-02-24,0.009886445854015321,0.008325076364400231,0.01135166191319037,1.7876390314726502,1.6940088813039853,1.4847400571136795,-0.013578924554418781,0.0099078341,-2.13883e-05,0.0098864459,0.0084156866,-9.06103e-05,0.0083250764,0.0014921475,6.9222e-05,0.0015613695
2021-02-25,-0.023918377998795717,-0.02140327155612774,-0.02447884690339652,1.7448816053924863,1.6577515491989439,1.4483953325642536,-0.03717251670290478,-0.0234749438,-0.0004434342,-0.023918378,-0.0212703648,-0.0001329067,-0.0214032716,-0.0022045789,-0.0003105275,-0.0025151064
2021-02-26,-0.006097600448981412,-0.006506990114307746,-0.004750165824920272,1.7342420145320256,1.6469645762563279,1.441515214554533,-0.04304345399734888,-0.0048560714,-0.001241529,-0.0060976004,-0.0052459259,-0.0012610642,-0.0065069901,0.0003898545,1.95352e-05,0.0004093897
2021-03-01,0.024275544864991127,0.022406694709119677,0.02379071933668309,1.7763416843625506,1.683867608713238,1.4758098984435584,-0.019812812431014404,0.0247358809,-0.0003854428,0.0243504381,0.0228871148,-0.00048042,0.0224066947,0.0018487662,9.49772e-05,0.0019437434
2021-03-02,-0.010754062925933634,-0.00749413027678616,-0.008080844323930969,1.7572387941109568,1.6712484854846807,1.4638841084025196,-0.030353807125325205,-0.0110927901,0.0003387271,-0.0107540629,-0.0078548645,0.0003607342,-0.0074941303,-0.0032379256,-2.20071e-05,-0.0032599326
2021-03-03,-0.01839093404686791,-0.014723789192437345,-0.01306620434127681,1.7249215313438646,1.646641375096224,1.4447566995101844,-0.04818650630727983,-0.0181042522,-0.0002866818,-0.018390934,-0.0143195225,-0.0004042667,-0.0147237892,-0.0037847297,0.0001175849,-0.0036671449
2021-03-04,-0.01620181591400014,-0.014392042207572408,-0.01341721382719152,1.6969746702269362,1.6229428429251043,1.4253720899445887,-0.06360761331655063,-0.0149571423,-0.0012446736,-0.0162018159,-0.0130084551,-0.0013835871,-0.0143920422,-0.0019486872,0.0001389135,-0.0018097737
2021-03-05,0.009384543925256481,0.013301443998735583,0.01949597582042584,1.7129000035597284,1.6445303262634212,1.4531611097452584,-0.05481999783244407,0.0099693652,-0.0005848213,0.0093845439,0.0138857305,-0.0005842866,0.013301444,-0.0039163654,-5.347e-07,-0.0039169001
2021-03-08,-0.00928805743078044,-0.00881328545472515,-0.005359271617984662,1.6969904899534816,1.6300366110591094,1.4453732246534414,-0.06359888397500157,-0.0084289372,-0.0008591203,-0.0092880574,-0.007815928,-0.0009973575,-0.0088132855,-0.0006130092,0.0001382372,-0.000474772
2021-03-09,0.02480780550058448,0.01911107954810654,0.01415468355424143,1.7390890999645892,1.6611883703993862,1.4658320252661845,-0.04036882721812307,0.0240647152,0.0007430903,0.0248078055,0.0182957772,0.0008153024,0.0191110795,0.0057689381,-7.22121e-05,0.005696726
2021-03-10,0.0021747749947600573,0.004028222761480024,0.006030283013025661,1.742871227452852,1.6678800072041349,1.4746714072280962,-0.03828184533936474,0.0019472672,0.0002275078,0.002174775,0.0038424909,0.0001857318,0.0040282228,-0.0018952237,4.1776e-05,-0.0018534478
2021-03-11,0.016707124198762097,0.013629661946145264,0.01039547964635368,1.7719895935123557,1.6906126478690617,1.4900013238269956,-0.022214300685245214,0.0159635037,0.0007436205,0.0167071242,0.0128728161,0.0007568459,0.0136296619,0.0030906876,-1.32254e-05,0.0030774623
2021-03-12,-0.0025306089426015404,-0.0022348436049777027,0.001015398518533495,1.7675053808008165,1.6868343930044771,1.4915142689638226,-0.024688693919879046,-0.0018794296,-0.0006511793,-0.0025306089,-0.0015769342,-0.0006579094,-0.0022348436,-0.0003024954,6.7301e-06,-0.0002957653
2021-03-15,0.006634626628084383,0.004656496426293886,0.006491958593476621,1.77923211906556,1.694689131327252,1.5011971178395151,-0.018217867557888123,0.0068670332,-0.0002324065,0.0066346266,0.0048538594,-0.000197363,0.0046564964,0.0020131738,-3.50436e-05,0.0019781302
2021-03-16,0.002014118610093769,0.001997252699672291,-0.001569688632229282,1.7828157035882464,1.6980738537699007,1.498840705788907,-0.016240441893879076,0.0019601914,5.39273e-05,0.0020141186,0.0019506864,4.65663e-05,0.0019972527,9.505e-06,7.3609e-06,1.68659e-05
2021-03-17,0.004842087640937911,0.002133109968715266,0.002879342672060137,1.791448253472661,1.7016960320349919,1.5031563817917057,-0.011476991895918887,0.0040755639,0.0007665238,0.0048420876,0.001376632,0.0007564779,0.00213311,0.0026989319,1.00458e-05,0.0027089777
2021-03-18,-0.020462073368116878,-0.015227518246238959,-0.01476050043783272,1.7547915078749186,1.6757834246576266,1.4809690413601382,-0.03170422221381619,-0.0199591861,-0.0005028873,-0.0204620734,-0.0146334153,-0.000594103,-0.0152275182,-0.0053257708,9.12157e-05,-0.0052345551
2021-03-19,-0.0010553297928720677,-0.001359623453235113,-0.0006027388863633076,1.7529396241163793,1.6735049902109194,1.4800764037294103,-0.0327260935964262,-0.0006402091,-0.0004151207,-0.0010553298,-0.0010419165,-0.0003177069,-0.0013596235,0.0004017075,-9.74138e-05,0.0003042937
2021-03-22,0.008033681372866591,0.008431026486361841,0.007025120748255897,1.7670221825224026,1.6876143551084464,1.4904741191822537,-0.02495532323209193,0.00772131,0.0003123714,0.0080336814,0.0080033345,0.000427692,0.0084310265,-0.0002820245,-0.0001153206,-0.0003973451
2021-03-23,-0.009132710851815946,-0.006504547184123035,-0.007630837006641134,1.7508844798606806,1.67663718790704,1.4791005541161568,-0.03386012433261565,-0.008086161,-0.0010465499,-0.0091327109,-0.0054180239,-0.0010865233,-0.0065045472,-0.002668137,3.99734e-05,-0.0026281637
2021-03-24,-0.012288990835805156,-0.008792178659706796,-0.005467303581109473,1.7293678765331193,1.661895894203453,1.4710138623598166,-0.04573300841079808,-0.0117258773,-0.0005631135,-0.0122889908,-0.0082842074,-0.0005079713,-0.0087921787,-0.00344167,-5.51422e-05,-0.0034968122
2021-03-25,0.002231208884790441,0.0021387578379015513,0.00524023305923671,1.7332264575043113,1.6654502870729568,1.47872231783195,-0.043603839420701895,0.0025376843,-0.0003064754,0.0022312089,0.0026711588,-0.000532401,0.0021387578,-0.0001334745,0.0002259255,9.2451e-05
2021-03-26,0.015053927327514907,0.016191838627336825,0.01663119769178834,1.7593183226377074,1.6924169893630938,1.5033152410310726,-0.0292063211230269,0.0147190375,0.0003348898,0.0150539273,0.0159274802,0.0002643585,0.0161918386,-0.0012084426,7.05313e-05,-0.0011379113
2021-03-29,-0.002590014217884538,0.00024451717186770527,-0.0008680249789911887,1.754761663168291,1.6928308143789537,1.5020103258505595,-0.03172069055395066,-0.0022576937,-0.0003323205,-0.0025900142,0.0005736679,-0.0003291507,0.0002445172,-0.0028313616,-3.1698e-06,-0.0028345314
2021-03-30,-0.0006050516560964213,-0.002855124437753724,-0.003157823166939022,1.7536999417179366,1.6879975717518378,1.497267242846607,-0.03230654955369483,5.91295e-05,-0.000583128,-0.0005239985,-0.002194958,-0.0006601664,-0.0028551244,0.0022540875,7.70384e-05,0.0023311259
2021-03-31,0.009576138323699229,0.005425497266410869,0.003622538555784205,1.7704936149380908,1.6971557979630858,1.5026911511621315,-0.023039783217283283,0.009537721,3.84174e-05,0.0095761383,0.0053743713,5.11259e-05,0.0054254973,0.0041633496,-1.27086e-05,0.0041506411
2021-04-01,0.012443943307108567,0.0133836558522141,0.01182514491969333,1.7925255371079782,1.7198699470906134,1.5204606917941645,-0.010882545666338506,0.0120674225,0.0003765208,0.0124439433,0.0128943536,0.0004893022,0.0133836559,-0.0008269311,-0.0001127815,-0.0009397125
2021-04-05,0.015692012695097755,0.015118410985561069,0.01443827785475649,1.8206538705925635,1.7458716477924445,1.542413525729524,0.0,0.0151026058,0.0005894069,0.0156920127,0.0144004274,0.0007179836,0.015118411,0.0007021784,-0.0001285767,0.0005736017
2021-04-06,0.00022578230348763205,0.00023825142061976106,-0.0009735379152555623,1.8210649420173197,1.746287604192751,1.5409119276812233,0.0,-0.0003884264,0.0006142087,0.0002257823,-0.000488682,0.0007269334,0.0002382514,0.0001002556,-0.0001127247,-1.24691e-05
2021-04-07,0.0002914060373007146,0.0016255785316634012,0.001475230366672076,1.8215956113357403,1.7491263318322368,1.5431851277493058,0.0,0.0003936995,-0.0001022934,0.000291406,0.0017806383,-0.0001550597,0.0016255785,-0.0013869388,5.27663e-05,-0.0013341725
2021-04-08,0.007867686669245196,0.006871852826890172,0.004220639958823158,1.835927354843802,1.761146070560226,1.5496983565633462,0.0,0.0073673015,0.0005003851,0.0078676867,0.0062269239,0.0006449289,0.0068718528,0.0011403777,-0.0001445438,0.0009958338
2021-04-09,0.004821502065103055,0.00608599723884491,0.007719962803593772,1.8447792823765605,1.771864400682858,1.5616619702328056,0.0,0.0050841986,-0.0002626965,0.0048215021,0.0063772132,-0.0002912159,0.0060859972,-0.0012930146,2.85194e-05,-0.0012644952
2021-04-12,-0.00011573471986961003,-0.0013686539658844645,-0.000196182910288778,1.8445657773630935,1.769439331443854,1.561355598842598,-0.00011573471986958683,-0.0002587101,0.0001429754,-0.0001157347,-0.0015741857,0.0002055317,-0.001368654,0.0013154756,-6.25563e-05,0.0012529192
2021-04-13,0.009472743527471794,0.005543838739714416,0.00329458162447116,1.8620388758916055,1.7792488177570867,1.56649961230781,0.0,0.0091619798,0.0003107638,0.0094727435,0.0051421432,0.0004016955,0.0055438387,0.0040198366,-9.09318e-05,0.0039289048
2021-04-14,-0.007286219516425357,-0.004594273803061304,-0.004087802027723741,1.8484716518937414,1.7710744615245375,1.5600960720161898,-0.007286219516425385,-0.0076352188,0.0003489993,-0.0072862195,-0.0049663702,0.0003720964,-0.0045942738,-0.0026688486,-2.30971e-05,-0.0026919457
2021-04-15,0.011344843160341045,0.011061248620995022,0.01109424776830092,1.8694422728708127,1.7906647564697555,1.5774041643814904,0.0,0.0113814103,-3.65672e-05,0.0113448432,0.011110198,-4.89494e-05,0.0110612486,0.0002712123,1.23822e-05,0.0002835945
2021-04-16,0.003318638515190711,0.0033398158814674263,0.003608749238685816,1.8756462759994872,1.7966452470617973,1.583096620458802,0.0,0.0031060224,0.0002126161,0.0033186385,0.003065701,0.0002741149,0.0033398159,4.03215e-05,-6.14989e-05,-2.11774e-05
2021-04-19,-0.007705829257333034,-0.004878739946086757,-0.005306453038726788,1.8611928660494828,1.78787988212601,1.5746959925865702,-0.007705829257332986,-0.0084533155,0.0007474862,-0.0077058293,-0.0058365009,0.000957761,-0.0048787399,-0.0026168146,-0.0002102747,-0.0028270893
2021-04-20,-0.007040896936566428,-0.008365730934339104,-0.006802361610853236,1.8480883989005557,1.7729229600892258,1.563984341017835,-0.01469247024428777,-0.0070358916,-5.0053e-06,-0.0070408969,-0.0083152023,-5.05286e-05,-0.0083657309,0.0012793107,4.55233e-05,0.001324834
2021-04-21,0.007212808938459507,0.007619350717650698,0.009306060063749566,1.861418307423209,1.786431481917521,1.5785388732341106,-0.00758563528653422,0.0073415007,-0.0001286918,0.0072128089,0.0077416967,-0.000122346,0.0076193507,-0.000400196,-6.3457e-06,-0.0004065418
2021-04-22,-0.008185391484568476,-0.007108700770636151,-0.009210671343885979,1.846181869860407,1.7737322750653253,1.563999470469203,-0.015708935376623323,-0.0079981019,-0.0001872896,-0.0081853915,-0.0068532544,-0.0002554463,-0.0071087008,-0.0011448475,6.81568e-05,-0.0010766907
2021-04-23,0.011693387471000311,0.010661432028582843,0.01092871065881829,1.867769989806621,1.792642801152838,1.581091968152506,-0.004199238573738606,0.0111082478,0.0005851397,0.0116933875,0.0098941727,0.0007672593,0.010661432,0.0012140751,-0.0001821196,0.0010319554
2021-04-26,0.00515474332479247,0.002503976535003215,0.001782224167916624,1.8773978646938243,1.797131536662567,1.5839098284698463,0.0,0.0051648966,-1.01533e-05,0.0051547433,0.0025444399,-4.04634e-05,0.0025039765,0.0026204566,3.03101e-05,0.0026507668
2021-04-27,-0.0035636659987378938,-0.0016871969264604452,-0.0002149192142553158,1.8707074457573118,1.7940994218574648,1.5835694158140603,-0.0035636659987379193,-0.0035275049,-3.61611e-05,-0.003563666,-0.0016488222,-3.83747e-05,-0.0016871969,-0.0018786826,2.2136e-06,-0.0018764691
2021-04-28,-0.0011917711059047055,-7.602748005330396e-05,-0.0008455306301830001,1.8684779906758575,1.793963020999456,1.5822304593679686,-0.004751190030474195,-0.0014745812,0.0002828101,-0.0011917711,-0.0004664875,0.00039046,-7.60275e-05,-0.0010080937,-0.0001076499,-0.0011157436
2021-04-29,0.002102378423612327,0.0045309828327683805,0.006762797680233579,1.8724062384884488,1.8020914366502259,1.5929307638481771,-0.0026588004062685355,0.0021595426,1.81308e-05,0.0021776734,0.0045239779,7.0049e-06,0.0045309828,-0.0023644353,1.11258e-05,-0.0023533095
2021-04-30,-0.00637956231000141,-0.008520819751738948,-0.007194637501869883,1.8604611062203764,1.7867361403423772,1.5814702044367128,-0.00902140073340818,-0.005313878,-0.0010656843,-0.0063795623,-0.0073335531,-0.0011872667,-0.0085208198,0.0020196751,0.0001215823,0.0021412574
2021-05-03,-0.0014332938548350781,0.0014314844309802162,0.002748034641021579,1.8577945187496712,1.789293825309547,1.5858161393422483,-0.01044176427001009,-0.0016422893,0.0002089955,-0.0014332939,0.0009942633,0.0004372211,0.0014314844,-0.0026365527,-0.0002282256,-0.0028647783
2021-05-04,-0.011820002444574897,-0.010418542695758568,-0.006678337857112138,1.8358353829965322,1.7706519911953023,1.5752255233844596,-0.022138345035387808,-0.0114194021,-0.0004006003,-0.0118200024,-0.0098969202,-0.0005216225,-0.0104185427,-0.0015224819,0.0001210222,-0.0014014597
2021-05-05,3.1143683555281954e-05,0.0024149903099223904,0.0007035388242977447,1.83589255767276,1.7749280985962839,1.5763337556971853,-0.022107890821444598,-2.3581e-06,3.35018e-05,3.11437e-05,0.0023932883,2.17021e-05,0.0024149903,-0.0023956463,1.17997e-05,-0.0023838466
2021-05-06,0.007131624593035001,0.007962304659154065,0.008165390549454088,1.8489854541872293,1.7890606168654006,1.5892051364487405,-0.015133931406291823,0.0067564504,0.0003751742,0.0071316246,0.0073858768,0.0005764279,0.0079623047,-0.0006294263,-0.0002012537,-0.0008306801
2021-05-07,0.008373011877807974,0.0075160241347423246,0.007373346471123199,1.8644670313570333,1.802507239640278,1.6009228965334656,-0.006887636115906592,0.0072423202,0.0011306917,0.0083730119,0.0062416426,0.0012743816,0.0075160241,0.0010006776,-0.0001436898,0.0008569877
2021-05-10,-0.016705033957738882,-0.012391859813916446,-0.01043566602088553,1.8333210462851293,1.7801708226130861,1.5842161998600537,-0.023477611878440774,-0.0169284334,0.0002233995,-0.016705034,-0.0123986299,6.7701e-06,-0.0123918598,-0.0045298035,0.0002166294,-0.0043131741
2021-05-11,-0.007373792643413236,-0.007809903610221259,-0.008673894514173552,1.8198025170410175,1.7662678600787496,1.5704748756548228,-0.030678285480099765,-0.0073469397,-2.68529e-05,-0.0073737926,-0.0078629738,5.30702e-05,-0.0078099036,0.000516034,-7.99231e-05,0.000436111
2021-05-12,-0.02184671723482658,-0.0195805124538741,-0.02144938705715194,1.7800458060279967,1.7316834302476,1.5367891521833699,-0.05185478288679335,-0.0207484027,-0.0010983145,-0.0218467172,-0.0183814944,-0.0011990181,-0.0195805125,-0.0023669083,0.0001007035,-0.0022662048
2021-05-13,0.005357085227150877,0.008375857135766707,0.01217315113806405,1.7895816631191213,1.7461877632637282,1.5554967188002353,-0.0467754881510023,0.0053068974,5.01878e-05,0.0053570852,0.008221161,0.0001546962,0.0083758571,-0.0029142635,-0.0001045084,-0.0030187719
2021-05-14,0.019306007681678415,0.017644350309508238,0.01491793313069922,1.8241313404542898,1.77699811186493,1.5787015148363193,-0.028372528402881403,0.0187075892,0.0005984185,0.0193060077,0.0169217466,0.0007226038,0.0176443503,0.0017858427,-0.0001241853,0.0016616574
2021-05-17,-0.0037181864795190313,-0.002808808006079874,-0.002530038214118902,1.8173488799673456,1.772006865341535,1.574707339675096,-0.031985220530903136,-0.0036881292,-3.00573e-05,-0.0037181865,-0.0028423616,3.35536e-05,-0.002808808,-0.0008457676,-6.36109e-05,-0.0009093785
2021-05-18,-0.003490049009797139,-0.005121374432584146,-0.008517302421882755,1.8110062433083598,1.7629317546870114,1.5612950810371247,-0.035363639553458226,-0.004317789,0.00082774,-0.003490049,-0.0060398002,0.0009184257,-0.0051213744,0.0017220111,-9.06857e-05,0.0016313254
2021-05-19,-0.003972140326305597,-0.003836564047520692,-0.002943435170537412,1.8038126723781236,1.7561681540987466,1.5566995101840129,-0.039195310541008554,-0.0033256782,-0.0006464621,-0.0039721403,-0.0030749207,-0.0007616433,-0.003836564,-0.0002507575,0.0001151812,-0.0001355763
2021-05-20,0.014602779913787934,0.012613594237825224,0.01055475644364945,1.830153351838563,1.7783197466079386,1.5731300943699535,-0.025164891120703414,0.013921092,0.0006816879,0.0146027799,0.0117725427,0.0008410515,0.0126135942,0.0021485493,-0.0001593636,0.0019891857
2021-05-21,-0.0015021508051809448,-0.0011071989378647006,-0.0007838196541576359,1.8274041855074943,1.7763507928733104,1.5718970440834394,-0.026629240464425052,-0.0012458284,-0.0002563224,-0.0015021508,-0.0007129777,-0.0003942212,-0.0011071989,-0.0005328507,0.0001378988,-0.0003949519
2021-05-24,0.010920626242613833,0.011039490290055416,0.009911305963146155,1.8473605836116098,1.7959608002029677,1.5874765966299154,-0.01599942220404793,0.0106524712,0.000268155,0.0109206262,0.0107066245,0.0003328658,0.0110394903,-5.41533e-05,-6.47108e-05,-0.000118864
2021-05-25,-0.0001546118350540253,0.00011030443898230705,-0.002125302295660103,1.847074959801771,1.7961589026514682,1.584102728974791,-0.016151560339075166,-0.000491935,0.0003373231,-0.0001546118,-0.0002361084,0.0003464129,0.0001103044,-0.0002558266,-9.0897e-06,-0.0002649163
2021-05-26,0.004570671631400922,0.0010462489907185541,0.001876732575158746,1.855517332921608,1.7980381320905374,1.587075666168656,-0.011654712186318972,0.0049802046,-0.000409533,0.0045706716,0.0016379503,-0.0005917013,0.001046249,0.0033422544,0.0001821683,0.0035244226
2021-05-27,0.001647341279968782,0.00012719781523123414,0.001165398392274586,1.858574003219827,1.798266838612642,1.5889252415984272,-0.010026570194840989,0.0016019429,4.53984e-05,0.0016473413,9.29607e-05,3.42371e-05,0.0001271978,0.0015089821,1.11613e-05,0.0015201435
2021-05-28,0.001981605896790513,0.0023739875304408485,0.0007688865190149663,1.862256964424229,1.8025359016639138,1.5901469447964147,-0.008064833008673111,0.0021424155,-7.89702e-05,0.0020634453,0.0025164065,-0.000142419,0.0023739875,-0.000373991,6.34488e-05,-0.0003105422
2021-06-01,0.0001995022023688585,-0.0006776181446815088,-0.0004923753184382651,1.8626284887900084,1.8013144706305064,1.589363995688107,-0.007866939758251257,-0.000248719,0.0004482212,0.0001995022,-0.0010737983,0.0003961802,-0.0006776181,0.0008250793,5.2041e-05,0.0008771203
2021-06-02,0.0008617270054578837,0.0024537233683997045,0.001446916259721487,1.8642335660599338,1.805734398040929,1.591663672296084,-0.00701199190723345,0.0010555541,-0.0001938271,0.000861727,0.002568835,-0.0001151116,0.0024537234,-0.0015132809,-7.87154e-05,-0.0015919964
2021-06-03,-0.006730507249863765,-0.005200057195382362,-0.003628698801364849,1.851686328528128,1.7963444758914469,1.585888004236247,-0.013695304894729698,-0.0057891225,-0.0009413847,-0.0067305072,-0.0040977147,-0.0011023425,-0.0052000572,-0.0016914078,0.0001609578,-0.0015304501
2021-06-04,0.011414640012286774,0.010581431266432961,0.00883408659980689,1.8728226613839496,1.8153523714939288,1.599897876203265,-0.002436991857674653,0.0108556665,0.0005589735,0.01141464,0.0098910624,0.0006903688,0.0105814313,0.0009646041,-0.0001313954,0.0008332087
2021-06-07,0.002394519268915254,0.0007565321783663136,-0.0007967110255822085,1.8773071713338945,1.8167257439780375,1.5986232199254882,-4.8308012720932325e-05,0.002005242,0.0003892773,0.0023945193,0.0003704244,0.0003861077,0.0007565322,0.0016348175,3.1696e-06,0.0016379871
2021-06-08,0.0002379201155902801,-0.0006375436292535316,0.0001750849398558518,1.8777538204730966,1.8155675020538635,1.598903114775801,0.0,0.0004589079,-0.0002209878,0.0002379201,-0.0004232866,-0.000214257,-0.0006375436,0.0008821946,-6.7308e-06,0.0008754637
2021-06-09,-0.002186403046439252,-0.00033992563228810873,-0.001823876458982854,1.8736482937995513,1.8149503441227661,1.5959869130245672,-0.0021864030464392448,-0.0021184737,-6.79293e-05,-0.002186403,-0.0003184442,-2.14814e-05,-0.0003399256,-0.0018000295,-4.64479e-05,-0.0018464774
2021-06-10,0.006741623831309917,0.005707682909637787,0.004652154850635748,1.8862797257885233,1.825309505183757,1.6034116912835457,0.0,0.0065780279,0.0001635959,0.0067416238,0.0055598491,0.0001478338,0.0057076829,0.0010181788,1.57622e-05,0.0010339409
2021-06-11,0.001829552539430251,0.0017399893201366702,0.001948490038167661,1.8897307736509157,1.8284855242287206,1.6065359229910932,0.0,0.0023829669,-0.0005534144,0.0018295525,0.0024614815,-0.0007214922,0.0017399893,-7.85146e-05,0.0001680778,8.95632e-05
2021-06-14,0.005283838284691815,0.004452721728089029,0.001815211044770448,1.8997158054604926,1.8366272614519499,1.609452124742327,0.0,0.0054979823,-0.000214144,0.0052838383,0.0046012327,-0.000148511,0.0044527217,0.0008967496,-6.5633e-05,0.0008311166
2021-06-15,-0.00406410913414235,-0.002157557971285683,-0.002011679964278423,1.891995153103246,1.8326646316637236,1.6062144221495176,-0.004064109134142346,-0.0040804472,1.6338e-05,-0.0040641091,-0.0022159391,5.83812e-05,-0.002157558,-0.001864508,-4.20431e-05,-0.0019065512
2021-06-16,-0.0034424348613891114,-0.004834559593075703,-0.005390207201542929,1.8854820830306243,1.8238045052878233,1.5975565936040252,-0.007492553564567572,-0.0020702546,-0.0013721802,-0.0034424349,-0.0031832478,-0.0016513118,-0.0048345596,0.0011129932,0.0002791316,0.0013921247
2021-06-17,0.0035109822775143936,0.002656666795074149,-0.0004356370007340127,1.8921019772087155,1.8286497461577282,1.5968606388410846,-0.004007877509831781,0.0045969127,-0.0010859305,0.0035109823,0.0037577602,-0.0011010934,0.0026566668,0.0008391525,1.51629e-05,0.0008543155
2021-06-18,-0.011433125577445072,-0.01266175903302776,-0.01312454700061105,1.8704693376979562,1.8054958237160716,1.5759025663331891,-0.015395180520407892,-0.0108188577,-0.0006142678,-0.0114331256,-0.0120056684,-0.0006560906,-0.012661759,0.0011868107,4.18228e-05,0.0012286335
2021-06-21,0.008918515591576477,0.00954191429178037,0.01400232812106239,1.8871511476497813,1.8227237101201377,1.5979688711538107,-0.006613967086337769,0.0083302625,0.0005882531,0.0089185156,0.008847051,0.0006948633,0.0095419143,-0.0005167885,-0.0001066102,-0.0006233987
2021-06-22,0.007793084242893527,0.00659118844900054,0.005124515064653945,1.901857875522489,1.834737625584001,1.6061576867068865,0.0,0.0076711616,0.0001219227,0.0077930842,0.006485974,0.0001052144,0.0065911884,0.0011851875,1.67083e-05,0.0012018958
2021-06-23,0.0019555035439556036,-0.0018651136982035439,-0.001083260331006586,1.9055769653381731,1.831315631305915,1.6044177997995357,0.0,0.0022292809,-0.0002737773,0.0019555035,-0.0016260681,-0.0002390456,-0.0018651137,0.0038553489,-3.47317e-05,0.0038206172
2021-06-24,0.007227573706541668,0.006715000371416242,0.005811157422250579,1.9193496633086429,1.8436129164503146,1.6137413242052316,0.0,0.0071734128,5.41609e-05,0.0072275737,0.0066639319,5.10685e-05,0.0067150004,0.0005094809,3.0924e-06,0.0005125733
2021-06-25,0.0010509234071846465,0.0018759922466211184,0.003330606657931945,1.921366752796386,1.847071519987346,1.6191160618038094,0.0,0.0009037338,0.0001471896,0.0010509234,0.0017884236,8.75687e-05,0.0018759922,-0.0008846898,5.96209e-05,-0.0008250688
2021-06-28,0.005633579014490696,0.0038157645409263594,0.002315041932394291,1.93219092421408,1.854119509997869,1.6228643833802983,0.0,0.0057669487,-0.0001333696,0.005633579,0.0039557593,-0.0001399948,0.0038157645,0.0018111893,6.6251e-06,0.0018178145
2021-06-29,-0.000971878389073145,0.0007056851446698098,0.0002773498406987152,1.930313069611273,1.8554279345925169,1.6233144845585044,-0.0009718783890731997,-0.0006619065,-0.0002305286,-0.0008924351,0.0009909466,-0.0002852615,0.0007056851,-0.0016528531,5.47329e-05,-0.0015981202
2021-06-30,-0.0014441696719198912,-0.0014993497050452352,0.001328114078009257,1.9275253700188297,1.852645999266053,1.625470431378483,-0.0024146445036987707,-0.0010709597,-0.0003732099,-0.0014441697,-0.0009734497,-0.0005259,-0.0014993497,-9.751e-05,0.00015269,5.518e-05
2021-07-01,0.002419140335200874,0.0029481038649383008,0.005221640488656032,1.9321883243885654,1.8581077920968518,1.633958053596082,-1.345532411933803e-06,0.0028559497,-0.0004368094,0.0024191403,0.0033124218,-0.000364318,0.0029481039,-0.0004564721,-7.24914e-05,-0.0005289635
2021-07-02,0.00810853942415737,0.008473565594806283,0.007500104168113531,1.9478555495917667,1.873852590355405,1.6462129092043807,0.0,0.0077446715,0.0003638679,0.0081085394,0.0080217102,0.0004518554,0.0084735656,-0.0002770387,-8.79875e-05,-0.0003650262
2021-07-06,3.475195512822561e-05,0.0005454525331886164,-0.002021900862524517,1.9479232413804224,1.8748746879976366,1.6428844299033614,0.0,0.0001770466,-0.0001422946,3.4752e-05,0.0008120956,-0.0002666431,0.0005454525,-0.000635049,0.0001243484,-0.0005107006
2021-07-07,0.001002086359614819,0.0025257575939681967,0.003359011313352811,1.9498752286901861,1.8796101669785852,1.6484028972899378,0.0,0.0014211062,-0.0004190198,0.0010020864,0.0029090894,-0.0003833318,0.0025257576,-0.0014879832,-3.5688e-05,-0.0015236712
2021-07-08,-0.007757574289552663,-0.008007189648522825,-0.00856101125941644,1.9347489267482634,1.8645597719062958,1.634290901526184,-0.0077575742895527044,-0.0082965549,0.0005389806,-0.0077575743,-0.0088459387,0.0008387491,-0.0080071896,0.0005493838,-0.0002997685,0.0002496154
2021-07-09,0.010138396678784543,0.010637011917467087,0.01127795187024705,1.9543641788414898,1.8843931164208927,1.652722355655579,0.0,0.009892468,0.0002459286,0.0101383967,0.010356857,0.000280155,0.0106370119,-0.0004643889,-3.42263e-05,-0.0004986152
2021-07-12,0.004873622416686815,0.004361105544372837,0.00345115629755921,1.9638890119138612,1.8926111536886938,1.6584261588214166,0.0,0.0050052205,-0.000131598,0.0048736224,0.0045440818,-0.0001829762,0.0043611055,0.0004611387,5.13782e-05,0.0005125169
2021-07-13,-0.002873230406050471,-0.0017871410566636238,-0.003516830382495284,1.9582463062907218,1.8892287905916372,1.6525937553189485,-0.0028732304060504754,-0.002177755,-0.0006954754,-0.0028732304,-0.0009331702,-0.0008539708,-0.0017871411,-0.0012445848,0.0001584954,-0.0010860893
2021-07-14,-0.0005686648049736099,0.0017889785841061889,0.001164970326443582,1.9571327205368647,1.8926085804384822,1.654518978005561,-0.0034402613060156018,-0.0011283666,0.0005597018,-0.0005686648,0.0010628647,0.0007261139,0.0017889786,-0.0021912313,-0.0001664121,-0.0023576434
2021-07-15,-0.006670499401863227,-0.006008380320314087,-0.003262236243513295,1.9440776678951566,1.8812370682897182,1.6491215462299307,-0.010087812446894828,-0.0066082989,-6.22005e-05,-0.0066704994,-0.0058209565,-0.0001874238,-0.0060083803,-0.0007873423,0.0001252232,-0.0006621191
2021-07-16,-0.007827355753107106,-0.007224654636907442,-0.007538938952254881,1.9288606803768704,1.8676457801811766,1.636688919568055,-0.01783620730320945,-0.0076149915,-0.0002123643,-0.0078273558,-0.0069851871,-0.0002394676,-0.0072246546,-0.0006298044,2.71033e-05,-0.0006027011
2021-07-19,-0.01371725205086854,-0.014557828834162994,-0.01586953105501065,1.902402012253131,1.8404569125904522,1.610715433931578,-0.03130879560286837,-0.0135005306,-0.0002167214,-0.0137172521,-0.0144979705,-5.98583e-05,-0.0145578288,0.0009974399,-0.0001568631,0.0008405768
2021-07-20,0.011979169807737477,0.011516998547994137,0.01516265155019747,1.9251912090004926,1.8616534521804022,1.6351381508028076,-0.019704679174133544,0.0124241441,-0.0004449743,0.0119791698,0.0119975752,-0.0004805766,0.0115169985,0.000426569,3.56023e-05,0.0004621713
2021-07-21,0.008876302660876204,0.008758511611130457,0.008241847210077813,1.9422797888516392,1.8779587655572252,1.6486147096090935,-0.011003281209442273,0.0086993027,0.0001769999,0.0088763027,0.0085361,0.0002224116,0.0087585116,0.0001632027,-4.54117e-05,0.000117791
2021-07-22,0.004631533266784074,0.0033879928790186025,0.00201666096923625,1.951275522307108,1.8843212764820236,1.651939406547271,-0.006422710005623444,0.004567949,6.35843e-05,0.0046315333,0.0034268525,-3.88596e-05,0.0033879929,0.0011410965,0.0001024439,0.0012435404
2021-07-23,0.009151623340808806,0.01032167813897713,0.01014543855953565,1.969132860921403,1.9037706342082978,1.6686990563004722,0.0,0.0092979168,-0.0001462934,0.0091516233,0.010473504,-0.0001518258,0.0103216781,-0.0011755872,5.5324e-06,-0.0011700548
2021-07-26,0.003392286216041317,0.00216310868334744,0.002382253008416102,1.9758127231830607,1.9078886969982556,1.6726743196474851,0.0,0.0030637622,0.000328524,0.0033922862,0.0017311321,0.0004319766,0.0021631087,0.0013326301,-0.0001034526,0.0012291775
2021-07-27,-0.006595293281077722,-0.005025704054433379,-0.004712479931257563,1.9627816588051834,1.898300213038344,1.6647918754846165,-0.006595293281077774,-0.0070550149,0.0004597216,-0.0065952933,-0.0054714998,0.0004457957,-0.0050257041,-0.0015835152,1.39259e-05,-0.0015695892
2021-07-28,0.003133852949161633,0.0027456819933033,-0.00018630181803303,1.9689327278951902,1.9035123417511672,1.664481721731567,-0.003482109011215706,0.0029426289,0.000191224,0.0031338529,0.0024424339,0.0003032481,0.002745682,0.0005001951,-0.0001120241,0.000388171
2021-07-29,0.006064895523975374,0.003508939405238473,0.004206206369982368,1.9808740991836102,1.9101916512154957,1.6714828753522335,0.0,0.0054260428,0.0007052158,0.0061312585,0.0027972083,0.0007117311,0.0035089394,0.0026288344,-6.5153e-06,0.0026223191
2021-07-30,-0.005795835261672232,-0.005832864166918398,-0.005406016994218166,1.9693932792306286,1.8990497627811742,1.6624468105225347,-0.005795835261672266,-0.0054798165,-0.0003160188,-0.0057958353,-0.0055356952,-0.000297169,-0.0058328642,5.58787e-05,-1.88498e-05,3.70289e-05
2021-08-02,0.0014688948320347598,0.0008094518472509988,-0.001842894390775562,1.9722861108407344,1.900586952119679,1.6593830966204601,-0.004335453902100772,0.0014294626,3.94322e-05,0.0014688948,0.0007364025,7.30493e-05,0.0008094518,0.0006930601,-3.36171e-05,0.000659443
2021-08-03,0.007657779905984373,0.00720687646665215,0.008203484714484954,1.9873894437891824,1.9142842474977364,1.6729958204890607,0.0,0.0074619481,0.0001958318,0.0076577799,0.0070342542,0.0001726223,0.0072068765,0.0004276939,2.32095e-05,0.0004509034
2021-08-04,-0.0013526837176866665,-0.0018484074096305012,-0.00463244520307915,1.9847011344478662,1.9107458703105225,1.6652457590256646,-0.001352683717686709,-0.0011831479,-0.0001695359,-0.0013526837,-0.0014562374,-0.00039217,-0.0018484074,0.0002730896,0.0002226341,0.0004957237
2021-08-05,0.00683909566595406,0.00663928959720597,0.006005460335342772,1.9982746953746828,1.9234318654901796,1.675246326380091,0.0,0.0068646099,-2.55142e-05,0.0068390957,0.0066705335,-3.1244e-05,0.0066392896,0.0001940763,5.7298e-06,0.0001998061
2021-08-06,-0.0024215458219218754,-0.0014706221264948875,0.001675283917725867,1.993435781635046,1.9206032240299846,1.678052839608905,-0.002421545821921889,-0.0017471084,-0.0006744374,-0.0024215458,-0.0005025187,-0.0009681034,-0.0014706221,-0.0012445897,0.000293666,-0.0009509237
2021-08-09,-0.00020939627230747863,-0.0003569454850961812,-0.000939925887858073,1.9930183636132874,1.9199176733805061,1.6764755943037628,-0.002630435031561018,0.0001662033,-0.0003755996,-0.0002093963,7.9082e-05,-0.0004360274,-0.0003569455,8.71213e-05,6.04279e-05,0.0001475492
2021-08-10,-0.002073047884166299,-0.0011818746757231685,0.000992701388653705,1.9888867411114943,1.9176485713028644,1.6781398339542721,-0.004698029897950651,-0.0017020451,-0.0003710028,-0.0020730479,-0.0008535535,-0.0003283212,-0.0011818747,-0.0008484916,-4.26817e-05,-0.0008911732
2021-08-11,-0.0003652980419831917,0.0013647911468393946,0.002468022764410938,1.9881602046792402,1.9202657610957274,1.682281521266336,-0.005061611758810813,-0.0003343995,-3.08985e-05,-0.000365298,0.0012115915,0.0001531997,0.0013647911,-0.001545991,-0.0001840982,-0.0017300892
2021-08-12,0.003995384357624894,0.0036053986295036264,0.002952087595835984,1.9961036688614677,1.927189084639065,1.6872477636779704,-0.001086450485631607,0.0042898869,-0.0002945026,0.0039953844,0.0038630041,-0.0002576054,0.0036053986,0.0004268829,-3.68971e-05,0.0003899857
2021-08-13,0.002676052035507848,0.0029123093660372405,0.001607324197514748,2.001445346147609,1.932801655460384,1.6899597178357326,0.0,0.0021224207,0.0005536313,0.002676052,0.0019521164,0.000960193,0.0029123094,0.0001703043,-0.0004065616,-0.0002362573
2021-08-16,-0.002247058455034322,0.0005767622756720697,0.002620859444941726,1.996947981460259,1.93391642254161,1.6943888647237935,-0.0022470584550343675,-0.0022799537,3.28952e-05,-0.0022470585,0.0005343693,4.23929e-05,0.0005767623,-0.002814323,-9.4977e-06,-0.0028238207
2021-08-17,-0.00974083473011847,-0.007036964648987659,-0.007060724912996585,1.977496041208211,1.920307521042088,1.6824252510543343,-0.011966004960113352,-0.0089248596,-0.0008159752,-0.0097408347,-0.0061524176,-0.000884547,-0.0070369646,-0.0027724419,6.85719e-05,-0.0027038701
2021-08-18,-0.00579333115510172,-0.008779840940069322,-0.01074845776155098,1.966039751783589,1.9034475264513195,1.66434177430641,-0.0176900130858777,-0.0059399758,0.0001466446,-0.0057933312,-0.0087455526,-3.42883e-05,-0.0087798409,0.0028055769,0.0001809329,0.0029865098
2021-08-19,-0.0032213112390460743,-0.0014516768656207925,0.001256741063616396,1.959706525834757,1.9006843357122472,1.666433420958073,-0.020854339286951462,-0.0026205942,-0.000600717,-0.0032213112,-0.0008702205,-0.0005814564,-0.0014516769,-0.0017503737,-1.92606e-05,-0.0017696344
2021-08-20,0.007958713300363598,0.00723548087940681,0.008141540696354754,1.9753032682267273,1.9144367008810812,1.6800007564725687,-0.013061599694041193,0.0079165728,4.21405e-05,0.0079587133,0.007078644,0.0001568369,0.0072354809,0.0008379288,-0.0001146964,0.0007232324
2021-08-23,0.013171875578231143,0.01080586389589399,0.008523820995256282,2.0013217171050828,1.9351238433081064,1.694320782192636,-6.176988183281829e-05,0.0125081896,0.000663686,0.0131718756,0.0100756566,0.0007302073,0.0108058639,0.002432533,-6.65213e-05,0.0023660117
2021-08-24,0.003342430165088307,0.0019062069622401902,0.001495692628467715,2.0080109951823815,1.9388125898510173,1.6968549652968212,0.0,0.0030419291,0.0003005011,0.0033424302,0.0017293866,0.0001768204,0.001906207,0.0013125425,0.0001236807,0.0014362232
2021-08-25,0.0018185753511120674,0.0017374990093839786,0.002220126921713694,2.011662714482982,1.9421812748052645,1.7006221986875203,0.0,0.0018413851,-2.28098e-05,0.0018185754,0.0017209656,1.65334e-05,0.001737499,0.0001204195,-3.93432e-05,8.10763e-05
2021-08-26,-0.00412391834717139,-0.004604701198109894,-0.005824931775569864,2.003366781706405,1.9332381103622223,1.690716190404146,-0.004123918347171296,-0.0037547899,-0.0003691284,-0.0041239183,-0.0041892561,-0.000415445,-0.0046047012,0.0004344662,4.63166e-05,0.0004807829
2021-08-27,0.009286286221420588,0.00828800285768333,0.008807606263982137,2.021970619047817,1.9492607933454866,1.7056073529133655,0.0,0.0088376303,0.0005470046,0.009384635,0.007586967,0.0007010358,0.0082880029,0.0012506633,-0.0001540312,0.0010966321
2021-08-30,0.00729111256942774,0.0060046265041154324,0.00430658828173347,2.03671303444337,1.9609653763686419,1.7129527015526607,0.0,0.00737851,-8.73974e-05,0.0072911126,0.006183975,-0.0001793485,0.0060046265,0.0011945349,9.19511e-05,0.0012864861
2021-08-31,-0.00030568541442074244,-0.0014528132090193113,-0.001349146239944865,2.03609044097538,1.958116459967424,1.7106416778561575,-0.0003056854144208865,-0.0006022747,0.0002965893,-0.0003056854,-0.0016390695,0.0001862563,-0.0014528132,0.0010367948,0.000110333,0.0011471278
2021-09-01,0.0018621667768250632,0.0023906679606991474,0.0003117620525883158,2.0398819809491755,1.9627976662515856,1.711174991016889,0.0,0.001615461,0.0002467058,0.0018621668,0.0021363212,0.0002543468,0.002390668,-0.0005208602,-7.641e-06,-0.0005285012
2021-09-02,0.002027155142014526,0.0017691600814498663,0.002842560603347755,2.0440171381959593,1.9662701695306808,1.7160391096317875,0.0,0.0018334196,0.0001937355,0.0020271551,0.0014138816,0.0003552785,0.0017691601,0.0004195381,-0.000161543,0.0002579951
2021-09-03,0.0017905124286251995,0.0012329782294350701,-0.000335026835208585,2.047676976286222,1.9686945378429,1.7154641904797934,0.0,0.0015124956,0.0002780168,0.0017905124,0.0010071591,0.0002258192,0.0012329782,0.0005053366,5.21976e-05,0.0005575342
2021-09-07,-0.0002271993812904508,-0.00012119250687075175,-0.003395488410139813,2.047211745344127,1.968455946816596,1.7096393517030093,-0.00022719938129045492,0.0004014804,-0.0006286798,-0.0002271994,0.0006498843,-0.0007710768,-0.0001211925,-0.0002484039,0.000142397,-0.0001060069
2021-09-08,-0.0045789105674336646,-0.0035608813038230233,-0.001318575319190329,2.037837745849597,1.9614465088381776,1.7073850634491372,-0.004805069623076141,-0.0041321726,-0.0004467379,-0.0045789106,-0.0032246005,-0.0003362808,-0.0035608813,-0.0009075722,-0.0001104571,-0.0010180293
2021-09-09,-0.003949985910749722,-0.0040337958215891975,-0.004605599824548556,2.029788315465097,1.9535344341065553,1.699521531100479,-0.008736075576514457,-0.0042351712,0.0002851853,-0.0039499859,-0.0044558707,0.0004220748,-0.0040337958,0.0002206994,-0.0001368895,8.38099e-05
2021-09-10,-0.005901540548406265,-0.0057000018442861485,-0.007722643592208756,2.0178094374166986,1.9423992842292714,1.6863967320385052,-0.01458605982067196,-0.0057853315,-0.0001162091,-0.0059015405,-0.0055508841,-0.0001491177,-0.0057000018,-0.0002344474,3.29087e-05,-0.0002015387
2021-09-13,0.0018702671709711009,0.0016507382876203495,0.002276509561340179,2.021583280164775,1.945605677097595,1.6902358303232037,-0.01274307247853712,0.0021977403,-0.0003274731,0.0018702672,0.0018876647,-0.0002369264,0.0016507383,0.0003100756,-9.05467e-05,0.0002195289
2021-09-14,-0.002007255019677722,-0.002932497490890412,-0.00574659914561837,2.017525446977968,1.939900193331244,1.6805227225447747,-0.014724748902016027,-0.002178193,0.000170938,-0.002007255,-0.0030053641,7.28666e-05,-0.0029324975,0.000827171,9.80714e-05,0.0009252425
2021-09-15,0.007409380062943107,0.005272896188626128,0.008473908688851006,2.032474059801287,1.9501290856669755,1.6947633186451585,-0.0074244701000193425,0.0071994207,0.0002099594,0.0074093801,0.0050253715,0.0002475247,0.0052728962,0.0021740492,-3.75653e-05,0.0021364839
2021-09-16,-0.0027364089865441793,-0.0010799843141136981,-0.001551096926819429,2.026912379519129,1.9480229768439583,1.6921345764699216,-0.010140562699861522,-0.0021031279,-0.000633281,-0.002736409,-0.0003059717,-0.0007740126,-0.0010799843,-0.0017971563,0.0001407316,-0.0016564247
2021-09-17,-0.008077736255959367,-0.009002604904157512,-0.009110924839340617,2.0105395159034343,1.9304856956392114,1.6767176655256546,-0.018136386164844365,-0.0075263456,-0.0005513907,-0.0080777363,-0.0083969154,-0.0006056895,-0.0090026049,0.0008705698,5.42988e-05,0.0009248686
2021-09-20,-0.0190086965273685,-0.016984265928419263,-0.01697725462949395,1.9723217803893436,1.8976978132134654,1.6482516027762548,-0.03680033363150215,-0.0191293716,0.0001206751,-0.0190086965,-0.0171371708,0.0001529049,-0.0169842659,-0.0019922008,-3.22298e-05,-0.0020244306
2021-09-21,0.003272494698032053,0.002645521072966059,-0.0008123495489623656,1.9787761929584808,1.9027182127684434,1.646912646330163,-0.03364826783016506,0.0031246695,0.0001478252,0.0032724947,0.0024579375,0.0001875836,0.0026455211,0.000666732,-3.97584e-05,0.0006269736
2021-09-22,0.009215304570246326,0.007874792519489235,0.009519566210937302,1.9970112182529458,1.9177017239170484,1.662590540310533,-0.02474304229623492,0.0096575933,-0.0004422887,0.0092153046,0.0084239912,-0.0005491987,0.0078747925,0.0012336021,0.00010691,0.0013405121
2021-09-23,0.01015397795830041,0.011291744434123226,0.01213475170851108,2.017288826145565,1.9393559216843972,1.6827656637101207,-0.014840304644031632,0.0098316011,0.0003223769,0.010153978,0.0108561057,0.0004356388,0.0112917444,-0.0010245046,-0.0001132619,-0.0011377665
2021-09-24,0.0018303652745025698,0.0007075240076041026,0.001461009040274464,2.0209812015615842,1.9407280625582783,1.6852241995574646,-0.01303710254781243,0.0021238376,-0.0002934724,0.0018303653,0.0010417643,-0.0003342403,0.000707524,0.0010820733,4.0768e-05,0.0011228413
2021-09-27,-0.0026044379090795554,-0.0045267388670470875,-0.002776356307289007,2.0157176815067,1.9319428934071268,1.6805454167218272,-0.015607586132792006,-0.0024070545,-0.0001973834,-0.0026044379,-0.004281848,-0.0002448908,-0.0045267389,0.0018747935,4.75075e-05,0.001922301
2021-09-28,-0.023320884799879576,-0.023028729463793588,-0.02036411432532603,1.9687093616672018,1.8874527031753554,1.6463225977268012,-0.038564488214464565,-0.022534704,-0.0006863213,-0.0232210253,-0.0223712294,-0.0006575001,-0.0230287295,-0.0001634746,-2.88213e-05,-0.0001922959
2021-09-29,-0.0007104726190076294,0.00021506994917556792,0.001569166228234442,1.9673106475709534,1.8878586375322988,1.6489059515479334,-0.039247561820529686,5.29338e-05,-0.0007634065,-0.0007104726,0.0012449557,-0.0010298858,0.0002150699,-0.0011920219,0.0002664793,-0.0009255426
2021-09-30,-0.00595663579363396,-0.008322064451603542,-0.01190973193927691,1.955592094550435,1.8721477562752384,1.6292679236719192,-0.04497041418261061,-0.0060671396,0.0001105038,-0.0059566358,-0.008507232,0.0001851676,-0.0083220645,0.0024400924,-7.46638e-05,0.0023654287
2021-10-01,0.006921532098876202,0.008619085102034782,0.0114914777343913,1.9691277880051745,1.888283957110158,1.647990619740153,-0.03836014624899908,0.0068035362,0.0001179958,0.0069215321,0.0083479482,0.0002711369,0.0086190851,-0.0015444119,-0.0001531411,-0.001697553
2021-10-04,-0.013877296853716865,-0.013996778114033347,-0.01298588032242076,1.9418016171481238,1.8618540655461981,1.6265900107797353,-0.05170510796586658,-0.014269379,0.0003920821,-0.0138772969,-0.0144990148,0.0005022366,-0.0139967781,0.0002296358,-0.0001101545,0.0001194813
2021-10-05,0.009544669948919459,0.010209137395312914,0.01052445552336256,1.9603354726900808,1.880861989511381,1.6437089850029325,-0.04265394620715457,0.0098636089,-0.000318939,0.0095446699,0.0105755136,-0.0003663762,0.0102091374,-0.0007119047,4.74372e-05,-0.0006644674
2021-10-06,0.002802111965201336,0.003038823745207772,0.004102887438675262,1.9658285521739143,1.8865775975865666,1.6504529379503388,-0.03997135537498331,0.0031861591,-0.0003840472,0.002802112,0.0034157813,-0.0003769576,0.0030388237,-0.0002296222,-7.0896e-06,-0.0002367118
2021-10-07,0.009438567686070539,0.009954457189629083,0.00829828923697451,1.9843831580228175,1.9053574535166553,1.664148873801465,-0.03091006003212371,0.0094308548,7.7128e-06,0.0094385677,0.0099900342,-3.5577e-05,0.0099544572,-0.0005591794,4.32899e-05,-0.0005158895
2021-10-08,-0.0019871844600661773,-0.0016493923622189865,-0.001913740749495463,1.9804398226483775,1.902214771485528,1.660964124288444,-0.03283582050123435,-0.0018505348,-0.0001366496,-0.0019871845,-0.0016069919,-4.24004e-05,-0.0016493924,-0.0002435429,-9.42492e-05,-0.0003377921
2021-10-11,-0.004496571585909904,-0.005441998223863913,-0.006865785842134819,1.9715346332142525,1.891862922077696,1.6495603003196107,-0.03718474346967826,-0.0041376876,-0.000358884,-0.0044965716,-0.0050232972,-0.000418701,-0.0054419982,0.0008856097,5.9817e-05,0.0009454266
2021-10-12,-0.0019150253723962819,-0.003678184210145247,-0.002416771569227705,1.9677590943690892,1.8849043017499505,1.6455736898840716,-0.039028559114864025,-0.0015331513,-0.000381874,-0.0019150254,-0.0033038315,-0.0003743527,-0.0036781842,0.0017706802,-7.5213e-06,0.0017631588
2021-10-13,0.00707224171415879,0.00546926629361858,0.003022536862308023,1.9816755623197018,1.8952133453142084,1.6505474970213905,-0.03223233680452087,0.0062426293,0.0008296124,0.0070722417,0.004546721,0.0009225453,0.0054692663,0.0016959083,-9.29329e-05,0.0016029754
2021-10-14,0.015950371202060668,0.016212631356658593,0.01706311013337003,2.0132840231407534,1.9259397406240073,1.6787109707434247,-0.016796083339202128,0.0157831513,0.0001672199,0.0159503712,0.0161801267,3.25047e-05,0.0162126314,-0.0003969754,0.0001347152,-0.0002622602
2021-10-15,0.010722026702187278,0.009158472608761476,0.007460130771969053,2.0348705081959557,1.9435784069846374,1.6912343741135099,-0.006254144691069885,0.0105650657,0.000156961,0.0107220267,0.0090688686,8.9604e-05,0.0091584726,0.0014961971,6.7357e-05,0.0015635541
2021-10-18,0.005756975368833787,0.003723432854807811,0.003374804590092095,2.046585207590406,1.950815190681099,1.6969419596421897,-0.0005331742791756522,0.0059321979,-0.0001752226,0.0057569754,0.0038037731,-8.03403e-05,0.0037234329,0.0021284248,-9.48823e-05,0.0020335425
2021-10-19,0.006079167007359718,0.006904810842965116,0.00739335690054066,2.05902674086214,1.9642852005623348,1.7094880571893274,0.0,0.0056076855,0.0004714815,0.006079167,0.0065353975,0.0003694134,0.0069048108,-0.0009277119,0.0001020681,-0.0008256438
2021-10-20,0.0011977635399447592,0.001502249165906268,0.003664016744733489,2.061492968020116,1.9672360463664815,1.715751650055791,0.0,0.0008150317,0.0003827318,0.0011977635,0.001141146,0.0003611031,0.0015022492,-0.0003261143,2.16287e-05,-0.0003044856
2021-10-21,0.0047860906384484415,0.0027879149031488828,0.002995906256131331,2.0713594602155845,1.9727205330581583,1.7208918811581608,0.0,0.004971295,-0.0001852043,0.0047860906,0.0029597403,-0.0001718254,0.0027879149,0.0020115546,-1.33789e-05,0.0019981757
2021-10-22,-0.0018097118641265872,-0.0013240871957959262,-0.001072579333506241,2.0676108964255615,1.9701084790594523,1.719046088091232,-0.0018097118641265952,-0.0020368118,0.0002271,-0.0018097119,-0.0015968078,0.0002727206,-0.0013240872,-0.000440004,-4.56206e-05,-0.0004856247
2021-10-25,0.011572724113347857,0.004316965845329926,0.004748179277871856,2.0915387869036466,1.978613370075147,1.7272084271044135,0.0,0.0116344634,-6.17393e-05,0.0115727241,0.0046455691,-0.0003286033,0.0043169658,0.0069888942,0.000266864,0.0072557583
2021-10-26,0.003934897275475847,0.0036361428100795392,0.001819782414463678,2.0997687771777858,1.9858078908546728,1.7303515706261716,0.0,0.0040682469,-0.0001333496,0.0039348973,0.0038223273,-0.0001861845,0.0036361428,0.0002459195,5.2835e-05,0.0002987545
2021-10-27,-0.0016692511808639805,-0.0017999663042195376,-0.005051597996847845,2.0962637356669402,1.9822335035644811,1.721610530098154,-0.0016692511808640287,-0.0016248866,3.24635e-05,-0.0015924231,-0.0019233754,0.0001234091,-0.0017999663,0.0002984888,-9.09456e-05,0.0002075432
2021-10-28,0.014929018528649723,0.010538503468143709,0.009829337739032606,2.1275588958176486,2.0031232782164663,1.7385328214535636,0.0,0.0142138489,0.0007151696,0.0149290185,0.0096333504,0.0009051531,0.0105385035,0.0045804986,-0.0001899835,0.0043905151
2021-10-29,0.0065565270169464385,0.00188022706468398,0.001949343184478369,2.141508293198222,2.0068896048180673,1.741921818560056,0.0,0.0074988017,-0.0009422747,0.006556527,0.0031384803,-0.0012582533,0.0018802271,0.0043603213,0.0003159786,0.0046763
2021-11-01,0.007358723550287888,0.0022516699339423787,0.001800068615402051,2.1572670607085165,2.0114084578019775,1.74505739735613,0.0,0.0072027953,0.0001559282,0.0073587236,0.0017898334,0.0004618365,0.0022516699,0.0054129619,-0.0003059083,0.0051070536
2021-11-02,0.001552083314339384,0.004027830512483736,0.003680367256435613,2.1606153189180164,2.01951007016138,1.7514798494619603,0.0,0.0018216025,-0.0002695191,0.0015520833,0.0044605559,-0.0004327254,0.0040278305,-0.0026389534,0.0001632062,-0.0024757472
2021-11-03,0.006119152229314106,0.006491484570559907,0.00646129593037692,2.1738364529634637,2.032619688621923,1.7627966790854261,0.0,0.0060054088,0.0001137434,0.0061191522,0.0061184944,0.0003729902,0.0064914846,-0.0001130856,-0.0002592468,-0.0003723323
2021-11-04,0.005121249436310333,0.0073276025796906764,0.004181891914508462,2.184969211672834,2.047513917895799,1.7701685042646158,0.0,0.0056615624,-0.000540313,0.0051212494,0.0080193527,-0.0006917501,0.0073276026,-0.0023577902,0.0001514371,-0.0022063531
2021-11-05,0.0027326674143383954,0.003886493169645229,0.003732858125750305,2.1909400058389052,2.055471566752454,1.7767762921497072,0.0,0.0026644423,6.82251e-05,0.0027326674,0.0037372998,0.0001491934,0.0038864932,-0.0010728575,-8.09682e-05,-0.0011538258
2021-11-08,0.005001755737566548,0.001248406086007855,0.0008877005575269603,2.201898552583774,2.058037629966004,1.7783535374548491,0.0,0.0047414146,0.0002603411,0.0050017557,0.0009675806,0.0002808255,0.0012484061,0.003773834,-2.04843e-05,0.0037533497
2021-11-09,-0.006845449449602215,-0.003699316561552249,-0.003498734500287037,2.18682556734891,2.050424297277173,1.7721315505796484,-0.006845449449602081,-0.0071728242,0.0003273748,-0.0068454494,-0.0039378438,0.0002385273,-0.0036993166,-0.0032349804,8.88475e-05,-0.0031461329
2021-11-10,-0.01140597405490116,-0.00995047585542079,-0.008225815057894437,2.1618826916651335,2.0300215998137485,1.7575543241863205,-0.018173344485687082,-0.0101261454,-0.0012798287,-0.0114059741,-0.0084063789,-0.001544097,-0.0099504759,-0.0017197665,0.0002642683,-0.0014554982
2021-11-11,0.0029618612053548287,0.0010252013475954254,0.0005509274303756584,2.1682858881401046,2.032102780693525,1.7585226090738901,-0.015265310204335969,0.0032548859,-0.0002930247,0.0029618612,0.0014070119,-0.0003818105,0.0010252013,0.001847874,8.87859e-05,0.0019366599
2021-11-12,0.008081647540354217,0.008093444532898977,0.007222639253044116,2.185809210454777,2.048549491834218,1.7712237834975528,-0.007307031520647267,0.0080113778,7.02697e-05,0.0080816475,0.0080437436,4.9701e-05,0.0080934445,-3.23658e-05,2.05688e-05,-1.1797e-05
2021-11-15,-0.0025851658310605038,-0.0006774622021604646,-1.067725850711909e-05,2.180158531170692,2.0471616769842456,1.7712048716833424,-0.00987330746349413,-0.0020609939,-0.0005241719,-0.0025851658,4.19419e-05,-0.0007194041,-0.0006774622,-0.0021029358,0.0001952322,-0.0019077036
2021-11-16,0.007441782704465058,0.004467506244879385,0.003865208849406221,2.19638279722095,2.0563073845604505,1.7780509484274842,-0.002504999767746763,0.0079975762,-0.0005557935,0.0074417827,0.005127927,-0.0006604208,0.0044675062,0.0028696492,0.0001046273,0.0029742765
2021-11-17,-0.00010240614622858998,-0.0009813540460446258,-0.002601629475206813,2.1961578741230436,2.054289418988701,1.7734251186716359,-0.0026071493866028916,-0.000266708,0.0001643019,-0.0001024061,-0.001254448,0.000273094,-0.000981354,0.00098774,-0.0001087921,0.0008789479
2021-11-18,0.003139103680509686,0.0051828140010867635,0.00338475516511072,2.203051841388684,2.06493641895172,1.7794277285019968,0.0,0.0027513346,0.0003877691,0.0031391037,0.0047295752,0.0004532388,0.005182814,-0.0019782407,-6.54697e-05,-0.0020437103
2021-11-19,0.0008913487392990816,-0.0008261909175164621,-0.001398648964617166,2.2050155288701165,2.063230387237133,1.7769389337519164,0.0,0.0015272578,-0.0006359091,0.0008913487,-0.0001335964,-0.0006925945,-0.0008261909,0.0016608542,5.66854e-05,0.0017175397
2021-11-22,-0.0060946175359693055,-0.0062849535013679726,-0.003197132372348976,2.19157680256078,2.050263080190738,1.7712578247631308,-0.006094617535969293,-0.0054586429,-0.0006359747,-0.0060946175,-0.0054655213,-0.0008194322,-0.0062849535,6.8784e-06,0.0001834575,0.000190336
2021-11-23,-0.0045603386673926565,-0.0017175171034690268,0.001657078672799628,2.1815824701255013,2.0467417182838994,1.7741929383285753,-0.010627162683349733,-0.0043995159,-0.0001608228,-0.0045603387,-0.0016598446,-5.76725e-05,-0.0017175171,-0.0027396713,-0.0001031503,-0.0028428216
2021-11-24,0.0036716232532944958,0.0028029625336898675,0.002293900697124096,2.189592419051794,2.0524786586363892,1.77826276074664,-0.006994558367679926,0.0039820376,-0.0003104143,0.0036716233,0.00331427,-0.0005113074,0.0028029625,0.0006677676,0.0002008931,0.0008686607
2021-11-26,-0.022780468613901258,-0.022127756195207023,-0.02272485568312821,2.139712477672348,2.007061911282218,1.7378519961419914,-0.029615687664218182,-0.0237781876,0.0010727003,-0.0227054874,-0.0237046254,0.0015768692,-0.0221277562,-7.35622e-05,-0.0005041689,-0.0005777312
2021-11-29,0.01432261998876414,0.013267492197359745,0.01320022112818919,2.170358766375266,2.0336905895297726,1.7607920267791306,-0.015717241915574665,0.0145105558,-0.0001879358,0.01432262,0.0135213725,-0.0002538803,0.0132674922,0.0009891833,6.59445e-05,0.0010551278
2021-11-30,-0.015381533754618659,-0.015214391113221225,-0.01896130621854386,2.1369753197506323,2.0027492254973893,1.727405109972201,-0.030857020383139533,-0.0159307447,0.000549211,-0.0153815338,-0.0157781974,0.0005638063,-0.0152143911,-0.0001525473,-1.45953e-05,-0.0001671426
2021-12-01,-0.01180118257832426,-0.007425580751711968,-0.01181519597109704,2.1117564838368823,1.98787764939803,1.706995480076405,-0.04229405363009919,-0.0120226937,0.0002215111,-0.0118011826,-0.0074058173,-1.97634e-05,-0.0074255808,-0.0046168763,0.0002412745,-0.0043756018
2021-12-02,0.009861712929255154,0.00813837239503214,0.01419442327123188,2.132582020056975,2.0040557379845922,1.731225296442689,-0.03284943251635852,0.0099197525,-5.80396e-05,0.0098617129,0.0082941661,-0.0001557937,0.0081383724,0.0016255864,9.77541e-05,0.0017233405
2021-12-03,-0.014025608743806723,-0.009111701327773728,-0.00844858097922263,2.1026712590295786,1.9857953806558655,1.7165988993324144,-0.04641430797223489,-0.0140450865,1.94777e-05,-0.0140256087,-0.0092452786,0.0001335773,-0.0091117013,-0.0047998079,-0.0001140995,-0.0049139074
2021-12-06,0.009754201499320679,0.00981767447876696,0.01173092897764194,2.1231811381769834,2.005291273284584,1.7367361991035812,-0.037112840985326856,0.0103139679,-0.0005597664,0.0097542015,0.0104497686,-0.0006320941,0.0098176745,-0.0001358007,7.23277e-05,-6.3473e-05
2021-12-07,0.025489990277612125,0.02316639815450371,0.02070706300757674,2.1773010047467243,2.0517466493372463,1.7726989050059585,-0.012568856663605299,0.0255393509,-4.93606e-05,0.0254899903,0.0233289872,-0.000162589,0.0231663982,0.0022103637,0.0001132284,0.0023235921
2021-12-08,0.004324957434932235,0.0031249320863026824,0.003085293646983622,2.186717738915289,2.0581582182747242,1.7781682016755882,-0.008298258998748809,0.0037326587,0.0005922988,0.0043249574,0.002467808,0.0006571241,0.0031249321,0.0012648507,-6.48253e-05,0.0012000253
2021-12-09,-0.010823057906002867,-0.007579680600044639,-0.007181129964413446,2.1630507662029252,2.0425580363558447,1.7653989447207685,-0.019031504367089225,-0.0105956385,-0.0002274194,-0.0108230579,-0.0072125384,-0.0003671422,-0.0075796806,-0.0033831001,0.0001397228,-0.0032433773
2021-12-10,0.006402924227710272,0.008281407163418367,0.00954911139915815,2.1769006163596134,2.0594732911098195,1.7822569359078635,-0.012750437419780769,0.006408939,-6.0148e-06,0.0064029242,0.0080414114,0.0002399957,0.0082814072,-0.0016324724,-0.0002460105,-0.0018784829
2021-12-13,-0.012432035576780832,-0.00994086274851462,-0.009136209099282255,2.1498373104499144,2.0390003497886653,1.7659738638727631,-0.025023959104939375,-0.0121941165,-0.0002379191,-0.0124320356,-0.0095907986,-0.0003500642,-0.0099408627,-0.0026033179,0.0001121451,-0.0024911728
2021-12-14,-0.011162254470373908,-0.008141201690481997,-0.007470598440341258,2.1258402793207685,2.022400436694072,1.7527809822796319,-0.0359068897759276,-0.0109107433,-0.0002515112,-0.0111622545,-0.0078976989,-0.0002435028,-0.0081412017,-0.0030130444,-8.0084e-06,-0.0030210528
2021-12-15,0.016718442113464432,0.01717377062161459,0.01634840928855508,2.161381016973064,2.0571326778989096,1.7814361631711348,-0.01978875492065657,0.0167364736,-1.80315e-05,0.0167184421,0.0170710913,0.0001026794,0.0171737706,-0.0003346177,-0.0001207108,-0.0004553285
2021-12-16,-0.011311591137370222,-0.008441529727083574,-0.00874337823922211,2.136932358616991,2.039767331245871,1.765860392987501,-0.030876503753246687,-0.0118892805,0.0005776894,-0.0113115911,-0.0091244856,0.0006829559,-0.0084415297,-0.002764795,-0.0001052665,-0.0028700614
2021-12-17,-0.006895894791669775,-0.010048461374437802,-0.01028772648313114,2.1221962978950537,2.019270808005007,1.747693704257051,-0.03755947742349941,-0.0063226913,-0.0005732035,-0.0068958948,-0.0091937102,-0.0008547511,-0.0100484614,0.0028710189,0.0002815477,0.0031525666
2021-12-20,-0.014062241028857567,-0.011231084851053723,-0.01138803282662137,2.0923534620435045,1.996592206223047,1.7277909109820924,-0.051093548027909774,-0.0139527023,-0.0001095387,-0.014062241,-0.0114296824,0.0001985975,-0.0112310849,-0.0025230199,-0.0003081363,-0.0028311562
2021-12-21,0.023814056530192494,0.018095093681349195,0.01777794317888248,2.1421808856697524,2.0327207292381044,1.7585074796225215,-0.02849623613878205,0.0239324583,-0.0001184018,0.0238140565,0.018180547,-8.54533e-05,0.0180950937,0.0057519113,-3.29485e-05,0.0057189628
2021-12-22,0.013932913800267817,0.011960884115257895,0.01018018037395452,2.17202770729437,2.057033866319204,1.776409402954027,-0.014960357940268065,0.0135020781,0.0004308357,0.0139329138,0.0113990096,0.0005618745,0.0119608841,0.0021030686,-0.0001310389,0.0019720297
2021-12-23,0.008694511569953732,0.00657138269673886,0.006223704157936716,2.190912427325701,2.07055142307494,1.7874652495413899,-0.0063959193755166455,0.0084936316,0.0002008799,0.0086945116,0.0064525042,0.0001188785,0.0065713827,0.0020411274,8.20015e-05,0.0021231289
2021-12-27,0.01150274039206316,0.012288476604363672,0.01383895602639984,2.2161139241989734,2.095995345795528,1.812201902528511,0.0,0.0115002305,2.5099e-06,0.0115027404,0.0123003636,-1.18869e-05,0.0122884766,-0.000800133,1.43968e-05,-0.0007857362
2021-12-28,-0.002182324674829459,-0.00127070524773535,-0.00101018744821213,2.211277644099961,2.093331953510397,1.8103712389129505,-0.0021823246748293723,-0.0019802146,-0.0001370407,-0.0021172553,-0.0011344818,-0.0001362234,-0.0012707052,-0.0008457328,-8.173e-07,-0.0008465501
2021-12-29,-0.0010081902258947833,-0.00043533549718816094,0.001401903329259158,2.2090482555924393,2.0924206518036357,1.8129092043799775,-0.0031883147023175074,-0.0013632877,0.0003550975,-0.0010081902,-0.0008777345,0.000442399,-0.0004353355,-0.0004855532,-8.73015e-05,-0.0005728547
2021-12-30,-0.0005566522210319052,-0.0028391748179193,-0.002989739331450192,2.207818583974597,2.0864799037805404,1.8074890784272946,-0.003743192140888918,-0.000354295,-0.0002023572,-0.0005566522,-0.0026652259,-0.0001739489,-0.0028391748,0.0023109309,-2.84083e-05,0.0022825226
2021-12-31,-0.003317991284791059,-0.003117617587629982,-0.002626220774138543,2.2004930611545697,2.0799750573362776,1.8027422130605002,-0.007048763546779302,-0.0035994229,0.0002814316,-0.0033179913,-0.0035104043,0.0003927867,-0.0031176176,-8.90186e-05,-0.0001113551,-0.0002003737
2022-01-03,0.011281403357671093,0.007795167552760697,0.00637407735335227,2.225317710963211,2.096188811413777,1.8142330313747013,0.0,0.0120098018,-0.0007283985,0.0112814034,0.0086933101,-0.0008981426,0.0077951676,0.0033164917,0.0001697441,0.0034862358
2022-01-04,-0.004980091247806614,-0.002032166586827957,-0.000629617892823231,2.214235425707254,2.0919290065515397,1.8130907577963968,-0.004980091247806739,-0.0048163135,-0.0001637777,-0.0049800912,-0.0019281013,-0.0001040653,-0.0020321666,-0.0028882122,-5.97124e-05,-0.0029479247
2022-01-05,-0.022754508510120952,-0.01832468007455422,-0.01939276609770646,2.163851586869587,2.053595076767803,1.777929912816538,-0.027621280229248257,-0.0228153545,6.0846e-05,-0.0227545085,-0.0185155839,0.0001909039,-0.0183246801,-0.0042997705,-0.0001300579,-0.0044298284
2022-01-06,-0.004762284976612631,-0.0038701253938185727,-0.0009637108612128298,2.1535467089658185,2.045647406312583,1.7762165024490815,-0.032252024797990275,-0.0044786547,-0.0002836302,-0.004762285,-0.0035948299,-0.0002752955,-0.0038701254,-0.0008838249,-8.3347e-06,-0.0008921596
2022-01-07,-0.004999631942164776,-0.003915572406254674,-0.00405021241255954,2.1427797680507292,2.037637525775499,1.769022448323469,-0.03709040848677547,-0.0054599477,0.0004603158,-0.0049996319,-0.0045875816,0.0006720092,-0.0039155724,-0.0008723661,-0.0002116934,-0.0010840595
2022-01-10,-0.0003624176273163836,-0.00216403220194228,-0.001441085475183956,2.1420031868913307,2.0332280125538347,1.7664731357679158,-0.0374393838962519,-0.0001294642,-0.0002329534,-0.0003624176,-0.0017341048,-0.0004299274,-0.0021640322,0.0016046406,0.000196974,0.0018016146
2022-01-11,0.012572169077749136,0.01032922229295375,0.009160030747555226,2.168932813122006,2.054229676667764,1.7826540840062801,-0.025337909083013255,0.0120866647,0.0004855044,0.0125721691,0.0097995191,0.0005297032,0.0103292223,0.0022871455,-4.41988e-05,0.0022429468
2022-01-12,0.005058490278822182,0.005362078271080085,0.002817696321081753,2.179904338672602,2.065244616980832,1.787677061860546,-0.020407590370973172,0.0041109125,0.0009475778,0.0050584903,0.0042222771,0.0011398011,0.0053620783,-0.0001113646,-0.0001922234,-0.000303588
2022-01-13,-0.01809536732980687,-0.014860398130089937,-0.01424354946205864,2.1404581689204814,2.034554259736472,1.7622141952077477,-0.03813367485670116,-0.0184255306,0.0003301633,-0.0180953673,-0.0152013455,0.0003409473,-0.0148603981,-0.0032241851,-1.07841e-05,-0.0032349692
2022-01-14,-2.8912333175070185e-05,-8.635513831552275e-05,0.0008199131578892072,2.1403962832807544,2.034378565521962,1.7636590578134177,-0.03816148465636349,0.0002771093,-0.0003060216,-2.89123e-05,0.0003623525,-0.0004487077,-8.63551e-05,-8.52432e-05,0.000142686,5.74428e-05
2022-01-18,-0.018566118040855048,-0.018029835269877094,-0.0183878958147915,2.1006574332311563,1.9976990551090321,1.7312290788055313,-0.05601909206847433,-0.0177821537,-0.0007839643,-0.018566118,-0.0170563841,-0.0009734511,-0.0180298353,-0.0007257696,0.0001894868,-0.0005362828
2022-01-19,-0.008537660007457601,-0.008427624986024227,-0.009689520243122751,2.08272273427409,1.9808631966376382,1.7144542996009624,-0.06407848011392492,-0.0086876097,0.0001499497,-0.00853766,-0.0086774333,0.0002498084,-0.008427625,-1.01763e-05,-9.98587e-05,-0.000110035
2022-01-20,-0.00629754678644362,-0.008161067028027541,-0.01103742532143781,2.069606690411809,1.9646972393165256,1.6955311383020988,-0.06997248967384695,-0.0061206963,-0.0001768505,-0.0062975468,-0.0079384974,-0.0002225697,-0.008161067,0.001817801,4.57192e-05,0.0018635202
2022-01-21,-0.024201373424832112,-0.020043385610595883,-0.01891481307149878,2.019519366054622,1.9253180549408313,1.663460483764209,-0.09248043274661699,-0.0244776379,0.0002762645,-0.0242013734,-0.0204675987,0.0004242131,-0.0200433856,-0.0040100392,-0.0001479486,-0.0041579878
2022-01-24,-0.0012494628600377726,-0.003412234354721248,0.002771752229453028,2.01699605161161,1.918748418529997,1.6680711840686895,-0.09361434474065755,-0.0009083243,-0.0003411385,-0.0012494629,-0.0030117266,-0.0004005078,-0.0034122344,0.0021034023,5.93692e-05,0.0021627715
2022-01-25,-0.011721683970206957,-0.01172732393233052,-0.01217197678979987,1.9933534613254633,1.8962466342812487,1.6477674603324715,-0.10423871094673653,-0.0114302756,-0.0002914084,-0.011721684,-0.0114185992,-0.0003087247,-0.0117273239,-1.16764e-05,1.73163e-05,5.64e-06
2022-01-26,0.0002556666463608846,0.0016466119495660485,-0.001496631431555429,1.9938630953199323,1.8993690166485804,1.6453013597594437,-0.10400969466202437,0.0008941115,-0.0006384449,0.0002556666,0.0025383023,-0.0008916904,0.0016466119,-0.0016441908,0.0002532455,-0.0013909453
2022-01-27,-0.012993282689363325,-0.006951909634256842,-0.005383994684971971,1.9679562684785517,1.8861647748827322,1.6364430659833218,-0.11565154998620963,-0.0118412684,-0.0010750565,-0.0129163249,-0.0056502177,-0.001301692,-0.0069519096,-0.0061910507,0.0002266355,-0.0059644153
2022-01-28,0.023968672364750157,0.023006020845746496,0.02434756882568179,2.01512556750587,1.9295579210121971,1.6762864761616605,-0.09445489173155452,0.0240093027,-4.06303e-05,0.0239686724,0.0229309607,7.50601e-05,0.0230060208,0.0010783419,-0.0001156904,0.0009626515
2022-01-31,0.028352594819458978,0.021025414983420823,0.01888601825422787,2.0722596062316962,1.9701276770360252,1.707944853149765,-0.0687803381860762,0.0277356292,0.0006169656,0.0283525948,0.0201854202,0.0008399948,0.021025415,0.007550209,-0.0002230291,0.0073271798
2022-02-01,0.009321516361284272,0.007892599915931768,0.006862951356977565,2.0915762080560136,1.9856771065741747,1.719666395597332,-0.06009995887252806,0.0088244284,0.000497088,0.0093215164,0.0072036856,0.0006889144,0.0078925999,0.0016207428,-0.0001918264,0.0014289164
2022-02-02,0.0028223359844976614,0.008672440550919695,0.009422549895085064,2.097479338852329,2.0028977732342614,1.735870038012749,-0.057447245164623295,0.0024747562,0.0003475798,0.002822336,0.0081902036,0.000482237,0.0086724406,-0.0057154474,-0.0001346571,-0.0058501046
2022-02-03,-0.027750598850705247,-0.026347421850324355,-0.02439109422187757,2.0392730311221956,1.9501265806797832,1.6935302683586457,-0.08360364855968694,-0.0283208315,0.0005702327,-0.0277505989,-0.0271529018,0.0008054799,-0.0263474219,-0.0011679297,-0.0002352473,-0.001403177
2022-02-04,0.009314326371320325,0.007223323186074271,0.005156964694110977,2.0582674856942993,1.9642129752257873,1.7022637441609796,-0.07506803385688476,0.009213993,0.0001003334,0.0093143264,0.0074571239,-0.0002338007,0.0072233232,0.0017568691,0.0003341341,0.0020910032
2022-02-07,-0.0038805543650029316,-0.0032246225730650085,-0.003701786234065696,2.0502802668183446,1.957879129727567,1.6959623276660953,-0.07865728263543226,-0.00380961,-7.09444e-05,-0.0038805544,-0.0032499409,2.53183e-05,-0.0032246226,-0.0005596691,-9.62627e-05,-0.0006559318
2022-02-08,0.006975975592886785,0.006777540226096577,0.008401224834796661,2.064582971918247,1.9711487342871306,1.7102104884921634,-0.07223001832641296,0.0071408363,-0.0001648607,0.0069759756,0.0070691353,-0.0002915951,0.0067775402,7.17009e-05,0.0001267345,0.0001984354
2022-02-09,0.018497176330645897,0.015493196257900875,0.0145171777757136,2.1027719271990675,2.001688128480954,1.7350379181874942,-0.055068893381116646,0.0183773379,0.0001198384,0.0184971763,0.015404542,8.86543e-05,0.0154931963,0.0029727959,3.11842e-05,0.0030039801
2022-02-10,-0.016488208341486562,-0.0155585466236449,-0.01811570507370552,2.06810098556878,1.9705447704079866,1.7036064829699136,-0.07064911433540011,-0.0164042585,-8.39498e-05,-0.0164882083,-0.0154755078,-8.30388e-05,-0.0155585466,-0.0009287507,-9.11e-07,-0.0009296617
2022-02-11,-0.016825198015491837,-0.020771936936912434,-0.0189694676826343,2.0333047769705517,1.9296127387057092,1.6712899748472896,-0.08628562701257969,-0.0164632523,-0.0003619457,-0.016825198,-0.0203442151,-0.0004277218,-0.0207719369,0.0038809628,6.57761e-05,0.0039467389
2022-02-14,-0.0019152133308911793,-0.0050293209509452395,-0.003840548222982743,2.029410564555933,1.9199080969317257,1.664871305104301,-0.08803558496035202,-0.0018413803,-7.38331e-05,-0.0019152133,-0.004732164,-0.0002971569,-0.005029321,0.0028907838,0.0002233238,0.0031141076
2022-02-15,0.020579544274554367,0.01749526803217449,0.01576674307705939,2.0711749091204603,1.9534974036846884,1.691120903228249,-0.06926777290422548,0.0205527005,2.68438e-05,0.0205795443,0.0172139251,0.0002813429,0.017495268,0.0033387754,-0.0002544991,0.0030842762
2022-02-16,0.0006760163066924702,0.0009017487288415009,0.0008812208263346832,2.0725750571330384,1.955258967485256,1.6926111541880238,-0.06863858274154444,0.0003863398,0.0002896765,0.0006760163,0.0005827368,0.0003190119,0.0009017487,-0.000196397,-2.93354e-05,-0.0002257324
2022-02-17,-0.021689021534295538,-0.02004797682041434,-0.02117313704326917,2.027622932087436,1.9160599810272043,1.6567732662594348,-0.0888389005766751,-0.0218461392,0.0001571177,-0.0216890215,-0.0202385995,0.0001906227,-0.0200479768,-0.0016075397,-3.3505e-05,-0.0016410447
2022-02-18,-0.012253768605669152,-0.008654931020288404,-0.007166241273349194,2.0027769098580883,1.899476614060679,1.6449004292981848,-0.10000405785149558,-0.0120343512,-0.0002194175,-0.0122537686,-0.0082907989,-0.0003641322,-0.008654931,-0.0037435523,0.0001447147,-0.0035988376
2022-02-22,-0.01645105084524303,-0.011856519141916651,-0.01014286469818593,1.9698291250823343,1.8769554332264455,1.6282164268018253,-0.11480993685629293,-0.0165637289,0.000112678,-0.0164510508,-0.0118845694,2.80503e-05,-0.0118565191,-0.0046791595,8.46278e-05,-0.0045945317
2022-02-23,-0.01723227213866807,-0.01700447997979703,-0.01841217628857361,1.935884493532241,1.8450387821391752,1.5982374189155988,-0.1300637729188301,-0.0171624409,-6.98313e-05,-0.0172322721,-0.0169366426,-6.78374e-05,-0.01700448,-0.0002257983,-1.9939e-06,-0.0002277922
2022-02-24,0.012934870840854151,0.009226014770626905,0.01495680984498882,1.9609249094188927,1.8620611371955706,1.6221419520774651,-0.11881126018175536,0.0143423942,-0.0014075234,0.0129348708,0.0108196481,-0.0015936333,0.0092260148,0.0035227461,0.0001861099,0.0037088561
2022-02-25,0.0182906058696709,0.021490187963063956,0.02237274698626623,1.9967914140770937,1.9020771810326202,1.6584337235471023,-0.1026937842449479,0.0178134835,0.0004771224,0.0182906059,0.0208632667,0.0006269213,0.021490188,-0.0030497832,-0.0001497989,-0.0031995821
2022-02-28,0.005507227470196042,-0.0016223635396264845,-0.002442612295166069,2.0077881986049504,1.8989913203645574,1.654382812943248,-0.09775211480436408,0.0055736082,5.27333e-05,0.0056263415,-0.001718331,9.59674e-05,-0.0016223635,0.0072919392,-4.32341e-05,0.007248705
2022-03-01,-0.011933010770350312,-0.015687953787347865,-0.01547346328481858,1.983829240406415,1.8692000322881035,1.6287837812281358,-0.10851864853592952,-0.0113054586,-0.0006275522,-0.0119330108,-0.0148482401,-0.0008397137,-0.0156879538,0.0035427814,0.0002121616,0.003754943
2022-03-02,0.016026240671218814,0.015843564117612736,0.01864262724498755,2.0156225652637696,1.8988148228483037,1.6591485901242533,-0.09423155384346282,0.016258829,-0.0002325883,0.0160262407,0.015975875,-0.0001323109,0.0158435641,0.000282954,-0.0001002774,0.0001826766
2022-03-03,-0.01302445016517054,-0.009835716677230811,-0.005254711002293466,1.9893701896106986,1.8801386182282416,1.6504302437732876,-0.10602868983161262,-0.0128215028,-0.0002029473,-0.0130244502,-0.0095088225,-0.0003268942,-0.0098357167,-0.0033126804,0.0001239469,-0.0031887335
2022-03-04,-0.015939050185555064,-0.01579176599786611,-0.00793401612012401,1.9576615183208463,1.8504479091256298,1.6373357036140501,-0.12027774340883302,-0.0149208884,-0.0010181618,-0.0159390502,-0.0147708891,-0.0010208769,-0.015791766,-0.0001499992,2.7151e-06,-0.0001472842
2022-03-07,-0.029687773326787625,-0.030121080709088005,-0.02951809594651711,1.8995429069143621,1.7947104183068936,1.5890046712181125,-0.14639473835304162,-0.028409653,-0.0012781204,-0.0296877733,-0.0288815614,-0.0012395193,-0.0301210807,0.0004719085,-3.86011e-05,0.0004333074
2022-03-08,-0.003552824198306961,-0.00603386332627321,-0.007233836932796112,1.8927941649089546,1.7838813809325913,1.5775100705410694,-0.149427447782423,-0.0032790496,-0.0002737746,-0.0035528242,-0.0060403546,6.4912e-06,-0.0060338633,0.0027613049,-0.0002802658,0.0024810391
2022-03-09,0.031323163852210456,0.032964279060301985,0.02569832402234651,1.9520824666749057,1.84268574458413,1.6180494354823485,-0.12278482436111904,0.0302075889,0.0011155749,0.0313231639,0.0314944231,0.001469856,0.0329642791,-0.0012868341,-0.0003542811,-0.0016411152
2022-03-10,-0.0050741046303473475,-0.006029438793528608,-0.004291845493562207,1.9421773959919308,1.8315753836714523,1.6111050173043127,-0.12723590594563916,-0.0046419346,-0.00043217,-0.0050741046,-0.0051440331,-0.0008854057,-0.0060294388,0.0005020984,0.0004532357,0.0009553342
2022-03-11,-0.017796582202227434,-0.012763593087239388,-0.01296155435354218,1.9076132763128524,1.8081979007656654,1.5902225920532582,-0.14276812388863014,-0.0168944105,-0.0009021717,-0.0177965822,-0.0117228369,-0.0010407561,-0.0127635931,-0.0051715735,0.0001385844,-0.0050329891
2022-03-14,-0.01426744837883559,-0.007557529281996334,-0.00742095611408311,1.8803965023662772,1.7945323921829845,1.5784216199860075,-0.15499863542974157,-0.0137443182,-0.0005231302,-0.0142674484,-0.0072306749,-0.0003268543,-0.0075575293,-0.0065136432,-0.0001962759,-0.0067099191
2022-03-15,0.016851891916586592,0.02011366995911414,0.02140849390502542,1.912084740984481,1.830627024450293,1.6122132496170383,-0.14075876376463548,0.0168344547,1.74373e-05,0.0168518919,0.0200495719,6.40981e-05,0.02011367,-0.0032151172,-4.66608e-05,-0.003261778
2022-03-16,0.030760104207223853,0.026420989261113345,0.02238384027965123,1.9709006668702063,1.878994001404398,1.6483007734932036,-0.1143284137988918,0.0300154612,0.000744643,0.0307601042,0.0256627216,0.0007582677,0.0264209893,0.0043527396,-1.36247e-05,0.0043391149
2022-03-17,0.018354455560553245,0.013633375675493432,0.01234780373853228,2.00707547557454,1.9046110325175427,1.6686536679463686,-0.09807239402871892,0.0171970383,0.0011574173,0.0183544556,0.0128965775,0.0007367982,0.0136333757,0.0043004608,0.0004206191,0.0047210799
2022-03-18,0.015048831235496753,0.012941119177297013,0.01166225034964086,2.037279615683366,1.929258830875747,1.6881139247688057,-0.08449943769982138,0.0149985827,5.02485e-05,0.0150488312,0.0130570773,-0.0001159581,0.0129411192,0.0019415054,0.0001662066,0.0021077121
2022-03-21,-0.0015775634873701578,-0.0014444128673253718,-0.0004346735019447046,2.0340656777481003,1.926472184596029,1.687380146377445,-0.08594369795957302,-0.0010028854,-0.0005746781,-0.0015775635,-0.0009839038,-0.0004605091,-0.0014444129,-1.89816e-05,-0.000114169,-0.0001331506
2022-03-22,0.01850937847684918,0.013287350060380457,0.01130418409479095,2.0717149692243084,1.9520698948943425,1.706454602189991,-0.06902508391595774,0.0186457316,-0.0001363532,0.0185093785,0.0133192001,-3.185e-05,0.0132873501,0.0053265315,-0.0001045031,0.0052220284
2022-03-23,-0.007118481152805008,-0.010247827180295608,-0.01227278067031501,2.056967505261901,1.9320654199676075,1.6855116591334636,-0.07565221130983624,-0.0070644264,-5.40548e-05,-0.0071184812,-0.0100155172,-0.0002323099,-0.0102478272,0.0029510909,0.0001782552,0.003129346
2022-03-24,0.012717507997913852,0.013416242864189047,0.01434393120657784,2.083127005961518,1.9579864788713943,1.709688522419959,-0.0638968109143151,0.0131613283,-0.0004438203,0.012717508,0.0138014588,-0.000385216,0.0134162429,-0.0006401305,-5.86043e-05,-0.0006987349
2022-03-25,-0.0006584987985945264,0.002489457810162436,0.005066192347173759,2.0817552693307726,1.9628608036034132,1.7183501333282938,-0.06451323373968854,-0.0006411811,-1.73177e-05,-0.0006584988,0.0025207324,-3.12746e-05,0.0024894578,-0.0031619135,1.39569e-05,-0.0031479566
2022-03-28,0.01151735568947693,0.008042686016720743,0.007144963967017803,2.1057315852260983,1.9786474767413234,1.7306276831136447,-0.05373889990986991,0.012331597,-0.0008142413,0.0115173557,0.0088133876,-0.0007707016,0.008042686,0.0035182094,-4.35397e-05,0.0034746697
2022-03-29,0.016800584750256933,0.014476333927207076,0.01225653040528729,2.1411091071849824,2.0072910383388565,1.751839173931959,-0.03784116010193417,0.0158288021,0.0010455234,0.0168743255,0.0133880925,0.0010882414,0.0144763339,0.0024407096,-4.2718e-05,0.0023979916
2022-03-30,-0.005189359976365,-0.005650058400160654,-0.006293721392175655,2.129998121279126,1.9959497267461228,1.7408135862473322,-0.042834148676607064,-0.0063328266,0.0011434666,-0.00518936,-0.0068038439,0.0011537855,-0.0056500584,0.0004710173,-1.03188e-05,0.0004606984
2022-03-31,-0.013543360463239604,-0.01531389100880627,-0.01565253289009116,2.1011507889366197,1.965383970171676,1.7135654443330783,-0.055797390824183335,-0.0130385001,-0.0005048604,-0.0135433605,-0.0147339138,-0.0005799772,-0.015313891,0.0016954137,7.51168e-05,0.0017705305
2022-04-01,0.0025185670514622427,0.002549542303780378,0.003410287369134402,2.1064426780837895,1.9703947997468008,1.7194091949240726,-0.05341935324280833,0.0030393721,-0.000520805,0.0025185671,0.0031028124,-0.0005532701,0.0025495423,-6.34403e-05,3.24651e-05,-3.09753e-05
2022-04-04,0.013465077144650821,0.010985107071111219,0.0080908782936564,2.1348060912449722,1.99203979759438,1.733320725457197,-0.040673571810589504,0.0138573638,-0.0003922867,0.0134650771,0.0115187939,-0.0005336868,0.0109851071,0.0023385699,0.0001414001,0.0024799701
2022-04-05,-0.016962827483408514,-0.013690543921972373,-0.01255171691426782,2.098593743808654,1.9647676892510972,1.7115645743896248,-0.05694646051224095,-0.016385291,-0.0005775364,-0.0169628275,-0.0128884467,-0.0008020972,-0.0136905439,-0.0034968444,0.0002245608,-0.0032722836
2022-04-06,-0.017627251451592423,-0.013802964752317008,-0.009716869386889204,2.0616013041918,1.937648070089873,1.6949335249730542,-0.07356990238510586,-0.0172760992,-0.0003511522,-0.0176272515,-0.0135193958,-0.000283569,-0.0138029648,-0.0037567034,-6.75833e-05,-0.0038242867
2022-04-07,0.0041332832306076135,0.002680861148213122,0.004253372460194527,2.070122486290615,1.9428426355198873,1.702142708550035,-0.06974070439830415,0.0042880769,-0.0001547937,0.0041332832,0.0028461834,-0.0001653223,0.0026808611,0.0014418934,1.05286e-05,0.0014524221
2022-04-08,-0.005052202342725173,-0.0035117607557825204,-0.002650987398365889,2.0596638086156496,1.9360198369978074,1.6976303496794485,-0.07444056259088483,-0.0047074862,-0.0003447162,-0.0050522023,-0.003248957,-0.0002628037,-0.0035117608,-0.0014585291,-8.19125e-05,-0.0015404416
2022-04-11,-0.017300738052668053,-0.01661602775178532,-0.01687728929567678,2.0240301045862297,1.903850877658245,1.6689789511507875,-0.0904534239696747,-0.0170142285,-0.0002865095,-0.0173007381,-0.0165126817,-0.0001033461,-0.0166160278,-0.0005015468,-0.0001831635,-0.0006847103
2022-04-12,-0.002200797784336712,-0.004850843551612218,-0.003417540503973915,2.0195756236166256,1.894615594905125,1.66327514798495,-0.09245515205895327,-0.0017179768,-0.000482821,-0.0022007978,-0.0043054609,-0.0005453826,-0.0048508436,0.0025874841,6.25617e-05,0.0026500458
2022-04-13,0.016846184739243607,0.013095831014201276,0.01117465804045525,2.053597767666944,1.919427160572873,1.6818616789908694,-0.07716648389138969,0.0161711685,0.0006750163,0.0168461847,0.0124626839,0.0006331471,0.013095831,0.0037084845,4.18692e-05,0.0037503537
2022-04-14,-0.015086462555816292,-0.013356593738082817,-0.01214413741766163,2.022616241840329,1.8937901517792592,1.661436919643705,-0.09108877717741459,-0.0145322363,-0.0005542262,-0.0150864626,-0.0125348356,-0.0008217581,-0.0133565937,-0.0019974007,0.0002675319,-0.0017298688
2022-04-18,-0.0029438820889108857,-0.0012497475991418616,-0.000204890508788802,2.016661898113235,1.8914233920837946,1.6610965069879189,-0.09376450464669206,-0.0020787354,-0.0008651467,-0.0029438821,-0.0004302957,-0.0008194518,-0.0012497476,-0.0016484397,-4.56948e-05,-0.0016941345
2022-04-19,0.014725069660594697,0.012725100533442103,0.01605759969396758,2.0463573850448196,1.915491944899365,1.6877697297501788,-0.080420123848711,0.0153217092,-0.0005966395,0.0147250697,0.0133953057,-0.0006702052,0.0127251005,0.0019264035,7.35657e-05,0.0019999691
2022-04-20,-0.004349967075276826,-0.0017740241949416376,-0.0006185275905885579,2.037455797795625,1.9120938158438976,1.6867257976057681,-0.08442026603305619,-0.0050834831,0.0007335161,-0.0043499671,-0.002704739,0.0009307148,-0.0017740242,-0.0023787441,-0.0001971988,-0.0025759429
2022-04-21,-0.012695712241974447,-0.013595467455472795,-0.01475294038502506,2.0115888452810693,1.8860980065987811,1.6618416324678065,-0.09604420287008408,-0.0122530725,-0.0004426398,-0.0126957122,-0.0130978677,-0.0004975998,-0.0135954675,0.0008447952,5.496e-05,0.0008997552
2022-04-22,-0.02448177818460763,-0.026365903401659226,-0.02773997077607282,1.9623415733722671,1.8363693287507357,1.6157421941486885,-0.11817464818410883,-0.0238659434,-0.0006158348,-0.0244817782,-0.0255235525,-0.0008423509,-0.0263659034,0.0016576091,0.0002265161,0.0018841252
2022-04-25,0.002335901021579282,0.003360910325369503,0.005697858972138148,1.966925409058195,1.842541201388926,1.6249484653062807,-0.11611479144394754,0.0031757597,-0.0008398587,0.002335901,0.0041705632,-0.0008096529,0.0033609103,-0.0009948035,-3.02058e-05,-0.0010250093
2022-04-26,-0.029965079725755732,-0.028007874067068672,-0.02814632738377887,1.9079863323611514,1.7909355394570396,1.5792121338200011,-0.14260048218674592,-0.0293874652,-0.0005776145,-0.0299650797,-0.027229643,-0.0007782311,-0.0280078741,-0.0021578222,0.0002006166,-0.0019572057
2022-04-27,0.0016076437003758489,0.0012177227754950767,0.002098103084882119,1.911053694568775,1.79311640245288,1.582525483669652,-0.1412220892532281,0.0029239356,-0.0013162919,0.0016076437,0.0024691175,-0.0012513947,0.0012177228,0.0004548181,-6.48972e-05,0.0003899209
2022-04-28,0.02408177012908428,0.025122037300805585,0.02474689050564538,1.9570752503457176,1.8381631395999878,1.6216880685364183,-0.12054119701468913,0.0253322469,-0.0011738874,0.0241583595,0.0263988723,-0.001276835,0.0251220373,-0.0010666254,0.0001029476,-0.0009636778
2022-04-29,-0.026304859593697487,-0.030454459487397462,-0.03628454810495618,1.9055946606710732,1.7821828747338126,1.5628458498023752,-0.1436752373456589,-0.0273211389,0.0010162793,-0.0263048596,-0.0313985525,0.000944093,-0.0304544595,0.0040774135,7.21864e-05,0.0041495999
2022-05-02,0.005369355475916757,0.0043206356390949035,0.005675313957399952,1.915826475797225,1.789883037577772,1.5717154906670232,-0.1390773252921378,0.006184544,-0.0008151885,0.0053693555,0.0051489938,-0.0008283582,0.0043206356,0.0010355502,1.31697e-05,0.0010487198
2022-05-03,0.0014306963050979204,0.00248011862985914,0.004837102743912469,1.9185674416573566,1.7943221598445374,1.5793180399795783,-0.13784560640245835,0.0013723424,5.83539e-05,0.0014306963,0.0023982343,8.18843e-05,0.0024801186,-0.0010258919,-2.35304e-05,-0.0010494223
2022-05-04,0.02606483347259278,0.025862223512632728,0.0298624349775356,1.968574582530094,1.8407273205961066,1.6264803222573174,-0.11537369570567424,0.0247648693,0.0012999642,0.0260648335,0.0244274817,0.0014347418,0.0258622235,0.0003373876,-0.0001347776,0.00020261
2022-05-05,-0.03517272139797495,-0.03536833096616217,-0.03564975338184306,1.8993344571876283,1.7756238675028064,1.5684966998884233,-0.14648841024793868,-0.0337556559,-0.0014170655,-0.0351727214,-0.0336415392,-0.0017267917,-0.035368331,-0.0001141167,0.0003097263,0.0001956096
2022-05-06,-0.00768482918867288,-0.0075889030778011155,-0.005674159064547379,1.8847383963119806,1.7621488300696972,1.5595968001210387,-0.15304750102573594,-0.0074303496,-0.0002544796,-0.0076848292,-0.0073550584,-0.0002338447,-0.0075889031,-7.52912e-05,-2.06349e-05,-9.59261e-05
2022-05-09,-0.04553418579611143,-0.033496077321078614,-0.03203713494400184,1.7989183679972458,1.7031237566064343,1.5096317869773275,-0.19161279347451088,-0.0455132678,-2.0918e-05,-0.0455341858,-0.0334358749,-6.02024e-05,-0.0334960773,-0.0120773929,3.92844e-05,-0.0120381085
2022-05-10,0.005448290196892415,0.00474495490166588,0.00245788276325154,1.808719397306615,1.7112050020234875,1.5133422849253957,-0.18720846538190483,0.0058333114,-0.0003850212,0.0054482902,0.0051313358,-0.0003863809,0.0047449549,0.0007019756,1.3597e-06,0.0007033353
2022-05-11,-0.014601498078305675,-0.014631197942970152,-0.01646317841566602,1.782309384502648,1.686168022917881,1.4884278608846973,-0.19907643941269415,-0.0145330889,-6.84092e-05,-0.0146014981,-0.0145333747,-9.78232e-05,-0.0146311979,2.858e-07,2.9414e-05,2.96999e-05
2022-05-12,-0.0036814552560786415,-0.004302775235059562,-0.001296001707672856,1.7757478922511125,1.6789128209067208,1.4864988558352428,-0.20202500366453546,-0.0024354001,-0.0012460552,-0.0036814553,-0.0031647858,-0.0011379894,-0.0043027752,0.0007293858,-0.0001080658,0.00062132
2022-05-13,0.031340217592566964,0.02658024668930508,0.02386974310955492,1.8314002175838047,1.7235387378562583,1.5219812016566774,-0.17701629364595417,0.0310378038,0.0003024138,0.0313402176,0.0262970837,0.000283163,0.0265802467,0.0047407201,1.92508e-05,0.0047599709
2022-05-16,-0.009449297942778177,-0.0053208135043358645,-0.003946429947140562,1.8140947712753865,1.7143681096646268,1.5159748094634744,-0.18479291188934543,-0.0096745107,0.0002252127,-0.0094492979,-0.005579494,0.0002586805,-0.0053208135,-0.0040950167,-3.34678e-05,-0.0041284844
2022-05-17,0.020251082654540918,0.019948339252598042,0.02016961035526355,1.850832154431655,1.7485669063200522,1.5465514306787476,-0.1682840857674488,0.0187567281,0.0014943545,0.0202510827,0.0183847456,0.0015635936,0.0199483393,0.0003719825,-6.92391e-05,0.0003027434
2022-05-18,-0.03534037739951386,-0.03564542329181561,-0.04039522115020122,1.785423047590885,1.6862384987902135,1.4840781436163195,-0.19767724006560894,-0.0350141102,-0.0003262672,-0.0353403774,-0.0351984396,-0.0004469837,-0.0356454233,0.0001843294,0.0001207165,0.0003050459
2022-05-19,-0.0011580482254262313,-0.00593057946163573,-0.005833809077192775,1.7833554415989874,1.6762381273818687,1.4754203150708272,-0.19860636851396996,-0.0025424283,0.0013843801,-0.0011580482,-0.0076462285,0.001715649,-0.0059305795,0.0051038002,-0.0003312689,0.0047725312
2022-05-20,-0.0015114394317563764,0.0013286324945831352,0.0001461242466269663,1.7806600078637174,1.6784652318265676,1.475635909752825,-0.1998176264489564,-0.0014587889,-5.26505e-05,-0.0015114394,0.0014959094,-0.0001672769,0.0013286325,-0.0029546982,0.0001146263,-0.0028400719
2022-05-23,0.017298524972239417,0.019812989891114442,0.01855506797629536,1.811462799476816,1.7117206464973342,1.5030164343665513,-0.18597565167773777,0.0158572502,0.0014412747,0.017298525,0.0182765817,0.0015364082,0.0198129899,-0.0024193315,-9.51334e-05,-0.0025144649
2022-05-24,-0.014208780077674591,-0.010741330713326946,-0.008120792702107527,1.7857241229401613,1.6933344889444766,1.4908107494751996,-0.19754194462092123,-0.0147912744,0.0005824943,-0.0142087801,-0.011372199,0.0006308682,-0.0107413307,-0.0034190754,-4.8374e-05,-0.0034674494
2022-05-25,0.012366132396103091,0.008420172012709642,0.009450764687376267,1.8078066238673542,1.707592656616443,1.5049000510619008,-0.18761864206578416,0.0128331224,-0.00046699,0.0123661324,0.0088900779,-0.0004699059,0.008420172,0.0039430445,2.9158e-06,0.0039459604
2022-05-26,0.019043816908406862,0.018779909919523254,0.01988322907058282,1.8422341622180893,1.7396610928869392,1.5348223235054963,-0.17214780022548193,0.0186427071,0.0004011098,0.0190438169,0.0183130685,0.0004668414,0.0187799099,0.0003296386,-6.57316e-05,0.000263907
2022-05-27,0.02746448236784711,0.024788617044522003,0.0247422273919129,1.8928301698837737,1.782784885505768,1.5727972464398534,-0.14941126808159122,0.0271082059,0.0004250574,0.0275332633,0.0244381772,0.0003504398,0.024788617,0.0026700287,7.46175e-05,0.0027446462
2022-05-31,-0.006934723282554789,-0.003649646842938987,-0.006274289122320975,1.8797039164347586,1.7762783502767425,1.5629290617848994,-0.1553098655647045,-0.0069037302,-3.09931e-05,-0.0069347233,-0.0033173135,-0.0003323334,-0.0036496468,-0.0035864168,0.0003013403,-0.0032850764
2022-06-01,-0.006396350795639863,-0.0071436190040772025,-0.007482787410912017,1.8676806707933038,1.7635892944971747,1.5512339958772268,-0.1607127999781689,-0.0052492652,-0.0011470856,-0.0063963508,-0.0058481793,-0.0012954397,-0.007143619,0.0005989141,0.0001483541,0.0007472682
2022-06-02,0.023740541545955063,0.01931555171564675,0.01843105604903905,1.9120204213528496,1.7976539947201957,1.5798248766004148,-0.14078766733706227,0.0229949164,0.0007456252,0.0237405415,0.018303754,0.0010117977,0.0193155517,0.0046911623,-0.0002661725,0.0044249898
2022-06-03,-0.01811035317560928,-0.017025885827592045,-0.01634736474159759,1.8773930562431722,1.767047343048575,1.5539989031147785,-0.15634830613442718,-0.0176923731,-0.0004179801,-0.0181103532,-0.016374437,-0.0006514488,-0.0170258858,-0.0013179361,0.0002334687,-0.0010844673
2022-06-06,0.002815857540114878,0.003038222076043684,0.003137367532018764,1.882679527636354,1.7724160252956394,1.5588743688182036,-0.15397270315102507,0.0033321696,-0.0005163121,0.0028158575,0.0036161388,-0.0005779167,0.0030382221,-0.0002839691,6.16046e-05,-0.0002223645
2022-06-07,0.010627750231445146,0.007193603073814434,0.009523393579413009,1.9026881754219283,1.785166082663284,1.5737201429733183,-0.14498133635112942,0.0109595573,-0.0003318071,0.0106277502,0.0073614549,-0.0001678518,0.0071936031,0.0035981024,-0.0001639553,0.0034341472
2022-06-08,-0.004235475142555844,-0.008425746256976238,-0.0107939086880029,1.8946293869508937,1.770124726224203,1.5567335514495935,-0.14860274664743556,-0.0039072437,-0.0003282314,-0.0042354751,-0.0079172105,-0.0005085358,-0.0084257463,0.0040099668,0.0001803043,0.0041902711
2022-06-09,-0.02306638976289177,-0.02352354714800204,-0.02379870595295663,1.8509271270552556,1.7284851137690238,1.5196853074115426,-0.16824140753632133,-0.0221505562,-0.0009158336,-0.0230663898,-0.0226118527,-0.0009116945,-0.0235235471,0.0004612965,-4.1391e-06,0.0004571574
2022-06-10,-0.032630674801869534,-0.031024700987446918,-0.02911031355312088,1.790530125890357,1.6748593799530866,1.4754467916107217,-0.19538225168066436,-0.0312482034,-0.0013824714,-0.0326306748,-0.0295906775,-0.0014340235,-0.031024701,-0.0016575259,5.15521e-05,-0.0016059738
2022-06-13,-0.042046684600796025,-0.03850318436880995,-0.03876837415339185,1.7152442704188215,1.6103719604549223,1.4182461183501356,-0.2292137603684501,-0.0404552142,-0.0015914704,-0.0420466846,-0.0368888274,-0.001614357,-0.0385031844,-0.0035663868,2.28865e-05,-0.0035435002
2022-06-14,-0.0025185799508877704,-0.003994952840972377,-0.003773705672293071,1.7109242905884696,1.6039386004164806,1.41289407492861,-0.23115504713800628,-0.0020517374,-0.0004668426,-0.00251858,-0.0033749084,-0.0006200444,-0.0039949528,0.001323171,0.0001532019,0.0014763729
2022-06-15,0.01661159806328199,0.0169277309781595,0.01459250216839592,1.739345477220431,1.6310896415498164,1.4335117347807196,-0.2183833038080799,0.0157307465,0.0008808516,0.0166115981,0.0157562696,0.0011714614,0.016927731,-2.5523e-05,-0.0002906099,-0.0003161329
2022-06-16,-0.033935788162634095,-0.028512641671222798,-0.03251195913445681,1.6803194175638427,1.5845829670666631,1.3869054598407646,-0.24490808243442685,-0.0360125357,0.0020767475,-0.0339357882,-0.0309099008,0.0023972591,-0.0285126417,-0.0051026349,-0.0003205116,-0.0054231465
2022-06-17,0.002463218859861612,0.0009484300373812276,0.002200847067037159,1.6844584120437778,1.5860858331493517,1.3899578266543131,-0.2430481257821503,0.0036444706,-0.0011812517,0.0024632189,0.0022908654,-0.0013424354,0.00094843,0.0013536051,0.0001611837,0.0015147888
2022-06-21,0.030373044729162718,0.024509427195717533,0.02447725615264873,1.735620542737198,1.6249598884030847,1.4239801804187096,-0.22005719264870782,0.0303325763,4.04685e-05,0.0303730447,0.0244188502,9.0577e-05,0.0245094272,0.005913726,-5.01085e-05,0.0058636175
2022-06-22,-0.0043442430172203166,-0.0018375356814600496,-0.001301533418862744,1.7280805853138677,1.6219739666272026,1.4221268226260964,-0.223445453743375,-0.0047003191,0.0003560761,-0.004344243,-0.0022551424,0.0004176067,-0.0018375357,-0.0024451767,-6.15306e-05,-0.0025067073
2022-06-23,0.006305812511433123,0.008385109592862674,0.009532193760987795,1.7389775374895045,1.6355743960941418,1.4356828110520663,-0.21854864636977978,0.0064845154,-0.0001787029,0.0063058125,0.0084685933,-8.34837e-05,0.0083851096,-0.0019840779,-9.52192e-05,-0.0020792971
2022-06-24,0.03134131285077688,0.031105077700791725,0.03056329085577736,1.7934793765324366,1.6864490647700756,1.4795620023828906,-0.19405693501799193,0.0310214527,0.0003198601,0.0313413129,0.0308062995,0.0002987782,0.0311050777,0.0002151532,2.10819e-05,0.0002362351
2022-06-27,-0.0018044152550379035,-0.003434661213601799,-0.002973101484249896,1.7902431949858255,1.6806566835785948,1.4751631143975663,-0.1955111909791375,-0.002258004,0.0004535887,-0.0018044153,-0.0037690629,0.0003344017,-0.0034346612,0.0015110589,0.0001191871,0.001630246
2022-06-28,-0.018607263987788468,-0.02015349240597221,-0.02014302160708281,1.7569316672543824,1.646785581869047,1.4454488719102845,-0.21048052662381023,-0.0178964603,-0.0007108036,-0.018607264,-0.0193549914,-0.000798501,-0.0201534924,0.001458531,8.76974e-05,0.0015462284
2022-06-29,-0.004482663474255898,-0.000908692112881461,-0.000711753084481459,1.7490559338428178,1.6452891607991957,1.4444200692172422,-0.21401967672932742,-0.0034174006,-0.0009992405,-0.0044166411,-5.9813e-05,-0.0008488791,-0.0009086921,-0.0033575876,-0.0001503613,-0.0035079489
2022-06-30,-0.012408446808385133,-0.011001595432285235,-0.008759227302603145,1.7273528663228388,1.627188355082959,1.4317680655105267,-0.22377247176306891,-0.0130025391,0.0005940923,-0.0124084468,-0.0116059762,0.0006043808,-0.0110015954,-0.0013965628,-1.02885e-05,-0.0014068514
2022-07-01,0.0064870885705367014,0.005832129495986625,0.01055376210578585,1.7385583573592454,1.6366783282841642,1.446878605064586,-0.21873701503650722,0.0072550016,-0.000767913,0.0064870886,0.0066299388,-0.0007978093,0.0058321295,0.0006250628,2.98963e-05,0.0006549591
2022-07-05,0.0023043221540897728,0.002491833691714995,0.001584177051391578,1.742564555898286,1.6407566584850823,1.4491707169468788,-0.21693673343208553,0.0040671984,-0.0017628762,0.0023043222,0.0042855972,-0.0017937635,0.0024918337,-0.0002183988,3.08873e-05,-0.0001875115
2022-07-06,-0.0007061871199108575,0.0036959159952817465,0.003573115762164569,1.7413339792532976,1.6468207572635425,1.454348771677669,-0.2174897226250111,0.0002006554,-0.0009068425,-0.0007061871,0.0045153554,-0.0008194394,0.003695916,-0.0043147,-8.74031e-05,-0.0044021031
2022-07-07,0.020924854112011636,0.017126178212344707,0.01496457811020835,1.7777711387294617,1.6750245030362263,1.476112487470925,-0.20111580922978967,0.0209356865,-1.08324e-05,0.0209248541,0.0171297344,-3.5562e-06,0.0171261782,0.0038059521,-7.2762e-06,0.0037986759
2022-07-08,0.001914421389026428,0.0005776496788895856,-0.0008302114989416909,1.7811745418222393,1.6759920804025374,1.4748870019100953,-0.19958640824762408,0.0018061424,0.000108279,0.0019144214,0.0005093619,6.82877e-05,0.0005776497,0.0012967804,3.99913e-05,0.0013367717
2022-07-11,-0.01801479870289706,-0.013239426291237907,-0.01152747359836703,1.7490870409965869,1.6538029067893496,1.457885280935002,-0.2140056979821059,-0.0162159196,-0.0017988791,-0.0180147987,-0.0113915333,-0.001847893,-0.0132394263,-0.0048243863,4.90139e-05,-0.0047753724
2022-07-12,-0.007986918631025575,-0.008875329807557116,-0.009243908956706903,1.7351172251215659,1.6391248605548976,1.4444087221287158,-0.2202833705167725,-0.0079362234,-5.06952e-05,-0.0079869186,-0.0089285375,5.32077e-05,-0.0088753298,0.000992314,-0.0001039029,0.0008884112
2022-07-13,-0.003657325088966037,-0.003064028505591215,-0.004456897454697795,1.7287713373618316,1.6341025352579341,1.437971140571517,-0.22313504770806558,-0.0039298677,0.0002725426,-0.0036573251,-0.0032806021,0.0002165735,-0.0030640285,-0.0006492656,5.5969e-05,-0.0005932966
2022-07-14,-0.006355377781542913,-0.003414788536757706,-0.00299859539478875,1.717784342414994,1.6285224206526487,1.43365924693156,-0.22807231796512117,-0.0054577334,-0.0008976444,-0.0063553778,-0.0024609086,-0.0009538799,-0.0034147885,-0.0029968248,5.62356e-05,-0.0029405892
2022-07-15,0.01921681574221037,0.02020324559358298,0.01920124103651877,1.7507946876080367,1.6614238590717505,1.461187283696127,-0.2132383259331454,0.0186719131,0.0005449026,0.0192168157,0.0194818913,0.0007213543,0.0202032456,-0.0008099782,-0.0001764516,-0.0009864299
2022-07-18,-0.0033042717257227663,-0.005804956422181398,-0.008363619420370894,1.7450095862242279,1.6517793659710667,1.4489664693534072,-0.21583800028764677,-0.0041848225,0.0008805508,-0.0033042717,-0.0066283194,0.000823363,-0.0058049564,0.0024434969,5.71878e-05,0.0025006847
2022-07-19,0.025067192850624365,0.02609271305782266,0.02762833313755442,1.7887520780482986,1.6948787710021818,1.4889989976738491,-0.19618126021472615,0.0239940933,0.0010730995,0.0250671929,0.0250216122,0.0010711009,0.0260927131,-0.0010275189,1.9987e-06,-0.0010255202
2022-07-20,0.00800052010477405,0.006262513823760545,0.005895816028186118,1.8030630250111805,1.7054929727351813,1.4977778618302877,-0.18975029222647977,0.0084985283,-0.0004980082,0.0080005201,0.0067736905,-0.0005111766,0.0062625138,0.0017248378,1.31685e-05,0.0017380063
2022-07-21,0.013364027436181303,0.011462437800323091,0.009861360135356989,1.827159208746594,1.7250420798540467,1.512547988728561,-0.17892209290163663,0.012568692,0.0007953355,0.0133640274,0.0106683467,0.0007940911,0.0114624378,0.0019003453,1.2443e-06,0.0019015896
2022-07-22,-0.01161456299807228,-0.009768285055319754,-0.009332449768064022,1.8059375530090989,1.7081913770856105,1.4984322106019656,-0.1884585539799558,-0.0116959771,8.14141e-05,-0.011614563,-0.0099801469,0.0002118618,-0.0097682851,-0.0017158303,-0.0001304477,-0.0018462779
2022-07-25,-0.00020169617581514132,-0.00031234957126056675,0.001315115242968234,1.805573302310896,1.7076578242413467,1.5004028216426828,-0.1886222387861336,-0.0001782814,-2.34148e-05,-0.0002016962,-0.0002943843,-1.79653e-05,-0.0003123496,0.0001161029,-5.4495e-06,0.0001106534
2022-07-26,-0.013490968084404777,-0.01374508650039419,-0.01154319307055485,1.7812143705153665,1.6841859197340745,1.483083382188856,-0.19956851026706557,-0.0127342661,-0.000756702,-0.0134909681,-0.0129886671,-0.0007564194,-0.0137450865,0.000254401,-2.825e-07,0.0002541184
2022-07-27,0.030197115665144915,0.027427941043972396,0.02615625916527464,1.835001906886237,1.7303796718476292,1.5218752954970998,-0.17539778798957606,0.0292800697,0.0009170459,0.0301971157,0.026378931,0.0010490101,0.027427941,0.0029011388,-0.0001319642,0.0027691746
2022-07-28,0.012122509126294811,0.011670684018330567,0.01213338270856257,1.857246734249234,1.7505743862295053,1.5403407908920728,-0.16540154014891673,0.0113746281,0.000747881,0.0121225091,0.0109263172,0.0007443668,0.011670684,0.0004483109,3.5142e-06,0.0004518251
2022-07-29,0.015297967943885752,0.015060719930777722,0.01420773346625981,1.8856588352536654,1.7769392967785012,1.5622255422962752,-0.15263387966409836,0.0150293358,0.0004097285,0.0154390643,0.0146207067,0.0004400133,0.0150607199,0.0004086291,-3.02847e-05,0.0003783444
2022-08-01,-0.0005605363806678004,-0.001680462199774583,-0.002823046323623735,1.884601854874978,1.773953217458971,1.5578153072224246,-0.1531088592022919,-0.0013438526,0.0007833162,-0.0005605364,-0.002547251,0.0008667888,-0.0016804622,0.0012033985,-8.34727e-05,0.0011199258
2022-08-02,0.0020989705472952303,-0.007208793390314263,-0.006662409587654183,1.8885575786617386,1.761165155230226,1.5474365035837914,-0.15133125964099237,0.0035502172,-0.0014512466,0.0020989705,-0.0057645617,-0.0014442317,-0.0072087934,0.0093147788,-7.0149e-06,0.0093077639
2022-08-03,0.013662017401812884,0.015330483404348016,0.01563848171314453,1.914359085165741,1.788164668414799,1.5716360610473388,-0.13973673254183283,0.0140089423,-0.0003469249,0.0136620174,0.0156768335,-0.0003463501,0.0153304834,-0.0016678912,-5.748e-07,-0.001668466
2022-08-04,0.0005106209632262059,0.0021064055126747035,-0.0007773448499099889,1.9153365970457692,1.791931268329918,1.5704143578493508,-0.13929746408357524,-0.0005119658,0.0010225868,0.000510621,0.0011134836,0.0009929219,0.0021064055,-0.0016254494,2.96649e-05,-0.0015957845
2022-08-05,-0.004545176188229283,-0.0037470995385111647,-0.001625746036792441,1.9066310547524328,1.7852167235013152,1.5678612629309552,-0.14320950875497107,-0.0035631569,-0.0009820193,-0.0045451762,-0.0025866207,-0.0011604789,-0.0037470995,-0.0009765362,0.0001784596,-0.0007980766
2022-08-08,-0.005065842348924786,-0.0015433288467597754,-0.001237578977079212,1.8969723624114927,1.7824615470342176,1.565920910792975,-0.14754987430967625,-0.0052312545,0.0001654121,-0.0050658423,-0.0018231876,0.0002798588,-0.0015433288,-0.0034080669,-0.0001144466,-0.0035225135
2022-08-09,-0.007071277852973193,-0.005875828968794796,-0.004248730694724312,1.8835583437574699,1.7719881078403912,1.5592677345537782,-0.15357778600423455,-0.0072503677,0.0001790899,-0.0070712779,-0.0060316986,0.0001558696,-0.005875829,-0.0012186692,2.32203e-05,-0.0011954489
2022-08-10,0.022237628518715878,0.021926539881088645,0.0212906340131036,1.925444214499276,1.8108416757557684,1.592465533218604,-0.13475536323940773,0.0207334415,0.0015041871,0.0222376285,0.020254767,0.0016717729,0.0219265399,0.0004786745,-0.0001675859,0.0003110886
2022-08-11,-0.0009069727512515554,-0.0017959312474356151,-0.0007054229687617486,1.9236978890626704,1.8075895286061199,1.5913421714545102,-0.13554011654811615,-0.001180421,0.0002734483,-0.0009069728,-0.0019857967,0.0001898654,-0.0017959312,0.0008053757,8.35828e-05,0.0008889585
2022-08-12,0.015624823519304568,0.015531695572310732,0.01732239670855429,1.9537553290837335,1.8356644588841269,1.6189080318474973,-0.12203308342966179,0.0162824455,-0.000657622,0.0156248235,0.0161915578,-0.0006598622,0.0155316956,9.08877e-05,2.2402e-06,9.31279e-05
2022-08-15,0.002948315632678361,0.003973597810689676,0.00396948705068767,1.9595156164628997,1.8429586511591096,1.6253342663161703,-0.11944455984456304,0.0039609476,-0.001012632,0.0029483156,0.0049813467,-0.0010077488,0.0039735978,-0.0010203991,-4.8831e-06,-0.0010252822
2022-08-16,0.0010732270755118292,0.0008798956853494936,0.00187566614073531,1.9616186216773759,1.844580262524542,1.6283828507668765,-0.11849952390469898,0.0012764318,-0.0002032048,0.0010732271,0.0010509764,-0.0001710807,0.0008798957,0.0002254555,-3.21241e-05,0.0001933314
2022-08-17,-0.007678110258930788,-0.006625653317988754,-0.007237758989129373,1.946557097614165,1.8323587131878498,1.6165970081509944,-0.12526778175345876,-0.0074408827,-0.0002372276,-0.0076781103,-0.0063458368,-0.0002798165,-0.0066256533,-0.0010950459,4.25889e-05,-0.0010524569
2022-08-18,-0.00043309937012657397,0.0009605982790230356,0.00226951549353771,1.9457140449612729,1.834118873814291,1.6202659001077997,-0.12564662772621082,0.00092325,-0.0013563494,-0.0004330994,0.0022569094,-0.0012963111,0.0009605983,-0.0013336594,-6.00383e-05,-0.0013936976
2022-08-19,-0.014985253557461642,-0.013905989958903932,-0.01289994257354565,1.9165570266472138,1.8086136351715933,1.5993645630425348,-0.13874903470855515,-0.0140964412,-0.0008888123,-0.0149852536,-0.0130173955,-0.0008885945,-0.01390599,-0.0010790458,-2.178e-07,-0.0010792636
2022-08-22,-0.02154766391313239,-0.020780802453381108,-0.02140012486756471,1.8752596999666675,1.771029192504601,1.5651379616846666,-0.15730698105351604,-0.0202603721,-0.0012872918,-0.0215476639,-0.0196151946,-0.0011656078,-0.0207808025,-0.0006451775,-0.000121684,-0.0007668615
2022-08-23,-0.0005847614843767712,-0.0024042141994279256,-0.00223780144466279,1.874163120320923,1.7667712589723799,1.561635493692912,-0.15779975547414915,-0.0009551825,0.0003704211,-0.0005847615,-0.0028552631,0.0004510489,-0.0024042142,0.0019000806,-8.06279e-05,0.0018194527
2022-08-24,0.003308616020804741,0.002504448360560947,0.002916150971364218,1.8803640064464182,1.7711960463553995,1.5661894585547613,-0.15501323825238522,0.0034658775,-0.0001572615,0.003308616,0.0027337723,-0.0002293239,0.0025044484,0.0007321052,7.20625e-05,0.0008041677
2022-08-25,0.014562193501328782,0.013845980842380555,0.01409158200044902,1.9077462309612248,1.7957199928813365,1.5882595457382247,-0.14270837752175525,0.0141533745,0.0004088191,0.0145621935,0.0134557914,0.0003901895,0.0138459808,0.0006975831,1.86296e-05,0.0007162127
2022-08-26,-0.030180837213926646,-0.0315174630477077,-0.03368801082131501,1.850168852519102,1.739123454361669,1.5347542409743384,-0.16858215642463426,-0.0297868645,-0.0003939728,-0.0301808372,-0.0310169974,-0.0005004657,-0.031517463,0.0012301329,0.0001064929,0.0013366258
2022-08-29,-0.007682796320860033,-0.008418409099564155,-0.006666403789376107,1.8359543820659985,1.7244828016482052,1.524522949486546,-0.17496977037435235,-0.0072450669,-0.0003429138,-0.0075879807,-0.0081615662,-0.0002568429,-0.0084184091,0.0009164993,-8.60708e-05,0.0008304284
2022-08-30,-0.010760063229038243,-0.009132239311710703,-0.01102810740805993,1.8161993968293386,1.7087344120146244,1.507710346653556,-0.1838471478109922,-0.010653043,-0.0001070202,-0.0107600632,-0.0089666819,-0.0001655574,-0.0091322393,-0.0016863611,5.85372e-05,-0.0016278239
2022-08-31,-0.006970749554199649,-0.007588973695367872,-0.007817046982559583,1.803539125693553,1.6957668715094756,1.4959245040376739,-0.18953634494154747,-0.007099768,0.0001290185,-0.0069707496,-0.0077309475,0.0001419738,-0.0075889737,0.0006311795,-1.29554e-05,0.0006182241
2022-09-01,-0.004353058115014222,-0.0019568226935283966,0.002996207332490508,1.795688215066707,1.6924485564123721,1.5004066040055237,-0.19306434033212372,-0.0031134004,-0.0012396577,-0.0043530581,-0.0005254992,-0.0014313235,-0.0019568227,-0.0025879012,0.0001916658,-0.0023962354
2022-09-02,-0.005753300794390079,-0.008104160495909684,-0.01073647856611659,1.785357080632487,1.6787326816801356,1.4842975206611586,-0.19770688390391256,-0.0057272977,-2.60031e-05,-0.0057533008,-0.0080524449,-5.17156e-05,-0.0081041605,0.0023251472,2.57125e-05,0.0023508597
2022-09-06,-0.0058322332940841555,-0.0050384802574404,-0.004095039574340209,1.7749444616249934,1.6702744202059703,1.4782192635739562,-0.20238604452722264,-0.0048995173,-0.000932716,-0.0058322333,-0.0040835118,-0.0009549684,-0.0050384803,-0.0008160055,2.22524e-05,-0.000793753
2022-09-07,0.014330584339334464,0.014534915996215918,0.01834097114009303,1.800380452929945,1.6945517185942922,1.5053312404258956,-0.19095577046808987,0.013723589,0.0006069953,0.0143305843,0.0137615543,0.0007733616,0.014534916,-3.79653e-05,-0.0001663663,-0.0002043317
2022-09-08,0.008084018310610914,0.006675173631668704,0.006610768693449787,1.8149347614774969,1.7058631455437518,1.515282637063375,-0.18441544210245964,0.0081093336,-2.53153e-05,0.0080840183,0.0066549877,2.0186e-05,0.0066751736,0.0014543459,-4.55012e-05,0.0014088447
2022-09-09,0.019174822578712752,0.017625277894223496,0.01527140567822727,1.8497358135207662,1.7359294575334745,1.5384231329311437,-0.16877675290683647,0.0182068597,0.0009679629,0.0191748226,0.0165151101,0.0011101678,0.0176252779,0.0016917496,-0.0001422049,0.0015495447
2022-09-12,0.012696755623169458,0.012248234494564964,0.01058426104401855,1.873221457112464,1.7571915285953674,1.554706204966244,-0.1582229144701972,0.011919256,0.0007774996,0.0126967556,0.0112572276,0.0009910069,0.0122482345,0.0006620284,-0.0002135073,0.0004485211
2022-09-13,-0.03877661326614297,-0.041213814267083385,-0.0432365627759761,1.800584273108173,1.6847709633041457,1.4874860525370213,-0.1908641789720873,-0.0370374708,-0.0017391424,-0.0387766133,-0.0392056976,-0.0020081167,-0.0412138143,0.0021682268,0.0002689742,0.002437201
2022-09-14,0.007799553585020363,0.0036832271783488924,0.003386994652515352,1.8146280266306252,1.6909763575054806,1.4925241598426553,-0.1845532807784206,0.0074563442,0.0003432094,0.0077995536,0.0033794301,0.0003037971,0.0036832272,0.0040769141,3.94124e-05,0.0041163264
2022-09-15,-0.010652421355811077,-0.01170356705603205,-0.01131776148565267,1.7952978442868917,1.6711859023152504,1.475632127389982,-0.19323976282478272,-0.0105842474,-6.8174e-05,-0.0106524214,-0.0116214404,-8.21267e-05,-0.0117035671,0.001037193,1.39527e-05,0.0010511457
2022-09-16,-0.010207646532052719,-0.007022332507711858,-0.007182129262947479,1.7769720784726548,1.6594502792269923,1.465033946706509,-0.2014748861619824,-0.0102949177,8.72712e-05,-0.0102076465,-0.0070635231,4.11906e-05,-0.0070223325,-0.0032313946,4.60806e-05,-0.003185314
2022-09-19,0.005262218007399216,0.0060805558306546645,0.006857148758303566,1.7863228929426391,1.6695406592980275,1.47507990241504,-0.19727287292858353,0.0052611159,1.1021e-06,0.005262218,0.0060644901,1.60657e-05,0.0060805558,-0.0008033743,-1.49636e-05,-0.0008183378
2022-09-20,-0.008822891344042273,-0.009995139868459641,-0.01127211280318163,1.770562360152831,1.6528533668922634,1.4584526353613116,-0.2043552471496498,-0.0083272241,-0.0004956672,-0.0088228913,-0.0094406498,-0.00055449,-0.0099951399,0.0011134257,5.88228e-05,0.0011722485
2022-09-21,-0.016084083737403762,-0.01567202311568786,-0.01711649329733678,1.7420844868898377,1.6269498107194853,1.4334890406036667,-0.21715246397972077,-0.0149022893,-0.0011817944,-0.0160840837,-0.0142609265,-0.0014110967,-0.0156720231,-0.0006413628,0.0002293022,-0.0004120606
2022-09-22,-0.011268625966580903,-0.008824588838016803,-0.008427596288058115,1.7224535884048933,1.6125926475797965,1.4214081736861033,-0.2259740800519927,-0.0112434653,-2.51606e-05,-0.011268626,-0.0086123308,-0.000212258,-0.0088245888,-0.0026311346,0.0001870974,-0.0024440371
2022-09-23,-0.021092650273609282,-0.018945511626051702,-0.01723261637204987,1.6861224772521455,1.582041254826988,1.3969135919208746,-0.24230033808416473,-0.0192269431,-0.0018657072,-0.0210926503,-0.0166844919,-0.0022610197,-0.0189455116,-0.0025424511,0.0003953125,-0.0021471386
2022-09-26,-0.011468054887310184,-0.009879737032629893,-0.01034054201877488,1.6667859321362906,1.5664111032545256,1.382468748227019,-0.25098967939511185,-0.0100346812,-0.0014333736,-0.0114680549,-0.0081450434,-0.0017346937,-0.009879737,-0.0018896379,0.00030132,-0.0015883179
2022-09-27,0.0032649235442474005,-0.0003997076195209584,-0.002120359831903396,1.6722278607693428,1.5657849968012527,1.3795374170244168,-0.24854421796448456,0.0032212221,4.37015e-05,0.0032649235,-0.000492498,9.27904e-05,-0.0003997076,0.0037137201,-4.90889e-05,0.0036646312
2022-09-28,0.020670458085601928,0.0177862587764634,0.01967214013692353,1.7067935766749511,1.593634453942664,1.4066758704162505,-0.23301128271873628,0.0191241699,0.0016107188,0.0207348887,0.015830486,0.0019557728,0.0177862588,0.0032936839,-0.000345054,0.0029486299
2022-09-29,-0.018186087875944414,-0.018542249405016645,-0.02112641972121843,1.675753678703443,1.5640848864372314,1.3769578455661267,-0.24695980693107122,-0.0190057799,0.000819692,-0.0181860879,-0.0196090028,0.0010667534,-0.0185422494,0.0006032229,-0.0002470614,0.0003561615
2022-09-30,-0.011475278676057667,-0.013695906447494587,-0.01506673588849794,1.6565239382478922,1.542663326156647,1.3562115853773866,-0.25560115300080943,-0.0111945862,-0.0002806925,-0.0114752787,-0.0133372977,-0.0003586087,-0.0136959064,0.0021427115,7.79162e-05,0.0022206278
2022-10-03,0.02200293638317849,0.021335994948731746,0.02588394754603107,1.6929723290783727,1.5755775830911187,1.3913156949146146,-0.23922219252657495,0.0216807399,0.0003221965,0.0220029364,0.0209415741,0.0003944208,0.0213359949,0.0007391657,-7.22243e-05,0.0006669414
2022-10-04,0.03471460040657684,0.03368003508042142,0.03058370011118883,1.7517431869817202,1.628643091361553,1.4338672768878735,-0.2128120949419433,0.0330021931,0.0017124073,0.0347146004,0.0315297731,0.0021502619,0.0336800351,0.0014724199,-0.0004378546,0.0010345653
2022-10-05,-0.0008699627093288821,-0.002171244248258406,-0.002017974481195783,1.750219235732725,1.6251069094169686,1.4309737693136921,-0.21349691906457857,0.0001487001,-0.0010186628,-0.0008699627,-0.0009332934,-0.0012379509,-0.0021712442,0.0010819935,0.000219288,0.0013012815
2022-10-06,-0.005770087808951848,-0.009225895518593739,-0.01024507834471677,1.7401203170576307,1.6101138428641428,1.4163133309378386,-0.21803511090358707,-0.0047075836,-0.0010625042,-0.0057700878,-0.0079022602,-0.0013236353,-0.0092258955,0.0031946766,0.0002611311,0.0034558077
2022-10-07,-0.027404781279491093,-0.02844399157500448,-0.0280035892450835,1.6924327003686677,1.5643157782829171,1.3766514741759193,-0.23946468765751583,-0.0268426742,-0.0005621071,-0.0274047813,-0.0277161874,-0.0007278042,-0.0284439916,0.0008735132,0.0001656971,0.0010392103
2022-10-10,-0.011098353899197758,-0.009264134732545866,-0.007492458086744369,1.6736494833094013,1.5498237461486568,1.3663369707056015,-0.2479053777067296,-0.0105679815,-0.0005303724,-0.0110983539,-0.0086136732,-0.0006504616,-0.0092641347,-0.0019543084,0.0001200892,-0.0018342192
2022-10-11,-0.01232730510586648,-0.009362722432057116,-0.006519229651283376,1.6530178954883705,1.535313176594856,1.3574295062125328,-0.25717667758422014,-0.0121510693,-0.0001762358,-0.0123273051,-0.0091096583,-0.0002530641,-0.0093627224,-0.003041411,7.68283e-05,-0.0029645827
2022-10-12,0.0019528095203340248,-0.0009302279369742194,-0.003290756901951575,1.6562459245719627,1.5338849853859828,1.352962535696051,-0.25572608512828043,0.0019363854,1.64241e-05,0.0019528095,-0.0010610126,0.0001307847,-0.0009302279,0.002997398,-0.0001143605,0.0028830375
2022-10-13,0.02146529392023455,0.022291946723550917,0.02596567543464823,1.6917977301470903,1.5680782677602618,1.3880931217731733,-0.2397500267883954,0.0207261495,0.0007391444,0.0214652939,0.0213404671,0.0009514796,0.0222919467,-0.0006143176,-0.0002123352,-0.0008266528
2022-10-14,-0.023376121158777026,-0.020781459510334395,-0.02366270562493344,1.6522500614310278,1.5354913127297667,1.35524708285266,-0.25752172227314696,-0.0223808716,-0.0009952496,-0.0233761212,-0.0195908961,-0.0011905634,-0.0207814595,-0.0027899754,0.0001953138,-0.0025946616
2022-10-17,0.026820209776863453,0.027727563614763587,0.02648008551326098,1.6965637546824437,1.5780667457833981,1.391134141498196,-0.23760829910974846,0.0255994553,0.0012207545,0.0268202098,0.0261481215,0.0015794421,0.0277275636,-0.0005486662,-0.0003586876,-0.0009073538
2022-10-18,0.010643244318842218,0.009603096784043441,0.01142756154923275,1.7146206972260212,1.5932210734748367,1.4070314125234056,-0.22949397797051585,0.0105357194,0.0001075249,0.0106432443,0.0094491362,0.0001539606,0.0096030968,0.0010865832,-4.64357e-05,0.0010401475
2022-10-19,-0.004496968793151856,-0.006028650906048871,-0.006672078882144605,1.7069101014585035,1.5836160998066964,1.397643587949394,-0.23295891950651793,-0.0034361961,-0.0010607727,-0.0044969688,-0.0047047876,-0.0013238633,-0.0060286509,0.0012685915,0.0002630906,0.0015316821
2022-10-20,-0.002457981517935653,-0.00429905837152284,-0.007950941231232078,1.7027145479763408,1.576808041755544,1.3865310059194,-0.23484429230586834,-0.0025077256,4.97441e-05,-0.0024579815,-0.004369026,6.99677e-05,-0.0042990584,0.0018613004,-2.02236e-05,0.0018410769
2022-10-21,0.019968359743055407,0.020919315047190072,0.02372482800386266,1.7367149646100661,1.609793785949971,1.4194262155568604,-0.21956538787517987,0.0187979317,0.0011704281,0.0199683597,0.019598809,0.0013205061,0.020919315,-0.0008008773,-0.000150078,-0.0009509553
2022-10-24,0.007403093315342794,0.010594595413115044,0.01188195323429486,1.749572027555227,1.6268488998106576,1.4362917714696393,-0.21378775761509639,0.007660097,-0.0002570037,0.0074030933,0.0108629678,-0.0002683724,0.0105945954,-0.0032028709,1.13688e-05,-0.0031915021
2022-10-25,0.018206200504054238,0.017582495567450483,0.01626664981276371,1.781425086685182,1.65545296338049,1.4596554267450899,-0.19947381989149482,0.0169555428,0.0012506577,0.0182062005,0.0160380965,0.001544399,0.0175824956,0.0009174463,-0.0002937413,0.0006237049
2022-10-26,-0.007402802813816106,-0.007418235923700674,-0.007387713747470381,1.7682375480408663,1.643172422737544,1.4488719102823555,-0.2053999573501355,-0.0089074624,0.0015046595,-0.0074028028,-0.0092399079,0.001821672,-0.0074182359,0.0003324456,-0.0003170125,1.54331e-05
2022-10-27,-0.006184761048357389,-0.009325510844274737,-0.006082598026418751,1.7573014213295002,1.627849000490292,1.4400590048603386,-0.21031436874293952,-0.0051785676,-0.0009230864,-0.006101654,-0.0081870684,-0.0011384425,-0.0093255108,0.0030085008,0.0002153561,0.0032238568
2022-10-28,0.02115016432351973,0.021149717417752546,0.02462637564678372,1.7944686351565737,1.6622775468494326,1.4755224388675627,-0.19361238787793034,0.0214579014,-0.000307737,0.0211501643,0.0214387796,-0.0002890622,0.0211497174,1.91218e-05,-1.86749e-05,4.469e-07
2022-10-31,-0.006167417971222838,-0.008348105264761313,-0.007454384193014141,1.7834013970473133,1.6484006789090844,1.4645233277228307,-0.19858571732870345,-0.0050221923,-0.0011452256,-0.006167418,-0.0070091998,-0.0013389054,-0.0083481053,0.0019870075,0.0001936798,0.0021806873
2022-11-01,0.0010681498212206158,-0.004224687771396335,-0.00410126085362017,1.785306336930734,1.6414367007185358,1.4585169355296275,-0.1977296868059445,0.0009107538,0.000157396,0.0010681498,-0.0044071309,0.0001824431,-0.0042246878,0.0053178847,-2.50471e-05,0.0052928376
2022-11-02,-0.024681234237906954,-0.023034790174155197,-0.02500194497030672,1.741242773042527,1.6036265507333267,1.4220511753692553,-0.21753070832800592,-0.0240977125,-0.0005835218,-0.0246812342,-0.0222918851,-0.0007429051,-0.0230347902,-0.0018058274,0.0001593833,-0.0016464441
2022-11-03,-0.010118609128528067,-0.013008519384506097,-0.01058597916317572,1.7236238180242356,1.5827657436626037,1.4069973712578268,-0.2254482092455109,-0.0089113181,-0.001207291,-0.0101186091,-0.0114990574,-0.0015094619,-0.0130085194,0.0025877394,0.0003021709,0.0028899103
2022-11-04,0.012030944679226906,0.015982406819143757,0.013618682272863,1.744360640826683,1.6080621496772243,1.4261588214157406,-0.21612961949974752,0.0093544534,0.0026764913,0.0120309447,0.012805072,0.0031773348,0.0159824068,-0.0034506186,-0.0005008435,-0.0039514621
2022-11-07,0.005076177072853125,0.009552181551661463,0.00961398204505981,1.7532153243184347,1.6234226512772962,1.4398698867182351,-0.2121505546461635,0.0041545616,0.0009216154,0.0050761771,0.0083831829,0.0011689987,0.0095521816,-0.0042286212,-0.0002473832,-0.0044760045
2022-11-08,0.006814482315212049,0.006880507643406039,0.005597877482399927,1.7651625791407615,1.634592623237888,1.4479301019346809,-0.2067817685337502,0.0060284302,0.0007860521,0.0068144823,0.0059761724,0.0009043353,0.0068805076,5.22579e-05,-0.0001182832,-6.60253e-05
2022-11-09,-0.02138619988293972,-0.01888282595243517,-0.02077787733372338,1.7274124593973716,1.6037268952301524,1.4178451878888765,-0.22374569218267937,-0.0205988609,-0.0007873389,-0.0213861999,-0.017984382,-0.0008984439,-0.018882826,-0.0026144789,0.000111105,-0.0025033739
2022-11-10,0.05565186171475416,0.05639265041947749,0.05543447234545429,1.8235461787120975,1.6941653054011803,1.4964426877470378,-0.18054569478854765,0.051922058,0.0037298037,0.0556518617,0.0522358438,0.0041568066,0.0563926504,-0.0003137857,-0.000427003,-0.0007407887
2022-11-11,0.015515762883632277,0.01386996893858702,0.009240793960120008,1.851839888828348,1.7176633255639264,1.5102710062976363,-0.16783123609491524,0.0129898667,0.0025258962,0.0155157629,0.010884748,0.0029852209,0.0138699689,0.0021051187,-0.0004593247,0.0016457939
2022-11-14,-0.008267214624853754,-0.008069363274236338,-0.008935794015923149,1.8365303310165386,1.7038028762071182,1.4967755356771397,-0.17471095387021784,-0.0076961987,-0.0005710159,-0.0082672146,-0.0074333504,-0.0006360128,-0.0080693633,-0.0002628483,6.4997e-05,-0.0001978514
2022-11-15,0.012313492580735443,0.010462812403027339,0.008713121485880437,1.8591444336218066,1.7216294460726116,1.5098171227565884,-0.16454876332373647,0.0118305291,0.0004829635,0.0123134926,0.0098903037,0.0005725087,0.0104628124,0.0019402254,-8.95453e-05,0.0018506802
2022-11-16,-0.007943511982112565,-0.006783806837310013,-0.008252061136399536,1.844376297536854,1.7099502444650299,1.4973580195548182,-0.1711851802327451,-0.0082372684,0.0002937564,-0.007943512,-0.0071419919,0.0003581851,-0.0067838068,-0.0010952765,-6.44287e-05,-0.0011597051
2022-11-17,-0.004991883385282718,-0.0030382545730392244,-0.003089327799655983,1.8351693861409706,1.7047549803151145,1.4927321897989696,-0.17532252716101726,-0.0042778244,-0.000714059,-0.0049918834,-0.0021977781,-0.0008404765,-0.0030382546,-0.0020800464,0.0001264175,-0.0019536288
2022-11-18,0.0022442967392549123,0.0034134592341257116,0.004758574556069206,1.8392880508102671,1.7105740919445929,1.4998354672163725,-0.17347170619778784,0.0025918007,-0.000347504,0.0022442967,0.003804356,-0.0003908968,0.0034134592,-0.0012125553,4.33928e-05,-0.0011691625
2022-11-21,-0.008208656830229649,-0.006868446546835485,-0.003883651843221592,1.8241899663892236,1.6988251052296697,1.4940106284395884,-0.18025639332208543,-0.0069664116,-0.0012422452,-0.0082086568,-0.0054884828,-0.0013799638,-0.0068684465,-0.0014779288,0.0001377186,-0.0013402103
2022-11-22,0.016171808664333796,0.013617049014704188,0.01357995311321192,1.8536904174930677,1.7219580899549922,1.5142992227244383,-0.1669996565610793,0.0152551579,0.0009166508,0.0161718087,0.0125821109,0.0010349381,0.013617049,0.002673047,-0.0001182874,0.0025547596
2022-11-23,0.008457172718821697,0.008224993907208192,0.005914706337827758,1.8693673975210312,1.7361211847533398,1.5232558579344542,-0.15995482878177858,0.006902394,0.0015547787,0.0084571727,0.0064409172,0.0017840767,0.0082249939,0.0004614768,-0.000229298,0.0002321788
2022-11-25,-0.0009686671410351412,-0.0003229799207836799,-0.0002830708720074071,1.8675566027485302,1.7355604524706172,1.5228246685704583,-0.1607685529361229,-0.0011455978,0.0001769307,-0.0009686671,-0.0005533942,0.0002304143,-0.0003229799,-0.0005922036,-5.34836e-05,-0.0006456872
2022-11-28,-0.016529693867874302,-0.014011652939943263,-0.01544414970244301,1.8366864638241698,1.711242381754308,1.4993059364184829,-0.17464079184038184,-0.015669211,-0.0007118661,-0.0163810771,-0.0130921512,-0.0009195017,-0.0140116529,-0.0025770598,0.0002076356,-0.0023694241
2022-11-29,-0.003107513395757428,-0.0030228616738832313,-0.001591850532550954,1.8309789360340298,1.7060695327437783,1.4969192654651382,-0.17720560663604967,-0.0030036014,-0.000103912,-0.0031075134,-0.0029246855,-9.81762e-05,-0.0030228617,-7.89159e-05,-5.7358e-06,-8.46517e-05
2022-11-30,0.031113892434922213,0.031874091671767975,0.03094781472750108,1.8879478177004008,1.7604489494288638,1.5432456455547803,-0.1516052703848667,0.0298741974,0.001239695,0.0311138924,0.030544752,0.0013293397,0.0318740917,-0.0006705546,-8.96446e-05,-0.0007601992
2022-12-01,0.004485808675128893,0.002530927310604585,-0.0008676236670089876,1.896416790399232,1.7649045177538987,1.5419066891086883,-0.14779953394682543,0.002226655,0.0022591537,0.0044858087,0.0002238018,0.0023071255,0.0025309273,0.0020028532,-4.79718e-05,0.0019548814
2022-12-02,-0.0011464710606318303,-0.002538661026944152,-0.001194631761505471,1.894242603430143,1.7604240234383992,1.5400646784046013,-0.1487765571190124,-0.0015604009,0.0004139298,-0.0011464711,-0.0029177574,0.0003790964,-0.002538661,0.0013573566,3.48334e-05,0.00139219
2022-12-05,-0.01837775771967342,-0.01622154630689575,-0.01789424564678133,1.8594306718020204,1.7318672236224215,1.512506382737298,-0.16442013531758537,-0.0171477783,-0.0012299794,-0.0183777577,-0.0150758619,-0.0011456844,-0.0162215463,-0.0020719164,-8.42951e-05,-0.0021562114
2022-12-06,-0.017661057701482907,-0.014853005839320275,-0.01439917576097072,1.8265911594154178,1.7061437896370304,1.4907275374926736,-0.1791773595219388,-0.0172019749,-0.0004590828,-0.0176610577,-0.0143074862,-0.0005455196,-0.0148530058,-0.0028944887,8.64368e-05,-0.0028080519
2022-12-07,-0.001976532193447362,-0.0025609529023890376,-0.001862348589029894,1.8229808431845669,1.7017744357470665,1.4879512831665962,-0.18079974189595416,-0.0025273868,0.0005508546,-0.0019765322,-0.0031403274,0.0005793745,-0.0025609529,0.0006129406,-2.85199e-05,0.0005844207
2022-12-08,0.007375672908687122,0.007988550197940555,0.007521759466384781,1.836426553602699,1.7153691462526042,1.499143294816274,-0.17475758874546665,0.0067972187,0.0005784543,0.0073756729,0.007346775,0.0006417752,0.0079885502,-0.0005495563,-6.3321e-05,-0.0006128773
2022-12-09,-0.003930004165409226,-0.004129919492661706,-0.007349546235533633,1.8292093895975723,1.708284809778385,1.4881252718573315,-0.1780007948591693,-0.0040710041,0.000141,-0.0039300042,-0.0042944196,0.0001645001,-0.0041299195,0.0002234155,-2.35001e-05,0.0001999153
2022-12-12,0.012958252535849655,0.01035466086361352,0.01427925111453399,1.8529127468089248,1.7259735196421027,1.5093745863040664,-0.16734912157468684,0.0133432704,-0.0003850179,0.0129582525,0.0106862506,-0.0003315897,0.0103546609,0.0026570198,-5.34282e-05,0.0026035917
2022-12-13,0.009531964175778122,0.009919456215022587,0.007289703700733785,1.87057464473235,1.743094238398481,1.5203774798116407,-0.1594123232306066,0.0078130815,0.0017188826,0.0095319642,0.0081984844,0.0017209718,0.0099194562,-0.0003854029,-2.0891e-06,-0.000387492
2022-12-14,-0.0004848503117755177,-0.003586417584746362,-0.006052765788066128,1.8696676960326521,1.7368427745700188,1.5111749910168906,-0.1598198824277629,-0.0011826019,0.0006977516,-0.0004848503,-0.004360154,0.0007737365,-0.0035864176,0.0031775522,-7.59849e-05,0.0031015673
2022-12-15,-0.02675365603959452,-0.027429104708862506,-0.02492165834025817,1.8196472495846534,1.6892027322435064,1.473514004198425,-0.18229777230459665,-0.025152893,-0.0016007631,-0.026753656,-0.025813814,-0.0016152907,-0.0274291047,0.000660921,1.45276e-05,0.0006754487
2022-12-16,-0.01138396336790103,-0.011065856486173026,-0.01113777834819996,1.7989324519528798,1.6705102572324484,1.4571023318266942,-0.1916064645105322,-0.0110992015,-0.0002847619,-0.0113839634,-0.0106608283,-0.0004050282,-0.0110658565,-0.0004383733,0.0001202664,-0.0003181069
2022-12-19,-0.010977753373098333,-0.008003862456482307,-0.009007465553582783,1.779184215160478,1.6571397229014169,1.4439775327647202,-0.20048080937154256,-0.011264531,0.0002867776,-0.0109777534,-0.0083351259,0.0003312634,-0.0080038625,-0.0029294051,-4.44858e-05,-0.0029738909
2022-12-20,0.0019238649798503154,0.0016076715754207516,0.001037284619374246,1.7826071253647278,1.659803859330426,1.445475348450179,-0.19894264239997417,0.0002451561,0.0016787089,0.001923865,0.0001811544,0.0014265172,0.0016076716,6.40017e-05,0.0002521917,0.0003161934
2022-12-21,0.013163335868708393,0.01389291911118452,0.01486804025517974,1.8060721816778564,1.6828633800885355,1.4669667341188062,-0.188398055351785,0.0136896756,-0.0005263397,0.0131633359,0.0144115039,-0.0005185848,0.0138929191,-0.0007218283,-7.7549e-06,-0.0007295832
2022-12-22,-0.01706465839849092,-0.014636066414648654,-0.01445168676065645,1.7752521768545066,1.6582328798907795,1.445766590389018,-0.20224776529275768,-0.0168328467,-0.0002318117,-0.0170646584,-0.0144015237,-0.0002345427,-0.0146360664,-0.002431323,2.731e-06,-0.002428592
2022-12-23,0.0027337855397443827,0.0035121671100524655,0.005868056373107056,1.7801053355849914,1.6640568708723393,1.4542504302437755,-0.20006688176921616,0.002793225,-5.94394e-05,0.0027337855,0.0035265884,-1.44213e-05,0.0035121671,-0.0007333634,-4.50182e-05,-0.0007783816
2022-12-27,-0.004554854042503194,-0.004405369772607827,-0.004049604402806883,1.7719972156011206,1.656726085033498,1.4483612912986765,-0.20371046036652185,-0.0047422578,0.0001874038,-0.004554854,-0.0046606369,0.0002552671,-0.0044053698,-8.16209e-05,-6.78634e-05,-0.0001494843
2022-12-28,-0.011179351071695317,-0.01060750865665751,-0.01202063067180259,1.752187436629849,1.6391523487447948,1.43095107513664,-0.2126124606848031,-0.0106184004,-0.0004676032,-0.0110860035,-0.0101731262,-0.0004343824,-0.0106075087,-0.0004452741,-3.32208e-05,-0.0004784949
2022-12-29,0.01839677684448793,0.01769479577433755,0.01746131602180157,1.7844220378912439,1.6681568147988597,1.4559373640713378,-0.198127067833891,0.0174039263,0.0009928505,0.0183967768,0.0166677936,0.0010270022,0.0176947958,0.0007361327,-3.41516e-05,0.0007019811
2022-12-30,-0.0022519573010217012,-0.0028621805414003553,-0.002540734890680851,1.7804035956549107,1.6633822488235381,1.452238213211796,-0.19993285143797412,-0.0029952924,0.0007433351,-0.0022519573,-0.0036317384,0.0007695579,-0.0028621805,0.0006364461,-2.62229e-05,0.0006102232
2023-01-03,-0.005169009991341154,-0.002234273197885582,-0.004000520901158988,1.7712006716803508,1.659665798447153,1.4464285038863804,-0.20406840652263503,-0.0032648012,-0.0019042088,-0.00516901,-0.0001709338,-0.0020633394,-0.0022342732,-0.0030938674,0.0001591306,-0.0029347368
2023-01-04,0.009885900421976866,0.008903807394214768,0.00753894993384141,1.7887105851479213,1.674443143055292,1.457333055960061,-0.19619990604681248,0.0093675853,0.0005183152,0.0098859004,0.0083097553,0.0005940521,0.0089038074,0.00105783,-7.57369e-05,0.000982093
2023-01-05,-0.01374454373349217,-0.011504414810403218,-0.01164556173549236,1.7641255742837951,1.6551796545611486,1.4403615938877044,-0.20724777159113716,-0.0124053806,-0.0013391631,-0.0137445437,-0.0100774911,-0.0014269237,-0.0115044148,-0.0023278895,8.77606e-05,-0.0022401289
2023-01-06,0.019977304901231313,0.023061160145106722,0.02284078674404566,1.7993680487653223,1.6933500176439056,1.473260585888007,-0.1914107186130828,0.01798766,0.0019896449,0.0199773049,0.0209404006,0.0021207595,0.0230611601,-0.0029527406,-0.0001311146,-0.0030838552
2023-01-09,0.006731249959715837,0.003771902234803437,-0.0007676350678290644,1.811480044871088,1.699737168359761,1.472129659398229,-0.18596790204532043,0.005406847,0.0013244029,0.00673125,0.0023061907,0.0014657115,0.0037719022,0.0031006563,-0.0001413086,0.0029593477
2023-01-10,0.009486424275075617,0.00520476446485052,0.006978255898501873,1.828664513142568,1.7085838999732257,1.4824025568772843,-0.1782456481905924,0.0096573885,-0.0001709642,0.0094864243,0.0053767803,-0.0001720158,0.0052047645,0.0042806082,1.0516e-06,0.0042816598
2023-01-11,0.014818138210761637,0.012359021804183613,0.01284939720609812,1.85576191663943,1.7297003256472718,1.501450536149936,-0.16606877863018565,0.0150233253,-0.000205187,0.0148181382,0.0125382832,-0.0001792614,0.0123590218,0.002485042,-2.59256e-05,0.0024591164
2023-01-12,0.008953555932012547,0.006896132465756366,0.00341595270064321,1.87237758475656,1.7416285682189974,1.5065794201637794,-0.1586021287961995,0.0072431472,0.0017104087,0.0089535559,0.0051132505,0.001782882,0.0068961325,0.0021298968,-7.24733e-05,0.0020574235
2023-01-13,0.0053185555209882465,0.005475623246372099,0.003996816605869258,1.8823359288973416,1.7511650700936832,1.5126009418083508,-0.15412710750296077,0.0051129183,0.0002056372,0.0053185555,0.0052859192,0.0001897041,0.0054756232,-0.0001730008,1.59331e-05,-0.0001570677
2023-01-17,0.0008250436429918114,0.000275690094250507,-0.002030461930089156,1.8838889381894532,1.7516478489569054,1.509529663180592,-0.15342922545022708,0.0009004561,-7.54124e-05,0.0008250436,0.0003666621,-9.0972e-05,0.0002756901,0.000533794,1.55596e-05,0.0005493535
2023-01-18,-0.010892136286844606,-0.011362912358354134,-0.01556263264319191,1.8633693631254147,1.7317440279665084,1.4860374075685112,-0.16265018970308287,-0.0111118491,0.0002197128,-0.0108921363,-0.0116109433,0.0002480309,-0.0113629124,0.0004990942,-2.83181e-05,0.0004707761
2023-01-19,-0.008008364848127865,-0.007946626120140037,-0.007638348019527341,1.8484468214186827,1.7179825056404732,1.4746865366794668,-0.1693559924894512,-0.0085416483,0.0005332834,-0.0080083648,-0.0085368312,0.0005902051,-0.0079466261,-4.8171e-06,-5.69217e-05,-6.17387e-05
2023-01-20,0.01929258784350276,0.017604551038958405,0.01891839901509429,1.8841081440949463,1.7482268163450585,1.5025852450025565,-0.15333072000787462,0.0195490529,-0.0002564651,0.0192925878,0.0178333196,-0.0002287686,0.017604551,0.0017157333,-2.76965e-05,0.0016880368
2023-01-23,0.012857154251497638,0.012062434650166824,0.01188135759613962,1.908332413130078,1.7693146880708899,1.520437997617115,-0.14244496247501137,0.0130422567,-0.0001851024,0.0128571543,0.0122303811,-0.0001679465,0.0120624347,0.0008118756,-1.7156e-05,0.0007947196
2023-01-24,-0.002070962689541814,-0.0002016854953827506,-0.0007114764130643492,1.9043803279032425,1.7689578429615382,1.5193562418442836,-0.1442209269619542,-0.0021817059,0.0001107432,-0.0020709627,-0.0003081478,0.0001064623,-0.0002016855,-0.0018735581,4.2809e-06,-0.0018692772
2023-01-25,0.00015749781708423866,-0.00012197370810025795,-0.0001817299194663002,1.9046802636477853,1.7687420766139592,1.5190801293568126,-0.14408614362604444,-0.0005233737,0.0006808716,0.0001574978,-0.0008510952,0.0007291215,-0.0001219737,0.0003277215,-4.825e-05,0.0002794715
2023-01-26,0.009653912963094487,0.010120336127858665,0.01100786311506852,1.923067881135565,1.786642340952779,1.535801955481593,-0.13582322575270367,0.0100613647,-0.0004074517,0.009653913,0.0105379885,-0.0004176524,0.0101203361,-0.0004766239,1.02007e-05,-0.0004664232
2023-01-27,0.0035194281801183454,0.0033916464181388923,0.002494809663015962,1.929835980428714,1.7927020000489668,1.5396334890406072,-0.13278181766081398,0.0036970931,-0.0001776649,0.0035194282,0.003601442,-0.0002097955,0.0033916464,9.56511e-05,3.21306e-05,0.0001277818
2023-01-30,-0.013173849673138246,-0.011924156287146315,-0.01296873157501666,1.9044126113287327,1.7713255412241034,1.519666395597333,-0.14420641962876257,-0.0126817018,-0.0004182634,-0.0130999652,-0.0115001936,-0.0004239627,-0.0119241563,-0.0011815082,5.6993e-06,-0.0011758089
2023-01-31,0.013290767225598604,0.010994294155927061,0.01464245091182415,1.9297237160473975,1.790800015270228,1.5419180361972158,-0.13283226635888679,0.0129678538,0.0003229134,0.0132907672,0.0106259151,0.0003683791,0.0109942942,0.0023419387,-4.54657e-05,0.0022964731
2023-02-01,0.013029407563082893,0.011623753644731855,0.01045233773242416,1.9548668728279257,1.8116158334747112,1.5580346842672652,-0.12153358453172192,0.0113694986,0.0016599089,0.0130294076,0.0098944518,0.0017293019,0.0116237536,0.0014750469,-6.93929e-05,0.0014056539
2023-02-02,0.01213347876459817,0.014579171031887266,0.01469942051995421,1.9785862085169996,1.838027690555014,1.5809368912759838,-0.11087473093422495,0.0131028514,-0.0009693726,0.0121334788,0.0156007435,-0.0010215725,0.014579171,-0.0024978921,5.21998e-05,-0.0024456923
2023-02-03,-0.009465614439001086,-0.008766941264219452,-0.01035466151166586,1.9598576743328526,1.821913809749909,1.5645668248955158,-0.11929084791917466,-0.0072517604,-0.002213854,-0.0094656144,-0.0063879705,-0.0023789708,-0.0087669413,-0.0008637899,0.0001651168,-0.0006986732
2023-02-06,-0.00730394454976957,-0.008319371339777119,-0.006140486597300043,1.945542982554085,1.8067566322175315,1.5549596232766647,-0.12572349873044764,-0.0061557277,-0.0011482168,-0.0073039445,-0.0070926897,-0.0012266816,-0.0083193713,0.000936962,7.84648e-05,0.0010154268
2023-02-07,0.012698655072486714,0.012867550475002256,0.01287252984617182,1.9702487618182367,1.8300051643786355,1.5749758874368858,-0.11462136300284498,0.0121647586,0.0005338965,0.0126986551,0.0122817522,0.0005857982,0.0128675505,-0.0001169937,-5.19017e-05,-0.0001688954
2023-02-08,-0.008980833488699555,-0.009582384750630994,-0.01108069164265135,1.9525542857570306,1.8124693507979177,1.5575240652835864,-0.1225728011161682,-0.0088377719,-0.0001430616,-0.0089808335,-0.0094448596,-0.0001375252,-0.0095823848,0.0006070877,-5.5365e-06,0.0006015513
2023-02-09,-0.005871599449553681,-0.005110311663417192,-0.008829829085981511,1.9410896690875559,1.8032070675349487,1.5437713939898292,-0.127724702174158,-0.0061300137,0.0002584142,-0.0058715994,-0.0053722754,0.0002619638,-0.0051103117,-0.0007577382,-3.5496e-06,-0.0007612878
2023-02-10,0.0010355764675664752,-0.001495940348498789,0.002195271346318695,1.9430998158702992,1.8005095773259252,1.5471603910963216,-0.12682139440249007,0.0017143919,-0.0006788154,0.0010355765,-0.000782958,-0.0007129823,-0.0014959403,0.0024973499,3.41669e-05,0.0025315168
2023-02-13,0.008824965683054757,0.011950924147776362,0.01144859013411703,1.9602476050641047,1.8220273307118924,1.5648731962857236,-0.11911562317291435,0.0084508678,0.0003740979,0.0088249657,0.0115527432,0.0003981809,0.0119509241,-0.0031018755,-2.4083e-05,-0.0031259585
2023-02-14,0.00446962327781755,0.0025233605914531257,-0.0002803767683676739,1.9690091733899855,1.8266249626747615,1.5644344421960439,-0.1151784018571822,0.0044344378,3.51854e-05,0.0044696233,0.0024747678,4.85928e-05,0.0025233606,0.0019596701,-1.34074e-05,0.0019462627
2023-02-15,0.0071265369149050226,0.0024688996231547015,0.002773123668743604,1.9830413899499357,1.8311347163567544,1.5687728123758955,-0.10887268807491213,0.0081520642,-0.0010255272,0.0071265369,0.0035828326,-0.0011139329,0.0024688996,0.0045692316,8.84057e-05,0.0046576373
2023-02-16,-0.014551073276640875,-0.012908466022826009,-0.01378869707782826,1.9541860093741625,1.807497576087446,1.5471414792821117,-0.12183954688955012,-0.0143362236,-0.0002148497,-0.0145510733,-0.0126629471,-0.0002455189,-0.012908466,-0.0016732765,3.06692e-05,-0.0016426073
2023-02-17,-0.005403743025667637,-0.0032547088047859764,-0.002767448739857348,1.9436260903551497,1.801614697811925,1.5428598445448913,-0.1265849003134628,-0.0055663878,0.0001626448,-0.005403743,-0.0033968522,0.0001421433,-0.0032547088,-0.0021695357,2.05015e-05,-0.0021490342
2023-02-21,-0.017336550930850916,-0.017502256077973996,-0.02004123468714836,1.9099303176491769,1.770082376016979,1.51193902831099,-0.14172690567295276,-0.0168461893,-0.0004903616,-0.0173365509,-0.0170396777,-0.0004625784,-0.0175022561,0.0001934884,-2.77832e-05,0.0001657051
2023-02-22,-0.000641094375780442,-0.0025052847995139828,-0.001573546408361604,1.9087058720643995,1.7656478155464561,1.5095599220833293,-0.1422771397266095,-1.21284e-05,-0.000628966,-0.0006410944,-0.0018133339,-0.0006919509,-0.0025052848,0.0018012055,6.29849e-05,0.0018641904
2023-02-23,0.006866559964385901,0.005274767901364732,0.00532942458751462,1.9218121153893053,1.7749611979690152,1.517605007848407,-0.13638753427371753,0.0070113931,-0.0001448331,0.00686656,0.0054312979,-0.00015653,0.0052747679,0.0015800952,1.16969e-05,0.0015917921
2023-02-24,-0.015731843085166418,-0.012936685429579778,-0.01053754436336085,1.891578468750829,1.7519990833011798,1.5016131777521458,-0.14997375007091707,-0.0146205429,-0.0011113002,-0.0157318431,-0.0117429506,-0.0011937349,-0.0129366854,-0.0028775923,8.24346e-05,-0.0027951577
2023-02-27,0.006455598172370073,0.005497910439336335,0.003073016896555147,1.9037897392565917,1.7616314173509688,1.506227660419468,-0.14448632216540824,0.005574516,0.0008810822,0.0064555982,0.0045929441,0.0009049663,0.0054979104,0.0009815719,-2.38841e-05,0.0009576877
2023-02-28,-0.003023541414322899,-0.0036122042855205204,-0.00303597975009029,1.8980335521357863,1.755268044795706,1.5016547837434087,-0.1470730032008608,-0.0024812716,-0.0005422699,-0.0030235414,-0.0030128694,-0.0005993349,-0.0036122043,0.0005315978,5.70651e-05,0.0005886629
2023-03-01,0.0009674036877519863,-0.0037444681820018866,-0.004725262269687613,1.8998697167935996,1.748695499451084,1.49455907105169,-0.14624787847877407,0.000127847,0.0009139776,0.0010418247,-0.0046602803,0.0009158121,-0.0037444682,0.0047881273,-1.8345e-06,0.0047862928
2023-03-02,0.004749913749478163,0.005887124339285369,0.007582141980416957,1.9088939340836149,1.758990287287901,1.505891030126524,-0.14219262953811418,0.0058747685,-0.0011248547,0.0047499137,0.0068666795,-0.0009795552,0.0058871243,-0.000991911,-0.0001452996,-0.0011372106
2023-03-03,0.016542749902885543,0.016471946332437665,0.0161477890665227,1.9404722890262955,1.7879642808993865,1.5302078408381756,-0.1280021367437112,0.0154344838,0.0011082661,0.0165427499,0.0154313642,0.0010405821,0.0164719463,3.1196e-06,6.7684e-05,7.08036e-05
2023-03-06,0.0018984689184705773,0.0030406898083558207,0.0006871595099910977,1.9441562153541656,1.7934009256660217,1.5312593377082706,-0.12634667590334636,0.0013047804,0.0005936885,0.0018984689,0.0024555973,0.0005850925,0.0030406898,-0.0011508169,8.596e-06,-0.0011422209
2023-03-07,-0.011817651528077427,-0.014279281001815691,-0.01532696706369407,1.9211808546849642,1.7677924498995201,1.507789776273242,-0.1366712064438671,-0.0093789508,-0.0024387007,-0.0118176515,-0.0120494248,-0.0022298562,-0.014279281,0.002670474,-0.0002088445,0.0024616295
2023-03-08,2.082219937858215e-05,0.0013268199403427194,0.001414821002566402,1.9212208578957626,1.770137992172434,1.5099230289161683,-0.1366532300395985,0.0002088737,-0.0001880515,2.08222e-05,0.001524105,-0.000197285,0.0013268199,-0.0013152313,9.2335e-06,-0.0013059977
2023-03-09,-0.013661401569487364,-0.013817841315332619,-0.018459372596762,1.8949742882523735,1.745678506290354,1.4820507971329733,-0.14844775695774737,-0.0148413545,0.0011799529,-0.0136614016,-0.0148617122,0.0010438708,-0.0138178413,2.03577e-05,0.000136082,0.0001564397
2023-03-10,-0.013438544488886418,-0.012110705811257401,-0.01447814369423628,1.8695085919743981,1.7245371074596363,1.4605934527299247,-0.15989137966048173,-0.0149665163,0.0015279718,-0.0134385445,-0.0135118197,0.0014011139,-0.0121107058,-0.0014546966,0.0001268579,-0.0013278387
2023-03-13,-0.0013041914839390131,0.00017884678981891543,-0.001509740806248216,1.8670703947895944,1.724845535385229,1.4583883351929994,-0.16098704216871218,-0.0034896305,0.002185439,-0.0013041915,-0.0017930475,0.0019718943,0.0001788468,-0.001696583,0.0002135447,-0.0014830383
2023-03-14,0.01235015177955202,0.016373305113123814,0.01647664792414449,1.8901289975483542,1.7530869576091008,1.4824176863286536,-0.15062510479448488,0.0128221685,-0.0004720167,0.0123501518,0.0167634276,-0.0003901225,0.0163733051,-0.0039412591,-8.18942e-05,-0.0040231533
2023-03-15,-0.012442082658355823,-0.008964901445732348,-0.006980856226510457,1.8666118563259024,1.7373707058083365,1.472069141592757,-0.16119309744856414,-0.0104854192,-0.0019566634,-0.0124420827,-0.0069722187,-0.0019926827,-0.0089649014,-0.0035132005,3.60193e-05,-0.0034771812
2023-03-16,0.015115783445635946,0.019068766215601947,0.01756198081671578,1.8948271569231812,1.770500221627231,1.4979215916182882,-0.14851387395689208,0.0147235196,0.0003922638,0.0151157834,0.0186568414,0.0004119249,0.0190687662,-0.0039333218,-1.9661e-05,-0.0039529828
2023-03-17,-0.009449994700931028,-0.006836000480548424,-0.01101942286909019,1.876921050331077,1.758397081261376,1.4814153601755056,-0.15656041333591564,-0.010941511,0.0014915163,-0.0094499947,-0.0080467596,0.0012107591,-0.0068360005,-0.0028947514,0.0002807572,-0.0026139942
2023-03-20,0.009709703314388803,0.007758338344825692,0.008918358593079878,1.8951453968743226,1.7720393207623557,1.4946271535828473,-0.14837086518579679,0.0089171506,0.0007925527,0.0097097033,0.0071289028,0.0006294355,0.0077583383,0.0017882478,0.0001631172,0.001951365
2023-03-21,0.016083857785452325,0.013968653352503212,0.01298218176572852,1.9256266459204037,1.7967923237610903,1.5140306749626533,-0.13467338329549738,0.0159392232,0.0001446346,0.0160838578,0.0137064998,0.0002621536,0.0139686534,0.0022327234,-0.000117519,0.0021152044
2023-03-22,-0.01029574087085542,-0.00911786604605025,-0.01646318766285193,1.9058008929599928,1.7804094120404654,1.4891049038334288,-0.14358256190974095,-0.0118056889,0.0015099481,-0.0102957409,-0.0104061991,0.001288333,-0.009117866,-0.0013994899,0.000221615,-0.0011778748
2023-03-23,0.0060788763104065325,0.005962659269848767,0.002984528711166279,1.9173860208605589,1.7910253867252945,1.4935491801728582,-0.13837650623351505,0.0059253363,0.00015354,0.0060788763,0.0057682403,0.000194419,0.0059626593,0.000157096,-4.08789e-05,0.000116217
2023-03-24,0.0012381892790991654,0.00020828312997209445,0.005639802265037686,1.9197601076754829,1.7913984270987011,1.5019725022221422,-0.13730965326091338,0.0022112823,-0.000973093,0.0012381893,0.0011595587,-0.0009512756,0.0002082831,0.0010517236,-2.18174e-05,0.0010299061
2023-03-27,0.0016124716439256876,0.0014090217636332238,0.00164694446473046,1.9228556664122491,1.7939225464698216,1.5044461675208542,-0.13591858953930835,0.0013206487,0.000291823,0.0016124716,0.0010371471,0.0003718747,0.0014090218,0.0002835016,-8.00517e-05,0.0002034499
2023-03-28,0.0002580276956191042,-0.0016969805260686995,-0.001573841052110336,1.9233518164288614,1.7908782948431867,1.5020784083817198,-0.13569563260413997,-0.0004721274,0.0007301551,0.0002580277,-0.0022391529,0.0005421724,-0.0016969805,0.0017670256,0.0001879827,0.0019550082
2023-03-29,0.013165999488326738,0.01371903451120212,0.01423725911358331,1.948674665459836,1.8154474159755032,1.5234638878907691,-0.1243162017452476,0.0138842207,-0.0007182212,0.0131659995,0.0141701744,-0.0004511399,0.0137190345,-0.0002859537,-0.0002670813,-0.000553035
2023-03-30,0.0077254616397033635,0.0076309716278926115,0.005715264622710547,1.9637290768361075,1.8293010436987431,1.5321708871532083,-0.1175511401533208,0.0068135869,0.0009986232,0.0078122101,0.006683245,0.0009477266,0.0076309716,0.0001303419,5.08965e-05,0.0001812385
2023-03-31,0.013208048626396962,0.013105242548313297,0.01443654757173229,1.9896661059720286,1.8532744775702978,1.5542901450536188,-0.10589571270215725,0.0141567762,-0.0009487276,0.0132080486,0.013924047,-0.0008188044,0.0131052425,0.0002327292,-0.0001299232,0.0001028061
2023-04-03,0.0046954135361425365,0.003476017678413044,0.003698917823186765,1.9990084111384137,1.8597164924172838,1.5600393365735612,-0.10169752332885584,0.0037443731,0.0009510405,0.0046954135,0.0027207997,0.0007552179,0.0034760177,0.0010235733,0.0001958225,0.0012193959
2023-04-04,-0.00548019030962495,-0.0021889464652426966,-0.005797052255904322,1.988053464614834,1.8556456725748534,1.550995707018178,-0.1066203918566212,-0.006686029,0.0012058387,-0.0054801903,-0.0032210861,0.0010321396,-0.0021889465,-0.0034649429,0.0001736991,-0.0032912438
2023-04-05,-0.006246302779175569,-0.004010262892106421,-0.002492318197337084,1.9756354807336607,1.8482040455932287,1.5471301321935849,-0.11220071138582599,-0.0057749119,-0.0004713909,-0.0062463028,-0.0035840564,-0.0004262064,-0.0040102629,-0.0021908554,-4.51844e-05,-0.0022360399
2023-04-06,0.001388427240276798,0.0034471666185711806,0.003579129567424122,1.9783785068519688,1.8545751128835057,1.5526675113943718,-0.11096806666961567,0.0013864728,1.9544e-06,0.0013884272,0.0034070289,4.01378e-05,0.0034471666,-0.0020205561,-3.81833e-05,-0.0020587394
2023-04-10,0.0005382537115771416,-0.0010527067284242138,0.0009963410653295313,1.9794433764261865,1.8526227891838052,1.554214497796777,-0.11048954193178995,0.0020770031,-0.0015387494,0.0005382537,0.000158414,-0.0012111207,-0.0010527067,0.0019185891,-0.0003276287,0.0015909604
2023-04-11,0.0007510805125201647,-9.14406584627144e-05,-4.137148920324574e-05,1.9809300977718574,1.8524533841360793,1.5541501976284617,-0.10982144796105198,-5.10878e-05,0.0008021683,0.0007510805,-0.0008404417,0.0007490011,-9.14407e-05,0.000789354,5.31672e-05,0.0008425212
2023-04-12,-0.0018600463397346893,-0.0019592467846899146,-0.004134886369720592,1.9772454759942266,1.8488239707994227,1.5477239631597892,-0.11147722131848237,-0.0032160451,0.0013559988,-0.0018600463,-0.0031351575,0.0011759107,-0.0019592468,-8.08876e-05,0.0001800881,9.92004e-05
2023-04-13,0.012888739209245112,0.015262531657453945,0.01326262539864875,2.002729677286976,1.8770417051828086,1.5682508463036895,-0.1000252829425825,0.0117699581,0.0011187811,0.0128887392,0.0142372616,0.00102527,0.0152625317,-0.0024673035,9.3511e-05,-0.0023737924
2023-04-14,-0.0007937002920562002,-0.0004826609975375336,-0.002069354737568196,2.0011401101572037,1.8761357303609654,1.5650055789851955,-0.10073959313835401,0.000500358,-0.0012940583,-0.0007937003,0.0005273492,-0.0010100102,-0.000482661,-2.69912e-05,-0.0002840481,-0.0003110393
2023-04-17,0.00028736778969038704,0.0003245762449101382,0.003306232538355047,2.0017151733675203,1.8767446794512679,1.5701798513531435,-0.1004811746628782,0.0015038722,-0.0012165044,0.0002873678,0.001393434,-0.0010688578,0.0003245762,0.0001104382,-0.0001476467,-3.72085e-05
2023-04-18,0.0036030713001862073,0.0023331374311927715,0.0008551496873283604,2.008927495859828,1.8811233827116876,1.5715225901620775,-0.09724014419932869,0.0028438589,0.0007592124,0.0036030713,0.0017167719,0.0006163655,0.0023331374,0.001127087,0.0001428469,0.0012699339
2023-04-19,-0.0003542896751885907,-0.001128463623939298,-8.423849602978706e-05,2.008215753589843,1.8790006034021558,1.5713902074626054,-0.09755998269541355,5.55626e-05,-0.0004098522,-0.0003542897,-0.0007981062,-0.0003303575,-0.0011284636,0.0008536687,-7.94948e-05,0.0007741739
2023-04-20,-0.005186693281985146,-0.004130852406837273,-0.005952552882162232,1.9977997544319217,1.8712387292371433,1.5620364241541724,-0.10224066227056172,-0.005674637,0.0004879437,-0.0051866933,-0.0045708398,0.0004399874,-0.0041308524,-0.0011037972,4.79564e-05,-0.0010558409
2023-04-21,0.0002016293303895632,0.0020993156456022366,0.0009031936248575789,1.99820256945866,1.8751670499780875,1.5634472454942638,-0.10205964765644449,5.97155e-05,0.0001419138,0.0002016293,0.0020007009,9.86147e-05,0.0020993156,-0.0019409854,4.32991e-05,-0.0018976863
2023-04-24,0.0014018161324358465,0.00021863902064176645,0.0008515744450250384,2.001003682056402,1.8755770346654344,1.5647786372146715,-0.10080090038456424,0.0005459533,0.0008558628,0.0014018161,-0.0005405804,0.0007592194,0.000218639,0.0010865337,9.66434e-05,0.0011831771
2023-04-25,-0.014053728995850848,-0.01403508880265002,-0.01581082126351208,1.9728821185890815,1.849253144427694,1.5400382018647083,-0.11343800084387268,-0.0131194201,-0.0009343089,-0.014053729,-0.0131675157,-0.0008675731,-0.0140350888,4.80956e-05,-6.67358e-05,-1.86402e-05
2023-04-26,-0.004690834388189966,-0.0016753036599254307,-0.003841213469789828,1.9636276553033587,1.8461550838667058,1.5341225863797148,-0.11759671635677671,-0.0055962961,0.0009054618,-0.0046908344,-0.002431226,0.0007559223,-0.0016753037,-0.0031650702,0.0001495394,-0.0030155307
2023-04-27,0.01490816554571496,0.017869003119354594,0.01956612319063922,1.9929017414587655,1.8791440348191324,1.5641394178943624,-0.1044417021261409,0.0151766394,-0.0002684738,0.0149081655,0.0181123468,-0.0002433436,0.0178690031,-0.0029357074,-2.51302e-05,-0.0029608376
2023-04-28,0.005569398180565019,0.006148832186428718,0.008253231286347917,2.004001004791691,1.8906985761433637,1.577048622274338,-0.09945398137137218,0.006240995,-0.0006715969,0.0055693982,0.0065304973,-0.0003816651,0.0061488322,-0.0002895023,-0.0002899317,-0.000579434
2023-05-01,0.0017024023075052498,-0.00074966252805725,-0.0003861392787588569,2.007412620726491,1.8892811902689777,1.5764396618567653,-0.09792088975124424,0.0028321334,-0.0010341031,0.0017980303,3.48817e-05,-0.0007845442,-0.0007496625,0.0027972517,-0.0002495589,0.0025476929
2023-05-02,-0.007751599760849216,-0.00904368974917395,-0.01158625388987655,1.9918519615357417,1.8721951173352351,1.5581746316924217,-0.10491344596651575,-0.0081537168,0.000402117,-0.0077515998,-0.0094167534,0.0003730637,-0.0090436897,0.0012630367,2.90533e-05,0.00129209
2023-05-03,-0.0023363339120151716,-0.002994696397188271,-0.006998286233062534,1.9871983302502918,1.8665884613625179,1.5472700796187413,-0.10700466703689293,-0.0037975064,0.0014611725,-0.0023363339,-0.0044785712,0.0014838748,-0.0029946964,0.0006810648,-2.27024e-05,0.0006583625
2023-05-04,-0.00682810929726037,-0.006160200971436283,-0.007218725172645657,1.9736295228560095,1.8550899013095608,1.536100762146116,-0.11310213677230851,-0.0064344693,-0.00039364,-0.0068281093,-0.0058730911,-0.0002871099,-0.006160201,-0.0005613782,-0.0001065301,-0.0006679083
2023-05-05,0.016895211310397975,0.0165687843305948,0.01847474404243066,2.006974410693102,1.8858264857982232,1.5644798305501482,-0.0981178099623361,0.0169571601,-6.19488e-05,0.0168952113,0.0166632849,-9.45006e-05,0.0165687843,0.0002938752,3.25518e-05,0.000326427
2023-05-08,0.003953898630853587,0.0027114115960377902,0.0004521003324267081,2.0149097840676995,1.8909397375999317,1.5651871324016147,-0.09455185920595499,0.0041447565,-0.0001908578,0.0039538986,0.0028746332,-0.0001632216,0.0027114116,0.0012701233,-2.76363e-05,0.001242487
2023-05-09,-0.0046187885681693375,-0.004191183359648274,-0.004579374208577791,2.005603341791155,1.883014462437605,1.5580195548158968,-0.09873393272772457,-0.0041252359,-0.0004935526,-0.0046187886,-0.0037489308,-0.0004422525,-0.0041911834,-0.0003763051,-5.13001e-05,-0.0004276052
2023-05-10,-0.0010991908712255538,0.004550922917091595,0.004483913021312569,2.0033988009065586,1.8915839161079275,1.5650055789851955,-0.09972459616141571,-0.0014897911,0.0003906002,-0.0010991909,0.0041787811,0.0003721418,0.0045509229,-0.0056685722,1.84584e-05,-0.0056501138
2023-05-11,-0.0033171548313971812,-0.0006636237327972746,-0.001696619328892868,1.9967532168949162,1.8903286161286208,1.5623503602700641,-0.10271094906684686,-0.002252548,-0.0010646069,-0.0033171548,0.0003680583,-0.0010316821,-0.0006636237,-0.0026206063,-3.29248e-05,-0.0026535311
2023-05-12,-0.0016589289444690993,-0.0018328606548735375,-0.001583297422662944,1.9934407451884475,1.886863907183337,1.559876694971352,-0.10419948784499511,-0.0005035015,-0.0011554275,-0.0016589289,-0.0007238404,-0.0011090202,-0.0018328607,0.0002203389,-4.64072e-05,0.0001739317
2023-05-15,0.004502311165326549,0.00333160705137479,0.002958235533743192,2.0024158357129265,1.8931501962814934,1.5644911776386743,-0.1001663151972143,0.0041429088,0.0003594024,0.0045023112,0.0029868541,0.000344753,0.0033316071,0.0011560547,1.46494e-05,0.0011707041
2023-05-16,-0.005411033014037602,-0.002958612842012813,-0.006377711373504735,1.9915806975180521,1.8875490977989158,1.5545133044613002,-0.1050353449728253,-0.0051276726,-0.0002833604,-0.005411033,-0.0026689028,-0.00028971,-0.0029586128,-0.0024587698,6.3496e-06,-0.0024524202
2023-05-17,0.009105582804795927,0.01002978627656119,0.01189080026278022,2.009715200471736,1.906480811836355,1.572997711670484,-0.09688617019910972,0.0096268529,-0.0005212701,0.0091055828,0.0105351963,-0.00050541,0.0100297863,-0.0009083434,-1.58601e-05,-0.0009242035
2023-05-18,0.010122446651982182,0.010176609270306662,0.009445100354191105,2.030058435374189,1.9258823221397505,1.5878548329141247,-0.08774444863628283,0.0113632455,-0.0012407988,0.0101224467,0.0113721023,-0.001195493,0.0101766093,-8.8568e-06,-4.53058e-05,-5.41626e-05
2023-05-19,0.0009295322025291781,0.0008277975492334165,-0.001445909410321633,2.031945440062885,1.92747656280613,1.5855589386689894,-0.08689647772435438,0.0001730615,0.0007564707,0.0009295322,5.92892e-05,0.0007685084,0.0008277975,0.0001137723,-1.20376e-05,0.0001017347
2023-05-22,0.0036750174504122752,0.0005034129149172682,0.0001550579916889117,2.039412875013402,1.928446879401047,1.585804792253724,-0.08354080634595829,0.0036216757,5.33417e-05,0.0036750175,0.0004404687,6.29443e-05,0.0005034129,0.0031812071,-9.6026e-06,0.0031716045
2023-05-23,-0.012928019501385307,-0.012572998867206857,-0.01122207301860645,2.0130473055938527,1.904200518970869,1.5680087750817966,-0.09538880867374155,-0.0123834514,-0.0005445681,-0.0129280195,-0.0120757951,-0.0004972037,-0.0125729989,-0.0003076563,-4.73644e-05,-0.0003550206
2023-05-24,-0.00909125391856781,-0.006977385130855107,-0.007318638164020563,1.9947461813886103,1.8909141785836352,1.556533086218964,-0.1036128587116667,-0.0085142018,-0.0005770521,-0.0090912539,-0.0063728774,-0.0006045078,-0.0069773851,-0.0021413244,2.74556e-05,-0.0021138688
2023-05-25,0.013522852043851936,0.011191184495415202,0.00875769092446621,2.0217208388645673,1.912075748021161,1.5701647219017751,-0.09149114802601299,0.0140353925,-0.0005125405,0.013522852,0.0117082034,-0.0005170189,0.0111911845,0.0023271891,4.4784e-06,0.0023316675
2023-05-26,0.014311749385164713,0.016072139315488624,0.01304898730030257,2.050655200837162,1.9428068958251241,1.5906537814172546,-0.07848879702235767,0.0143746232,-6.28738e-05,0.0143117494,0.0161251575,-5.30182e-05,0.0160721393,-0.0017505343,-9.8556e-06,-0.0017603899
2023-05-30,-0.000683594526030815,-0.00013510267606583806,1.664506770993057e-05,2.049253384167093,1.9425444174144189,1.5906802579571493,-0.07911873703638928,-0.0010592767,0.0003756822,-0.0006835945,-0.0005185936,0.000383491,-0.0001351027,-0.0005406831,-7.8088e-06,-0.0005484918
2023-05-31,-0.007074276919384614,-0.006653362141483503,-0.006108638170785219,2.034756398249509,1.9296199659294437,1.5809633678158779,-0.08563330610046638,-0.0065365322,-0.0004630316,-0.0069995638,-0.0062317237,-0.0004216385,-0.0066533621,-0.0003048086,-4.13931e-05,-0.0003462017
2023-06-01,0.012138039835000254,0.011212630852050418,0.009854467765435526,2.059454352465983,1.9512560822921565,1.5965429203623538,-0.07453468674611641,0.0110216004,0.0011164394,0.0121380398,0.0101056071,0.0011070237,0.0112126309,0.0009159933,9.4157e-06,0.000925409
2023-06-02,0.010901984210685826,0.010902349161520929,0.01453440163751885,2.0819064912991956,1.9725293574048473,1.6197477163984375,-0.06444527851348514,0.0117933489,-0.0008913647,0.0109019842,0.0117107313,-0.0008083821,0.0109023492,8.26176e-05,-8.29826e-05,-3.65e-07
2023-06-05,-0.0018010668101560439,-0.0013589178132630733,-0.002003563447343426,2.078156838615868,1.9698488521238855,1.6165024490799436,-0.06613027507143932,-0.0019459861,0.0001449193,-0.0018010668,-0.0015026739,0.0001437561,-0.0013589178,-0.0004433121,1.1631e-06,-0.000442149
2023-06-06,0.002343304865793769,0.0020339717355921318,0.002353882619408054,2.0830265936476793,1.973855469012494,1.6203075060990635,-0.06394193360099676,0.0026058414,-0.0002625365,0.0023433049,0.0022845924,-0.0002506207,0.0020339717,0.000321249,-1.19159e-05,0.0003093331
2023-06-07,-0.00472474672725425,-0.0085645228670451,-0.00381199154965739,2.073184820566559,1.9569503387118945,1.6141309075779675,-0.06836457088673531,-0.0046699056,-5.48411e-05,-0.0047247467,-0.008503424,-6.10989e-05,-0.0085645229,0.0038335184,6.2577e-06,0.0038397761
2023-06-08,0.0064565630205913995,0.00840042346355329,0.006188606028794119,2.0865704690138807,1.9733895502542185,1.6241201278438675,-0.062349408026449726,0.0049438029,0.0015127602,0.006456563,0.0068605603,0.0015398632,0.0084004235,-0.0019167574,-2.7103e-05,-0.0019438604
2023-06-09,0.0026782757169696316,0.0023865063951439497,0.001148132363592236,2.0921588800327866,1.9780990570360106,1.6259848327250066,-0.05983812121496468,0.003132671,-0.0004543952,0.0026782757,0.0027721168,-0.0003856104,0.0023865064,0.0003605542,-6.87849e-05,0.0002917693
2023-06-12,0.013106638569761074,0.010452377604128732,0.009321075820101221,2.1195800503038926,1.998774895318522,1.641140760633171,-0.047515759272661606,0.0133042893,-0.0001976507,0.0131066386,0.0107065267,-0.0002541491,0.0104523776,0.0025977625,5.64984e-05,0.002654261
2023-06-13,0.008013840241206504,0.007149179694335588,0.006932584761680793,2.136566026205476,2.0130644962136808,1.6525181080621096,-0.039882702735206,0.0074442419,0.0005695984,0.0080138402,0.006497905,0.0006512747,0.0071491797,0.0009463369,-8.16764e-05,0.0008646605
2023-06-14,0.0018282537727350274,0.0037476620985036624,0.0008194076003487094,2.140472211103584,2.0206087817279843,1.6538721939595695,-0.0381273646642134,0.0012815895,0.0005466643,0.0018282538,0.0032336592,0.0005140029,0.0037476621,-0.0019520698,3.26614e-05,-0.0019194083
2023-06-15,0.014652024876390281,0.011801621253977962,0.01217813698517345,2.171834463187896,2.0444552412724,1.6740132760935784,-0.024033982883354232,0.0131484298,0.001503595,0.0146520249,0.0103625861,0.0014390352,0.0118016213,0.0027858437,6.45599e-05,0.0028504036
2023-06-16,-0.0021354492257680373,-0.003293380220305153,-0.003671619398803339,2.1671966209649853,2.0377220728194945,1.667866936475219,-0.026118108758981795,-0.0018294756,-0.0003059736,-0.0021354492,-0.0030114773,-0.0002819029,-0.0032933802,0.0011820017,-2.40707e-05,0.001157931
2023-06-20,-0.004939706441246322,-0.0048456369783219195,-0.004735134105438354,2.1564913058569575,2.0278480113918973,1.6599693628609822,-0.030928799410158136,-0.0045987783,-0.0003409281,-0.0049397064,-0.004453944,-0.000391693,-0.004845637,-0.0001448343,5.07648e-05,-9.40695e-05
2023-06-21,-0.006211836675428635,-0.006454966445359943,-0.005245277085977551,2.1430955340729922,2.014758320522073,1.6512623635985426,-0.03694851143508382,-0.006886651,0.0006748143,-0.0062118367,-0.0070125306,0.0005575641,-0.0064549664,0.0001258796,0.0001172502,0.0002431298
2023-06-22,0.0027556673342020027,0.004613880761402083,0.003710753626574581,2.1490011924303114,2.0240541751760044,1.657389791402692,-0.03429466190689079,0.0033428308,-0.0005871635,0.0027556673,0.0052084124,-0.0005945316,0.0046138808,-0.0018655816,7.3681e-06,-0.0018582134
2023-06-23,-0.009724582622983074,-0.008064169795201356,-0.007658795633847637,2.1281030527776337,2.007731858632699,1.6446961817047134,-0.0436857432566331,-0.0088949011,-0.0008296815,-0.0097245826,-0.0072448125,-0.0008193573,-0.0080641698,-0.0016500886,-1.03242e-05,-0.0016604128
2023-06-26,-0.006187795964527981,-0.006761590630019961,-0.004486779982200151,2.1149347852955565,1.9941563977097756,1.6373167917998397,-0.0496032207553303,-0.0063591408,0.0001713449,-0.006187796,-0.0069200534,0.0001584628,-0.0067615906,0.0005609126,1.2882e-05,0.0005737947
2023-06-27,0.011830024085614833,0.010996013690709197,0.01145577778701812,2.1399545147451073,2.0160841687604076,1.6560735291336521,-0.038360003965975165,0.0112631657,0.0005668583,0.0118300241,0.0104580061,0.0005380076,0.0109960137,0.0008051596,2.88508e-05,0.0008340104
2023-06-28,0.0021454589051589975,0.0010164538297252675,-0.0003540097889417337,2.1445456992154024,2.0181334252347924,1.6554872628931316,-0.03629684487292695,0.0029690071,-0.0008235482,0.0021454589,0.0018721016,-0.0008556477,0.0010164538,0.0010969055,3.20995e-05,0.0011290051
2023-06-29,0.0015794796598137056,0.0023855999144668212,0.004473526683512752,2.147932965526854,2.0229478841614155,1.6628931293378995,-0.034774695341305506,0.002226517,-0.0006470373,0.0015794797,0.0030424962,-0.0006568963,0.0023855999,-0.0008159792,9.859e-06,-0.0008061203
2023-06-30,0.011788865002277066,0.012770020444436174,0.01226901765974309,2.1732546572913907,2.0487809700001853,1.6832951945080117,-0.023395784527902364,0.0111106653,0.0007523099,0.0118629752,0.0120151262,0.0007548943,0.0127700204,-0.0009044608,-2.5844e-06,-0.0009070452
2023-07-03,0.0012023343021723486,0.000835109648273717,0.001170686548114919,2.1758676359132076,2.050491926755432,1.6852658055487286,-0.022221579779994283,0.0012385348,-3.62005e-05,0.0012023343,0.0008465726,-1.1463e-05,0.0008351096,0.0003919621,-2.47375e-05,0.0003672247
2023-07-05,-0.0015754726110733907,-0.0027394305453366423,-0.001968313960665213,2.1724396160475052,2.044874746538312,1.6819486733362354,-0.02376204290074957,-0.0010232219,-0.0005522507,-0.0015754726,-0.0022843951,-0.0004550354,-0.0027394305,0.0012611732,-9.72153e-05,0.0011639579
2023-07-06,-0.012456262188766951,-0.01045634573138448,-0.007922515415510367,2.1453791386007532,2.0234928292111305,1.6686234090436318,-0.03592231885300412,-0.0130038381,0.0005475759,-0.0124562622,-0.0110019741,0.0005456284,-0.0104563457,-0.002001864,1.9475e-06,-0.0019999165
2023-07-07,0.0007357917140675648,-0.002787125449012923,-0.002865180127799793,2.146957690794469,2.017853100850941,1.6638425024112584,-0.03521295848349859,-0.0005835166,0.0013193083,0.0007357917,-0.0041089313,0.0013218059,-0.0027871254,0.0035254147,-2.4975e-06,0.0035229172
2023-07-10,0.005737185431349401,0.001476242404181413,0.002405119403493972,2.159275185179819,2.0208319411638263,1.6678442422981656,-0.02967779632455536,0.0051585706,0.0005786149,0.0057371854,0.0008946324,0.00058161,0.0014762424,0.0042639382,-2.9951e-06,0.004260943
2023-07-11,0.007346145344484233,0.005627634540501156,0.006742215156717579,2.175137534528888,2.032204444796468,1.6790892070276324,-0.02254966838537531,0.0068193173,0.000526828,0.0073461453,0.0049662058,0.0006614287,0.0056276345,0.0018531115,-0.0001346007,0.0017185108
2023-07-12,0.009397678993713156,0.011178396509260367,0.007411145100759908,2.1955787788455674,2.0549212318682843,1.691533180778034,-0.013363903936562505,0.0075573865,0.0018402925,0.009397679,0.0093023374,0.0018760592,0.0111783965,-0.0017449508,-3.57667e-05,-0.0017807175
2023-07-13,0.011529253916575777,0.011993737216663688,0.00847017995778332,2.220892164080723,2.079567417124255,1.7058607712237857,-0.001988725861788332,0.0100520592,0.0014771947,0.0115292539,0.0104326885,0.0015610487,0.0119937372,-0.0003806293,-8.3854e-05,-0.0004644833
2023-07-14,-0.0024373896416280414,0.0009900875790387837,-0.001024381158481913,2.2154789845248195,2.0816263709937233,1.7041133195907505,-0.004421268203600892,-0.0022151989,-0.0002221907,-0.0024373896,0.0012274535,-0.000237366,0.0009900876,-0.0034426524,1.51752e-05,-0.0034274772
2023-07-17,0.006286004119349132,0.0027414563448474654,0.003855356437357571,2.229405494547874,2.087333058816086,1.7106832838474215,0.0,0.0061910464,9.49577e-05,0.0062860041,0.0026529548,8.85015e-05,0.0027414563,0.0035380916,6.4562e-06,0.0035445478
2023-07-18,0.008971366773871316,0.006460118424356842,0.007117288222535212,2.249406308927147,2.100817477567113,1.7228587098360366,0.0,0.0090180676,-4.67009e-05,0.0089713668,0.0064641883,-4.0699e-06,0.0064601184,0.0025538794,-4.2631e-05,0.0025112483
2023-07-19,-0.0012231438444454828,0.0004375137189342117,0.00235785887095008,2.246654961446726,2.1017366140345257,1.7269209675284172,-0.001223143844445329,-0.0006437766,-0.0005793673,-0.0012231438,0.0010689233,-0.0006314096,0.0004375137,-0.0017126999,5.20423e-05,-0.0016606576
2023-07-20,-0.010867875206792358,-0.009745600856608258,-0.006756875147840957,2.2222385956930024,2.081253927888426,1.715252378160639,-0.012077726076576312,-0.0098239615,-0.0010439137,-0.0108678752,-0.008669771,-0.0010758299,-0.0097456009,-0.0011541905,3.19162e-05,-0.0011222744
2023-07-21,0.0006875644289624435,0.0002313447172288592,0.0003241548269299344,2.2237665279040684,2.0817354149898546,1.7158083854984227,-0.01139846586244686,0.0010556358,-0.0003680714,0.0006875644,0.0006838697,-0.0004525249,0.0002313447,0.0003717661,8.44536e-05,0.0004562197
2023-07-24,0.0025908890497953804,0.0027433766725328814,0.004034089155574794,2.2295280602505168,2.0874463993657235,1.7227301094994063,-0.008837108973038799,0.0032282523,-0.0006373633,0.002590889,0.0033300091,-0.0005866324,0.0027433767,-0.0001017568,-5.07308e-05,-0.0001524876
2023-07-25,0.002937509012461781,0.0032497616254735656,0.002814712029929778,2.236077319021039,2.0942301025696155,1.7275790986629365,-0.005925559047829543,0.0026393655,0.0002981436,0.002937509,0.0028373101,0.0004124516,0.0032497616,-0.0001979446,-0.000114308,-0.0003122526
2023-07-26,2.794366758375119e-05,-0.0016534191201278987,-0.0001554474478155932,2.236139803222333,2.0907674624760793,1.7273105509011497,-0.0058977809620980315,-0.0004929597,0.0005209034,2.79437e-05,-0.0021908818,0.0005374627,-0.0016534191,0.0016979221,-1.65593e-05,0.0016813628
2023-07-27,-0.004527316687268387,-0.002566801372449405,-0.006424700279192064,2.22601609017614,2.0854008776839232,1.7162130983225237,-0.010398396527198761,-0.0032212935,-0.0013060232,-0.0045273167,-0.0012611749,-0.0013056264,-0.0025668014,-0.0019601185,-3.968e-07,-0.0019605153
2023-07-28,0.012033694245821057,0.010349823138687604,0.009877881875342887,2.2528032871915973,2.1069844079412157,1.7331656485806697,0.0,0.0119002468,0.0001334475,0.0120336942,0.0102726544,7.71688e-05,0.0103498231,0.0016275924,5.62787e-05,0.0016838711
2023-07-31,0.006681590984457558,0.0019194799688348337,0.001468717196648983,2.267855597325053,2.1110287223069064,1.7357111787733814,0.0,0.007109774,-0.000428183,0.006681591,0.0023587109,-0.000439231,0.00191948,0.0047510631,1.10479e-05,0.004762111
2023-08-01,-0.0036835116884955097,-0.002848795174087114,-0.00266509187266839,2.259501924724486,2.105014833870439,1.7310853490175329,-0.0036835116884955665,-0.0030510343,-0.0004942869,-0.0035453212,-0.0022591506,-0.0005896446,-0.0028487952,-0.0007918838,9.53577e-05,-0.0006965261
2023-08-02,-0.018359189842841676,-0.016485547561422745,-0.01383957541738301,2.218019299938203,2.0703125117091674,1.707127862775878,-0.021975075240959763,-0.0177177132,-0.0006414767,-0.0183591898,-0.0158191283,-0.0006664193,-0.0164855476,-0.0018985849,2.49426e-05,-0.0018736423
2023-08-03,-0.0038049611228448237,-0.002712195445548537,-0.002547973917609636,2.209579822732219,2.0646974195440477,1.7027781455075004,-0.025696422056841084,-0.0041171463,0.0003121851,-0.0038049611,-0.0030326027,0.0003204072,-0.0027121954,-0.0010845436,-8.2221e-06,-0.0010927657
2023-08-04,-0.0051839297479208055,-0.002396806835662504,-0.00529999622380839,2.198125516158752,2.0597487386553097,1.693753427766327,-0.03074714335804629,-0.0059435205,0.0007595908,-0.0051839297,-0.0030572268,0.0006604199,-0.0023968068,-0.0028862938,9.91709e-05,-0.0027871229
2023-08-07,0.007172474104817101,0.008177335233023254,0.00902405745383561,2.213891514502538,2.076591994587091,1.7090379560111215,-0.02379520234276189,0.0072783557,-0.0001058816,0.0071724741,0.0082610181,-8.36828e-05,0.0081773352,-0.0009826623,-2.21988e-05,-0.0010048611
2023-08-08,-0.005500881421555232,-0.003768103146704076,-0.004218270022397053,2.201713159801072,2.068767181757867,1.701828772434141,-0.029165189177827733,-0.0047385346,-0.0007623469,-0.0055008814,-0.0030056941,-0.000762409,-0.0037681031,-0.0017328404,6.22e-08,-0.0017327783
2023-08-09,-0.008570318481840077,-0.006701991550228506,-0.007038747560775049,2.1828437768159183,2.0549023215863356,1.6898500293133134,-0.03748555269983078,-0.0085917588,2.14403e-05,-0.0085703185,-0.0066736055,-2.8386e-05,-0.0067019916,-0.0019181533,4.98264e-05,-0.0018683269
2023-08-10,0.0014831017739444022,0.0023074036071127637,0.000250687712497033,2.186081156293558,2.059643810615428,1.690273653951625,-0.03605804581559269,0.0016484998,-0.000165398,0.0014831018,0.0025006441,-0.0001932405,0.0023074036,-0.0008521443,2.78425e-05,-0.0008243018
2023-08-11,-0.0037205668273007043,-0.003693412008463836,-0.001069631201007781,2.1779476952616648,2.052036697432143,1.688465684513117,-0.039644456273774664,-0.0033791651,-0.0003414018,-0.0037205668,-0.0033730979,-0.0003203141,-0.003693412,-6.0672e-06,-2.10876e-05,-2.71548e-05
2023-08-14,0.007093269074111472,0.006112657887526044,0.005750383620255262,2.1933964642934964,2.0645800957361944,1.6981750099287043,-0.03283239599531007,0.0077041825,-0.0006109134,0.0070932691,0.0066949844,-0.0005823265,0.0061126579,0.0010091981,-2.85869e-05,0.0009806112
2023-08-15,-0.011573974138994105,-0.010295996186546601,-0.01155083167769944,2.1680101503392026,2.0433231869436743,1.6785596762297423,-0.04402636883213307,-0.0115970951,2.31209e-05,-0.0115739741,-0.0103258359,2.98398e-05,-0.0102959962,-0.0012712591,-6.7188e-06,-0.001277978
2023-08-16,-0.008924412506613832,-0.007056605226814701,-0.0075554433893813,2.1486619334390498,2.028904261862616,1.6658774136202903,-0.052557871862120575,-0.0085264679,-0.0003979446,-0.0089244125,-0.0066669307,-0.0003896745,-0.0070566052,-0.0018595372,-8.27e-06,-0.0018678073
2023-08-17,-0.009994048862521504,-0.007210013461141265,-0.007712864385729601,2.12718810108722,2.0142758348232195,1.653028727045787,-0.06202665478514202,-0.0100588686,6.48197e-05,-0.0099940489,-0.0072831447,7.31312e-05,-0.0072100135,-0.002775724,-8.3114e-06,-0.0027840354
2023-08-18,0.0003458660468597738,-0.0013885217323143678,-0.0001487291664759027,2.12792382322667,2.0114789690516917,1.6527828734610528,-0.06170224165217275,0.0003618086,-1.59426e-05,0.000345866,-0.0013636947,-2.4827e-05,-0.0013885217,0.0017255033,8.8844e-06,0.0017343878
2023-08-21,0.008200838127376528,0.00879749702452792,0.006879175048229769,2.14537458204834,2.0291749492968245,1.6641526561643076,-0.054007413620681954,0.0080012174,0.0001996207,0.0082008381,0.0086305039,0.0001669931,0.008797497,-0.0006292865,3.26276e-05,-0.0005966589
2023-08-22,-0.0012138422993645396,-0.0009517896213729822,-0.002777417910481694,2.1427704356326682,2.0272436016401336,1.659530608771301,-0.05515569943691445,-0.0007134936,-0.0005003487,-0.0012138423,-0.0005396524,-0.0004121372,-0.0009517896,-0.0001738412,-8.82115e-05,-0.0002620527
2023-08-23,0.013246495786476763,0.012013792617296092,0.01104488837734041,2.1711546351796636,2.0515984858549787,1.67785993910396,-0.042639823390628884,0.0128566412,0.0003898546,0.0132464958,0.0116464673,0.0003673253,0.0120137926,0.0012101739,2.25293e-05,0.0012327032
2023-08-24,-0.016221924955967793,-0.01413547970434836,-0.01345803999540118,2.1359343276199776,2.022598157096704,1.6552792329368173,-0.058170048331418034,-0.0152219619,-0.000999963,-0.016221925,-0.013205077,-0.0009304027,-0.0141354797,-0.0020168849,-6.95603e-05,-0.0020864453
2023-08-25,0.005492145104488778,0.00544410291154041,0.006717988442317857,2.147665188880925,2.0336093896126304,1.6663993796924956,-0.05299738157310063,0.0057870689,-0.0002949238,0.0054921451,0.0057392991,-0.0002951962,0.0054441029,4.77698e-05,2.724e-07,4.80422e-05
2023-08-28,0.007825433522351228,0.007035727996671791,0.00626459753365527,2.164471600044781,2.0479173121294223,1.676838701136602,-0.04558667553710827,0.0075441802,0.0002812533,0.0078254335,0.0067728942,0.0002628338,0.007035728,0.000771286,1.84195e-05,0.0007897055
2023-08-29,0.017393399811415362,0.015634532008111823,0.01450834703641291,2.2021191199648134,2.079935540895876,1.7011668589367797,-0.02898618299938327,0.0164594127,0.0009339871,0.0173933998,0.0147415967,0.0008929353,0.015634532,0.0017178159,4.10519e-05,0.0017588678
2023-08-30,0.005264025666511926,0.00428294210084154,0.00383312989285467,2.213711131533025,2.0888437843910155,1.707687652476504,-0.023874741344154238,0.0048765108,0.0004745027,0.0053510135,0.0038617589,0.0004211832,0.0042829421,0.0010147519,5.33195e-05,0.0010680714
2023-08-31,-0.00222060114685247,-0.0007533909839015402,-0.001596945205509792,2.2087953620555423,2.0872700683170766,1.7049605688673732,-0.02604232621299718,-0.0016098698,-0.0006107314,-0.0022206011,1.23428e-05,-0.0007657338,-0.000753391,-0.0016222126,0.0001550024,-0.0014672102
2023-09-01,0.00023984996913356955,0.0010408236595226064,0.001799159652680293,2.2093251415549537,2.089442548387994,1.7080280651322903,-0.02580872249500199,0.0010750004,-0.0008351504,0.00023985,0.001854732,-0.0008139083,0.0010408237,-0.0007797316,-2.12421e-05,-0.0008009737
2023-09-05,-0.0010751497465844304,-0.0015604969909934995,-0.00419419058100845,2.2069497861888885,2.086181979578381,1.7008642699094143,-0.02685612400013615,-1.66736e-05,-0.0010584762,-0.0010751497,-0.0005454452,-0.0010150518,-0.001560497,0.0005287716,-4.34244e-05,0.0004853472
2023-09-06,-0.005872951037456087,-0.007448286455740518,-0.00697157775588586,2.1939884781524768,2.070643498595677,1.6890065623995327,-0.032571350336283666,-0.0057866562,-8.62948e-05,-0.005872951,-0.0073392516,-0.0001090348,-0.0074482865,0.0015525954,2.274e-05,0.0015753354
2023-09-07,-0.0023610550088027584,-0.0023220997227017008,-0.003211300912779658,2.1888083506668794,2.065835257901774,1.6835826540840082,-0.0348555025952314,-0.002104835,-0.00025622,-0.002361055,-0.0019767349,-0.0003453649,-0.0023220997,-0.0001281001,8.91449e-05,-3.89553e-05
2023-09-08,0.001038921623735676,0.0017978218331113705,0.001426600825855662,2.1910823509926005,2.0695492616320412,1.6859844544887208,-0.03385279310684808,0.0011617659,-0.0001228443,0.0010389216,0.0018577458,-5.99239e-05,0.0017978218,-0.0006959799,-6.29203e-05,-0.0007589002
2023-09-11,0.010493727091252472,0.008715431301698665,0.006723514803174124,2.2140749712183765,2.0875862760472765,1.6973201959263973,-0.02371430798773566,0.0096336058,0.0008601213,0.0104937271,0.0079209866,0.0007944447,0.0087154313,0.0017126192,6.56766e-05,0.0017782958
2023-09-12,-0.00643754472871017,-0.006508039734096962,-0.005695872498027943,2.1998217645584406,2.074000181614405,1.6876524765020726,-0.029999190798064346,-0.0062975008,-0.0001400439,-0.0064375447,-0.0064240802,-8.39595e-05,-0.0065080397,0.0001265794,-5.60844e-05,7.0495e-05
2023-09-13,-0.0001831730567115998,0.001886283504232028,0.001241623523611013,2.199418816481606,2.0779123339447585,1.689747905516578,-0.03017686881129844,0.0001726054,-0.0003557785,-0.0001831731,0.002243129,-0.0003568455,0.0018862835,-0.0020705236,1.0671e-06,-0.0020694566
2023-09-14,0.011003499073910617,0.008008277867284369,0.008429883781315706,2.2236201193919025,2.0945528332988452,1.7039922839798045,-0.019505420885406632,0.0118413614,-0.0008378624,0.0110034991,0.0089071605,-0.0008988826,0.0080082779,0.002934201,6.10202e-05,0.0029952212
2023-09-15,-0.01164260535162121,-0.010311014771212754,-0.01215955250715872,2.1977313878898976,2.0729558680956153,1.6832725003309588,-0.03092093231944182,-0.0115603253,-8.228e-05,-0.0116426054,-0.0102608206,-5.01942e-05,-0.0103110148,-0.0012995047,-3.20858e-05,-0.0013315906
2023-09-18,-0.002194785321688216,-0.00018384998296340081,0.0007212964460983073,2.1929078392987433,2.072574755194582,1.6844866388032624,-0.033047852832742475,-0.0025331376,0.0003383522,-0.0021947853,-0.0005248728,0.0003410229,-0.00018385,-0.0020082647,-2.6706e-06,-0.0020109353
2023-09-19,-0.0022736385444615775,-0.002314306762286482,-0.002151102608492605,2.1879219595108617,2.0677781814232907,1.6808631352005619,-0.035246352505191814,-0.0020908792,-0.0001827593,-0.0022736385,-0.0021294784,-0.0001848284,-0.0023143068,3.85991e-05,2.0691e-06,4.06682e-05
2023-09-20,-0.00982233677729531,-0.008866197184458729,-0.009394795170962755,2.1664314531821063,2.0494448523330706,1.6650717703349303,-0.0447224877380098,-0.0094399774,-0.0003823594,-0.0098223368,-0.0084969835,-0.0003692137,-0.0088661972,-0.0009429938,-1.31458e-05,-0.0009561396
2023-09-21,-0.018399445322217614,-0.016849804910877758,-0.01640089046385895,2.12657031611495,2.0149121063956557,1.6377631106152033,-0.062299064092418366,-0.0183364391,-6.30063e-05,-0.0183994453,-0.0166414114,-0.0002083935,-0.0168498049,-0.0016950277,0.0001453873,-0.0015496404
2023-09-22,-0.0013661886662843011,-0.0016266938142301026,-0.00229561200923778,2.1236650198510167,2.0116344613359645,1.6340034419501883,-0.06358014048341953,-0.0009304963,-0.0004356924,-0.0013661887,-0.001249062,-0.0003776318,-0.0016266938,0.0003185657,-5.80606e-05,0.0002605051
2023-09-25,0.002544161157802356,0.0017698829962875166,0.00402309227186648,2.1290679659067053,2.015194818963829,1.6405771885697014,-0.06119773744944268,0.0033446027,-0.0008004415,0.0025441612,0.0025859523,-0.0008160693,0.001769883,0.0007586504,1.56278e-05,0.0007742782
2023-09-26,-0.01269447519201912,-0.014080348726603185,-0.01473449776826885,2.10204056543138,1.9868201731607744,1.6164041076460482,-0.07311533948160209,-0.0122478546,-0.0004466205,-0.0126944752,-0.0135629703,-0.0005173785,-0.0140803487,0.0013151156,7.07579e-05,0.0013858735
2023-09-27,0.0022444419621219284,-0.00037967548453313887,0.0002293186195019281,2.106758473482517,1.9860658262488495,1.6167747792045708,-0.07103500065548751,0.0031152591,-0.0008708171,0.002244442,0.0005127482,-0.0008924237,-0.0003796755,0.0026025109,2.16065e-05,0.0026241174
2023-09-28,0.009470459086432377,0.006939029820035501,0.005893073124170867,2.1267104434106274,1.999847196241744,1.6263025512037386,-0.06223727563646775,0.0086105165,0.0008599426,0.0094704591,0.0060242994,0.0009147304,0.0069390298,0.0025862171,-5.47879e-05,0.0025314293
2023-09-29,-0.0005281406134469382,-0.0016091160647426067,-0.002709491359862204,2.1255872412524206,1.9966292099912408,1.6218960984927302,-0.06273254621698077,-0.0005137258,2.09658e-05,-0.00049276,-0.0016378479,2.87318e-05,-0.0016091161,0.0011241221,-7.766e-06,0.0011163561
2023-10-02,-0.0016438518678731856,0.0009574376301020828,7.92901202177898e-05,2.1220930906955604,1.9985408579302473,1.6220246988293605,-0.06427327507157865,-0.0005053231,-0.0011385288,-0.0016438519,0.002150649,-0.0011932114,0.0009574376,-0.0026559721,5.46826e-05,-0.0026012895
2023-10-03,-0.016803393014056693,-0.014445341574244423,-0.01374408577578079,2.0864347264801886,1.9696712525873614,1.5997314522382147,-0.07999665898430708,-0.0168745158,7.11227e-05,-0.016803393,-0.0144131863,-3.21553e-05,-0.0144453416,-0.0024613295,0.000103278,-0.0023580514
2023-10-04,0.00891187860178338,0.007849064864454417,0.008109801510834735,2.105028779473125,1.9851313300105708,1.612704956786506,-0.07179770089594018,0.0085012527,0.0004106259,0.0089118786,0.0074270795,0.0004219854,0.0078490649,0.0010741731,-1.13594e-05,0.0010628137
2023-10-05,0.0006278762726540423,0.0013233609202291641,-0.00130401641747302,2.1063504770970103,1.9877583752342296,1.6106019630463162,-0.0712149046961097,-0.0001628279,0.0007907042,0.0006278763,0.0004792248,0.0008441362,0.0013233609,-0.0006420527,-5.34319e-05,-0.0006954846
2023-10-06,0.015156193247458118,0.012475160796260385,0.01181487909182088,2.1382747319747684,2.0125559805893896,1.6296310305047579,-0.057138058306325124,0.0149587251,0.0001974681,0.0151561932,0.0121520351,0.0003231257,0.0124751608,0.00280669,-0.0001256576,0.0026810325
2023-10-09,0.003419851347055008,0.003614938512702123,0.006303818034118613,2.145587313697286,2.019831246712591,1.639903927983813,-0.05391361062493716,0.0032576697,0.0001621817,0.0034198513,0.003523592,9.13465e-05,0.0036149385,-0.0002659223,7.08352e-05,-0.0001950872
2023-10-10,0.01119862032802091,0.007996193209823636,0.005207972949908379,2.1696149314040003,2.035982207612544,1.6484445032812012,-0.04331874835281757,0.010820532,0.0003780883,0.0111986203,0.0075509832,0.00044521,0.0079961932,0.0032695488,-6.71217e-05,0.0032024271
2023-10-11,0.00628202575139702,0.00483664233855031,0.004293017364807916,2.1832445082736953,2.045829525358418,1.6555213041587096,-0.037308852094091405,0.0061513946,0.0001306312,0.0062820258,0.0045915877,0.0002450546,0.0048366423,0.0015598069,-0.0001144235,0.0014453834
2023-10-12,-0.00479575389157518,-0.0040911891283207024,-0.006246358765807258,2.1727742049268817,2.037459649845874,1.6451803241484972,-0.04192568191304602,-0.0035142038,-0.00128155,-0.0047957539,-0.0027519953,-0.0013391938,-0.0040911891,-0.0007622085,5.76438e-05,-0.0007045648
2023-10-13,-0.010787885169419833,-0.007795010748281862,-0.005018840769632216,2.1493345663050527,2.021577629976135,1.636923426064264,-0.0522612776403385,-0.010781752,-6.1332e-06,-0.0107878852,-0.0077380928,-5.69179e-05,-0.0077950107,-0.0030436592,5.07847e-05,-0.0029928744
2023-10-16,0.010815386683078463,0.008867698812758434,0.0105943462930187,2.1725804507509485,2.0395043715253736,1.6542655596951434,-0.04201111688349202,0.0102492781,0.0005661085,0.0108153867,0.0082632564,0.0006044424,0.0088676988,0.0019860217,-3.83339e-05,0.0019476879
2023-10-17,0.0007902209205739468,-0.0002067194014435293,-9.831650139591197e-05,2.1742972692747617,2.0390827664024505,1.6541029180929345,-0.04125409402637614,0.0008132304,-2.30095e-05,0.0007902209,-0.0002138685,7.1491e-06,-0.0002067194,0.0010270989,-3.01586e-05,0.0009969403
2023-10-18,-0.015058718966069492,-0.01292251599250074,-0.01339979877435271,2.141555137748061,2.012732686743582,1.6319382718384197,-0.055691579184302564,-0.0146867819,-0.0003719371,-0.015058719,-0.0125499158,-0.0003726002,-0.012922516,-0.002136866,6.631e-07,-0.002136203
2023-10-19,-0.008379639457326398,-0.007332927292843383,-0.00848282575441528,2.123609677815747,1.9979734642917621,1.6180948238364528,-0.0636045432872554,-0.0089270176,0.0005473781,-0.0083796395,-0.0079056578,0.0005727305,-0.0073329273,-0.0010213598,-2.53524e-05,-0.0010467122
2023-10-20,-0.0145786623927893,-0.012868023998822755,-0.01258532024310433,2.0926502892688115,1.9722634938042447,1.5977305822947616,-0.07725593651681217,-0.0146891554,0.000110493,-0.0145786624,-0.0130104785,0.0001424545,-0.012868024,-0.0016786769,-3.19615e-05,-0.0017106384
2023-10-23,0.001327574658183147,0.0011012416104358926,-0.001685542214310054,2.0954284387612843,1.9744354324303657,1.5950375399512096,-0.07603092488214303,0.0005371912,0.0007903835,0.0013275747,0.0002616007,0.0008396409,0.0011012416,0.0002755905,-4.92574e-05,0.000226333
2023-10-24,0.00930663165195136,0.007028916784515785,0.00726575986948208,2.114929819393859,1.9883135747813183,1.6066266996993044,-0.06743188504222697,0.0101529628,-0.0008463312,0.0093066317,0.007893158,-0.0008642413,0.0070289168,0.0022598048,1.79101e-05,0.0022777149
2023-10-25,-0.016392157518869535,-0.013894271222573983,-0.01433959243634164,2.0802615566530007,1.9606874066977809,1.5835883276282716,-0.08271868847969,-0.0159206674,-0.0004714901,-0.0163921575,-0.0133845475,-0.0005097237,-0.0138942712,-0.0025361198,3.82335e-05,-0.0024978863
2023-10-26,-0.01631378380354017,-0.013979608194298304,-0.01183251050332379,2.046324619362948,1.933277764960651,1.5648505021086692,-0.09768301748286001,-0.0161867091,-0.0001270747,-0.0163137838,-0.0138214486,-0.0001581596,-0.0139796082,-0.0023652605,3.10849e-05,-0.0023341756
2023-10-27,-0.006625218692835885,-0.0028258036070251476,-0.004800313253070176,2.0327672712431344,1.9278147016790437,1.5573387295043235,-0.10366106482229576,-0.0067599049,0.0001346862,-0.0066252187,-0.0028845564,5.87528e-05,-0.0028258036,-0.0038753485,7.59335e-05,-0.0037994151
2023-10-30,0.011195029602931372,0.012108853784354494,0.01201009382202711,2.0555241610205712,1.9511583280250042,1.576042513758347,-0.09362652390872139,0.010602856,0.0006645635,0.0112674196,0.0114422299,0.0006666239,0.0121088538,-0.0008393738,-2.0604e-06,-0.0008414342
2023-10-31,0.00478805930144293,0.004406614636477741,0.006474961721408823,2.0653661325990864,1.9597563308713648,1.586247328706245,-0.08928675395594143,0.0059786886,-0.0011906293,0.0047880593,0.0054924376,-0.0010858229,0.0044066146,0.0004862511,-0.0001048064,0.0003814447
2023-11-01,0.011690012893821124,0.013662802166162488,0.01050598502551381,2.089510289319631,1.9865320939139446,1.6029124193883941,-0.07864050436711267,0.0115016177,0.0001883952,0.0116900129,0.0135436846,0.0001191175,0.0136628022,-0.0020420669,6.92776e-05,-0.0019727893
2023-11-02,0.02873245613180619,0.019486515337478076,0.0188585748467387,2.149547052044465,2.0252426820303913,1.6331410632221972,-0.052167583077217805,0.0280258762,0.0007065799,0.0287324561,0.0186883443,0.0007981711,0.0194865153,0.0093375319,-9.15911e-05,0.0092459408
2023-11-03,0.011496402533939167,0.007458693465887525,0.009393716215277292,2.1742591102204103,2.040348346389688,1.6484823269096227,-0.04127092007755706,0.0098910931,0.0016053094,0.0114964025,0.0056433938,0.0018152996,0.0074586935,0.0042476992,-0.0002099902,0.0040377091
2023-11-06,0.0011302582333501759,0.0037877836685813,0.001752960989734431,2.1767165844811736,2.0480767445343595,1.6513720521209618,-0.0401873086414225,0.0013847636,-0.0002545053,0.0011302582,0.0039074732,-0.0001196896,0.0037877837,-0.0025227097,-0.0001348158,-0.0026575254
2023-11-07,0.004714332924256815,0.0037346743277998414,0.002840141274124131,2.186978351142169,2.055725644173536,1.6560621820451256,-0.035662432069431205,0.0050516312,-0.0003372983,0.0047143329,0.0041271973,-0.000392523,0.0037346743,0.0009244339,5.52247e-05,0.0009796586
2023-11-08,0.002821472073261953,0.0020958546222527904,0.0010049378994057,2.193148849484745,2.0600341462669607,1.657726421695635,-0.03294158055231766,0.0029322468,-0.0001107747,0.0028214721,0.0021555009,-5.96462e-05,0.0020958546,0.0007767459,-5.11285e-05,0.0007256175
2023-11-09,-0.003708241029218435,-0.0057104057891895505,-0.008083910212239531,2.1850161249379028,2.04827051535219,1.6443255101461904,-0.0365276662609646,-0.0031364997,-0.0005717413,-0.003708241,-0.0050847708,-0.000625635,-0.0057104058,0.001948271,5.38937e-05,0.0020021648
2023-11-10,0.01701398997204866,0.013628386112409123,0.01561640999689451,2.222191967376361,2.0761851367980726,1.670003971480986,-0.020135157636382406,0.0169439385,7.00515e-05,0.01701399,0.0135530845,7.53016e-05,0.0136283861,0.003390854,-5.2502e-06,0.0033856039
2023-11-13,0.0007099354647199299,0.00036999228569487984,-0.0008357416584374722,2.223769580263417,2.076953309282362,1.6686082795922632,-0.019439516834156234,0.0005960721,0.0001138634,0.0007099355,0.0002369517,0.0001330405,0.0003699923,0.0003591204,-1.91772e-05,0.0003399432
2023-11-14,0.023584009947241538,0.01833131933824811,0.01907492831317792,2.2762149841647226,2.115026603645448,1.7004368629082607,0.0,0.0213081997,0.0022758103,0.0235840099,0.015832006,0.0024993134,0.0183313193,0.0054761937,-0.0002235031,0.0052526906
2023-11-15,0.0011401726437817797,0.001252322462993183,0.001597081655804411,2.2788102622210333,2.1176752989710215,1.703152599428865,0.0,0.0016336217,-0.000493449,0.0011401726,0.0015913899,-0.0003390675,0.0012523225,4.22317e-05,-0.0001543816,-0.0001121498
2023-11-16,0.0004073931426800675,0.001414476942011664,0.001190349287566894,2.279738633895331,2.1206707018520836,1.7051799459122128,0.0,0.0002113798,0.0001960134,0.0004073931,0.0012590835,0.0001553935,0.0014144769,-0.0010477037,4.06199e-05,-0.0010070838
2023-11-17,0.0038273110706372442,0.002933943504173942,0.001282096782780018,2.288463902806998,2.1268926298822746,1.7073661516349279,0.0,0.0029417631,0.0008855479,0.0038273111,0.002040198,0.0008937455,0.0029339435,0.0009015651,-8.1976e-06,0.0008933676
2023-11-20,0.009559993787798217,0.007961213268951758,0.007390308416887814,2.3103416035014335,2.143825275708929,1.7199841140760648,0.0,0.0089375418,0.000622452,0.0095599938,0.0073812519,0.0005799613,0.0079612133,0.0015562898,4.24907e-05,0.0015987805
2023-11-21,-0.006360716600222071,-0.0025304224447561937,-0.002020943928152108,2.295646175311858,2.1384004921136395,1.7165081226242047,-0.006360716600222194,-0.0062499988,-0.0001107178,-0.0063607166,-0.0024189458,-0.0001114766,-0.0025304224,-0.003831053,7.588e-07,-0.0038302942
2023-11-22,0.003706750948851236,0.00319268014664349,0.004061090434732906,2.304155563950422,2.1452277209103836,1.7234790173421353,-0.0026775432436640934,0.0042968762,-0.0005901253,0.0037067509,0.0037668295,-0.0005741493,0.0031926801,0.0005300467,-1.59759e-05,0.0005140708
2023-11-24,-0.00015485987937081784,0.0009972993956871678,0.0005969336920788049,2.303798742697737,2.147367155220059,1.7245078200351776,-0.002831988479011227,-0.0007154065,0.0005605466,-0.0001548599,0.0003766769,0.0006206225,0.0009972994,-0.0010920833,-6.00759e-05,-0.0011521593
2023-11-27,-0.0020805017964998676,-0.0014638403881844374,-0.001954230217531494,2.29900568527478,2.144223752449987,1.7211377347428956,-0.004906598318392907,-0.0024934498,0.000412948,-0.0020805018,-0.0018660967,0.0004022563,-0.0014638404,-0.0006273531,1.06917e-05,-0.0006166614
2023-11-28,0.004132183264612933,0.0015869266604528183,0.0009801271528184774,2.3085055980927223,2.147626478288726,1.7228246685704576,-0.0007946900172375315,0.0033343968,0.0007977865,0.0041321833,0.0007755651,0.0008113615,0.0015869267,0.0025588316,-1.3575e-05,0.0025452566
2023-11-29,0.002250920502613709,-1.5292308162836424e-05,-0.0009462358037187757,2.3137018606738677,2.1475936361228016,1.7211944701855262,0.0,0.0023202854,4.0115e-06,0.0023242969,-2.46395e-05,9.3472e-06,-1.52923e-05,0.0023449249,-5.3357e-06,0.0023395892
2023-11-30,0.0007523824155849877,0.001519323135726004,0.003784133011616175,2.315442649268745,2.150856524820301,1.7277076989995666,0.0,0.0016580816,-0.0009056992,0.0007523824,0.0025341133,-0.0010147902,0.0015193231,-0.0008760317,0.000109091,-0.0007669407
2023-12-01,0.007327713379714222,0.004041090044272734,0.005873724769035471,2.3324095493497525,2.1595483297094114,1.7378557785048336,0.0,0.0068581777,0.0004695357,0.0073277134,0.0035988024,0.0004422876,0.00404109,0.0032593753,2.72481e-05,0.0032866233
2023-12-04,-0.009779226045077059,-0.007116205831055607,-0.005408487734594569,2.309600389136965,2.1441805392930866,1.728456606842296,-0.009779226045077083,-0.0091798403,-0.0005993857,-0.009779226,-0.0064136063,-0.0007025996,-0.0071162058,-0.0027662341,0.0001032139,-0.0026630202
2023-12-05,-0.002553293807139592,0.0011121488973399958,-0.0005689551794614278,2.303703300766414,2.1465651873155593,1.7274731925033586,-0.012307550614917284,-0.0021612619,-0.0003920319,-0.0025532938,0.0016184908,-0.0005063419,0.0011121489,-0.0037797527,0.00011431,-0.0036654427
2023-12-06,-0.006371324001595558,-0.003877806761280614,-0.003906130259810237,2.289025660633686,2.1382412223186575,1.7207254571931103,-0.018600459223879207,-0.0060498215,-0.0003215025,-0.006371324,-0.0035013408,-0.000376466,-0.0038778068,-0.0025484807,5.49635e-05,-0.0024935172
2023-12-07,0.007428492743734775,0.008024767520437742,0.007968188792220499,2.306029671143926,2.155400111030381,1.7344365224956049,-0.011310139856519186,0.0065233313,0.0009051614,0.0074284927,0.0072278131,0.0007969544,0.0080247675,-0.0007044818,0.000108207,-0.0005962748
2023-12-08,0.006028841470890249,0.004537110218907129,0.004095438100658821,2.3199323584584217,2.1651793988999706,1.7415397999130076,-0.005349485425837575,0.0065295547,-0.0005007132,0.0060288415,0.005027938,-0.0004908278,0.0045371102,0.0015016167,-9.8854e-06,0.0014917313
2023-12-11,0.0012194565170605583,0.002689722083105743,0.003924532563629679,2.3227614150920832,2.1710031297430774,1.7483745295686233,-0.004136552373642521,0.0014606755,-0.000241219,0.0012194565,0.0029131958,-0.0002234737,0.0026897221,-0.0014525203,-1.77453e-05,-0.0014702656
2023-12-12,0.003203092000992186,0.00488817506256708,0.004599302532861449,2.330201433600978,2.181615373102643,1.7564158329708588,-0.0009467101304700964,0.0027542835,0.0004488085,0.003203092,0.0043898618,0.0004983132,0.0048881751,-0.0016355784,-4.95047e-05,-0.0016850831
2023-12-13,0.01290554762289095,0.011447890922348124,0.01365075263259907,2.3602739591732442,2.2065902679284397,1.7803922310267244,0.0,0.0116109557,0.001294592,0.0129055476,0.01013842,0.0013094709,0.0114478909,0.0014725357,-1.4879e-05,0.0014576567
2023-12-14,0.005963338024465867,0.0018447026210742633,0.002647070695482867,2.374349070622139,2.210660770779324,1.7851050551279406,0.0,0.0045126082,0.0014507298,0.005963338,9.90412e-05,0.0017456614,0.0018447026,0.004413567,-0.0002949316,0.0041186354
2023-12-15,0.0006242872091947244,0.0008084204279590535,-7.627845875146644e-05,2.3758313463770917,2.21244791410571,1.784968890065626,0.0,0.0015529956,-0.0009287084,0.0006242872,0.0019083488,-0.0010999284,0.0008084204,-0.0003553533,0.00017122,-0.0001841332
2023-12-18,0.0025194650034065513,0.0047962369104096935,0.00452831947855481,2.381817170308285,2.2230593384537025,1.7930517994591244,0.0,0.0024355015,8.39635e-05,0.002519465,0.0046437745,0.0001524624,0.0047962369,-0.002208273,-6.84989e-05,-0.0022767719
2023-12-19,0.009264112796472376,0.005436677494260194,0.005866395531329616,2.4038825932345955,2.235145395127479,1.803570550522914,0.0,0.0088851204,0.0003789924,0.0092641128,0.0049063671,0.0005303104,0.0054366775,0.0039787533,-0.000151318,0.0038274353
2023-12-20,-0.014653171865228028,-0.011686422819800098,-0.014684263175886,2.368658088452099,2.20902454097629,1.777086445902758,-0.014653171865228076,-0.0143015739,-0.000351598,-0.0146531719,-0.0112607071,-0.0004257157,-0.0116864228,-0.0030408668,7.41177e-05,-0.002966749
2023-12-21,0.011857285979058906,0.00944952570155043,0.01030148882054327,2.3967439447934864,2.2298987751516006,1.7953930820583641,-0.002969632735475458,0.0108500567,0.0010072292,0.011857286,0.0083689332,0.0010805925,0.0094495257,0.0024811236,-7.33633e-05,0.0024077603
2023-12-22,-0.00022066959496436851,0.0008447340930329359,0.001660083214831243,2.3962150562779554,2.2317824466709832,1.7983735839779134,-0.003189647022787012,-0.0002137347,-6.9349e-06,-0.0002206696,0.0008168516,2.78825e-05,0.0008447341,-0.0010305863,-3.48174e-05,-0.0010654037
2023-12-26,0.004804713755598317,0.003842150411132836,0.004231664714183792,2.407728183720226,2.240357290516019,1.805983698016153,0.0,0.0044987387,0.0003059751,0.0048047138,0.0034399268,0.0004022236,0.0038421504,0.0010588119,-9.62485e-05,0.0009625633
2023-12-27,0.00378156274068279,0.0031388397268371712,0.001430441384365766,2.416833158909474,2.2473894129818004,1.8085670518372852,0.0,0.0028697665,0.0009117962,0.0037815627,0.0020529962,0.0010858436,0.0031388397,0.0008167704,-0.0001740474,0.000642723
2023-12-28,0.000378515529653447,-0.0004104928344637851,0.0003701705294067992,2.4177479677927027,2.2464668757315214,1.8092365300603315,0.0,0.0006932204,-0.0003147049,0.0003785155,-1.10986e-05,-0.0003993943,-0.0004104928,0.000704319,8.46894e-05,0.0007890084
2023-12-29,-0.004943911738202888,-0.0020865354714648073,-0.002826470987906005,2.4057948352347163,2.241779542909837,1.8041227754978562,-0.004943911738202855,-0.0049181215,7.2961e-06,-0.0049108253,-0.0020816753,-4.8602e-06,-0.0020865355,-0.0028364462,1.21563e-05,-0.0028242899
2024-01-02,-0.012058432111599602,-0.00927042333237562,-0.00566057909820683,2.3767847215396016,2.220997297529203,1.7939103958242741,-0.016942728025741594,-0.0107625748,-0.0012958573,-0.0120584321,-0.007711891,-0.0015585323,-0.0092704233,-0.0030506838,0.000262675,-0.0027880088
2024-01-03,-0.009038197528303392,-0.0069725836151026364,-0.008016310936719062,2.3553028717440734,2.2055112081632635,1.779529852298734,-0.025827793831479817,-0.0086812506,-0.0003569469,-0.0090381975,-0.0066611726,-0.000311411,-0.0069725836,-0.002020078,-4.55359e-05,-0.0020656139
2024-01-04,-0.0015575022726144411,-0.002573954415962967,-0.003428406248073834,2.351634482168637,2.199834322849556,1.773428901034479,-0.02734506925650515,-0.0013949011,-0.0001626012,-0.0015575023,-0.0024682965,-0.0001056579,-0.0025739544,0.0010733954,-5.69432e-05,0.0010164521
2024-01-05,-0.0001706510413088142,0.0010632532744559195,0.001825673750394552,2.3512331732954768,2.2021733038965863,1.7766666036272887,-0.027511053833270793,-0.000194992,2.43409e-05,-0.000170651,0.0010467017,1.65516e-05,0.0010632533,-0.0012416937,7.7894e-06,-0.0012339043
2024-01-08,0.016407149585299277,0.014511183304210118,0.01411467159438318,2.3898102076796537,2.234129444377068,1.801743669270196,-0.011555282223463137,0.0161806713,0.0002264783,0.0164071496,0.0142633753,0.0002478081,0.0145111833,0.001917296,-2.13297e-05,0.0018959663
2024-01-09,-0.001561561247547959,-0.0007680157336863462,-0.001477892491718369,2.3860783726703465,2.232413597812694,1.7990808858293805,-0.013098799190086496,-0.0012248438,-0.0003367174,-0.0015615612,-0.0003653311,-0.0004026846,-0.0007680157,-0.0008595127,6.59672e-05,-0.0007935455
2024-01-10,0.008795446339107595,0.0068287281123365785,0.005665930831493693,2.4070649969580735,2.24765814330644,1.8092743536887521,-0.004418562636362089,0.008734797,6.06493e-05,0.0087954463,0.0066575955,0.0001711326,0.0068287281,0.0020772015,-0.0001104833,0.0019667182
2024-01-11,0.0001091913275493465,0.00014688007109299396,-0.000671063771963798,2.407327827580589,2.247988279494322,1.8080602152164484,-0.0043098537775329016,-1.79867e-05,0.000127178,0.0001091913,1.40329e-05,0.0001328472,0.0001468801,-3.20196e-05,-5.6692e-06,-3.76887e-05
2024-01-12,0.0017977245874611408,0.0022820707446023795,0.0007510083175741311,2.41165554000631,2.2531183477811645,1.8094180834767508,-0.002519877120175984,0.001865899,-6.81744e-05,0.0017977246,0.0024018696,-0.0001197988,0.0022820707,-0.0005359706,5.16244e-05,-0.0004843462
2024-01-16,-0.005591381473890675,-0.004347761387473505,-0.003731319883858775,2.398171053898513,2.2433223268272733,1.8026665658036605,-0.008097168999820381,-0.0041057875,-0.0014855939,-0.0055913815,-0.002677542,-0.0016702194,-0.0043477614,-0.0014282455,0.0001846254,-0.0012436201
2024-01-17,-0.005735945996069607,-0.005342354313746946,-0.005616893062916684,2.3844152742440134,2.231337704117423,1.792541180475446,-0.013786670071786133,-0.0055188821,-0.0002170639,-0.005735946,-0.0051209278,-0.0002214266,-0.0053423543,-0.0003979543,4.3626e-06,-0.0003935917
2024-01-18,0.011856689437385786,0.011664569269143025,0.00880526501252299,2.412686545640484,2.2573652973299514,1.8083249806153932,-0.0020934448998171096,0.0119213304,-6.46409e-05,0.0118566894,0.0117375226,-7.29533e-05,0.0116645693,0.0001838078,8.3124e-06,0.0001921202
2024-01-19,0.012073394690397449,0.012852173412352091,0.01231347810263261,2.441815862570213,2.286377347586262,1.8305917506666443,0.0,0.0119293027,0.000144092,0.0120733947,0.0126876194,0.000164554,0.0128521734,-0.0007583167,-2.0462e-05,-0.0007787787
2024-01-22,0.005270535839331297,0.002117194318729556,0.002194301015948863,2.454685540586937,2.2912180527170434,1.8346086200049196,0.0,0.0053750279,-0.0001044921,0.0052705358,0.0022431319,-0.0001259376,0.0021171943,0.003131896,2.14455e-05,0.0031533415
2024-01-23,0.0010147210100200509,0.0021932541612947457,0.002921390474659002,2.4571763615779627,2.296243276245599,1.8399682281521292,0.0,0.0012976516,-0.0002829305,0.001014721,0.002494872,-0.0003016178,0.0021932542,-0.0011972204,1.86873e-05,-0.0011785332
2024-01-24,0.0025009042002270485,0.005118684623615538,0.0008119886527155895,2.4633215242613318,2.307997021395798,1.841462261474746,0.0,0.0018957487,0.0006051555,0.0025009042,0.0044517794,0.0006669052,0.0051186846,-0.0025560308,-6.17497e-05,-0.0026177804
2024-01-25,0.0058282169254144905,0.0030950534271171853,0.005260293105750158,2.4776782964617694,2.315140395486645,1.8511488927132806,0.0,0.0062387572,-0.0004105403,0.0058282169,0.0035829111,-0.0004878577,0.0030950534,0.0026558461,7.73174e-05,0.0027331635
2024-01-26,-0.00034751776360990424,0.0009346819012027294,-0.0006517972440622799,2.4768172592412383,2.31730431531305,1.8499423189666613,-0.0003475177636098614,-0.0003399888,-7.529e-06,-0.0003475178,0.0008905851,4.40968e-05,0.0009346819,-0.0012305739,-5.16258e-05,-0.0012821997
2024-01-29,0.009981247696450757,0.008300793462475312,0.007556783214781593,2.501538985804569,2.3365397798241663,1.8639219320309426,0.0,0.0098956892,8.55585e-05,0.0099812477,0.0082404355,6.0358e-05,0.0083007935,0.0016552537,2.52006e-05,0.0016804542
2024-01-30,-0.004468046535908116,-0.000378213449846153,-0.000600657882721567,2.4903619932046057,2.335656069053336,1.8628023526296906,-0.0044680465359081545,-0.0045213297,5.32831e-05,-0.0044680465,-0.0004673006,8.90872e-05,-0.0003782134,-0.004054029,-3.58041e-05,-0.0040898331
2024-01-31,-0.016129178986051908,-0.015318451049779901,-0.01610568186202166,2.4501944988761477,2.299877435890421,1.8328006505664114,-0.02052515959966439,-0.0160146084,-5.03648e-05,-0.0160649732,-0.0151829556,-0.0001354954,-0.015318451,-0.0008316528,8.51306e-05,-0.0007465221
2024-02-01,0.012953118024613845,0.01123685175224804,0.01249367989846561,2.48193215740335,2.325720817685862,1.8556990752122877,-0.007837906389819072,0.012281743,0.0006713751,0.012953118,0.0104694721,0.0007673797,0.0112368518,0.0018122709,-9.60046e-05,0.0017162663
2024-02-02,0.01337354539179137,0.011460200049595724,0.01068446187367389,2.5151243897697304,2.352374043516052,1.8755262212304054,0.0,0.0147549016,-0.0013813562,0.0133735454,0.012911089,-0.0014508889,0.0114602,0.0018438126,6.95327e-05,0.0019133453
2024-02-05,-0.003044058467964327,-0.0011704451995372205,-0.00318637682737688,2.5074682040730685,2.3496207186093025,1.8695500879399392,-0.0030440584679641836,-0.0024108874,-0.000633171,-0.0030440585,-0.0004050394,-0.0007654058,-0.0011704452,-0.0020058481,0.0001322348,-0.0018736133
2024-02-06,0.011940784195086858,0.0023392838858852447,0.002310426660138587,2.537409340773947,2.3551171484942874,1.8738695463055801,0.0,0.0115657306,0.0003750536,0.0119407842,0.0019481846,0.0003910993,0.0023392839,0.009617546,-1.60457e-05,0.0096015003
2024-02-07,0.01265912868781528,0.00919009430745014,0.008241442161546875,2.569530732152469,2.376760897194043,1.8893129337897416,0.0,0.0126509007,8.228e-06,0.0126591287,0.0091750286,1.50657e-05,0.0091900943,0.0034758721,-6.8377e-06,0.0034690344
2024-02-08,0.004729054456026374,0.0027048932226099542,0.0005705637169521882,2.5816821829112513,2.3831897816366276,1.8903909071997305,0.0,0.0049521925,-0.0002231381,0.0047290545,0.0028648457,-0.0001599525,0.0027048932,0.0020873468,-6.31856e-05,0.0020241612
2024-02-09,0.005748537173727416,0.006408564924505441,0.005742400323335062,2.596523078910466,2.398462608079664,1.9012462885564638,0.0,0.0057078876,4.06496e-05,0.0057485372,0.0063652781,4.32869e-05,0.0064085649,-0.0006573905,-2.6373e-06,-0.0006600278
2024-02-12,0.0008847469580000204,-0.0017131319430611393,-0.0009489496897510108,2.598820344805909,2.394353725171525,1.8994421014807978,0.0,0.0009962627,-0.0001115158,0.000884747,-0.001582614,-0.000130518,-0.0017131319,0.0025788767,1.90022e-05,0.0025978789
2024-02-13,-0.016070397908148477,-0.012814732355613347,-0.01367427078521022,2.5570562677730866,2.3636707230187857,1.8734686158443206,-0.01607039790814846,-0.0150306847,-0.0010397132,-0.0160703979,-0.0116644385,-0.0011502938,-0.0128147324,-0.0033662462,0.0001105806,-0.0032556656
2024-02-14,0.017016317888710407,0.00961525648379091,0.00957972369210025,2.600567950084833,2.3863980232638387,1.8914159275299307,0.0,0.0168761433,0.0001401746,0.0170163179,0.0094923954,0.0001228611,0.0096152565,0.0073837479,1.73136e-05,0.0074010614
2024-02-15,0.013409746227706212,0.005086786886544833,0.005821278161507903,2.635440906343377,2.3985371214346536,1.902426385763189,0.0,0.0127759086,0.0006338376,0.0134097462,0.004362383,0.0007244039,0.0050867869,0.0084135257,-9.05663e-05,0.0083229593
2024-02-16,-0.01117159469715347,-0.003607541870522845,-0.004803438753173572,2.60599882868941,2.389884298341075,1.8932881971367541,-0.011171594697153342,-0.0111237673,-4.78274e-05,-0.0111715947,-0.0035684125,-3.91293e-05,-0.0036075419,-0.0075553547,-8.6981e-06,-0.0075640528
2024-02-20,-0.011600593613451438,-0.005856379387799178,-0.006005310084565729,2.575767695320654,2.3758882291970456,1.8819184144334995,-0.02264259118050893,-0.0118580628,0.0002574692,-0.0116005936,-0.0061355135,0.0002791341,-0.0058563794,-0.0057225494,-2.16649e-05,-0.0057442142
2024-02-21,-0.005624661372520582,-0.0005047191229276051,0.001264192012477183,2.5612798742601974,2.374689072973831,1.88429752066116,-0.028139895645042712,-0.005710734,8.60726e-05,-0.0056246614,-0.0006509244,0.0001462052,-0.0005047191,-0.0050598096,-6.01326e-05,-0.0051199422
2024-02-22,0.02572440767708692,0.023268312893495013,0.02112288730980771,2.6271672819207845,2.4299440813485496,1.9240993248482359,-0.0031393701155195686,0.0257138177,1.059e-05,0.0257244077,0.0232145708,5.37421e-05,0.0232683129,0.0024992469,-4.31521e-05,0.0024560948
2024-02-23,-0.0009684546992135867,0.0003938631954692386,0.0003479436920954537,2.6246229894209883,2.4309011468892407,1.924768803071282,-0.0041047844769922515,-0.0009520044,-1.64503e-05,-0.0009684547,0.000423088,-2.92248e-05,0.0003938632,-0.0013750923,1.27744e-05,-0.0013623179
2024-02-26,0.0013929417123399004,-0.001911307108080757,-0.003786747366766319,2.6282789362621193,2.42625494824815,1.9174801898746179,-0.0027175604901703565,0.0011909459,0.0002019958,0.0013929417,-0.0021712247,0.0002599176,-0.0019113071,0.0033621706,-5.79218e-05,0.0033042488
2024-02-27,0.004863115495833155,0.0007045778674885459,0.001706272573591683,2.6410605602844277,2.4279644337855704,1.9207519337330063,0.0,0.0048386878,2.44277e-05,0.0048631155,0.0006882313,1.63465e-05,0.0007045779,0.0041504565,8.0811e-06,0.0041585376
2024-02-28,-0.004955382540637347,-0.0022768029415574376,-0.001658074349471628,2.6279730948952285,2.4224364372207305,1.9175671842199855,-0.004955382540637321,-0.0048289275,-0.0001264551,-0.0049553825,-0.002132117,-0.0001446859,-0.0022768029,-0.0026968105,1.82309e-05,-0.0026785796
2024-02-29,0.006712182409117283,0.004475145191173491,0.005229044372909275,2.6456125296744175,2.4332771919936826,1.9275942281143066,0.0,0.0069254223,-0.0002132399,0.0067121824,0.0048145556,-0.0003394104,0.0044751452,0.0021108667,0.0001261705,0.0022370372
2024-03-01,0.011770423091280974,0.010264070755310606,0.008007817482197588,2.6767525084842796,2.458252521259589,1.9430300508727836,0.0,0.0116499534,0.0002520513,0.0119020048,0.0099437436,0.0003203271,0.0102640708,0.0017062098,-6.82758e-05,0.001637934
2024-03-04,-0.0027537834076689356,-0.0010025374607108134,-0.001193284901150116,2.669381311839979,2.45578803101914,1.9407114624505961,-0.002753783407668964,-0.0027937269,3.99435e-05,-0.0027537834,-0.0011005987,9.80612e-05,-0.0010025375,-0.0016931282,-5.81177e-05,-0.0017512459
2024-03-05,-0.010805959813283434,-0.011191803583563281,-0.0101930441731064,2.6405360846579065,2.428303333733108,1.9209297047865832,-0.01352998594811472,-0.0109610005,0.0001550407,-0.0108059598,-0.0113324109,0.0001406073,-0.0111918036,0.0003714103,1.44334e-05,0.0003858438
2024-03-06,0.011392455690084312,0.00621558494890031,0.005141130024711504,2.670618275000441,2.443396659385624,1.9308054541672217,-0.002291670023431558,0.0109034879,0.0004889678,0.0113924557,0.0056534417,0.0005621432,0.0062155849,0.0052500461,-7.31754e-05,0.0051768707
2024-03-07,0.014904953726820058,0.012658061070242976,0.01030410832242845,2.7104237168113223,2.4743253235189546,1.9507006827164963,0.0,0.0140741686,0.0008307852,0.0149049537,0.0117022664,0.0009557947,0.0126580611,0.0023719022,-0.0001250096,0.0022468927
2024-03-08,-0.007853229590692398,-0.007501808429716556,-0.00652853397862474,2.6891381370751453,2.4557634089491187,1.9379654670272553,-0.007853229590692345,-0.0081407756,0.000287546,-0.0078532296,-0.0077965857,0.0002947772,-0.0075018084,-0.00034419,-7.2312e-06,-0.0003514212
2024-03-11,-0.007208372947551117,-0.004416132617349513,-0.001122238074512727,2.6697538264756244,2.444918432058365,1.9357906083930665,-0.015004993530511213,-0.0071195889,-8.87841e-05,-0.0072083729,-0.0043116676,-0.000104465,-0.0044161326,-0.0028079213,1.56809e-05,-0.0027922403
2024-03-12,0.013029871405626236,0.013134130993215339,0.01120177258818988,2.7045403755192807,2.4770303110127463,1.9574748945666394,-0.002170635261029563,0.013222533,-0.0001926616,0.0130298714,0.0133025119,-0.0001683809,0.013134131,-7.99789e-05,-2.42807e-05,-0.0001042596
2024-03-13,-0.0007873570313237086,-0.0017316254150941915,-0.001924537270519222,2.702410936638117,2.472741022372238,1.95370766117594,-0.002956283227418033,-0.0008652733,7.79162e-05,-0.000787357,-0.0018270876,9.54622e-05,-0.0017316254,0.0009618143,-1.75459e-05,0.0009442684
2024-03-14,-0.005087177113247396,-0.0017176499618228281,-0.002871076469757039,2.688663293570662,2.4684937188495626,1.9480984170811537,-0.008028421204290703,-0.0043763202,-0.0007108569,-0.0050871771,-0.0008315563,-0.0008860937,-0.00171765,-0.0035447639,0.0001752368,-0.0033695272
2024-03-15,-0.00904410428947502,-0.00843522206895211,-0.006482890915021411,2.6643467423443257,2.447671426155253,1.9354691075514907,-0.01699991561511416,-0.0088589027,-0.0001852015,-0.0090441043,-0.0082366156,-0.0001986065,-0.0084352221,-0.0006222871,1.34049e-05,-0.0006088822
2024-03-18,0.012672634169564661,0.006762402620706892,0.006318044044564486,2.6981110339109264,2.464223565822115,1.9476974866198948,-0.004542715157053401,0.0129052877,-0.0002326535,0.0126726342,0.0070736455,-0.0003112429,0.0067624026,0.0058316422,7.85894e-05,0.0059102315
2024-03-19,0.0027735930467222302,0.003881064682879188,0.005649179907640134,2.7055944959138665,2.4737873768741463,1.9587003801274692,-0.0017817217535039953,0.0032487475,-0.0004751544,0.002773593,0.0043239333,-0.0004428686,0.0038810647,-0.0010751858,-3.22859e-05,-0.0011074716
2024-03-20,0.011532741713448189,0.009298490845869006,0.008904105621114988,2.7367974184165678,2.496789866152637,1.9761408551922421,0.0,0.0111626834,0.0003700583,0.0115327417,0.0087628816,0.0005356092,0.0092984908,0.0023998018,-0.0001655509,0.0022342509
2024-03-21,0.004527878444815848,0.0032510248567672907,0.003236599025383535,2.749189304455244,2.5049069920696234,1.9825368307581779,0.0,0.0053047518,-0.0007768734,0.0045278784,0.0042114882,-0.0009604633,0.0032510249,0.0010932637,0.0001835899,0.0012768536
2024-03-22,0.0006140788209125379,-0.0008672471728950082,-0.001402262316537284,2.7508775233817895,2.502734618562386,1.9797567940692584,0.0,0.0010196097,-0.0004055309,0.0006140788,-0.000260846,-0.0006064011,-0.0008672472,0.0012804558,0.0002008702,0.001481326
2024-03-25,-0.0006808250772791953,-0.0026048831055794164,-0.003054919777310094,2.7490046569793476,2.496215287436744,1.9737087958847923,-0.0006808250772791791,-0.0008632137,0.0001823886,-0.0006808251,-0.0028307946,0.0002259115,-0.0026048831,0.001967581,-4.35229e-05,0.001924058
2024-03-26,-0.0008821043241349103,-0.0021896076856669786,-0.002799821394008251,2.746579748084359,2.4907495552582932,1.9681827637725318,-0.0015623288426694915,-0.0007268935,-0.0001552108,-0.0008821043,-0.0019983296,-0.0001912781,-0.0021896077,0.0012714361,3.60673e-05,0.0013075034
2024-03-27,0.002342477666330802,0.0048385508638319205,0.008630596627706266,2.7530135498030432,2.5028011736704774,1.9851693552962566,0.0,0.0023165679,2.59098e-05,0.0023424777,0.0048580329,-1.9482e-05,0.0048385509,-0.002541465,4.53918e-05,-0.0024960732
2024-03-28,-0.0018017561583072617,-0.0003918813766824805,0.001116511606195525,2.748053290685782,2.501820372500977,1.9873858199217085,-0.001801756158307244,-0.0015652192,-0.000236537,-0.0018017562,-0.0001008828,-0.0002909986,-0.0003918814,-0.0014643364,5.44616e-05,-0.0014098748
2024-04-01,0.0013896090766755162,-0.0009191408496571571,-0.00201356970890787,2.7518720104817076,2.4995208471981067,1.983384080034801,-0.0004146508183431319,0.0018928235,-0.0005032144,0.0013896091,-0.0002712717,-0.0006478692,-0.0009191408,0.0021640952,0.0001446547,0.0023087499
2024-04-02,-0.005057671612845415,-0.006127747809941232,-0.00723906654944817,2.7379539455321105,2.484204413800786,1.969026230686313,-0.005470225263515371,-0.0051171432,0.0001488686,-0.0049682746,-0.0062961157,0.0001683679,-0.0061277478,0.0011789725,-1.94993e-05,0.0011594732
2024-04-03,0.003174110467223705,0.0027126052936026655,0.001091088610609914,2.7466445138094002,2.4909430798440533,1.9711746127806071,-0.002313477895558691,0.0025731195,0.000600991,0.0031741105,0.0019103114,0.0008022939,0.0027126053,0.0006628081,-0.0002013029,0.0004615052
2024-04-04,-0.009643413387689669,-0.010334527155352123,-0.01233428443688844,2.720157485333706,2.4652003609429687,1.9468615844317976,-0.011934581459538296,-0.0097715581,0.0001281447,-0.0096434134,-0.0104449372,0.0001104101,-0.0103345272,0.0006733792,1.77346e-05,0.0006911138
2024-04-05,0.009367254013071216,0.008572578657129272,0.01109921685728765,2.7456378914543835,2.486333484942736,1.9684702233485287,-0.0026791217025384784,0.0095109215,-0.0001436675,0.009367254,0.0086836276,-0.0001110489,0.0085725787,0.0008272939,-3.26185e-05,0.0007946754
2024-04-08,0.0012162264512980124,0.0006158821647195797,-0.0003746872802314893,2.7489772088836566,2.487864773391657,1.9677326625943257,-0.0014661536699211997,0.0011762333,3.99932e-05,0.0012162265,0.0005362008,7.96813e-05,0.0006158822,0.0006400324,-3.96881e-05,0.0006003443
2024-04-09,-0.0005872221843615916,0.0003382342503761488,0.001445489476951778,2.7473629484822957,2.4887062544683225,1.97057699945156,-0.0020525148963221884,-0.0006314162,4.4194e-05,-0.0005872222,0.000270081,6.81533e-05,0.0003382343,-0.0009014972,-2.39592e-05,-0.0009254564
2024-04-10,-0.007104490130633497,-0.007161852718356877,-0.009456977183866844,2.727844335529535,2.470882506814567,1.9519412977286938,-0.00914242295513179,-0.0057440861,-0.0013604041,-0.0071044901,-0.0055032632,-0.0016585895,-0.0071618527,-0.0002408229,0.0002981855,5.73626e-05
2024-04-11,0.011394552823734139,0.008500493968401733,0.007444813046443954,2.75892690190565,2.4918862286603733,1.9664731357679173,0.0,0.0115662127,-0.0001716599,0.0113945528,0.008636314,-0.00013582,0.008500494,0.0029298987,-3.58399e-05,0.0028940589
2024-04-12,-0.01586534861418255,-0.013379657981222277,-0.01455070724323249,2.7151555648058703,2.4585456431927795,1.937859560867677,-0.01586534861418254,-0.015048072,-0.0008172766,-0.0158653486,-0.0123614424,-0.0010182156,-0.013379658,-0.0026866297,0.000200939,-0.0024856906
2024-04-15,-0.01662386765739388,-0.01158480781822831,-0.0120212905076893,2.670019178027301,2.4300638644040484,1.9145639881233834,-0.032225472815875844,-0.0161956622,-0.0004282055,-0.0166238677,-0.0112157711,-0.0003690367,-0.0115848078,-0.0049798911,-5.91688e-05,-0.0050390598
2024-04-16,-0.004112176396301051,-0.0036963362387532578,-0.002056572537150636,2.659039588185746,2.421081531279567,1.9106265484047913,-0.03620513238350387,-0.0038135586,-0.0002986178,-0.0041121764,-0.0034311372,-0.000265199,-0.0036963362,-0.0003824214,-3.34188e-05,-0.0004158402
2024-04-17,-0.007750232762775825,-0.005334246855974096,-0.005780564238499708,2.6384314124518706,2.408166884733282,1.8995820489059545,-0.04367476694310046,-0.0083245321,0.0005742993,-0.0077502328,-0.0060000651,0.0006658183,-0.0053342469,-0.002324467,-9.15189e-05,-0.0024159859
2024-04-18,-0.003545138412444743,-0.003604200939590927,-0.002208191214624677,2.629077807902987,2.399487367384635,1.8953874085141016,-0.047065072261600505,-0.003404891,-0.0001402474,-0.0035451384,-0.0033374684,-0.0002667325,-0.0036042009,-6.74226e-05,0.0001264852,5.90625e-05
2024-04-19,-0.018617450496708838,-0.012138326845623194,-0.00875852104918673,2.580131081962357,2.370361605457376,1.8787866180002673,-0.06480629110535507,-0.0185472031,-7.02474e-05,-0.0186174505,-0.0121161511,-2.21757e-05,-0.0121383268,-0.006431052,-4.80716e-05,-0.0064791237
2024-04-22,0.00799719777403771,0.00860807924674468,0.008731224445012842,2.6007649005077518,2.3907658660005944,1.895190725646314,-0.05732736205828881,0.0080790146,-8.18168e-05,0.0079971978,0.0087173085,-0.0001092292,0.0086080792,-0.0006382938,2.74124e-05,-0.0006108815
2024-04-23,0.017789298691140647,0.013932705002660303,0.01196463497385536,2.6470306841483184,2.4240757015420105,1.9178659908845084,-0.04055787693397839,0.0173306418,0.0004586569,0.0177892987,0.0133405663,0.0005921387,0.013932705,0.0039900755,-0.0001334818,0.0038565937
2024-04-24,-0.0010510367933893603,0.0008534265542308923,0.0002129946455513565,2.644248557506048,2.426144472115172,1.9182744860714518,-0.041566285906448286,-0.0009922641,-5.87727e-05,-0.0010510368,0.0009484053,-9.49788e-05,0.0008534266,-0.0019406694,3.62061e-05,-0.0019044633
2024-04-25,-0.005030846533775188,-0.005155909536297649,-0.004576437949929346,2.630945748816079,2.4136354906949578,1.9094956219150132,-0.046388018834849,-0.0052292097,0.0001983632,-0.0050308465,-0.0054933805,0.000337471,-0.0051559095,0.0002641708,-0.0001391078,0.000125063
2024-04-26,0.020350362806695433,0.012278650716884276,0.01020913473918572,2.6844864493292193,2.4432716778430765,1.9289899200030287,-0.026981669041326484,0.0212164332,-0.0008660704,0.0203503628,0.0131392569,-0.0008606062,0.0122786507,0.0080771763,-5.4642e-06,0.0080717121
2024-04-29,0.0021141976738971507,0.0017205528401866275,0.003178456301617949,2.6901619843359996,2.447475455867737,1.9351211301700197,-0.02492451594935441,0.0013952056,0.0007189921,0.0021141977,0.0009478078,0.0007727451,0.0017205528,0.0004473978,-5.3753e-05,0.0003936448
2024-04-30,-0.015073831060811796,-0.013753034862503408,-0.01573051716420693,2.6496109370579006,2.413815240598067,1.9046806740170608,-0.0396226390674731,-0.0141183003,-0.0009555308,-0.0150738311,-0.0126585027,-0.0010945322,-0.0137530349,-0.0014597976,0.0001390014,-0.0013207962
2024-05-01,-0.0009839248537360362,-0.0016712117622356849,-0.003435477561168243,2.6470039190041987,2.4097812441761155,1.8981371863002843,-0.04056757822185997,-0.0019317494,0.0010912874,-0.000840462,-0.0027807488,0.0011095371,-0.0016712118,0.0008489994,-1.82497e-05,0.0008307498
2024-05-02,0.011949591160798311,0.00823846022765834,0.009128425650457572,2.6786345336373296,2.429634131113618,1.915464190479795,-0.029102753035196605,0.0114780588,0.0004715324,0.0119495912,0.0077856313,0.0004528289,0.0082384602,0.0036924275,1.87035e-05,0.0037111309
2024-05-03,0.015877092760925894,0.013225953626183303,0.01255677105959485,2.7211634626005092,2.461768359460319,1.939516235792502,-0.013687727383808745,0.0152436239,0.0006334689,0.0158770928,0.0125781885,0.0006477651,0.0132259536,0.0026654354,-1.42963e-05,0.0026511391
2024-05-06,0.013573977743263028,0.010376545181897867,0.0103260858966534,2.7581004748776294,2.4873130100696255,1.9595438470412492,-0.00029954654740926845,0.013709567,-0.0001355892,0.0135739777,0.0104585194,-8.19742e-05,0.0103765452,0.0032510476,-5.3615e-05,0.0031974326
2024-05-07,-0.0019485615134403667,0.0022028739891606394,0.00134343742399734,2.752726146442081,2.492792247202409,1.9621763715793281,-0.0022475243759759733,-0.0016018653,-0.0003466962,-0.0019485615,0.0025807124,-0.0003778384,0.002202874,-0.0041825777,3.11422e-05,-0.0041514355
2024-05-08,-0.0009920058732607647,0.00033844670803609867,-5.782909574536532e-06,2.7499954259373323,2.4936359245322923,1.962165024490802,-0.0032373006918554603,-0.0007255848,-0.0002664211,-0.0009920059,0.000565445,-0.0002269983,0.0003384467,-0.0012910298,-3.94228e-05,-0.0013304526
2024-05-09,0.009062245089995487,0.0038288830037771435,0.005090917502462489,2.774916558483543,2.503183764741342,1.972154244756702,0.0,0.0088306111,0.000231634,0.0090622451,0.0034922682,0.0003366148,0.003828883,0.0053383429,-0.0001049808,0.0052333621
2024-05-10,0.002179217698188159,0.002634829180442358,0.00164938013992888,2.7809637057587855,2.509779226368692,1.97540707680088,0.0,0.0023041119,-0.0001248942,0.0021792177,0.0027743772,-0.000139548,0.0026348292,-0.0004702653,1.46539e-05,-0.0004556115
2024-05-13,0.0011058136255245894,0.00015975082783106412,-0.0002412554473948392,2.7840389333167033,2.510180165677778,1.9749304990827794,0.0,0.0010623751,4.34385e-05,0.0011058136,5.83985e-05,0.0001013524,0.0001597508,0.0010039766,-5.79138e-05,0.0009460628
2024-05-14,0.004718595276777917,0.005518224818393076,0.004837764439558523,2.797175686277817,2.5240319041666592,1.9844847476218417,0.0,0.0044957096,0.0002228857,0.0047185953,0.0052087458,0.000309479,0.0055182248,-0.0007130362,-8.65933e-05,-0.0007996295
2024-05-15,0.01503860149296163,0.013186860085993457,0.01171598039140931,2.83924129672955,2.5573159597394888,2.00773493201203,0.0,0.0140534939,0.0009851076,0.0150386015,0.0121136722,0.0010731879,0.0131868601,0.0019398217,-8.80803e-05,0.0018517414
2024-05-16,-0.002704424440032118,-0.0023268411868252077,-0.00208170454866563,2.831562783175526,2.5513654916366413,2.0035554210715456,-0.0027044244400321604,-0.0026655969,-3.88275e-05,-0.0027044244,-0.0021432308,-0.0001836104,-0.0023268412,-0.0005223661,0.0001447829,-0.0003775833
2024-05-17,0.000194372852792598,0.001100711998798928,0.001164788280379803,2.8321131621115536,2.554173810246607,2.005889138945101,-0.0025105772539329996,0.0003688163,-0.0001744435,0.0001943729,0.0012159688,-0.0001152568,0.001100712,-0.0008471524,-5.91867e-05,-0.0009063391
2024-05-20,0.003965704098898289,0.002237664479187895,0.0009164157208665369,2.843344484887083,2.5598891942554682,2.007727367286346,0.0,0.0042065882,-0.0002408841,0.0039657041,0.0024691474,-0.0002314829,0.0022376645,0.0017374408,-9.4011e-06,0.0017280396
2024-05-21,0.0029069942408791313,0.002882236586803921,0.00250182267578225,2.851610070929485,2.5672674005493157,2.0127503451406112,0.0,0.0029972884,-9.02941e-05,0.0029069942,0.0029488548,-6.66182e-05,0.0028822366,4.84336e-05,-2.36759e-05,2.47577e-05
2024-05-22,-0.005267083093969343,-0.003235003644119339,-0.002706049712388192,2.8365904037342995,2.55896228115311,2.0073037426480345,-0.0052670830939693936,-0.004857973,-0.0004091101,-0.0052670831,-0.0027831714,-0.0004518322,-0.0032350036,-0.0020748016,4.27221e-05,-0.0020320794
2024-05-23,6.196190224343201e-06,-0.0037482235683632915,-0.007380803880150943,2.8366079797880293,2.5493707184203394,1.9924882273956563,-0.005260919539593956,8.0265e-05,-7.40688e-05,6.1962e-06,-0.0036682021,-8.00215e-05,-0.0037482236,0.003748467,5.9527e-06,0.0037544198
2024-05-24,0.00954775046919882,0.00614469407921765,0.007000971935366307,2.8636912049579832,2.5650358215795475,2.006437581557201,0.0,0.0093907853,0.0001569652,0.0095477505,0.0058824248,0.0002622693,0.0061446941,0.0035083605,-0.0001053041,0.0034030564
2024-05-28,0.005568614424534397,0.002439066843028292,0.0002488349997737949,2.8796379971093247,2.571292115403142,2.006936853452354,0.0,0.0053346901,0.0002339244,0.0055686144,0.0022109205,0.0002281463,0.0024390668,0.0031237695,5.7781e-06,0.0031295476
2024-05-29,-0.005746416645752038,-0.007628160784224367,-0.007367076011488782,2.8630903973889956,2.551677885723638,1.9921515971027126,-0.005746416645752039,-0.0051172824,-0.0006291342,-0.0057464166,-0.0069388919,-0.0006892689,-0.0076281608,0.0018216095,6.01346e-05,0.0018817441
2024-05-30,-0.00925416893753403,-0.006922216376752278,-0.005974995016091,2.8365948751681263,2.5340146192748856,1.980248501238726,-0.014947407272860813,-0.0096988895,0.0004447206,-0.0092541689,-0.00751557,0.0005933537,-0.0069222164,-0.0021833195,-0.0001486331,-0.0023319526
2024-05-31,0.0009130506582106011,0.004654007838816079,0.008027917211029578,2.8391848299859754,2.545807943176665,1.996145772263936,-0.014048004354699217,0.0010227237,-3.45744e-05,0.0009881493,0.0045962361,5.77717e-05,0.0046540078,-0.0035735124,-9.23462e-05,-0.0036658586
2024-06-03,0.006727453396680931,0.004649027062101401,0.001116056625188655,2.8582853136142696,2.557643473199406,1.9983735839779135,-0.007415058252630891,0.005784351,0.0009431024,0.0067274534,0.0036454514,0.0010035757,0.0046490271,0.0021388996,-6.04733e-05,0.0020784263
2024-06-04,0.002970356870024877,0.0015223987745313214,0.001502820153689077,2.8667754410320545,2.561537226488693,2.0013767800745152,-0.004466726751828576,0.002810079,0.0001602779,0.0029703569,0.0014505942,7.18046e-05,0.0015223988,0.0013594848,8.84733e-05,0.0014479581
2024-06-05,0.01593125807120803,0.01425476964542502,0.01184766051699571,2.9124467804153378,2.5980513495904702,2.025088412731436,0.0,0.0162631593,-0.0003319013,0.0159312581,0.0145705948,-0.0003158251,0.0142547696,0.0016925645,-1.60761e-05,0.0016764884
2024-06-06,0.0008910196549254906,0.002104887154196731,-0.0001998494591923805,2.915041827740612,2.6035199545021666,2.0246836999073348,0.0,0.0005658334,0.0003251863,0.0008910197,0.0017373795,0.0003675077,0.0021048872,-0.0011715461,-4.23214e-05,-0.0012138675
2024-06-07,-0.0031130296025470125,-0.0016631309842075424,-0.001115270803443424,2.9059672162381927,2.5991899597978314,2.02242562929062,-0.0031130296025470017,-0.0021625432,-0.0009504864,-0.0031130296,-0.0004941326,-0.0011689984,-0.001663131,-0.0016684106,0.000218512,-0.0014498986
2024-06-10,0.002973606659813998,0.002306002182489589,0.002580891305201671,2.9146084197056,2.6051836975178304,2.0276452900126736,-0.00014867986829125712,0.0033634687,-0.0003898621,0.0029736067,0.0026867538,-0.0003807517,0.0023060022,0.0006767149,-9.1104e-06,0.0006676045
2024-06-11,0.0029528648175624382,0.002180687734243963,0.00271042141176947,2.92321486436512,2.61086478965246,2.0331410632221973,0.0,0.0031555247,-0.0002026599,0.0029528648,0.0024142262,-0.0002335384,0.0021806877,0.0007412985,3.08785e-05,0.0007721771
2024-06-12,0.011427753780086088,0.011469109196487455,0.008503679780924589,2.9566206440813723,2.640809083022248,2.0504302437732873,0.0,0.0107516359,0.0006761179,0.0114277538,0.0106571783,0.0008119309,0.0114691092,9.44576e-05,-0.000135813,-4.13554e-05
2024-06-13,0.0014465007813487724,0.000468225772491065,0.002344572894818819,2.9608973981531874,2.6420455778951477,2.055237626945555,0.0,0.001961005,-0.0005145043,0.0014465008,0.0011168786,-0.0006486528,0.0004682258,0.0008441264,0.0001341486,0.000978275
2024-06-14,0.0014269203796745847,-0.0005178664393267291,-0.000393835553412436,2.9651223629927377,2.640677351159184,2.0544282012973527,0.0,0.0018102565,-0.0003833361,0.0014269204,-0.0001182048,-0.0003996617,-0.0005178664,0.0019284612,1.63256e-05,0.0019447868
2024-06-17,0.008353812970015695,0.007438425512750437,0.007664408277487045,2.9898924406463903,2.6603198329389888,2.070174177808879,0.0,0.0082171483,0.0001366647,0.008353813,0.007200747,0.0002376786,0.0074384255,0.0010164013,-0.0001010139,0.0009153875
2024-06-18,0.00845529252940423,0.003969255970562283,0.002521363070800975,3.0151728558635096,2.670879323319487,2.075393838530932,0.0,0.0083397667,0.0001155258,0.0084552925,0.00379792,0.000171336,0.003969256,0.0045418467,-5.58102e-05,0.0044860366
2024-06-20,-0.007524754904259834,-0.0029733212533594074,-0.002525956665081042,2.9924844191291595,2.662937941062303,2.0701514836318267,-0.007524754904259856,-0.0068377801,-0.0006869748,-0.0075247549,-0.002221837,-0.0007514842,-0.0029733213,-0.0046159431,6.45095e-05,-0.0045514337
2024-06-21,-0.005802377804356141,-0.0030763045540619666,-0.001562165984246855,2.975120893955723,2.6547459329470287,2.066917563401859,-0.013283471237776179,-0.0054657148,-0.000336663,-0.0058023778,-0.0027698599,-0.0003064447,-0.0030763046,-0.0026958549,-3.02184e-05,-0.0027260733
2024-06-24,-0.006370715480000382,-0.0037782467200281255,-0.003065171960721869,2.956167245221727,2.6447156478333635,2.060582105641396,-0.019569561501933785,-0.0067119504,0.0003412349,-0.0063707155,-0.0042077989,0.0004295522,-0.0037782467,-0.0025041515,-8.83172e-05,-0.0025924688
2024-06-25,0.011671314308113277,0.007312100606953056,0.003933647462219136,2.9906696022880594,2.6640540747271038,2.0686877092119467,-0.008126649696981514,0.0118157183,-0.000144404,0.0116713143,0.0075072977,-0.0001951971,0.0073121006,0.0043084206,5.07931e-05,0.0043592137
2024-06-26,0.0010726462976753445,0.0013364261454547693,0.001572413288720487,2.993877532964524,2.667614386245474,2.0719405412561245,-0.0070627204200161,0.0016476938,-0.0005750475,0.0010726463,0.0019484648,-0.0006120386,0.0013364261,-0.0003007709,3.69911e-05,-0.0002637798
2024-06-27,0.0007317472563179512,0.0008839557301340791,0.0009072819876230209,2.9960682946350228,2.669972439267984,2.073820375588632,-0.006336141289987718,0.000548991,0.0001827562,0.0007317473,0.0006806533,0.0002033025,0.0008839557,-0.0001316622,-2.05462e-05,-0.0001522085
2024-06-28,-0.004791512339453415,-0.004227926750284969,-0.004083627735109618,2.981712596431434,2.6586839913694797,2.065351665185243,-0.011097293930265595,-0.0049498149,0.0001583026,-0.0047915123,-0.0043562349,0.0001283082,-0.0042279268,-0.00059358,2.99944e-05,-0.0005635856
2024-07-01,0.00691648522514126,0.0051875704359124145,0.002675588959212494,3.00233556755027,2.6724761018415415,2.070877697297504,-0.004257562974631979,0.0070309465,-0.0001144613,0.0069164852,0.0052075211,-1.99507e-05,0.0051875704,0.0018234254,-9.45106e-05,0.0017289148
2024-07-02,0.004226273292368807,0.0061589794650720306,0.006195331948881222,3.0150242581741367,2.688935827273679,2.083707472057797,-4.928330695330718e-05,0.0042813418,1.93109e-05,0.0043006527,0.0061088585,5.0121e-05,0.0061589795,-0.0018275167,-3.081e-05,-0.0018583268
2024-07-03,0.010875543737357975,0.007127253931716638,0.005084398104196586,3.047814286363105,2.7081005557207494,2.0943018703784277,0.0,0.0105667342,0.0003088095,0.0108755437,0.0066889467,0.0004383072,0.0071272539,0.0038777875,-0.0001294977,0.0037482898
2024-07-05,0.007440925698973397,0.008640706690451232,0.005448779307280605,3.0704928460122023,2.7315004583109803,2.1057132590729446,0.0,0.0066409964,0.0007999293,0.0074409257,0.0077813976,0.0008593091,0.0086407067,-0.0011404012,-5.93797e-05,-0.001199781
2024-07-08,0.0010705502983834078,0.0003925883185879197,0.001016670887826754,3.073779963044685,2.732572813483131,2.107854076441555,0.0,0.001274789,-0.0002042387,0.0010705503,0.0006055892,-0.0002130009,0.0003925883,0.0006691998,8.7622e-06,0.000677962
2024-07-09,0.001202639128176243,-0.0003738913209550949,0.0007410929775606423,3.0774766110996468,2.7315511282242917,2.1094161922953285,0.0,0.0013909315,-0.0001882923,0.0012026391,-0.0001773206,-0.0001965707,-0.0003738913,0.0015682521,8.2783e-06,0.0015765304
2024-07-10,0.012602026083563478,0.010746453164616466,0.01020803373869006,3.116259051624281,2.7609056144905093,2.1309491839552184,0.0,0.0125439877,5.80384e-05,0.0126020261,0.0106158948,0.0001305583,0.0107464532,0.0019280929,-7.252e-05,0.0018555729
2024-07-11,-0.014618151513141336,-0.011389746707086635,-0.008763008283767415,3.070705104653439,2.729459598859289,2.1122756586039313,-0.014618151513141386,-0.0158007876,0.0011826361,-0.0146181515,-0.0123807609,0.0009910142,-0.0113897467,-0.0034200267,0.0001916219,-0.0032284048
2024-07-12,0.004446526026560331,0.005769976321373525,0.005517016620885551,3.084359074821172,2.7452085161148525,2.123929118520341,-0.01023662547774451,0.0039646466,0.0004818795,0.004446526,0.0051606034,0.0006093729,0.0057699763,-0.0011959569,-0.0001274934,-0.0013234503
2024-07-15,0.0005973401268405279,0.0011288498067003713,0.002826181805230199,3.086201486262147,2.748307444217621,2.129931728350702,-0.00964540009806547,0.0009429451,-0.0003456049,0.0005973401,0.0013874318,-0.000258582,0.0011288498,-0.0004444868,-8.70229e-05,-0.0005315097
2024-07-16,-0.0009542959925825892,0.0022920233326984988,0.006389379210899104,3.0832563365515044,2.7546066290051963,2.1435406698564603,-0.01059049152398761,-0.0009284457,-2.58503e-05,-0.000954296,0.0022473094,4.47139e-05,0.0022920233,-0.0031757552,-7.05642e-05,-0.0032463193
2024-07-17,-0.024494998090173456,-0.01729974526310312,-0.01392751270468651,3.0077319784761603,2.706952636023351,2.1136864799440223,-0.03482607554450701,-0.0254797109,0.0009847128,-0.0244949981,-0.0182849182,0.0009851729,-0.0172997453,-0.0071947927,-4.601e-07,-0.0071952528
2024-07-18,-0.007726946923963255,-0.009090937371351165,-0.007816372508844482,2.984491393116968,2.682343899142049,2.0971651190498717,-0.04228392323116792,-0.0070319121,-0.0006950348,-0.0077269469,-0.0083524045,-0.0007385328,-0.0090909374,0.0013204924,4.3498e-05,0.0013639904
2024-07-19,-0.006027332849692249,-0.0068679303651245326,-0.007140293511332718,2.9665028701036102,2.663921748027425,2.0821907445581265,-0.048056396801355095,-0.0057164919,-0.0003108409,-0.0060273328,-0.0066085058,-0.0002594246,-0.0068679304,0.0008920139,-5.14163e-05,0.0008405975
2024-07-22,0.00986287818511367,0.01078095210238062,0.01079200726612162,2.9957611265472326,2.692641360797399,2.104661762202849,-0.03866749300390859,0.0096724031,0.0001904751,0.0098628782,0.0106153138,0.0001656383,0.0107809521,-0.0009429107,2.48368e-05,-0.0009180739
2024-07-23,0.002725001211091705,0.0007685198003185689,-0.001558116673645582,3.0039245792452154,2.694710708998329,2.1013824536187764,-0.036047860758082306,0.0026738008,5.12004e-05,0.0027250012,0.000891235,-0.0001227152,0.0007685198,0.0017825658,0.0001739156,0.0019564814
2024-07-24,-0.03167792961833203,-0.0255823796931653,-0.02314903145215574,2.908766467845108,2.625773596477495,2.052737485106947,-0.06658386878042832,-0.0321612873,0.0004833577,-0.0316779296,-0.0259461304,0.0003637507,-0.0255823797,-0.0062151569,0.000119607,-0.0060955499
2024-07-25,-0.013111492500717144,-0.008215827767903663,-0.005142681306694263,2.870628198115619,2.604200692851327,2.042180910414737,-0.0788223473849623,-0.013062428,-4.90645e-05,-0.0131114925,-0.0082230134,7.1856e-06,-0.0082158278,-0.0048394146,-5.62501e-05,-0.0048956647
2024-07-26,0.009602246357575518,0.009297992611687287,0.01109049084867819,2.8981926772749285,2.628414531652809,2.064829699113037,-0.06997697262545954,0.0095394,6.28464e-05,0.0096022464,0.0092211353,7.68573e-05,0.0092979926,0.0003182647,-1.4011e-05,0.0003042537
2024-07-29,7.961823402560342e-05,0.00012137344974313697,0.000813320877067536,2.8984234262577595,2.628733551391871,2.0665090682149145,-0.0699029258344166,0.0003593588,-0.0002797406,7.96182e-05,0.0004912576,-0.0003698842,0.0001213734,-0.0001318988,9.01436e-05,-4.17552e-05
2024-07-30,-0.012600059307601365,-0.006976710365164662,-0.004960154039322595,2.8619031191883706,2.610393638776619,2.0562588649129117,-0.08162220413072951,-0.0128084551,0.0002083958,-0.0126000593,-0.00716642,0.0001897096,-0.0069767104,-0.0056420351,1.86862e-05,-0.0056233489
2024-07-31,0.02839919854976649,0.02060585643215289,0.01579342363752767,2.943178874100397,2.664183035328655,2.088734232274903,-0.05554101076214124,0.0273665307,0.0010326678,0.0283991985,0.0197974898,0.0008083667,0.0206058564,0.007569041,0.0002243012,0.0077933421
2024-08-01,-0.019777343352266125,-0.015636428125782184,-0.01369356970827373,2.8849706149601775,2.6225247287828104,2.060132004463189,-0.0742199004744325,-0.0196056428,-9.84931e-05,-0.0197041359,-0.0154221669,-0.0002142612,-0.0156364281,-0.0041834759,0.0001157681,-0.0040677078
2024-08-02,-0.027942735540072712,-0.021285697769156082,-0.01838183994653619,2.8043566440254644,2.5667024600138015,2.0222629876884097,-0.10008872896373766,-0.0296343077,0.0016915721,-0.0279427355,-0.0231451958,0.0018594981,-0.0212856978,-0.0064891118,-0.0001679259,-0.0066570378
2024-08-05,-0.0345374213018506,-0.03176715166589088,-0.02996880237012223,2.707501397130113,2.485165633685328,1.9616581878699628,-0.1311693436658009,-0.0351280169,0.0005905956,-0.0345374213,-0.0325034691,0.0007363174,-0.0317671517,-0.0026245479,-0.0001457218,-0.0027702696
2024-08-06,0.01722965537685313,0.012267147773481254,0.01035414252467537,2.7541507131350134,2.515651527755323,1.981969476331865,-0.11619969087631754,0.0176559376,-0.0004262822,0.0172296554,0.0126453832,-0.0003782354,0.0122671478,0.0050105544,-4.80468e-05,0.0049625076
2024-08-07,-0.006092429060411523,-0.004759756663866922,-0.007734688541859436,2.7373712452935566,2.5036776386321224,1.9666395597329658,-0.12158418156322326,-0.0054273965,-0.0006650325,-0.0060924291,-0.0040319458,-0.0007278108,-0.0047597567,-0.0013954507,6.27783e-05,-0.0013326724
2024-08-08,0.028236359943340568,0.021913741648565875,0.02304260025002414,2.814664645074216,2.5585425835763984,2.0119560489437758,-0.09678091633391839,0.0284315662,-0.0001952063,0.0282363599,0.0220807364,-0.0001669948,0.0219137416,0.0063508298,-2.82115e-05,0.0063226183
2024-08-09,0.008800261100096624,0.006938675224703205,0.004671658542179324,2.8394344288600797,2.576295479612408,2.0213552206063135,-0.0888323525670669,0.0084067691,0.000393492,0.0088002611,0.0067099315,0.0002287437,0.0069386752,0.0016968376,0.0001647483,0.0018615859
2024-08-12,0.0017173660732359014,0.0010087944954005382,4.303763360380408e-05,2.844310777215382,2.5788944323107663,2.021442214951681,-0.0872675441623354,0.0018435444,-0.0001261783,0.0017173661,0.0010171018,-8.3073e-06,0.0010087945,0.0008264426,-0.000117871,0.0007085716
2024-08-13,0.022364985113862108,0.018454467023259112,0.01684757287548244,2.9079237454070013,2.626486554568312,2.055498609981656,-0.06685429637458729,0.0217379061,0.000627079,0.0223649851,0.0177232413,0.0007312257,0.018454467,0.0040146648,-0.0001041467,0.0039105181
2024-08-14,0.007954250081239001,0.004888952941925628,0.00382376808607332,2.931054098095142,2.6393273237361967,2.063358359967472,-0.05943182208571696,0.0078766205,7.76296e-05,0.0079542501,0.0048566887,3.22643e-05,0.0048889529,0.0030199318,4.53653e-05,0.0030652971
2024-08-15,0.017920595648519316,0.01646085668901484,0.01613320110499883,2.9835803334110405,2.682772912567619,2.0966469353405075,-0.04257628008945047,0.0186159361,-0.0006953405,0.0179205956,0.0172296315,-0.0007687748,0.0164608567,0.0013863047,7.34343e-05,0.001459739
2024-08-16,0.007641891997208567,0.004112471369660094,0.001989818192314141,3.006380532083963,2.6938057393618533,2.1008188815553077,-0.03525975142632842,0.0065888401,0.0010530519,0.007641892,0.0030406748,0.0010717966,0.0041124714,0.0035481654,-1.87447e-05,0.0035294206
2024-08-19,0.009908656158446895,0.00956910037360201,0.009722284736913167,3.036169723057832,2.719583036868792,2.1212436409024717,-0.025700472020997234,0.0088957097,0.0010129465,0.0099086562,0.008678156,0.0008909444,0.0095691004,0.0002175537,0.0001220021,0.0003395558
2024-08-20,-0.000801298756575728,-0.00046355749558637486,-0.001984576293852847,3.0337368440339927,2.718322353767182,2.1170338710592507,-0.02648117702129915,-0.001588499,0.0007872003,-0.0008012988,-0.0013497298,0.0008861723,-0.0004635575,-0.0002387692,-9.89721e-05,-0.0003377413
2024-08-21,0.003839667523506567,0.003358997888783663,0.004239680407066571,3.0453853848688954,2.727453192814519,2.126009418083477,-0.022743188413185456,0.0036737855,0.0001658821,0.0038396675,0.0030631539,0.000295844,0.0033589979,0.0006106315,-0.0001299619,0.0004806696
2024-08-22,-0.012420257749378003,-0.00962825425347874,-0.008932812652890587,3.007560913442635,2.701192580009639,2.107018174253456,-0.03488096990042899,-0.0118063335,-0.0006139243,-0.0124202577,-0.0090977949,-0.0005304593,-0.0096282543,-0.0027085386,-8.34649e-05,-0.0027920035
2024-08-23,0.010243434917311884,0.011377614971116192,0.01148342021742543,3.038368667919336,2.7319257091478244,2.1312139493541613,-0.024994835928144887,0.0089214856,0.0013219493,0.0102434349,0.0100384781,0.0013391368,0.011377615,-0.0011169925,-1.71875e-05,-0.0011341801
2024-08-26,-0.0077815840818587344,-0.0046585544980839114,-0.00315372315031559,3.0147253466582367,2.7191988843470427,2.1244926905838075,-0.03258192059261644,-0.0075765367,-0.0002050474,-0.0077815841,-0.0043820547,-0.0002764998,-0.0046585545,-0.003194482,7.14524e-05,-0.0031230296
2024-08-27,0.0010524492772278691,0.002584794076535377,0.001595202996702794,3.017898192170368,2.7262274535162243,2.1278816876903,-0.031563762134166895,0.0006578164,0.0003946329,0.0010524493,0.002046155,0.0005386391,0.0025847941,-0.0013883386,-0.0001440062,-0.0015323448
2024-08-28,-0.007720052008775664,-0.006354554062705186,-0.005976038963347419,2.9945998611696223,2.7089034937756247,2.1151653838152695,-0.039040140257674216,-0.0070539806,-0.0006660714,-0.007720052,-0.0056093792,-0.0007451749,-0.0063545541,-0.0014446014,7.91034e-05,-0.0013654979
2024-08-29,-0.002271926475353888,0.00038322813105896316,-3.934065069444159e-05,2.98779635046194,2.7099416217987633,2.1150821718327437,-0.041223370404775195,-0.0019186124,-0.0003533141,-0.0022719265,0.0009296982,-0.0005464701,0.0003832281,-0.0028483107,0.000193156,-0.0026551546
2024-08-30,0.010377597459716875,0.00916310395467318,0.01009306218213291,3.018802498278645,2.734773098590401,2.136429827713372,-0.03127357248905194,0.0110611641,-0.0006137336,0.0104474305,0.0097565941,-0.0005934902,0.009163104,0.0013045699,-2.02434e-05,0.0012843265
2024-09-03,-0.028430313150739364,-0.022078163034234908,-0.02115112244175332,2.932976997912349,2.6743943322580823,2.0912419388391927,-0.058814768180585175,-0.0284257928,-4.5203e-06,-0.0284303132,-0.0220881666,1.00036e-05,-0.022078163,-0.0063376262,-1.45239e-05,-0.0063521501
2024-09-04,-0.0038672915209451535,-0.004151670941056805,-0.001602480045867938,2.921634320837195,2.6632911270239195,2.087890765361121,-0.062454605847239275,-0.0046339558,0.0007666642,-0.0038672915,-0.0049283346,0.0007766636,-0.0041516709,0.0002943788,-9.9994e-06,0.0002843794
2024-09-05,-0.000529868061221646,-0.0027750714746951014,-0.003018077669304842,2.9200862401240144,2.6559003037885067,2.081589348866237,-0.06295138120754629,-0.0008474642,0.0003175961,-0.0005298681,-0.0031655591,0.0003904877,-0.0027750715,0.0023180949,-7.28915e-05,0.0022452034
2024-09-06,-0.020386014361969157,-0.01867689656646207,-0.01726020776209658,2.8605573200946575,2.6062963285238134,2.0456606842294383,-0.08205406780811264,-0.0203964197,1.04053e-05,-0.0203860144,-0.018608005,-6.88915e-05,-0.0186768966,-0.0017884146,7.92969e-05,-0.0017091178
2024-09-09,0.016400834441779113,0.010490087251491675,0.01158009178281283,2.9074728471127496,2.6336366044132706,2.0693496227093067,-0.0669989885477289,0.01716076,-0.0007599255,0.0164008344,0.0113191089,-0.0008290217,0.0104900873,0.005841651,6.90961e-05,0.0059107472
2024-09-10,0.005685538282816685,0.004346786434279609,0.004472633223969957,2.924003395291259,2.6450844602781567,2.078605064583846,-0.061694375579210314,0.005619242,6.62963e-05,0.0056855383,0.0042749669,7.18196e-05,0.0043467864,0.0013442752,-5.5233e-06,0.0013387518
2024-09-11,0.016647594925446988,0.01244198011621467,0.01066505080501923,2.9726810193767,2.677994548538646,2.1007734932012028,-0.046073843627584266,0.016758319,-0.000110724,0.0166475949,0.0126774775,-0.0002354974,0.0124419801,0.0040808414,0.0001247734,0.0042056148
2024-09-12,0.010096033348848522,0.009806525478220538,0.007495323299958834,3.002693306083816,2.704256370309426,2.11651946971273,-0.03644297334050961,0.0095701944,0.000525839,0.0100960333,0.009103053,0.0007034725,0.0098065255,0.0004671414,-0.0001776335,0.0002895079
2024-09-13,0.007117435557454572,0.004641276161658088,0.005407665804108897,3.0240647821886677,2.716807570935955,2.127964899672826,-0.029584918297328122,0.0067391754,0.0003782601,0.0071174356,0.0043632303,0.0002780458,0.0046412762,0.0023759451,0.0001002143,0.0024761594
2024-09-16,-0.0007086318165490996,0.0004626738613893194,0.001256661014358285,3.0219218336687033,2.718064566785452,2.130639030202168,-0.030272585299481625,-0.0012488402,0.0005402083,-0.0007086318,-0.0002603627,0.0007230366,0.0004626739,-0.0009884774,-0.0001828282,-0.0011713057
2024-09-17,0.0008133585274697497,-0.0010454225192111219,0.0002645084669337106,3.0243797395614647,2.7152230408786644,2.1312026022656356,-0.029483849237413873,0.0013406635,-0.000527305,0.0008133585,-0.0004669478,-0.0005784747,-0.0010454225,0.0018076113,5.11698e-05,0.001858781
2024-09-18,-0.0033252061901311012,-0.003113942371296856,-0.002896400441559033,3.014323053330168,2.706767992804151,2.1250297861073815,-0.0327110155495518,-0.0034593212,0.000134115,-0.0033252062,-0.0032876491,0.0001737067,-0.0031139424,-0.0001716722,-3.95916e-05,-0.0002112638
2024-09-19,0.020122640874977466,0.019843176202680658,0.01697678640717948,3.0749791936134967,2.76047886702514,2.1611059628950207,-0.0132466066931336,0.0198147333,0.0003079076,0.0201226409,0.0194793935,0.0003637827,0.0198431762,0.0003353398,-5.58751e-05,0.0002794647
2024-09-20,0.004690664669350863,-0.002684408702760878,-0.001940969329534248,3.0894028898759682,2.7530686135307105,2.1569113225031677,-0.008618077413787173,0.005004593,-0.0003139283,0.0046906647,-0.0024611865,-0.0002232222,-0.0026844087,0.0074657795,-9.07061e-05,0.0073750734
2024-09-23,0.005631324196403029,0.0019716208943510592,0.002809269537312087,3.106800319122164,2.7584966211327298,2.1629706677761593,-0.0030352844052509154,0.0057797993,-0.0001484751,0.0056313242,0.0021894571,-0.0002178362,0.0019716209,0.0035903422,6.93611e-05,0.0036597033
2024-09-24,0.0047446608437583734,0.005359634455796956,0.002511117289812015,3.121541032945679,2.773281154669552,2.1684021408173684,0.0,0.0040913477,0.0006533131,0.0047446608,0.0045544738,0.0008051607,0.0053596345,-0.0004631261,-0.0001518476,-0.0006149736
2024-09-25,0.002990660851899506,-0.0011418227551073532,-0.001861177443296946,3.1308765035105077,2.7701145591408403,2.164366359664882,0.0,0.0038064195,-0.0008157587,0.0029906609,-0.0002037805,-0.0009380423,-0.0011418228,0.0040102,0.0001222836,0.0041324836
2024-09-26,0.011120764785551098,0.007203245253134774,0.004038614114003858,3.1656942446786567,2.790068373689611,2.1731074001929,0.0,0.010361147,0.0007596178,0.0111207648,0.0065189967,0.0006842486,0.0072032453,0.0038421503,7.53692e-05,0.0039175195
2024-09-27,-0.0028660759292925115,-0.002522734379125989,-0.001253182997787761,3.156621124604483,2.783029772283192,2.1703840989466117,-0.0028660759292925553,-0.0034552282,0.0005891522,-0.0028660759,-0.0029730603,0.0004503259,-0.0025227344,-0.0004821679,0.0001388263,-0.0003433416
2024-09-30,-0.00052039252483874,0.0002900649414590378,0.004236542312270108,3.154978442567491,2.783837031651168,2.1795790230156773,-0.0033849769696421284,3.63597e-05,-0.0005567522,-0.0005203925,0.0008701826,-0.0005801177,0.0002900649,-0.0008338229,2.33654e-05,-0.0008104575
2024-10-01,-0.010047485823704277,-0.009385945878259128,-0.009324110452443968,3.123278841391701,2.7577080879381968,2.1592563874652493,-0.0133984522852304,-0.0095340756,-0.0004637911,-0.0099978667,-0.0087357838,-0.0006501621,-0.0093859459,-0.0007982919,0.000186371,-0.0006119208
2024-10-02,-0.0011575349726906882,1.0405893994877645e-05,0.0001383840595576835,3.1196635369033254,2.757736784356229,2.1595551941297724,-0.01454047808082104,-0.0002578379,-0.0008996971,-0.001157535,0.0007892394,-0.0007788335,1.04059e-05,-0.0010470773,-0.0001208636,-0.0011679409
2024-10-03,0.002730281046140809,-0.0012962585127000228,-0.001681396399709989,3.1281810951284688,2.754162044573721,2.1559241258013877,-0.011849896626386247,0.0031258217,-0.0003955407,0.002730281,-0.0007976231,-0.0004986354,-0.0012962585,0.0039234448,0.0001030947,0.0040265396
2024-10-04,0.008616430522974377,0.008172422010990665,0.008970269862489832,3.155134850197925,2.7766702190886305,2.1752633470128786,-0.0033355699143976514,0.0098751354,-0.0012587048,0.0086164305,0.0091327781,-0.0009603561,0.008172422,0.0007423572,-0.0002983487,0.0004440085
2024-10-07,-0.0076721904510947386,-0.006752647194138782,-0.009586042249529192,3.1309280547283205,2.7579203447246528,2.1544111806645607,-0.010982169237846007,-0.0078787913,0.0002066009,-0.0076721905,-0.0069020374,0.0001493902,-0.0067526472,-0.0009767539,5.72106e-05,-0.0009195433
2024-10-08,0.01105296647915942,0.008602490765088911,0.00968935768284096,3.1655340975658923,2.7816453290209977,2.1752860411899313,-5.058830714099738e-05,0.0111092031,-5.62366e-05,0.0110529665,0.0086326003,-3.01095e-05,0.0086024908,0.0024766028,-2.61271e-05,0.0024504757
2024-10-09,0.005008315997141598,0.006588780227556681,0.007113384673968381,3.181388092626229,2.7999729787649263,2.190759687576829,0.0,0.0055144342,-0.0005061182,0.005008316,0.0071961389,-0.0006073587,0.0065887802,-0.0016817048,0.0001012405,-0.0015804642
2024-10-10,0.0018750193833615778,-0.0010347556381685964,-0.002070082388933692,3.187353256965899,2.7970756909384296,2.1862246345291907,0.0,0.0018961951,-2.11758e-05,0.0018750194,-0.0011455735,0.0001108178,-0.0010347556,0.0030417686,-0.0001319936,0.002909775
2024-10-11,0.003325595371094596,0.00576025836218955,0.00605185076253667,3.1979531042033082,2.813187569576835,2.1994553397507426,0.0,0.0033302666,-4.6712e-06,0.0033255954,0.0057974727,-3.72143e-05,0.0057602584,-0.0024672061,3.25431e-05,-0.002434663
2024-10-14,0.007463711871818787,0.007033941583175794,0.007707612858403268,3.2218217047526703,2.8329753666037547,2.216407890008889,0.0,0.0079767217,-0.0005130098,0.0074637119,0.007525049,-0.0004911074,0.0070339416,0.0004516727,-2.19024e-05,0.0004297703
2024-10-15,-0.00964537349364663,-0.009398336924273512,-0.007609409797179167,3.1907460310803937,2.8063501096102454,2.19954233409611,-0.00964537349364658,-0.0095370138,-0.0001083597,-0.0096453735,-0.0093820074,-1.63295e-05,-0.0093983369,-0.0001550064,-9.20302e-05,-0.0002470366
2024-10-16,0.0036948094493930487,0.0019438436387292442,0.004679068519722218,3.202535229666643,2.811805215418859,2.2098341433893753,-0.005986201861380658,0.0040892074,-0.0003943979,0.0036948094,0.0024575193,-0.0005136757,0.0019438436,0.0016316881,0.0001192777,0.0017509658
2024-10-17,0.0028606771071764637,0.0033181504433059516,-0.0001711604852057125,3.2116966488830765,2.821135208140891,2.2094559071051685,-0.003142649344828108,0.0032734819,-0.0004128047,0.0028606771,0.0036400849,-0.0003219344,0.0033181504,-0.000366603,-9.08703e-05,-0.0004574733
2024-10-18,0.003622142733266061,0.0038759626712885644,0.003971603038276372,3.2233298725612833,2.832069822898303,2.2182309888987652,0.0,0.0031729922,0.0004491505,0.0036221427,0.0034056732,0.0004702895,0.0038759627,-0.000232681,-2.1139e-05,-0.0002538199
2024-10-21,0.00014633263520144157,-0.0013247606423836247,-0.001822779457326784,3.2238015509156583,2.828318008260445,2.214187643020595,0.0,0.0009353938,-0.0007890612,0.0001463326,-0.0005814877,-0.0007432729,-0.0013247606,0.0015168815,-4.57883e-05,0.0014710933
2024-10-22,-0.0011063320499409238,-0.0006109596278536691,-0.0004748905872585807,3.220234955937231,2.8265900201426666,2.2131361461505,-0.001106332049940928,-0.0010163472,-8.99849e-05,-0.001106332,-0.0004879999,-0.0001229597,-0.0006109596,-0.0005283472,3.29748e-05,-0.0004953724
2024-10-23,-0.013235628742586557,-0.009728819485999213,-0.009191277003007925,3.1776131215965466,2.7990906360757717,2.1927945987858615,-0.014327317792248384,-0.0126789016,-0.0005567272,-0.0132356287,-0.0092193186,-0.0005095009,-0.0097288195,-0.0034595829,-4.72263e-05,-0.0035068093
2024-10-24,0.009682472747581126,0.0031466161382122998,0.002145782089274073,3.208380274048761,2.8078982998435666,2.197499858161393,-0.004783568908736657,0.0091797077,0.0005027651,0.0096824727,0.0025767177,0.0005698984,0.0031466161,0.00660299,-6.71334e-05,0.0065358566
2024-10-25,0.0035981177221467197,0.0007044388397729418,-0.0002994908655286066,3.2199244039722017,2.809876292464109,2.1968417270268734,-0.0012026630306556374,0.0040831488,-0.0004850311,0.0035981177,0.0010961967,-0.0003917579,0.0007044388,0.0029869521,-9.32732e-05,0.0028936789
2024-10-28,0.0006553847757933763,0.002120033116012762,0.002651460369276215,3.2220346934057704,2.8158333232560318,2.2026665658036575,-0.0005480664619030851,0.0005614523,9.39324e-05,0.0006553848,0.0020574808,6.25523e-05,0.0021200331,-0.0014960285,3.13801e-05,-0.0014646483
2024-10-29,0.0027484728937784224,0.0034066740102557417,0.001614144022858977,3.2308903684234096,2.8254259494555805,2.206221986875201,0.0,0.0027479849,4.88e-07,0.0027484729,0.0033599083,4.67657e-05,0.003406674,-0.0006119234,-4.62777e-05,-0.0006582011
2024-10-30,-0.005266651952939942,-0.004310042158651414,-0.003300233845140998,3.2138743933548177,2.8132482444972795,2.1989409384042213,-0.005266651952939849,-0.0054710432,0.0002631934,-0.0052078498,-0.0045216777,0.0002116355,-0.0043100422,-0.0009493655,5.15579e-05,-0.0008978076
2024-10-31,-0.021826379959006496,-0.01878905967521066,-0.01861474765509574,3.143727149704934,2.7603899553502385,2.1580082077273675,-0.026978079965309654,-0.0222334222,0.0004070422,-0.02182638,-0.019159922,0.0003708624,-0.0187890597,-0.0030735002,3.61799e-05,-0.0030373203
2024-11-01,0.003564170082178223,0.004802049387886021,0.004092578148962911,3.154931927958444,2.773645484245655,2.1668400249635953,-0.023510064348618465,0.0041030175,-0.0005388474,0.0035641701,0.0054148919,-0.0006128425,0.0048020494,-0.0013118744,7.39951e-05,-0.0012378793
2024-11-04,-0.0046477425765169555,-0.0035926059040113376,-0.002812107247591178,3.1402686165108586,2.7636808691033194,2.1607466384250245,-0.028048538198085615,-0.0052299283,0.0005821857,-0.0046477426,-0.0042442388,0.0006516329,-0.0035926059,-0.0009856895,-6.94472e-05,-0.0010551367
2024-11-05,0.023191023058225797,0.011703916140404622,0.01226567518979693,3.2130946584053848,2.7960267582341456,2.1872496548593916,-0.0055079894359612025,0.0227992135,0.0003918095,0.0231910231,0.0111262969,0.0005776192,0.0117039161,0.0116729166,-0.0001858097,0.0114871069
2024-11-06,0.02770424123438753,0.019277044757100063,0.02529587947623613,3.3021110079307694,2.8499258911946743,2.242578058513154,0.0,0.0301208583,-0.002416617,0.0277042412,0.0217999528,-0.002522908,0.0192770448,0.0083209055,0.000106291,0.0084271965
2024-11-07,0.013452625853672174,0.012082095916287144,0.007431219893945906,3.3465330718477544,2.8843589691663984,2.2592431491953033,0.0,0.0122959865,0.0011566393,0.0134526259,0.0109794362,0.0011026598,0.0120820959,0.0013165504,5.39796e-05,0.0013705299
2024-11-08,0.005628244648178157,0.0015531004461249898,0.003756843180258151,3.365368178699333,2.8888386683681953,2.2677307714129027,0.0,0.0063266048,-0.0006983601,0.0056282446,0.0023121527,-0.0007590522,0.0015531004,0.0040144521,6.06921e-05,0.0040751442
2024-11-11,0.0012931838087121188,-0.00036679257614285836,0.000969053663222974,3.3697202183383816,2.8877790637909637,2.2699283242241437,0.0,0.0020324241,-0.0007392403,0.0012931838,0.0004397736,-0.0008065661,-0.0003667926,0.0015926506,6.73258e-05,0.0016599764
2024-11-12,-0.00938633574381217,-0.004547130106882199,-0.002892682479775477,3.3380908930063455,2.8746479566679755,2.2633621423303145,-0.009386335743812202,-0.0088092476,-0.0005770881,-0.0093863357,-0.0039714948,-0.0005756353,-0.0045471301,-0.0048377528,-1.4528e-06,-0.0048392056
2024-11-13,-0.0008157890222261007,-0.0011953390978688878,0.0002322864844359618,3.335367715100638,2.8712117775727615,2.263887890765362,-0.010194467496379533,-0.0003612733,-0.0004545157,-0.000815789,-0.0005482891,-0.00064705,-0.0011953391,0.0001870158,0.0001925343,0.0003795501
2024-11-14,-0.008482003518809093,-0.003714164179520846,-0.006049741202730607,3.307077114404632,2.8605476256366824,2.2501919549142357,-0.018590001506011977,-0.0081123954,-0.0003696081,-0.0084820035,-0.0032140083,-0.0005001559,-0.0037141642,-0.0048983871,0.0001305477,-0.0047678393
2024-11-15,-0.004584283909850926,-0.013334188287695854,-0.0132035225081818,3.2919165340004306,2.8224045449905217,2.220481494789796,-0.023089063571074875,-0.005001073,0.0004167891,-0.0045842839,-0.013681346,0.0003471577,-0.0133341883,0.008680273,6.96314e-05,0.0087499044
2024-11-18,0.0016298438560128849,0.004086411859666282,0.003917814472747416,3.2972818439378786,2.8339380523959465,2.2291809293265517,-0.021496851283464347,0.0012281877,0.0004016561,0.0016298439,0.0035396999,0.000546712,0.0040864119,-0.0023115122,-0.0001450559,-0.002456568
2024-11-19,0.009417187692354967,0.005765206775137005,0.003963608105035599,3.328332965936836,2.8502762912559385,2.238016528925621,-0.012282103474440365,0.0093462303,7.09574e-05,0.0094171877,0.0057409779,2.42288e-05,0.0057652068,0.0036052524,4.67285e-05,0.0036519809
2024-11-20,-0.0022324507705133866,-0.0012392794546742377,2.197066746889575e-05,3.3209026264425052,2.8467440024080397,2.238065699642568,-0.014487135053588673,-0.0016529275,-0.0005795232,-0.0022324508,-0.0006590759,-0.0005802036,-0.0012392795,-0.0009938517,6.804e-07,-0.0009931713
2024-11-21,0.003898995299218894,0.004020184362889682,0.005340444913141784,3.3338508101721684,2.8581884381316707,2.2500179662235014,-0.010644625025842847,0.0041688778,-0.0002698825,0.0038989953,0.0045062141,-0.0004860297,0.0040201844,-0.0003373362,0.0002161472,-0.0001211891
2024-11-22,0.006429750385644663,0.0030967431769694668,0.003467978771868108,3.355286638704555,2.867039513675948,2.2578209807666862,-0.004283316922062963,0.0070602143,-0.0006304639,0.0064297504,0.0038008907,-0.0007041475,0.0030967432,0.0032593236,7.36836e-05,0.0033330072
2024-11-25,0.0009734796260637345,0.0017370708442959373,0.003020434419885643,3.3585529418869373,2.8720197644245986,2.264640580970934,-0.003314007017754972,0.0002347412,0.0007387384,0.0009734796,0.0008785202,0.0008585507,0.0017370708,-0.0006437789,-0.0001198123,-0.0007635912
2024-11-26,0.0061550834236092315,0.005801786503709453,0.005722044904524104,3.3792251154268595,2.888682609932224,2.277598956067857,0.0,0.0059394775,0.0002156059,0.0061550834,0.0056651014,0.0001366851,0.0058017865,0.0002743761,7.89208e-05,0.0003532969
2024-11-27,-0.007513114108192326,-0.004748036277384708,-0.003801296326742198,3.353836611537388,2.8749670401064154,2.2689411275223645,-0.007513114108192331,-0.0085042325,0.0009911184,-0.0075131141,-0.0058507445,0.0011027082,-0.0047480363,-0.002653488,-0.0001115899,-0.0027650778
2024-11-29,0.007830042028516995,0.007697173716785528,0.005607844313972654,3.3800972931625046,2.897096160844147,2.2816649961230797,0.0,0.0076380813,0.0002532262,0.0078913075,0.0073488879,0.0003482858,0.0076971737,0.0002891934,-9.50596e-05,0.0001941338
2024-12-02,0.005678345759160158,0.00552645848639477,0.002448453180999843,3.399290654292683,2.9131068425081454,2.2872515460408134,0.0,0.0063571341,-0.0006787884,0.0056783458,0.0063227504,-0.0007962919,0.0055264585,3.43837e-05,0.0001175036,0.0001518873
2024-12-03,0.005586584847963772,0.003830823362793812,0.0004514523370513501,3.418281079955779,2.92426644025874,2.288284131096698,0.0,0.005912135,-0.0003255501,0.0055865848,0.0038214175,9.4058e-06,0.0038308234,0.0020907175,-0.000334956,0.0017557615
2024-12-04,0.008628105023601241,0.008013989838148316,0.006051359696390701,3.4477743681138264,2.947701481795012,2.302131361461507,0.0,0.00847825,0.000149855,0.008628105,0.0079995189,1.4471e-05,0.0080139898,0.0004787311,0.000135384,0.0006141152
2024-12-05,0.003102914607737467,0.00037223206501879515,-0.001869714728850336,3.4584725175648297,2.948798710804639,2.297827032547234,0.0,0.0025255304,0.0005773842,0.0031029146,-0.000420356,0.0007925881,0.0003722321,0.0029458864,-0.0002152039,0.0027306825
2024-12-06,0.006907431226476238,0.004322507816143838,0.002495428066323191,3.482361678628567,2.9615449162803267,2.3035610946158087,0.0,0.0071167037,-0.0002092725,0.0069074312,0.0044875965,-0.0001650887,0.0043225078,0.0026291072,-4.41838e-05,0.0025849234
2024-12-09,-0.008854414899221008,-0.0071951200857162095,-0.006144226774839168,3.451527403496842,2.9402362449684474,2.2894074928607924,-0.008854414899221008,-0.0084576328,-0.0003967821,-0.0088544149,-0.0068972382,-0.0002978819,-0.0071951201,-0.0015603946,-9.89002e-05,-0.0016592948
2024-12-10,-0.003746578643871258,-0.0037806813598315362,-0.002963893042120747,3.438595984638164,2.929120148603594,2.282621933922123,-0.012567819781326928,-0.0034316697,-0.0003149089,-0.0037465786,-0.0034284428,-0.0003522385,-0.0037806814,-3.2269e-06,3.73296e-05,3.41027e-05
2024-12-11,0.01399777484074791,0.010311189386265157,0.008165821859812183,3.486728676999429,2.9593228611909708,2.301261418007831,0.0,0.014256901,-0.0002591262,0.0139977748,0.0106539137,-0.0003427243,0.0103111894,0.0036029873,8.35982e-05,0.0036865855
2024-12-12,-0.005250954334233979,-0.0053001216806027335,-0.005414032106163646,3.4684200239406406,2.943638089934469,2.288802314806061,-0.005250954334234059,-0.0048463627,-0.0004045916,-0.0052509543,-0.0047828592,-0.0005172625,-0.0053001217,-6.35035e-05,0.0001126708,4.91673e-05
2024-12-13,0.0037688027952967806,0.001080597323469666,-2.644081801272957e-05,3.4814918150221312,2.946818977375716,2.2887417970005877,-0.0015019413503101209,0.0039195506,-0.0001507478,0.0037688028,0.0011180937,-3.74964e-05,0.0010805973,0.0028014569,-0.0001132514,0.0026882055
2024-12-16,0.009169823252165088,0.005799462830721319,0.00379931549522472,3.513416479619744,2.9639089445038707,2.2974374491745007,0.0,0.0091748085,-4.9852e-06,0.0091698233,0.0057443403,5.51225e-05,0.0057994628,0.0034304682,-6.01078e-05,0.0033703604
2024-12-17,-0.0017374522196927592,-0.003066566359138484,-0.003863959644917481,3.507312086358523,2.9548199210431054,2.2885602435841683,-0.0017374522196927922,-0.0017932302,5.5778e-05,-0.0017374522,-0.0030962598,2.96935e-05,-0.0030665664,0.0013030296,2.60845e-05,0.0013291141
2024-12-18,-0.03151321103552766,-0.028360219272761673,-0.02949289410489186,3.3967854204136505,2.8710205801707986,2.221063978667475,-0.03319591055675708,-0.0302870942,-0.0012261168,-0.031513211,-0.0268334156,-0.0015268037,-0.0283602193,-0.0034536786,0.0003006868,-0.0031529918
2024-12-19,-0.0073669729282247335,-0.002413072178799121,-0.0008650990436227524,3.3717613941784745,2.8640926002840286,2.219142538343705,-0.04031833011058239,-0.0067968493,-0.0005701236,-0.0073669729,-0.0020167634,-0.0003963088,-0.0024130722,-0.004780086,-0.0001738148,-0.0049539007
2024-12-20,0.00847787723434591,0.007318399424998921,0.01086912058468625,3.4003467733418264,2.885053173923091,2.243262666187569,-0.03218226672920799,0.0077938366,0.0006840407,0.0084778772,0.0064797591,0.0008386403,0.0073183994,0.0013140775,-0.0001545996,0.0011594778
2024-12-23,0.007994159452401579,0.008486639287935423,0.007287319692792726,3.42752968764138,2.9095375795366896,2.2596100383909845,-0.02444537744857944,0.0084579903,-0.0004638308,0.0079941595,0.0089688056,-0.0004821664,0.0084866393,-0.0005108154,1.83355e-05,-0.0004924798
2024-12-24,0.012808212930975053,0.010408949806270282,0.01104272296775899,3.4714302177079293,2.939822810161544,2.2845622860601034,-0.011950266117143782,0.0129654588,-0.0001572459,0.0128082129,0.0105083447,-9.93949e-05,0.0104089498,0.0024571142,-5.7851e-05,0.0023992631
2024-12-26,-0.0015097287715348552,-0.00040822267276181606,-0.0004056264528049525,3.46618929962988,2.9386227078365335,2.283635607163797,-0.013441953228094161,-0.0012968567,-0.000212872,-0.0015097288,-0.0004034966,-4.7261e-06,-0.0004082227,-0.0008933602,-0.0002081459,-0.0011015061
2024-12-27,-0.012431716933786068,-0.009188980896043369,-0.01105573581511832,3.4230986154179632,2.9116197599135445,2.2583883351929965,-0.02570656360431134,-0.0124853346,5.36176e-05,-0.0124317169,-0.0092507956,6.18147e-05,-0.0091889809,-0.0032345389,-8.1971e-06,-0.003242736
2024-12-30,-0.01224272370821947,-0.010479881205242125,-0.01070201177723751,3.3811905648434126,2.881106330714815,2.2342190366321852,-0.03763456895683537,-0.0122442337,1.51e-06,-0.0122427237,-0.0104174218,-6.24594e-05,-0.0104798812,-0.0018268119,6.39694e-05,-0.0017628425
2024-12-31,-0.008032743192620454,-0.005280311818970915,-0.004284790432948271,3.354030329350714,2.86589319090503,2.2246458762789127,-0.045365003321860664,-0.0075684214,-0.0004242144,-0.0079926358,-0.0047349432,-0.0005453686,-0.0052803118,-0.0028334782,0.0001211542,-0.002712324
2025-01-02,-0.001273778252602953,-0.0008044809931311179,-0.002223873314030289,3.3497580384586163,2.863587634304603,2.2196985456814886,-0.04658099661980297,-0.0005447333,-0.000729045,-0.0012737783,0.000169459,-0.00097394,-0.000804481,-0.0007141923,0.000244895,-0.0004692973
2025-01-03,0.02063178183267006,0.012630135129881105,0.01259595641172018,3.4188695155003272,2.899755133082127,2.247657771810051,-0.026910263746941054,0.0202574968,0.000374285,0.0206317818,0.0121494781,0.0004806571,0.0126301351,0.0081080187,-0.000106372,0.0080016467
2025-01-06,0.011534821296333065,0.009802470511132932,0.005538101159955344,3.4583055643971043,2.928179897263671,2.260105527923295,-0.01568584753396618,0.0108258209,0.0007090004,0.0115348213,0.0090146584,0.0007878121,0.0098024705,0.0018111625,-7.88117e-05,0.0017323508
2025-01-07,-0.014810721445601045,-0.011931621220756874,-0.0111038963212382,3.407085564009047,2.8932419638632862,2.2350095504661773,-0.030264250261103465,-0.0145207156,-0.0002900058,-0.0148107214,-0.0113867816,-0.0005448396,-0.0119316212,-0.003133934,0.0002548338,-0.0028791002
2025-01-08,-0.0010291185841701722,0.0008903465782992049,0.001560323775645189,3.4035792689372673,2.8958179519460034,2.238496889006564,-0.03126222334289397,-0.0005484513,-0.0004806673,-0.0010291186,0.0013354603,-0.0004451137,0.0008903466,-0.0018839116,-3.55536e-05,-0.0019194652
2025-01-10,-0.008112031183772002,-0.013966709667008338,-0.01541165040341319,3.3759693277712084,2.855372903362663,2.203997957524067,-0.03912065439603429,-0.0073800985,-0.0007319327,-0.0081120312,-0.0131383161,-0.0008283936,-0.0139667097,0.0057582176,9.64609e-05,0.0058546785
2025-01-13,-0.006208996890281691,-0.0023226179100477628,0.001575413932288106,3.3550079447133907,2.848740963117448,2.207470166613085,-0.0450867512648252,-0.0063028463,9.38494e-05,-0.0062089969,-0.0023590595,3.64416e-05,-0.0023226179,-0.0039437868,5.74078e-05,-0.003886379
2025-01-14,0.000856102520293856,-0.00028594673137834187,0.001146289893115604,3.3578801754704655,2.8479263749505006,2.210000567354428,-0.044269247625921104,0.0004141191,0.0004419835,0.0008561025,-0.0008013323,0.0005153856,-0.0002859467,0.0012154514,-7.34021e-05,0.0011420493
2025-01-15,0.024809349151034887,0.01960360117438033,0.01831279276935627,3.4411869971510503,2.903755987779029,2.250471849764549,-0.020558189695891405,0.0245245258,0.0002848234,0.0248093492,0.0194579096,0.0001456916,0.0196036012,0.0050666162,0.0001391317,0.005205748
2025-01-16,-0.0004602729958752838,-0.00033428058408459867,-0.002112636997870454,3.4396031117025045,2.902785318531395,2.2457174196720704,-0.02100900031220554,-0.0007149914,0.0002547184,-0.000460273,-0.0006301353,0.0002958547,-0.0003342806,-8.48561e-05,-4.11363e-05,-0.0001259924
2025-01-17,0.012254169100243866,0.008751472510307518,0.009991006073426734,3.4817525898710318,2.928188964449847,2.268154396051214,-0.009012279054414596,0.0127155977,-0.0004614286,0.0122541691,0.0093122914,-0.0005608189,0.0087514725,0.0034033063,9.93903e-05,0.0035026966
2025-01-21,0.012367176991212848,0.010827236991339036,0.00876821430596375,3.5248120403895804,2.9598931603233694,2.288042059874805,0.0,0.0106805471,0.0016866299,0.012367177,0.0090486448,0.0017785922,0.010827237,0.0016319023,-9.19623e-05,0.00153994
2025-01-22,0.013817907448937367,0.009656499445406657,0.006137961132307579,3.5735175669385835,2.988475366984495,2.3020859731074017,0.0,0.0141464419,-0.0003285344,0.0138179074,0.0100093119,-0.0003528125,0.0096564994,0.00413713,2.4278e-05,0.004161408
2025-01-23,0.004645218476678311,0.005257474005949031,0.00531351199483443,3.590117336767261,3.004187198543835,2.314318134538648,0.0,0.0044845037,0.0001607148,0.0046452185,0.0050966935,0.0001607805,0.005257474,-0.0006121899,-6.57e-08,-0.0006122555
2025-01-24,-0.0028688319984349177,-0.0016383814459879202,-0.002855176989921104,3.579817893273407,2.9992651939774664,2.307710346653556,-0.0028688319984349064,-0.0035519569,0.0006831249,-0.002868832,-0.0024703262,0.0008319447,-0.0016383814,-0.0010816307,-0.0001488198,-0.0012304506
2025-01-27,-0.030178223154465098,-0.019777663142456072,-0.0145806426234667,3.4717853500378553,2.939946737296087,2.274062446810524,-0.03296047890065856,-0.0304788708,0.0003006477,-0.0301782232,-0.0200694502,0.000291787,-0.0197776631,-0.0104094206,8.8606e-06,-0.01040056
2025-01-28,0.011616218830563905,0.011337166894745485,0.009217800900823026,3.512114368396641,2.973277404118475,2.295024301681262,-0.02172713620576483,0.0122134112,-0.0005971923,0.0116162188,0.0120642377,-0.0007270708,0.0113371669,0.0001491735,0.0001298784,0.0002790519
2025-01-29,-0.0026989744866179905,-0.00285156150433151,-0.004678873378710091,3.502635261322254,2.9647989207311922,2.284286173572633,-0.024367469706096268,-0.0026762805,-2.2694e-05,-0.0026989745,-0.002789027,-6.25345e-05,-0.0028515615,0.0001127465,3.98405e-05,0.000152587
2025-01-30,0.007391800096506708,0.006047708293342477,0.005275437094634849,3.5285260409849237,2.9827291597521914,2.2963367815874594,-0.01715578907451465,0.0074725253,-8.07252e-05,0.0073918001,0.0062423374,-0.0001946292,0.0060477083,0.0012301878,0.000113904,0.0013440918
2025-01-31,-0.005887701651551185,-0.00322852671524697,-0.005046803169735048,3.5077511323858754,2.9730993389755853,2.2847476218393648,-0.022942482558398147,-0.0051128767,-0.0007748249,-0.0058877017,-0.0027305823,-0.0004979444,-0.0032285267,-0.0023822944,-0.0002768806,-0.0026591749
2025-02-03,-0.011755497694580837,-0.009094141843817566,-0.007608603880785325,3.46651577203595,2.9460615518711815,2.267363882217223,-0.034428279952155694,-0.011241323,-7.74831e-05,-0.0113188061,-0.0091050808,1.0939e-05,-0.0090941418,-0.0021362421,-8.84221e-05,-0.0022246642
2025-02-04,0.00944251427597002,0.00944251427597002,0.007224871842350655,3.4992483967012746,2.9738797801326116,2.283745295686217,-0.025310855201131077,0.0089238707,0.0005186435,0.0094425143,0.0089238707,0.0005186435,0.0094425143,0.0,0.0,0.0
2025-02-05,0.0048801126196942,0.0048801126196942,0.003908656680821743,3.516325122961461,2.9883926483770904,2.2926716719934963,-0.0205542624053191,0.0043057193,0.0005743933,0.0048801126,0.0043057193,0.0005743933,0.0048801126,0.0,0.0,0.0
2025-02-06,0.005393042050670796,0.005393042050670796,0.00364432448840879,3.5352888122134223,3.0045091755937032,2.3010269115116233,-0.01527207035612077,0.0055570576,-0.0001640156,0.0053930421,0.0055570576,-0.0001640156,0.0053930421,0.0,0.0,0.0
2025-02-07,-0.010585199856834555,-0.010585199856834555,-0.009464837258386094,3.4978670735845117,2.9727058454983504,2.279248066266999,-0.025695612296008252,-0.0100290709,-0.000556129,-0.0105851999,-0.0100290709,-0.000556129,-0.0105851999,0.0,0.0,0.0
2025-02-10,0.007237163570929359,0.007237163570929359,0.006712589964470439,3.523181709745411,2.99421980395048,2.2945477239631615,-0.018644412074320216,0.0075734892,-0.0003363256,0.0072371636,0.0075734892,-0.0003363256,0.0072371636,0.0,0.0,0.0
2025-02-11,0.00027754775868065097,0.00027754775868065097,0.0003395731269080215,3.5241595609323757,2.995050842946064,2.2953268907086275,-0.018372039030422727,-0.0001102544,0.0003878021,0.0002775478,-0.0001102544,0.0003878021,0.0002775478,0.0,0.0,0.0
2025-02-12,-0.001644408309511955,-0.001644408309511955,-0.002723902117491961,3.5183644036663324,2.9901257564525126,2.28907464493069,-0.019986236206290364,-0.0015013748,-0.0001430335,-0.0016444083,-0.0015013748,-0.0001430335,-0.0016444083,0.0,0.0,0.0
2025-02-13,0.011900132735301674,0.011900132735301674,0.01042635703746053,3.5602334070811223,3.0257086498495416,2.3129413544641357,-0.008323942334722667,0.0106013067,0.001298826,0.0119001327,0.0106013067,0.001298826,0.0119001327,0.0,0.0,0.0
2025-02-14,0.00107146890677249,0.00107146890677249,-7.195338728738232e-05,3.564048086477663,3.028950602588808,2.312774930499085,-0.007261392273343437,0.000670937,0.0004005319,0.0010714689,0.000670937,0.0004005319,0.0010714689,0.0,0.0,0.0
2025-02-18,0.0022040675155886474,0.0022040675155886474,0.002444955786368164,3.5719034890890637,3.0356266142182964,2.318429562947976,-0.005073329356582557,0.0025287085,-0.000324641,0.0022040675,0.0025287085,-0.000324641,0.0022040675,0.0,0.0,0.0
2025-02-19,0.00023407436003090745,0.00023407436003090745,0.002376998097748828,3.5727395801123643,3.036337176575312,2.323940465608868,-0.0048404425328740786,0.0003855039,-0.0001514295,0.0002340744,0.0003855039,-0.0001514295,0.0002340744,0.0,0.0,0.0
2025-02-20,-0.004675389516317961,-0.004675389516317961,-0.004334204080303938,3.5560356309349728,3.0221411175719455,2.3138680333604422,-0.009493201094919468,-0.0058179315,0.001142542,-0.0046753895,-0.0058179315,0.001142542,-0.0046753895,0.0,0.0,0.0
2025-02-21,-0.01585758274630565,-0.01585758274630565,-0.0170641044083224,3.4996455016686103,2.9742172647290355,2.2743839476521,-0.02520024461933501,-0.0155479543,-0.0003096284,-0.0158575827,-0.0155479543,-0.0003096284,-0.0158575827,0.0,0.0,0.0
2025-02-24,-0.006809981772389102,-0.006809981772389102,-0.00496912589616394,3.4758129795924235,2.9539628993691056,2.2630822474800025,-0.031838613185206754,-0.0068456925,3.57107e-05,-0.0068099818,-0.0068456925,3.57107e-05,-0.0068099818,0.0,0.0,0.0
2025-02-25,-0.005186559042047228,-0.005186559042047228,-0.004679730915472358,3.4577854703546533,2.938641996383511,2.2524916315222137,-0.03686003938015203,-0.0057813937,0.0005948346,-0.005186559,-0.0057813937,0.0005948346,-0.005186559,0.0,0.0,0.0
2025-02-26,0.0016737471489757935,0.0016737471489757935,0.0001360144410393893,3.4635729289274293,2.9435605400468186,2.2527980029124213,-0.035247986616999905,0.0019203319,-0.0002465847,0.0016737471,0.0019203319,-0.0002465847,0.0016737471,0.0,0.0,0.0
2025-02-27,-0.018157099746990327,-0.018157099746990327,-0.01586451446090209,3.4006844897759185,2.890114017709884,2.217058456417726,-0.05276508515510481,-0.0171068891,-0.0010502107,-0.0181570997,-0.0171068891,-0.0010502107,-0.0181570997,0.0,0.0,0.0
2025-02-28,0.012938062893236402,0.012938062893236402,0.01585411417077687,3.444682759584693,2.9275064946396387,2.252207954309059,-0.04050970025217204,0.0134163125,-0.0004782496,0.0129380629,0.0134163125,-0.0004782496,0.0129380629,0.0,0.0,0.0
2025-03-03,-0.014067213796830028,-0.014067213796830028,-0.01759677554790495,3.3962256707433607,2.8863246348879343,2.2125763564498766,-0.054007055434709295,-0.015438234,0.0013710202,-0.0140672138,-0.015438234,0.0013710202,-0.0140672138,0.0,0.0,0.0
2025-03-04,-0.00953819392320602,-0.00953819392320602,-0.01223477363019099,3.3638318116888404,2.8587943107950466,2.1855059855891996,-0.06303011958995763,-0.0108654594,0.0013272655,-0.0095381939,-0.0108654594,0.0013272655,-0.0095381939,0.0,0.0,0.0
2025-03-05,0.012894154458043665,0.012925379426297668,0.01115928108477626,3.407205578639637,2.8957453119638137,2.2098946611948507,-0.05094868522941587,0.0113730143,0.0015523651,0.0129253794,0.0113730143,0.0015523651,0.0129253794,0.0,0.0,0.0
2025-03-06,-0.021648333140176196,-0.01978018399375562,-0.01781903012855501,3.3334452571961792,2.8384669368941142,2.1705164816460867,-0.07149406425869176,-0.0219071101,0.000258777,-0.0216483331,-0.0200468375,0.0002666536,-0.019780184,-0.0018602725,-7.8766e-06,-0.0018681491
2025-03-07,0.002975072697374316,0.002978635299647336,0.005520587189728143,3.3433624991690554,2.846921694709229,2.182499007129756,-0.06873169159991777,0.0024713195,0.0005037532,0.0029750727,0.0024651192,0.0005135161,0.0029786353,6.2004e-06,-9.763e-06,-3.5626e-06
2025-03-10,-0.02995135716597826,-0.02962848168949757,-0.02697306852448778,3.243224254821105,2.762571727406103,2.1236303118558184,-0.09662444132216508,-0.0299581423,6.7851e-06,-0.0299513572,-0.0296376549,9.1732e-06,-0.0296284817,-0.0003204875,-2.388e-06,-0.0003228755
2025-03-11,-0.004902144523293288,-0.005701322170821902,-0.007567823658488071,3.227325500802522,2.7468214159681565,2.1075590521398735,-0.10105291886961465,-0.0055121269,0.0006099823,-0.0049021445,-0.006322001,0.0006206789,-0.0057013222,0.0008098742,-1.06965e-05,0.0007991776
2025-03-12,0.008678146657910245,0.008618094639405289,0.004886873280486537,3.2553327048113,2.770493782888515,2.1178584261588234,-0.09325172426186479,0.0089253625,-0.0002472159,0.0086781467,0.008871889,-0.0002537944,0.0086180946,5.34735e-05,6.5785e-06,6.0052e-05
2025-03-13,-0.014076434232284557,-0.01397066441099887,-0.01389102209204718,3.209509228087819,2.7317881439950207,2.088439207973223,-0.10601550673052995,-0.0138381553,-0.0002382789,-0.0140764342,-0.0137284715,-0.0002421929,-0.0139706644,-0.0001096839,3.914e-06,-0.0001057698
2025-03-14,0.02065221580843702,0.020780237251475417,0.02126588330749479,3.275792705305459,2.788555349748005,2.1328517124647783,-0.08755274604613261,0.0206827679,-3.05521e-05,0.0206522158,0.0208132014,-3.29642e-05,0.0207802373,-0.0001304335,2.4121e-06,-0.0001280214
2025-03-17,0.007217049831565504,0.007335829052785928,0.006416099479689574,3.2994342644975276,2.809011715097988,2.146536301227379,-0.08096756874567235,0.0067418414,0.0004752084,0.0072170498,0.0068527279,0.0004831011,0.0073358291,-0.0001108865,-7.8927e-06,-0.0001187792
2025-03-18,-0.010186842871180712,-0.009946135562418676,-0.01065351922073898,3.265823446081302,2.781072903783201,2.123668135484239,-0.09032960771637932,-0.0104429574,0.0002561145,-0.0101868429,-0.0102072778,0.0002611423,-0.0099461356,-0.0002356796,-5.0277e-06,-0.0002407073
2025-03-19,0.01064434025008311,0.010483091594028686,0.01079851674010546,3.3005859820380903,2.8102271457632315,2.146600601395694,-0.08064676654548586,0.0109384552,-0.000294115,0.0106443403,0.0107818156,-0.000298724,0.0104830916,0.0001566396,4.609e-06,0.0001612487
2025-03-20,-0.001439399474940035,-0.0018372876673555904,-0.002184910374623983,3.2958351203085505,2.8050639500858527,2.1419104714715305,-0.0819700831070046,-0.0008563562,-0.0005830433,-0.0014393995,-0.001242358,-0.0005949297,-0.0018372877,0.0003860018,1.18864e-05,0.0003978882
2025-03-21,0.001061790840054544,0.0014055554803356848,0.0008246672635350283,3.299334607849624,2.809006623093588,2.143676834918776,-0.08099532735035164,0.001488606,-0.0004268152,0.0010617908,0.0018423272,-0.0004367717,0.0014055555,-0.0003537211,9.9565e-06,-0.0003437646
2025-03-24,0.01495260771970124,0.015115106451069555,0.01764604168284056,3.3486682639768337,2.8514650572234066,2.1815042457022926,-0.06725381098764904,0.0153124762,-0.0003598685,0.0149526077,0.0154858249,-0.0003707184,0.0151151065,-0.0001733486,1.08499e-05,-0.0001624987
2025-03-25,0.0028921186267815936,0.003002556780254487,0.001574319860877305,3.3583530098379937,2.8600267429646316,2.1849386311628898,-0.06455619836034676,0.0027609705,0.0001311482,0.0028921186,0.0028670873,0.0001354695,0.0030025568,-0.0001061168,-4.3214e-06,-0.0001104382
2025-03-26,-0.015136781637172676,-0.014597920715841303,-0.01115698545004451,3.3075183536675343,2.818276299325648,2.1605613026457653,-0.07871580691961289,-0.0146193415,-0.0005174401,-0.0151367816,-0.0140687473,-0.0005291735,-0.0145979207,-0.0005505942,1.17333e-05,-0.0005388609
2025-03-27,-0.004749025892899262,-0.0045672198914192405,-0.003306957039319269,3.2918108633647276,2.805404611751852,2.1534164192371,-0.08309100940727054,-0.005180427,0.0004314011,-0.0047490259,-0.0050056196,0.0004383997,-0.0045672199,-0.0001748074,-6.9986e-06,-0.000181806
2025-03-28,-0.019567608937348505,-0.019042922373113454,-0.01973720032810455,3.227397995694691,2.7519815095050872,2.1109140079807878,-0.10103272596632795,-0.0199379511,0.0003703421,-0.0195676089,-0.0194235771,0.0003806547,-0.0190429224,-0.000514374,-1.03126e-05,-0.0005246866
2025-03-31,0.00027982048888930747,0.0004434519857274003,0.005538493515429455,3.228301087779687,2.7532018811701624,2.1226052915256184,-0.10078117650421226,0.0005298311,-0.0002500107,0.0002798205,0.0006982242,-0.0002547723,0.000443452,-0.0001683931,4.7616e-06,-0.0001636315
2025-04-01,0.0064342420781180795,0.005982582443093335,0.003781284246727745,3.2490727584795134,2.769673138406742,2.130631465476485,-0.09499538491263992,0.0065176578,-8.34157e-05,0.0064342421,0.0060669057,-8.43233e-05,0.0059825824,0.0004507521,9.075e-07,0.0004516596
2025-04-02,0.0059876951178786325,0.006075510042632066,0.006728125160880394,3.2685272155730933,2.78650031537394,2.1449666206479208,-0.08957649319722372,0.0052701697,0.0007175254,0.0059876951,0.0053439518,0.0007315583,0.00607551,-7.37821e-05,-1.40328e-05,-8.78149e-05
2025-04-03,-0.04599879661829372,-0.04523271990106309,-0.04839560075260485,3.1181788969425885,2.6604593271044066,2.04115967244738,-0.13145487892315844,-0.0486166909,0.0026490589,-0.045967632,-0.0479394874,0.0027067675,-0.0452327199,-0.0006772035,-5.77086e-05,-0.0007349121
2025-04-04,-0.06119465493899188,-0.06031173056637453,-0.05974961641947041,2.9273630153061405,2.500002420985288,1.9192011649677572,-0.18460519790640073,-0.059983213,-0.0012114419,-0.0611946549,-0.0590530032,-0.0012587273,-0.0603117306,-0.0009302098,4.72855e-05,-0.0008829244
2025-04-07,-0.007080408017225702,-0.008187180554060026,-0.002331457131144909,2.906636090743237,2.479534449779094,1.9147266297255914,-0.1903785258003483,-0.0063669716,-0.0007134364,-0.007080408,-0.0074461134,-0.0007410672,-0.0081871806,0.0010791418,2.76308e-05,0.0011067725
2025-04-08,-0.008699329335543717,-0.008096521112819374,-0.01570052842115655,2.881350306131284,2.459458846756495,1.8846644098568395,-0.1974216896415396,-0.0096187807,0.0009194514,-0.0086993293,-0.0090536819,0.0009571608,-0.0080965211,-0.0005650989,-3.77094e-05,-0.0006028082
2025-04-09,0.08581367059911513,0.08278850968646366,0.09515390034057347,3.1286095521822936,2.6630737793146535,2.0639975792877827,-0.1285494988864443,0.0862194018,-0.0004057312,0.0858136706,0.0832128528,-0.0004243431,0.0827885097,0.003006549,1.86119e-05,0.0030251609
2025-04-10,-0.02453178438523602,-0.022341999014276304,-0.0346075610694716,3.0518591772225676,2.6035753875622603,1.9925676570153392,-0.1499277346821679,-0.0278693874,0.003337603,-0.0245317844,-0.0258211163,0.0034791173,-0.022341999,-0.0020482711,-0.0001415143,-0.0021897854
2025-04-11,0.01651853084963693,0.016517472718134835,0.01809208340847168,3.1022714071902664,2.646579872995927,2.0286173572630837,-0.1358857897430945,0.0147214675,0.0017970633,0.0165185308,0.0146501048,0.0018673679,0.0165174727,7.13627e-05,-7.03046e-05,1.0581e-06
2025-04-14,0.007873791704167965,0.008680123472119168,0.007944646639420183,3.126698046060279,2.6695525130723574,2.044734005333133,-0.12908193444291993,0.007672225,0.0002015667,0.0078737917,0.0084706581,0.0002094653,0.0086801235,-0.0007984331,-7.8986e-06,-0.0008063318
2025-04-15,0.0002687121451841652,0.0001902414426627199,-0.001727719539694084,3.1275382277995787,2.670060372593708,2.041201278438642,-0.12884790818124459,0.0009454935,-0.0006767814,0.0002687121,0.0008930168,-0.0007027754,0.0001902414,5.24767e-05,2.5994e-05,7.84707e-05
2025-04-16,-0.021025872738335102,-0.020857558747902426,-0.02240842896400164,3.0617790070375865,2.614369431511889,1.9954611645895204,-0.1471646411995602,-0.0223824281,0.0013565553,-0.0210258727,-0.0222695152,0.0014119564,-0.0208575587,-0.0001129129,-5.54011e-05,-0.000168314
2025-04-17,4.4917162740942254e-05,-7.64975197426322e-06,0.001326838144701137,3.0619165334635228,2.6143494322341687,1.9981088185789675,-0.14712633425495758,0.0005187632,-0.0004738461,4.49172e-05,0.0004851953,-0.000492845,-7.6498e-06,3.35679e-05,1.8999e-05,5.25669e-05
2025-04-21,-0.020111122580714704,-0.019513805910779676,-0.02356749389516721,3.000337954727121,2.563333524830594,1.9510184011952278,-0.1642785810926196,-0.0218770226,0.0017659001,-0.0201111226,-0.0213514554,0.0018376495,-0.0195138059,-0.0005255672,-7.17494e-05,-0.0005973167
2025-04-22,0.02107007263456248,0.020528989902343545,0.02511728897677501,3.063555293361456,2.61595617287818,2.000022694177054,-0.14666987009398147,0.0222481101,-0.0011780375,0.0210700726,0.0217520822,-0.0012230923,0.0205289899,0.0004960279,4.50548e-05,0.0005410827
2025-04-23,0.019660030637942784,0.019002200701072225,0.01666111926411173,3.1237848842899743,2.66566509710042,2.033345310815668,-0.12989337359574937,0.0211950543,-0.0015350237,0.0196600306,0.0205995336,-0.0015973329,0.0190022007,0.0005955207,6.23092e-05,0.0006578299
2025-04-24,0.022907131794783084,0.022041071018775064,0.02025908412793509,3.1953418363329558,2.72441921081788,2.074539024528625,-0.10996172642919322,0.022033701,0.0008734308,0.0229071318,0.0211313326,0.0009097384,0.022041071,0.0009023684,-3.63076e-05,0.0008660608
2025-04-25,0.009378142636828226,0.00866459128276579,0.007373144179245283,3.225308207847511,2.7480251897625325,2.0898348998619456,-0.10161482054740989,0.0098348657,-0.0004567231,0.0093781426,0.0091423851,-0.0004777938,0.0086645913,0.0006924806,2.10708e-05,0.0007135514
2025-04-28,0.002263230636126679,0.002050756886073548,0.0006406996295162948,3.2326078241944622,2.7536607213435413,2.0911738563080373,-0.0995815676862305,0.0011514123,0.0011118183,0.0022632306,0.0008922667,0.0011584902,0.0020507569,0.0002591456,-4.66718e-05,0.0002124738
2025-04-29,0.004877531628337709,0.0050081727009806,0.00580239656341841,3.248374971098983,2.7674515297959363,2.1033076763053895,-0.09518974830388172,0.005309622,-0.0004320904,0.0048775316,0.0054580086,-0.0004498359,0.0050081727,-0.0001483866,1.77455e-05,-0.0001306411
2025-04-30,0.000589848745761184,0.00142683993317491,0.001479994892848779,3.250291021001448,2.771400240151775,2.1064205609244113,-0.0946560471117669,0.0012553869,-0.0006655381,0.0005898487,0.0021220327,-0.0006951928,0.0014268399,-0.0008666459,2.96547e-05,-0.0008369912
2025-05-01,0.006629686663455032,0.006742696197591913,0.006299088176460632,3.271839432035729,2.790086950013052,2.1196890897743836,-0.08865390038146415,0.0074568064,-0.0008271198,0.0066296867,0.0076091225,-0.0008664263,0.0067426962,-0.0001523161,3.93066e-05,-0.0001130095
2025-05-02,0.01548419395431976,0.016119217049589348,0.01472661282551813,3.3225012283887616,2.8350609671475393,2.150904930309966,-0.0745424406154579,0.0151992163,0.0002849777,0.015484194,0.0158232677,0.0002959494,0.016119217,-0.0006240514,-1.09717e-05,-0.0006350231
2025-05-05,-0.004951051796496987,-0.00526743962556646,-0.006381590632127399,3.3060513527130837,2.8201274546682895,2.1371787355561036,-0.07912442892743055,-0.005414881,0.0004977052,-0.0049171758,-0.0057870347,0.0005195951,-0.0052674396,0.0003721537,-2.18899e-05,0.0003502638
2025-05-06,-0.00711689161674261,-0.007048015795363039,-0.007693287885062627,3.2825225435564396,2.8002511518228506,2.1207368042816364,-0.0856782005592599,-0.0078775453,0.0007606537,-0.0071168916,-0.0077820423,0.0007340265,-0.0070480158,-9.5503e-05,2.66271e-05,-6.88758e-05
2025-05-07,0.0011398979149678658,0.0018023395266603868,0.004346422539330819,3.286264284159675,2.8052981551583573,2.1299544225277547,-0.08463596704646759,0.0020319205,-0.0008920226,0.0011398979,0.0026654757,-0.0008631362,0.0018023395,-0.0006335552,-2.88864e-05,-0.0006624416
2025-05-08,0.003902306944051111,0.00331289377369291,0.005799747126763233,3.2990882960957384,2.8145918099499334,2.1423076195699466,-0.08106393562433845,0.005185829,-0.001283522,0.0039023069,0.0045402898,-0.001227396,0.0033128938,0.0006455392,-5.6126e-05,0.0005894132
2025-05-09,0.003144282438468685,0.0009777604951384483,-0.0007115188367108338,3.3094615614881095,2.8173438066316425,2.1407833273445935,-0.07817454109504662,0.002742453,0.0004018294,0.0031442824,0.0005862524,0.000391508,0.0009777605,0.0021562006,1.03214e-05,0.0021665219
2025-05-12,0.03234744671216459,0.030195683774393134,0.03255882160670387,3.416514192994303,2.9024154293004365,2.210484709798212,-0.048355841185201975,0.0348113172,-0.0024638705,0.0323474467,0.0325997582,-0.0024040744,0.0301956838,0.002211559,-5.97961e-05,0.0021517629
2025-05-13,0.010414422614124813,0.0107243009369935,0.007248224304822415,3.452095215667301,2.9335418058084275,2.22650679879721,-0.03844501673704148,0.0091870762,0.0012273464,0.0104144226,0.0094894549,0.001234846,0.0107243009,-0.0003023787,-7.4996e-06,-0.0003098783
2025-05-14,0.005014153961475512,0.002402737482090421,0.001024369112638146,3.4694045525683292,2.940590336660523,2.2287875635909766,-0.03362363200853713,0.0050070816,7.0723e-06,0.005014154,0.0024383455,-3.5608e-05,0.0024027375,0.0025687362,4.26803e-05,0.0026114165
2025-05-15,0.0011703403412441082,0.002805581752992562,0.004132315556174104,3.4734649366762964,2.948840403252084,2.237997617111411,-0.032492642760251655,0.0006129844,0.0005573559,0.0011703403,0.0022873077,0.000518274,0.0028055818,-0.0016743233,3.90819e-05,-0.0016352414
2025-05-16,0.004816493796746443,0.005497575762773439,0.007005322016653937,3.490194858997014,2.9650518767812897,2.2536755110917803,-0.027832649575799784,0.0050729644,-0.0002564706,0.0048164938,0.0057650956,-0.0002675199,0.0054975758,-0.0006921312,1.10492e-05,-0.000681082
2025-05-19,0.0009564137277676245,0.0019191864122540267,0.000876077054501545,3.493532929272743,2.970742364054837,2.25564990449534,-0.026902855376166657,2.32123e-05,0.0009332014,0.0009564137,0.0009868099,0.0009323765,0.0019191864,-0.0009635976,8.25e-07,-0.0009627727
2025-05-20,-0.00207261986860121,-0.0019414413350850794,-0.003880206586625579,3.4862921635119197,2.9649748420333726,2.246897516878796,-0.028919715852192995,-0.0026259414,0.0005533215,-0.0020726199,-0.0024990563,0.000557615,-0.0019414413,-0.0001268851,-4.2935e-06,-0.0001311785
2025-05-21,-0.013073482978963193,-0.012081477886107004,-0.01613511411574198,3.440714182252554,2.9291535640464827,2.2106435690375794,-0.041615117418206005,-0.0137811349,0.0007076519,-0.013073483,-0.01277666,0.0006951821,-0.0120814779,-0.0010044749,1.24698e-05,-0.0009920051
2025-05-22,-0.0006872064846399432,-0.0008964247280522088,-0.0004448543187653975,3.4383497011547175,2.9265277983594093,2.2096601546986423,-0.04227372572429722,-0.0001393064,-0.0005479001,-0.0006872065,-0.0003413546,-0.0005550701,-0.0008964247,0.0002020482,7.1701e-06,0.0002092182
2025-05-23,-0.005880002331770039,-0.006122059052077325,-0.006708307585916562,3.418132196894487,2.9086114223603072,2.1948370747205797,-0.047905158450235796,-0.0071939732,0.0013139709,-0.0058800023,-0.0074132396,0.0012911805,-0.0061220591,0.0002192664,2.27903e-05,0.0002420567
2025-05-27,0.020466269318908943,0.020048373533694486,0.0204590182014952,3.488088611003764,2.966924350620157,2.2397412863816046,-0.028419329005934246,0.0213450197,-0.0008787504,0.0204662693,0.0208629894,-0.0008146159,0.0200483735,0.0004820303,-6.41345e-05,0.0004178958
2025-05-28,-0.004375439542540646,-0.004971060492923025,-0.005571185873944895,3.4728266901672926,2.952175590195298,2.2272632713656244,-0.03267042149256971,-0.0039812608,-0.0003941788,-0.0043754395,-0.0045845695,-0.000386491,-0.0049710605,0.0006033087,-7.6877e-06,0.000595621
2025-05-29,0.003253903090143352,0.003942130567766917,0.004011174227950942,3.48412693166596,2.963813451830822,2.236197212398588,-0.029522824787877378,0.0024432703,0.0008106328,0.0032539031,0.0031275328,0.0008145978,0.0039421306,-0.0006842625,-3.965e-06,-0.0006882275
2025-05-30,-0.0007862572428857382,-8.325216387945061e-05,-8.118846379590039e-05,3.4813875116308046,2.963566707947622,2.2360156589821685,-0.03028586949594314,-0.000590854,-0.0001954032,-0.0007862572,0.0001335531,-0.0002168052,-8.32522e-05,-0.0007244071,2.1402e-05,-0.0007030051
2025-06-02,0.005299461614600516,0.0055083678023198825,0.00410204188649943,3.4998369911142415,2.9798911233817074,2.245187888874182,-0.025146906684201276,0.0041263912,0.0011730704,0.0052994616,0.0043495343,0.0011588335,0.0055083678,-0.0002231431,1.42369e-05,-0.0002089062
2025-06-03,0.004547461433077827,0.004086400086073323,0.005800260784307065,3.515752364853393,2.992068150724784,2.25821056413942,-0.020713799839431002,0.0054802403,-0.0009327788,0.0045474614,0.0049934117,-0.0009070117,0.0040864001,0.0004868285,-2.57672e-05,0.0004610613
2025-06-04,0.00505092998460587,0.003693851013550522,7.369727504324963e-05,3.5335101838914795,3.0031204046959505,2.2583769881044713,-0.015767493807529287,0.0042824343,0.0008210045,0.0051034388,0.0029011983,0.0007926527,0.003693851,0.001381236,2.83518e-05,0.0014095878
2025-06-05,-0.00472485755454763,-0.0048734541007773025,-0.005277340930292529,3.516814851605049,2.9884848352445568,2.246458762789117,-0.020417852199844155,-0.0047840494,5.91918e-05,-0.0047248576,-0.0049782944,0.0001048403,-0.0048734541,0.000194245,-4.56485e-05,0.0001485965
2025-06-06,0.01018484108178645,0.009530890202274137,0.01028067280655964,3.5526330519827125,3.016967756080434,2.2695538703027807,-0.01044096369794456,0.0108967356,-0.0007118945,0.0101848411,0.0102251318,-0.0006942416,0.0095308902,0.0006716038,-1.76529e-05,0.0006539509
2025-06-09,0.0016312126109739912,0.0013334063014527851,0.0009199448033119229,3.55842815181927,3.0209905998976714,2.271641734591602,-0.008826782518625231,0.001366093,0.0002651196,0.0016312126,0.0010634422,0.0002699641,0.0013334063,0.0003026508,-4.8445e-06,0.0002978063
2025-06-10,0.005144259900222191,0.005200430869429446,0.005482960032501483,3.576733631068496,3.036701052669635,2.28409705543053,-0.003727929881761516,0.0053454868,-0.0002012269,0.0051442599,0.0053994204,-0.0001989895,0.0052004309,-5.39336e-05,-2.2374e-06,-5.6171e-05
2025-06-11,-0.0014232201966848943,-0.001887315074710114,-0.002743918089822439,3.571643151526597,3.0309698409955437,2.277829680201224,-0.005145844413346978,-0.0019964175,0.0005731973,-0.0014232202,-0.0024850876,0.0005977725,-0.0018873151,0.0004886701,-2.45753e-05,0.0004640949
2025-06-12,0.004041906500072433,0.004632319367015217,0.003822497940965564,3.586079399196692,3.0450102612908263,2.2865366794636635,-0.0011247369352571646,0.0027943713,0.0012475352,0.0040419065,0.0033571616,0.0012751577,0.0046323194,-0.0005627904,-2.76225e-05,-0.0005904129
2025-06-13,-0.012310582711051473,-0.011392931555150539,-0.01129645375054178,3.5419326721444833,3.010318667799209,2.2607069236151847,-0.013421473479238943,-0.011852593,-0.0004579897,-0.0123105827,-0.0109327055,-0.0004602261,-0.0113929316,-0.0009198875,2.2363e-06,-0.0009176512
2025-06-16,0.011835882628920413,0.009533044232066672,0.009392719053299414,3.583854571531524,3.0390161688119552,2.281941108610551,-0.0017444458351258962,0.0119359588,-0.0001000762,0.0118358826,0.0096006805,-6.76362e-05,0.0095330442,0.0023352783,-3.24399e-05,0.0023028384
2025-06-17,-0.00725773565171811,-0.00868769470341341,-0.008352242873078675,3.557843902437147,3.0126141241385795,2.2628817822493734,-0.008989520760113945,-0.006309843,-0.0009478926,-0.0072577357,-0.0077008666,-0.0009868281,-0.0086876947,0.0013910236,3.89354e-05,0.0014299591
2025-06-18,0.0013928237246489065,-0.00039683923659906766,-0.000309223898160127,3.562799351833059,3.011418600649389,2.262182045123591,-0.007609217853252748,0.001432882,-4.00583e-05,0.0013928237,-0.0003460174,-5.08219e-05,-0.0003968392,0.0017788994,1.07635e-05,0.001789663
2025-06-20,-0.005202631288186096,-0.004770562817922145,-0.002178612810510794,3.544263420451683,2.997052439043932,2.257253626340377,-0.012772261186556944,-0.0053426531,0.0001400218,-0.0052026313,-0.0049779597,0.0002073969,-0.0047705628,-0.0003646934,-6.73751e-05,-0.0004320685
2025-06-23,0.007479470213690919,0.00846751906252004,0.009606490790637912,3.5707726331344256,3.0224300377029087,2.2789379125139497,-0.005388320719972417,0.0069784095,0.0005010608,0.0074794702,0.0079265286,0.0005409905,0.0084675191,-0.0009481191,-3.99297e-05,-0.0009880488
2025-06-24,0.016390397513430334,0.014153189899177219,0.01112167789456575,3.629299016021577,3.065207063983495,2.304283525918644,0.0,0.0155123984,0.0008779992,0.0163903975,0.0132851245,0.0008680654,0.0141531899,0.0022272738,9.9338e-06,0.0022372076
2025-06-25,0.0011398161744797554,0.0008193699740748227,-3.282897091061443e-06,3.6334357497420617,3.0677186026160452,2.30427596119296,0.0,0.0008363041,0.0003035121,0.0011398162,0.0004726172,0.0003467527,0.00081937,0.0003636868,-4.32406e-05,0.0003204462
2025-06-26,0.008050473238628932,0.007789508233514925,0.008020143922681022,3.6626866270096374,3.0916146219292298,2.3227565860393016,0.0,0.0073830166,0.0006674566,0.0080504732,0.0071215011,0.0006680071,0.0077895082,0.0002615155,-5.505e-07,0.000260965
2025-06-27,0.00865055162871127,0.0071199180998722566,0.005219002706390752,3.6943708867763743,3.1136266648337334,2.3348790589481276,0.0,0.0086254109,2.51407e-05,0.0086505516,0.0070777384,4.21797e-05,0.0071199181,0.0015476725,-1.7039e-05,0.0015306335
2025-06-30,0.005571204711934036,0.004724238649673288,0.005164367162530104,3.714952983268415,3.1283361802643945,2.3469372316886385,0.0,0.0048204197,0.000750785,0.0055712047,0.0039554932,0.0007687455,0.0047242386,0.0008649265,-1.79604e-05,0.0008469661
2025-07-01,-0.00488110994712766,-0.004081028880749253,-0.001118461873181875,3.696819889308672,3.115569349964043,2.3443122718762437,-0.004881109947127649,-0.0051721403,0.0002910304,-0.0048811099,-0.0043540539,0.000273025,-0.0040810289,-0.0008180864,1.80054e-05,-0.0008000811
2025-07-02,0.005488253637680605,0.006106957139549479,0.004745071401949907,3.7171089745140202,3.1345959984495675,2.355436200994764,0.0,0.0057520155,-0.0002637619,0.0054882536,0.0063751448,-0.0002681877,0.0061069571,-0.0006231293,4.4258e-06,-0.0006187035
2025-07-03,0.008203714069617188,0.00825701832344345,0.00833892687501403,3.747603073706541,3.160478415045358,2.37507801123362,0.0,0.0088150993,-0.0006113852,0.0082037141,0.0088348572,-0.0005778389,0.0082570183,-1.9758e-05,-3.35463e-05,-5.33043e-05
2025-07-07,-0.008836526513418343,-0.008073448414816003,-0.00786227873904155,3.714487279783965,3.1349624555953497,2.356404485882333,-0.008836526513418375,-0.0080660694,-0.0007295817,-0.0087956511,-0.0073578341,-0.0007156143,-0.0080734484,-0.0007082353,-1.39674e-05,-0.0007222027
2025-07-08,-0.0020722144814033453,-0.0009012340880023527,-0.0007158931489344988,3.7067900654518082,3.1321371205657598,2.354717552054771,-0.010890429816615255,-0.0021013372,2.91228e-05,-0.0020722145,-0.0009999997,9.87656e-05,-0.0009012341,-0.0011013375,-6.96429e-05,-0.0011709804
2025-07-09,0.0074557134579541304,0.0066684262540985285,0.0060621442064277,3.7344268300286076,3.153023545971977,2.3689921894207338,-0.003515912282807898,0.0074003529,5.53606e-05,0.0074557135,0.0066420445,2.63818e-05,0.0066684263,0.0007583084,2.89788e-05,0.0007872872
2025-07-10,0.0009658671298332114,0.0016033608428384965,0.00274617371784025,3.738033790152499,3.1580789804621365,2.37549785350909,-0.002553441057080108,0.0011346337,-0.0001687666,0.0009658671,0.0017921333,-0.0001887724,0.0016033608,-0.0006574996,2.00059e-05,-0.0006374937
2025-07-11,-0.003702059031554912,-0.0038245638593200158,-0.003297529161876644,3.7241953683994073,3.1460007057285826,2.367664580063168,-0.006246047099108254,-0.0031887881,-0.0005132709,-0.003702059,-0.0034244375,-0.0004001264,-0.0038245639,0.0002356494,-0.0001131445,0.0001225048
2025-07-14,0.001317538514902312,0.0012499498477452735,0.001407404449059513,3.729102139234294,3.149933048831714,2.3709968417270297,-0.004936737991824924,0.0017020163,-0.0003844778,0.0013175385,0.0016245786,-0.0003746288,0.0012499498,7.74377e-05,-9.849e-06,6.75887e-05
2025-07-15,-0.0008636407247290983,-0.001851606383228357,-0.003956251515499609,3.725881534760177,3.1441006126917554,2.3616165818787023,-0.00579611514857703,-5.3176e-06,-0.0008583231,-0.0008636407,-0.0010819808,-0.0007696256,-0.0018516064,0.0010766632,-8.86975e-05,0.0009879657
2025-07-16,0.0023030373989002912,0.0027480489409804016,0.003193588478737075,3.7344623792786016,3.152740755050799,2.3691586133857845,-0.0035064264196321693,0.0017392883,0.0005637491,0.0023030374,0.0022726458,0.0004754031,0.0027480489,-0.0005333575,8.8346e-05,-0.0004450115
2025-07-17,0.00534800775250544,0.005445408359174363,0.005373820585277134,3.7544343130344235,3.1699087159126624,2.3818900467121837,0.0,0.0059130599,-0.0005650521,0.0053480078,0.0059579535,-0.0005125451,0.0054454084,-4.48936e-05,-5.2507e-05,-9.74006e-05
2025-07-18,-0.0008879206006943526,-0.0004605415239592597,-9.051412020266714e-05,3.7511006734639265,3.1684488413218244,2.381674452030186,-0.0008879206006943141,-0.0010893473,0.0002014267,-0.0008879206,-0.0007044381,0.0002438966,-0.0004605415,-0.0003849092,-4.24698e-05,-0.0004273791
2025-07-21,0.0023881672701555894,0.002670156488939069,0.001399125586211358,3.7600589293193516,3.1769090955553514,2.385006713694047,0.0,0.0013870498,0.0010011175,0.0023881673,0.0017767686,0.0008933878,0.0026701565,-0.0003897189,0.0001077296,-0.0002819892
2025-07-22,-0.0026569034168381677,-0.00274880761225851,0.0006375285460542557,3.75006881590253,3.1681763836500356,2.386527223556558,-0.002656903416838219,-0.0034077527,0.0007508492,-0.0026569034,-0.0034564467,0.0007076391,-0.0027488076,4.8694e-05,4.32101e-05,9.19042e-05
2025-07-23,0.01038530193927155,0.010187989865202071,0.007811880905664648,3.789014412848724,3.2004537325378344,2.4051704900051085,0.0,0.0101599036,0.0002253983,0.0103853019,0.009961729,0.0002262608,0.0101879899,0.0001981746,-8.625e-07,0.0001973121
2025-07-24,0.0042697054490295275,0.0016539043486937276,0.000698232873244109,3.8051923883337153,3.205746976883872,2.4068498591069867,0.0,0.004690954,-0.0004212486,0.0042697054,0.0020398974,-0.0003859931,0.0016539043,0.0026510566,-3.52555e-05,0.0026158011
2025-07-25,0.003238568926707772,0.0029969358808425205,0.003974321701619488,3.817515766162718,3.215354395023798,2.4164154547345755,0.0,0.0036193768,-0.0003808079,0.0032385689,0.0033191414,-0.0003222055,0.0029969359,0.0003002354,-5.86024e-05,0.000241633
2025-07-28,0.00012138849494584464,-0.00030901119962926585,0.000176876455708852,3.8179791686560045,3.2143608145049587,2.416842861735729,0.0,0.0015662171,-0.0014448286,0.0001213885,0.001138637,-0.0014476482,-0.0003090112,0.0004275801,2.8196e-06,0.0004303997
2025-07-29,-0.005539883632116918,-0.004166464429119575,-0.002959417944620957,3.796828008351804,3.200968294508968,2.4096904136013793,-0.005539883632116882,-0.0052516081,-0.0002882755,-0.0055398836,-0.0038480668,-0.0003183977,-0.0041664644,-0.0014035414,3.01222e-05,-0.0013734192
2025-07-30,0.0009973335150155083,-0.0008645849697294635,-0.001249438851269713,3.8006147121752827,3.198200785432955,2.4066796527790935,-0.00454807522871703,0.0024514863,-0.0014541528,0.0009973335,0.0005683771,-0.001432962,-0.000864585,0.0018831092,-2.11907e-05,0.0018619185
2025-07-31,-0.001207750848150575,-0.003560494534103609,-0.00369485611906506,3.7960245165331594,3.1868136090174555,2.3977873177373934,-0.005750333135152608,-0.0009456285,-0.0002621224,-0.0012077508,-0.003431608,-0.0001288865,-0.0035604945,0.0024859795,-0.0001332359,0.0023527437
2025-08-01,-0.013282309677793388,-0.016026757808573135,-0.01599207494727417,3.74560454336007,3.135739319124668,2.3594417232445135,-0.018956265107494485,-0.0153998655,0.0021175558,-0.0132823097,-0.0178974698,0.001870712,-0.0160267578,0.0024976043,0.0002468438,0.0027444481
2025-08-04,0.015437540702790024,0.014079567214372292,0.01473707159815385,3.8034274659547465,3.179889171635034,2.3942129848516394,-0.0038113625188742617,0.0155141647,-7.66239e-05,0.0154375407,0.0142008943,-0.0001213271,0.0140795672,0.0013132704,4.47031e-05,0.0013579735
2025-08-05,-0.005206626482581491,-0.0048013637712094265,-0.004857865951336082,3.7836244397859287,3.164621366969884,2.382582219112282,-0.008998144660430252,-0.0050384492,-9.16142e-05,-0.0051300634,-0.0047691684,-3.21953e-05,-0.0048013638,-0.0002692808,-5.94188e-05,-0.0003286996
2025-08-06,0.009663125570352503,0.008587976639149264,0.007281888623775545,3.8201860778586347,3.191799061341174,2.3999319174688454,0.0,0.0090025842,0.0006605413,0.0096631256,0.0079128672,0.0006751094,0.0085879766,0.0010897171,-1.45681e-05,0.0010751489
2025-08-07,0.0011875232703996868,0.0012506370535493789,-0.0007974707882983934,3.8247226377233488,3.1957908435147715,2.398018041870759,0.0,0.0010183585,0.0001691648,0.0011875233,0.0010548301,0.000195807,0.0012506371,-3.64716e-05,-2.66422e-05,-6.31138e-05
2025-08-08,-6.68257800817678e-05,0.007983683551800562,0.007799684542586727,3.8244670476494864,3.221305026307135,2.4167218261247823,-6.682578008176954e-05,0.0002089448,-0.0002757705,-6.68258e-05,0.0082702566,-0.0002865731,0.0079836836,-0.0080613119,1.08025e-05,-0.0080505093
2025-08-11,-0.001275112661866601,-0.002286881683514986,-0.002504127898332431,3.819590421292137,3.213938282845459,2.4106700455774743,-0.0013418532315501164,-0.0009237027,-0.0003514099,-0.0012751127,-0.001919141,-0.0003677407,-0.0022868817,0.0009954382,1.63308e-05,0.001011769
2025-08-12,0.012087237367619793,0.011064971459388458,0.01134550361264308,3.865758717361382,3.2495004182173797,2.438020311288464,0.0,0.0114123559,0.0006748815,0.0120872374,0.0103651268,0.0006998446,0.0110649715,0.001047229,-2.49631e-05,0.0010222659
2025-08-13,0.0036274970280040218,0.0016738658834397054,0.003230030283473129,3.8797817456195904,3.254939646105657,2.4458951907256483,0.0,0.0032318255,0.0003956715,0.003627497,0.0012514748,0.0004223911,0.0016738659,0.0019803507,-2.67196e-05,0.0019536311
2025-08-14,0.0014029472484081832,0.0010912639397565095,0.0003030968456279037,3.8852248747440323,3.2584916443675356,2.446636533842694,0.0,0.0019728772,-0.0005699299,0.0014029472,0.0016782775,-0.0005870136,0.0010912639,0.0002945997,1.70836e-05,0.0003116833
2025-08-15,-0.00040156533964895414,-0.000884309112234478,-0.002897098881664117,3.883664703097593,3.2556101305142815,2.43954838587666,-0.00040156533964896823,-0.0008722739,0.0004707085,-0.0004015653,-0.0013640657,0.0004797566,-0.0008843091,0.0004917919,-9.0481e-06,0.0004827438
2025-08-18,0.00019714428283165947,1.5041719802211685e-05,-0.0001007783187076949,3.884430345390244,3.2556591004896496,2.4393025322919253,-0.00020450022312823446,0.0006298565,-0.0004327122,0.0001971443,0.0004659836,-0.0004509419,1.50417e-05,0.0001638729,1.82297e-05,0.0001821026
2025-08-19,-0.01233831588160364,-0.00803567196190311,-0.005858136343549147,3.8365030167687326,3.22949769193833,2.4250127654745945,-0.012540292916380924,-0.0122426265,-9.56894e-05,-0.0123383159,-0.0079424207,-9.32513e-05,-0.008035672,-0.0043002058,-2.4381e-06,-0.0043026439
2025-08-20,-0.0037007120253455504,-0.00269440814224195,-0.002431617579394141,3.8223052239193023,3.22079610706182,2.4191160618038112,-0.01619459692892944,-0.0037967755,9.60635e-05,-0.003700712,-0.0027907762,9.63681e-05,-0.0026944081,-0.0010059993,-3.046e-07,-0.0010063039
2025-08-21,-0.0036541062962051956,-0.004506308286599473,-0.00400420277120217,3.8083381143345605,3.20628220687512,2.4094294305652766,-0.019789526446532202,-0.0030303783,-0.0006237279,-0.0036541063,-0.0038543802,-0.0006519281,-0.0045063083,0.0008240019,2.82001e-05,0.000852202
2025-08-22,0.014588794598417262,0.014697206605948206,0.01518640789806236,3.8638971768459114,3.2534055989065394,2.446020008699437,-0.005489437184643231,0.0132487726,0.0013400219,0.0145887946,0.0133106831,0.0013865235,0.0146972066,-6.19104e-05,-4.65016e-05,-0.000108412
2025-08-25,-0.003440478116093461,-0.003577064693733852,-0.00426633430803891,3.8506035231661375,3.2417679566042947,2.435584469618173,-0.008911029012233396,-0.0024449531,-0.000995525,-0.0034404781,-0.0025626377,-0.001014427,-0.0035770647,0.0001176845,1.8902e-05,0.0001365866
2025-08-26,0.003289116822846697,0.003549292973906788,0.004133976879546308,3.8632686079922958,3.2532739408357063,2.4456531195037567,-0.005651221604819789,0.0030040301,0.0002850867,0.0032891168,0.0032522689,0.0002970241,0.003549293,-0.0002482388,-1.19374e-05,-0.0002601762
2025-08-27,0.0015015050580237123,0.002467360482243582,0.002390990327779008,3.869069325347701,3.261300940395237,2.4515006524575926,-0.004158201884619572,0.0014769955,2.45096e-05,0.0015015051,0.0024362814,3.10791e-05,0.0024673605,-0.0009592859,-6.5695e-06,-0.0009658554
2025-08-28,0.008420635562377068,0.005117639301536787,0.003156725398833604,3.901649348102026,3.277991102261943,2.459239366832463,0.0,0.0079801032,0.0004405324,0.0084206356,0.0046696754,0.0004479639,0.0051176393,0.0033104278,-7.4315e-06,0.0033029963
2025-08-29,-0.009413649333129635,-0.008508924984329647,-0.006398169139292365,3.8649205893181597,3.250098921873496,2.4435047374094623,-0.009413649333129603,-0.0093986877,-1.49616e-05,-0.0094136493,-0.0084878011,-2.11239e-05,-0.008508925,-0.0009108866,6.1623e-06,-0.0009047243
2025-09-02,-0.007719422480120194,-0.0073963168249837185,-0.006922322011807647,3.835085634437098,3.2260601605347814,2.4265900107797367,-0.01706040387696761,-0.006982449,-0.0007369734,-0.0077194225,-0.0066073725,-0.0007889443,-0.0073963168,-0.0003750765,5.19709e-05,-0.0003231057
2025-09-03,0.007176143236249247,0.007089566942276651,0.005100116280157385,3.8626067582731,3.248931530002704,2.4389659019989818,-0.010006688542607889,0.0068957435,0.0002803998,0.0071761432,0.0067913903,0.0002981767,0.0070895669,0.0001043532,-1.77769e-05,8.65763e-05
2025-09-04,0.009041812076322611,0.008534996009470913,0.00834643764364329,3.8975317227061392,3.2766611476463217,2.4593225788149886,-0.001055355063593666,0.0093303558,-0.000214654,0.0091157018,0.0087618133,-0.0002268173,0.008534996,0.0005685425,1.21633e-05,0.0005807057
2025-09-05,-0.00163667924532865,-0.0011700121451167136,-0.003165141001033489,3.891152713427576,3.2728274143081433,2.451538476086014,-0.0026903070311933286,-0.0025364384,0.0008997592,-0.0016366792,-0.0021019808,0.0009319686,-0.0011700121,-0.0004344577,-3.22094e-05,-0.0004666671
2025-09-08,0.0036327761934124513,0.004359702593305132,0.002105993982874255,3.9052884003698485,3.2870959684737424,2.456701401365436,0.0,0.0031920776,0.0004406986,0.0036327762,0.0039184685,0.0004412341,0.0043597026,-0.0007263908,-5.356e-07,-0.0007269264
2025-09-09,0.0058253296516134305,0.0038413651035536815,0.00268815962679847,3.928037992686625,3.299722904219069,2.4633054068876854,0.0,0.0062770668,-0.0004517371,0.0058253297,0.0042964303,-0.0004550652,0.0038413651,0.0019806365,3.328e-06,0.0019839645
2025-09-10,0.0065106341344092645,0.005930622934814833,0.002983442890024168,3.953612010923067,3.3192923165533643,2.4706545378898226,0.0,0.0066358282,-0.0001251941,0.0065106341,0.0060594754,-0.0001288524,0.0059306229,0.0005763529,3.6583e-06,0.0005800112
2025-09-11,0.005759537579613066,0.006738947098307708,0.008485863528086224,3.9763829878751884,3.3416608518784368,2.4916201751234026,0.0,0.0053340764,0.0004254612,0.0057595376,0.006310959,0.0004279881,0.0067389471,-0.0009768827,-2.5268e-06,-0.0009794095
2025-09-12,0.0004690477457515675,0.0006725133721521351,-0.0004827346462299431,3.9782481013518964,3.3439081634865224,2.490417383739625,0.0,0.0006076338,-0.000138586,0.0004690477,0.0008247095,-0.0001521961,0.0006725134,-0.0002170757,1.36101e-05,-0.0002034656
2025-09-15,0.007961721466326708,0.007730731041040778,0.004706657817319604,4.009921804658804,3.3697590181243777,2.502138926187192,0.0,0.0076048637,0.0003568577,0.0079617215,0.0073669308,0.0003638003,0.007730731,0.000237933,-6.9425e-06,0.0002309904
2025-09-16,0.000678482367642237,0.0003628898617844766,-0.00128792734396721,4.012642465898889,3.3709818695087117,2.4989163530457508,0.0,-0.0003946083,0.0010730907,0.0006784824,-0.0007389043,0.0011017942,0.0003628899,0.000344296,-2.87035e-05,0.0003155925
2025-09-17,-0.0001227472172853671,-0.0016275084564681998,-0.0009702183823840915,4.012149925202239,3.3654955680094853,2.4964918584639855,-0.00012274721728522398,0.0003622487,-0.0004849959,-0.0001227472,-0.0011329219,-0.0004945866,-0.0016275085,0.0014951706,9.5907e-06,0.0015047612
2025-09-18,0.00784326656130146,0.006165959313925282,0.004789139969850087,4.043618286549506,3.386247076753028,2.508447907407761,0.0,0.0083891976,-0.000545931,0.0078432666,0.006738442,-0.0005724827,0.0061659593,0.0016507556,2.65517e-05,0.0016773072
2025-09-19,0.005455031259318249,0.004619970300696598,0.004885433567150432,4.065676350703384,3.4018914376784477,2.520702763016059,0.0,0.0059579456,-0.0005029144,0.0054550313,0.0051170989,-0.0004971286,0.0046199703,0.0008408467,-5.7858e-06,0.000835061
2025-09-22,0.005991665878723533,0.006530273913060887,0.004410025868950784,4.090036524967827,3.424106720588984,2.5318191274088955,0.0,0.0054485244,0.0005431415,0.0059916659,0.0059827827,0.0005474912,0.0065302739,-0.0005342584,-4.3497e-06,-0.000538608
2025-09-23,-0.007604058223571089,-0.005468958770848796,-0.005502147525676904,4.058935649095439,3.405380422107097,2.5178886850615614,-0.007604058223571242,-0.0077118255,0.0001077672,-0.0076040582,-0.0055762862,0.0001073274,-0.0054689588,-0.0021355393,4.398e-07,-0.0021350995
2025-09-24,-0.006906538251839721,-0.00432715560548202,-0.002846661819580154,4.030902454773205,3.3906448111247776,2.5107211074758435,-0.01445807875642069,-0.0060041439,-0.0009023943,-0.0069065383,-0.0033986691,-0.0009284866,-0.0043271556,-0.0026054749,2.60922e-05,-0.0025793826
2025-09-25,-0.004625715967535809,-0.0054724829492275515,-0.005009061505249379,4.012256644924581,3.3720895652090106,2.4981447510259693,-0.019016915758193087,-0.0037752655,-0.0008504505,-0.004625716,-0.0046119703,-0.0008605126,-0.0054724829,0.0008367049,1.00621e-05,0.000846767
2025-09-26,0.003950398927213507,0.004166996102112519,0.00590183989631643,4.028106659270397,3.3861410492832107,2.5128884013843478,-0.015141641234589609,0.003556655,0.0003937439,0.0039503989,0.0037753284,0.0003916677,0.0041669961,-0.0002186733,2.0762e-06,-0.0002165972
2025-09-29,0.005517784824176414,0.0032313663307741362,0.002635579571624191,4.050332885065083,3.3970829114611165,2.5195113187208076,-0.00970740472863052,0.0051473874,0.0003703975,0.0055177848,0.0028369927,0.0003943737,0.0032313663,0.0023103947,-2.39762e-05,0.0022864185
2025-09-30,0.005348980800442223,0.004333444334614943,0.004090848359382226,4.071998037902696,3.411803981158005,2.5298182574654415,-0.004410348649703799,0.0051738212,0.0001751596,0.0053489808,0.004142592,0.0001908523,0.0043334443,0.0010312292,-1.56927e-05,0.0010155365
2025-10-01,0.004681976358070885,0.006641130936279406,0.003399885773406774,4.0910630364462675,3.434462218125795,2.538419350568303,0.0,0.0045434135,0.0001385629,0.0046819764,0.0064859496,0.0001551813,0.0066411309,-0.0019425361,-1.66184e-05,-0.0019591546
2025-10-02,0.0026765328656522874,0.001429004248193396,0.0006183692931220897,4.102012901118772,3.439370079225757,2.5399890311477615,0.0,0.0029066365,-0.0002301036,0.0026765329,0.0016608382,-0.000231834,0.0014290042,0.0012457983,1.7304e-06,0.0012475286
2025-10-03,-0.00022783748473867118,0.000464781680897673,6.552152903416264e-05,4.101078308817016,3.4409686354324083,2.5401554551128123,-0.0002278374847385356,-0.0004046627,0.0002515665,-0.0001530962,0.0002213647,0.000243417,0.0004647817,-0.0006260274,8.1495e-06,-0.0006178779
2025-10-06,0.0012247942371379373,0.005377818317697714,0.003646629808257806,4.106101285895706,3.45947353959066,2.549418461713035,0.0,0.0017582194,-0.0005334251,0.0012247942,0.006005135,-0.0006273167,0.0053778183,-0.0042469156,9.38915e-05,-0.0041530241
2025-10-07,-0.0023339590886639365,-0.005057915112467868,-0.003811414362608012,4.096517813480515,3.441975816093582,2.539701571571764,-0.0023339590886638506,-0.0016861509,-0.0006478082,-0.0023339591,-0.0043180645,-0.0007398506,-0.0050579151,0.0026319136,9.20424e-05,0.002723956
2025-10-08,0.006733560701872929,0.007195475281447901,0.005827608238179849,4.124101964843891,3.466742467997624,2.554501957372774,0.0,0.0071117079,-0.0003781472,0.0067335607,0.0076253126,-0.0004298373,0.0071954753,-0.0005136047,5.16901e-05,-0.0004619146
2025-10-09,-0.0031596759703977203,-0.002938325852243166,-0.002755518440207827,4.111071138966103,3.4565560489808376,2.5474629801236865,-0.0031596759703976796,-0.0025373225,-0.0006223535,-0.003159676,-0.0022357224,-0.0007026034,-0.0029383259,-0.0003016,8.02499e-05,-0.0002213501
2025-10-10,-0.02682466301675327,-0.02590483650157993,-0.02711165816148509,4.000793041025438,3.3670145296734417,2.4783970346275352,-0.029899581744002868,-0.02746449,0.000639827,-0.026824663,-0.0266386543,0.0007338178,-0.0259048365,-0.0008258357,-9.39908e-05,-0.0009198265
2025-10-13,0.021307954149765072,0.016678236575208397,0.01559860267286894,4.086041755706307,3.4231703945514997,2.517056565236307,-0.009228726511136154,0.021862233,-0.0005542788,0.0213079541,0.0173056745,-0.000627438,0.0166782366,0.0045565584,7.31592e-05,0.0046297176
2025-10-14,-0.0035171764053674565,-0.00451114247768841,-0.001564303231390674,4.07167042605179,3.4077279851762734,2.5131191255177145,-0.012713443857367057,-0.0038069008,0.0002897244,-0.0035171764,-0.0048345275,0.000323385,-0.0045111425,0.0010276267,-3.36606e-05,0.0009939661
2025-10-15,0.008171227771521045,0.008367678275700468,0.004026001195007511,4.104940972513626,3.4362427566073297,2.523236946120245,-0.004646100531364938,0.0076073859,0.0005638419,0.0081712278,0.0077214595,0.0006462188,0.0083676783,-0.0001140736,-8.23769e-05,-0.0001964505
2025-10-16,-0.0034355886461885335,-0.002999664665501677,-0.006294352022017558,4.090838083915184,3.4259351806282483,2.5073548045464036,-0.008065727087319008,-0.0038986365,0.0004630478,-0.0034355886,-0.0035251532,0.0005254886,-0.0029996647,-0.0003734832,-6.24407e-05,-0.000435924
2025-10-17,0.000210575078418144,0.0019081331922009932,0.005270724249404557,4.0916995124655,3.4324723212607346,2.5205703803165873,-0.00785685045001494,0.0004576391,-0.000247064,0.0002105751,0.0021851844,-0.0002770512,0.0019081332,-0.0017275453,2.99872e-05,-0.0016975581
2025-10-20,0.009378122990724167,0.010798020006635965,0.01067225289277784,4.130071973734487,3.4695362260579325,2.547470544849371,0.0,0.0094642975,-8.61745e-05,0.009378123,0.0108974837,-9.94637e-05,0.01079802,-0.0014331862,1.32892e-05,-0.001419897
2025-10-21,-0.0025004126815516294,-0.001971009686548169,3.266455138950519e-05,4.11974508939564,3.4626977365485425,2.5475537568318964,-0.002500412681551656,-0.0019018715,-0.0005985411,-0.0025004127,-0.001289707,-0.0006813027,-0.0019710097,-0.0006121645,8.27615e-05,-0.000529403
2025-10-22,-0.0095420935475107,-0.005699950948528636,-0.005337510300132964,4.0804340963607295,3.4429605293006347,2.533956162414664,-0.012018647057347454,-0.0095946007,5.25072e-05,-0.0095420935,-0.0057551991,5.52481e-05,-0.0056999509,-0.0038394017,-2.7409e-06,-0.0038421426
2025-10-23,0.008802567692500044,0.005628916119435353,0.005827387527241212,4.1163523937087305,3.462340665322595,2.548722506950095,-0.003321874319141882,0.0089002093,-9.76416e-05,0.0088025677,0.0057486373,-0.0001197212,0.0056289161,0.003151572,2.20796e-05,0.0031736516
2025-10-24,0.01232409511260681,0.008493623900630121,0.007902422519158847,4.167082712125804,3.4917484847497025,2.5688635890841045,0.0,0.0123545774,-3.04822e-05,0.0123240951,0.0085334996,-3.98757e-05,0.0084936239,0.0038210777,9.3935e-06,0.0038304712
2025-10-27,0.013843524089656953,0.01346964307418842,0.01229001912631467,4.224769822034712,3.5387810905441195,2.6004349717268416,0.0,0.0136708694,0.0001726547,0.0138435241,0.0132747522,0.0001948909,0.0134696431,0.0003961173,-2.22362e-05,0.000373881
2025-10-28,0.0019837656507091976,0.0027717400216291724,0.002287946753239289,4.2331507752898165,3.548589671720565,2.606384628477414,0.0,0.0018834432,0.0001003225,0.0019837657,0.0026596121,0.0001121279,0.00277174,-0.000776169,-1.18054e-05,-0.0007879744
2025-10-29,0.008336778566586114,0.0027899012062840324,-4.353574066628951e-05,4.268441615942381,3.558489886326305,2.6062711575921518,0.0,0.0088413628,-0.0005045842,0.0083367786,0.0033652529,-0.0005753517,0.0027899012,0.0054761099,7.07675e-05,0.0055468774
2025-10-30,-0.011342798805405504,-0.010365882431192557,-0.009904812214919234,4.220025541480127,3.521602998532059,2.580456531195041,-0.01134279880540534,-0.0108126669,-0.0005301319,-0.0113427988,-0.0097502907,-0.0006155917,-0.0103658824,-0.0010623761,8.54598e-05,-0.0009769164
2025-10-31,0.006657017783410581,0.002381753475091358,0.002617870114945742,4.248118326556208,3.529990588711705,2.5872118312309733,-0.004761290235355875,0.0068391771,-0.0001821594,0.0066570178,0.0025818789,-0.0002001255,0.0023817535,0.0042572982,1.79661e-05,0.0042752643
2025-11-03,0.005241768772943599,0.0031598935832757385,0.001720709920762564,4.27038598054412,3.5411449833219986,2.591663672296087,0.0,0.0055303251,-0.000215266,0.0053150591,0.0034052429,-0.0002453494,0.0031598936,0.0021250821,3.00833e-05,0.0021551655
2025-11-04,-0.021626251397736492,-0.014050620007910235,-0.01173677059298273,4.178033539763503,3.4913897007684236,2.5612459103201806,-0.02162625139773644,-0.021229973,-0.0003962784,-0.0216262514,-0.0136145567,-0.0004360633,-0.01405062,-0.0076154163,3.97849e-05,-0.0075756314
2025-11-05,0.007739805227115333,0.0025414960344092297,0.003653520981163894,4.210370705593628,3.5002630538475037,2.5706034759914558,-0.014053829144232255,0.0077092838,3.05214e-05,0.0077398052,0.0025157733,2.57227e-05,0.002541496,0.0051935105,4.7987e-06,0.0051983092
2025-11-06,-0.012855901918904854,-0.010096841147191437,-0.01117815749475082,4.156242592760286,3.4649214538194224,2.5418688654802692,-0.02672905641407386,-0.0134307266,0.0005748246,-0.0128559019,-0.0107410038,0.0006441627,-0.0100968411,-0.0026897227,-6.9338e-05,-0.0027590608
2025-11-07,-5.819177971705782e-05,-0.001679396432422413,0.001261844674063317,4.156000733606877,3.459102477091254,2.545076309170343,-0.02678569278242804,-0.0001009724,4.27806e-05,-5.81918e-05,-0.0017122563,3.28599e-05,-0.0016793964,0.0016112839,9.9208e-06,0.0016212047
2025-11-10,0.022280327836574007,0.017568507130450415,0.01540096302461058,4.24859779244068,3.51987374362499,2.5842729353026876,-0.005102158962376313,0.0223737748,-9.3447e-05,0.0222803278,0.0176763374,-0.0001078303,0.0175685071,0.0046974374,1.43833e-05,0.0047118207
2025-11-11,-0.002992800101113643,0.002470611649603374,0.002075396308487409,4.235882588537873,3.528569984701123,2.5896363258127386,-0.0080796893216315,-0.003170122,0.0001773218,-0.0029928001,0.002289228,0.0001813836,0.0024706116,-0.00545935,-4.0618e-06,-0.0054634118
2025-11-12,-0.0005987488684125407,0.0008205143738607105,0.0006295086181336007,4.233346358631257,3.5314652270927436,2.59126652419767,-0.008673600485205601,-0.0005632512,-3.54977e-05,-0.0005987489,0.0008799311,-5.94167e-05,0.0008205144,-0.0014431823,2.39191e-05,-0.0014192632
2025-11-13,-0.024361189244527078,-0.01659710915102337,-0.01655690038710134,4.130217006851011,3.4728531132556415,2.5483631824800987,-0.03282349050688116,-0.0248367421,0.0004755529,-0.0243611892,-0.0171206038,0.0005234946,-0.0165971092,-0.0077161383,-4.79418e-05,-0.0077640801
2025-11-14,0.0018894364322669303,-0.0015904886740287236,-0.0005016705034071034,4.138020789336925,3.467329579712443,2.5470847438394797,-0.03099607197341203,0.0019149728,-2.55364e-05,0.0018894364,-0.0015682242,-2.22645e-05,-0.0015904887,0.003483197,-3.2719e-06,0.0034799251
2025-11-17,-0.010013601526919023,-0.007674555619306803,-0.009162309495983845,4.096584298042398,3.440719366002472,2.523747565103924,-0.04069929118668958,-0.0096218898,-0.0003917117,-0.0100136015,-0.0072394285,-0.0004351271,-0.0076745556,-0.0023824613,4.34154e-05,-0.0023390459
2025-11-18,-0.012923574445480007,-0.01143071541552329,-0.008256387122493991,4.043641785894462,3.4013894821050177,2.502910528206974,-0.05309688531264012,-0.0127223035,-0.0002012709,-0.0129235744,-0.0112071707,-0.0002235447,-0.0114307154,-0.0015151328,2.22737e-05,-0.001492859
2025-11-19,0.004434614558934093,0.0041633762129927275,0.003753785520422159,4.061573778629304,3.415550746165937,2.5123059175066698,-0.04889773497434757,0.0051728507,-0.0007382361,0.0044346146,0.0049996523,-0.0008362761,0.0041633762,0.0001731983,9.804e-05,0.0002712383
2025-11-20,-0.022530736713974507,-0.01370403727812712,-0.01556722511953934,3.9700635291786246,3.3687439114151445,2.4731962857196925,-0.0703267696957054,-0.0224192783,-0.0001114584,-0.0225307367,-0.0135822613,-0.000121776,-0.0137040373,-0.0088370171,1.03176e-05,-0.0088266994
2025-11-21,0.005044205607372821,0.00460744136107946,0.00982296337531885,3.9900893458941336,3.384265201447483,2.4974904022542916,-0.06563730677438007,0.0050193597,2.48459e-05,0.0050442056,0.004553804,5.36374e-05,0.0046074414,0.0004655557,-2.87915e-05,0.0004367642
2025-11-24,0.019516319539959217,0.01649749035399443,0.01546723529794836,4.06796120456159,3.4400970839637224,2.5361196739603264,-0.04740198588717204,0.0195600706,-4.37511e-05,0.0195163195,0.0165558324,-5.83421e-05,0.0164974904,0.0030042382,1.4591e-05,0.0030188292
2025-11-25,0.009428431911902221,0.008583529016363315,0.009061731930226413,4.106315699799059,3.469625257103032,2.559101310588728,-0.038420480371695875,0.008895316,0.000533116,0.0094284319,0.0079938028,0.0005897262,0.008583529,0.0009015131,-5.66102e-05,0.0008449029
2025-11-26,0.010280418983822114,0.008492510195014923,0.006906714278112958,4.148530345672841,3.4990910849718606,2.576776292149709,-0.028535040023654368,0.0100248212,0.0002555978,0.010280419,0.0082155317,0.0002769785,0.0084925102,0.0018092895,-2.13807e-05,0.0017879088
2025-11-28,0.00880506377470193,0.005522762866334055,0.005354775922884247,4.185058419937776,3.518415735281864,2.5905743517975712,-0.019981229096174502,0.0087419182,6.31455e-05,0.0088050638,0.00545034,7.24229e-05,0.0055227629,0.0032915783,-9.2773e-06,0.0032823009
2025-12-01,-0.00425320511504313,-0.004434269891423105,-0.00532333492478565,4.1672585080593425,3.502814130321394,2.576783856875393,-0.024149449945420898,-0.0043659029,0.0001126978,-0.0042532051,-0.0045618754,0.0001276055,-0.0044342699,0.0001959725,-1.49077e-05,0.0001810648
2025-12-02,0.006653575242932143,0.003754049297558306,0.002457200816718297,4.194985676099464,3.5159638672468043,2.583115532273014,-0.01765655488477602,0.0065959381,5.76371e-05,0.0066535752,0.0037027392,5.13101e-05,0.0037540493,0.0028931989,6.3271e-06,0.0028995259
2025-12-03,0.0016548647352177728,0.00333739216034953,0.002979777051177468,4.201927809959585,3.527698017493426,2.590812640656621,-0.016030909359582513,0.0011233996,0.0006038135,0.001727213,0.0026530772,0.000684315,0.0033373922,-0.0015296776,-8.05015e-05,-0.0016101791
2025-12-04,0.005004524638165343,0.0014283358881874678,0.001080336130527826,4.22295646121232,3.5327367551744993,2.593611589159751,-0.011106611802279454,0.0052864754,-0.0002819507,0.0050045246,0.0017588916,-0.0003305557,0.0014283359,0.0035275837,4.8605e-05,0.0035761887
2025-12-05,0.005779319244305231,0.0025835829926630213,0.00193667312224366,4.247362274756467,3.5418638737727237,2.5986345670140163,-0.0053914812133021295,0.0058322312,-5.2912e-05,0.0057793192,0.0026474311,-6.38481e-05,0.002583583,0.0031848001,1.09362e-05,0.0031957363
2025-12-08,-0.0026326493732231246,-0.0022804171480023836,-0.003477235677689761,4.236180459125978,3.5337869466590823,2.5895985021843173,-0.008009936706888321,-0.0025015301,-0.0001311193,-0.0026326494,-0.0021202332,-0.0001601839,-0.0022804171,-0.0003812968,2.90646e-05,-0.0003522322
2025-12-09,-0.0007061198302404345,-0.0004458546414342745,-0.0008763589040255981,4.233189208099312,3.5322113913470745,2.5873290844790766,-0.008710400561981024,-0.0005225709,-0.000183549,-0.0007061198,-0.0002161069,-0.0002297477,-0.0004458546,-0.000306464,4.61988e-05,-0.0002602652
2025-12-10,0.006036081651869861,0.005829934733486232,0.006749496748049477,4.258741083807214,3.5528039532235045,2.604792253720902,-0.0027268955991237576,0.0053658777,0.000670204,0.0060360817,0.005017967,0.0008119678,0.0058299347,0.0003479107,-0.0001417638,0.0002061469
2025-12-11,0.0004483416179102737,0.0002251502354135745,0.002079376419406698,4.260650454674989,3.5536038678699513,2.6102085973107423,-0.0022797765619982924,8.84211e-05,0.0003599205,0.0004483416,-0.0002073422,0.0004324924,0.0002251502,0.0002957633,-7.25719e-05,0.0002231914
2025-12-12,-0.016088949089358415,-0.011163191567310604,-0.01066367193160411,4.192101066422172,3.513934307138583,2.582374189155968,-0.018332046442315564,-0.016004828,-8.41211e-05,-0.0160889491,-0.0110624965,-0.000100695,-0.0111631916,-0.0049423315,1.65739e-05,-0.0049257575
2025-12-15,-0.0037018966540301366,-0.0017290767189260153,-0.001596505849216556,4.176582341511027,3.507858445136274,2.5782514136581147,-0.021966079754959345,-0.0038975905,0.0001956939,-0.0037018967,-0.0019651159,0.0002360391,-0.0017290767,-0.0019324746,-4.03453e-05,-0.0019728199
2025-12-16,-0.0022578288878579685,-0.001975307264581061,-0.002383917869995034,4.167152333247846,3.5009293468664744,2.5721050740397553,-0.024174312993393676,-0.002341741,8.39121e-05,-0.0022578289,-0.002081128,0.0001058207,-0.0019753073,-0.000260613,-2.19087e-05,-0.0002825216
2025-12-17,-0.014515009084421103,-0.012753505580593901,-0.0115922038275007,4.1066660792745875,3.456280224903948,2.5422887077557377,-0.03833843170510587,-0.0142891842,-0.0002258249,-0.0145150091,-0.0124760272,-0.0002774784,-0.0127535056,-0.001813157,5.16535e-05,-0.0017615035
2025-12-18,0.01378801298117428,0.009476087364779595,0.007934323499612317,4.163288844484973,3.4890322382722982,2.562460048792483,-0.025079029517959595,0.0138240646,-3.60516e-05,0.013788013,0.0095214499,-4.53626e-05,0.0094760874,0.0043026147,9.3109e-06,0.0043119256
2025-12-19,0.014311748558771008,0.008746138556836496,0.008818024549947179,4.2228727876047785,3.5195477976574976,2.585055884410994,-0.011126205723747562,0.0146998889,-0.0003881404,0.0143117486,0.009220715,-0.0004745764,0.0087461386,0.0054791739,8.64361e-05,0.00556561
2025-12-22,0.007916643994075928,0.006789125535682627,0.006436462067451965,4.256303768096516,3.5434424494846297,2.6016944985532486,-0.0032976439393914703,0.0074067043,0.0005099397,0.007916644,0.0061678963,0.0006212292,0.0067891255,0.001238808,-0.0001112895,0.0011275185
2025-12-23,0.00484005561590199,0.006186199076218075,0.004550417315428268,4.276904515052276,3.565362889892263,2.61353329424892,0.0,0.0044180349,0.0004220207,0.0048400556,0.0056734751,0.000512724,0.0061861991,-0.0012554402,-9.07033e-05,-0.0013461435
2025-12-24,0.004532724775996195,0.002743812436572985,0.003221516138695923,4.296290546112224,3.575145576930445,2.621952833935362,0.0,0.0043702903,0.0001624345,0.0045327248,0.0025602695,0.0001835429,0.0027438124,0.0018100208,-2.11084e-05,0.0017889123
2025-12-26,-0.000671404850438858,0.0006755805955267866,-0.0003043832632483312,4.293405995800669,3.5775608759084028,2.6211547553756853,-0.0006714048504389281,-0.0005600281,-0.0001113767,-0.0006714049,0.0008148528,-0.0001392722,0.0006755806,-0.0013748809,2.78954e-05,-0.0013469854
2025-12-29,-0.0010661966245569554,-0.002746116118201145,-0.003492093726641166,4.288828380820094,3.5677364783232246,2.612001437297882,-0.0017368856254105225,-0.0012264494,0.0001602528,-0.0010661966,-0.0029386846,0.0001925685,-0.0027461161,0.0017122352,-3.23157e-05,0.0016799195
2025-12-30,-0.002058851415660625,-0.0007680776181533723,-0.001375667198591279,4.279998320436717,3.5649961797867555,2.6084081925979183,-0.003792161051642484,-0.0017333487,-0.0003255027,-0.0020588514,-0.0003757619,-0.0003923157,-0.0007680776,-0.0013575868,6.6813e-05,-0.0012907738
2025-12-31,-0.007111202087324773,-0.00559507570533968,-0.007357632564991889,4.249562387446681,3.545049756271602,2.5892164835372684,-0.010876396315381398,-0.0070511854,-6.00167e-05,-0.0071112021,-0.0055229509,-7.21248e-05,-0.0055950757,-0.0015282344,1.2108e-05,-0.0015161264
2026-01-02,0.009744970259665343,0.003376316820414059,0.0018946753341611,4.290974246528941,3.557018967392906,2.5941222081434296,-0.0012374162143419243,0.0099509745,-0.0002060042,0.0097449703,0.0036263871,-0.0002500702,0.0033763168,0.0063245874,4.4066e-05,0.0063686534
2026-01-05,0.008789316246083973,0.008037270133978756,0.006354186866750045,4.328688976185485,3.585607689705529,2.6106057454091594,0.0,0.008672287,0.0001857749,0.0088580619,0.0078040961,0.0002331741,0.0080372701,0.0008681909,-4.73992e-05,0.0008207917
2026-01-06,0.011203350076018023,0.005808932018995137,0.006196709673212952,4.377184794155891,3.606436241021815,2.6267829112846814,0.0,0.0115511595,-0.0003478094,0.0112033501,0.0062410825,-0.0004321505,0.005808932,0.0053100769,8.43411e-05,0.0053944181
2026-01-07,-0.0009027106158784881,-0.0025489681101756893,-0.003439973966207877,4.373233462974544,3.5972435500520685,2.6177468464549825,-0.0009027106158786546,-0.000717774,-0.0001849366,-0.0009027106,-0.0023178857,-0.0002310824,-0.0025489681,0.0016001117,4.61458e-05,0.0016462575
2026-01-08,-0.0032220918609992995,-0.002866626730630565,7.65793036485718e-05,4.359142503027244,3.586931595534901,2.617947311685612,-0.004121893860349668,-0.0030521708,-0.000169921,-0.0032220919,-0.0026555478,-0.000211079,-0.0028666267,-0.0003966231,4.11579e-05,-0.0003554651
2026-01-09,0.009471779116990861,0.007666132351298016,0.006475512391894256,4.400431337955405,3.614429487881324,2.6348998619437585,0.0,0.0098559736,-0.0003841945,0.0094717791,0.008148308,-0.0004821757,0.0076661324,0.0017076656,9.79812e-05,0.0018056468
2026-01-12,0.00244889227105414,0.0027834884273299602,0.001577599522270212,4.411207520248229,3.6244902105322416,2.639056678707191,0.0,0.0022484968,0.0002003955,0.0024488923,0.0025274031,0.0002560853,0.0027834884,-0.0002789064,-5.56898e-05,-0.0003345962
2026-01-13,0.0008038355377437848,-0.001205295760375006,-0.001939153852438036,4.4147534056173665,3.6201216278479666,2.6339391417818736,0.0,0.001240129,-0.0004362935,0.0008038355,-0.0006592068,-0.0005460889,-0.0012052958,0.0018993358,0.0001097955,0.0020091313
2026-01-14,-0.007249901314833262,-0.006063933728145909,-0.005333340992053071,4.382746879097317,3.598169450208869,2.6198914461864353,-0.007249901314833163,-0.0074938963,0.000243995,-0.0072499013,-0.0063646989,0.0003007652,-0.0060639337,-0.0011291974,-5.67702e-05,-0.0011859676
2026-01-15,0.0006658488212130889,0.003117541984042995,0.002579909335027164,4.385665125940439,3.609386894535596,2.6266505285852095,-0.006588879831864514,0.0010469739,-0.0003811251,0.0006658488,0.0035958842,-0.0004783422,0.003117542,-0.0025489103,9.72171e-05,-0.0024516932
2026-01-16,0.003692315697973705,0.00013669764016498078,-0.000642237636565457,4.401858386131005,3.609880289206521,2.6249635947576477,-0.0029208923583259327,0.003728562,-3.62463e-05,0.0036923157,0.0001773533,-4.06556e-05,0.0001366976,0.0035512087,4.4094e-06,0.0035556181
2026-01-20,-0.01787067373324109,-0.021278885747254297,-0.0206267714311652,4.3231942110925266,3.53306605897123,2.570819070673452,-0.020739367777221518,-0.0187988957,0.0009282219,-0.0178706737,-0.0224481126,0.0011692269,-0.0212788857,0.003649217,-0.000241005,0.003408212
2026-01-21,0.009774925083285747,0.008771182057365514,0.01158770373378304,4.365453110626451,3.5640552245951653,2.6006089604175755,-0.011167168460232801,0.0100248248,-0.0002498997,0.0097749251,0.0090932901,-0.000322108,0.0087711821,0.0009315347,7.22083e-05,0.001003743
2026-01-22,0.0067301968111317815,0.0077074813142113665,0.005487505126810399,4.394833469230734,3.59152511364155,2.614879815420696,-0.00451212889066166,0.0061700995,0.0005600973,0.0067301968,0.0069976456,0.0007098357,0.0077074813,-0.0008275461,-0.0001497384,-0.0009772845
2026-01-23,0.0033603735021331704,0.0029155697160108997,0.0003269037442048539,4.409601751167025,3.6019964554971753,2.615734629423003,-0.001166917826890712,0.0022898618,0.0010705117,0.0033603735,0.0015480317,0.001367538,0.0029155697,0.0007418301,-0.0002970263,0.0004448038
2026-01-26,-0.0013929317178901003,0.004697193598095594,0.005006065986948416,4.403459477024561,3.6189157301882995,2.6288291695822403,-0.002558224107927498,-0.0021361468,0.0007432151,-0.0013929317,0.0037617844,0.0009354092,0.0046971936,-0.0058979313,-0.000192194,-0.0060901253
2026-01-27,0.009643408594863618,0.008651480674830701,0.004081879304713709,4.445923835992433,3.6502247096918645,2.6395597329651856,0.0,0.0080168832,0.0016265254,0.0096434086,0.0065940308,0.0020574499,0.0086514807,0.0014228525,-0.0004309245,0.0009919279
2026-01-28,0.00377727586037333,-0.001232470244788072,-8.16782735792998e-05,4.462717316775186,3.645725916350379,2.6393441382831875,0.0,0.0045198668,-0.0007425909,0.0037772759,-0.0002845846,-0.0009478857,-0.0012324702,0.0048044513,0.0002052948,0.0050097461
2026-01-29,-0.005449342671199007,-0.0018306130589227578,-0.001292628435246024,4.438398440871384,3.6390520028786546,2.6359324469996426,-0.005449342671199009,-0.0056778042,0.0002284615,-0.0054493427,-0.0021146478,0.0002840347,-0.0018306131,-0.0035631565,-5.55732e-05,-0.0036187296
2026-01-30,-0.00864910302058301,-0.005115671061109842,-0.004301902278802894,4.400010275509893,3.6204358098576543,2.6245929231991245,-0.014051313765624296,-0.0074698443,-0.0011792587,-0.008649103,-0.0036146575,-0.0015010135,-0.0051156711,-0.0038551868,0.0003217549,-0.003533432
2026-02-02,0.007563513131945743,0.00476124988257932,0.005391243444688998,4.433289811009408,3.637673609432225,2.638742742591299,-0.0065940779298659935,0.0082331438,-0.0006696307,0.0075635131,0.0055970294,-0.0008357795,0.0047612499,0.0026361144,0.0001661488,0.0028022632
2026-02-03,-0.005777447818185097,-0.0073255288691455025,-0.008403999747722213,4.407676710463409,3.6110257263898005,2.616566749248258,-0.012333428806902247,-0.0060763971,0.0002989493,-0.0057774478,-0.0076944621,0.0003689332,-0.0073255289,0.001618065,-6.99839e-05,0.0015480811
2026-02-04,-0.01853501939520524,-0.008913674924277009,-0.005072414535814085,4.3259803371471754,3.5788382169215605,2.603294438035443,-0.03063984785996221,-0.0177243589,-0.0004199976,-0.0181443565,-0.0083892838,-0.0005243912,-0.0089136749,-0.0093350751,0.0001043936,-0.0092306815
2026-02-05,-0.013059230906333248,-0.013059230906333248,-0.01225097054652824,4.269486361028114,3.532101342270372,2.57140155455113,-0.043298945918157195,-0.0125904606,-0.0004687703,-0.0130592309,-0.0125904606,-0.0004687703,-0.0130592309,0.0,0.0,0.0
2026-02-06,0.019652410731422234,0.019652410731422234,0.01969581077900684,4.353392060607243,3.601515648593677,2.6220473930064134,-0.024497463856156254,0.0192627665,0.0003896442,0.0196524107,0.0192627665,0.0003896442,0.0196524107,0.0,0.0,0.0
2026-02-09,0.008667040370047837,0.008667040370047837,0.004691083767292215,4.391123085343171,3.632730130113397,2.634347636968817,-0.016042743994313713,0.0073718511,0.0012951892,0.0086670404,0.0073718511,0.0012951892,0.0086670404,0.0,0.0,0.0
2026-02-10,-0.0021918605469562714,-0.0021918605469562714,-0.003303746543341979,4.3814983558955785,3.624767692263462,2.62564442006922,-0.018199441083643908,-0.0022107544,1.88938e-05,-0.0021918605,-0.0022107544,1.88938e-05,-0.0021918605,0.0,0.0,0.0
2026-02-11,0.001113057869794665,0.001113057869794665,-4.897858051433612e-05,4.3863752171221,3.628802268469513,2.62551581973259,-0.017106640244973437,0.0010582424,5.48154e-05,0.0011130579,0.0010582424,5.48154e-05,0.0011130579,0.0,0.0,0.0
2026-02-12,-0.011929465116343747,-0.011929465116343747,-0.01566094789720329,4.334048106982247,3.585512598393697,2.5843977532764746,-0.028832032293256926,-0.0121755367,0.0002460716,-0.0119294651,-0.0121755367,0.0002460716,-0.0119294651,0.0,0.0,0.0
2026-02-13,-0.0009699544031806262,-0.0009699544031806262,0.0004990662631205733,4.329844277937283,3.5820348146612253,2.5856875390056193,-0.029774020939762003,-0.0009848408,1.48864e-05,-0.0009699544,-0.0009848408,1.48864e-05,-0.0009699544,0.0,0.0,0.0
2026-02-17,0.00044582376288761173,0.00044582376288761173,0.001031279210434999,4.331774625405991,3.5836317709010923,2.5883541048092766,-0.029341471142925957,0.0008341223,-0.0003882985,0.0004458238,0.0008341223,-0.0003882985,0.0004458238,0.0,0.0,0.0
2026-02-18,0.005199507110053471,0.005199507110053471,0.005566093154976803,4.3542977183699385,3.602264889773706,2.6027611248747116,-0.024294525220699636,0.0061094399,-0.0009099328,0.0051995071,0.0061094399,-0.0009099328,0.0051995071,0.0,0.0,0.0
2026-02-19,-0.002697083493898425,-0.002697083493898425,-0.002822137064018349,4.342553813866203,3.5925492805988477,2.5954157762354164,-0.02692608435163313,-0.0024162608,-0.0002808227,-0.0026970835,-0.0024162608,-0.0002808227,-0.0026970835,0.0,0.0,0.0
2026-02-20,0.007446890012061849,0.007446890012061849,0.00693977898217546,4.374892334489525,3.6193025999543793,2.6134273880893417,-0.019679709928193345,0.0073337514,0.0001131387,0.00744689,0.0073337514,0.0001131387,0.00744689,0.0,0.0,0.0
2026-02-23,-0.008900243970963954,-0.008900243970963954,-0.0103856858156367,4.335954725365868,3.587089923810041,2.586285152334666,-0.0284047996795187,-0.0090721168,0.0001718728,-0.008900244,-0.0090721168,0.0001718728,-0.008900244,0.0,0.0,0.0
2026-02-24,0.009208604821242864,0.009208604821242864,0.007651639793791798,4.3758828189545635,3.62012201737667,2.606074474724363,-0.01945776343355088,0.0094450285,-0.0002364237,0.0092086048,0.0094450285,-0.0002364237,0.0092086048,0.0,0.0,0.0
2026-02-25,0.010819170116102545,0.010819170116102545,0.008136346945676998,4.423226239580963,3.6592887333237165,2.6272784008169934,-0.008849110170114916,0.0103166688,0.0005025013,0.0108191701,0.0103166688,0.0005025013,0.0108191701,0.0,0.0,0.0
2026-02-26,-0.005539742467005053,-0.005539742467005053,-0.005365577666988752,4.398722705340385,3.63901721612869,2.6131815345046077,-0.014339830845715551,-0.0052237125,-0.00031603,-0.0055397425,-0.0052237125,-0.00031603,-0.0055397425,0.0,0.0,0.0
2026-02-27,-0.00412003629294548,-0.00412003629294548,-0.00433935555214604,4.380599808151779,3.6240243331275863,2.6018420107040896,-0.018400786515141765,-0.0042711525,0.0001511162,-0.0041200363,-0.0042711525,0.0001511162,-0.0041200363,0.0,0.0,0.0
2026-03-02,-0.003676024573751426,-0.003676024573751426,0.0003983206568511921,4.364496615609243,3.6107023306231363,2.602878378122816,-0.022009169345487245,-0.002301633,-0.0013743916,-0.0036760246,-0.002301633,-0.0013743916,-0.0036760246,0.0,0.0,0.0
2026-03-03,-0.017745189118199587,-0.017745189118199587,-0.009443997198334109,4.287047797759515,3.5466297349167046,2.5782968020122197,-0.039363801591316694,-0.0164842234,-0.0012609657,-0.0177451891,-0.0164842234,-0.0012609657,-0.0177451891,0.0,0.0,0.0
2026-03-04,0.0085251100828409,0.0085251100828409,0.007756031939536001,4.323595352165816,3.576865143829947,2.59829415435823,-0.031174272250320767,0.0078560708,0.0006690393,0.0085251101,0.0078560708,0.0006690393,0.0085251101,0.0,0.0,0.0
2026-03-05,-0.004242557691577954,-0.004242557691577954,-0.005646699177523806,4.305252249449214,3.561690087102254,2.58362236889385,-0.035284571293383804,-0.003671675,-0.0005708827,-0.0042425577,-0.003671675,-0.0005708827,-0.0042425577,0.0,0.0,0.0
2026-03-06,-0.01385397784027185,-0.013805467173503855,-0.01327680431463196,4.245607380188564,3.51251929152257,2.5493201202791407,-0.04864971746485358,-0.0139984249,0.0001929577,-0.0138054672,-0.0139984249,0.0001929577,-0.0138054672,0.0,0.0,0.0
2026-03-09,0.008076231271335053,0.006497085557319172,0.008304129661336201,4.279895887278253,3.5353404298813262,2.570490005106192,-0.0409663925630499,0.0078076955,0.0002685358,0.0080762313,0.0062446779,0.0002524077,0.0064970856,0.0015630177,1.61281e-05,0.0015791457
2026-03-10,0.003921299769922151,0.0036770834113191457,-0.002135082600180471,4.296678642036328,3.5483401715294085,2.5650017966223517,-0.03720573429885976,0.0040745006,-0.0001532009,0.0039212998,0.0038099039,-0.0001328205,0.0036770834,0.0002645967,-2.03803e-05,0.0002442164
2026-03-11,0.0005507744434026295,-0.0003191287292567283,-0.0008375752785526602,4.299045142823875,3.5472077942394975,2.5628534145280577,-0.03667545182305709,0.0011799315,-0.000629157,0.0005507744,0.0002805758,-0.0005997045,-0.0003191287,0.0008993557,-2.94525e-05,0.0008699032
2026-03-12,-0.016442553711020443,-0.015784014960352345,-0.01522772218778601,4.228357862156892,3.4912186133477427,2.523826994723606,-0.05251496744760109,-0.0156063764,-0.0008361773,-0.0164425537,-0.0149852951,-0.0007987199,-0.015784015,-0.0006210813,-3.74574e-05,-0.0006585388
2026-03-13,-0.006932040383465559,-0.007779335427662927,-0.006059089233314663,4.1990467147006765,3.46405925270321,2.5085349017531273,-0.05908297195598333,-0.0057831145,-0.0011489259,-0.0069320404,-0.0067026364,-0.0010766991,-0.0077793354,0.0009195219,-7.22268e-05,0.000847295
2026-03-16,0.012297675585217369,0.011505551879617798,0.01013089190749961,4.250685228965238,3.503915166149257,2.5339485976889784,-0.04751187959249126,0.0112760801,0.0010215955,0.0122976756,0.0105507818,0.00095477,0.0115055519,0.0007252983,6.68254e-05,0.0007921237
2026-03-17,0.0037821331926051116,0.0035157090865614773,0.002494260662927017,4.2667618866610235,3.5162339125374285,2.540268925998073,-0.04390944265673591,0.0033414678,0.0004406654,0.0037821332,0.0031003204,0.0004153887,0.0035157091,0.0002411474,2.52767e-05,0.0002664241
2026-03-18,-0.010994251441345224,-0.011504592885502065,-0.01360761990979875,4.219852033638723,3.475781072883489,2.505701911984419,-0.054420942644863746,-0.0097231798,-0.0012710717,-0.0109942514,-0.0102886386,-0.0012159543,-0.0115045929,0.0005654588,-5.51173e-05,0.0005103414
2026-03-19,-0.004303529309241476,-0.004683061437894544,-0.002748803719413662,4.2016917767312965,3.4595037765745045,2.4988142292490143,-0.05849026983239658,-0.006007108,0.0017035787,-0.0043035293,-0.00629741,0.0016143486,-0.0046830614,0.000290302,8.92301e-05,0.0003795321
2026-03-20,-0.017204101364269447,-0.01625711053391658,-0.01513814446097705,4.129405445502994,3.4032622412862312,2.4609868184654977,-0.07468809866564607,-0.0166016919,-0.0006024094,-0.0172041014,-0.0156544182,-0.0006026923,-0.0162571105,-0.0009472737,2.829e-07,-0.0009469908
2026-03-23,0.009649389084151281,0.010135024784613289,0.01145319742779516,4.169251685332865,3.4377543884502058,2.4891729863645846,-0.0657594041054751,0.0088639549,0.0007854342,0.0096493891,0.0093736937,0.0007613311,0.0101350248,-0.0005097388,2.41031e-05,-0.0004856357
2026-03-24,-0.0031937933747194485,-0.0032925993429969436,-0.003742592311198889,4.155935956922711,3.42643524060941,2.4798570266845728,-0.06874317553103693,-0.0028885157,-0.0003052777,-0.0031937934,-0.0029876275,-0.0003049719,-0.0032925993,9.91118e-05,-3.058e-07,9.8806e-05
2026-03-25,0.005957792907006836,0.006782170918424734,0.005419157247074091,4.18069616268884,3.449673910052137,2.493295761862438,-0.06319494022761396,0.0065892015,-0.0006314086,0.0059577929,0.0073824505,-0.0006002795,0.0067821709,-0.000793249,-3.1129e-05,-0.000824378
2026-03-26,-0.02224981072984595,-0.021114237303011412,-0.01740621065246739,4.08767646435002,3.376836676497289,2.449896930612556,-0.08403867549831168,-0.0217619167,-0.000487894,-0.0222498107,-0.0206461899,-0.0004680474,-0.0211142373,-0.0011157268,-1.98466e-05,-0.0011355734
2026-03-27,-0.016249070254494333,-0.01664481695468642,-0.01672183487824908,4.021255522303154,3.32062984813112,2.408930158670124,-0.09892219541053926,-0.0157904803,-0.0004585899,-0.0162490703,-0.0161925224,-0.0004522945,-0.016644817,0.0004020421,-6.2954e-06,0.0003957467
2026-03-30,-0.005344395125420776,-0.004573860722845824,-0.003945767289228019,3.9997643438916857,3.3054417496936432,2.3994250808480087,-0.10373791123701193,-0.0048977799,-0.0004466152,-0.0053443951,-0.0041675779,-0.0004062829,-0.0045738607,-0.000730202,-4.03324e-05,-0.0007705344
2026-03-31,0.028728453869850422,0.027735110067310557,0.02913117224593775,4.1146713893354505,3.3971185404424804,2.469323146169415,-0.07798968716468868,0.027904526,0.0008239279,0.0287284539,0.0269860273,0.0007490828,0.0277351101,0.0009184987,7.48451e-05,0.0009933438
2026-04-01,0.01508456238214297,0.013585210642641342,0.007168546623124161,4.1767394065899,3.4432691113924134,2.48702460427029,-0.0640815650837453,0.0144921779,0.0005923845,0.0150845624,0.013014512,0.0005706986,0.0135852106,0.0014776659,2.16859e-05,0.0014993517
2026-04-02,-0.0023646312760343515,-0.00249150711638087,0.001120857996264712,4.166862957957232,3.4346901818977646,2.4898122056848937,-0.06629466708676546,-0.0016612464,-0.0007033849,-0.0023646313,-0.0018185182,-0.0006729889,-0.0024915071,0.0001572718,-3.0396e-05,0.0001268758
2026-04-06,0.0065756738302243725,0.006242752058762842,0.004426761703802073,4.194262889664002,3.45613210110202,2.5008340110066785,-0.06015492536398703,0.0064861965,8.94774e-05,0.0065756738,0.006154124,8.86281e-05,0.0062427521,0.0003320725,8.493e-07,0.0003329218
2026-04-07,-0.0002808755571559343,0.00010591863652861366,0.0007592451711553316,4.193084823738009,3.4564981699018316,2.5027327571533964,-0.06041890487296575,-0.0007821652,0.0005275081,-0.0002546572,-0.0003781773,0.000484096,0.0001059186,-0.0004039879,4.34121e-05,-0.0003605758
2026-04-08,0.034463812304796546,0.03184805312797675,0.02508142091780829,4.337594512081407,3.5665809072536194,2.5655048508803477,-0.028037358365372467,0.0331584874,0.0013053249,0.0344638123,0.0305512829,0.0012967702,0.0318480531,0.0026072045,8.5547e-06,0.0026157592
2026-04-09,0.005920090089849376,0.004444621791446246,0.006170009184983671,4.363273462366164,3.582433010474955,2.5813340393743998,-0.022283251962927575,0.005644026,0.0002760641,0.0059200901,0.0041445589,0.0003000629,0.0044446218,0.0014994671,-2.39988e-05,0.0014754683
2026-04-10,0.0017997904349611247,0.0011129633073249108,-0.001138518255854426,4.371126440208851,3.5864201269665634,2.5783951434461136,-0.020523566711709185,0.0017765552,2.32352e-05,0.0017997904,0.0010721643,4.0799e-05,0.0011129633,0.0007043909,-1.75637e-05,0.0006868271
2026-04-13,0.01097669991874172,0.009279764343471338,0.0101732608271512,4.419106983449901,3.619701260581496,2.604625829755851,-0.009772147826024091,0.0105921087,0.0003845912,0.0109766999,0.0088736596,0.0004061047,0.0092797643,0.0017184491,-2.15135e-05,0.0016969356
2026-04-14,0.01578587411617242,0.015607712125393473,0.01178291781872254,4.48886644999654,3.6761965158365757,2.635315921856386,0.0,0.0151325848,0.0006532893,0.0157858741,0.0149645681,0.000643144,0.0156077121,0.0001680167,1.01453e-05,0.000178162
2026-04-15,0.005896136541434015,0.007930775315445407,0.007975738369372598,4.5153334195019825,3.7053516044190986,2.656334512169755,0.0,0.0060083497,-0.0001122131,0.0058961365,0.0080364514,-0.0001056761,0.0079307753,-0.0020281017,-6.5371e-06,-0.0020346388
2026-04-16,0.0031623172459570637,0.0019379119050826766,0.002610014310225672,4.52961233624572,3.7125322494058195,2.6632675832592643,0.0,0.0034478456,-0.0002855284,0.0031623172,0.002224745,-0.0002868331,0.0019379119,0.0012231006,1.3047e-06,0.0012244053
2026-04-17,0.01117047867149432,0.012042515976012691,0.01204042446827858,4.580210274237891,3.7572404783307514,2.6953344554343124,0.0,0.0108351269,0.0003353518,0.0111704787,0.0117242153,0.0003183006,0.012042516,-0.0008890884,1.70511e-05,-0.0008720373
2026-04-20,-0.003608647758937323,-0.0034373221821175776,-0.002374383600474927,4.563681908696301,3.744325632291035,2.688934697505534,-0.0036086477589372112,-0.00364028,3.16322e-05,-0.0036086478,-0.0034816209,4.42987e-05,-0.0034373222,-0.0001586591,-1.26665e-05,-0.0001713256
2026-04-21,-0.005758409738894084,-0.005665866214504783,-0.006348165882230528,4.53740235834805,3.7231107841949327,2.6718648939992833,-0.009346277425431926,-0.0051887586,-0.0005696511,-0.0057584097,-0.0051017277,-0.0005641386,-0.0056658662,-8.7031e-05,-5.5125e-06,-9.25435e-05
2026-04-22,0.013202038730412093,0.011242217790046359,0.01046006446763226,4.597305320018425,3.7649668064873225,2.6998127730393193,0.0,0.0135050801,-0.0003030414,0.0132020387,0.0115529577,-0.0003107399,0.0112422178,0.0019521224,7.6986e-06,0.0019598209
2026-04-23,-0.006093277847567251,-0.005154912024314266,-0.004132868210538154,4.569292661353453,3.745558733825417,2.68865480265522,-0.006093277847567302,-0.0058331146,-0.0002601632,-0.0060932778,-0.0048953113,-0.0002596007,-0.005154912,-0.0009378033,-5.625e-07,-0.0009383658
2026-04-24,0.011592668175536204,0.01055772594080577,0.007973664959765925,4.622262954973436,3.785103316432337,2.7100932352440585,0.0,0.011155602,0.0004370662,0.0115926682,0.0101195628,0.0004381632,0.0105577259,0.0010360393,-1.097e-06,0.0010349422
2026-04-27,0.003396962759448845,0.0017244176605888748,0.001232365863325979,4.637964610095861,3.7916304154383464,2.7134330616336038,0.0,0.003386755,1.02077e-05,0.0033969628,0.0017127464,1.16712e-05,0.0017244177,0.0016740086,-1.4635e-06,0.0016725451
2026-04-28,-0.008277957870423248,-0.006824024850801564,-0.004894123288415875,4.599571734448974,3.76575623525834,2.7001531856951053,-0.00827795787042318,-0.0080867348,-0.0001912231,-0.0082779579,-0.0066345916,-0.0001894332,-0.0068240249,-0.0014521432,-1.7899e-06,-0.001453933
2026-04-29,0.00161450273374958,9.668770178837126e-05,-0.0003992267608001754,4.606997755588319,3.766120337574222,2.699075212285116,-0.006676819922285304,0.0023001191,-0.0006856163,0.0016145027,0.0007658189,-0.0006691312,9.66877e-05,0.0015343001,-1.64851e-05,0.001517815
2026-04-30,0.011835722768139234,0.010876823172004984,0.01023830043652207,4.661524903816901,3.807083762530508,2.7267091552092606,0.0,0.0101667189,0.0016690039,0.0118357228,0.0093378786,0.0015389446,0.0108768232,0.0008288403,0.0001300593,0.0009588996
2026-05-01,0.00586215922180795,0.0040943024512093,0.002928280027354679,4.688851505019499,3.8226711149113957,2.734693723168865,0.0,0.0060468032,-0.000184644,0.0058621592,0.0042659539,-0.0001716515,0.0040943025,0.0017808493,-1.29926e-05,0.0017678568
2026-05-04,-0.0003498836733307907,-0.00194099818964613,-0.004062173241937916,4.68721095243122,3.81525131719774,2.7235849235017127,-0.0003498836733306643,-7.66664e-05,-0.0002732172,-0.0003498837,-0.0016657202,-0.000275278,-0.0019409982,0.0015890538,2.0607e-06,0.0015911145
2026-05-05,0.00994290274598399,0.007244324900769624,0.00811998750130205,4.733815435081156,3.8428902373176097,2.7457003990392814,0.0,0.0100218387,-7.89359e-05,0.0099429027,0.0072958162,-5.14913e-05,0.0072443249,0.0027260225,-2.74446e-05,0.0026985778
2026-05-06,0.022458530555339046,0.023392583429988914,0.01458834420226962,4.840129973673262,3.9327853678063516,2.7857556215367754,0.0,0.0212457597,0.0012538214,0.0224995811,0.022162922,0.0012296614,0.0233925834,-0.0009171623,2.416e-05,-0.0008930023
2026-05-07,-0.0037660494717255107,-0.0038320163186226818,-0.003803060914146728,4.821901804742827,3.9177148700992768,2.7751612232161444,-0.003766049471725652,-0.0032964456,-0.0004696039,-0.0037660495,-0.0033894743,-0.0004425421,-0.0038320163,9.30286e-05,-2.70618e-05,6.59668e-05
2026-05-08,0.01231881457715098,0.008219744459811829,0.008425660784695976,4.881301918984683,3.9499174851978975,2.7985437903058057,0.0,0.0119164712,0.0004023434,0.0123188146,0.0077693711,0.0004503734,0.0082197445,0.0041471001,-4.803e-05,0.0040990701
2026-05-11,0.004419728081366481,0.002682850418998667,0.001880001567794221,4.902875946149647,3.960514522978071,2.8038050570191215,0.0,0.0048377572,-0.0004180291,0.0044197281,0.0030578138,-0.0003749634,0.0026828504,0.0017799434,-4.30657e-05,0.0017368777
2026-05-12,-0.007808923980980804,-0.0052176669627489874,-0.001602624635092642,4.864589760597986,3.939849877196041,2.7993116099627455,-0.007808923980980653,-0.0069229616,-0.0008859624,-0.007808924,-0.0043689415,-0.0008487255,-0.005217667,-0.0025540201,-3.72369e-05,-0.002591257
2026-05-13,0.011601417639365348,0.010609069922529024,0.005849241179522569,4.921025898054864,3.981648020027481,2.815685458706055,0.0,0.0117521551,-0.0001507375,0.0116014176,0.0107765014,-0.0001674315,0.0106090699,0.0009756537,1.6694e-05,0.0009923477
2026-05-14,0.006152664433670835,0.00837205694784212,0.007655573093326984,4.9513033190749995,4.014982603997414,2.8372411445429973,0.0,0.0067388325,-0.000586168,0.0061526644,0.0089617777,-0.0005897208,0.0083720569,-0.0022229453,3.5527e-06,-0.0022193925
2026-05-15,-0.015754279401455747,-0.015372770452382091,-0.01236328926950736,4.873299103184936,3.9532611980558543,2.8021635115456642,-0.015754279401455795,-0.0151853918,-0.0005688876,-0.0157542794,-0.0147996116,-0.0005731589,-0.0153727705,-0.0003857802,4.2712e-06,-0.0003815089
2026-05-18,-0.002030453254721397,-0.0008842102941098841,-0.0007356414928797461,4.863404097159644,3.949765683809228,2.8001021237967376,-0.01775274432829066,-0.0024614404,0.0004309872,-0.0020304533,-0.0013369586,0.0004527483,-0.0008842103,-0.0011244818,-2.17611e-05,-0.001146243
2026-05-19,-0.0071553975718089665,-0.007786226523169652,-0.006678328526755983,4.828604507292102,3.9190119134816475,2.781402121905556,-0.024781113956440115,-0.0063413796,-0.000814018,-0.0071553976,-0.0069946267,-0.0007915999,-0.0077862265,0.0006532471,-2.24182e-05,0.000630829
2026-05-20,0.012836309885350908,0.013070845163823674,0.01079197836164836,4.890585971061506,3.9702367113979466,2.8114189534202034,-0.012262902129138165,0.0123113703,0.0005249396,0.0128363099,0.0125746209,0.0004962243,0.0130708452,-0.0002632506,2.87153e-05,-0.0002345353
2026-05-21,0.00914231542097563,0.004546609333383181,0.001715330480279054,4.935297250602348,3.9882878266857293,2.8162414660438393,-0.0032326980274037798,0.009426553,-0.0002842376,0.0091423154,0.0047983505,-0.0002517411,0.0045466093,0.0046282025,-3.24965e-05,0.0045957061
2026-05-22,0.0019266553005503266,0.0035794932413362483,0.003726973348447071,4.944805867210013,4.002563876005855,2.8267375229305762,-0.0013122710216429967,0.0021904293,-0.000263774,0.0019266553,0.0038138667,-0.0002343735,0.0035794932,-0.0016234374,-2.94005e-05,-0.0016528379
2026-05-26,0.011335337001605838,0.009177588646322662,0.006108273666717068,5.000856908122356,4.039297760790467,2.844004009304614,0.0,0.0110044706,0.0003308665,0.011335337,0.0088531327,0.000324456,0.0091775886,0.0021513379,6.4105e-06,0.0021577484
2026-05-27,0.002852074421549928,0.002908283622032659,0.0001649129153411533,5.015119724195842,4.051045184312687,2.8444730222970303,0.0,0.0027872396,6.48348e-05,0.0028520744,0.0028597712,4.85124e-05,0.0029082836,-7.25316e-05,1.63224e-05,-5.62092e-05
2026-05-28,0.0055967238310075515,0.0051613100185772505,0.005753713917950876,5.043187964271605,4.071953884408189,2.8608393063146567,0.0,0.0051967309,0.0003999929,0.0055967238,0.0047718311,0.0003894789,0.00516131,0.0004248998,1.0514e-05,0.0004354138
2026-05-29,0.006585092588760848,0.004867854269088734,0.002172237404526767,5.0763978239588585,4.091775562507938,2.8670537284641737,0.0,0.0067014778,-0.0001163852,0.0065850926,0.0049459547,-7.81004e-05,0.0048678543,0.0017555231,-3.82848e-05,0.0017172383
2026-06-01,0.010008600817882872,0.006606854668028291,0.002625309034492984,5.127205463371632,4.118809328983618,2.8745806305198873,0.0,0.0106027665,-0.0005941657,0.0100086008,0.0071704274,-0.0005635727,0.0066068547,0.0034323391,-3.0593e-05,0.0034017461
2026-06-02,0.003950369841881895,0.002464971449037687,0.001292112063747686,5.147459821207267,4.128962076383592,2.8782949108307974,0.0,0.0041551129,-0.0002047431,0.0039503698,0.00263419,-0.0001692185,0.0024649714,0.0015209229,-3.55246e-05,0.0014853984
2026-06-03,-0.006579968797500576,-0.007673610874545204,-0.007372092228684624,5.1135896961973355,4.097278028093671,2.857075855286799,-0.006579968797500557,-0.0062086978,-0.000371271,-0.0065799688,-0.0072831614,-0.0003904495,-0.0076736109,0.0010744636,1.91785e-05,0.0010936421
2026-06-04,0.0007245955861065799,0.0022364117164385875,0.004054977176687347,5.11729498072036,4.106441228681206,2.8686612326720518,-0.00586014102774135,0.0008800415,-0.0001554459,0.0007245956,0.0023490828,-0.0001126711,0.0022364117,-0.0014690414,-4.27748e-05,-0.0015118161
2026-06-05,-0.03405311910937111,-0.031008973507622405,-0.02644538527565465,4.943035125224103,3.9791047014104217,2.792798381148705,-0.03971370405669705,-0.0326430786,-0.0013569694,-0.034000048,-0.0296770454,-0.0013319282,-0.0310089735,-0.0029660332,-2.50413e-05,-0.0029910745
2026-06-08,0.002824080906227474,0.0025352787331353213,0.002978165536706268,4.95699465634006,3.989192840936827,2.801115797038411,-0.03700177786381165,0.0021150415,0.0007090394,0.0028240809,0.0019034893,0.0006317895,0.0025352787,0.0002115522,7.725e-05,0.0002888022
2026-06-09,-0.0018381203927429516,-0.0013505026597967148,-0.00257638342202593,4.947883103375523,3.9838054253946997,2.7938990487357462,-0.03877188453409541,-0.0018824911,4.43707e-05,-0.0018381204,-0.001418639,6.81363e-05,-0.0013505027,-0.0004638521,-2.37656e-05,-0.0004876177
2026-06-10,-0.020296385062549507,-0.019276458679462524,-0.01619949503496165,4.847458962664931,3.9070117647250604,2.7486392949675675,-0.05828134049854017,-0.0202922354,-4.1497e-06,-0.0202963851,-0.019257607,-1.88517e-05,-0.0192764587,-0.0010346284,1.4702e-05,-0.0010199264
2026-06-11,0.02409991339923851,0.018837197654964045,0.01751894525794051,4.964282303871519,3.980608917577456,2.7967925563099287,-0.03558600235810805,0.0237787645,0.0003211489,0.0240999134,0.0184823088,0.0003548888,0.0188371977,0.0052964557,-3.37399e-05,0.0052627157
2026-06-12,0.011126660482721077,0.00802728235734778,0.005025492609171955,5.019518187607078,4.012562389313026,2.8108478166310515,-0.024855295241562825,0.0109947599,0.0001319006,0.0111266605,0.0079227821,0.0001045003,0.0080272824,0.0030719779,2.74003e-05,0.0030993781
2026-06-15,0.02609402291149773,0.022072736066438305,0.01652838069504514,5.150497610199176,4.10113061988245,2.857306579420166,0.0,0.02587545,0.0002185729,0.0260940229,0.0218285608,0.0002441752,0.0220727361,0.0040468892,-2.56023e-05,0.0040212868
2026-06-16,-0.0079551257422899,-0.0055099552164661085,-0.005684187395506357,5.109524754074679,4.078533573830019,2.8410651133763283,-0.007955125742289848,-0.0081933086,0.0002381829,-0.0079551257,-0.0057617541,0.0002517989,-0.0055099552,-0.0024315546,-1.3616e-05,-0.0024451705
2026-06-17,-0.00863493653982764,-0.008241093258819212,-0.01214828226617048,5.065404332074565,4.044921998288861,2.806551052442463,-0.016521370276166403,-0.007567657,-0.0010672795,-0.0086349365,-0.0070892536,-0.0011518396,-0.0082410933,-0.0004784034,8.45601e-05,-0.0003938433
2026-06-18,0.017558335930535608,0.01422112388675955,0.01084621501057925,5.1543444029611205,4.102445335138806,2.8369915085954216,0.0,0.0187819046,-0.0012235686,0.0175583359,0.0153871642,-0.0011660403,0.0142211239,0.0033947404,-5.75284e-05,0.003337212
2026-06-22,0.0013097588353519478,-0.003091737367487556,-0.003705046809713397,5.161095351083345,4.089761651598082,2.826480322257316,0.0,0.0014753665,-0.0001656077,0.0013097588,-0.0029140752,-0.0001776622,-0.0030917374,0.0043894418,1.20545e-05,0.0044014962
2026-06-23,-0.03171487838911267,-0.023295553363933786,-0.01436277481369075,4.997411839669122,3.9944883907975095,2.785884221873406,-0.03171487838911258,-0.0315002975,-0.0002145809,-0.0317148784,-0.0230254419,-0.0002701114,-0.0232955534,-0.0084748556,5.55305e-05,-0.008419325
2026-06-24,-0.0004924634389591382,-0.00045056647540109914,-0.0009829664406567629,4.994950797048664,3.9926886082422373,2.7831457911757496,-0.0321917234099941,-1.01211e-05,-0.0004823423,-0.0004924634,2.50104e-05,-0.0004755769,-0.0004505665,-3.51315e-05,-6.7655e-06,-4.1897e-05
2026-06-25,0.012188120092805158,0.0025825149979332935,-9.920877603553091e-05,5.055829857220745,4.0029997864551,2.7828696786882787,-0.02039595990810439,0.012089851,9.82691e-05,0.0121881201,0.0024615521,0.0001209629,0.002582515,0.0096282989,-2.26938e-05,0.0096056051
2026-06-26,-0.013484585596246249,-0.004837929716232745,-0.0004716282319104925,4.987654086750995,3.9836335548341357,2.7815571987820817,-0.033605514437152095,-0.013785401,0.0003008154,-0.0134845856,-0.0051321014,0.0002941717,-0.0048379297,-0.0086532995,6.6437e-06,-0.0086466559
2026-06-29,0.010898661930707619,0.012802949775766653,0.01175003603471292,5.0420128424698065,4.034635815161736,2.8142405961003862,-0.023073107647302527,0.0108089485,8.97134e-05,0.0108986619,0.0126387416,0.0001642082,0.0128029498,-0.0018297931,-7.44947e-05,-0.0019042878
2026-06-30,0.01582676411992899,0.01098531551267903,0.007920241168857034,5.121811590417229,4.078957562570043,2.8365300603286894,-0.007611516159621079,0.0161654681,-0.0003387039,0.0158267641,0.011262863,-0.0002775475,0.0109853155,0.004902605,-6.11564e-05,0.0048414486
2026-07-01,-0.01198699325158844,-0.0068924030136663815,-0.002150850205884236,5.06041646944699,4.050843743173168,2.8304291090644345,-0.019507270218369843,-0.0117229674,-0.0002640259,-0.0119869933,-0.0065984777,-0.0002939253,-0.006892403,-0.0051244897,2.98995e-05,-0.0050945902
2026-07-02,-0.014297238893648416,-0.005085500004912825,1.336321347800151e-06,4.988066486281953,4.0302431772973595,2.8304328914272765,-0.03352560900954327,-0.0153845663,0.0010873274,-0.0142972389,-0.006128466,0.001042966,-0.0050855,-0.0092561002,4.43613e-05,-0.0092117389
2026-07-06,0.013787940028180212,0.012275183826400799,0.007241515707100188,5.0568416478513845,4.079715153163782,2.85092951566844,-0.020199918067794864,0.0137980808,-1.01408e-05,0.01378794,0.0122248625,5.03213e-05,0.0122751838,0.0015732183,-6.04621e-05,0.0015127562
2026-07-07,-0.01358173837842581,-0.009885867628488695,-0.004455099417175368,4.988160947569139,4.0393836291976655,2.8382283412447777,-0.03350730644375821,-0.0136710695,8.93311e-05,-0.0135817384,-0.0099060915,2.02239e-05,-0.0098858676,-0.003764978,6.91072e-05,-0.0036958707
2026-07-08,-0.0026784707036142928,-0.005215982343900383,-0.002817220493480099,4.974800304606163,4.01831427550753,2.830232426196647,-0.03609602880870588,-0.0028330685,0.0001689217,-0.0026641467,-0.0053969802,0.0001809978,-0.0052159823,0.0025639117,-1.20761e-05,0.0025518356
2026-07-09,0.017224918850015335,0.011761449435787233,0.008142771803263837,5.060490836148035,4.065575475676013,2.853278362993364,-0.019492861125728345,0.0171190658,0.000105853,0.0172249189,0.0116452358,0.0001162137,0.0117614494,0.00547383,-1.03606e-05,0.0054634694
2026-07-10,0.0039408834090999155,0.002812505870796357,0.004208843476093849,5.080433640526113,4.077009930569518,2.865287365016928,-0.015628796809634693,0.003706988,0.0002338954,0.0039408834,0.002654985,0.0001575209,0.0028125059,0.001052003,7.63745e-05,0.0011283775
2026-07-13,-0.021999524967487062,-0.014440207515303052,-0.007926984617293686,4.968666513805698,4.018137061130143,2.842574276150313,-0.037284495671496276,-0.0215146955,-0.0004848294,-0.021999525,-0.0139336183,-0.0005065892,-0.0144402075,-0.0075810772,2.17598e-05,-0.0075593175
2026-07-14,0.009733320623719132,0.006154847111755296,0.00375897830304428,5.017028138056906,4.042868080415477,2.853259451179154,-0.027914076998441506,0.0091783718,0.0005549489,0.0097333206,0.0055735918,0.0005812553,0.0061548471,0.0036047799,-2.63064e-05,0.0035784735
2026-07-15,0.0025617967513367457,0.006088110754846179,0.003819136511926002,5.0298807444423455,4.06748150905628,2.86415643852715,-0.025423790438875882,0.0020832024,0.0004785943,0.0025617968,0.0055409843,0.0005471264,0.0060881108,-0.0034577819,-6.85321e-05,-0.003526314
2026-07-16,-0.018515617108833336,-0.011114210823729456,-0.005101420949764846,4.936749398475158,4.022274662043007,2.849545170868244,-0.043468670378487784,-0.0184028325,-0.0001127846,-0.0185156171,-0.010954184,-0.0001600269,-0.0111142108,-0.0074486486,4.72423e-05,-0.0074014063
2026-07-17,-0.013729959687381051,-0.011499611338854587,-0.01009852968699609,4.868968028247392,3.9760200667313903,2.8207689543657946,-0.05660180697390793,-0.0135960734,-0.0001338863,-0.0137299597,-0.0113775499,-0.0001220614,-0.0114996113,-0.0022185235,-1.18249e-05,-0.0022303483
2026-07-20,-0.00012804928951420371,-0.001410197381794659,-0.001932233707756636,4.868344560350708,3.9704130936433226,2.8153185695103757,-0.05672260844225385,-7.11952e-05,-5.68541e-05,-0.0001280493,-0.001308769,-0.0001014283,-0.0014101974,0.0012375738,4.45743e-05,0.0012821481
2026-07-21,0.019159533292157027,0.01219453103277316,0.008856310658741817,4.9616197700324385,4.018830419326685,2.8402519053652844,-0.03864985385496422,0.0195890519,-0.0004295187,0.0191595333,0.0126105284,-0.0004159974,0.012194531,0.0069785235,-1.35212e-05,0.0069650023
2026-07-22,-0.0006731931152787348,-0.0018612339929878624,-0.001363660576359615,4.958279641762622,4.01135043553818,2.8363787658150073,-0.03929702815472125,-0.0007731174,9.99243e-05,-0.0006731931,-0.0019583674,9.71334e-05,-0.001861234,0.00118525,2.7909e-06,0.0011880409
2026-07-23,-0.012974262907425885,-0.013057425314838063,-0.01208967643513237,4.893949618121856,3.9589725268144966,2.802087864288824,-0.05176144108738734,-0.0126473188,-0.0003269441,-0.0129742629,-0.0127066117,-0.0003508136,-0.0130574253,5.92929e-05,2.38695e-05,8.31624e-05
2026-07-24,-0.009577950394341131,-0.003804360036819213,0.0004967401428126461,4.84707561144708,3.9439111699466185,2.803479773814704,-0.06084362296665391,-0.0098090217,0.0002310713,-0.0095779504,-0.0039972713,0.0001929113,-0.00380436,-0.0058117504,3.816e-05,-0.0057735904
2026-07-27,-0.004499391931096195,-8.738254095402138e-05,0.000161900059093556,4.8252667185515214,3.943566540967292,2.8039336573557523,-0.06506925559151533,-0.00426704,-0.000232352,-0.0044993919,0.0001368451,-0.0002242276,-8.73825e-05,-0.004403885,-8.1244e-06,-0.0044120094
2026-07-28,-0.012864401769932282,-0.00497129893685329,0.002104360072195721,4.763192548836992,3.923961892814771,2.8098341433893776,-0.07709658031464794,-0.013185301,0.0003208992,-0.0128644018,-0.0052775492,0.0003062503,-0.0049712989,-0.0079077518,1.4649e-05,-0.0078931028
2026-07-29,-0.019420226626257153,-0.015533676302604745,-0.0151613050864341,4.670690270074078,3.86300833894803,2.767233390699172,-0.0950195738790851,-0.0203076747,0.0008874481,-0.0194202266,-0.0164678547,0.0009341784,-0.0155336763,-0.0038398199,-4.67304e-05,-0.0038865503
2026-07-30,0.029020550243230477,0.020991314869347605,0.01660436158361978,4.8062362717273315,3.9440979633338036,2.8131815345046074,-0.0687565439537029,0.0272691718,0.0017513785,0.0290205502,0.0193227564,0.0016685585,0.0209913149,0.0079464154,8.282e-05,0.0080292354
2026-07-31,0.01435667406978493,0.013164018284304883,0.007003575063561973,4.875237839382899,3.9960181410382196,2.832883862548937,-0.055386985175626235,0.0143203197,3.63544e-05,0.0143566741,0.0131625234,1.4949e-06,0.0131640183,0.0011577963,3.48594e-05,0.0011926558
2026-08-03,0.014441493665441438,0.01114271371512373,0.01479094011525128,4.945643555757867,4.040544627184249,2.8747848781133603,-0.04174536230574655,0.0144832535,-4.17598e-05,0.0144414937,0.0112368399,-9.41262e-05,0.0111427137,0.0032464136,5.23664e-05,0.00329878
2026-08-04,0.0232913466074764,0.01919070567439978,0.01789619104006324,5.060834254012056,4.11808552988882,2.9262325774911617,-0.019426321400987878,0.0232151857,7.61609e-05,0.0232913466,0.0190735928,0.0001171129,0.0191907057,0.0041415929,-4.0952e-05,0.0041006409
2026-08-05,-0.0027183178436642683,-0.0009080486555785253,-0.00167646435348201,5.047077297955547,4.114346107859847,2.921326852885,-0.022091832328551164,-0.0030189432,0.0003006254,-0.0027183178,-0.0012172801,0.0003092314,-0.0009080487,-0.0018016631,-8.606e-06,-0.0018102692
2026-08-06,-0.006294661454823314,-0.00272427608199822,-0.001759553573162598,5.015307655028593,4.103137493165142,2.9161866217826304,-0.02824743317794942,-0.005853586,-0.0004024562,-0.0062560422,-0.0023100832,-0.0004141929,-0.0027242761,-0.0035435028,1.17367e-05,-0.0035317661
2026-08-07,0.005571397778836166,0.00682484603498607,0.006184208478383857,5.043249928957999,4.131140774816372,2.934220927813608,-0.022833413085578735,0.0048589384,0.0007124593,0.0055713978,0.0061352585,0.0006895875,0.006824846,-0.0012763201,2.28718e-05,-0.0012534483
2026-08-10,-0.0002177749118296522,-0.00040734503953681017,-0.000583940476743039,5.042151635649385,4.129457975114122,2.932507517446151,-0.023046215452886876,0.0003347176,-0.0005524925,-0.0002177749,9.10593e-05,-0.0004984044,-0.000407345,0.0002436582,-5.40881e-05,0.0001895701
2026-08-11,-0.0007990086354077509,-0.0027184961695515975,-0.00321290424100773,5.038122912951466,4.11823205942645,2.923085651606561,-0.023826809963134354,-0.0008783249,7.93162e-05,-0.0007990086,-0.0027751675,5.66713e-05,-0.0027184962,0.0018968426,2.26449e-05,0.0019194875
2026-08-12,0.00908590128197814,0.004397655907901685,0.002626743614295712,5.083898800385016,4.136342626972698,2.930763848175958,-0.014957396724345595,0.0093462051,-0.0002603039,0.0090859013,0.0046628121,-0.0002651562,0.0043976559,0.004683393,4.8523e-06,0.0046882454
2026-08-13,0.011388951158812426,0.007286169059564435,0.00651609989030133,5.1417990755189455,4.166480718641104,2.9498609981655566,-0.0037387946262897875,0.0115116493,-0.0001226982,0.0113889512,0.0073889035,-0.0001027345,0.0072861691,0.0041227458,-1.99637e-05,0.0041027821
2026-08-14,0.003172421214509312,-0.0006427210565462548,-0.001696373504774251,5.158111027986866,4.163802833751539,2.944856932125502,-0.0005782344431696229,0.0027600565,0.0004123648,0.0031724212,-0.0010810421,0.000438321,-0.0006427211,0.0038410985,-2.59563e-05,0.0038151423
2026-08-17,0.001520308611706637,-0.003579821908595901,-0.005227492242247389,5.165952948602853,4.148897161144202,2.9294627153582873,0.0,0.001377591,0.0001427176,0.0015203086,-0.0037340648,0.0001542429,-0.0035798219,0.0051116559,-1.15254e-05,0.0051001305
2026-08-18,-0.014579490510049559,-0.009529427973612664,-0.00688180595114829,5.090635986613335,4.109360544477152,2.9093027214100675,-0.014579490510049586,-0.0145568919,-2.25986e-05,-0.0145794905,-0.009486512,-4.2916e-05,-0.009529428,-0.00507038,2.03174e-05,-0.0050500625
2026-08-19,-0.0023786809929775303,0.0015744695751690714,0.002108750143010152,5.07852698754981,4.1158306076278315,2.915437713939901,-0.01692349154606365,-0.0040666794,0.0016879984,-0.002378681,-0.0001374506,0.0017119201,0.0015744696,-0.0039292288,-2.39217e-05,-0.0039531506
2026-08-20,-0.0036767197701690086,-0.005998772634979465,-0.008668937905910501,5.059854666971349,4.091140675608583,2.890163965429206,-0.020537988380284977,-0.0033248914,-0.0003518284,-0.0036767198,-0.0056980171,-0.0003007556,-0.0059987726,0.0023731257,-5.10728e-05,0.0023220529
2026-08-21,0.005060114049302157,0.005451269142026347,0.004346198744693108,5.085458108659117,4.113442584529216,2.9027251924277118,-0.015581798894530374,0.0048539017,0.0002062123,0.005060114,0.005281471,0.0001697981,0.0054512691,-0.0004275693,3.64142e-05,-0.0003911551
2026-08-24,-0.009531842718282304,-0.005496622246680636,-0.00280283593311248,5.036984321816965,4.0908325445086495,2.8945893299544245,-0.024965118356482074,-0.0094637152,-6.81275e-05,-0.0095318427,-0.0053993832,-9.72391e-05,-0.0054966222,-0.004064332,2.91115e-05,-0.0040352205
2026-08-25,0.006031100109832719,0.0052040632066524895,0.003190963901077426,5.067362878513501,4.112121495638104,2.903825860014753,-0.019084585374711138,0.0059645438,6.65563e-05,0.0060311001,0.0051172678,8.67954e-05,0.0052040632,0.000847276,-2.02391e-05,0.0008270369
2026-08-26,5.413761180809481e-05,-0.0013635151257850714,-0.0002058020548943995,5.0676372134379095,4.106514555779736,2.9032282466857064,-0.019031480956777425,0.0003592542,-0.0003051166,5.41376e-05,-0.0010182538,-0.0003452613,-0.0013635151,0.0013775081,4.01447e-05,0.0014176527
2026-08-27,0.008554392314520282,0.008528836253090047,0.007203251820680823,5.11098777026932,4.141538345996912,2.9241409308394974,-0.01063989139668775,0.0084710567,8.33356e-05,0.0085543923,0.0084501428,7.86935e-05,0.0085288363,2.09139e-05,4.6421e-06,2.55561e-05
2026-08-28,-0.005321254545094055,-0.00337346817226209,-0.002487391653591575,5.083790903366855,4.127566998202488,2.916867447094202,-0.01590452837132772,-0.0048602769,-0.0004609776,-0.0053212545,-0.0028091258,-0.0005643424,-0.0033734682,-0.0020511511,0.0001033647,-0.0019477864
2026-08-31,0.00026463314652442867,-0.0023170287413581655,-0.003322198823614841,5.0851362429498845,4.118003306835771,2.9071770334928253,-0.015644104090190347,-0.00014883,0.0004134632,0.0002646331,-0.0027233105,0.0004062817,-0.0023170287,0.0025744805,7.1814e-06,0.0025816619
2026-09-01,-0.008802504816245048,-0.008010636440627068,-0.007112803045481897,5.040374306680056,4.08501547948341,2.8864988558352427,-0.024308901604835564,-0.0083879549,-0.0004145499,-0.0088025048,-0.0075876953,-0.0004229411,-0.0080106364,-0.0008002596,8.3912e-06,-0.0007918684
2026-09-02,0.004069353610072752,0.0033033560710367576,0.004603307095487619,5.060885372061063,4.09850974016784,2.899786296499426,-0.020338469511265278,0.0035489659,0.0005203877,0.0040693536,0.0029011407,0.0004022153,0.0033033561,0.0006478252,0.0001181724,0.0007659975
2026-09-03,0.011307818896858949,0.011112849008391133,0.01057965721441056,5.118112947306092,4.144055860069746,2.930465041511435,-0.009260634344278929,0.0103597421,0.0009480768,0.0113078189,0.0101949528,0.0009178962,0.011112849,0.0001647893,3.01806e-05,0.0001949699
2026-09-04,0.003703829971113521,-0.0009071765887292244,-0.003757239235851584,5.137069567435869,4.140296469611105,2.919454583278177,-0.00559110418820119,0.0038659578,-7.30414e-05,0.0037929165,-0.000803753,-0.0001034236,-0.0009071766,0.0046697108,3.03822e-05,0.004700093
2026-09-08,0.0025127857011745963,-0.0009211456304013071,-0.005840437385018049,5.149977922390861,4.136482653609557,2.902403691586137,-0.003092367733684487,0.0017490601,0.0007637256,0.0025127857,-0.0015871919,0.0006660463,-0.0009211456,0.003336252,9.76793e-05,0.0034339313
2026-09-09,-0.0030367644939261872,-0.004991635816284296,-0.004842627633732777,5.134338652291641,4.11583483864236,2.8883484312650136,-0.006119741435074877,-0.0032428214,0.0002060569,-0.0030367645,-0.0051694605,0.0001778247,-0.0049916358,0.0019266391,2.82322e-05,0.0019548713
2026-09-10,-0.008781935040766652,-0.006591843984275299,-0.005848336118255304,5.089249223769919,4.088703897520985,2.8714563988123403,-0.014847933304092287,-0.0081997086,-0.0005822265,-0.008781935,-0.0060534928,-0.0005383511,-0.006591844,-0.0021462157,-4.38753e-05,-0.0021900911
