{
  "metrics": {
    "annual_return": 0.291124538148273,
    "annual_vol": 0.22443238860032547,
    "sharpe_ratio": 1.297159202216194,
    "active_return": 0.04347307134349676,
    "tracking_error": 0.029287694307050274,
    "information_ratio": 1.484345981207258,
    "max_drawdown": -0.30008475929957235,
    "avg_annual_turnover": 1.1333178134221293,
    "avg_annual_turnover_one_way": 0.5666589067110647,
    "avg_ic": 0.048793984401466185,
    "annual_tc": 0.0011333178134221294,
    "spx_annual_return": 0.13847468314625422,
    "spx_annual_vol": 0.1936692067168222,
    "spx_sharpe": 0.7150061979069708,
    "realized_beta": 1.0229505576666635,
    "realized_active_beta": 0.022950557666663568,
    "sub_periods": {
      "P1_ir": 1.7241028794551319,
      "P2_ir": 0.14266953795866347,
      "P3_ir": 2.1343292345410365
    },
    "oos_split": {
      "full_ir": 1.468100704036273,
      "full_n": 1973,
      "insample_ir": 0.9472645730170035,
      "insample_n": 1592,
      "oos_ir": 3.124483128462982,
      "oos_n": 381
    }
  },
  "identity_metrics": {
    "annual_return": 0.2941868424658214,
    "annual_vol": 0.2249746005810904,
    "sharpe_ratio": 1.3076446928051506,
    "active_return": 0.04602706199662654,
    "tracking_error": 0.031069189048318836,
    "information_ratio": 1.481437507913232,
    "max_drawdown": -0.29988704097123386,
    "avg_annual_turnover": 1.1440214379781009,
    "avg_annual_turnover_one_way": 0.5720107189890504,
    "avg_ic": 0.04864921465993589,
    "annual_tc": 0.001144021437978101,
    "spx_annual_return": 0.13847468314625422,
    "spx_annual_vol": 0.1936692067168222,
    "spx_sharpe": 0.7150061979069708,
    "realized_beta": 1.0243885664115702,
    "realized_active_beta": 0.024388566411570372,
    "sub_periods": {
      "P1_ir": 1.5913898072844228,
      "P2_ir": 0.5748840368901712,
      "P3_ir": 2.0048140252090008
    },
    "oos_split": {
      "full_ir": 1.4643640741322166,
      "full_n": 1973,
      "insample_ir": 0.9868422687732339,
      "insample_n": 1592,
      "oos_ir": 2.8107501694462513,
      "oos_n": 381
    }
  },
  "s0_metrics": {
    "annual_return": 0.2941868424658214,
    "annual_vol": 0.2249746005810904,
    "sharpe_ratio": 1.3076446928051506,
    "active_return": 0.04602706199662654,
    "tracking_error": 0.031069189048318836,
    "information_ratio": 1.481437507913232,
    "max_drawdown": -0.29988704097123386,
    "avg_annual_turnover": 1.1440214379781009,
    "avg_annual_turnover_one_way": 0.5720107189890504,
    "avg_ic": 0.04864921465993589,
    "annual_tc": 0.001144021437978101,
    "spx_annual_return": 0.13847468314625422,
    "spx_annual_vol": 0.1936692067168222,
    "spx_sharpe": 0.7150061979069708,
    "realized_beta": 1.0243885664115702,
    "realized_active_beta": 0.024388566411570372,
    "sub_periods": {
      "P1_ir": 1.5913898072844228,
      "P2_ir": 0.5748840368901712,
      "P3_ir": 2.0048140252090008
    }
  },
  "alpha_distribution": {
    "min": 0.25,
    "median": 0.5,
    "max": 0.75,
    "mean": 0.5100526360313378,
    "frac_off_half": 0.6037735849056604,
    "frac_at_upper_clip": 0.22053819981441386,
    "frac_at_lower_clip": 0.13640581503247756,
    "n": 3233
  },
  "anchors": {
    "m": 0.04035956534962617,
    "iqr": 0.07403856582239399,
    "window": 63,
    "forward_horizon": 20
  }
}