sheet,ticker,status,lead_nan,lead_run,max_later_run,first_obs,first_change,listing
PX_LAST,AAPL,ok,0,1,2,2014-01-02,2014-01-03,2014-01-02
PX_LAST,MSFT,ok,0,1,2,2014-01-02,2014-01-03,2014-01-02
PX_LAST,GOOGL,ok,0,1,2,2014-01-02,2014-01-03,2014-01-02
PX_LAST,AMZN,ok,0,1,3,2014-01-02,2014-01-03,2014-01-02
PX_LAST,META,ok,0,1,2,2014-01-02,2014-01-03,2014-01-02
PX_LAST,NVDA,ok,0,1,2,2014-01-02,2014-01-03,2014-01-02
PX_LAST,TSLA,ok,0,1,2,2014-01-02,2014-01-03,2014-01-02
PX_LAST,PLTR,ok,0,1,2,2020-09-30,2020-10-01,2020-09-30
PX_LAST,AVGO,ok,0,1,2,2014-01-02,2014-01-03,2014-01-02
PX_LAST,MU,ok,0,1,2,2014-01-02,2014-01-03,2014-01-02
PX_LAST,GEV,ok,0,1,2,2024-04-02,2024-04-03,2024-04-02
PX_LAST,VRT,ok,0,1,5,2018-08-01,2018-08-02,2018-08-01
PX_LAST,BE,ok,0,1,2,2018-07-25,2018-07-26,2018-07-25
PX_LAST,LITE,ok,0,1,2,2015-07-27,2015-07-28,2015-07-27
PX_LAST,000660,ok,0,1,7,2014-01-02,2014-01-03,2014-01-02
PX_LAST,005930,ok,0,1,7,2014-01-02,2014-01-03,2014-01-02
PX_LAST,UNH,ok,0,1,2,2014-01-02,2014-01-03,2014-01-02
PX_LAST,LLY,ok,0,1,2,2014-01-02,2014-01-03,2014-01-02
PX_LAST,ISRG,ok,0,1,2,2014-01-02,2014-01-03,2014-01-02
PX_LAST,ABBV,ok,0,1,2,2014-01-02,2014-01-03,2014-01-02
PX_LAST,REGN,ok,0,1,2,2014-01-02,2014-01-03,2014-01-02
PX_LAST,JPM,ok,0,1,2,2014-01-02,2014-01-03,2014-01-02
PX_LAST,V,ok,0,1,2,2014-01-02,2014-01-03,2014-01-02
PX_LAST,MA,ok,0,1,2,2014-01-02,2014-01-03,2014-01-02
PX_LAST,BLK,ok,0,1,2,2014-01-02,2014-01-03,2014-01-02
PX_LAST,SPGI,ok,0,1,2,2014-01-02,2014-01-03,2014-01-02
PX_LAST,GS,ok,0,1,2,2014-01-02,2014-01-03,2014-01-02
PX_LAST,COST,ok,0,1,2,2014-01-02,2014-01-03,2014-01-02
PX_LAST,HD,ok,0,1,2,2014-01-02,2014-01-03,2014-01-02
PX_LAST,PG,ok,0,1,2,2014-01-02,2014-01-03,2014-01-02
PX_LAST,MCD,ok,0,1,2,2014-01-02,2014-01-03,2014-01-02
PX_LAST,WMT,ok,0,1,2,2014-01-02,2014-01-03,2014-01-02
PX_LAST,CAT,ok,0,1,2,2014-01-02,2014-01-03,2014-01-02
PX_LAST,HON,ok,0,1,2,2014-01-02,2014-01-03,2014-01-02
PX_LAST,DE,ok,0,1,2,2014-01-02,2014-01-03,2014-01-02
PX_LAST,UNP,ok,0,1,2,2014-01-02,2014-01-03,2014-01-02
PX_LAST,LMT,ok,0,1,2,2014-01-02,2014-01-03,2014-01-02
PX_LAST,ETN,ok,0,1,2,2014-01-02,2014-01-03,2014-01-02
PX_LAST,XOM,ok,0,1,2,2014-01-02,2014-01-03,2014-01-02
PX_LAST,LNG,ok,0,1,2,2014-01-02,2014-01-03,2014-01-02
PX_LAST,FCX,ok,0,1,3,2014-01-02,2014-01-03,2014-01-02
PX_LAST,LIN,ok,0,1,2,2014-01-02,2014-01-03,2014-01-02
PX_LAST,NEE,ok,0,1,2,2014-01-02,2014-01-03,2014-01-02
PX_LAST,AMT,ok,0,1,2,2014-01-02,2014-01-03,2014-01-02
PX_LAST,EQIX,ok,0,1,2,2014-01-02,2014-01-03,2014-01-02
PX_LAST,TMUS,ok,0,1,2,2014-01-02,2014-01-03,2014-01-02
PX_LAST,PLD,ok,0,1,2,2014-01-02,2014-01-03,2014-01-02
PX_LAST,AMD,ok,0,1,3,2014-01-02,2014-01-03,2014-01-02
PX_LAST,CRM,ok,0,1,2,2014-01-02,2014-01-03,2014-01-02
PX_LAST,NFLX,ok,0,1,2,2014-01-02,2014-01-03,2014-01-02
PX_LAST,TER,ok,0,1,2,2014-01-02,2014-01-03,2014-01-02
PX_LAST,GLW,ok,0,1,2,2014-01-02,2014-01-03,2014-01-02
PX_LAST,JNJ,ok,0,1,3,2014-01-02,2014-01-03,2014-01-02
PX_LAST,WFC,ok,0,1,2,2014-01-02,2014-01-03,2014-01-02
PX_LAST,MPC,ok,0,1,2,2014-01-02,2014-01-03,2014-01-02
PX_LAST,LRCX,ok,0,1,2,2014-01-02,2014-01-03,2014-01-02
PX_LAST,AMAT,ok,0,1,2,2014-01-02,2014-01-03,2014-01-02
PX_LAST,PANW,ok,0,1,2,2014-01-02,2014-01-03,2014-01-02
PX_LAST,FN,ok,0,1,2,2014-01-02,2014-01-03,2014-01-02
PX_LAST,MPWR,ok,0,1,2,2014-01-02,2014-01-03,2014-01-02
PX_LAST,BAC,ok,0,1,3,2014-01-02,2014-01-03,2014-01-02
PX_LAST,CSCO,ok,0,1,3,2014-01-02,2014-01-03,2014-01-02
PX_LAST,INTC,ok,0,1,2,2014-01-02,2014-01-03,2014-01-02
PX_LAST,ORCL,ok,0,1,3,2014-01-02,2014-01-03,2014-01-02
PX_LAST,TSM,ok,0,1,3,2014-01-02,2014-01-03,2014-01-02
PX_LAST,SNDK,ok,0,1,1,2025-02-24,2025-02-25,2025-02-24
PX_LAST,KLAC,ok,0,1,2,2014-01-02,2014-01-03,2014-01-02
PX_LAST,ANET,ok,0,1,2,2014-06-06,2014-06-09,2014-06-06
PX_LAST,MRVL,ok,0,1,3,2014-01-02,2014-01-03,2014-01-02
PX_LAST,CDNS,ok,0,1,2,2014-01-02,2014-01-03,2014-01-02
PX_LAST,STX,ok,0,1,2,2014-01-02,2014-01-03,2014-01-02
PX_LAST,PWR,ok,0,1,2,2014-01-02,2014-01-03,2014-01-02
PX_LAST,BX,ok,0,1,2,2014-01-02,2014-01-03,2014-01-02
PX_LAST,TMO,ok,0,1,2,2014-01-02,2014-01-03,2014-01-02
PX_LAST,BSX,ok,0,1,3,2014-01-02,2014-01-03,2014-01-02
PX_LAST,BKNG,ok,0,1,2,2014-01-02,2014-01-03,2014-01-02
PX_LAST,PM,ok,0,1,2,2014-01-02,2014-01-03,2014-01-02
PX_LAST,WMB,ok,0,1,2,2014-01-02,2014-01-03,2014-01-02
PX_LAST,CEG,ok,0,1,2,2022-02-02,2022-02-03,2022-02-02
PX_LAST,VST,ok,0,1,3,2016-10-05,2016-10-06,2016-10-05
PX_LAST,DLR,ok,0,1,2,2014-01-02,2014-01-03,2014-01-02
PX_LAST,ARM,ok,0,1,2,2023-09-14,2023-09-15,2023-09-14
PX_LAST,SPOT,ok,0,1,2,2018-04-03,2018-04-04,2018-04-03
PX_LAST,RACE,ok,0,1,2,2015-10-21,2015-10-22,2015-10-21
PX_LAST,285A,ok,0,1,4,2024-12-18,2024-12-19,2024-12-18
PX_LAST,6857,ok,0,3,7,2014-01-02,2014-01-07,2014-01-02
PX_LAST,SU,ok,0,1,2,2014-01-02,2014-01-03,2014-01-02
PX_LAST,SIE,ok,0,1,3,2014-01-02,2014-01-03,2014-01-02
PX_LAST,RHM,ok,0,1,3,2014-01-02,2014-01-03,2014-01-02
PX_LAST,ALV,ok,0,1,3,2014-01-02,2014-01-03,2014-01-02
PX_LAST,MC,ok,0,1,3,2014-01-02,2014-01-03,2014-01-02
PX_LAST,NESN,ok,0,2,4,2014-01-02,2014-01-06,2014-01-02
PX_LAST,RR/,ok,0,1,3,2014-01-02,2014-01-03,2014-01-02
PX_LAST,SAP,ok,0,1,3,2014-01-02,2014-01-03,2014-01-02
PX_LAST,ASML,ok,0,1,2,2014-01-02,2014-01-03,2014-01-02
PX_LAST,AZN,ok,0,1,3,2014-01-02,2014-01-03,2014-01-02
PX_LAST,SHEL,ok,0,1,3,2014-01-02,2014-01-03,2014-01-02
PX_LAST,HSBA,ok,0,1,3,2014-01-02,2014-01-03,2014-01-02
PX_LAST,NOVOB,ok,0,1,3,2014-01-02,2014-01-03,2014-01-02
PX_LAST,RIO,ok,0,2,3,2014-01-02,2014-01-06,2014-01-02
PX_LAST,QCOM,ok,0,1,2,2014-01-02,2014-01-03,2014-01-02
PX_LAST,TXN,ok,0,1,2,2014-01-02,2014-01-03,2014-01-02
PX_LAST,ADBE,ok,0,1,2,2014-01-02,2014-01-03,2014-01-02
PX_LAST,NOW,ok,0,1,2,2014-01-02,2014-01-03,2014-01-02
PX_LAST,ACN,ok,0,1,2,2014-01-02,2014-01-03,2014-01-02
PX_LAST,IBM,ok,0,1,2,2014-01-02,2014-01-03,2014-01-02
PX_LAST,ADI,ok,0,1,2,2014-01-02,2014-01-03,2014-01-02
PX_LAST,DELL,ok,0,1,2,2018-12-28,2018-12-31,2018-12-28
PX_LAST,8035,ok,0,3,7,2014-01-02,2014-01-07,2014-01-02
PX_LAST,IFX,ok,0,1,3,2014-01-02,2014-01-03,2014-01-02
PX_LAST,MS,ok,0,1,2,2014-01-02,2014-01-03,2014-01-02
PX_LAST,SCHW,ok,0,1,2,2014-01-02,2014-01-03,2014-01-02
PX_LAST,AXP,ok,0,1,2,2014-01-02,2014-01-03,2014-01-02
PX_LAST,PGR,ok,0,1,2,2014-01-02,2014-01-03,2014-01-02
PX_LAST,AON,ok,0,1,2,2014-01-02,2014-01-03,2014-01-02
PX_LAST,CME,ok,0,1,2,2014-01-02,2014-01-03,2014-01-02
PX_LAST,KKR,ok,0,1,3,2014-01-02,2014-01-03,2014-01-02
PX_LAST,BN,ok,0,1,2,2022-12-12,2022-12-13,2022-12-12
PX_LAST,C,ok,0,1,2,2014-01-02,2014-01-03,2014-01-02
PX_LAST,LSEG,ok,0,1,3,2014-01-02,2014-01-03,2014-01-02
PX_LAST,ZURN,ok,0,2,3,2014-01-02,2014-01-06,2014-01-02
PX_LAST,CS,ok,0,1,2,2014-01-02,2014-01-03,2014-01-02
PX_LAST,8306,ok,0,3,7,2014-01-02,2014-01-07,2014-01-02
PX_LAST,DIS,ok,0,1,2,2014-01-02,2014-01-03,2014-01-02
PX_LAST,CMCSA,ok,0,1,2,2014-01-02,2014-01-03,2014-01-02
PX_LAST,VZ,ok,0,1,2,2014-01-02,2014-01-03,2014-01-02
PX_LAST,T,ok,0,1,3,2014-01-02,2014-01-03,2014-01-02
PX_LAST,TTWO,ok,0,1,2,2014-01-02,2014-01-03,2014-01-02
PX_LAST,PUB,ok,0,1,2,2014-01-02,2014-01-03,2014-01-02
PX_LAST,7974,ok,0,3,7,2014-01-02,2014-01-07,2014-01-02
PX_LAST,DTE,ok,0,1,4,2014-01-02,2014-01-03,2014-01-02
PX_LAST,UMG,ok,0,1,3,2021-09-21,2021-09-22,2021-09-21
PX_LAST,LOW,ok,0,1,2,2014-01-02,2014-01-03,2014-01-02
PX_LAST,TJX,ok,0,1,2,2014-01-02,2014-01-03,2014-01-02
PX_LAST,SBUX,ok,0,1,2,2014-01-02,2014-01-03,2014-01-02
PX_LAST,ABNB,ok,0,1,2,2020-12-10,2020-12-11,2020-12-10
PX_LAST,7203,ok,0,3,7,2014-01-02,2014-01-07,2014-01-02
PX_LAST,ITX,ok,0,1,3,2014-01-02,2014-01-03,2014-01-02
PX_LAST,ABT,ok,0,1,2,2014-01-02,2014-01-03,2014-01-02
PX_LAST,DHR,ok,0,1,2,2014-01-02,2014-01-03,2014-01-02
PX_LAST,VRTX,ok,0,1,2,2014-01-02,2014-01-03,2014-01-02
PX_LAST,SAN,ok,0,1,3,2014-01-02,2014-01-03,2014-01-02
PX_LAST,GE,ok,0,1,2,2024-04-02,2024-04-03,2024-04-02
PX_LAST,TT,ok,0,1,2,2020-03-02,2020-03-03,2020-03-02
PX_LAST,ABBN,ok,0,2,3,2014-01-02,2014-01-06,2014-01-02
PX_LAST,KO,ok,0,1,3,2014-01-02,2014-01-03,2014-01-02
PX_LAST,ULVR,ok,0,1,3,2014-01-02,2014-01-03,2014-01-02
PX_LAST,ECL,ok,0,1,2,2014-01-02,2014-01-03,2014-01-02
PX_LAST,AI,ok,0,1,2,2014-01-02,2014-01-03,2014-01-02
PX_LAST,IBE,ok,0,1,3,2014-01-02,2014-01-03,2014-01-02
PX_LAST,INTU,ok,0,1,2,2014-01-02,2014-01-03,2014-01-02
PX_LAST,SNPS,ok,0,1,2,2014-01-02,2014-01-03,2014-01-02
PX_LAST,APH,ok,0,1,2,2014-01-02,2014-01-03,2014-01-02
PX_LAST,MSI,ok,0,1,2,2014-01-02,2014-01-03,2014-01-02
PX_LAST,CRWD,ok,0,1,2,2019-06-12,2019-06-13,2019-06-12
PX_LAST,NXPI,ok,0,1,2,2014-01-02,2014-01-03,2014-01-02
PX_LAST,KEYS,ok,0,1,2,2014-10-21,2014-10-22,2014-10-21
PX_LAST,ADSK,ok,0,1,2,2014-01-02,2014-01-03,2014-01-02
PX_LAST,WDAY,ok,0,1,2,2014-01-02,2014-01-03,2014-01-02
PX_LAST,WDC,ok,0,1,2,2025-02-24,2025-02-25,2025-02-24
PX_LAST,DDOG,ok,0,1,2,2019-09-19,2019-09-20,2019-09-19
PX_LAST,FTNT,ok,0,1,2,2014-01-02,2014-01-03,2014-01-02
PX_LAST,DSY,ok,0,1,2,2014-01-02,2014-01-03,2014-01-02
PX_LAST,6146,ok,0,3,7,2014-01-02,2014-01-07,2014-01-02
PX_LAST,6981,ok,0,3,7,2014-01-02,2014-01-07,2014-01-02
PX_LAST,BRK/B,ok,0,1,2,2014-01-02,2014-01-03,2014-01-02
PX_LAST,CB,ok,0,1,2,2014-01-02,2014-01-03,2014-01-02
PX_LAST,ICE,ok,0,1,2,2014-01-02,2014-01-03,2014-01-02
PX_LAST,MCO,ok,0,1,2,2014-01-02,2014-01-03,2014-01-02
PX_LAST,PYPL,ok,0,1,2,2015-07-07,2015-07-08,2015-07-07
PX_LAST,COF,ok,0,1,2,2025-05-19,2025-05-20,2025-05-19
PX_LAST,BNP,ok,0,1,2,2014-01-02,2014-01-03,2014-01-02
PX_LAST,MUV2,ok,0,1,3,2014-01-02,2014-01-03,2014-01-02
PX_LAST,RTX,ok,0,1,2,2014-01-02,2014-01-03,2014-01-02
PX_LAST,EMR,ok,0,1,2,2014-01-02,2014-01-03,2014-01-02
PX_LAST,AXON,ok,0,1,2,2014-01-02,2014-01-03,2014-01-02
PX_LAST,UBER,ok,0,1,2,2019-05-10,2019-05-13,2019-05-10
PX_LAST,AIR,ok,0,1,2,2014-01-02,2014-01-03,2014-01-02
PX_LAST,SAF,ok,0,1,3,2014-01-02,2014-01-03,2014-01-02
PX_LAST,MRK,ok,0,1,2,2014-01-02,2014-01-03,2014-01-02
PX_LAST,AMGN,ok,0,1,2,2014-01-02,2014-01-03,2014-01-02
PX_LAST,SYK,ok,0,1,2,2014-01-02,2014-01-03,2014-01-02
PX_LAST,MCK,ok,0,1,2,2014-01-02,2014-01-03,2014-01-02
PX_LAST,NOVN,ok,0,2,3,2014-01-02,2014-01-06,2014-01-02
PX_LAST,NKE,ok,0,1,2,2014-01-02,2014-01-03,2014-01-02
PX_LAST,ORLY,ok,0,1,2,2014-01-02,2014-01-03,2014-01-02
PX_LAST,DASH,ok,0,1,2,2020-12-09,2020-12-10,2020-12-09
PX_LAST,CFR,ok,0,2,3,2014-01-02,2014-01-06,2014-01-02
PX_LAST,TTD,ok,0,1,2,2016-09-21,2016-09-22,2016-09-21
PX_LAST,RBLX,ok,0,1,2,2021-03-10,2021-03-11,2021-03-10
PX_LAST,9432,ok,0,3,8,2014-01-02,2014-01-07,2014-01-02
PX_LAST,9433,ok,0,3,7,2014-01-02,2014-01-07,2014-01-02
PX_LAST,PEP,ok,0,1,2,2014-01-02,2014-01-03,2014-01-02
PX_LAST,MDLZ,ok,0,1,3,2014-01-02,2014-01-03,2014-01-02
PX_LAST,OR,ok,0,1,3,2014-01-02,2014-01-03,2014-01-02
PX_LAST,CVX,ok,0,1,2,2014-01-02,2014-01-03,2014-01-02
PX_LAST,TTE,ok,0,1,2,2014-01-02,2014-01-03,2014-01-02
PX_LAST,NEM,ok,0,1,2,2014-01-02,2014-01-03,2014-01-02
PX_LAST,SHW,ok,0,1,2,2014-01-02,2014-01-03,2014-01-02
PX_LAST,SO,ok,0,1,2,2014-01-02,2014-01-03,2014-01-02
PX_LAST,APP,ok,0,1,2,2021-04-15,2021-04-16,2021-04-15
PX_LAST,SNOW,ok,0,1,2,2020-09-16,2020-09-17,2020-09-16
PX_LAST,NET,ok,0,1,2,2019-09-13,2019-09-16,2019-09-13
PX_LAST,ZS,ok,0,1,2,2018-03-16,2018-03-19,2018-03-16
PX_LAST,TEAM,ok,0,1,2,2015-12-10,2015-12-11,2015-12-10
PX_LAST,COHR,ok,0,1,2,2014-01-02,2014-01-03,2014-01-02
PX_LAST,ON,ok,0,1,2,2014-01-02,2014-01-03,2014-01-02
PX_LAST,FICO,ok,0,1,3,2014-01-02,2014-01-03,2014-01-02
PX_LAST,HPE,ok,0,1,2,2015-10-20,2015-10-21,2015-10-20
PX_LAST,VRSN,ok,0,1,2,2014-01-02,2014-01-03,2014-01-02
PX_LAST,ASM,ok,0,1,3,2014-01-02,2014-01-03,2014-01-02
PX_LAST,MRSH,ok,0,1,2,2014-01-02,2014-01-03,2014-01-02
PX_LAST,APO,ok,0,1,3,2014-01-02,2014-01-03,2014-01-02
PX_LAST,MSCI,ok,0,1,2,2014-01-02,2014-01-03,2014-01-02
PX_LAST,BNY,ok,0,1,2,2014-01-02,2014-01-03,2014-01-02
PX_LAST,IBKR,ok,0,1,2,2014-01-02,2014-01-03,2014-01-02
PX_LAST,UBSG,ok,0,2,3,2014-01-02,2014-01-06,2014-01-02
PX_LAST,UCG,ok,0,1,3,2014-01-02,2014-01-03,2014-01-02
PX_LAST,8316,ok,0,3,7,2014-01-02,2014-01-07,2014-01-02
PX_LAST,ADP,ok,0,1,2,2014-01-02,2014-01-03,2014-01-02
PX_LAST,HWM,ok,0,1,2,2020-04-01,2020-04-02,2020-04-01
PX_LAST,WM,ok,0,1,2,2014-01-02,2014-01-03,2014-01-02
PX_LAST,PH,ok,0,1,2,2014-01-02,2014-01-03,2014-01-02
PX_LAST,REL,ok,0,1,3,2014-01-02,2014-01-03,2014-01-02
PX_LAST,7011,ok,0,3,7,2014-01-02,2014-01-07,2014-01-02
PX_LAST,ROP,ok,0,2,4,2014-01-02,2014-01-06,2014-01-02
PX_LAST,GILD,ok,0,1,2,2014-01-02,2014-01-03,2014-01-02
PX_LAST,PFE,ok,0,1,3,2014-01-02,2014-01-03,2014-01-02
PX_LAST,MDT,ok,0,1,3,2014-01-02,2014-01-03,2014-01-02
PX_LAST,HCA,ok,0,1,2,2014-01-02,2014-01-03,2014-01-02
PX_LAST,ZTS,ok,0,1,2,2014-01-02,2014-01-03,2014-01-02
PX_LAST,RMS,ok,0,1,3,2014-01-02,2014-01-03,2014-01-02
PX_LAST,6758,ok,0,3,7,2014-01-02,2014-01-07,2014-01-02
PX_LAST,CMG,ok,0,1,2,2014-01-02,2014-01-03,2014-01-02
PX_LAST,MAR,ok,0,1,2,2014-01-02,2014-01-03,2014-01-02
PX_LAST,GM,ok,0,1,2,2014-01-02,2014-01-03,2014-01-02
PX_LAST,GRMN,ok,0,1,2,2014-01-02,2014-01-03,2014-01-02
PX_LAST,RDDT,ok,0,1,1,2024-03-21,2024-03-22,2024-03-21
PX_LAST,LYV,ok,0,1,3,2014-01-02,2014-01-03,2014-01-02
PX_LAST,TKO,ok,0,1,2,2023-09-12,2023-09-13,2023-09-12
PX_LAST,MO,ok,0,1,2,2014-01-02,2014-01-03,2014-01-02
PX_LAST,CL,ok,0,1,2,2014-01-02,2014-01-03,2014-01-02
PX_LAST,MNST,ok,0,1,2,2014-01-02,2014-01-03,2014-01-02
PX_LAST,COP,ok,0,1,2,2014-01-02,2014-01-03,2014-01-02
PX_LAST,SLB,ok,0,1,2,2014-01-02,2014-01-03,2014-01-02
PX_LAST,APD,ok,0,1,2,2014-01-02,2014-01-03,2014-01-02
PX_LAST,4063,ok,0,3,7,2014-01-02,2014-01-07,2014-01-02
PX_LAST,NRG,ok,0,1,3,2014-01-02,2014-01-03,2014-01-02
PX_LAST,ENEL,ok,0,1,4,2014-01-02,2014-01-03,2014-01-02
PX_LAST,WELL,ok,0,1,2,2014-01-02,2014-01-03,2014-01-02
BEST_EPS,AAPL,ok,0,2,4,2014-01-02,2014-01-06,2014-01-02
BEST_EPS,MSFT,ok,0,1,3,2014-01-02,2014-01-03,2014-01-02
BEST_EPS,GOOGL,ok,0,2,3,2014-01-02,2014-01-06,2014-01-02
BEST_EPS,AMZN,ok,0,2,6,2014-01-02,2014-01-06,2014-01-02
BEST_EPS,META,ok,0,2,16,2014-01-02,2014-01-06,2014-01-02
BEST_EPS,NVDA,ok,0,2,63,2014-01-02,2014-01-06,2014-01-02
BEST_EPS,TSLA,ok,0,2,6,2014-01-02,2014-01-06,2014-01-02
BEST_EPS,PLTR,ok,0,6,9,2020-09-30,2020-10-08,2020-09-30
BEST_EPS,AVGO,ok,0,2,8,2014-01-02,2014-01-06,2014-01-02
BEST_EPS,MU,ok,0,1,5,2014-01-02,2014-01-03,2014-01-02
BEST_EPS,GEV,ok,0,1,2,2024-04-02,2024-04-03,2024-04-02
BEST_EPS,VRT,ok,0,404,4,2018-08-01,2020-03-11,2018-08-01
BEST_EPS,BE,ok,0,20,4,2018-07-25,2018-08-22,2018-07-25
BEST_EPS,LITE,ok,0,7,3,2015-07-27,2015-08-05,2015-07-27
BEST_EPS,000660,ok,0,1,1,2014-01-02,2014-01-03,2014-01-02
BEST_EPS,005930,ok,0,1,1,2014-01-02,2014-01-03,2014-01-02
BEST_EPS,UNH,ok,0,2,2,2014-01-02,2014-01-06,2014-01-02
BEST_EPS,LLY,ok,0,2,3,2014-01-02,2014-01-06,2014-01-02
BEST_EPS,ISRG,ok,0,2,4,2014-01-02,2014-01-06,2014-01-02
BEST_EPS,ABBV,ok,0,2,7,2014-01-02,2014-01-06,2014-01-02
BEST_EPS,REGN,ok,0,2,6,2014-01-02,2014-01-06,2014-01-02
BEST_EPS,JPM,ok,0,1,4,2014-01-02,2014-01-03,2014-01-02
BEST_EPS,V,ok,0,1,3,2014-01-02,2014-01-03,2014-01-02
BEST_EPS,MA,ok,0,2,3,2014-01-02,2014-01-06,2014-01-02
BEST_EPS,BLK,ok,0,1,3,2014-01-02,2014-01-03,2014-01-02
BEST_EPS,SPGI,ok,0,2,3,2014-01-02,2014-01-06,2014-01-02
BEST_EPS,GS,ok,0,1,3,2014-01-02,2014-01-03,2014-01-02
BEST_EPS,COST,ok,0,1,3,2014-01-02,2014-01-03,2014-01-02
BEST_EPS,HD,ok,0,1,3,2014-01-02,2014-01-03,2014-01-02
BEST_EPS,PG,ok,0,2,3,2014-01-02,2014-01-06,2014-01-02
BEST_EPS,MCD,ok,0,2,3,2014-01-02,2014-01-06,2014-01-02
BEST_EPS,WMT,ok,0,2,26,2014-01-02,2014-01-06,2014-01-02
BEST_EPS,CAT,ok,0,2,15,2014-01-02,2014-01-06,2014-01-02
BEST_EPS,HON,ok,0,2,5,2014-01-02,2014-01-06,2014-01-02
BEST_EPS,DE,ok,0,1,9,2014-01-02,2014-01-03,2014-01-02
BEST_EPS,UNP,ok,0,2,3,2014-01-02,2014-01-06,2014-01-02
BEST_EPS,LMT,ok,0,2,3,2014-01-02,2014-01-06,2014-01-02
BEST_EPS,ETN,ok,0,2,4,2014-01-02,2014-01-06,2014-01-02
BEST_EPS,XOM,ok,0,2,6,2014-01-02,2014-01-06,2014-01-02
BEST_EPS,LNG,ok,0,2,23,2014-01-02,2014-01-06,2014-01-02
BEST_EPS,FCX,ok,0,2,7,2014-01-02,2014-01-06,2014-01-02
BEST_EPS,LIN,ok,0,1220,3,2014-01-02,2018-11-05,2014-01-02
BEST_EPS,NEE,ok,0,1,7,2014-01-02,2014-01-03,2014-01-02
BEST_EPS,AMT,ok,0,1,13,2014-01-02,2014-01-03,2014-01-02
BEST_EPS,EQIX,ok,0,2,7,2014-01-02,2014-01-06,2014-01-02
BEST_EPS,TMUS,ok,0,1,5,2014-01-02,2014-01-03,2014-01-02
BEST_EPS,PLD,ok,0,2,35,2014-01-02,2014-01-06,2014-01-02
BEST_EPS,AMD,ok,0,7,12,2014-01-02,2014-01-13,2014-01-02
BEST_EPS,CRM,ok,0,1,9,2014-01-02,2014-01-03,2014-01-02
BEST_EPS,NFLX,ok,0,2,25,2014-01-02,2014-01-06,2014-01-02
BEST_EPS,TER,ok,0,2,11,2014-01-02,2014-01-06,2014-01-02
BEST_EPS,GLW,ok,0,2,5,2014-01-02,2014-01-06,2014-01-02
BEST_EPS,JNJ,ok,0,2,3,2014-01-02,2014-01-06,2014-01-02
BEST_EPS,WFC,ok,0,2,14,2014-01-02,2014-01-06,2014-01-02
BEST_EPS,MPC,ok,0,2,3,2014-01-02,2014-01-06,2014-01-02
BEST_EPS,LRCX,ok,0,1,17,2014-01-02,2014-01-03,2014-01-02
BEST_EPS,AMAT,ok,0,2,7,2014-01-02,2014-01-06,2014-01-02
BEST_EPS,PANW,ok,0,3,8,2014-01-02,2014-01-07,2014-01-02
BEST_EPS,FN,ok,0,2,3,2014-01-02,2014-01-06,2014-01-02
BEST_EPS,MPWR,ok,0,2,3,2014-01-02,2014-01-06,2014-01-02
BEST_EPS,BAC,ok,0,2,7,2014-01-02,2014-01-06,2014-01-02
BEST_EPS,CSCO,ok,0,2,15,2014-01-02,2014-01-06,2014-01-02
BEST_EPS,INTC,ok,0,2,15,2014-01-02,2014-01-06,2014-01-02
BEST_EPS,ORCL,ok,0,2,4,2014-01-02,2014-01-06,2014-01-02
BEST_EPS,TSM,ok,0,2,6,2014-01-02,2014-01-06,2014-01-02
BEST_EPS,SNDK,ok,0,4,2,2025-02-24,2025-02-28,2025-02-24
BEST_EPS,KLAC,ok,0,2,13,2014-01-02,2014-01-06,2014-01-02
BEST_EPS,ANET,ok,0,3,35,2014-06-06,2014-06-11,2014-06-06
BEST_EPS,MRVL,ok,0,4,21,2014-01-02,2014-01-08,2014-01-02
BEST_EPS,CDNS,ok,0,2,6,2014-01-02,2014-01-06,2014-01-02
BEST_EPS,STX,ok,0,1,10,2014-01-02,2014-01-03,2014-01-02
BEST_EPS,PWR,ok,0,2,5,2014-01-02,2014-01-06,2014-01-02
BEST_EPS,BX,ok,0,1,7,2014-01-02,2014-01-03,2014-01-02
BEST_EPS,TMO,ok,0,2,3,2014-01-02,2014-01-06,2014-01-02
BEST_EPS,BSX,ok,0,2,8,2014-01-02,2014-01-06,2014-01-02
BEST_EPS,BKNG,ok,0,2,4,2014-01-02,2014-01-06,2014-01-02
BEST_EPS,PM,ok,0,2,8,2014-01-02,2014-01-06,2014-01-02
BEST_EPS,WMB,ok,0,2,16,2014-01-02,2014-01-06,2014-01-02
BEST_EPS,CEG,ok,0,1,9,2022-02-02,2022-02-03,2022-02-02
BEST_EPS,VST,ok,0,151,9,2016-10-05,2017-05-12,2016-10-05
BEST_EPS,DLR,ok,0,2,9,2014-01-02,2014-01-06,2014-01-02
BEST_EPS,ARM,ok,0,1,3,2023-09-14,2023-09-15,2023-09-14
BEST_EPS,SPOT,ok,0,1,3,2018-04-03,2018-04-04,2018-04-03
BEST_EPS,RACE,ok,0,17,5,2015-10-21,2015-11-13,2015-10-21
BEST_EPS,285A,ok,0,3,2,2024-12-18,2024-12-23,2024-12-18
BEST_EPS,6857,ok,0,1,12,2014-01-02,2014-01-03,2014-01-02
BEST_EPS,SU,ok,0,2,4,2014-01-02,2014-01-06,2014-01-02
BEST_EPS,SIE,ok,0,1,5,2014-01-02,2014-01-03,2014-01-02
BEST_EPS,RHM,ok,0,1,3,2014-01-02,2014-01-03,2014-01-02
BEST_EPS,ALV,ok,0,1,7,2014-01-02,2014-01-03,2014-01-02
BEST_EPS,MC,ok,0,2,3,2014-01-02,2014-01-06,2014-01-02
BEST_EPS,NESN,ok,0,2,6,2014-01-02,2014-01-06,2014-01-02
BEST_EPS,RR/,ok,0,1,40,2014-01-02,2014-01-03,2014-01-02
BEST_EPS,SAP,ok,0,1,7,2014-01-02,2014-01-03,2014-01-02
BEST_EPS,ASML,ok,0,2,3,2014-01-02,2014-01-06,2014-01-02
BEST_EPS,AZN,ok,0,3,5,2014-01-02,2014-01-07,2014-01-02
BEST_EPS,SHEL,ok,0,2,7,2014-01-02,2014-01-06,2014-01-02
BEST_EPS,HSBA,ok,0,2,21,2014-01-02,2014-01-06,2014-01-02
BEST_EPS,NOVOB,ok,0,2,3,2014-01-02,2014-01-06,2014-01-02
BEST_EPS,RIO,ok,0,2,7,2014-01-02,2014-01-06,2014-01-02
BEST_EPS,QCOM,ok,0,1,4,2014-01-02,2014-01-03,2014-01-02
BEST_EPS,TXN,ok,0,2,15,2014-01-02,2014-01-06,2014-01-02
BEST_EPS,ADBE,ok,0,1,2,2014-01-02,2014-01-03,2014-01-02
BEST_EPS,NOW,ok,0,2,10,2014-01-02,2014-01-06,2014-01-02
BEST_EPS,ACN,ok,0,1,3,2014-01-02,2014-01-03,2014-01-02
BEST_EPS,IBM,ok,0,2,7,2014-01-02,2014-01-06,2014-01-02
BEST_EPS,ADI,ok,0,2,15,2014-01-02,2014-01-06,2014-01-02
BEST_EPS,DELL,ok,0,1,7,2018-12-28,2018-12-31,2018-12-28
BEST_EPS,8035,ok,0,1,4,2014-01-02,2014-01-03,2014-01-02
BEST_EPS,IFX,ok,0,2,15,2014-01-02,2014-01-06,2014-01-02
BEST_EPS,MS,ok,0,1,5,2014-01-02,2014-01-03,2014-01-02
BEST_EPS,SCHW,ok,0,2,6,2014-01-02,2014-01-06,2014-01-02
BEST_EPS,AXP,ok,0,2,5,2014-01-02,2014-01-06,2014-01-02
BEST_EPS,PGR,ok,0,2,12,2014-01-02,2014-01-06,2014-01-02
BEST_EPS,AON,ok,0,1,3,2014-01-02,2014-01-03,2014-01-02
BEST_EPS,CME,ok,0,1,5,2014-01-02,2014-01-03,2014-01-02
BEST_EPS,KKR,ok,0,1,22,2014-01-02,2014-01-03,2014-01-02
BEST_EPS,BN,ok,0,1,3,2022-12-12,2022-12-13,2022-12-12
BEST_EPS,C,ok,0,2,8,2014-01-02,2014-01-06,2014-01-02
BEST_EPS,LSEG,ok,0,123,6,2014-01-02,2014-06-30,2014-01-02
BEST_EPS,ZURN,ok,0,1,2,2014-01-02,2014-01-03,2014-01-02
BEST_EPS,CS,ok,0,2,9,2014-01-02,2014-01-06,2014-01-02
BEST_EPS,8306,ok,0,1,3,2014-01-02,2014-01-03,2014-01-02
BEST_EPS,DIS,ok,0,1,3,2014-01-02,2014-01-03,2014-01-02
BEST_EPS,CMCSA,ok,0,2,5,2014-01-02,2014-01-06,2014-01-02
BEST_EPS,VZ,ok,0,1,18,2014-01-02,2014-01-03,2014-01-02
BEST_EPS,T,ok,0,1,13,2014-01-02,2014-01-03,2014-01-02
BEST_EPS,TTWO,ok,0,1,7,2014-01-02,2014-01-03,2014-01-02
BEST_EPS,PUB,ok,0,1,7,2014-01-02,2014-01-03,2014-01-02
BEST_EPS,7974,ok,0,1,2,2014-01-02,2014-01-03,2014-01-02
BEST_EPS,DTE,ok,0,2,8,2014-01-02,2014-01-06,2014-01-02
BEST_EPS,UMG,ok,0,3,6,2021-09-21,2021-09-24,2021-09-21
BEST_EPS,LOW,ok,0,1,4,2014-01-02,2014-01-03,2014-01-02
BEST_EPS,TJX,ok,0,2,5,2014-01-02,2014-01-06,2014-01-02
BEST_EPS,SBUX,ok,0,2,3,2014-01-02,2014-01-06,2014-01-02
BEST_EPS,ABNB,ok,0,1,3,2020-12-10,2020-12-11,2020-12-10
BEST_EPS,7203,ok,0,1,3,2014-01-02,2014-01-03,2014-01-02
BEST_EPS,ITX,ok,0,1,9,2014-01-02,2014-01-03,2014-01-02
BEST_EPS,ABT,ok,0,2,9,2014-01-02,2014-01-06,2014-01-02
BEST_EPS,DHR,ok,0,2,7,2014-01-02,2014-01-06,2014-01-02
BEST_EPS,VRTX,ok,0,2,2,2014-01-02,2014-01-06,2014-01-02
BEST_EPS,SAN,ok,0,1,11,2014-01-02,2014-01-03,2014-01-02
BEST_EPS,GE,ok,0,1,2,2024-04-02,2024-04-03,2024-04-02
BEST_EPS,TT,ok,0,1,3,2020-03-02,2020-03-03,2020-03-02
BEST_EPS,ABBN,ok,0,2,6,2014-01-02,2014-01-06,2014-01-02
BEST_EPS,KO,ok,0,2,7,2014-01-02,2014-01-06,2014-01-02
BEST_EPS,ULVR,ok,0,2,7,2014-01-02,2014-01-06,2014-01-02
BEST_EPS,ECL,ok,0,1,3,2014-01-02,2014-01-03,2014-01-02
BEST_EPS,AI,ok,0,2,3,2014-01-02,2014-01-06,2014-01-02
BEST_EPS,IBE,ok,0,7,22,2014-01-02,2014-01-13,2014-01-02
BEST_EPS,INTU,ok,0,1,3,2014-01-02,2014-01-03,2014-01-02
BEST_EPS,SNPS,ok,0,2,3,2014-01-02,2014-01-06,2014-01-02
BEST_EPS,APH,ok,0,4,16,2014-01-02,2014-01-08,2014-01-02
BEST_EPS,MSI,ok,0,2,3,2014-01-02,2014-01-06,2014-01-02
BEST_EPS,CRWD,ok,0,19,7,2019-06-12,2019-07-10,2019-06-12
BEST_EPS,NXPI,ok,0,2,5,2014-01-02,2014-01-06,2014-01-02
BEST_EPS,KEYS,ok,0,1,5,2014-10-21,2014-10-22,2014-10-21
BEST_EPS,ADSK,ok,0,2,24,2014-01-02,2014-01-06,2014-01-02
BEST_EPS,WDAY,ok,0,10,6,2014-01-02,2014-01-16,2014-01-02
BEST_EPS,WDC,ok,0,1,3,2025-02-24,2025-02-25,2025-02-24
BEST_EPS,DDOG,ok,0,20,18,2019-09-19,2019-10-17,2019-09-19
BEST_EPS,FTNT,ok,0,7,12,2014-01-02,2014-01-13,2014-01-02
BEST_EPS,DSY,ok,0,3,11,2014-01-02,2014-01-07,2014-01-02
BEST_EPS,6146,ok,0,1,2,2014-01-02,2014-01-03,2014-01-02
BEST_EPS,6981,ok,0,1,2,2014-01-02,2014-01-03,2014-01-02
BEST_EPS,BRK/B,ok,0,1,8,2014-01-02,2014-01-03,2014-01-02
BEST_EPS,CB,ok,0,1,4,2014-01-02,2014-01-03,2014-01-02
BEST_EPS,ICE,ok,0,1,3,2014-01-02,2014-01-03,2014-01-02
BEST_EPS,MCO,ok,0,2,3,2014-01-02,2014-01-06,2014-01-02
BEST_EPS,PYPL,ok,0,1,3,2015-07-07,2015-07-08,2015-07-07
BEST_EPS,COF,ok,0,1,2,2025-05-19,2025-05-20,2025-05-19
BEST_EPS,BNP,ok,0,2,15,2014-01-02,2014-01-06,2014-01-02
BEST_EPS,MUV2,ok,0,1,12,2014-01-02,2014-01-03,2014-01-02
BEST_EPS,RTX,ok,0,2,9,2014-01-02,2014-01-06,2014-01-02
BEST_EPS,EMR,ok,0,1,18,2014-01-02,2014-01-03,2014-01-02
BEST_EPS,AXON,ok,0,2,9,2014-01-02,2014-01-06,2014-01-02
BEST_EPS,UBER,ok,0,1,5,2019-05-10,2019-05-13,2019-05-10
BEST_EPS,AIR,ok,0,1,4,2014-01-02,2014-01-03,2014-01-02
BEST_EPS,SAF,ok,0,2,11,2014-01-02,2014-01-06,2014-01-02
BEST_EPS,MRK,ok,0,2,8,2014-01-02,2014-01-06,2014-01-02
BEST_EPS,AMGN,ok,0,2,4,2014-01-02,2014-01-06,2014-01-02
BEST_EPS,SYK,ok,0,1,4,2014-01-02,2014-01-03,2014-01-02
BEST_EPS,MCK,ok,0,1,13,2014-01-02,2014-01-03,2014-01-02
BEST_EPS,NOVN,ok,0,3,3,2014-01-02,2014-01-07,2014-01-02
BEST_EPS,NKE,ok,0,2,5,2014-01-02,2014-01-06,2014-01-02
BEST_EPS,ORLY,ok,0,2,12,2014-01-02,2014-01-06,2014-01-02
BEST_EPS,DASH,ok,0,1,4,2020-12-09,2020-12-10,2020-12-09
BEST_EPS,CFR,ok,0,1,4,2014-01-02,2014-01-03,2014-01-02
BEST_EPS,TTD,ok,0,10,25,2016-09-21,2016-10-05,2016-09-21
BEST_EPS,RBLX,ok,0,3,13,2021-03-10,2021-03-15,2021-03-10
BEST_EPS,9432,ok,0,2,7,2014-01-02,2014-01-06,2014-01-02
BEST_EPS,9433,ok,0,1,3,2014-01-02,2014-01-03,2014-01-02
BEST_EPS,PEP,ok,0,1,4,2014-01-02,2014-01-03,2014-01-02
BEST_EPS,MDLZ,ok,0,2,9,2014-01-02,2014-01-06,2014-01-02
BEST_EPS,OR,ok,0,2,3,2014-01-02,2014-01-06,2014-01-02
BEST_EPS,CVX,ok,0,2,5,2014-01-02,2014-01-06,2014-01-02
BEST_EPS,TTE,ok,0,1,7,2014-01-02,2014-01-03,2014-01-02
BEST_EPS,NEM,ok,0,2,11,2014-01-02,2014-01-06,2014-01-02
BEST_EPS,SHW,ok,0,2,3,2014-01-02,2014-01-06,2014-01-02
BEST_EPS,SO,ok,0,1,16,2014-01-02,2014-01-03,2014-01-02
BEST_EPS,APP,ok,0,19,4,2021-04-15,2021-05-12,2021-04-15
BEST_EPS,SNOW,ok,0,11,7,2020-09-16,2020-10-01,2020-09-16
BEST_EPS,NET,ok,0,18,8,2019-09-13,2019-10-09,2019-09-13
BEST_EPS,ZS,ok,0,22,12,2018-03-16,2018-04-18,2018-03-16
BEST_EPS,TEAM,ok,0,17,37,2015-12-10,2016-01-06,2015-12-10
BEST_EPS,COHR,ok,0,1,21,2014-01-02,2014-01-03,2014-01-02
BEST_EPS,ON,ok,0,2,12,2014-01-02,2014-01-06,2014-01-02
BEST_EPS,FICO,ok,0,16,28,2014-01-02,2014-01-27,2014-01-02
BEST_EPS,HPE,ok,0,6,18,2015-10-20,2015-10-28,2015-10-20
BEST_EPS,VRSN,ok,0,2,28,2014-01-02,2014-01-06,2014-01-02
BEST_EPS,ASM,ok,0,2,14,2014-01-02,2014-01-06,2014-01-02
BEST_EPS,MRSH,ok,0,2,4,2014-01-02,2014-01-06,2014-01-02
BEST_EPS,APO,ok,0,1,18,2014-01-02,2014-01-03,2014-01-02
BEST_EPS,MSCI,ok,0,2,3,2014-01-02,2014-01-06,2014-01-02
BEST_EPS,BNY,ok,0,2,8,2014-01-02,2014-01-06,2014-01-02
BEST_EPS,IBKR,ok,0,1,22,2014-01-02,2014-01-03,2014-01-02
BEST_EPS,UBSG,ok,0,1,13,2014-01-02,2014-01-03,2014-01-02
BEST_EPS,UCG,ok,0,2,10,2014-01-02,2014-01-06,2014-01-02
BEST_EPS,8316,ok,0,1,12,2014-01-02,2014-01-03,2014-01-02
BEST_EPS,ADP,ok,0,1,9,2014-01-02,2014-01-03,2014-01-02
BEST_EPS,HWM,ok,0,1,3,2020-04-01,2020-04-02,2020-04-01
BEST_EPS,WM,ok,0,2,4,2014-01-02,2014-01-06,2014-01-02
BEST_EPS,PH,ok,0,1,4,2014-01-02,2014-01-03,2014-01-02
BEST_EPS,REL,ok,0,2,14,2014-01-02,2014-01-06,2014-01-02
BEST_EPS,7011,ok,0,1,2,2014-01-02,2014-01-03,2014-01-02
BEST_EPS,ROP,ok,0,1,3,2014-01-02,2014-01-03,2014-01-02
BEST_EPS,GILD,ok,0,2,8,2014-01-02,2014-01-06,2014-01-02
BEST_EPS,PFE,ok,0,2,17,2014-01-02,2014-01-06,2014-01-02
BEST_EPS,MDT,ok,0,1,7,2014-01-02,2014-01-03,2014-01-02
BEST_EPS,HCA,ok,0,2,3,2014-01-02,2014-01-06,2014-01-02
BEST_EPS,ZTS,ok,0,2,4,2014-01-02,2014-01-06,2014-01-02
BEST_EPS,RMS,ok,0,3,2,2014-01-02,2014-01-07,2014-01-02
BEST_EPS,6758,ok,0,1,3,2014-01-02,2014-01-03,2014-01-02
BEST_EPS,CMG,ok,0,5,9,2014-01-02,2014-01-09,2014-01-02
BEST_EPS,MAR,ok,0,2,3,2014-01-02,2014-01-06,2014-01-02
BEST_EPS,GM,ok,0,3,16,2014-01-02,2014-01-07,2014-01-02
BEST_EPS,GRMN,ok,0,2,15,2014-01-02,2014-01-06,2014-01-02
BEST_EPS,RDDT,ok,0,4,2,2024-03-21,2024-03-27,2024-03-21
BEST_EPS,LYV,ok,0,3,6,2014-01-02,2014-01-07,2014-01-02
BEST_EPS,TKO,ok,0,1,3,2023-09-12,2023-09-13,2023-09-12
BEST_EPS,MO,ok,0,2,4,2014-01-02,2014-01-06,2014-01-02
BEST_EPS,CL,ok,0,2,4,2014-01-02,2014-01-06,2014-01-02
BEST_EPS,MNST,ok,0,2,12,2014-01-02,2014-01-06,2014-01-02
BEST_EPS,COP,ok,0,1,7,2014-01-02,2014-01-03,2014-01-02
BEST_EPS,SLB,ok,0,1,4,2014-01-02,2014-01-03,2014-01-02
BEST_EPS,APD,ok,0,1,4,2014-01-02,2014-01-03,2014-01-02
BEST_EPS,4063,ok,0,1,2,2014-01-02,2014-01-03,2014-01-02
BEST_EPS,NRG,ok,0,1,10,2014-01-02,2014-01-03,2014-01-02
BEST_EPS,ENEL,ok,0,4,32,2014-01-02,2014-01-08,2014-01-02
BEST_EPS,WELL,ok,0,2,12,2014-01-02,2014-01-06,2014-01-02
BEST_SALES,AAPL,ok,0,1,3,2014-01-02,2014-01-03,2014-01-02
BEST_SALES,MSFT,ok,0,1,2,2014-01-02,2014-01-03,2014-01-02
BEST_SALES,GOOGL,ok,0,1,2,2014-01-02,2014-01-03,2014-01-02
BEST_SALES,AMZN,ok,0,1,1,2014-01-02,2014-01-03,2014-01-02
BEST_SALES,META,ok,0,1,1,2014-01-02,2014-01-03,2014-01-02
BEST_SALES,NVDA,ok,0,1,3,2014-01-02,2014-01-03,2014-01-02
BEST_SALES,TSLA,ok,0,1,1,2014-01-02,2014-01-03,2014-01-02
BEST_SALES,PLTR,ok,0,2,1,2020-09-30,2020-10-02,2020-09-30
BEST_SALES,AVGO,ok,0,1,2,2014-01-02,2014-01-03,2014-01-02
BEST_SALES,MU,ok,0,1,2,2014-01-02,2014-01-03,2014-01-02
BEST_SALES,GEV,ok,0,1,1,2024-04-02,2024-04-03,2024-04-02
BEST_SALES,VRT,ok,0,404,1,2018-08-01,2020-03-11,2018-08-01
BEST_SALES,BE,ok,0,20,1,2018-07-25,2018-08-22,2018-07-25
BEST_SALES,LITE,ok,0,7,2,2015-07-27,2015-08-05,2015-07-27
BEST_SALES,000660,ok,0,1,1,2014-01-02,2014-01-03,2014-01-02
BEST_SALES,005930,ok,0,1,1,2014-01-02,2014-01-03,2014-01-02
BEST_SALES,UNH,ok,0,1,1,2014-01-02,2014-01-03,2014-01-02
BEST_SALES,LLY,ok,0,1,1,2014-01-02,2014-01-03,2014-01-02
BEST_SALES,ISRG,ok,0,1,1,2014-01-02,2014-01-03,2014-01-02
BEST_SALES,ABBV,ok,0,1,1,2014-01-02,2014-01-03,2014-01-02
BEST_SALES,REGN,ok,0,1,1,2014-01-02,2014-01-03,2014-01-02
BEST_SALES,JPM,ok,0,1,1,2014-01-02,2014-01-03,2014-01-02
BEST_SALES,V,ok,0,1,3,2014-01-02,2014-01-03,2014-01-02
BEST_SALES,MA,ok,0,1,1,2014-01-02,2014-01-03,2014-01-02
BEST_SALES,BLK,ok,0,1,1,2014-01-02,2014-01-03,2014-01-02
BEST_SALES,SPGI,ok,0,1,1,2014-01-02,2014-01-03,2014-01-02
BEST_SALES,GS,ok,0,1,1,2014-01-02,2014-01-03,2014-01-02
BEST_SALES,COST,ok,0,1,1,2014-01-02,2014-01-03,2014-01-02
BEST_SALES,HD,ok,0,1,3,2014-01-02,2014-01-03,2014-01-02
BEST_SALES,PG,ok,0,1,2,2014-01-02,2014-01-03,2014-01-02
BEST_SALES,MCD,ok,0,1,1,2014-01-02,2014-01-03,2014-01-02
BEST_SALES,WMT,ok,0,1,3,2014-01-02,2014-01-03,2014-01-02
BEST_SALES,CAT,ok,0,1,1,2014-01-02,2014-01-03,2014-01-02
BEST_SALES,HON,ok,0,1,1,2014-01-02,2014-01-03,2014-01-02
BEST_SALES,DE,ok,0,1,2,2014-01-02,2014-01-03,2014-01-02
BEST_SALES,UNP,ok,0,1,1,2014-01-02,2014-01-03,2014-01-02
BEST_SALES,LMT,ok,0,1,1,2014-01-02,2014-01-03,2014-01-02
BEST_SALES,ETN,ok,0,1,1,2014-01-02,2014-01-03,2014-01-02
BEST_SALES,XOM,ok,0,1,1,2014-01-02,2014-01-03,2014-01-02
BEST_SALES,LNG,ok,0,3,11,2014-01-02,2014-01-07,2014-01-02
BEST_SALES,FCX,ok,0,1,1,2014-01-02,2014-01-03,2014-01-02
BEST_SALES,LIN,ok,0,1219,1,2014-01-02,2018-11-02,2014-01-02
BEST_SALES,NEE,ok,0,1,1,2014-01-02,2014-01-03,2014-01-02
BEST_SALES,AMT,ok,0,1,1,2014-01-02,2014-01-03,2014-01-02
BEST_SALES,EQIX,ok,0,1,1,2014-01-02,2014-01-03,2014-01-02
BEST_SALES,TMUS,ok,0,1,1,2014-01-02,2014-01-03,2014-01-02
BEST_SALES,PLD,ok,0,1,52,2014-01-02,2014-01-03,2014-01-02
BEST_SALES,AMD,ok,0,1,1,2014-01-02,2014-01-03,2014-01-02
BEST_SALES,CRM,ok,0,1,2,2014-01-02,2014-01-03,2014-01-02
BEST_SALES,NFLX,ok,0,1,1,2014-01-02,2014-01-03,2014-01-02
BEST_SALES,TER,ok,0,1,1,2014-01-02,2014-01-03,2014-01-02
BEST_SALES,GLW,ok,0,1,1,2014-01-02,2014-01-03,2014-01-02
BEST_SALES,JNJ,ok,0,1,1,2014-01-02,2014-01-03,2014-01-02
BEST_SALES,WFC,ok,0,1,1,2014-01-02,2014-01-03,2014-01-02
BEST_SALES,MPC,ok,0,1,1,2014-01-02,2014-01-03,2014-01-02
BEST_SALES,LRCX,ok,0,1,2,2014-01-02,2014-01-03,2014-01-02
BEST_SALES,AMAT,ok,0,1,2,2014-01-02,2014-01-03,2014-01-02
BEST_SALES,PANW,ok,0,1,3,2014-01-02,2014-01-03,2014-01-02
BEST_SALES,FN,ok,0,1,2,2014-01-02,2014-01-03,2014-01-02
BEST_SALES,MPWR,ok,0,1,1,2014-01-02,2014-01-03,2014-01-02
BEST_SALES,BAC,ok,0,1,1,2014-01-02,2014-01-03,2014-01-02
BEST_SALES,CSCO,ok,0,1,3,2014-01-02,2014-01-03,2014-01-02
BEST_SALES,INTC,ok,0,1,1,2014-01-02,2014-01-03,2014-01-02
BEST_SALES,ORCL,ok,0,1,3,2014-01-02,2014-01-03,2014-01-02
BEST_SALES,TSM,ok,0,1,1,2014-01-02,2014-01-03,2014-01-02
BEST_SALES,SNDK,ok,0,2,1,2025-02-24,2025-02-26,2025-02-24
BEST_SALES,KLAC,ok,0,1,2,2014-01-02,2014-01-03,2014-01-02
BEST_SALES,ANET,ok,0,3,1,2014-06-06,2014-06-11,2014-06-06
BEST_SALES,MRVL,ok,0,1,3,2014-01-02,2014-01-03,2014-01-02
BEST_SALES,CDNS,ok,0,1,1,2014-01-02,2014-01-03,2014-01-02
BEST_SALES,STX,ok,0,1,2,2014-01-02,2014-01-03,2014-01-02
BEST_SALES,PWR,ok,0,1,1,2014-01-02,2014-01-03,2014-01-02
BEST_SALES,BX,ok,0,1,1,2014-01-02,2014-01-03,2014-01-02
BEST_SALES,TMO,ok,0,1,1,2014-01-02,2014-01-03,2014-01-02
BEST_SALES,BSX,ok,0,1,1,2014-01-02,2014-01-03,2014-01-02
BEST_SALES,BKNG,ok,0,1,1,2014-01-02,2014-01-03,2014-01-02
BEST_SALES,PM,ok,0,1,1,2014-01-02,2014-01-03,2014-01-02
BEST_SALES,WMB,ok,0,1,1,2014-01-02,2014-01-03,2014-01-02
BEST_SALES,CEG,ok,0,2,1,2022-02-02,2022-02-04,2022-02-02
BEST_SALES,VST,ok,0,151,2,2016-10-05,2017-05-12,2016-10-05
BEST_SALES,DLR,ok,0,1,1,2014-01-02,2014-01-03,2014-01-02
BEST_SALES,ARM,ok,0,1,1,2023-09-14,2023-09-15,2023-09-14
BEST_SALES,SPOT,ok,0,1,1,2018-04-03,2018-04-04,2018-04-03
BEST_SALES,RACE,ok,0,17,1,2015-10-21,2015-11-13,2015-10-21
BEST_SALES,285A,ok,0,28,1,2024-12-18,2025-01-31,2024-12-18
BEST_SALES,6857,ok,0,1,2,2014-01-02,2014-01-03,2014-01-02
BEST_SALES,SU,ok,0,1,1,2014-01-02,2014-01-03,2014-01-02
BEST_SALES,SIE,ok,0,1,2,2014-01-02,2014-01-03,2014-01-02
BEST_SALES,RHM,ok,0,1,1,2014-01-02,2014-01-03,2014-01-02
BEST_SALES,ALV,ok,0,1,1,2014-01-02,2014-01-03,2014-01-02
BEST_SALES,MC,ok,0,1,1,2014-01-02,2014-01-03,2014-01-02
BEST_SALES,NESN,ok,0,1,1,2014-01-02,2014-01-03,2014-01-02
BEST_SALES,RR/,ok,0,1,1,2014-01-02,2014-01-03,2014-01-02
BEST_SALES,SAP,ok,0,1,1,2014-01-02,2014-01-03,2014-01-02
BEST_SALES,ASML,ok,0,1,1,2014-01-02,2014-01-03,2014-01-02
BEST_SALES,AZN,ok,0,1,1,2014-01-02,2014-01-03,2014-01-02
BEST_SALES,SHEL,ok,0,1,1,2014-01-02,2014-01-03,2014-01-02
BEST_SALES,HSBA,ok,0,1,2,2014-01-02,2014-01-03,2014-01-02
BEST_SALES,NOVOB,ok,0,1,1,2014-01-02,2014-01-03,2014-01-02
BEST_SALES,RIO,ok,0,1,1,2014-01-02,2014-01-03,2014-01-02
BEST_SALES,QCOM,ok,0,1,3,2014-01-02,2014-01-03,2014-01-02
BEST_SALES,TXN,ok,0,1,1,2014-01-02,2014-01-03,2014-01-02
BEST_SALES,ADBE,ok,0,1,2,2014-01-02,2014-01-03,2014-01-02
BEST_SALES,NOW,ok,0,1,1,2014-01-02,2014-01-03,2014-01-02
BEST_SALES,ACN,ok,0,1,1,2014-01-02,2014-01-03,2014-01-02
BEST_SALES,IBM,ok,0,1,1,2014-01-02,2014-01-03,2014-01-02
BEST_SALES,ADI,ok,0,1,2,2014-01-02,2014-01-03,2014-01-02
BEST_SALES,DELL,ok,0,1,3,2018-12-28,2018-12-31,2018-12-28
BEST_SALES,8035,ok,0,1,2,2014-01-02,2014-01-03,2014-01-02
BEST_SALES,IFX,ok,0,1,3,2014-01-02,2014-01-03,2014-01-02
BEST_SALES,MS,ok,0,1,1,2014-01-02,2014-01-03,2014-01-02
BEST_SALES,SCHW,ok,0,1,1,2014-01-02,2014-01-03,2014-01-02
BEST_SALES,AXP,ok,0,1,1,2014-01-02,2014-01-03,2014-01-02
BEST_SALES,PGR,ok,0,1,1,2014-01-02,2014-01-03,2014-01-02
BEST_SALES,AON,ok,0,1,1,2014-01-02,2014-01-03,2014-01-02
BEST_SALES,CME,ok,0,1,1,2014-01-02,2014-01-03,2014-01-02
BEST_SALES,KKR,ok,0,1,1,2014-01-02,2014-01-03,2014-01-02
BEST_SALES,BN,ok,0,1,166,2022-12-12,2022-12-13,2022-12-12
BEST_SALES,C,ok,0,1,1,2014-01-02,2014-01-03,2014-01-02
BEST_SALES,LSEG,ok,0,127,1,2014-01-02,2014-07-07,2014-01-02
BEST_SALES,ZURN,ok,0,1,1,2014-01-02,2014-01-03,2014-01-02
BEST_SALES,CS,ok,0,1,1,2014-01-02,2014-01-03,2014-01-02
BEST_SALES,8306,ok,0,1,2,2014-01-02,2014-01-03,2014-01-02
BEST_SALES,DIS,ok,0,1,3,2014-01-02,2014-01-03,2014-01-02
BEST_SALES,CMCSA,ok,0,1,1,2014-01-02,2014-01-03,2014-01-02
BEST_SALES,VZ,ok,0,1,1,2014-01-02,2014-01-03,2014-01-02
BEST_SALES,T,ok,0,1,1,2014-01-02,2014-01-03,2014-01-02
BEST_SALES,TTWO,ok,0,1,2,2014-01-02,2014-01-03,2014-01-02
BEST_SALES,PUB,ok,0,1,1,2014-01-02,2014-01-03,2014-01-02
BEST_SALES,7974,ok,0,1,2,2014-01-02,2014-01-03,2014-01-02
BEST_SALES,DTE,ok,0,1,1,2014-01-02,2014-01-03,2014-01-02
BEST_SALES,UMG,ok,0,3,1,2021-09-21,2021-09-24,2021-09-21
BEST_SALES,LOW,ok,0,1,3,2014-01-02,2014-01-03,2014-01-02
BEST_SALES,TJX,ok,0,1,3,2014-01-02,2014-01-03,2014-01-02
BEST_SALES,SBUX,ok,0,1,3,2014-01-02,2014-01-03,2014-01-02
BEST_SALES,ABNB,ok,0,1,1,2020-12-10,2020-12-11,2020-12-10
BEST_SALES,7203,ok,0,1,2,2014-01-02,2014-01-03,2014-01-02
BEST_SALES,ITX,ok,0,1,3,2014-01-02,2014-01-03,2014-01-02
BEST_SALES,ABT,ok,0,1,1,2014-01-02,2014-01-03,2014-01-02
BEST_SALES,DHR,ok,0,1,1,2014-01-02,2014-01-03,2014-01-02
BEST_SALES,VRTX,ok,0,1,1,2014-01-02,2014-01-03,2014-01-02
BEST_SALES,SAN,ok,0,1,1,2014-01-02,2014-01-03,2014-01-02
BEST_SALES,GE,ok,0,1,1,2024-04-02,2024-04-03,2024-04-02
BEST_SALES,TT,ok,0,1,1,2020-03-02,2020-03-03,2020-03-02
BEST_SALES,ABBN,ok,0,1,1,2014-01-02,2014-01-03,2014-01-02
BEST_SALES,KO,ok,0,1,1,2014-01-02,2014-01-03,2014-01-02
BEST_SALES,ULVR,ok,0,1,1,2014-01-02,2014-01-03,2014-01-02
BEST_SALES,ECL,ok,0,1,1,2014-01-02,2014-01-03,2014-01-02
BEST_SALES,AI,ok,0,1,1,2014-01-02,2014-01-03,2014-01-02
BEST_SALES,IBE,ok,0,1,1,2014-01-02,2014-01-03,2014-01-02
BEST_SALES,INTU,ok,0,1,3,2014-01-02,2014-01-03,2014-01-02
BEST_SALES,SNPS,ok,0,1,2,2014-01-02,2014-01-03,2014-01-02
BEST_SALES,APH,ok,0,1,1,2014-01-02,2014-01-03,2014-01-02
BEST_SALES,MSI,ok,0,1,1,2014-01-02,2014-01-03,2014-01-02
BEST_SALES,CRWD,ok,0,19,2,2019-06-12,2019-07-10,2019-06-12
BEST_SALES,NXPI,ok,0,1,1,2014-01-02,2014-01-03,2014-01-02
BEST_SALES,KEYS,ok,0,1,2,2014-10-21,2014-10-22,2014-10-21
BEST_SALES,ADSK,ok,0,1,3,2014-01-02,2014-01-03,2014-01-02
BEST_SALES,WDAY,ok,0,1,3,2014-01-02,2014-01-03,2014-01-02
BEST_SALES,WDC,ok,0,1,1,2025-02-24,2025-02-25,2025-02-24
BEST_SALES,DDOG,ok,0,19,1,2019-09-19,2019-10-16,2019-09-19
BEST_SALES,FTNT,ok,0,1,1,2014-01-02,2014-01-03,2014-01-02
BEST_SALES,DSY,ok,0,1,1,2014-01-02,2014-01-03,2014-01-02
BEST_SALES,6146,ok,0,1,2,2014-01-02,2014-01-03,2014-01-02
BEST_SALES,6981,ok,0,1,2,2014-01-02,2014-01-03,2014-01-02
BEST_SALES,BRK/B,ok,0,1,50,2014-01-02,2014-01-03,2014-01-02
BEST_SALES,CB,ok,0,1,1,2014-01-02,2014-01-03,2014-01-02
BEST_SALES,ICE,ok,0,1,1,2014-01-02,2014-01-03,2014-01-02
BEST_SALES,MCO,ok,0,1,1,2014-01-02,2014-01-03,2014-01-02
BEST_SALES,PYPL,ok,0,1,1,2015-07-07,2015-07-08,2015-07-07
BEST_SALES,COF,ok,0,1,1,2025-05-19,2025-05-20,2025-05-19
BEST_SALES,BNP,ok,0,1,1,2014-01-02,2014-01-03,2014-01-02
BEST_SALES,MUV2,ok,0,1,40,2014-01-02,2014-01-03,2014-01-02
BEST_SALES,RTX,ok,0,1,1,2014-01-02,2014-01-03,2014-01-02
BEST_SALES,EMR,ok,0,1,2,2014-01-02,2014-01-03,2014-01-02
BEST_SALES,AXON,ok,0,1,1,2014-01-02,2014-01-03,2014-01-02
BEST_SALES,UBER,ok,0,1,1,2019-05-10,2019-05-13,2019-05-10
BEST_SALES,AIR,ok,0,1,1,2014-01-02,2014-01-03,2014-01-02
BEST_SALES,SAF,ok,0,1,1,2014-01-02,2014-01-03,2014-01-02
BEST_SALES,MRK,ok,0,1,1,2014-01-02,2014-01-03,2014-01-02
BEST_SALES,AMGN,ok,0,1,1,2014-01-02,2014-01-03,2014-01-02
BEST_SALES,SYK,ok,0,1,1,2014-01-02,2014-01-03,2014-01-02
BEST_SALES,MCK,ok,0,1,2,2014-01-02,2014-01-03,2014-01-02
BEST_SALES,NOVN,ok,0,1,1,2014-01-02,2014-01-03,2014-01-02
BEST_SALES,NKE,ok,0,1,3,2014-01-02,2014-01-03,2014-01-02
BEST_SALES,ORLY,ok,0,1,1,2014-01-02,2014-01-03,2014-01-02
BEST_SALES,DASH,ok,0,1,1,2020-12-09,2020-12-10,2020-12-09
BEST_SALES,CFR,ok,0,1,2,2014-01-02,2014-01-03,2014-01-02
BEST_SALES,TTD,ok,0,1,1,2016-09-21,2016-09-22,2016-09-21
BEST_SALES,RBLX,ok,0,1,1,2021-03-10,2021-03-11,2021-03-10
BEST_SALES,9432,ok,0,1,2,2014-01-02,2014-01-03,2014-01-02
BEST_SALES,9433,ok,0,1,2,2014-01-02,2014-01-03,2014-01-02
BEST_SALES,PEP,ok,0,1,1,2014-01-02,2014-01-03,2014-01-02
BEST_SALES,MDLZ,ok,0,1,1,2014-01-02,2014-01-03,2014-01-02
BEST_SALES,OR,ok,0,1,1,2014-01-02,2014-01-03,2014-01-02
BEST_SALES,CVX,ok,0,1,1,2014-01-02,2014-01-03,2014-01-02
BEST_SALES,TTE,ok,0,1,1,2014-01-02,2014-01-03,2014-01-02
BEST_SALES,NEM,ok,0,1,5,2014-01-02,2014-01-03,2014-01-02
BEST_SALES,SHW,ok,0,1,1,2014-01-02,2014-01-03,2014-01-02
BEST_SALES,SO,ok,0,1,1,2014-01-02,2014-01-03,2014-01-02
BEST_SALES,APP,ok,0,19,1,2021-04-15,2021-05-12,2021-04-15
BEST_SALES,SNOW,ok,0,11,2,2020-09-16,2020-10-01,2020-09-16
BEST_SALES,NET,ok,0,18,1,2019-09-13,2019-10-09,2019-09-13
BEST_SALES,ZS,ok,0,17,2,2018-03-16,2018-04-11,2018-03-16
BEST_SALES,TEAM,ok,0,17,2,2015-12-10,2016-01-06,2015-12-10
BEST_SALES,COHR,ok,0,1,59,2014-01-02,2014-01-03,2014-01-02
BEST_SALES,ON,ok,0,1,1,2014-01-02,2014-01-03,2014-01-02
BEST_SALES,FICO,ok,0,1,3,2014-01-02,2014-01-03,2014-01-02
BEST_SALES,HPE,ok,0,6,2,2015-10-20,2015-10-28,2015-10-20
BEST_SALES,VRSN,ok,0,1,29,2014-01-02,2014-01-03,2014-01-02
BEST_SALES,ASM,ok,0,1,2,2014-01-02,2014-01-03,2014-01-02
BEST_SALES,MRSH,ok,0,1,1,2014-01-02,2014-01-03,2014-01-02
BEST_SALES,APO,ok,0,1,1,2014-01-02,2014-01-03,2014-01-02
BEST_SALES,MSCI,ok,0,1,1,2014-01-02,2014-01-03,2014-01-02
BEST_SALES,BNY,ok,0,1,1,2014-01-02,2014-01-03,2014-01-02
BEST_SALES,IBKR,ok,0,1,1,2014-01-02,2014-01-03,2014-01-02
BEST_SALES,UBSG,ok,0,1,1,2014-01-02,2014-01-03,2014-01-02
BEST_SALES,UCG,ok,0,1,1,2014-01-02,2014-01-03,2014-01-02
BEST_SALES,8316,ok,0,1,2,2014-01-02,2014-01-03,2014-01-02
BEST_SALES,ADP,ok,0,1,2,2014-01-02,2014-01-03,2014-01-02
BEST_SALES,HWM,ok,0,1,1,2020-04-01,2020-04-02,2020-04-01
BEST_SALES,WM,ok,0,1,1,2014-01-02,2014-01-03,2014-01-02
BEST_SALES,PH,ok,0,1,2,2014-01-02,2014-01-03,2014-01-02
BEST_SALES,REL,ok,0,1,1,2014-01-02,2014-01-03,2014-01-02
BEST_SALES,7011,ok,0,1,2,2014-01-02,2014-01-03,2014-01-02
BEST_SALES,ROP,ok,0,1,1,2014-01-02,2014-01-03,2014-01-02
BEST_SALES,GILD,ok,0,1,3,2014-01-02,2014-01-03,2014-01-02
BEST_SALES,PFE,ok,0,1,1,2014-01-02,2014-01-03,2014-01-02
BEST_SALES,MDT,ok,0,1,2,2014-01-02,2014-01-03,2014-01-02
BEST_SALES,HCA,ok,0,1,1,2014-01-02,2014-01-03,2014-01-02
BEST_SALES,ZTS,ok,0,1,1,2014-01-02,2014-01-03,2014-01-02
BEST_SALES,RMS,ok,0,1,1,2014-01-02,2014-01-03,2014-01-02
BEST_SALES,6758,ok,0,1,2,2014-01-02,2014-01-03,2014-01-02
BEST_SALES,CMG,ok,0,1,1,2014-01-02,2014-01-03,2014-01-02
BEST_SALES,MAR,ok,0,1,1,2014-01-02,2014-01-03,2014-01-02
BEST_SALES,GM,ok,0,1,1,2014-01-02,2014-01-03,2014-01-02
BEST_SALES,GRMN,ok,0,1,1,2014-01-02,2014-01-03,2014-01-02
BEST_SALES,RDDT,ok,0,1,1,2024-03-21,2024-03-22,2024-03-21
BEST_SALES,LYV,ok,0,1,1,2014-01-02,2014-01-03,2014-01-02
BEST_SALES,TKO,ok,0,1,1,2023-09-12,2023-09-13,2023-09-12
BEST_SALES,MO,ok,0,1,1,2014-01-02,2014-01-03,2014-01-02
BEST_SALES,CL,ok,0,1,1,2014-01-02,2014-01-03,2014-01-02
BEST_SALES,MNST,ok,0,1,1,2014-01-02,2014-01-03,2014-01-02
BEST_SALES,COP,ok,0,1,1,2014-01-02,2014-01-03,2014-01-02
BEST_SALES,SLB,ok,0,1,2,2014-01-02,2014-01-03,2014-01-02
BEST_SALES,APD,ok,0,1,3,2014-01-02,2014-01-03,2014-01-02
BEST_SALES,4063,ok,0,1,2,2014-01-02,2014-01-03,2014-01-02
BEST_SALES,NRG,ok,0,1,1,2014-01-02,2014-01-03,2014-01-02
BEST_SALES,ENEL,ok,0,1,1,2014-01-02,2014-01-03,2014-01-02
BEST_SALES,WELL,ok,0,1,1,2014-01-02,2014-01-03,2014-01-02
BEST_SALES_1FY,AAPL,ok,0,1086,66,2014-01-06,2018-04-30,2014-01-02
BEST_SALES_1FY,MSFT,ok,0,1143,252,2014-01-06,2018-07-20,2014-01-02
BEST_SALES_1FY,GOOGL,ok,0,1654,64,2014-01-06,2020-07-31,2014-01-02
BEST_SALES_1FY,AMZN,ok,0,710,66,2014-01-06,2016-10-28,2014-01-02
BEST_SALES_1FY,META,ok,0,837,153,2014-01-06,2017-05-03,2014-01-02
BEST_SALES_1FY,NVDA,ok,0,1033,243,2014-01-06,2018-02-12,2014-01-02
BEST_SALES_1FY,TSLA,ok,0,1151,125,2014-01-06,2018-08-01,2014-01-02
BEST_SALES_1FY,PLTR,ok,0,285,64,2020-09-30,2021-11-16,2020-09-30
BEST_SALES_1FY,AVGO,ok,0,2055,85,2014-01-06,2022-03-04,2014-01-02
BEST_SALES_1FY,MU,ok,0,1946,63,2014-01-06,2021-09-28,2014-01-02
BEST_SALES_1FY,GEV,ok,0,1,16,2024-04-02,2024-04-03,2024-04-02
BEST_SALES_1FY,VRT,ok,0,782,37,2018-08-01,2021-09-09,2018-08-01
BEST_SALES_1FY,BE,ok,0,700,97,2018-07-25,2021-05-06,2018-07-25
BEST_SALES_1FY,LITE,ok,0,2090,69,2015-07-27,2023-11-13,2015-07-27
BEST_SALES_1FY,000660,ok,0,2074,66,2014-01-06,2022-03-31,2014-01-02
BEST_SALES_1FY,005930,ok,0,1828,134,2014-01-06,2021-04-12,2014-01-02
BEST_SALES_1FY,UNH,ok,0,1077,180,2014-01-06,2018-04-17,2014-01-02
BEST_SALES_1FY,LLY,ok,0,138,64,2014-01-06,2014-07-24,2014-01-02
BEST_SALES_1FY,ISRG,ok,0,1623,61,2014-01-06,2020-06-17,2014-01-02
BEST_SALES_1FY,ABBV,ok,0,826,76,2014-01-06,2017-04-18,2014-01-02
BEST_SALES_1FY,REGN,ok,0,780,63,2014-01-06,2017-02-09,2014-01-02
BEST_SALES_1FY,JPM,ok,0,2039,43,2014-01-06,2022-02-09,2014-01-02
BEST_SALES_1FY,V,ok,0,1123,608,2014-01-06,2018-06-21,2014-01-02
BEST_SALES_1FY,MA,ok,0,1123,716,2014-01-06,2018-06-21,2014-01-02
BEST_SALES_1FY,BLK,ok,0,1645,121,2014-01-06,2020-07-20,2014-01-02
BEST_SALES_1FY,SPGI,ok,0,1620,71,2014-01-06,2020-06-12,2014-01-02
BEST_SALES_1FY,GS,ok,0,1804,217,2014-01-06,2021-03-08,2014-01-02
BEST_SALES_1FY,COST,ok,0,1622,116,2014-01-06,2020-06-16,2014-01-02
BEST_SALES_1FY,HD,ok,0,1669,68,2014-01-06,2020-08-21,2014-01-02
BEST_SALES_1FY,PG,ok,0,1102,124,2014-01-06,2018-05-22,2014-01-02
BEST_SALES_1FY,MCD,ok,0,1661,113,2014-01-06,2020-08-11,2014-01-02
BEST_SALES_1FY,WMT,ok,0,1792,49,2014-01-06,2021-02-18,2014-01-02
BEST_SALES_1FY,CAT,ok,0,1968,58,2014-01-06,2021-10-28,2014-01-02
BEST_SALES_1FY,HON,ok,0,1829,52,2014-01-06,2021-04-13,2014-01-02
BEST_SALES_1FY,DE,ok,0,2001,86,2014-01-06,2021-12-15,2014-01-02
BEST_SALES_1FY,UNP,ok,0,1774,60,2014-01-06,2021-01-22,2014-01-02
BEST_SALES_1FY,LMT,ok,0,1777,251,2014-01-06,2021-01-27,2014-01-02
BEST_SALES_1FY,ETN,ok,0,1800,91,2014-01-06,2021-03-02,2014-01-02
BEST_SALES_1FY,XOM,ok,0,1617,31,2014-01-06,2020-06-09,2014-01-02
BEST_SALES_1FY,LNG,ok,0,1460,129,2014-01-06,2019-10-23,2014-01-02
BEST_SALES_1FY,FCX,ok,0,1171,64,2014-01-06,2018-08-29,2014-01-02
BEST_SALES_1FY,LIN,ok,0,1724,183,2014-01-06,2020-11-09,2014-01-02
BEST_SALES_1FY,NEE,ok,0,2028,47,2014-01-06,2022-01-25,2014-01-02
BEST_SALES_1FY,AMT,ok,0,1654,44,2014-01-06,2020-07-31,2014-01-02
BEST_SALES_1FY,EQIX,ok,0,1656,69,2014-01-06,2020-08-04,2014-01-02
BEST_SALES_1FY,TMUS,ok,0,1652,63,2014-01-06,2020-07-29,2014-01-02
BEST_SALES_1FY,PLD,ok,0,1819,58,2014-01-06,2021-03-29,2014-01-02
BEST_SALES_1FY,AMD,ok,0,2034,61,2014-01-06,2022-02-02,2014-01-02
BEST_SALES_1FY,CRM,ok,0,793,362,2014-01-06,2017-03-01,2014-01-02
BEST_SALES_1FY,NFLX,ok,0,262,441,2014-01-06,2015-01-21,2014-01-02
BEST_SALES_1FY,TER,ok,0,2093,64,2014-01-06,2022-04-28,2014-01-02
BEST_SALES_1FY,GLW,ok,0,1966,62,2014-01-06,2021-10-26,2014-01-02
BEST_SALES_1FY,JNJ,ok,0,900,627,2014-01-06,2017-08-02,2014-01-02
BEST_SALES_1FY,WFC,ok,0,2039,98,2014-01-06,2022-02-09,2014-01-02
BEST_SALES_1FY,MPC,ok,0,2037,69,2014-01-06,2022-02-07,2014-01-02
BEST_SALES_1FY,LRCX,ok,0,2202,66,2014-01-06,2022-10-04,2014-01-02
BEST_SALES_1FY,AMAT,ok,0,2045,64,2014-01-06,2022-02-17,2014-01-02
BEST_SALES_1FY,PANW,ok,0,1671,62,2014-01-06,2020-08-25,2014-01-02
BEST_SALES_1FY,FN,ok,0,2667,49,2014-01-06,2024-08-12,2014-01-02
BEST_SALES_1FY,MPWR,ok,0,961,287,2014-01-06,2017-10-27,2014-01-02
BEST_SALES_1FY,BAC,ok,0,2039,45,2014-01-06,2022-02-09,2014-01-02
BEST_SALES_1FY,CSCO,ok,0,784,777,2014-01-06,2017-02-15,2014-01-02
BEST_SALES_1FY,INTC,ok,0,2046,98,2014-01-06,2022-02-18,2014-01-02
BEST_SALES_1FY,ORCL,ok,0,1373,608,2014-01-06,2019-06-20,2014-01-02
BEST_SALES_1FY,TSM,ok,0,2040,64,2014-01-06,2022-02-10,2014-01-02
BEST_SALES_1FY,SNDK,ok,0,7,20,2025-02-24,2025-03-05,2025-02-24
BEST_SALES_1FY,KLAC,ok,0,2219,63,2014-01-06,2022-10-27,2014-01-02
BEST_SALES_1FY,ANET,ok,0,931,802,2014-06-06,2018-02-15,2014-06-06
BEST_SALES_1FY,MRVL,ok,0,1925,68,2014-01-06,2021-08-27,2014-01-02
BEST_SALES_1FY,CDNS,ok,0,2066,74,2014-01-06,2022-03-21,2014-01-02
BEST_SALES_1FY,STX,ok,0,2218,65,2014-01-06,2022-10-26,2014-01-02
BEST_SALES_1FY,PWR,ok,0,2051,63,2014-01-06,2022-02-28,2014-01-02
BEST_SALES_1FY,BX,ok,0,2400,58,2014-01-06,2023-07-20,2014-01-02
BEST_SALES_1FY,TMO,ok,0,1649,192,2014-01-06,2020-07-24,2014-01-02
BEST_SALES_1FY,BSX,ok,0,1590,320,2014-01-06,2020-04-30,2014-01-02
BEST_SALES_1FY,BKNG,ok,0,842,452,2014-01-06,2017-05-10,2014-01-02
BEST_SALES_1FY,PM,ok,0,1590,41,2014-01-06,2020-04-30,2014-01-02
BEST_SALES_1FY,WMB,ok,0,2057,85,2014-01-06,2022-03-08,2014-01-02
BEST_SALES_1FY,CEG,ok,0,31,46,2022-02-02,2022-03-18,2022-02-02
BEST_SALES_1FY,VST,ok,0,1172,60,2016-10-05,2021-06-03,2016-10-05
BEST_SALES_1FY,DLR,ok,0,1658,66,2014-01-06,2020-08-06,2014-01-02
BEST_SALES_1FY,ARM,ok,0,3,32,2023-09-14,2023-09-19,2023-09-14
BEST_SALES_1FY,SPOT,ok,0,21,133,2018-04-03,2018-05-02,2018-04-03
BEST_SALES_1FY,RACE,ok,0,1520,63,2015-10-21,2021-11-03,2015-10-21
BEST_SALES_1FY,285A,ok,0,38,59,2024-12-18,2025-02-14,2024-12-18
BEST_SALES_1FY,6857,ok,0,2119,59,2014-01-06,2022-06-06,2014-01-02
BEST_SALES_1FY,SU,ok,0,1712,49,2014-01-06,2020-10-22,2014-01-02
BEST_SALES_1FY,SIE,ok,0,1743,134,2014-01-06,2020-12-07,2014-01-02
BEST_SALES_1FY,RHM,ok,0,153,332,2014-01-06,2014-08-14,2014-01-02
BEST_SALES_1FY,ALV,ok,0,2163,85,2014-01-06,2022-08-09,2014-01-02
BEST_SALES_1FY,MC,ok,0,775,99,2014-01-06,2017-02-02,2014-01-02
BEST_SALES_1FY,NESN,ok,0,797,109,2014-01-06,2017-03-07,2014-01-02
BEST_SALES_1FY,RR/,ok,0,890,732,2014-01-06,2017-07-19,2014-01-02
BEST_SALES_1FY,SAP,ok,0,75,197,2014-01-06,2014-04-24,2014-01-02
BEST_SALES_1FY,ASML,ok,0,1229,155,2014-01-06,2018-11-20,2014-01-02
BEST_SALES_1FY,AZN,ok,0,132,124,2014-01-06,2014-07-16,2014-01-02
BEST_SALES_1FY,SHEL,ok,0,1904,152,2014-01-06,2021-07-29,2014-01-02
BEST_SALES_1FY,HSBA,ok,0,2080,88,2014-01-06,2022-04-08,2014-01-02
BEST_SALES_1FY,NOVOB,ok,0,224,107,2014-01-06,2014-11-24,2014-01-02
BEST_SALES_1FY,RIO,ok,0,1454,63,2014-01-06,2019-10-15,2014-01-02
BEST_SALES_1FY,QCOM,ok,0,2224,62,2014-01-06,2022-11-03,2014-01-02
BEST_SALES_1FY,TXN,ok,0,2035,62,2014-01-06,2022-02-03,2014-01-02
BEST_SALES_1FY,ADBE,ok,0,995,171,2014-01-06,2017-12-15,2014-01-02
BEST_SALES_1FY,NOW,ok,0,1275,253,2014-01-06,2019-01-30,2014-01-02
BEST_SALES_1FY,ACN,ok,0,810,690,2014-01-06,2017-03-24,2014-01-02
BEST_SALES_1FY,IBM,ok,0,1404,501,2014-01-06,2019-08-05,2014-01-02
BEST_SALES_1FY,ADI,ok,0,2045,67,2014-01-06,2022-02-17,2014-01-02
BEST_SALES_1FY,DELL,ok,0,861,68,2018-12-28,2022-05-31,2018-12-28
BEST_SALES_1FY,8035,ok,0,2119,59,2014-01-06,2022-06-06,2014-01-02
BEST_SALES_1FY,IFX,ok,0,144,344,2014-01-06,2014-08-01,2014-01-02
BEST_SALES_1FY,MS,ok,0,1776,245,2014-01-06,2021-01-26,2014-01-02
BEST_SALES_1FY,SCHW,ok,0,1774,249,2014-01-06,2021-01-22,2014-01-02
BEST_SALES_1FY,AXP,ok,0,1785,116,2014-01-06,2021-02-08,2014-01-02
BEST_SALES_1FY,PGR,ok,0,2061,31,2014-01-06,2022-03-14,2014-01-02
BEST_SALES_1FY,AON,ok,0,1994,50,2014-01-06,2021-12-06,2014-01-02
BEST_SALES_1FY,CME,ok,0,2039,29,2014-01-06,2022-02-09,2014-01-02
BEST_SALES_1FY,KKR,ok,0,2224,118,2014-01-06,2022-11-03,2014-01-02
BEST_SALES_1FY,BN,ok,0,37,371,2022-12-12,2023-02-06,2022-12-12
BEST_SALES_1FY,C,ok,0,2039,45,2014-01-06,2022-02-09,2014-01-02
BEST_SALES_1FY,LSEG,ok,0,2056,66,2014-01-06,2022-03-07,2014-01-02
BEST_SALES_1FY,ZURN,ok,0,2264,51,2014-01-06,2023-01-03,2014-01-02
BEST_SALES_1FY,CS,ok,0,2086,67,2014-01-06,2022-04-19,2014-01-02
BEST_SALES_1FY,8306,ok,0,2211,52,2014-01-06,2022-10-17,2014-01-02
BEST_SALES_1FY,DIS,ok,0,1406,66,2014-01-06,2019-08-07,2014-01-02
BEST_SALES_1FY,CMCSA,ok,0,1397,125,2014-01-06,2019-07-25,2014-01-02
BEST_SALES_1FY,VZ,ok,0,1650,44,2014-01-06,2020-07-27,2014-01-02
BEST_SALES_1FY,T,ok,0,1649,44,2014-01-06,2020-07-24,2014-01-02
BEST_SALES_1FY,TTWO,ok,0,1723,69,2014-01-06,2020-11-06,2014-01-02
BEST_SALES_1FY,PUB,ok,0,1637,64,2014-01-06,2020-07-08,2014-01-02
BEST_SALES_1FY,7974,ok,0,2036,43,2014-01-06,2022-02-04,2014-01-02
BEST_SALES_1FY,DTE,ok,0,136,494,2014-01-06,2014-07-22,2014-01-02
BEST_SALES_1FY,UMG,ok,0,115,31,2021-09-21,2022-03-07,2021-09-21
BEST_SALES_1FY,LOW,ok,0,1549,66,2014-01-06,2020-03-03,2014-01-02
BEST_SALES_1FY,TJX,ok,0,1230,252,2014-01-06,2018-11-21,2014-01-02
BEST_SALES_1FY,SBUX,ok,0,1664,235,2014-01-06,2020-08-14,2014-01-02
BEST_SALES_1FY,ABNB,ok,0,15,49,2020-12-10,2021-01-04,2020-12-10
BEST_SALES_1FY,7203,ok,0,2143,61,2014-01-06,2022-07-12,2014-01-02
BEST_SALES_1FY,ITX,ok,0,742,181,2014-01-06,2016-12-14,2014-01-02
BEST_SALES_1FY,ABT,ok,0,1958,52,2014-01-06,2021-10-14,2014-01-02
BEST_SALES_1FY,DHR,ok,0,1595,62,2014-01-06,2020-05-07,2014-01-02
BEST_SALES_1FY,VRTX,ok,0,80,251,2014-01-06,2014-05-01,2014-01-02
BEST_SALES_1FY,SAN,ok,0,86,195,2014-01-06,2014-05-09,2014-01-02
BEST_SALES_1FY,GE,ok,0,1,30,2024-04-02,2024-04-03,2024-04-02
BEST_SALES_1FY,TT,ok,0,360,44,2020-03-02,2021-08-04,2020-03-02
BEST_SALES_1FY,ABBN,ok,0,1589,59,2014-01-06,2020-04-29,2014-01-02
BEST_SALES_1FY,KO,ok,0,1147,171,2014-01-06,2018-07-26,2014-01-02
BEST_SALES_1FY,ULVR,ok,0,771,101,2014-01-06,2017-01-27,2014-01-02
BEST_SALES_1FY,ECL,ok,0,1501,75,2014-01-06,2019-12-20,2014-01-02
BEST_SALES_1FY,AI,ok,0,1406,171,2014-01-06,2019-08-07,2014-01-02
BEST_SALES_1FY,IBE,ok,0,1723,70,2014-01-06,2020-11-06,2014-01-02
BEST_SALES_1FY,INTU,ok,0,978,932,2014-01-06,2017-11-21,2014-01-02
BEST_SALES_1FY,SNPS,ok,0,2045,88,2014-01-06,2022-02-17,2014-01-02
BEST_SALES_1FY,APH,ok,0,2030,63,2014-01-06,2022-01-27,2014-01-02
BEST_SALES_1FY,MSI,ok,0,2104,66,2014-01-06,2022-05-13,2014-01-02
BEST_SALES_1FY,CRWD,ok,0,311,112,2019-06-12,2020-09-03,2019-06-12
BEST_SALES_1FY,NXPI,ok,0,2097,74,2014-01-06,2022-05-04,2014-01-02
BEST_SALES_1FY,KEYS,ok,0,1533,65,2014-10-21,2020-11-20,2014-10-21
BEST_SALES_1FY,ADSK,ok,0,1355,190,2014-01-06,2019-05-24,2014-01-02
BEST_SALES_1FY,WDAY,ok,0,1044,306,2014-01-06,2018-02-28,2014-01-02
BEST_SALES_1FY,WDC,ok,0,1,31,2025-02-24,2025-02-25,2025-02-24
BEST_SALES_1FY,DDOG,ok,0,39,191,2019-09-19,2019-11-13,2019-09-19
BEST_SALES_1FY,FTNT,ok,0,1659,66,2014-01-06,2020-08-07,2014-01-02
BEST_SALES_1FY,DSY,ok,0,1147,202,2014-01-06,2018-07-26,2014-01-02
BEST_SALES_1FY,6146,ok,0,2108,59,2014-01-06,2022-05-19,2014-01-02
BEST_SALES_1FY,6981,ok,0,2200,108,2014-01-06,2022-09-30,2014-01-02
BEST_SALES_1FY,BRK/B,ok,0,2450,101,2014-01-06,2023-09-29,2014-01-02
BEST_SALES_1FY,CB,ok,0,2066,125,2014-01-06,2022-03-21,2014-01-02
BEST_SALES_1FY,ICE,ok,0,2035,40,2014-01-06,2022-02-03,2014-01-02
BEST_SALES_1FY,MCO,ok,0,1654,72,2014-01-06,2020-07-31,2014-01-02
BEST_SALES_1FY,PYPL,ok,0,686,197,2015-07-07,2018-03-27,2015-07-07
BEST_SALES_1FY,COF,ok,0,4,26,2025-05-19,2025-05-23,2025-05-19
BEST_SALES_1FY,BNP,ok,0,1878,158,2014-01-06,2021-06-22,2014-01-02
BEST_SALES_1FY,MUV2,ok,0,2300,45,2014-01-06,2023-02-24,2014-01-02
BEST_SALES_1FY,RTX,ok,0,1716,186,2014-01-06,2020-10-28,2014-01-02
BEST_SALES_1FY,EMR,ok,0,1972,38,2014-01-06,2021-11-03,2014-01-02
BEST_SALES_1FY,AXON,ok,0,2414,138,2014-01-06,2023-08-09,2014-01-02
BEST_SALES_1FY,UBER,ok,0,62,54,2019-05-10,2019-08-08,2019-05-10
BEST_SALES_1FY,AIR,ok,0,1271,89,2014-01-06,2019-01-24,2014-01-02
BEST_SALES_1FY,SAF,ok,0,1200,421,2014-01-06,2018-10-10,2014-01-02
BEST_SALES_1FY,MRK,ok,0,80,238,2014-01-06,2014-05-01,2014-01-02
BEST_SALES_1FY,AMGN,ok,0,832,80,2014-01-06,2017-04-26,2014-01-02
BEST_SALES_1FY,SYK,ok,0,1966,63,2014-01-06,2021-10-26,2014-01-02
BEST_SALES_1FY,MCK,ok,0,2110,63,2014-01-06,2022-05-23,2014-01-02
BEST_SALES_1FY,NOVN,ok,0,60,197,2014-01-06,2014-04-02,2014-01-02
BEST_SALES_1FY,NKE,ok,0,1128,394,2014-01-06,2018-06-28,2014-01-02
BEST_SALES_1FY,ORLY,ok,0,1656,263,2014-01-06,2020-08-04,2014-01-02
BEST_SALES_1FY,DASH,ok,0,5,54,2020-12-09,2020-12-16,2020-12-09
BEST_SALES_1FY,CFR,ok,0,839,251,2014-01-06,2017-05-05,2014-01-02
BEST_SALES_1FY,TTD,ok,0,287,188,2016-09-21,2017-11-09,2016-09-21
BEST_SALES_1FY,RBLX,ok,0,170,30,2021-03-10,2021-11-09,2021-03-10
BEST_SALES_1FY,9432,ok,0,1859,52,2014-01-06,2021-05-25,2014-01-02
BEST_SALES_1FY,9433,ok,0,1864,65,2014-01-06,2021-06-02,2014-01-02
BEST_SALES_1FY,PEP,ok,0,1085,252,2014-01-06,2018-04-27,2014-01-02
BEST_SALES_1FY,MDLZ,ok,0,1544,59,2014-01-06,2020-02-25,2014-01-02
BEST_SALES_1FY,OR,ok,0,282,262,2014-01-06,2015-02-19,2014-01-02
BEST_SALES_1FY,CVX,ok,0,1617,27,2014-01-06,2020-06-09,2014-01-02
BEST_SALES_1FY,TTE,ok,0,1697,35,2014-01-06,2020-10-01,2014-01-02
BEST_SALES_1FY,NEM,ok,0,1603,40,2014-01-06,2020-05-19,2014-01-02
BEST_SALES_1FY,SHW,ok,0,1616,64,2014-01-06,2020-06-08,2014-01-02
BEST_SALES_1FY,SO,ok,0,2047,39,2014-01-06,2022-02-22,2014-01-02
BEST_SALES_1FY,APP,ok,0,20,63,2021-04-15,2021-05-13,2021-04-15
BEST_SALES_1FY,SNOW,ok,0,116,59,2020-09-16,2021-03-04,2020-09-16
BEST_SALES_1FY,NET,ok,0,592,60,2019-09-13,2022-01-19,2019-09-13
BEST_SALES_1FY,ZS,ok,0,581,64,2018-03-16,2020-07-08,2018-03-16
BEST_SALES_1FY,TEAM,ok,0,721,184,2015-12-10,2018-10-22,2015-12-10
BEST_SALES_1FY,COHR,ok,0,2601,47,2014-01-06,2024-05-07,2014-01-02
BEST_SALES_1FY,ON,ok,0,2096,66,2014-01-06,2022-05-03,2014-01-02
BEST_SALES_1FY,FICO,ok,0,1910,74,2014-01-06,2021-08-06,2014-01-02
BEST_SALES_1FY,HPE,ok,0,1399,142,2015-10-20,2021-05-12,2015-10-20
BEST_SALES_1FY,VRSN,ok,0,2292,114,2014-01-06,2023-02-13,2014-01-02
BEST_SALES_1FY,ASM,ok,0,1719,80,2014-01-06,2020-11-02,2014-01-02
BEST_SALES_1FY,MRSH,ok,0,2039,53,2014-01-06,2022-02-09,2014-01-02
BEST_SALES_1FY,APO,ok,0,2541,43,2014-01-06,2024-02-09,2014-01-02
BEST_SALES_1FY,MSCI,ok,0,1652,109,2014-01-06,2020-07-29,2014-01-02
BEST_SALES_1FY,BNY,ok,0,2074,167,2014-01-06,2022-03-31,2014-01-02
BEST_SALES_1FY,IBKR,ok,0,2493,22,2014-01-06,2023-11-30,2014-01-02
BEST_SALES_1FY,UBSG,ok,0,1969,137,2014-01-06,2021-10-29,2014-01-02
BEST_SALES_1FY,UCG,ok,0,2271,29,2014-01-06,2023-01-12,2014-01-02
BEST_SALES_1FY,8316,ok,0,2167,76,2014-01-06,2022-08-15,2014-01-02
BEST_SALES_1FY,ADP,ok,0,1652,64,2014-01-06,2020-07-29,2014-01-02
BEST_SALES_1FY,HWM,ok,0,636,65,2020-04-01,2022-10-10,2020-04-01
BEST_SALES_1FY,WM,ok,0,708,131,2014-01-06,2016-10-26,2014-01-02
BEST_SALES_1FY,PH,ok,0,961,1096,2014-01-06,2017-10-27,2014-01-02
BEST_SALES_1FY,REL,ok,0,1648,65,2014-01-06,2020-07-23,2014-01-02
BEST_SALES_1FY,7011,ok,0,2135,68,2014-01-06,2022-06-29,2014-01-02
BEST_SALES_1FY,ROP,ok,0,997,67,2014-01-06,2017-12-19,2014-01-02
BEST_SALES_1FY,GILD,ok,0,137,251,2014-01-06,2014-07-23,2014-01-02
BEST_SALES_1FY,PFE,ok,0,594,67,2014-01-06,2016-05-16,2014-01-02
BEST_SALES_1FY,MDT,ok,0,1520,275,2014-01-06,2020-01-21,2014-01-02
BEST_SALES_1FY,HCA,ok,0,1648,100,2014-01-06,2020-07-23,2014-01-02
BEST_SALES_1FY,ZTS,ok,0,526,191,2014-01-06,2016-02-08,2014-01-02
BEST_SALES_1FY,RMS,ok,0,887,289,2014-01-06,2017-07-14,2014-01-02
BEST_SALES_1FY,6758,ok,0,1919,74,2014-01-06,2021-08-19,2014-01-02
BEST_SALES_1FY,CMG,ok,0,1393,167,2014-01-06,2019-07-19,2014-01-02
BEST_SALES_1FY,MAR,ok,0,1570,68,2014-01-06,2020-04-01,2014-01-02
BEST_SALES_1FY,GM,ok,0,1611,55,2014-01-06,2020-06-01,2014-01-02
BEST_SALES_1FY,GRMN,ok,0,2093,79,2014-01-06,2022-04-28,2014-01-02
BEST_SALES_1FY,RDDT,ok,0,3,20,2024-03-21,2024-03-26,2024-03-21
BEST_SALES_1FY,LYV,ok,0,2049,54,2014-01-06,2022-02-24,2014-01-02
BEST_SALES_1FY,TKO,ok,0,7,34,2023-09-12,2023-09-21,2023-09-12
BEST_SALES_1FY,MO,ok,0,1637,57,2014-01-06,2020-07-08,2014-01-02
BEST_SALES_1FY,CL,ok,0,1086,316,2014-01-06,2018-04-30,2014-01-02
BEST_SALES_1FY,MNST,ok,0,1601,55,2014-01-06,2020-05-15,2014-01-02
BEST_SALES_1FY,COP,ok,0,1631,27,2014-01-06,2020-06-29,2014-01-02
BEST_SALES_1FY,SLB,ok,0,1649,114,2014-01-06,2020-07-24,2014-01-02
BEST_SALES_1FY,APD,ok,0,1396,83,2014-01-06,2019-07-24,2014-01-02
BEST_SALES_1FY,4063,ok,0,1943,64,2014-01-06,2021-09-23,2014-01-02
BEST_SALES_1FY,NRG,ok,0,1772,118,2014-01-06,2021-01-20,2014-01-02
BEST_SALES_1FY,ENEL,ok,0,1877,59,2014-01-06,2021-06-21,2014-01-02
BEST_SALES_1FY,WELL,ok,0,1709,71,2014-01-06,2020-10-19,2014-01-02
BEST_SALES_2FY,AAPL,ok,0,1081,66,2014-01-13,2018-04-30,2014-01-02
BEST_SALES_2FY,MSFT,ok,0,1206,252,2014-01-13,2018-10-25,2014-01-02
BEST_SALES_2FY,GOOGL,ok,0,1835,56,2014-01-13,2021-04-28,2014-01-02
BEST_SALES_2FY,AMZN,ok,0,956,65,2014-01-13,2017-10-27,2014-01-02
BEST_SALES_2FY,META,ok,0,1078,156,2014-01-13,2018-04-25,2014-01-02
BEST_SALES_2FY,NVDA,ok,0,1121,243,2014-01-13,2018-06-26,2014-01-02
BEST_SALES_2FY,TSLA,ok,0,1146,125,2014-01-13,2018-08-01,2014-01-02
BEST_SALES_2FY,PLTR,ok,0,349,105,2020-09-30,2022-02-17,2020-09-30
BEST_SALES_2FY,AVGO,ok,0,2300,85,2014-01-13,2023-03-03,2014-01-02
BEST_SALES_2FY,MU,ok,0,1941,64,2014-01-13,2021-09-28,2014-01-02
BEST_SALES_2FY,GEV,ok,0,21,23,2024-04-02,2024-05-01,2024-04-02
BEST_SALES_2FY,VRT,ok,0,1148,49,2018-08-01,2023-02-23,2018-08-01
BEST_SALES_2FY,BE,ok,0,700,97,2018-07-25,2021-05-06,2018-07-25
BEST_SALES_2FY,LITE,ok,0,2508,30,2015-07-27,2025-07-17,2015-07-27
BEST_SALES_2FY,000660,ok,0,2326,66,2014-01-13,2023-04-11,2014-01-02
BEST_SALES_2FY,005930,ok,0,1823,249,2014-01-13,2021-04-12,2014-01-02
BEST_SALES_2FY,UNH,ok,0,1135,180,2014-01-13,2018-07-17,2014-01-02
BEST_SALES_2FY,LLY,ok,0,820,58,2014-01-13,2017-04-17,2014-01-02
BEST_SALES_2FY,ISRG,ok,0,1618,61,2014-01-13,2020-06-17,2014-01-02
BEST_SALES_2FY,ABBV,ok,0,821,76,2014-01-13,2017-04-18,2014-01-02
BEST_SALES_2FY,REGN,ok,0,775,63,2014-01-13,2017-02-09,2014-01-02
BEST_SALES_2FY,JPM,ok,0,2148,82,2014-01-13,2022-07-26,2014-01-02
BEST_SALES_2FY,V,ok,0,1118,758,2014-01-13,2018-06-21,2014-01-02
BEST_SALES_2FY,MA,ok,0,1118,829,2014-01-13,2018-06-21,2014-01-02
BEST_SALES_2FY,BLK,ok,0,1640,121,2014-01-13,2020-07-20,2014-01-02
BEST_SALES_2FY,SPGI,ok,0,1615,71,2014-01-13,2020-06-12,2014-01-02
BEST_SALES_2FY,GS,ok,0,1799,235,2014-01-13,2021-03-08,2014-01-02
BEST_SALES_2FY,COST,ok,0,1617,116,2014-01-13,2020-06-16,2014-01-02
BEST_SALES_2FY,HD,ok,0,1664,68,2014-01-13,2020-08-21,2014-01-02
BEST_SALES_2FY,PG,ok,0,1097,124,2014-01-13,2018-05-22,2014-01-02
BEST_SALES_2FY,MCD,ok,0,1656,113,2014-01-13,2020-08-11,2014-01-02
BEST_SALES_2FY,WMT,ok,0,1812,59,2014-01-13,2021-03-25,2014-01-02
BEST_SALES_2FY,CAT,ok,0,2376,55,2014-01-13,2023-06-22,2014-01-02
BEST_SALES_2FY,HON,ok,0,2281,49,2014-01-13,2023-02-03,2014-01-02
BEST_SALES_2FY,DE,ok,0,2042,129,2014-01-13,2022-02-22,2014-01-02
BEST_SALES_2FY,UNP,ok,0,2020,60,2014-01-13,2022-01-20,2014-01-02
BEST_SALES_2FY,LMT,ok,0,1772,251,2014-01-13,2021-01-27,2014-01-02
BEST_SALES_2FY,ETN,ok,0,2266,44,2014-01-13,2023-01-12,2014-01-02
BEST_SALES_2FY,XOM,ok,0,1628,41,2014-01-13,2020-07-01,2014-01-02
BEST_SALES_2FY,LNG,ok,0,1730,63,2014-01-13,2020-11-24,2014-01-02
BEST_SALES_2FY,FCX,ok,0,1166,64,2014-01-13,2018-08-29,2014-01-02
BEST_SALES_2FY,LIN,ok,0,1719,245,2014-01-13,2020-11-09,2014-01-02
BEST_SALES_2FY,NEE,ok,0,2272,47,2014-01-13,2023-01-23,2014-01-02
BEST_SALES_2FY,AMT,ok,0,1649,44,2014-01-13,2020-07-31,2014-01-02
BEST_SALES_2FY,EQIX,ok,0,1651,69,2014-01-13,2020-08-04,2014-01-02
BEST_SALES_2FY,TMUS,ok,0,1647,65,2014-01-13,2020-07-29,2014-01-02
BEST_SALES_2FY,PLD,ok,0,1853,172,2014-01-13,2021-05-24,2014-01-02
BEST_SALES_2FY,AMD,ok,0,2091,63,2014-01-13,2022-05-03,2014-01-02
BEST_SALES_2FY,CRM,ok,0,1357,130,2014-01-13,2019-06-05,2014-01-02
BEST_SALES_2FY,NFLX,ok,0,257,501,2014-01-13,2015-01-21,2014-01-02
BEST_SALES_2FY,TER,ok,0,2339,65,2014-01-13,2023-04-28,2014-01-02
BEST_SALES_2FY,GLW,ok,0,1961,62,2014-01-13,2021-10-26,2014-01-02
BEST_SALES_2FY,JNJ,ok,0,1630,70,2014-01-13,2020-07-06,2014-01-02
BEST_SALES_2FY,WFC,ok,0,2351,42,2014-01-13,2023-05-16,2014-01-02
BEST_SALES_2FY,MPC,ok,0,2271,48,2014-01-13,2023-01-20,2014-01-02
BEST_SALES_2FY,LRCX,ok,0,2403,67,2014-01-13,2023-08-01,2014-01-02
BEST_SALES_2FY,AMAT,ok,0,2230,62,2014-01-13,2022-11-18,2014-01-02
BEST_SALES_2FY,PANW,ok,0,1666,64,2014-01-13,2020-08-25,2014-01-02
BEST_SALES_2FY,FN,ok,0,2894,48,2014-01-13,2025-07-17,2014-01-02
BEST_SALES_2FY,MPWR,ok,0,1840,74,2014-01-13,2021-05-05,2014-01-02
BEST_SALES_2FY,BAC,ok,0,2278,78,2014-01-13,2023-01-31,2014-01-02
BEST_SALES_2FY,CSCO,ok,0,1031,777,2014-01-13,2018-02-15,2014-01-02
BEST_SALES_2FY,INTC,ok,0,2150,57,2014-01-13,2022-07-28,2014-01-02
BEST_SALES_2FY,ORCL,ok,0,1368,612,2014-01-13,2019-06-20,2014-01-02
BEST_SALES_2FY,TSM,ok,0,2079,84,2014-01-13,2022-04-14,2014-01-02
BEST_SALES_2FY,SNDK,ok,0,20,44,2025-02-24,2025-03-24,2025-02-24
BEST_SALES_2FY,KLAC,ok,0,2464,62,2014-01-13,2023-10-26,2014-01-02
BEST_SALES_2FY,ANET,ok,0,1079,933,2014-06-06,2018-09-18,2014-06-06
BEST_SALES_2FY,MRVL,ok,0,1920,68,2014-01-13,2021-08-27,2014-01-02
BEST_SALES_2FY,CDNS,ok,0,2292,62,2014-01-13,2023-02-21,2014-01-02
BEST_SALES_2FY,STX,ok,0,2274,66,2014-01-13,2023-01-25,2014-01-02
BEST_SALES_2FY,PWR,ok,0,2107,87,2014-01-13,2022-05-25,2014-01-02
BEST_SALES_2FY,BX,ok,0,2461,191,2014-01-13,2023-10-23,2014-01-02
BEST_SALES_2FY,TMO,ok,0,1644,192,2014-01-13,2020-07-24,2014-01-02
BEST_SALES_2FY,BSX,ok,0,1639,392,2014-01-13,2020-07-17,2014-01-02
BEST_SALES_2FY,BKNG,ok,0,1543,67,2014-01-13,2020-03-02,2014-01-02
BEST_SALES_2FY,PM,ok,0,1585,41,2014-01-13,2020-04-30,2014-01-02
BEST_SALES_2FY,WMB,ok,0,2292,56,2014-01-13,2023-02-21,2014-01-02
BEST_SALES_2FY,CEG,ok,0,239,38,2022-02-02,2023-01-17,2022-02-02
BEST_SALES_2FY,VST,ok,0,1172,178,2016-10-05,2021-06-03,2016-10-05
BEST_SALES_2FY,DLR,ok,0,1653,66,2014-01-13,2020-08-06,2014-01-02
BEST_SALES_2FY,ARM,ok,0,15,36,2023-09-14,2023-10-05,2023-09-14
BEST_SALES_2FY,SPOT,ok,0,335,110,2018-04-03,2019-08-01,2018-04-03
BEST_SALES_2FY,RACE,ok,0,1673,66,2015-10-21,2022-06-14,2015-10-21
BEST_SALES_2FY,285A,ok,0,100,18,2024-12-18,2025-05-15,2024-12-18
BEST_SALES_2FY,6857,ok,0,2374,59,2014-01-13,2023-06-20,2014-01-02
BEST_SALES_2FY,SU,ok,0,1707,92,2014-01-13,2020-10-22,2014-01-02
BEST_SALES_2FY,SIE,ok,0,1738,166,2014-01-13,2020-12-07,2014-01-02
BEST_SALES_2FY,RHM,ok,0,333,395,2014-01-13,2015-05-11,2014-01-02
BEST_SALES_2FY,ALV,ok,0,2337,109,2014-01-13,2023-04-26,2014-01-02
BEST_SALES_2FY,MC,ok,0,914,173,2014-01-13,2017-08-29,2014-01-02
BEST_SALES_2FY,NESN,ok,0,792,159,2014-01-13,2017-03-07,2014-01-02
BEST_SALES_2FY,RR/,ok,0,1617,171,2014-01-13,2020-06-16,2014-01-02
BEST_SALES_2FY,SAP,ok,0,301,245,2014-01-13,2015-03-25,2014-01-02
BEST_SALES_2FY,ASML,ok,0,1379,123,2014-01-13,2019-07-08,2014-01-02
BEST_SALES_2FY,AZN,ok,0,24,519,2014-01-13,2014-02-18,2014-01-02
BEST_SALES_2FY,SHEL,ok,0,1899,274,2014-01-13,2021-07-29,2014-01-02
BEST_SALES_2FY,HSBA,ok,0,2403,63,2014-01-13,2023-08-01,2014-01-02
BEST_SALES_2FY,NOVOB,ok,0,258,255,2014-01-13,2015-01-22,2014-01-02
BEST_SALES_2FY,RIO,ok,0,1512,57,2014-01-13,2020-01-15,2014-01-02
BEST_SALES_2FY,QCOM,ok,0,2281,123,2014-01-13,2023-02-03,2014-01-02
BEST_SALES_2FY,TXN,ok,0,2086,115,2014-01-13,2022-04-26,2014-01-02
BEST_SALES_2FY,ADBE,ok,0,990,171,2014-01-13,2017-12-15,2014-01-02
BEST_SALES_2FY,NOW,ok,0,1523,65,2014-01-13,2020-01-31,2014-01-02
BEST_SALES_2FY,ACN,ok,0,805,690,2014-01-13,2017-03-24,2014-01-02
BEST_SALES_2FY,IBM,ok,0,1399,705,2014-01-13,2019-08-05,2014-01-02
BEST_SALES_2FY,ADI,ok,0,2075,67,2014-01-13,2022-04-08,2014-01-02
BEST_SALES_2FY,DELL,ok,0,1115,63,2018-12-28,2023-06-05,2018-12-28
BEST_SALES_2FY,8035,ok,0,2360,66,2014-01-13,2023-05-30,2014-01-02
BEST_SALES_2FY,IFX,ok,0,643,166,2014-01-13,2016-08-02,2014-01-02
BEST_SALES_2FY,MS,ok,0,2025,119,2014-01-13,2022-01-27,2014-01-02
BEST_SALES_2FY,SCHW,ok,0,1769,265,2014-01-13,2021-01-22,2014-01-02
BEST_SALES_2FY,AXP,ok,0,1780,116,2014-01-13,2021-02-08,2014-01-02
BEST_SALES_2FY,PGR,ok,0,2056,125,2014-01-13,2022-03-14,2014-01-02
BEST_SALES_2FY,AON,ok,0,2034,81,2014-01-13,2022-02-09,2014-01-02
BEST_SALES_2FY,CME,ok,0,2288,37,2014-01-13,2023-02-14,2014-01-02
BEST_SALES_2FY,KKR,ok,0,2346,187,2014-01-13,2023-05-09,2014-01-02
BEST_SALES_2FY,BN,ok,0,551,80,2022-12-12,2025-02-25,2022-12-12
BEST_SALES_2FY,C,ok,0,2306,54,2014-01-13,2023-03-13,2014-01-02
BEST_SALES_2FY,LSEG,ok,0,2495,30,2014-01-13,2023-12-11,2014-01-02
BEST_SALES_2FY,ZURN,ok,0,2337,49,2014-01-13,2023-04-26,2014-01-02
BEST_SALES_2FY,CS,ok,0,2095,67,2014-01-13,2022-05-09,2014-01-02
BEST_SALES_2FY,8306,ok,0,2262,100,2014-01-13,2023-01-06,2014-01-02
BEST_SALES_2FY,DIS,ok,0,1401,66,2014-01-13,2019-08-07,2014-01-02
BEST_SALES_2FY,CMCSA,ok,0,1392,125,2014-01-13,2019-07-25,2014-01-02
BEST_SALES_2FY,VZ,ok,0,1645,56,2014-01-13,2020-07-27,2014-01-02
BEST_SALES_2FY,T,ok,0,1644,62,2014-01-13,2020-07-24,2014-01-02
BEST_SALES_2FY,TTWO,ok,0,1781,120,2014-01-13,2021-02-09,2014-01-02
BEST_SALES_2FY,PUB,ok,0,1645,64,2014-01-13,2020-07-27,2014-01-02
BEST_SALES_2FY,7974,ok,0,2346,42,2014-01-13,2023-05-09,2014-01-02
BEST_SALES_2FY,DTE,ok,0,335,728,2014-01-13,2015-05-13,2014-01-02
BEST_SALES_2FY,UMG,ok,0,115,42,2021-09-21,2022-03-07,2021-09-21
BEST_SALES_2FY,LOW,ok,0,1544,66,2014-01-13,2020-03-03,2014-01-02
BEST_SALES_2FY,TJX,ok,0,1225,252,2014-01-13,2018-11-21,2014-01-02
BEST_SALES_2FY,SBUX,ok,0,1659,235,2014-01-13,2020-08-14,2014-01-02
BEST_SALES_2FY,ABNB,ok,0,15,64,2020-12-10,2021-01-04,2020-12-10
BEST_SALES_2FY,7203,ok,0,2379,44,2014-01-13,2023-06-27,2014-01-02
BEST_SALES_2FY,ITX,ok,0,930,110,2014-01-13,2017-09-21,2014-01-02
BEST_SALES_2FY,ABT,ok,0,1962,67,2014-01-13,2021-10-27,2014-01-02
BEST_SALES_2FY,DHR,ok,0,1590,63,2014-01-13,2020-05-07,2014-01-02
BEST_SALES_2FY,VRTX,ok,0,75,372,2014-01-13,2014-05-01,2014-01-02
BEST_SALES_2FY,SAN,ok,0,1025,195,2014-01-13,2018-02-07,2014-01-02
BEST_SALES_2FY,GE,ok,0,2,34,2024-04-02,2024-04-04,2024-04-02
BEST_SALES_2FY,TT,ok,0,738,44,2020-03-02,2023-02-03,2020-03-02
BEST_SALES_2FY,ABBN,ok,0,1584,59,2014-01-13,2020-04-29,2014-01-02
BEST_SALES_2FY,KO,ok,0,1142,171,2014-01-13,2018-07-26,2014-01-02
BEST_SALES_2FY,ULVR,ok,0,766,165,2014-01-13,2017-01-27,2014-01-02
BEST_SALES_2FY,ECL,ok,0,1496,75,2014-01-13,2019-12-20,2014-01-02
BEST_SALES_2FY,AI,ok,0,1401,297,2014-01-13,2019-08-07,2014-01-02
BEST_SALES_2FY,IBE,ok,0,1718,93,2014-01-13,2020-11-06,2014-01-02
BEST_SALES_2FY,INTU,ok,0,2168,69,2014-01-13,2022-08-23,2014-01-02
BEST_SALES_2FY,SNPS,ok,0,2289,89,2014-01-13,2023-02-15,2014-01-02
BEST_SALES_2FY,APH,ok,0,2274,61,2014-01-13,2023-01-25,2014-01-02
BEST_SALES_2FY,MSI,ok,0,2345,68,2014-01-13,2023-05-08,2014-01-02
BEST_SALES_2FY,CRWD,ok,0,311,112,2019-06-12,2020-09-03,2019-06-12
BEST_SALES_2FY,NXPI,ok,0,2342,74,2014-01-13,2023-05-03,2014-01-02
BEST_SALES_2FY,KEYS,ok,0,1533,187,2014-10-21,2020-11-20,2014-10-21
BEST_SALES_2FY,ADSK,ok,0,1350,190,2014-01-13,2019-05-24,2014-01-02
BEST_SALES_2FY,WDAY,ok,0,1039,306,2014-01-13,2018-02-28,2014-01-02
BEST_SALES_2FY,WDC,ok,0,1,49,2025-02-24,2025-02-25,2025-02-24
BEST_SALES_2FY,DDOG,ok,0,39,312,2019-09-19,2019-11-13,2019-09-19
BEST_SALES_2FY,FTNT,ok,0,1654,66,2014-01-13,2020-08-07,2014-01-02
BEST_SALES_2FY,DSY,ok,0,1606,90,2014-01-13,2020-06-01,2014-01-02
BEST_SALES_2FY,6146,ok,0,2356,70,2014-01-13,2023-05-23,2014-01-02
BEST_SALES_2FY,6981,ok,0,2403,108,2014-01-13,2023-08-01,2014-01-02
BEST_SALES_2FY,BRK/B,ok,0,2591,121,2014-01-13,2024-04-30,2014-01-02
BEST_SALES_2FY,CB,ok,0,2061,191,2014-01-13,2022-03-21,2014-01-02
BEST_SALES_2FY,ICE,ok,0,2290,40,2014-01-13,2023-02-16,2014-01-02
BEST_SALES_2FY,MCO,ok,0,1649,72,2014-01-13,2020-07-31,2014-01-02
BEST_SALES_2FY,PYPL,ok,0,686,327,2015-07-07,2018-03-27,2015-07-07
BEST_SALES_2FY,COF,ok,0,5,20,2025-05-19,2025-05-27,2025-05-19
BEST_SALES_2FY,BNP,ok,0,2078,150,2014-01-13,2022-04-13,2014-01-02
BEST_SALES_2FY,MUV2,ok,0,2337,51,2014-01-13,2023-04-26,2014-01-02
BEST_SALES_2FY,RTX,ok,0,1711,186,2014-01-13,2020-10-28,2014-01-02
BEST_SALES_2FY,EMR,ok,0,2268,44,2014-01-13,2023-01-17,2014-01-02
BEST_SALES_2FY,AXON,ok,0,2577,71,2014-01-13,2024-04-10,2014-01-02
BEST_SALES_2FY,UBER,ok,0,62,56,2019-05-10,2019-08-08,2019-05-10
BEST_SALES_2FY,AIR,ok,0,1394,66,2014-01-13,2019-07-29,2014-01-02
BEST_SALES_2FY,SAF,ok,0,1616,74,2014-01-13,2020-06-15,2014-01-02
BEST_SALES_2FY,MRK,ok,0,1022,121,2014-01-13,2018-02-02,2014-01-02
BEST_SALES_2FY,AMGN,ok,0,827,80,2014-01-13,2017-04-26,2014-01-02
BEST_SALES_2FY,SYK,ok,0,2239,63,2014-01-13,2022-12-02,2014-01-02
BEST_SALES_2FY,MCK,ok,0,2364,43,2014-01-13,2023-06-05,2014-01-02
BEST_SALES_2FY,NOVN,ok,0,1014,115,2014-01-13,2018-01-23,2014-01-02
BEST_SALES_2FY,NKE,ok,0,1124,394,2014-01-13,2018-06-29,2014-01-02
BEST_SALES_2FY,ORLY,ok,0,1651,263,2014-01-13,2020-08-04,2014-01-02
BEST_SALES_2FY,DASH,ok,0,49,54,2020-12-09,2021-02-22,2020-12-09
BEST_SALES_2FY,CFR,ok,0,1087,251,2014-01-13,2018-05-08,2014-01-02
BEST_SALES_2FY,TTD,ok,0,724,74,2016-09-21,2019-08-08,2016-09-21
BEST_SALES_2FY,RBLX,ok,0,218,59,2021-03-10,2022-01-19,2021-03-10
BEST_SALES_2FY,9432,ok,0,1859,68,2014-01-13,2021-06-02,2014-01-02
BEST_SALES_2FY,9433,ok,0,1930,180,2014-01-13,2021-09-13,2014-01-02
BEST_SALES_2FY,PEP,ok,0,1080,252,2014-01-13,2018-04-27,2014-01-02
BEST_SALES_2FY,MDLZ,ok,0,1539,59,2014-01-13,2020-02-25,2014-01-02
BEST_SALES_2FY,OR,ok,0,428,308,2014-01-13,2015-09-24,2014-01-02
BEST_SALES_2FY,CVX,ok,0,1612,35,2014-01-13,2020-06-09,2014-01-02
BEST_SALES_2FY,TTE,ok,0,1692,53,2014-01-13,2020-10-01,2014-01-02
BEST_SALES_2FY,NEM,ok,0,1598,40,2014-01-13,2020-05-19,2014-01-02
BEST_SALES_2FY,SHW,ok,0,1711,64,2014-01-13,2020-10-28,2014-01-02
BEST_SALES_2FY,SO,ok,0,2268,39,2014-01-13,2023-01-17,2014-01-02
BEST_SALES_2FY,APP,ok,0,20,63,2021-04-15,2021-05-13,2021-04-15
BEST_SALES_2FY,SNOW,ok,0,116,61,2020-09-16,2021-03-04,2020-09-16
BEST_SALES_2FY,NET,ok,0,667,64,2019-09-13,2022-05-06,2019-09-13
BEST_SALES_2FY,ZS,ok,0,612,73,2018-03-16,2020-08-20,2018-03-16
BEST_SALES_2FY,TEAM,ok,0,721,184,2015-12-10,2018-10-22,2015-12-10
BEST_SALES_2FY,COHR,ok,0,2596,71,2014-01-13,2024-05-07,2014-01-02
BEST_SALES_2FY,ON,ok,0,2341,65,2014-01-13,2023-05-02,2014-01-02
BEST_SALES_2FY,FICO,ok,0,1905,74,2014-01-13,2021-08-06,2014-01-02
BEST_SALES_2FY,HPE,ok,0,1399,260,2015-10-20,2021-05-12,2015-10-20
BEST_SALES_2FY,VRSN,ok,0,2401,71,2014-01-13,2023-07-28,2014-01-02
BEST_SALES_2FY,ASM,ok,0,1714,83,2014-01-13,2020-11-02,2014-01-02
BEST_SALES_2FY,MRSH,ok,0,2099,81,2014-01-13,2022-05-13,2014-01-02
BEST_SALES_2FY,APO,ok,0,2767,41,2014-01-13,2025-01-13,2014-01-02
BEST_SALES_2FY,MSCI,ok,0,1647,109,2014-01-13,2020-07-29,2014-01-02
BEST_SALES_2FY,BNY,ok,0,2069,167,2014-01-13,2022-03-31,2014-01-02
BEST_SALES_2FY,IBKR,ok,0,2519,31,2014-01-13,2024-01-17,2014-01-02
BEST_SALES_2FY,UBSG,ok,0,1964,138,2014-01-13,2021-10-29,2014-01-02
BEST_SALES_2FY,UCG,ok,0,2470,63,2014-01-13,2023-11-03,2014-01-02
BEST_SALES_2FY,8316,ok,0,2356,56,2014-01-13,2023-05-23,2014-01-02
BEST_SALES_2FY,ADP,ok,0,1647,64,2014-01-13,2020-07-29,2014-01-02
BEST_SALES_2FY,HWM,ok,0,748,59,2020-04-01,2023-03-22,2020-04-01
BEST_SALES_2FY,WM,ok,0,703,163,2014-01-13,2016-10-26,2014-01-02
BEST_SALES_2FY,PH,ok,0,956,1310,2014-01-13,2017-10-27,2014-01-02
BEST_SALES_2FY,REL,ok,0,1643,65,2014-01-13,2020-07-23,2014-01-02
BEST_SALES_2FY,7011,ok,0,2374,54,2014-01-13,2023-06-20,2014-01-02
BEST_SALES_2FY,ROP,ok,0,1014,67,2014-01-13,2018-01-23,2014-01-02
BEST_SALES_2FY,GILD,ok,0,132,251,2014-01-13,2014-07-23,2014-01-02
BEST_SALES_2FY,PFE,ok,0,769,67,2014-01-13,2017-02-01,2014-01-02
BEST_SALES_2FY,MDT,ok,0,1602,277,2014-01-13,2020-05-26,2014-01-02
BEST_SALES_2FY,HCA,ok,0,1643,159,2014-01-13,2020-07-23,2014-01-02
BEST_SALES_2FY,ZTS,ok,0,1338,172,2014-01-13,2019-05-08,2014-01-02
BEST_SALES_2FY,RMS,ok,0,932,289,2014-01-13,2017-09-25,2014-01-02
BEST_SALES_2FY,6758,ok,0,2155,73,2014-01-13,2022-08-04,2014-01-02
BEST_SALES_2FY,CMG,ok,0,1388,167,2014-01-13,2019-07-19,2014-01-02
BEST_SALES_2FY,MAR,ok,0,1565,68,2014-01-13,2020-04-01,2014-01-02
BEST_SALES_2FY,GM,ok,0,1953,55,2014-01-13,2021-10-14,2014-01-02
BEST_SALES_2FY,GRMN,ok,0,2343,126,2014-01-13,2023-05-04,2014-01-02
BEST_SALES_2FY,RDDT,ok,0,3,37,2024-03-21,2024-03-26,2024-03-21
BEST_SALES_2FY,LYV,ok,0,2086,62,2014-01-13,2022-04-26,2014-01-02
BEST_SALES_2FY,TKO,ok,0,7,37,2023-09-12,2023-09-21,2023-09-12
BEST_SALES_2FY,MO,ok,0,1632,57,2014-01-13,2020-07-08,2014-01-02
BEST_SALES_2FY,CL,ok,0,1081,316,2014-01-13,2018-04-30,2014-01-02
BEST_SALES_2FY,MNST,ok,0,1606,55,2014-01-13,2020-06-01,2014-01-02
BEST_SALES_2FY,COP,ok,0,1627,27,2014-01-13,2020-06-30,2014-01-02
BEST_SALES_2FY,SLB,ok,0,1705,352,2014-01-13,2020-10-20,2014-01-02
BEST_SALES_2FY,APD,ok,0,1971,111,2014-01-13,2021-11-09,2014-01-02
BEST_SALES_2FY,4063,ok,0,2360,64,2014-01-13,2023-05-30,2014-01-02
BEST_SALES_2FY,NRG,ok,0,1841,119,2014-01-13,2021-05-06,2014-01-02
BEST_SALES_2FY,ENEL,ok,0,1872,109,2014-01-13,2021-06-21,2014-01-02
BEST_SALES_2FY,WELL,ok,0,1704,96,2014-01-13,2020-10-19,2014-01-02
BEST_SALES_2BF,AAPL,ok,0,2,3,2014-01-02,2014-01-06,2014-01-02
BEST_SALES_2BF,MSFT,ok,0,2,3,2014-01-02,2014-01-06,2014-01-02
BEST_SALES_2BF,GOOGL,ok,0,2,2,2014-01-02,2014-01-06,2014-01-02
BEST_SALES_2BF,AMZN,ok,0,1,3,2014-01-02,2014-01-03,2014-01-02
BEST_SALES_2BF,META,ok,0,2,2,2014-01-02,2014-01-06,2014-01-02
BEST_SALES_2BF,NVDA,ok,0,2,5,2014-01-02,2014-01-06,2014-01-02
BEST_SALES_2BF,TSLA,ok,0,2,3,2014-01-02,2014-01-06,2014-01-02
BEST_SALES_2BF,PLTR,ok,0,20,30,2020-09-30,2020-10-28,2020-09-30
BEST_SALES_2BF,AVGO,ok,0,2,25,2014-01-02,2014-01-06,2014-01-02
BEST_SALES_2BF,MU,ok,0,1,6,2014-01-02,2014-01-03,2014-01-02
BEST_SALES_2BF,GEV,ok,0,1,2,2024-04-02,2024-04-03,2024-04-02
BEST_SALES_2BF,VRT,ok,0,404,3,2018-08-01,2020-03-11,2018-08-01
BEST_SALES_2BF,BE,ok,0,20,3,2018-07-25,2018-08-22,2018-07-25
BEST_SALES_2BF,LITE,ok,0,13,27,2015-07-27,2015-08-13,2015-07-27
BEST_SALES_2BF,000660,ok,0,1,3,2014-01-02,2014-01-03,2014-01-02
BEST_SALES_2BF,005930,ok,0,1,3,2014-01-02,2014-01-03,2014-01-02
BEST_SALES_2BF,UNH,ok,0,2,3,2014-01-02,2014-01-06,2014-01-02
BEST_SALES_2BF,LLY,ok,0,2,2,2014-01-02,2014-01-06,2014-01-02
BEST_SALES_2BF,ISRG,ok,0,2,3,2014-01-02,2014-01-06,2014-01-02
BEST_SALES_2BF,ABBV,ok,0,2,3,2014-01-02,2014-01-06,2014-01-02
BEST_SALES_2BF,REGN,ok,0,2,3,2014-01-02,2014-01-06,2014-01-02
BEST_SALES_2BF,JPM,ok,0,9,11,2014-01-02,2014-01-15,2014-01-02
BEST_SALES_2BF,V,ok,0,2,3,2014-01-02,2014-01-06,2014-01-02
BEST_SALES_2BF,MA,ok,0,21,3,2014-01-02,2014-02-03,2014-01-02
BEST_SALES_2BF,BLK,ok,0,4,6,2014-01-02,2014-01-08,2014-01-02
BEST_SALES_2BF,SPGI,ok,0,2,2,2014-01-02,2014-01-06,2014-01-02
BEST_SALES_2BF,GS,ok,0,11,12,2014-01-02,2014-01-17,2014-01-02
BEST_SALES_2BF,COST,ok,0,2,3,2014-01-02,2014-01-06,2014-01-02
BEST_SALES_2BF,HD,ok,0,2,3,2014-01-02,2014-01-06,2014-01-02
BEST_SALES_2BF,PG,ok,0,1,3,2014-01-02,2014-01-03,2014-01-02
BEST_SALES_2BF,MCD,ok,0,16,16,2014-01-02,2014-01-27,2014-01-02
BEST_SALES_2BF,WMT,ok,0,2,3,2014-01-02,2014-01-06,2014-01-02
BEST_SALES_2BF,CAT,ok,0,11,13,2014-01-02,2014-01-17,2014-01-02
BEST_SALES_2BF,HON,ok,0,2,3,2014-01-02,2014-01-06,2014-01-02
BEST_SALES_2BF,DE,ok,0,2,18,2014-01-02,2014-01-06,2014-01-02
BEST_SALES_2BF,UNP,ok,0,2,3,2014-01-02,2014-01-06,2014-01-02
BEST_SALES_2BF,LMT,ok,0,1,3,2014-01-02,2014-01-03,2014-01-02
BEST_SALES_2BF,ETN,ok,0,2,2,2014-01-02,2014-01-06,2014-01-02
BEST_SALES_2BF,XOM,ok,0,2,21,2014-01-02,2014-01-06,2014-01-02
BEST_SALES_2BF,LNG,ok,0,3,34,2014-01-02,2014-01-07,2014-01-02
BEST_SALES_2BF,FCX,ok,0,2,3,2014-01-02,2014-01-06,2014-01-02
BEST_SALES_2BF,LIN,ok,0,1220,2,2014-01-02,2018-11-05,2014-01-02
BEST_SALES_2BF,NEE,ok,0,2,12,2014-01-02,2014-01-06,2014-01-02
BEST_SALES_2BF,AMT,ok,0,1,2,2014-01-02,2014-01-03,2014-01-02
BEST_SALES_2BF,EQIX,ok,0,2,2,2014-01-02,2014-01-06,2014-01-02
BEST_SALES_2BF,TMUS,ok,0,2,3,2014-01-02,2014-01-06,2014-01-02
BEST_SALES_2BF,PLD,ok,0,31,480,2014-01-02,2014-02-18,2014-01-02
BEST_SALES_2BF,AMD,ok,0,13,20,2014-01-02,2014-01-22,2014-01-02
BEST_SALES_2BF,CRM,ok,0,2,3,2014-01-02,2014-01-06,2014-01-02
BEST_SALES_2BF,NFLX,ok,0,2,2,2014-01-02,2014-01-06,2014-01-02
BEST_SALES_2BF,TER,ok,0,15,19,2014-01-02,2014-01-24,2014-01-02
BEST_SALES_2BF,GLW,ok,0,19,21,2014-01-02,2014-01-30,2014-01-02
BEST_SALES_2BF,JNJ,ok,0,2,3,2014-01-02,2014-01-06,2014-01-02
BEST_SALES_2BF,WFC,ok,0,9,3,2014-01-02,2014-01-15,2014-01-02
BEST_SALES_2BF,MPC,ok,0,23,26,2014-01-02,2014-02-05,2014-01-02
BEST_SALES_2BF,LRCX,ok,0,2,21,2014-01-02,2014-01-06,2014-01-02
BEST_SALES_2BF,AMAT,ok,0,2,11,2014-01-02,2014-01-06,2014-01-02
BEST_SALES_2BF,PANW,ok,0,2,3,2014-01-02,2014-01-06,2014-01-02
BEST_SALES_2BF,FN,ok,0,2,34,2014-01-02,2014-01-06,2014-01-02
BEST_SALES_2BF,MPWR,ok,0,2,24,2014-01-02,2014-01-06,2014-01-02
BEST_SALES_2BF,BAC,ok,0,10,12,2014-01-02,2014-01-16,2014-01-02
BEST_SALES_2BF,CSCO,ok,0,2,3,2014-01-02,2014-01-06,2014-01-02
BEST_SALES_2BF,INTC,ok,0,9,3,2014-01-02,2014-01-15,2014-01-02
BEST_SALES_2BF,ORCL,ok,0,2,3,2014-01-02,2014-01-06,2014-01-02
BEST_SALES_2BF,TSM,ok,0,2,13,2014-01-02,2014-01-06,2014-01-02
BEST_SALES_2BF,SNDK,ok,0,2,2,2025-02-24,2025-02-26,2025-02-24
BEST_SALES_2BF,KLAC,ok,0,2,21,2014-01-02,2014-01-06,2014-01-02
BEST_SALES_2BF,ANET,ok,0,3,3,2014-06-06,2014-06-11,2014-06-06
BEST_SALES_2BF,MRVL,ok,0,2,119,2014-01-02,2014-01-06,2014-01-02
BEST_SALES_2BF,CDNS,ok,0,1,24,2014-01-02,2014-01-03,2014-01-02
BEST_SALES_2BF,STX,ok,0,2,24,2014-01-02,2014-01-06,2014-01-02
BEST_SALES_2BF,PWR,ok,0,34,33,2014-01-02,2014-02-21,2014-01-02
BEST_SALES_2BF,BX,ok,0,28,159,2014-01-02,2014-02-12,2014-01-02
BEST_SALES_2BF,TMO,ok,0,2,2,2014-01-02,2014-01-06,2014-01-02
BEST_SALES_2BF,BSX,ok,0,2,2,2014-01-02,2014-01-06,2014-01-02
BEST_SALES_2BF,BKNG,ok,0,2,3,2014-01-02,2014-01-06,2014-01-02
BEST_SALES_2BF,PM,ok,0,2,3,2014-01-02,2014-01-06,2014-01-02
BEST_SALES_2BF,WMB,ok,0,7,47,2014-01-02,2014-01-13,2014-01-02
BEST_SALES_2BF,CEG,ok,0,3,3,2022-02-02,2022-02-07,2022-02-02
BEST_SALES_2BF,VST,ok,0,154,32,2016-10-05,2017-05-17,2016-10-05
BEST_SALES_2BF,DLR,ok,0,2,11,2014-01-02,2014-01-06,2014-01-02
BEST_SALES_2BF,ARM,ok,0,1,3,2023-09-14,2023-09-15,2023-09-14
BEST_SALES_2BF,SPOT,ok,0,1,3,2018-04-03,2018-04-04,2018-04-03
BEST_SALES_2BF,RACE,ok,0,20,3,2015-10-21,2015-11-18,2015-10-21
BEST_SALES_2BF,285A,ok,0,29,3,2024-12-18,2025-02-03,2024-12-18
BEST_SALES_2BF,6857,ok,0,2,19,2014-01-02,2014-01-06,2014-01-02
BEST_SALES_2BF,SU,ok,0,2,14,2014-01-02,2014-01-06,2014-01-02
BEST_SALES_2BF,SIE,ok,0,2,3,2014-01-02,2014-01-06,2014-01-02
BEST_SALES_2BF,RHM,ok,0,1,2,2014-01-02,2014-01-03,2014-01-02
BEST_SALES_2BF,ALV,ok,0,2,3,2014-01-02,2014-01-06,2014-01-02
BEST_SALES_2BF,MC,ok,0,2,2,2014-01-02,2014-01-06,2014-01-02
BEST_SALES_2BF,NESN,ok,0,2,3,2014-01-02,2014-01-06,2014-01-02
BEST_SALES_2BF,RR/,ok,0,2,2,2014-01-02,2014-01-06,2014-01-02
BEST_SALES_2BF,SAP,ok,0,1,2,2014-01-02,2014-01-03,2014-01-02
BEST_SALES_2BF,ASML,ok,0,2,3,2014-01-02,2014-01-06,2014-01-02
BEST_SALES_2BF,AZN,ok,0,2,3,2014-01-02,2014-01-06,2014-01-02
BEST_SALES_2BF,SHEL,ok,0,2,3,2014-01-02,2014-01-06,2014-01-02
BEST_SALES_2BF,HSBA,ok,0,2,2,2014-01-02,2014-01-06,2014-01-02
BEST_SALES_2BF,NOVOB,ok,0,2,2,2014-01-02,2014-01-06,2014-01-02
BEST_SALES_2BF,RIO,ok,0,2,3,2014-01-02,2014-01-06,2014-01-02
BEST_SALES_2BF,QCOM,ok,0,2,28,2014-01-02,2014-01-06,2014-01-02
BEST_SALES_2BF,TXN,ok,0,2,19,2014-01-02,2014-01-06,2014-01-02
BEST_SALES_2BF,ADBE,ok,0,2,3,2014-01-02,2014-01-06,2014-01-02
BEST_SALES_2BF,NOW,ok,0,2,3,2014-01-02,2014-01-06,2014-01-02
BEST_SALES_2BF,ACN,ok,0,2,3,2014-01-02,2014-01-06,2014-01-02
BEST_SALES_2BF,IBM,ok,0,2,12,2014-01-02,2014-01-06,2014-01-02
BEST_SALES_2BF,ADI,ok,0,2,17,2014-01-02,2014-01-06,2014-01-02
BEST_SALES_2BF,DELL,ok,0,1,3,2018-12-28,2018-12-31,2018-12-28
BEST_SALES_2BF,8035,ok,0,2,20,2014-01-02,2014-01-06,2014-01-02
BEST_SALES_2BF,IFX,ok,0,2,3,2014-01-02,2014-01-06,2014-01-02
BEST_SALES_2BF,MS,ok,0,12,3,2014-01-02,2014-01-21,2014-01-02
BEST_SALES_2BF,SCHW,ok,0,1,3,2014-01-02,2014-01-03,2014-01-02
BEST_SALES_2BF,AXP,ok,0,12,13,2014-01-02,2014-01-21,2014-01-02
BEST_SALES_2BF,PGR,ok,0,15,19,2014-01-02,2014-01-24,2014-01-02
BEST_SALES_2BF,AON,ok,0,1,21,2014-01-02,2014-01-03,2014-01-02
BEST_SALES_2BF,CME,ok,0,1,3,2014-01-02,2014-01-03,2014-01-02
BEST_SALES_2BF,KKR,ok,0,62,28,2014-01-02,2014-04-02,2014-01-02
BEST_SALES_2BF,BN,ok,0,1,361,2022-12-12,2022-12-13,2022-12-12
BEST_SALES_2BF,C,ok,0,11,13,2014-01-02,2014-01-17,2014-01-02
BEST_SALES_2BF,LSEG,ok,0,127,44,2014-01-02,2014-07-07,2014-01-02
BEST_SALES_2BF,ZURN,ok,0,2,31,2014-01-02,2014-01-06,2014-01-02
BEST_SALES_2BF,CS,ok,0,2,42,2014-01-02,2014-01-06,2014-01-02
BEST_SALES_2BF,8306,ok,0,2,53,2014-01-02,2014-01-06,2014-01-02
BEST_SALES_2BF,DIS,ok,0,1,3,2014-01-02,2014-01-03,2014-01-02
BEST_SALES_2BF,CMCSA,ok,0,2,3,2014-01-02,2014-01-06,2014-01-02
BEST_SALES_2BF,VZ,ok,0,1,3,2014-01-02,2014-01-03,2014-01-02
BEST_SALES_2BF,T,ok,0,1,3,2014-01-02,2014-01-03,2014-01-02
BEST_SALES_2BF,TTWO,ok,0,2,13,2014-01-02,2014-01-06,2014-01-02
BEST_SALES_2BF,PUB,ok,0,1,25,2014-01-02,2014-01-03,2014-01-02
BEST_SALES_2BF,7974,ok,0,2,3,2014-01-02,2014-01-06,2014-01-02
BEST_SALES_2BF,DTE,ok,0,1,2,2014-01-02,2014-01-03,2014-01-02
BEST_SALES_2BF,UMG,ok,0,3,2,2021-09-21,2021-09-24,2021-09-21
BEST_SALES_2BF,LOW,ok,0,2,3,2014-01-02,2014-01-06,2014-01-02
BEST_SALES_2BF,TJX,ok,0,2,3,2014-01-02,2014-01-06,2014-01-02
BEST_SALES_2BF,SBUX,ok,0,2,3,2014-01-02,2014-01-06,2014-01-02
BEST_SALES_2BF,ABNB,ok,0,2,3,2020-12-10,2020-12-14,2020-12-10
BEST_SALES_2BF,7203,ok,0,2,3,2014-01-02,2014-01-06,2014-01-02
BEST_SALES_2BF,ITX,ok,0,2,3,2014-01-02,2014-01-06,2014-01-02
BEST_SALES_2BF,ABT,ok,0,2,3,2014-01-02,2014-01-06,2014-01-02
BEST_SALES_2BF,DHR,ok,0,4,3,2014-01-02,2014-01-08,2014-01-02
BEST_SALES_2BF,VRTX,ok,0,2,3,2014-01-02,2014-01-06,2014-01-02
BEST_SALES_2BF,SAN,ok,0,1,3,2014-01-02,2014-01-03,2014-01-02
BEST_SALES_2BF,GE,ok,0,1,2,2024-04-02,2024-04-03,2024-04-02
BEST_SALES_2BF,TT,ok,0,1,2,2020-03-02,2020-03-03,2020-03-02
BEST_SALES_2BF,ABBN,ok,0,2,3,2014-01-02,2014-01-06,2014-01-02
BEST_SALES_2BF,KO,ok,0,2,3,2014-01-02,2014-01-06,2014-01-02
BEST_SALES_2BF,ULVR,ok,0,1,3,2014-01-02,2014-01-03,2014-01-02
BEST_SALES_2BF,ECL,ok,0,2,3,2014-01-02,2014-01-06,2014-01-02
BEST_SALES_2BF,AI,ok,0,2,4,2014-01-02,2014-01-06,2014-01-02
BEST_SALES_2BF,IBE,ok,0,2,2,2014-01-02,2014-01-06,2014-01-02
BEST_SALES_2BF,INTU,ok,0,2,16,2014-01-02,2014-01-06,2014-01-02
BEST_SALES_2BF,SNPS,ok,0,2,91,2014-01-02,2014-01-06,2014-01-02
BEST_SALES_2BF,APH,ok,0,16,4,2014-01-02,2014-01-27,2014-01-02
BEST_SALES_2BF,MSI,ok,0,2,35,2014-01-02,2014-01-06,2014-01-02
BEST_SALES_2BF,CRWD,ok,0,19,3,2019-06-12,2019-07-10,2019-06-12
BEST_SALES_2BF,NXPI,ok,0,25,23,2014-01-02,2014-02-07,2014-01-02
BEST_SALES_2BF,KEYS,ok,0,1,24,2014-10-21,2014-10-22,2014-10-21
BEST_SALES_2BF,ADSK,ok,0,2,3,2014-01-02,2014-01-06,2014-01-02
BEST_SALES_2BF,WDAY,ok,0,2,19,2014-01-02,2014-01-06,2014-01-02
BEST_SALES_2BF,WDC,ok,0,1,3,2025-02-24,2025-02-25,2025-02-24
BEST_SALES_2BF,DDOG,ok,0,19,3,2019-09-19,2019-10-16,2019-09-19
BEST_SALES_2BF,FTNT,ok,0,2,3,2014-01-02,2014-01-06,2014-01-02
BEST_SALES_2BF,DSY,ok,0,2,3,2014-01-02,2014-01-06,2014-01-02
BEST_SALES_2BF,6146,ok,0,2,29,2014-01-02,2014-01-06,2014-01-02
BEST_SALES_2BF,6981,ok,0,2,21,2014-01-02,2014-01-06,2014-01-02
BEST_SALES_2BF,BRK/B,ok,0,190,111,2014-01-02,2014-10-03,2014-01-02
BEST_SALES_2BF,CB,ok,0,18,18,2014-01-02,2014-01-29,2014-01-02
BEST_SALES_2BF,ICE,ok,0,1,3,2014-01-02,2014-01-03,2014-01-02
BEST_SALES_2BF,MCO,ok,0,2,2,2014-01-02,2014-01-06,2014-01-02
BEST_SALES_2BF,PYPL,ok,0,1,3,2015-07-07,2015-07-08,2015-07-07
BEST_SALES_2BF,COF,ok,0,1,2,2025-05-19,2025-05-20,2025-05-19
BEST_SALES_2BF,BNP,ok,0,2,25,2014-01-02,2014-01-06,2014-01-02
BEST_SALES_2BF,MUV2,ok,0,2,112,2014-01-02,2014-01-06,2014-01-02
BEST_SALES_2BF,RTX,ok,0,2,3,2014-01-02,2014-01-06,2014-01-02
BEST_SALES_2BF,EMR,ok,0,2,22,2014-01-02,2014-01-06,2014-01-02
BEST_SALES_2BF,AXON,ok,0,2,55,2014-01-02,2014-01-06,2014-01-02
BEST_SALES_2BF,UBER,ok,0,8,3,2019-05-10,2019-05-22,2019-05-10
BEST_SALES_2BF,AIR,ok,0,2,3,2014-01-02,2014-01-06,2014-01-02
BEST_SALES_2BF,SAF,ok,0,2,3,2014-01-02,2014-01-06,2014-01-02
BEST_SALES_2BF,MRK,ok,0,2,2,2014-01-02,2014-01-06,2014-01-02
BEST_SALES_2BF,AMGN,ok,0,2,2,2014-01-02,2014-01-06,2014-01-02
BEST_SALES_2BF,SYK,ok,0,1,3,2014-01-02,2014-01-03,2014-01-02
BEST_SALES_2BF,MCK,ok,0,2,27,2014-01-02,2014-01-06,2014-01-02
BEST_SALES_2BF,NOVN,ok,0,2,2,2014-01-02,2014-01-06,2014-01-02
BEST_SALES_2BF,NKE,ok,0,2,3,2014-01-02,2014-01-06,2014-01-02
BEST_SALES_2BF,ORLY,ok,0,2,26,2014-01-02,2014-01-06,2014-01-02
BEST_SALES_2BF,DASH,ok,0,1,3,2020-12-09,2020-12-10,2020-12-09
BEST_SALES_2BF,CFR,ok,0,1,3,2014-01-02,2014-01-03,2014-01-02
BEST_SALES_2BF,TTD,ok,0,1,3,2016-09-21,2016-09-22,2016-09-21
BEST_SALES_2BF,RBLX,ok,0,1,3,2021-03-10,2021-03-11,2021-03-10
BEST_SALES_2BF,9432,ok,0,2,3,2014-01-02,2014-01-06,2014-01-02
BEST_SALES_2BF,9433,ok,0,2,3,2014-01-02,2014-01-06,2014-01-02
BEST_SALES_2BF,PEP,ok,0,1,3,2014-01-02,2014-01-03,2014-01-02
BEST_SALES_2BF,MDLZ,ok,0,2,3,2014-01-02,2014-01-06,2014-01-02
BEST_SALES_2BF,OR,ok,0,2,3,2014-01-02,2014-01-06,2014-01-02
BEST_SALES_2BF,CVX,ok,0,2,2,2014-01-02,2014-01-06,2014-01-02
BEST_SALES_2BF,TTE,ok,0,2,6,2014-01-02,2014-01-06,2014-01-02
BEST_SALES_2BF,NEM,ok,0,21,29,2014-01-02,2014-02-03,2014-01-02
BEST_SALES_2BF,SHW,ok,0,2,2,2014-01-02,2014-01-06,2014-01-02
BEST_SALES_2BF,SO,ok,0,2,3,2014-01-02,2014-01-06,2014-01-02
BEST_SALES_2BF,APP,ok,0,19,3,2021-04-15,2021-05-12,2021-04-15
BEST_SALES_2BF,SNOW,ok,0,11,3,2020-09-16,2020-10-01,2020-09-16
BEST_SALES_2BF,NET,ok,0,18,3,2019-09-13,2019-10-09,2019-09-13
BEST_SALES_2BF,ZS,ok,0,17,5,2018-03-16,2018-04-11,2018-03-16
BEST_SALES_2BF,TEAM,ok,0,17,25,2015-12-10,2016-01-06,2015-12-10
BEST_SALES_2BF,COHR,ok,0,19,59,2014-01-02,2014-01-30,2014-01-02
BEST_SALES_2BF,ON,ok,0,25,30,2014-01-02,2014-02-07,2014-01-02
BEST_SALES_2BF,FICO,ok,0,80,155,2014-01-02,2014-04-29,2014-01-02
BEST_SALES_2BF,HPE,ok,0,6,3,2015-10-20,2015-10-28,2015-10-20
BEST_SALES_2BF,VRSN,ok,0,25,209,2014-01-02,2014-02-07,2014-01-02
BEST_SALES_2BF,ASM,ok,0,48,31,2014-01-02,2014-03-13,2014-01-02
BEST_SALES_2BF,MRSH,ok,0,1,25,2014-01-02,2014-01-03,2014-01-02
BEST_SALES_2BF,APO,ok,0,26,42,2014-01-02,2014-02-10,2014-01-02
BEST_SALES_2BF,MSCI,ok,0,2,3,2014-01-02,2014-01-06,2014-01-02
BEST_SALES_2BF,BNY,ok,0,13,14,2014-01-02,2014-01-22,2014-01-02
BEST_SALES_2BF,IBKR,ok,0,131,126,2014-01-02,2014-07-11,2014-01-02
BEST_SALES_2BF,UBSG,ok,0,2,3,2014-01-02,2014-01-06,2014-01-02
BEST_SALES_2BF,UCG,ok,0,2,11,2014-01-02,2014-01-06,2014-01-02
BEST_SALES_2BF,8316,ok,0,2,33,2014-01-02,2014-01-06,2014-01-02
BEST_SALES_2BF,ADP,ok,0,2,22,2014-01-02,2014-01-06,2014-01-02
BEST_SALES_2BF,HWM,ok,0,57,3,2020-04-01,2020-06-23,2020-04-01
BEST_SALES_2BF,WM,ok,0,2,12,2014-01-02,2014-01-06,2014-01-02
BEST_SALES_2BF,PH,ok,0,2,3,2014-01-02,2014-01-06,2014-01-02
BEST_SALES_2BF,REL,ok,0,2,35,2014-01-02,2014-01-06,2014-01-02
BEST_SALES_2BF,7011,ok,0,2,18,2014-01-02,2014-01-06,2014-01-02
BEST_SALES_2BF,ROP,ok,0,2,2,2014-01-02,2014-01-06,2014-01-02
BEST_SALES_2BF,GILD,ok,0,2,3,2014-01-02,2014-01-06,2014-01-02
BEST_SALES_2BF,PFE,ok,0,1,2,2014-01-02,2014-01-03,2014-01-02
BEST_SALES_2BF,MDT,ok,0,2,3,2014-01-02,2014-01-06,2014-01-02
BEST_SALES_2BF,HCA,ok,0,2,10,2014-01-02,2014-01-06,2014-01-02
BEST_SALES_2BF,ZTS,ok,0,1,2,2014-01-02,2014-01-03,2014-01-02
BEST_SALES_2BF,RMS,ok,0,2,2,2014-01-02,2014-01-06,2014-01-02
BEST_SALES_2BF,6758,ok,0,2,31,2014-01-02,2014-01-06,2014-01-02
BEST_SALES_2BF,CMG,ok,0,2,3,2014-01-02,2014-01-06,2014-01-02
BEST_SALES_2BF,MAR,ok,0,35,16,2014-01-02,2014-02-24,2014-01-02
BEST_SALES_2BF,GM,ok,0,26,9,2014-01-02,2014-02-10,2014-01-02
BEST_SALES_2BF,GRMN,ok,0,2,32,2014-01-02,2014-01-06,2014-01-02
BEST_SALES_2BF,RDDT,ok,0,2,2,2024-03-21,2024-03-25,2024-03-21
BEST_SALES_2BF,LYV,ok,0,2,18,2014-01-02,2014-01-06,2014-01-02
BEST_SALES_2BF,TKO,ok,0,1,3,2023-09-12,2023-09-13,2023-09-12
BEST_SALES_2BF,MO,ok,0,2,3,2014-01-02,2014-01-06,2014-01-02
BEST_SALES_2BF,CL,ok,0,2,2,2014-01-02,2014-01-06,2014-01-02
BEST_SALES_2BF,MNST,ok,0,2,39,2014-01-02,2014-01-06,2014-01-02
BEST_SALES_2BF,COP,ok,0,23,2,2014-01-02,2014-02-05,2014-01-02
BEST_SALES_2BF,SLB,ok,0,1,3,2014-01-02,2014-01-03,2014-01-02
BEST_SALES_2BF,APD,ok,0,2,27,2014-01-02,2014-01-06,2014-01-02
BEST_SALES_2BF,4063,ok,0,2,3,2014-01-02,2014-01-06,2014-01-02
BEST_SALES_2BF,NRG,ok,0,42,40,2014-01-02,2014-03-05,2014-01-02
BEST_SALES_2BF,ENEL,ok,0,2,3,2014-01-02,2014-01-06,2014-01-02
BEST_SALES_2BF,WELL,ok,0,50,172,2014-01-02,2014-03-17,2014-01-02
BEST_PE_RATIO,AAPL,ok,0,1,2,2014-01-02,2014-01-03,2014-01-02
BEST_PE_RATIO,MSFT,ok,0,1,2,2014-01-02,2014-01-03,2014-01-02
BEST_PE_RATIO,GOOGL,ok,0,1,2,2014-01-02,2014-01-03,2014-01-02
BEST_PE_RATIO,AMZN,ok,0,1,2,2014-01-02,2014-01-03,2014-01-02
BEST_PE_RATIO,META,ok,0,1,2,2014-01-02,2014-01-03,2014-01-02
BEST_PE_RATIO,NVDA,ok,0,1,2,2014-01-02,2014-01-03,2014-01-02
BEST_PE_RATIO,TSLA,ok,0,1,467,2014-01-02,2014-01-03,2014-01-02
BEST_PE_RATIO,PLTR,ok,0,2,1,2020-09-30,2020-10-02,2020-09-30
BEST_PE_RATIO,AVGO,ok,0,1,2,2014-01-02,2014-01-03,2014-01-02
BEST_PE_RATIO,MU,ok,0,1,218,2014-01-02,2014-01-03,2014-01-02
BEST_PE_RATIO,GEV,ok,0,1,1,2024-04-02,2024-04-03,2024-04-02
BEST_PE_RATIO,VRT,ok,0,404,2,2018-08-01,2020-03-11,2018-08-01
BEST_PE_RATIO,BE,ok,0,745,250,2018-07-25,2021-07-12,2018-07-25
BEST_PE_RATIO,LITE,ok,0,6,2,2015-07-27,2015-08-04,2015-07-27
BEST_PE_RATIO,000660,ok,0,1,171,2014-01-02,2014-01-03,2014-01-02
BEST_PE_RATIO,005930,ok,0,1,8,2014-01-02,2014-01-03,2014-01-02
BEST_PE_RATIO,UNH,ok,0,1,2,2014-01-02,2014-01-03,2014-01-02
BEST_PE_RATIO,LLY,ok,0,1,2,2014-01-02,2014-01-03,2014-01-02
BEST_PE_RATIO,ISRG,ok,0,1,2,2014-01-02,2014-01-03,2014-01-02
BEST_PE_RATIO,ABBV,ok,0,1,2,2014-01-02,2014-01-03,2014-01-02
BEST_PE_RATIO,REGN,ok,0,1,2,2014-01-02,2014-01-03,2014-01-02
BEST_PE_RATIO,JPM,ok,0,1,2,2014-01-02,2014-01-03,2014-01-02
BEST_PE_RATIO,V,ok,0,1,2,2014-01-02,2014-01-03,2014-01-02
BEST_PE_RATIO,MA,ok,0,1,2,2014-01-02,2014-01-03,2014-01-02
BEST_PE_RATIO,BLK,ok,0,1,2,2014-01-02,2014-01-03,2014-01-02
BEST_PE_RATIO,SPGI,ok,0,1,2,2014-01-02,2014-01-03,2014-01-02
BEST_PE_RATIO,GS,ok,0,1,2,2014-01-02,2014-01-03,2014-01-02
BEST_PE_RATIO,COST,ok,0,1,2,2014-01-02,2014-01-03,2014-01-02
BEST_PE_RATIO,HD,ok,0,1,2,2014-01-02,2014-01-03,2014-01-02
BEST_PE_RATIO,PG,ok,0,1,2,2014-01-02,2014-01-03,2014-01-02
BEST_PE_RATIO,MCD,ok,0,1,2,2014-01-02,2014-01-03,2014-01-02
BEST_PE_RATIO,WMT,ok,0,1,2,2014-01-02,2014-01-03,2014-01-02
BEST_PE_RATIO,CAT,ok,0,1,2,2014-01-02,2014-01-03,2014-01-02
BEST_PE_RATIO,HON,ok,0,1,2,2014-01-02,2014-01-03,2014-01-02
BEST_PE_RATIO,DE,ok,0,1,2,2014-01-02,2014-01-03,2014-01-02
BEST_PE_RATIO,UNP,ok,0,1,2,2014-01-02,2014-01-03,2014-01-02
BEST_PE_RATIO,LMT,ok,0,1,2,2014-01-02,2014-01-03,2014-01-02
BEST_PE_RATIO,ETN,ok,0,1,2,2014-01-02,2014-01-03,2014-01-02
BEST_PE_RATIO,XOM,ok,0,1,11,2014-01-02,2014-01-03,2014-01-02
BEST_PE_RATIO,LNG,ok,0,521,98,2014-01-02,2016-01-28,2014-01-02
BEST_PE_RATIO,FCX,ok,0,1,2,2014-01-02,2014-01-03,2014-01-02
BEST_PE_RATIO,LIN,ok,0,1220,2,2014-01-02,2018-11-05,2014-01-02
BEST_PE_RATIO,NEE,ok,0,1,3,2014-01-02,2014-01-03,2014-01-02
BEST_PE_RATIO,AMT,ok,0,1,3,2014-01-02,2014-01-03,2014-01-02
BEST_PE_RATIO,EQIX,ok,0,1,2,2014-01-02,2014-01-03,2014-01-02
BEST_PE_RATIO,TMUS,ok,0,1,2,2014-01-02,2014-01-03,2014-01-02
BEST_PE_RATIO,PLD,ok,0,1,35,2014-01-02,2014-01-03,2014-01-02
BEST_PE_RATIO,AMD,ok,0,1,388,2014-01-02,2014-01-03,2014-01-02
BEST_PE_RATIO,CRM,ok,0,1,2,2014-01-02,2014-01-03,2014-01-02
BEST_PE_RATIO,NFLX,ok,0,1,2,2014-01-02,2014-01-03,2014-01-02
BEST_PE_RATIO,TER,ok,0,1,2,2014-01-02,2014-01-03,2014-01-02
BEST_PE_RATIO,GLW,ok,0,1,3,2014-01-02,2014-01-03,2014-01-02
BEST_PE_RATIO,JNJ,ok,0,1,3,2014-01-02,2014-01-03,2014-01-02
BEST_PE_RATIO,WFC,ok,0,1,2,2014-01-02,2014-01-03,2014-01-02
BEST_PE_RATIO,MPC,ok,0,1,160,2014-01-02,2014-01-03,2014-01-02
BEST_PE_RATIO,LRCX,ok,0,1,2,2014-01-02,2014-01-03,2014-01-02
BEST_PE_RATIO,AMAT,ok,0,1,1,2014-01-02,2014-01-03,2014-01-02
BEST_PE_RATIO,PANW,ok,0,1,2,2014-01-02,2014-01-03,2014-01-02
BEST_PE_RATIO,FN,ok,0,1,2,2014-01-02,2014-01-03,2014-01-02
BEST_PE_RATIO,MPWR,ok,0,1,2,2014-01-02,2014-01-03,2014-01-02
BEST_PE_RATIO,BAC,ok,0,1,2,2014-01-02,2014-01-03,2014-01-02
BEST_PE_RATIO,CSCO,ok,0,1,2,2014-01-02,2014-01-03,2014-01-02
BEST_PE_RATIO,INTC,ok,0,1,2,2014-01-02,2014-01-03,2014-01-02
BEST_PE_RATIO,ORCL,ok,0,1,2,2014-01-02,2014-01-03,2014-01-02
BEST_PE_RATIO,TSM,ok,0,1,2,2014-01-02,2014-01-03,2014-01-02
BEST_PE_RATIO,SNDK,ok,0,3,1,2025-02-24,2025-02-27,2025-02-24
BEST_PE_RATIO,KLAC,ok,0,1,2,2014-01-02,2014-01-03,2014-01-02
BEST_PE_RATIO,ANET,ok,0,2,2,2014-06-06,2014-06-10,2014-06-06
BEST_PE_RATIO,MRVL,ok,0,1,3,2014-01-02,2014-01-03,2014-01-02
BEST_PE_RATIO,CDNS,ok,0,1,2,2014-01-02,2014-01-03,2014-01-02
BEST_PE_RATIO,STX,ok,0,1,2,2014-01-02,2014-01-03,2014-01-02
BEST_PE_RATIO,PWR,ok,0,1,2,2014-01-02,2014-01-03,2014-01-02
BEST_PE_RATIO,BX,ok,0,1,2,2014-01-02,2014-01-03,2014-01-02
BEST_PE_RATIO,TMO,ok,0,1,2,2014-01-02,2014-01-03,2014-01-02
BEST_PE_RATIO,BSX,ok,0,1,2,2014-01-02,2014-01-03,2014-01-02
BEST_PE_RATIO,BKNG,ok,0,1,2,2014-01-02,2014-01-03,2014-01-02
BEST_PE_RATIO,PM,ok,0,1,2,2014-01-02,2014-01-03,2014-01-02
BEST_PE_RATIO,WMB,ok,0,1,2,2014-01-02,2014-01-03,2014-01-02
BEST_PE_RATIO,CEG,ok,0,1,2,2022-02-02,2022-02-03,2022-02-02
BEST_PE_RATIO,VST,ok,0,151,2,2016-10-05,2017-05-12,2016-10-05
BEST_PE_RATIO,DLR,ok,0,1,2,2014-01-02,2014-01-03,2014-01-02
BEST_PE_RATIO,ARM,ok,0,1,1,2023-09-14,2023-09-15,2023-09-14
BEST_PE_RATIO,SPOT,ok,0,404,437,2018-04-03,2019-11-07,2018-04-03
BEST_PE_RATIO,RACE,ok,0,17,2,2015-10-21,2015-11-13,2015-10-21
BEST_PE_RATIO,285A,ok,0,3,4,2024-12-18,2024-12-23,2024-12-18
BEST_PE_RATIO,6857,ok,0,3,18,2014-01-02,2014-01-07,2014-01-02
BEST_PE_RATIO,SU,ok,0,1,2,2014-01-02,2014-01-03,2014-01-02
BEST_PE_RATIO,SIE,ok,0,1,3,2014-01-02,2014-01-03,2014-01-02
BEST_PE_RATIO,RHM,ok,0,1,3,2014-01-02,2014-01-03,2014-01-02
BEST_PE_RATIO,ALV,ok,0,1,3,2014-01-02,2014-01-03,2014-01-02
BEST_PE_RATIO,MC,ok,0,1,2,2014-01-02,2014-01-03,2014-01-02
BEST_PE_RATIO,NESN,ok,0,2,3,2014-01-02,2014-01-06,2014-01-02
BEST_PE_RATIO,RR/,ok,0,2,113,2014-01-02,2014-01-06,2014-01-02
BEST_PE_RATIO,SAP,ok,0,1,3,2014-01-02,2014-01-03,2014-01-02
BEST_PE_RATIO,ASML,ok,0,1,2,2014-01-02,2014-01-03,2014-01-02
BEST_PE_RATIO,AZN,ok,0,1,3,2014-01-02,2014-01-03,2014-01-02
BEST_PE_RATIO,SHEL,ok,0,1,3,2014-01-02,2014-01-03,2014-01-02
BEST_PE_RATIO,HSBA,ok,0,1,3,2014-01-02,2014-01-03,2014-01-02
BEST_PE_RATIO,NOVOB,ok,0,1,3,2014-01-02,2014-01-03,2014-01-02
BEST_PE_RATIO,RIO,ok,0,1,3,2014-01-02,2014-01-03,2014-01-02
BEST_PE_RATIO,QCOM,ok,0,1,2,2014-01-02,2014-01-03,2014-01-02
BEST_PE_RATIO,TXN,ok,0,1,15,2014-01-02,2014-01-03,2014-01-02
BEST_PE_RATIO,ADBE,ok,0,1,1,2014-01-02,2014-01-03,2014-01-02
BEST_PE_RATIO,NOW,ok,0,1,56,2014-01-02,2014-01-03,2014-01-02
BEST_PE_RATIO,ACN,ok,0,1,2,2014-01-02,2014-01-03,2014-01-02
BEST_PE_RATIO,IBM,ok,0,1,2,2014-01-02,2014-01-03,2014-01-02
BEST_PE_RATIO,ADI,ok,0,1,2,2014-01-02,2014-01-03,2014-01-02
BEST_PE_RATIO,DELL,ok,0,1,2,2018-12-28,2018-12-31,2018-12-28
BEST_PE_RATIO,8035,ok,0,3,7,2014-01-02,2014-01-07,2014-01-02
BEST_PE_RATIO,IFX,ok,0,1,3,2014-01-02,2014-01-03,2014-01-02
BEST_PE_RATIO,MS,ok,0,1,2,2014-01-02,2014-01-03,2014-01-02
BEST_PE_RATIO,SCHW,ok,0,1,2,2014-01-02,2014-01-03,2014-01-02
BEST_PE_RATIO,AXP,ok,0,1,2,2014-01-02,2014-01-03,2014-01-02
BEST_PE_RATIO,PGR,ok,0,1,2,2014-01-02,2014-01-03,2014-01-02
BEST_PE_RATIO,AON,ok,0,1,2,2014-01-02,2014-01-03,2014-01-02
BEST_PE_RATIO,CME,ok,0,1,2,2014-01-02,2014-01-03,2014-01-02
BEST_PE_RATIO,KKR,ok,0,1,2,2014-01-02,2014-01-03,2014-01-02
BEST_PE_RATIO,BN,ok,0,1,2,2022-12-12,2022-12-13,2022-12-12
BEST_PE_RATIO,C,ok,0,1,2,2014-01-02,2014-01-03,2014-01-02
BEST_PE_RATIO,LSEG,ok,0,123,3,2014-01-02,2014-06-30,2014-01-02
BEST_PE_RATIO,ZURN,ok,0,2,3,2014-01-02,2014-01-06,2014-01-02
BEST_PE_RATIO,CS,ok,0,1,2,2014-01-02,2014-01-03,2014-01-02
BEST_PE_RATIO,8306,ok,0,3,7,2014-01-02,2014-01-07,2014-01-02
BEST_PE_RATIO,DIS,ok,0,1,2,2014-01-02,2014-01-03,2014-01-02
BEST_PE_RATIO,CMCSA,ok,0,1,2,2014-01-02,2014-01-03,2014-01-02
BEST_PE_RATIO,VZ,ok,0,1,2,2014-01-02,2014-01-03,2014-01-02
BEST_PE_RATIO,T,ok,0,1,3,2014-01-02,2014-01-03,2014-01-02
BEST_PE_RATIO,TTWO,ok,0,1,2,2014-01-02,2014-01-03,2014-01-02
BEST_PE_RATIO,PUB,ok,0,1,3,2014-01-02,2014-01-03,2014-01-02
BEST_PE_RATIO,7974,ok,0,3,7,2014-01-02,2014-01-07,2014-01-02
BEST_PE_RATIO,DTE,ok,0,1,3,2014-01-02,2014-01-03,2014-01-02
BEST_PE_RATIO,UMG,ok,0,3,2,2021-09-21,2021-09-24,2021-09-21
BEST_PE_RATIO,LOW,ok,0,1,2,2014-01-02,2014-01-03,2014-01-02
BEST_PE_RATIO,TJX,ok,0,1,2,2014-01-02,2014-01-03,2014-01-02
BEST_PE_RATIO,SBUX,ok,0,1,2,2014-01-02,2014-01-03,2014-01-02
BEST_PE_RATIO,ABNB,ok,0,186,2,2020-12-10,2021-09-08,2020-12-10
BEST_PE_RATIO,7203,ok,0,3,7,2014-01-02,2014-01-07,2014-01-02
BEST_PE_RATIO,ITX,ok,0,1,2,2014-01-02,2014-01-03,2014-01-02
BEST_PE_RATIO,ABT,ok,0,1,2,2014-01-02,2014-01-03,2014-01-02
BEST_PE_RATIO,DHR,ok,0,1,2,2014-01-02,2014-01-03,2014-01-02
BEST_PE_RATIO,VRTX,ok,0,255,15,2014-01-02,2015-01-07,2014-01-02
BEST_PE_RATIO,SAN,ok,0,1,2,2014-01-02,2014-01-03,2014-01-02
BEST_PE_RATIO,GE,ok,0,1,2,2024-04-02,2024-04-03,2024-04-02
BEST_PE_RATIO,TT,ok,0,1,2,2020-03-02,2020-03-03,2020-03-02
BEST_PE_RATIO,ABBN,ok,0,2,3,2014-01-02,2014-01-06,2014-01-02
BEST_PE_RATIO,KO,ok,0,1,2,2014-01-02,2014-01-03,2014-01-02
BEST_PE_RATIO,ULVR,ok,0,1,3,2014-01-02,2014-01-03,2014-01-02
BEST_PE_RATIO,ECL,ok,0,1,2,2014-01-02,2014-01-03,2014-01-02
BEST_PE_RATIO,AI,ok,0,1,2,2014-01-02,2014-01-03,2014-01-02
BEST_PE_RATIO,IBE,ok,0,1,2,2014-01-02,2014-01-03,2014-01-02
BEST_PE_RATIO,INTU,ok,0,1,2,2014-01-02,2014-01-03,2014-01-02
BEST_PE_RATIO,SNPS,ok,0,1,2,2014-01-02,2014-01-03,2014-01-02
BEST_PE_RATIO,APH,ok,0,1,2,2014-01-02,2014-01-03,2014-01-02
BEST_PE_RATIO,MSI,ok,0,1,3,2014-01-02,2014-01-03,2014-01-02
BEST_PE_RATIO,CRWD,ok,0,247,1,2019-06-12,2020-06-04,2019-06-12
BEST_PE_RATIO,NXPI,ok,0,1,2,2014-01-02,2014-01-03,2014-01-02
BEST_PE_RATIO,KEYS,ok,0,1,2,2014-10-21,2014-10-22,2014-10-21
BEST_PE_RATIO,ADSK,ok,0,1,356,2014-01-02,2014-01-03,2014-01-02
BEST_PE_RATIO,WDAY,ok,0,418,2,2014-01-02,2015-08-31,2014-01-02
BEST_PE_RATIO,WDC,ok,0,1,2,2025-02-24,2025-02-25,2025-02-24
BEST_PE_RATIO,DDOG,ok,0,163,2,2019-09-19,2020-05-13,2019-09-19
BEST_PE_RATIO,FTNT,ok,0,1,2,2014-01-02,2014-01-03,2014-01-02
BEST_PE_RATIO,DSY,ok,0,1,2,2014-01-02,2014-01-03,2014-01-02
BEST_PE_RATIO,6146,ok,0,3,7,2014-01-02,2014-01-07,2014-01-02
BEST_PE_RATIO,6981,ok,0,3,7,2014-01-02,2014-01-07,2014-01-02
BEST_PE_RATIO,BRK/B,ok,0,1,2,2014-01-02,2014-01-03,2014-01-02
BEST_PE_RATIO,CB,ok,0,1,2,2014-01-02,2014-01-03,2014-01-02
BEST_PE_RATIO,ICE,ok,0,1,2,2014-01-02,2014-01-03,2014-01-02
BEST_PE_RATIO,MCO,ok,0,1,2,2014-01-02,2014-01-03,2014-01-02
BEST_PE_RATIO,PYPL,ok,0,1,2,2015-07-07,2015-07-08,2015-07-07
BEST_PE_RATIO,COF,ok,0,1,1,2025-05-19,2025-05-20,2025-05-19
BEST_PE_RATIO,BNP,ok,0,1,2,2014-01-02,2014-01-03,2014-01-02
BEST_PE_RATIO,MUV2,ok,0,1,3,2014-01-02,2014-01-03,2014-01-02
BEST_PE_RATIO,RTX,ok,0,1,2,2014-01-02,2014-01-03,2014-01-02
BEST_PE_RATIO,EMR,ok,0,1,2,2014-01-02,2014-01-03,2014-01-02
BEST_PE_RATIO,AXON,ok,0,1,2,2014-01-02,2014-01-03,2014-01-02
BEST_PE_RATIO,UBER,ok,0,903,1,2019-05-10,2022-12-08,2019-05-10
BEST_PE_RATIO,AIR,ok,0,1,2,2014-01-02,2014-01-03,2014-01-02
BEST_PE_RATIO,SAF,ok,0,1,2,2014-01-02,2014-01-03,2014-01-02
BEST_PE_RATIO,MRK,ok,0,1,2,2014-01-02,2014-01-03,2014-01-02
BEST_PE_RATIO,AMGN,ok,0,1,2,2014-01-02,2014-01-03,2014-01-02
BEST_PE_RATIO,SYK,ok,0,1,2,2014-01-02,2014-01-03,2014-01-02
BEST_PE_RATIO,MCK,ok,0,1,2,2014-01-02,2014-01-03,2014-01-02
BEST_PE_RATIO,NOVN,ok,0,2,3,2014-01-02,2014-01-06,2014-01-02
BEST_PE_RATIO,NKE,ok,0,1,2,2014-01-02,2014-01-03,2014-01-02
BEST_PE_RATIO,ORLY,ok,0,1,2,2014-01-02,2014-01-03,2014-01-02
BEST_PE_RATIO,DASH,ok,0,1,117,2020-12-09,2020-12-10,2020-12-09
BEST_PE_RATIO,CFR,ok,0,2,3,2014-01-02,2014-01-06,2014-01-02
BEST_PE_RATIO,TTD,ok,0,2,2,2016-09-21,2016-09-23,2016-09-21
BEST_PE_RATIO,RBLX,ok,0,1,1161,2021-03-10,2021-03-11,2021-03-10
BEST_PE_RATIO,9432,ok,0,3,7,2014-01-02,2014-01-07,2014-01-02
BEST_PE_RATIO,9433,ok,0,3,7,2014-01-02,2014-01-07,2014-01-02
BEST_PE_RATIO,PEP,ok,0,1,2,2014-01-02,2014-01-03,2014-01-02
BEST_PE_RATIO,MDLZ,ok,0,1,2,2014-01-02,2014-01-03,2014-01-02
BEST_PE_RATIO,OR,ok,0,1,2,2014-01-02,2014-01-03,2014-01-02
BEST_PE_RATIO,CVX,ok,0,1,18,2014-01-02,2014-01-03,2014-01-02
BEST_PE_RATIO,TTE,ok,0,1,2,2014-01-02,2014-01-03,2014-01-02
BEST_PE_RATIO,NEM,ok,0,1,2,2014-01-02,2014-01-03,2014-01-02
BEST_PE_RATIO,SHW,ok,0,1,2,2014-01-02,2014-01-03,2014-01-02
BEST_PE_RATIO,SO,ok,0,1,2,2014-01-02,2014-01-03,2014-01-02
BEST_PE_RATIO,APP,ok,0,18,1,2021-04-15,2021-05-11,2021-04-15
BEST_PE_RATIO,SNOW,ok,0,309,1,2020-09-16,2021-12-07,2020-09-16
BEST_PE_RATIO,NET,ok,0,543,1,2019-09-13,2021-11-08,2019-09-13
BEST_PE_RATIO,ZS,ok,0,184,2,2018-03-16,2018-12-07,2018-03-16
BEST_PE_RATIO,TEAM,ok,0,16,2,2015-12-10,2016-01-05,2015-12-10
BEST_PE_RATIO,COHR,ok,0,1,6,2014-01-02,2014-01-03,2014-01-02
BEST_PE_RATIO,ON,ok,0,1,2,2014-01-02,2014-01-03,2014-01-02
BEST_PE_RATIO,FICO,ok,0,16,28,2014-01-02,2014-01-27,2014-01-02
BEST_PE_RATIO,HPE,ok,0,5,2,2015-10-20,2015-10-27,2015-10-20
BEST_PE_RATIO,VRSN,ok,0,1,28,2014-01-02,2014-01-03,2014-01-02
BEST_PE_RATIO,ASM,ok,0,1,2,2014-01-02,2014-01-03,2014-01-02
BEST_PE_RATIO,MRSH,ok,0,1,2,2014-01-02,2014-01-03,2014-01-02
BEST_PE_RATIO,APO,ok,0,1,2,2014-01-02,2014-01-03,2014-01-02
BEST_PE_RATIO,MSCI,ok,0,1,2,2014-01-02,2014-01-03,2014-01-02
BEST_PE_RATIO,BNY,ok,0,1,2,2014-01-02,2014-01-03,2014-01-02
BEST_PE_RATIO,IBKR,ok,0,1,2,2014-01-02,2014-01-03,2014-01-02
BEST_PE_RATIO,UBSG,ok,0,2,3,2014-01-02,2014-01-06,2014-01-02
BEST_PE_RATIO,UCG,ok,0,1,3,2014-01-02,2014-01-03,2014-01-02
BEST_PE_RATIO,8316,ok,0,3,7,2014-01-02,2014-01-07,2014-01-02
BEST_PE_RATIO,ADP,ok,0,1,2,2014-01-02,2014-01-03,2014-01-02
BEST_PE_RATIO,HWM,ok,0,1,2,2020-04-01,2020-04-02,2020-04-01
BEST_PE_RATIO,WM,ok,0,1,2,2014-01-02,2014-01-03,2014-01-02
BEST_PE_RATIO,PH,ok,0,1,2,2014-01-02,2014-01-03,2014-01-02
BEST_PE_RATIO,REL,ok,0,1,3,2014-01-02,2014-01-03,2014-01-02
BEST_PE_RATIO,7011,ok,0,3,7,2014-01-02,2014-01-07,2014-01-02
BEST_PE_RATIO,ROP,ok,0,2,3,2014-01-02,2014-01-06,2014-01-02
BEST_PE_RATIO,GILD,ok,0,1,2,2014-01-02,2014-01-03,2014-01-02
BEST_PE_RATIO,PFE,ok,0,1,2,2014-01-02,2014-01-03,2014-01-02
BEST_PE_RATIO,MDT,ok,0,1,2,2014-01-02,2014-01-03,2014-01-02
BEST_PE_RATIO,HCA,ok,0,1,2,2014-01-02,2014-01-03,2014-01-02
BEST_PE_RATIO,ZTS,ok,0,1,2,2014-01-02,2014-01-03,2014-01-02
BEST_PE_RATIO,RMS,ok,0,1,2,2014-01-02,2014-01-03,2014-01-02
BEST_PE_RATIO,6758,ok,0,3,43,2014-01-02,2014-01-07,2014-01-02
BEST_PE_RATIO,CMG,ok,0,1,2,2014-01-02,2014-01-03,2014-01-02
BEST_PE_RATIO,MAR,ok,0,1,2,2014-01-02,2014-01-03,2014-01-02
BEST_PE_RATIO,GM,ok,0,1,2,2014-01-02,2014-01-03,2014-01-02
BEST_PE_RATIO,GRMN,ok,0,1,2,2014-01-02,2014-01-03,2014-01-02
BEST_PE_RATIO,RDDT,ok,0,4,1,2024-03-21,2024-03-27,2024-03-21
BEST_PE_RATIO,LYV,ok,0,1,397,2014-01-02,2014-01-03,2014-01-02
BEST_PE_RATIO,TKO,ok,0,1,2,2023-09-12,2023-09-13,2023-09-12
BEST_PE_RATIO,MO,ok,0,1,3,2014-01-02,2014-01-03,2014-01-02
BEST_PE_RATIO,CL,ok,0,1,2,2014-01-02,2014-01-03,2014-01-02
BEST_PE_RATIO,MNST,ok,0,1,2,2014-01-02,2014-01-03,2014-01-02
BEST_PE_RATIO,COP,ok,0,1,232,2014-01-02,2014-01-03,2014-01-02
BEST_PE_RATIO,SLB,ok,0,1,2,2014-01-02,2014-01-03,2014-01-02
BEST_PE_RATIO,APD,ok,0,1,2,2014-01-02,2014-01-03,2014-01-02
BEST_PE_RATIO,4063,ok,0,3,7,2014-01-02,2014-01-07,2014-01-02
BEST_PE_RATIO,NRG,ok,0,1,2,2014-01-02,2014-01-03,2014-01-02
BEST_PE_RATIO,ENEL,ok,0,1,3,2014-01-02,2014-01-03,2014-01-02
BEST_PE_RATIO,WELL,ok,0,1,7,2014-01-02,2014-01-03,2014-01-02
BEST_PEG_RATIO,AAPL,ok,0,1,3,2014-01-02,2014-01-03,2014-01-02
BEST_PEG_RATIO,MSFT,ok,0,1,3,2014-01-02,2014-01-03,2014-01-02
BEST_PEG_RATIO,GOOGL,ok,0,1,12,2014-01-02,2014-01-03,2014-01-02
BEST_PEG_RATIO,AMZN,ok,0,1,3,2014-01-02,2014-01-03,2014-01-02
BEST_PEG_RATIO,META,ok,0,1,3,2014-01-02,2014-01-03,2014-01-02
BEST_PEG_RATIO,NVDA,ok,0,1,23,2014-01-02,2014-01-03,2014-01-02
BEST_PEG_RATIO,TSLA,ok,0,1,619,2014-01-02,2014-01-03,2014-01-02
BEST_PEG_RATIO,PLTR,ok,0,95,2,2020-09-30,2021-02-17,2020-09-30
BEST_PEG_RATIO,AVGO,ok,0,1,4,2014-01-02,2014-01-03,2014-01-02
BEST_PEG_RATIO,MU,ok,0,1,111,2014-01-02,2014-01-03,2014-01-02
BEST_PEG_RATIO,GEV,ok,0,35,65,2024-04-02,2024-05-21,2024-04-02
BEST_PEG_RATIO,VRT,ok,0,518,83,2018-08-01,2020-08-21,2018-08-01
BEST_PEG_RATIO,BE,ok,0,745,115,2018-07-25,2021-07-12,2018-07-25
BEST_PEG_RATIO,LITE,ok,0,13,129,2015-07-27,2015-08-13,2015-07-27
BEST_PEG_RATIO,000660,ok,0,1,296,2014-01-02,2014-01-03,2014-01-02
BEST_PEG_RATIO,005930,ok,0,1,330,2014-01-02,2014-01-03,2014-01-02
BEST_PEG_RATIO,UNH,ok,0,1,62,2014-01-02,2014-01-03,2014-01-02
BEST_PEG_RATIO,LLY,ok,0,3,164,2014-01-02,2014-01-07,2014-01-02
BEST_PEG_RATIO,ISRG,ok,0,1,11,2014-01-02,2014-01-03,2014-01-02
BEST_PEG_RATIO,ABBV,ok,0,1,257,2014-01-02,2014-01-03,2014-01-02
BEST_PEG_RATIO,REGN,ok,0,1,221,2014-01-02,2014-01-03,2014-01-02
BEST_PEG_RATIO,JPM,ok,0,1,227,2014-01-02,2014-01-03,2014-01-02
BEST_PEG_RATIO,V,ok,0,1,2,2014-01-02,2014-01-03,2014-01-02
BEST_PEG_RATIO,MA,ok,0,1,3,2014-01-02,2014-01-03,2014-01-02
BEST_PEG_RATIO,BLK,ok,0,1,17,2014-01-02,2014-01-03,2014-01-02
BEST_PEG_RATIO,SPGI,ok,0,1,130,2014-01-02,2014-01-03,2014-01-02
BEST_PEG_RATIO,GS,ok,0,1,83,2014-01-02,2014-01-03,2014-01-02
BEST_PEG_RATIO,COST,ok,0,1,3,2014-01-02,2014-01-03,2014-01-02
BEST_PEG_RATIO,HD,ok,0,1,8,2014-01-02,2014-01-03,2014-01-02
BEST_PEG_RATIO,PG,ok,0,1,3,2014-01-02,2014-01-03,2014-01-02
BEST_PEG_RATIO,MCD,ok,0,1,4,2014-01-02,2014-01-03,2014-01-02
BEST_PEG_RATIO,WMT,ok,0,1,63,2014-01-02,2014-01-03,2014-01-02
BEST_PEG_RATIO,CAT,ok,0,1,8,2014-01-02,2014-01-03,2014-01-02
BEST_PEG_RATIO,HON,ok,0,1,3,2014-01-02,2014-01-03,2014-01-02
BEST_PEG_RATIO,DE,ok,0,1,158,2014-01-02,2014-01-03,2014-01-02
BEST_PEG_RATIO,UNP,ok,0,1,21,2014-01-02,2014-01-03,2014-01-02
BEST_PEG_RATIO,LMT,ok,0,1,3,2014-01-02,2014-01-03,2014-01-02
BEST_PEG_RATIO,ETN,ok,0,1,3,2014-01-02,2014-01-03,2014-01-02
BEST_PEG_RATIO,XOM,ok,0,1,131,2014-01-02,2014-01-03,2014-01-02
BEST_PEG_RATIO,LNG,ok,0,1058,214,2014-01-02,2018-03-16,2014-01-02
BEST_PEG_RATIO,FCX,ok,0,1,552,2014-01-02,2014-01-03,2014-01-02
BEST_PEG_RATIO,LIN,ok,0,1230,2,2014-01-02,2018-11-19,2014-01-02
BEST_PEG_RATIO,NEE,ok,0,1,37,2014-01-02,2014-01-03,2014-01-02
BEST_PEG_RATIO,AMT,ok,0,1,129,2014-01-02,2014-01-03,2014-01-02
BEST_PEG_RATIO,EQIX,ok,0,1,3,2014-01-02,2014-01-03,2014-01-02
BEST_PEG_RATIO,TMUS,ok,0,1,484,2014-01-02,2014-01-03,2014-01-02
BEST_PEG_RATIO,PLD,ok,0,1,64,2014-01-02,2014-01-03,2014-01-02
BEST_PEG_RATIO,AMD,ok,0,1,126,2014-01-02,2014-01-03,2014-01-02
BEST_PEG_RATIO,CRM,ok,0,1,23,2014-01-02,2014-01-03,2014-01-02
BEST_PEG_RATIO,NFLX,ok,0,1,61,2014-01-02,2014-01-03,2014-01-02
BEST_PEG_RATIO,TER,ok,0,1,319,2014-01-02,2014-01-03,2014-01-02
BEST_PEG_RATIO,GLW,ok,0,1,3,2014-01-02,2014-01-03,2014-01-02
BEST_PEG_RATIO,JNJ,ok,0,1,4,2014-01-02,2014-01-03,2014-01-02
BEST_PEG_RATIO,WFC,ok,0,1,3,2014-01-02,2014-01-03,2014-01-02
BEST_PEG_RATIO,MPC,ok,0,1,349,2014-01-02,2014-01-03,2014-01-02
BEST_PEG_RATIO,LRCX,ok,0,2,66,2014-01-02,2014-01-06,2014-01-02
BEST_PEG_RATIO,AMAT,ok,0,1,3,2014-01-02,2014-01-03,2014-01-02
BEST_PEG_RATIO,PANW,ok,0,1,26,2014-01-02,2014-01-03,2014-01-02
BEST_PEG_RATIO,MPWR,ok,0,1,463,2014-01-02,2014-01-03,2014-01-02
BEST_PEG_RATIO,BAC,ok,0,1,485,2014-01-02,2014-01-03,2014-01-02
BEST_PEG_RATIO,CSCO,ok,0,1,3,2014-01-02,2014-01-03,2014-01-02
BEST_PEG_RATIO,INTC,ok,0,1,47,2014-01-02,2014-01-03,2014-01-02
BEST_PEG_RATIO,ORCL,ok,0,1,2,2014-01-02,2014-01-03,2014-01-02
BEST_PEG_RATIO,TSM,ok,0,1,2,2014-01-02,2014-01-03,2014-01-02
BEST_PEG_RATIO,SNDK,ok,0,178,122,2025-02-24,2025-11-06,2025-02-24
BEST_PEG_RATIO,KLAC,ok,0,2,3,2014-01-02,2014-01-06,2014-01-02
BEST_PEG_RATIO,ANET,ok,0,18,2,2014-06-06,2014-07-02,2014-06-06
BEST_PEG_RATIO,MRVL,ok,0,1,3,2014-01-02,2014-01-03,2014-01-02
BEST_PEG_RATIO,CDNS,ok,0,1,173,2014-01-02,2014-01-03,2014-01-02
BEST_PEG_RATIO,STX,ok,0,1,265,2014-01-02,2014-01-03,2014-01-02
BEST_PEG_RATIO,PWR,ok,0,1,358,2014-01-02,2014-01-03,2014-01-02
BEST_PEG_RATIO,BX,ok,0,1,258,2014-01-02,2014-01-03,2014-01-02
BEST_PEG_RATIO,TMO,ok,0,1,107,2014-01-02,2014-01-03,2014-01-02
BEST_PEG_RATIO,BSX,ok,0,1,2,2014-01-02,2014-01-03,2014-01-02
BEST_PEG_RATIO,BKNG,ok,0,1,4,2014-01-02,2014-01-03,2014-01-02
BEST_PEG_RATIO,PM,ok,0,1,2,2014-01-02,2014-01-03,2014-01-02
BEST_PEG_RATIO,WMB,ok,0,1,104,2014-01-02,2014-01-03,2014-01-02
BEST_PEG_RATIO,CEG,ok,0,70,69,2022-02-02,2022-05-13,2022-02-02
BEST_PEG_RATIO,VST,ok,0,385,232,2016-10-05,2018-04-18,2016-10-05
BEST_PEG_RATIO,DLR,ok,0,1,52,2014-01-02,2014-01-03,2014-01-02
BEST_PEG_RATIO,ARM,ok,0,18,2,2023-09-14,2023-10-10,2023-09-14
BEST_PEG_RATIO,SPOT,ok,0,962,435,2018-04-03,2022-01-26,2018-04-03
BEST_PEG_RATIO,RACE,ok,0,17,29,2015-10-21,2015-11-13,2015-10-21
BEST_PEG_RATIO,285A,ok,0,39,94,2024-12-18,2025-02-18,2024-12-18
BEST_PEG_RATIO,6857,ok,0,208,7,2014-01-02,2014-10-29,2014-01-02
BEST_PEG_RATIO,SU,ok,0,15,96,2014-01-02,2014-01-24,2014-01-02
BEST_PEG_RATIO,SIE,ok,0,1,35,2014-01-02,2014-01-03,2014-01-02
BEST_PEG_RATIO,RHM,ok,0,34,773,2014-01-02,2014-02-21,2014-01-02
BEST_PEG_RATIO,ALV,ok,0,2,165,2014-01-02,2014-01-06,2014-01-02
BEST_PEG_RATIO,MC,ok,0,1,3,2014-01-02,2014-01-03,2014-01-02
BEST_PEG_RATIO,NESN,ok,0,2,3,2014-01-02,2014-01-06,2014-01-02
BEST_PEG_RATIO,RR/,ok,0,2,408,2014-01-02,2014-01-06,2014-01-02
BEST_PEG_RATIO,SAP,ok,0,1,7,2014-01-02,2014-01-03,2014-01-02
BEST_PEG_RATIO,ASML,ok,0,2,3,2014-01-02,2014-01-06,2014-01-02
BEST_PEG_RATIO,AZN,ok,0,351,32,2014-01-02,2015-05-27,2014-01-02
BEST_PEG_RATIO,SHEL,ok,0,2,244,2014-01-02,2014-01-06,2014-01-02
BEST_PEG_RATIO,HSBA,ok,0,1,51,2014-01-02,2014-01-03,2014-01-02
BEST_PEG_RATIO,NOVOB,ok,0,1,66,2014-01-02,2014-01-03,2014-01-02
BEST_PEG_RATIO,RIO,ok,0,2,1110,2014-01-02,2014-01-06,2014-01-02
BEST_PEG_RATIO,QCOM,ok,0,1,7,2014-01-02,2014-01-03,2014-01-02
BEST_PEG_RATIO,TXN,ok,0,1,108,2014-01-02,2014-01-03,2014-01-02
BEST_PEG_RATIO,ADBE,ok,0,1,9,2014-01-02,2014-01-03,2014-01-02
BEST_PEG_RATIO,NOW,ok,0,1,151,2014-01-02,2014-01-03,2014-01-02
BEST_PEG_RATIO,ACN,ok,0,1,321,2014-01-02,2014-01-03,2014-01-02
BEST_PEG_RATIO,IBM,ok,0,1,10,2014-01-02,2014-01-03,2014-01-02
BEST_PEG_RATIO,ADI,ok,0,1,69,2014-01-02,2014-01-03,2014-01-02
BEST_PEG_RATIO,DELL,ok,0,5,3,2018-12-28,2019-01-07,2018-12-28
BEST_PEG_RATIO,8035,ok,0,95,7,2014-01-02,2014-05-20,2014-01-02
BEST_PEG_RATIO,IFX,ok,0,1,76,2014-01-02,2014-01-03,2014-01-02
BEST_PEG_RATIO,MS,ok,0,1,68,2014-01-02,2014-01-03,2014-01-02
BEST_PEG_RATIO,SCHW,ok,0,1,33,2014-01-02,2014-01-03,2014-01-02
BEST_PEG_RATIO,AXP,ok,0,1,3,2014-01-02,2014-01-03,2014-01-02
BEST_PEG_RATIO,PGR,ok,0,1,127,2014-01-02,2014-01-03,2014-01-02
BEST_PEG_RATIO,AON,ok,0,1,4,2014-01-02,2014-01-03,2014-01-02
BEST_PEG_RATIO,CME,ok,0,1,94,2014-01-02,2014-01-03,2014-01-02
BEST_PEG_RATIO,KKR,ok,0,279,324,2014-01-02,2015-02-11,2014-01-02
BEST_PEG_RATIO,BN,ok,0,952,0,2022-12-12,,2022-12-12
BEST_PEG_RATIO,C,ok,0,1,127,2014-01-02,2014-01-03,2014-01-02
BEST_PEG_RATIO,LSEG,ok,0,140,131,2014-01-02,2014-07-24,2014-01-02
BEST_PEG_RATIO,ZURN,ok,0,2,274,2014-01-02,2014-01-06,2014-01-02
BEST_PEG_RATIO,CS,ok,0,1,528,2014-01-02,2014-01-03,2014-01-02
BEST_PEG_RATIO,8306,ok,0,3,109,2014-01-02,2014-01-07,2014-01-02
BEST_PEG_RATIO,DIS,ok,0,1,48,2014-01-02,2014-01-03,2014-01-02
BEST_PEG_RATIO,CMCSA,ok,0,1,181,2014-01-02,2014-01-03,2014-01-02
BEST_PEG_RATIO,VZ,ok,0,1,3,2014-01-02,2014-01-03,2014-01-02
BEST_PEG_RATIO,T,ok,0,1,60,2014-01-02,2014-01-03,2014-01-02
BEST_PEG_RATIO,TTWO,ok,0,1,136,2014-01-02,2014-01-03,2014-01-02
BEST_PEG_RATIO,PUB,ok,0,1,86,2014-01-02,2014-01-03,2014-01-02
BEST_PEG_RATIO,7974,ok,0,743,312,2014-01-02,2016-12-13,2014-01-02
BEST_PEG_RATIO,DTE,ok,0,1,187,2014-01-02,2014-01-03,2014-01-02
BEST_PEG_RATIO,UMG,ok,0,4,4,2021-09-21,2021-09-27,2021-09-21
BEST_PEG_RATIO,LOW,ok,0,1,130,2014-01-02,2014-01-03,2014-01-02
BEST_PEG_RATIO,TJX,ok,0,1,3,2014-01-02,2014-01-03,2014-01-02
BEST_PEG_RATIO,SBUX,ok,0,1,69,2014-01-02,2014-01-03,2014-01-02
BEST_PEG_RATIO,ABNB,ok,0,299,2,2020-12-10,2022-02-17,2020-12-10
BEST_PEG_RATIO,7203,ok,0,3,586,2014-01-02,2014-01-07,2014-01-02
BEST_PEG_RATIO,ITX,ok,0,1,80,2014-01-02,2014-01-03,2014-01-02
BEST_PEG_RATIO,ABT,ok,0,1,2,2014-01-02,2014-01-03,2014-01-02
BEST_PEG_RATIO,DHR,ok,0,1,82,2014-01-02,2014-01-03,2014-01-02
BEST_PEG_RATIO,VRTX,ok,0,255,223,2014-01-02,2015-01-07,2014-01-02
BEST_PEG_RATIO,SAN,ok,0,1,5,2014-01-02,2014-01-03,2014-01-02
BEST_PEG_RATIO,GE,ok,0,1,2,2024-04-02,2024-04-03,2024-04-02
BEST_PEG_RATIO,TT,ok,0,1,75,2020-03-02,2020-03-03,2020-03-02
BEST_PEG_RATIO,ABBN,ok,0,2,69,2014-01-02,2014-01-06,2014-01-02
BEST_PEG_RATIO,KO,ok,0,1,3,2014-01-02,2014-01-03,2014-01-02
BEST_PEG_RATIO,ULVR,ok,0,1,15,2014-01-02,2014-01-03,2014-01-02
BEST_PEG_RATIO,ECL,ok,0,1,3,2014-01-02,2014-01-03,2014-01-02
BEST_PEG_RATIO,AI,ok,0,1,127,2014-01-02,2014-01-03,2014-01-02
BEST_PEG_RATIO,IBE,ok,0,46,10,2014-01-02,2014-03-11,2014-01-02
BEST_PEG_RATIO,INTU,ok,0,1,3,2014-01-02,2014-01-03,2014-01-02
BEST_PEG_RATIO,SNPS,ok,0,1,3,2014-01-02,2014-01-03,2014-01-02
BEST_PEG_RATIO,APH,ok,0,1,3,2014-01-02,2014-01-03,2014-01-02
BEST_PEG_RATIO,MSI,ok,0,1,66,2014-01-02,2014-01-03,2014-01-02
BEST_PEG_RATIO,CRWD,ok,0,247,2,2019-06-12,2020-06-04,2019-06-12
BEST_PEG_RATIO,NXPI,ok,0,1,89,2014-01-02,2014-01-03,2014-01-02
BEST_PEG_RATIO,KEYS,ok,0,619,72,2014-10-21,2017-04-06,2014-10-21
BEST_PEG_RATIO,ADSK,ok,0,1,72,2014-01-02,2014-01-03,2014-01-02
BEST_PEG_RATIO,WDAY,ok,0,418,461,2014-01-02,2015-08-31,2014-01-02
BEST_PEG_RATIO,WDC,ok,0,17,56,2025-02-24,2025-03-19,2025-02-24
BEST_PEG_RATIO,DDOG,ok,0,596,2,2019-09-19,2022-01-31,2019-09-19
BEST_PEG_RATIO,FTNT,ok,0,1,2,2014-01-02,2014-01-03,2014-01-02
BEST_PEG_RATIO,DSY,ok,0,1,31,2014-01-02,2014-01-03,2014-01-02
BEST_PEG_RATIO,6146,ok,0,1771,251,2014-01-02,2021-01-14,2014-01-02
BEST_PEG_RATIO,6981,ok,0,3,7,2014-01-02,2014-01-07,2014-01-02
BEST_PEG_RATIO,BRK/B,ok,0,283,1143,2014-01-02,2015-02-18,2014-01-02
BEST_PEG_RATIO,CB,ok,0,1,3,2014-01-02,2014-01-03,2014-01-02
BEST_PEG_RATIO,ICE,ok,0,1,4,2014-01-02,2014-01-03,2014-01-02
BEST_PEG_RATIO,MCO,ok,0,1,76,2014-01-02,2014-01-03,2014-01-02
BEST_PEG_RATIO,PYPL,ok,0,30,3,2015-07-07,2015-08-18,2015-07-07
BEST_PEG_RATIO,COF,ok,0,1,2,2025-05-19,2025-05-20,2025-05-19
BEST_PEG_RATIO,BNP,ok,0,1,294,2014-01-02,2014-01-03,2014-01-02
BEST_PEG_RATIO,MUV2,ok,0,59,279,2014-01-02,2014-03-28,2014-01-02
BEST_PEG_RATIO,RTX,ok,0,1,203,2014-01-02,2014-01-03,2014-01-02
BEST_PEG_RATIO,EMR,ok,0,1,3,2014-01-02,2014-01-03,2014-01-02
BEST_PEG_RATIO,AXON,ok,0,1,153,2014-01-02,2014-01-03,2014-01-02
BEST_PEG_RATIO,UBER,ok,0,1027,233,2019-05-10,2023-06-08,2019-05-10
BEST_PEG_RATIO,AIR,ok,0,1,56,2014-01-02,2014-01-03,2014-01-02
BEST_PEG_RATIO,SAF,ok,0,1,3,2014-01-02,2014-01-03,2014-01-02
BEST_PEG_RATIO,MRK,ok,0,1,40,2014-01-02,2014-01-03,2014-01-02
BEST_PEG_RATIO,AMGN,ok,0,1,3,2014-01-02,2014-01-03,2014-01-02
BEST_PEG_RATIO,SYK,ok,0,1,3,2014-01-02,2014-01-03,2014-01-02
BEST_PEG_RATIO,MCK,ok,0,1,3,2014-01-02,2014-01-03,2014-01-02
BEST_PEG_RATIO,NOVN,ok,0,2,516,2014-01-02,2014-01-06,2014-01-02
BEST_PEG_RATIO,NKE,ok,0,1,184,2014-01-02,2014-01-03,2014-01-02
BEST_PEG_RATIO,ORLY,ok,0,1,3,2014-01-02,2014-01-03,2014-01-02
BEST_PEG_RATIO,DASH,ok,0,170,262,2020-12-09,2021-08-13,2020-12-09
BEST_PEG_RATIO,CFR,ok,0,2,36,2014-01-02,2014-01-06,2014-01-02
BEST_PEG_RATIO,TTD,ok,0,25,184,2016-09-21,2016-10-26,2016-09-21
BEST_PEG_RATIO,RBLX,ok,0,18,244,2021-03-10,2021-04-06,2021-03-10
BEST_PEG_RATIO,9432,ok,0,3,178,2014-01-02,2014-01-07,2014-01-02
BEST_PEG_RATIO,9433,ok,0,3,7,2014-01-02,2014-01-07,2014-01-02
BEST_PEG_RATIO,PEP,ok,0,1,3,2014-01-02,2014-01-03,2014-01-02
BEST_PEG_RATIO,MDLZ,ok,0,1,27,2014-01-02,2014-01-03,2014-01-02
BEST_PEG_RATIO,OR,ok,0,1,107,2014-01-02,2014-01-03,2014-01-02
BEST_PEG_RATIO,CVX,ok,0,1,148,2014-01-02,2014-01-03,2014-01-02
BEST_PEG_RATIO,TTE,ok,0,78,764,2014-01-02,2014-04-25,2014-01-02
BEST_PEG_RATIO,NEM,ok,0,1,509,2014-01-02,2014-01-03,2014-01-02
BEST_PEG_RATIO,SHW,ok,0,1,3,2014-01-02,2014-01-03,2014-01-02
BEST_PEG_RATIO,SO,ok,0,1,3,2014-01-02,2014-01-03,2014-01-02
BEST_PEG_RATIO,APP,ok,0,18,100,2021-04-15,2021-05-11,2021-04-15
BEST_PEG_RATIO,SNOW,ok,0,582,2,2020-09-16,2023-01-09,2020-09-16
BEST_PEG_RATIO,NET,ok,0,543,2,2019-09-13,2021-11-08,2019-09-13
BEST_PEG_RATIO,ZS,ok,0,304,19,2018-03-16,2019-06-03,2018-03-16
BEST_PEG_RATIO,TEAM,ok,0,16,28,2015-12-10,2016-01-05,2015-12-10
BEST_PEG_RATIO,COHR,ok,0,1,251,2014-01-02,2014-01-03,2014-01-02
BEST_PEG_RATIO,ON,ok,0,1,325,2014-01-02,2014-01-03,2014-01-02
BEST_PEG_RATIO,FICO,ok,0,16,251,2014-01-02,2014-01-27,2014-01-02
BEST_PEG_RATIO,HPE,ok,0,10,138,2015-10-20,2015-11-03,2015-10-20
BEST_PEG_RATIO,VRSN,ok,0,1,127,2014-01-02,2014-01-03,2014-01-02
BEST_PEG_RATIO,ASM,ok,0,295,338,2014-01-02,2015-03-06,2014-01-02
BEST_PEG_RATIO,MRSH,ok,0,1,3,2014-01-02,2014-01-03,2014-01-02
BEST_PEG_RATIO,APO,ok,0,288,126,2014-01-02,2015-02-25,2014-01-02
BEST_PEG_RATIO,MSCI,ok,0,2,37,2014-01-02,2014-01-06,2014-01-02
BEST_PEG_RATIO,BNY,ok,0,1,23,2014-01-02,2014-01-03,2014-01-02
BEST_PEG_RATIO,IBKR,ok,0,1,251,2014-01-02,2014-01-03,2014-01-02
BEST_PEG_RATIO,UBSG,ok,0,2,141,2014-01-02,2014-01-06,2014-01-02
BEST_PEG_RATIO,UCG,ok,0,1,99,2014-01-02,2014-01-03,2014-01-02
BEST_PEG_RATIO,8316,ok,0,521,460,2014-01-02,2016-01-28,2014-01-02
BEST_PEG_RATIO,ADP,ok,0,1,327,2014-01-02,2014-01-03,2014-01-02
BEST_PEG_RATIO,HWM,ok,0,1,194,2020-04-01,2020-04-02,2020-04-01
BEST_PEG_RATIO,WM,ok,0,1,44,2014-01-02,2014-01-03,2014-01-02
BEST_PEG_RATIO,PH,ok,0,2,2,2014-01-02,2014-01-06,2014-01-02
BEST_PEG_RATIO,REL,ok,0,1,105,2014-01-02,2014-01-03,2014-01-02
BEST_PEG_RATIO,7011,ok,0,3,466,2014-01-02,2014-01-07,2014-01-02
BEST_PEG_RATIO,ROP,ok,0,2,3,2014-01-02,2014-01-06,2014-01-02
BEST_PEG_RATIO,GILD,ok,0,1,375,2014-01-02,2014-01-03,2014-01-02
BEST_PEG_RATIO,PFE,ok,0,1,136,2014-01-02,2014-01-03,2014-01-02
BEST_PEG_RATIO,MDT,ok,0,1,13,2014-01-02,2014-01-03,2014-01-02
BEST_PEG_RATIO,HCA,ok,0,1,3,2014-01-02,2014-01-03,2014-01-02
BEST_PEG_RATIO,ZTS,ok,0,1,33,2014-01-02,2014-01-03,2014-01-02
BEST_PEG_RATIO,RMS,ok,0,5,4,2014-01-02,2014-01-09,2014-01-02
BEST_PEG_RATIO,6758,ok,0,3,265,2014-01-02,2014-01-07,2014-01-02
BEST_PEG_RATIO,CMG,ok,0,1,2,2014-01-02,2014-01-03,2014-01-02
BEST_PEG_RATIO,MAR,ok,0,1,78,2014-01-02,2014-01-03,2014-01-02
BEST_PEG_RATIO,GM,ok,0,1,330,2014-01-02,2014-01-03,2014-01-02
BEST_PEG_RATIO,GRMN,ok,0,1,152,2014-01-02,2014-01-03,2014-01-02
BEST_PEG_RATIO,RDDT,ok,0,17,9,2024-03-21,2024-04-16,2024-03-21
BEST_PEG_RATIO,LYV,ok,0,2233,13,2014-01-02,2022-11-14,2014-01-02
BEST_PEG_RATIO,TKO,ok,0,1,115,2023-09-12,2023-09-13,2023-09-12
BEST_PEG_RATIO,MO,ok,0,1,3,2014-01-02,2014-01-03,2014-01-02
BEST_PEG_RATIO,CL,ok,0,1,2,2014-01-02,2014-01-03,2014-01-02
BEST_PEG_RATIO,MNST,ok,0,1,135,2014-01-02,2014-01-03,2014-01-02
BEST_PEG_RATIO,COP,ok,0,1,377,2014-01-02,2014-01-03,2014-01-02
BEST_PEG_RATIO,SLB,ok,0,1,202,2014-01-02,2014-01-03,2014-01-02
BEST_PEG_RATIO,APD,ok,0,1,7,2014-01-02,2014-01-03,2014-01-02
BEST_PEG_RATIO,4063,ok,0,3,7,2014-01-02,2014-01-07,2014-01-02
BEST_PEG_RATIO,NRG,ok,0,56,293,2014-01-02,2014-03-25,2014-01-02
BEST_PEG_RATIO,ENEL,ok,0,1,161,2014-01-02,2014-01-03,2014-01-02
BEST_PEG_RATIO,WELL,ok,0,1,96,2014-01-02,2014-01-03,2014-01-02
BEST_CALCULATED_FCF,AAPL,ok,0,1,3,2014-01-02,2014-01-03,2014-01-02
BEST_CALCULATED_FCF,MSFT,ok,0,1,2,2014-01-02,2014-01-03,2014-01-02
BEST_CALCULATED_FCF,GOOGL,ok,0,1,5,2014-01-02,2014-01-03,2014-01-02
BEST_CALCULATED_FCF,AMZN,ok,0,1,13,2014-01-02,2014-01-03,2014-01-02
BEST_CALCULATED_FCF,META,ok,0,1,1,2014-01-02,2014-01-03,2014-01-02
BEST_CALCULATED_FCF,NVDA,ok,0,1,3,2014-01-02,2014-01-03,2014-01-02
BEST_CALCULATED_FCF,TSLA,ok,0,34,1,2014-01-02,2014-02-21,2014-01-02
BEST_CALCULATED_FCF,PLTR,ok,0,19,149,2020-09-30,2020-10-27,2020-09-30
BEST_CALCULATED_FCF,AVGO,ok,0,1,2,2014-01-02,2014-01-03,2014-01-02
BEST_CALCULATED_FCF,MU,ok,0,1,3,2014-01-02,2014-01-03,2014-01-02
BEST_CALCULATED_FCF,GEV,ok,0,11,1,2024-04-02,2024-04-17,2024-04-02
BEST_CALCULATED_FCF,VRT,ok,0,416,1,2018-08-01,2020-03-27,2018-08-01
BEST_CALCULATED_FCF,BE,ok,0,19,1,2018-07-25,2018-08-21,2018-07-25
BEST_CALCULATED_FCF,LITE,ok,0,7,189,2015-07-27,2015-08-05,2015-07-27
BEST_CALCULATED_FCF,000660,ok,0,1,1,2014-01-02,2014-01-03,2014-01-02
BEST_CALCULATED_FCF,005930,ok,0,1,1,2014-01-02,2014-01-03,2014-01-02
BEST_CALCULATED_FCF,UNH,ok,0,1,8,2014-01-02,2014-01-03,2014-01-02
BEST_CALCULATED_FCF,LLY,ok,0,1,19,2014-01-02,2014-01-03,2014-01-02
BEST_CALCULATED_FCF,ISRG,ok,0,16,58,2014-01-02,2014-01-27,2014-01-02
BEST_CALCULATED_FCF,ABBV,ok,0,1,1,2014-01-02,2014-01-03,2014-01-02
BEST_CALCULATED_FCF,REGN,ok,0,1,27,2014-01-02,2014-01-03,2014-01-02
BEST_CALCULATED_FCF,V,ok,0,1,3,2014-01-02,2014-01-03,2014-01-02
BEST_CALCULATED_FCF,MA,ok,0,1,2,2014-01-02,2014-01-03,2014-01-02
BEST_CALCULATED_FCF,BLK,ok,0,74,84,2014-01-02,2014-04-21,2014-01-02
BEST_CALCULATED_FCF,SPGI,ok,0,1,1,2014-01-02,2014-01-03,2014-01-02
BEST_CALCULATED_FCF,COST,ok,0,1,2,2014-01-02,2014-01-03,2014-01-02
BEST_CALCULATED_FCF,HD,ok,0,1,3,2014-01-02,2014-01-03,2014-01-02
BEST_CALCULATED_FCF,PG,ok,0,1,2,2014-01-02,2014-01-03,2014-01-02
BEST_CALCULATED_FCF,MCD,ok,0,1,5,2014-01-02,2014-01-03,2014-01-02
BEST_CALCULATED_FCF,WMT,ok,0,1,3,2014-01-02,2014-01-03,2014-01-02
BEST_CALCULATED_FCF,CAT,ok,0,1,2,2014-01-02,2014-01-03,2014-01-02
BEST_CALCULATED_FCF,HON,ok,0,1,1,2014-01-02,2014-01-03,2014-01-02
BEST_CALCULATED_FCF,DE,ok,0,1,2,2014-01-02,2014-01-03,2014-01-02
BEST_CALCULATED_FCF,UNP,ok,0,15,1,2014-01-02,2014-01-24,2014-01-02
BEST_CALCULATED_FCF,LMT,ok,0,1,1,2014-01-02,2014-01-03,2014-01-02
BEST_CALCULATED_FCF,ETN,ok,0,1,1,2014-01-02,2014-01-03,2014-01-02
BEST_CALCULATED_FCF,XOM,ok,0,1,1,2014-01-02,2014-01-03,2014-01-02
BEST_CALCULATED_FCF,LNG,ok,0,1010,1,2014-01-02,2018-01-05,2014-01-02
BEST_CALCULATED_FCF,FCX,ok,0,1,1,2014-01-02,2014-01-03,2014-01-02
BEST_CALCULATED_FCF,LIN,ok,0,1222,1,2014-01-02,2018-11-07,2014-01-02
BEST_CALCULATED_FCF,NEE,ok,0,1,63,2014-01-02,2014-01-03,2014-01-02
BEST_CALCULATED_FCF,AMT,ok,0,1,1,2014-01-02,2014-01-03,2014-01-02
BEST_CALCULATED_FCF,EQIX,ok,0,1,35,2014-01-02,2014-01-03,2014-01-02
BEST_CALCULATED_FCF,TMUS,ok,0,1,1,2014-01-02,2014-01-03,2014-01-02
BEST_CALCULATED_FCF,PLD,ok,0,1,115,2014-01-02,2014-01-03,2014-01-02
BEST_CALCULATED_FCF,AMD,ok,0,1,1,2014-01-02,2014-01-03,2014-01-02
BEST_CALCULATED_FCF,CRM,ok,0,1,3,2014-01-02,2014-01-03,2014-01-02
BEST_CALCULATED_FCF,NFLX,ok,0,1,1,2014-01-02,2014-01-03,2014-01-02
BEST_CALCULATED_FCF,TER,ok,0,1,31,2014-01-02,2014-01-03,2014-01-02
BEST_CALCULATED_FCF,GLW,ok,0,1,21,2014-01-02,2014-01-03,2014-01-02
BEST_CALCULATED_FCF,JNJ,ok,0,1,1,2014-01-02,2014-01-03,2014-01-02
BEST_CALCULATED_FCF,MPC,ok,0,1,1,2014-01-02,2014-01-03,2014-01-02
BEST_CALCULATED_FCF,LRCX,ok,0,1,2,2014-01-02,2014-01-03,2014-01-02
BEST_CALCULATED_FCF,AMAT,ok,0,1,2,2014-01-02,2014-01-03,2014-01-02
BEST_CALCULATED_FCF,PANW,ok,0,1,3,2014-01-02,2014-01-03,2014-01-02
BEST_CALCULATED_FCF,FN,ok,0,1,1444,2014-01-02,2014-01-03,2014-01-02
BEST_CALCULATED_FCF,MPWR,ok,0,26,176,2014-01-02,2014-02-10,2014-01-02
BEST_CALCULATED_FCF,CSCO,ok,0,1,3,2014-01-02,2014-01-03,2014-01-02
BEST_CALCULATED_FCF,INTC,ok,0,1,1,2014-01-02,2014-01-03,2014-01-02
BEST_CALCULATED_FCF,ORCL,ok,0,1,3,2014-01-02,2014-01-03,2014-01-02
BEST_CALCULATED_FCF,SNDK,ok,0,42,1,2025-02-24,2025-04-24,2025-02-24
BEST_CALCULATED_FCF,KLAC,ok,0,1,2,2014-01-02,2014-01-03,2014-01-02
BEST_CALCULATED_FCF,ANET,ok,0,18,2,2014-06-06,2014-07-02,2014-06-06
BEST_CALCULATED_FCF,MRVL,ok,0,1,3,2014-01-02,2014-01-03,2014-01-02
BEST_CALCULATED_FCF,CDNS,ok,0,20,2,2014-01-02,2014-01-31,2014-01-02
BEST_CALCULATED_FCF,STX,ok,0,1,2,2014-01-02,2014-01-03,2014-01-02
BEST_CALCULATED_FCF,PWR,ok,0,1,1,2014-01-02,2014-01-03,2014-01-02
BEST_CALCULATED_FCF,BX,ok,0,1841,31,2014-01-02,2021-04-27,2014-01-02
BEST_CALCULATED_FCF,TMO,ok,0,1,2,2014-01-02,2014-01-03,2014-01-02
BEST_CALCULATED_FCF,BSX,ok,0,1,1,2014-01-02,2014-01-03,2014-01-02
BEST_CALCULATED_FCF,BKNG,ok,0,1,1,2014-01-02,2014-01-03,2014-01-02
BEST_CALCULATED_FCF,PM,ok,0,1,13,2014-01-02,2014-01-03,2014-01-02
BEST_CALCULATED_FCF,WMB,ok,0,1,122,2014-01-02,2014-01-03,2014-01-02
BEST_CALCULATED_FCF,CEG,ok,0,13,1,2022-02-02,2022-02-22,2022-02-02
BEST_CALCULATED_FCF,VST,ok,0,151,78,2016-10-05,2017-05-12,2016-10-05
BEST_CALCULATED_FCF,DLR,ok,0,1,36,2014-01-02,2014-01-03,2014-01-02
BEST_CALCULATED_FCF,ARM,ok,0,18,1,2023-09-14,2023-10-10,2023-09-14
BEST_CALCULATED_FCF,SPOT,ok,0,2,1,2018-04-03,2018-04-05,2018-04-03
BEST_CALCULATED_FCF,RACE,ok,0,19,1,2015-10-21,2015-11-17,2015-10-21
BEST_CALCULATED_FCF,285A,ok,0,42,1,2024-12-18,2025-02-21,2024-12-18
BEST_CALCULATED_FCF,6857,ok,0,1,2,2014-01-02,2014-01-03,2014-01-02
BEST_CALCULATED_FCF,SU,ok,0,1,1,2014-01-02,2014-01-03,2014-01-02
BEST_CALCULATED_FCF,SIE,ok,0,1,2,2014-01-02,2014-01-03,2014-01-02
BEST_CALCULATED_FCF,RHM,ok,0,1,3,2014-01-02,2014-01-03,2014-01-02
BEST_CALCULATED_FCF,ALV,ok,0,2685,225,2014-01-02,2024-09-04,2014-01-02
BEST_CALCULATED_FCF,MC,ok,0,1,1,2014-01-02,2014-01-03,2014-01-02
BEST_CALCULATED_FCF,NESN,ok,0,1,1,2014-01-02,2014-01-03,2014-01-02
BEST_CALCULATED_FCF,RR/,ok,0,1,1,2014-01-02,2014-01-03,2014-01-02
BEST_CALCULATED_FCF,SAP,ok,0,1,2,2014-01-02,2014-01-03,2014-01-02
BEST_CALCULATED_FCF,ASML,ok,0,1,1,2014-01-02,2014-01-03,2014-01-02
BEST_CALCULATED_FCF,AZN,ok,0,1,1,2014-01-02,2014-01-03,2014-01-02
BEST_CALCULATED_FCF,SHEL,ok,0,1,1,2014-01-02,2014-01-03,2014-01-02
BEST_CALCULATED_FCF,NOVOB,ok,0,1,1,2014-01-02,2014-01-03,2014-01-02
BEST_CALCULATED_FCF,RIO,ok,0,1,2,2014-01-02,2014-01-03,2014-01-02
BEST_CALCULATED_FCF,QCOM,ok,0,1,2,2014-01-02,2014-01-03,2014-01-02
BEST_CALCULATED_FCF,TXN,ok,0,1,1,2014-01-02,2014-01-03,2014-01-02
BEST_CALCULATED_FCF,ADBE,ok,0,1,2,2014-01-02,2014-01-03,2014-01-02
BEST_CALCULATED_FCF,NOW,ok,0,1,19,2014-01-02,2014-01-03,2014-01-02
BEST_CALCULATED_FCF,ACN,ok,0,1,2,2014-01-02,2014-01-03,2014-01-02
BEST_CALCULATED_FCF,IBM,ok,0,1,1,2014-01-02,2014-01-03,2014-01-02
BEST_CALCULATED_FCF,ADI,ok,0,1,18,2014-01-02,2014-01-03,2014-01-02
BEST_CALCULATED_FCF,DELL,ok,0,5,2,2018-12-28,2019-01-07,2018-12-28
BEST_CALCULATED_FCF,8035,ok,0,1,44,2014-01-02,2014-01-03,2014-01-02
BEST_CALCULATED_FCF,IFX,ok,0,1,3,2014-01-02,2014-01-03,2014-01-02
BEST_CALCULATED_FCF,MS,ok,0,2407,762,2014-01-02,2023-07-27,2014-01-02
BEST_CALCULATED_FCF,SCHW,ok,0,1,3,2014-01-02,2014-01-03,2014-01-02
BEST_CALCULATED_FCF,AXP,ok,0,74,1622,2014-01-02,2014-04-21,2014-01-02
BEST_CALCULATED_FCF,PGR,ok,0,2096,837,2014-01-02,2022-04-29,2014-01-02
BEST_CALCULATED_FCF,AON,ok,0,1,1,2014-01-02,2014-01-03,2014-01-02
BEST_CALCULATED_FCF,CME,ok,0,1,416,2014-01-02,2014-01-03,2014-01-02
BEST_CALCULATED_FCF,KKR,ok,0,1970,73,2014-01-02,2021-10-28,2014-01-02
BEST_CALCULATED_FCF,C,ok,0,1089,1634,2014-01-02,2018-05-01,2014-01-02
BEST_CALCULATED_FCF,LSEG,ok,0,139,39,2014-01-02,2014-07-23,2014-01-02
BEST_CALCULATED_FCF,DIS,ok,0,1,3,2014-01-02,2014-01-03,2014-01-02
BEST_CALCULATED_FCF,CMCSA,ok,0,1,1,2014-01-02,2014-01-03,2014-01-02
BEST_CALCULATED_FCF,VZ,ok,0,1,1,2014-01-02,2014-01-03,2014-01-02
BEST_CALCULATED_FCF,T,ok,0,1,23,2014-01-02,2014-01-03,2014-01-02
BEST_CALCULATED_FCF,TTWO,ok,0,1,2,2014-01-02,2014-01-03,2014-01-02
BEST_CALCULATED_FCF,PUB,ok,0,1,2,2014-01-02,2014-01-03,2014-01-02
BEST_CALCULATED_FCF,7974,ok,0,1,21,2014-01-02,2014-01-03,2014-01-02
BEST_CALCULATED_FCF,DTE,ok,0,1,1,2014-01-02,2014-01-03,2014-01-02
BEST_CALCULATED_FCF,UMG,ok,0,5,1,2021-09-21,2021-09-28,2021-09-21
BEST_CALCULATED_FCF,LOW,ok,0,1,2,2014-01-02,2014-01-03,2014-01-02
BEST_CALCULATED_FCF,TJX,ok,0,1,3,2014-01-02,2014-01-03,2014-01-02
BEST_CALCULATED_FCF,SBUX,ok,0,1,506,2014-01-02,2014-01-03,2014-01-02
BEST_CALCULATED_FCF,ABNB,ok,0,16,1,2020-12-10,2021-01-05,2020-12-10
BEST_CALCULATED_FCF,7203,ok,0,1,2,2014-01-02,2014-01-03,2014-01-02
BEST_CALCULATED_FCF,ITX,ok,0,1,3,2014-01-02,2014-01-03,2014-01-02
BEST_CALCULATED_FCF,ABT,ok,0,1,60,2014-01-02,2014-01-03,2014-01-02
BEST_CALCULATED_FCF,DHR,ok,0,1,9,2014-01-02,2014-01-03,2014-01-02
BEST_CALCULATED_FCF,VRTX,ok,0,1,49,2014-01-02,2014-01-03,2014-01-02
BEST_CALCULATED_FCF,SAN,ok,0,1,2,2014-01-02,2014-01-03,2014-01-02
BEST_CALCULATED_FCF,GE,ok,0,1,1,2024-04-02,2024-04-03,2024-04-02
BEST_CALCULATED_FCF,TT,ok,0,1,1,2020-03-02,2020-03-03,2020-03-02
BEST_CALCULATED_FCF,ABBN,ok,0,1,1,2014-01-02,2014-01-03,2014-01-02
BEST_CALCULATED_FCF,KO,ok,0,1,2,2014-01-02,2014-01-03,2014-01-02
BEST_CALCULATED_FCF,ULVR,ok,0,1,1,2014-01-02,2014-01-03,2014-01-02
BEST_CALCULATED_FCF,ECL,ok,0,1,1,2014-01-02,2014-01-03,2014-01-02
BEST_CALCULATED_FCF,AI,ok,0,1,2,2014-01-02,2014-01-03,2014-01-02
BEST_CALCULATED_FCF,IBE,ok,0,1,1,2014-01-02,2014-01-03,2014-01-02
BEST_CALCULATED_FCF,INTU,ok,0,1,18,2014-01-02,2014-01-03,2014-01-02
BEST_CALCULATED_FCF,SNPS,ok,0,1,115,2014-01-02,2014-01-03,2014-01-02
BEST_CALCULATED_FCF,APH,ok,0,1,69,2014-01-02,2014-01-03,2014-01-02
BEST_CALCULATED_FCF,MSI,ok,0,1,23,2014-01-02,2014-01-03,2014-01-02
BEST_CALCULATED_FCF,CRWD,ok,0,18,3,2019-06-12,2019-07-09,2019-06-12
BEST_CALCULATED_FCF,NXPI,ok,0,25,1,2014-01-02,2014-02-07,2014-01-02
BEST_CALCULATED_FCF,KEYS,ok,0,20,129,2014-10-21,2014-11-18,2014-10-21
BEST_CALCULATED_FCF,ADSK,ok,0,1,3,2014-01-02,2014-01-03,2014-01-02
BEST_CALCULATED_FCF,WDAY,ok,0,1,3,2014-01-02,2014-01-03,2014-01-02
BEST_CALCULATED_FCF,WDC,ok,0,1,1,2025-02-24,2025-02-25,2025-02-24
BEST_CALCULATED_FCF,DDOG,ok,0,35,2,2019-09-19,2019-11-07,2019-09-19
BEST_CALCULATED_FCF,FTNT,ok,0,2,2,2014-01-02,2014-01-06,2014-01-02
BEST_CALCULATED_FCF,DSY,ok,0,1,1,2014-01-02,2014-01-03,2014-01-02
BEST_CALCULATED_FCF,6146,ok,0,1,4,2014-01-02,2014-01-03,2014-01-02
BEST_CALCULATED_FCF,6981,ok,0,1,2,2014-01-02,2014-01-03,2014-01-02
BEST_CALCULATED_FCF,ICE,ok,0,1,67,2014-01-02,2014-01-03,2014-01-02
BEST_CALCULATED_FCF,MCO,ok,0,1,51,2014-01-02,2014-01-03,2014-01-02
BEST_CALCULATED_FCF,PYPL,ok,0,8,1,2015-07-07,2015-07-17,2015-07-07
BEST_CALCULATED_FCF,BNP,ok,0,2701,1,2014-01-02,2024-09-26,2014-01-02
BEST_CALCULATED_FCF,RTX,ok,0,1,1,2014-01-02,2014-01-03,2014-01-02
BEST_CALCULATED_FCF,EMR,ok,0,1,10,2014-01-02,2014-01-03,2014-01-02
BEST_CALCULATED_FCF,AXON,ok,0,2103,299,2014-01-02,2022-05-10,2014-01-02
BEST_CALCULATED_FCF,UBER,ok,0,13,1,2019-05-10,2019-05-30,2019-05-10
BEST_CALCULATED_FCF,AIR,ok,0,1,1,2014-01-02,2014-01-03,2014-01-02
BEST_CALCULATED_FCF,SAF,ok,0,1,1,2014-01-02,2014-01-03,2014-01-02
BEST_CALCULATED_FCF,MRK,ok,0,1,18,2014-01-02,2014-01-03,2014-01-02
BEST_CALCULATED_FCF,AMGN,ok,0,1,3,2014-01-02,2014-01-03,2014-01-02
BEST_CALCULATED_FCF,SYK,ok,0,1,46,2014-01-02,2014-01-03,2014-01-02
BEST_CALCULATED_FCF,MCK,ok,0,1,2,2014-01-02,2014-01-03,2014-01-02
BEST_CALCULATED_FCF,NOVN,ok,0,1,2,2014-01-02,2014-01-03,2014-01-02
BEST_CALCULATED_FCF,NKE,ok,0,1,3,2014-01-02,2014-01-03,2014-01-02
BEST_CALCULATED_FCF,ORLY,ok,0,1,1,2014-01-02,2014-01-03,2014-01-02
BEST_CALCULATED_FCF,DASH,ok,0,16,1,2020-12-09,2021-01-04,2020-12-09
BEST_CALCULATED_FCF,CFR,ok,0,1,2,2014-01-02,2014-01-03,2014-01-02
BEST_CALCULATED_FCF,TTD,ok,0,268,1,2016-09-21,2017-10-13,2016-09-21
BEST_CALCULATED_FCF,RBLX,ok,0,18,156,2021-03-10,2021-04-06,2021-03-10
BEST_CALCULATED_FCF,9432,ok,0,1,2,2014-01-02,2014-01-03,2014-01-02
BEST_CALCULATED_FCF,9433,ok,0,1,2,2014-01-02,2014-01-03,2014-01-02
BEST_CALCULATED_FCF,PEP,ok,0,1,1,2014-01-02,2014-01-03,2014-01-02
BEST_CALCULATED_FCF,MDLZ,ok,0,1,1,2014-01-02,2014-01-03,2014-01-02
BEST_CALCULATED_FCF,OR,ok,0,1,1,2014-01-02,2014-01-03,2014-01-02
BEST_CALCULATED_FCF,CVX,ok,0,1,1,2014-01-02,2014-01-03,2014-01-02
BEST_CALCULATED_FCF,TTE,ok,0,1,1,2014-01-02,2014-01-03,2014-01-02
BEST_CALCULATED_FCF,NEM,ok,0,1,1,2014-01-02,2014-01-03,2014-01-02
BEST_CALCULATED_FCF,SHW,ok,0,1,1,2014-01-02,2014-01-03,2014-01-02
BEST_CALCULATED_FCF,SO,ok,0,1,1,2014-01-02,2014-01-03,2014-01-02
BEST_CALCULATED_FCF,APP,ok,0,18,1,2021-04-15,2021-05-11,2021-04-15
BEST_CALCULATED_FCF,SNOW,ok,0,19,2,2020-09-16,2020-10-13,2020-09-16
BEST_CALCULATED_FCF,NET,ok,0,18,2,2019-09-13,2019-10-09,2019-09-13
BEST_CALCULATED_FCF,ZS,ok,0,17,2,2018-03-16,2018-04-11,2018-03-16
BEST_CALCULATED_FCF,TEAM,ok,0,16,2,2015-12-10,2016-01-05,2015-12-10
BEST_CALCULATED_FCF,COHR,ok,0,1060,123,2014-01-02,2018-03-20,2014-01-02
BEST_CALCULATED_FCF,ON,ok,0,6,1,2014-01-02,2014-01-10,2014-01-02
BEST_CALCULATED_FCF,FICO,ok,0,1196,436,2014-01-02,2018-10-02,2014-01-02
BEST_CALCULATED_FCF,HPE,ok,0,12,11,2015-10-20,2015-11-05,2015-10-20
BEST_CALCULATED_FCF,VRSN,ok,0,1,962,2014-01-02,2014-01-03,2014-01-02
BEST_CALCULATED_FCF,ASM,ok,0,3,76,2014-01-02,2014-01-07,2014-01-02
BEST_CALCULATED_FCF,MRSH,ok,0,1,1,2014-01-02,2014-01-03,2014-01-02
BEST_CALCULATED_FCF,APO,ok,0,123,2570,2014-01-02,2014-06-30,2014-01-02
BEST_CALCULATED_FCF,MSCI,ok,0,1,1,2014-01-02,2014-01-03,2014-01-02
BEST_CALCULATED_FCF,IBKR,ok,0,2455,117,2014-01-02,2023-10-04,2014-01-02
BEST_CALCULATED_FCF,UBSG,ok,0,2140,326,2014-01-02,2022-07-05,2014-01-02
BEST_CALCULATED_FCF,ADP,ok,0,1,22,2014-01-02,2014-01-03,2014-01-02
BEST_CALCULATED_FCF,HWM,ok,0,60,24,2020-04-01,2020-06-26,2020-04-01
BEST_CALCULATED_FCF,WM,ok,0,4,1,2014-01-02,2014-01-08,2014-01-02
BEST_CALCULATED_FCF,PH,ok,0,1,24,2014-01-02,2014-01-03,2014-01-02
BEST_CALCULATED_FCF,REL,ok,0,1,1,2014-01-02,2014-01-03,2014-01-02
BEST_CALCULATED_FCF,7011,ok,0,1,28,2014-01-02,2014-01-03,2014-01-02
BEST_CALCULATED_FCF,ROP,ok,0,1,1,2014-01-02,2014-01-03,2014-01-02
BEST_CALCULATED_FCF,GILD,ok,0,1,2,2014-01-02,2014-01-03,2014-01-02
BEST_CALCULATED_FCF,PFE,ok,0,1,75,2014-01-02,2014-01-03,2014-01-02
BEST_CALCULATED_FCF,MDT,ok,0,1,24,2014-01-02,2014-01-03,2014-01-02
BEST_CALCULATED_FCF,HCA,ok,0,1,1,2014-01-02,2014-01-03,2014-01-02
BEST_CALCULATED_FCF,ZTS,ok,0,28,158,2014-01-02,2014-02-12,2014-01-02
BEST_CALCULATED_FCF,RMS,ok,0,1,1,2014-01-02,2014-01-03,2014-01-02
BEST_CALCULATED_FCF,6758,ok,0,1,2,2014-01-02,2014-01-03,2014-01-02
BEST_CALCULATED_FCF,CMG,ok,0,5,2,2014-01-02,2014-01-09,2014-01-02
BEST_CALCULATED_FCF,MAR,ok,0,1,42,2014-01-02,2014-01-03,2014-01-02
BEST_CALCULATED_FCF,GM,ok,0,1,1,2014-01-02,2014-01-03,2014-01-02
BEST_CALCULATED_FCF,GRMN,ok,0,34,319,2014-01-02,2014-02-21,2014-01-02
BEST_CALCULATED_FCF,RDDT,ok,0,17,1,2024-03-21,2024-04-16,2024-03-21
BEST_CALCULATED_FCF,LYV,ok,0,25,171,2014-01-02,2014-02-07,2014-01-02
BEST_CALCULATED_FCF,TKO,ok,0,1,2,2023-09-12,2023-09-13,2023-09-12
BEST_CALCULATED_FCF,MO,ok,0,1,4,2014-01-02,2014-01-03,2014-01-02
BEST_CALCULATED_FCF,CL,ok,0,1,1,2014-01-02,2014-01-03,2014-01-02
BEST_CALCULATED_FCF,MNST,ok,0,1,14,2014-01-02,2014-01-03,2014-01-02
BEST_CALCULATED_FCF,COP,ok,0,1,2,2014-01-02,2014-01-03,2014-01-02
BEST_CALCULATED_FCF,SLB,ok,0,1,1,2014-01-02,2014-01-03,2014-01-02
BEST_CALCULATED_FCF,APD,ok,0,1,3,2014-01-02,2014-01-03,2014-01-02
BEST_CALCULATED_FCF,4063,ok,0,1,2,2014-01-02,2014-01-03,2014-01-02
BEST_CALCULATED_FCF,NRG,ok,0,1,350,2014-01-02,2014-01-03,2014-01-02
BEST_CALCULATED_FCF,ENEL,ok,0,1,1,2014-01-02,2014-01-03,2014-01-02
BEST_CALCULATED_FCF,WELL,ok,0,10,407,2014-01-02,2014-01-16,2014-01-02
BEST_GROSS_MARGIN,AAPL,ok,0,2,9,2014-01-02,2014-01-06,2014-01-02
BEST_GROSS_MARGIN,MSFT,ok,0,2,11,2014-01-02,2014-01-06,2014-01-02
BEST_GROSS_MARGIN,GOOGL,ok,0,2,13,2014-01-02,2014-01-06,2014-01-02
BEST_GROSS_MARGIN,AMZN,ok,0,2,5,2014-01-02,2014-01-06,2014-01-02
BEST_GROSS_MARGIN,META,ok,0,2,9,2014-01-02,2014-01-06,2014-01-02
BEST_GROSS_MARGIN,NVDA,ok,0,1,14,2014-01-02,2014-01-03,2014-01-02
BEST_GROSS_MARGIN,TSLA,ok,0,2,8,2014-01-02,2014-01-06,2014-01-02
BEST_GROSS_MARGIN,PLTR,ok,0,2,19,2020-09-30,2020-10-02,2020-09-30
BEST_GROSS_MARGIN,AVGO,ok,0,2,20,2014-01-02,2014-01-06,2014-01-02
BEST_GROSS_MARGIN,MU,ok,0,1,8,2014-01-02,2014-01-03,2014-01-02
BEST_GROSS_MARGIN,GEV,ok,0,1,2,2024-04-02,2024-04-03,2024-04-02
BEST_GROSS_MARGIN,VRT,ok,0,416,18,2018-08-01,2020-03-27,2018-08-01
BEST_GROSS_MARGIN,BE,ok,0,20,3,2018-07-25,2018-08-22,2018-07-25
BEST_GROSS_MARGIN,LITE,ok,0,7,14,2015-07-27,2015-08-05,2015-07-27
BEST_GROSS_MARGIN,000660,ok,0,1,7,2014-01-02,2014-01-03,2014-01-02
BEST_GROSS_MARGIN,005930,ok,0,1,4,2014-01-02,2014-01-03,2014-01-02
BEST_GROSS_MARGIN,UNH,ok,0,2,29,2014-01-02,2014-01-06,2014-01-02
BEST_GROSS_MARGIN,LLY,ok,0,2,10,2014-01-02,2014-01-06,2014-01-02
BEST_GROSS_MARGIN,ISRG,ok,0,4,36,2014-01-02,2014-01-08,2014-01-02
BEST_GROSS_MARGIN,ABBV,ok,0,2,15,2014-01-02,2014-01-06,2014-01-02
BEST_GROSS_MARGIN,REGN,ok,0,2,63,2014-01-02,2014-01-06,2014-01-02
BEST_GROSS_MARGIN,JPM,ok,0,2155,741,2014-01-02,2022-07-26,2014-01-02
BEST_GROSS_MARGIN,V,ok,0,152,316,2014-01-02,2014-08-11,2014-01-02
BEST_GROSS_MARGIN,MA,ok,0,149,531,2014-01-02,2014-08-06,2014-01-02
BEST_GROSS_MARGIN,BLK,ok,0,2645,143,2014-01-02,2024-07-09,2014-01-02
BEST_GROSS_MARGIN,SPGI,ok,0,1000,36,2014-01-02,2017-12-20,2014-01-02
BEST_GROSS_MARGIN,GS,ok,0,1976,1191,2014-01-02,2021-11-05,2014-01-02
BEST_GROSS_MARGIN,COST,ok,0,2,28,2014-01-02,2014-01-06,2014-01-02
BEST_GROSS_MARGIN,HD,ok,0,1,22,2014-01-02,2014-01-03,2014-01-02
BEST_GROSS_MARGIN,PG,ok,0,1,7,2014-01-02,2014-01-03,2014-01-02
BEST_GROSS_MARGIN,MCD,ok,0,101,176,2014-01-02,2014-05-29,2014-01-02
BEST_GROSS_MARGIN,WMT,ok,0,5,22,2014-01-02,2014-01-09,2014-01-02
BEST_GROSS_MARGIN,CAT,ok,0,2,8,2014-01-02,2014-01-06,2014-01-02
BEST_GROSS_MARGIN,HON,ok,0,1,6,2014-01-02,2014-01-03,2014-01-02
BEST_GROSS_MARGIN,DE,ok,0,1,8,2014-01-02,2014-01-03,2014-01-02
BEST_GROSS_MARGIN,UNP,ok,0,74,202,2014-01-02,2014-04-21,2014-01-02
BEST_GROSS_MARGIN,LMT,ok,0,203,49,2014-01-02,2014-10-22,2014-01-02
BEST_GROSS_MARGIN,ETN,ok,0,2,40,2014-01-02,2014-01-06,2014-01-02
BEST_GROSS_MARGIN,XOM,ok,0,132,348,2014-01-02,2014-07-14,2014-01-02
BEST_GROSS_MARGIN,LNG,ok,0,1215,9,2014-01-02,2018-10-29,2014-01-02
BEST_GROSS_MARGIN,FCX,ok,0,2,115,2014-01-02,2014-01-06,2014-01-02
BEST_GROSS_MARGIN,LIN,ok,0,1225,11,2014-01-02,2018-11-12,2014-01-02
BEST_GROSS_MARGIN,NEE,ok,0,2,534,2014-01-02,2014-01-06,2014-01-02
BEST_GROSS_MARGIN,AMT,ok,0,2,33,2014-01-02,2014-01-06,2014-01-02
BEST_GROSS_MARGIN,EQIX,ok,0,2,23,2014-01-02,2014-01-06,2014-01-02
BEST_GROSS_MARGIN,TMUS,ok,0,2,70,2014-01-02,2014-01-06,2014-01-02
BEST_GROSS_MARGIN,PLD,ok,0,891,312,2014-01-02,2017-07-18,2014-01-02
BEST_GROSS_MARGIN,AMD,ok,0,2,12,2014-01-02,2014-01-06,2014-01-02
BEST_GROSS_MARGIN,CRM,ok,0,1,14,2014-01-02,2014-01-03,2014-01-02
BEST_GROSS_MARGIN,NFLX,ok,0,2,3,2014-01-02,2014-01-06,2014-01-02
BEST_GROSS_MARGIN,TER,ok,0,2,9,2014-01-02,2014-01-06,2014-01-02
BEST_GROSS_MARGIN,GLW,ok,0,2,21,2014-01-02,2014-01-06,2014-01-02
BEST_GROSS_MARGIN,JNJ,ok,0,2,48,2014-01-02,2014-01-06,2014-01-02
BEST_GROSS_MARGIN,MPC,ok,0,26,343,2014-01-02,2014-02-10,2014-01-02
BEST_GROSS_MARGIN,LRCX,ok,0,2,13,2014-01-02,2014-01-06,2014-01-02
BEST_GROSS_MARGIN,AMAT,ok,0,1,17,2014-01-02,2014-01-03,2014-01-02
BEST_GROSS_MARGIN,PANW,ok,0,2,20,2014-01-02,2014-01-06,2014-01-02
BEST_GROSS_MARGIN,FN,ok,0,1,28,2014-01-02,2014-01-03,2014-01-02
BEST_GROSS_MARGIN,MPWR,ok,0,2,4,2014-01-02,2014-01-06,2014-01-02
BEST_GROSS_MARGIN,CSCO,ok,0,2,31,2014-01-02,2014-01-06,2014-01-02
BEST_GROSS_MARGIN,INTC,ok,0,2,10,2014-01-02,2014-01-06,2014-01-02
BEST_GROSS_MARGIN,ORCL,ok,0,2,16,2014-01-02,2014-01-06,2014-01-02
BEST_GROSS_MARGIN,TSM,ok,0,2,7,2014-01-02,2014-01-06,2014-01-02
BEST_GROSS_MARGIN,SNDK,ok,0,3,4,2025-02-24,2025-02-27,2025-02-24
BEST_GROSS_MARGIN,KLAC,ok,0,1,43,2014-01-02,2014-01-03,2014-01-02
BEST_GROSS_MARGIN,ANET,ok,0,6,15,2014-06-06,2014-06-16,2014-06-06
BEST_GROSS_MARGIN,MRVL,ok,0,1,17,2014-01-02,2014-01-03,2014-01-02
BEST_GROSS_MARGIN,CDNS,ok,0,2,16,2014-01-02,2014-01-06,2014-01-02
BEST_GROSS_MARGIN,STX,ok,0,3,13,2014-01-02,2014-01-07,2014-01-02
BEST_GROSS_MARGIN,PWR,ok,0,2,8,2014-01-02,2014-01-06,2014-01-02
BEST_GROSS_MARGIN,BX,ok,0,132,2154,2014-01-02,2014-07-14,2014-01-02
BEST_GROSS_MARGIN,TMO,ok,0,2,3,2014-01-02,2014-01-06,2014-01-02
BEST_GROSS_MARGIN,BSX,ok,0,2,7,2014-01-02,2014-01-06,2014-01-02
BEST_GROSS_MARGIN,BKNG,ok,0,1,495,2014-01-02,2014-01-03,2014-01-02
BEST_GROSS_MARGIN,PM,ok,0,2,13,2014-01-02,2014-01-06,2014-01-02
BEST_GROSS_MARGIN,WMB,ok,0,247,336,2014-01-02,2014-12-24,2014-01-02
BEST_GROSS_MARGIN,CEG,ok,0,14,24,2022-02-02,2022-02-23,2022-02-02
BEST_GROSS_MARGIN,VST,ok,0,528,26,2016-10-05,2018-11-08,2016-10-05
BEST_GROSS_MARGIN,DLR,ok,0,1100,177,2014-01-02,2018-05-16,2014-01-02
BEST_GROSS_MARGIN,ARM,ok,0,3,15,2023-09-14,2023-09-19,2023-09-14
BEST_GROSS_MARGIN,SPOT,ok,0,1,3,2018-04-03,2018-04-04,2018-04-03
BEST_GROSS_MARGIN,RACE,ok,0,18,24,2015-10-21,2015-11-16,2015-10-21
BEST_GROSS_MARGIN,285A,ok,0,42,3,2024-12-18,2025-02-21,2024-12-18
BEST_GROSS_MARGIN,6857,ok,0,1,42,2014-01-02,2014-01-03,2014-01-02
BEST_GROSS_MARGIN,SU,ok,0,2,18,2014-01-02,2014-01-06,2014-01-02
BEST_GROSS_MARGIN,SIE,ok,0,2,20,2014-01-02,2014-01-06,2014-01-02
BEST_GROSS_MARGIN,RHM,ok,0,2,255,2014-01-02,2014-01-06,2014-01-02
BEST_GROSS_MARGIN,ALV,ok,0,1679,534,2014-01-02,2020-09-02,2014-01-02
BEST_GROSS_MARGIN,MC,ok,0,2,56,2014-01-02,2014-01-06,2014-01-02
BEST_GROSS_MARGIN,NESN,ok,0,2,13,2014-01-02,2014-01-06,2014-01-02
BEST_GROSS_MARGIN,RR/,ok,0,30,85,2014-01-02,2014-02-14,2014-01-02
BEST_GROSS_MARGIN,SAP,ok,0,2,17,2014-01-02,2014-01-06,2014-01-02
BEST_GROSS_MARGIN,ASML,ok,0,2,13,2014-01-02,2014-01-06,2014-01-02
BEST_GROSS_MARGIN,AZN,ok,0,2,16,2014-01-02,2014-01-06,2014-01-02
BEST_GROSS_MARGIN,SHEL,ok,0,67,286,2014-01-02,2014-04-09,2014-01-02
BEST_GROSS_MARGIN,HSBA,ok,0,2221,503,2014-01-02,2022-10-27,2014-01-02
BEST_GROSS_MARGIN,NOVOB,ok,0,2,12,2014-01-02,2014-01-06,2014-01-02
BEST_GROSS_MARGIN,RIO,ok,0,2,9,2014-01-02,2014-01-06,2014-01-02
BEST_GROSS_MARGIN,QCOM,ok,0,2,16,2014-01-02,2014-01-06,2014-01-02
BEST_GROSS_MARGIN,TXN,ok,0,2,7,2014-01-02,2014-01-06,2014-01-02
BEST_GROSS_MARGIN,ADBE,ok,0,2,36,2014-01-02,2014-01-06,2014-01-02
BEST_GROSS_MARGIN,NOW,ok,0,2,13,2014-01-02,2014-01-06,2014-01-02
BEST_GROSS_MARGIN,ACN,ok,0,3,25,2014-01-02,2014-01-07,2014-01-02
BEST_GROSS_MARGIN,IBM,ok,0,2,9,2014-01-02,2014-01-06,2014-01-02
BEST_GROSS_MARGIN,ADI,ok,0,2,19,2014-01-02,2014-01-06,2014-01-02
BEST_GROSS_MARGIN,DELL,ok,0,2,26,2018-12-28,2019-01-02,2018-12-28
BEST_GROSS_MARGIN,8035,ok,0,1,17,2014-01-02,2014-01-03,2014-01-02
BEST_GROSS_MARGIN,IFX,ok,0,1,7,2014-01-02,2014-01-03,2014-01-02
BEST_GROSS_MARGIN,MS,ok,0,2149,162,2014-01-02,2022-07-18,2014-01-02
BEST_GROSS_MARGIN,SCHW,ok,0,3204,0,2014-01-02,,2014-01-02
BEST_GROSS_MARGIN,AON,ok,0,1907,370,2014-01-02,2021-07-30,2014-01-02
BEST_GROSS_MARGIN,CME,ok,0,2674,282,2014-01-02,2024-08-19,2014-01-02
BEST_GROSS_MARGIN,KKR,ok,0,2226,551,2014-01-02,2022-11-03,2014-01-02
BEST_GROSS_MARGIN,BN,ok,0,1,773,2022-12-12,2022-12-13,2022-12-12
BEST_GROSS_MARGIN,LSEG,ok,0,706,110,2014-01-02,2016-10-20,2014-01-02
BEST_GROSS_MARGIN,ZURN,ok,0,1008,996,2014-01-02,2018-01-03,2014-01-02
BEST_GROSS_MARGIN,CS,ok,0,2962,205,2014-01-02,2025-10-13,2014-01-02
BEST_GROSS_MARGIN,DIS,ok,0,214,314,2014-01-02,2014-11-06,2014-01-02
BEST_GROSS_MARGIN,CMCSA,ok,0,219,397,2014-01-02,2014-11-13,2014-01-02
BEST_GROSS_MARGIN,VZ,ok,0,1,36,2014-01-02,2014-01-03,2014-01-02
BEST_GROSS_MARGIN,T,ok,0,18,22,2014-01-02,2014-01-29,2014-01-02
BEST_GROSS_MARGIN,TTWO,ok,0,1,10,2014-01-02,2014-01-03,2014-01-02
BEST_GROSS_MARGIN,PUB,ok,0,2153,475,2014-01-02,2022-07-22,2014-01-02
BEST_GROSS_MARGIN,7974,ok,0,1,8,2014-01-02,2014-01-03,2014-01-02
BEST_GROSS_MARGIN,DTE,ok,0,38,436,2014-01-02,2014-02-27,2014-01-02
BEST_GROSS_MARGIN,UMG,ok,0,51,14,2021-09-21,2021-12-02,2021-09-21
BEST_GROSS_MARGIN,LOW,ok,0,1,25,2014-01-02,2014-01-03,2014-01-02
BEST_GROSS_MARGIN,TJX,ok,0,1,18,2014-01-02,2014-01-03,2014-01-02
BEST_GROSS_MARGIN,SBUX,ok,0,2,23,2014-01-02,2014-01-06,2014-01-02
BEST_GROSS_MARGIN,ABNB,ok,0,1,7,2020-12-10,2020-12-11,2020-12-10
BEST_GROSS_MARGIN,7203,ok,0,1,17,2014-01-02,2014-01-03,2014-01-02
BEST_GROSS_MARGIN,ITX,ok,0,2,23,2014-01-02,2014-01-06,2014-01-02
BEST_GROSS_MARGIN,ABT,ok,0,2,7,2014-01-02,2014-01-06,2014-01-02
BEST_GROSS_MARGIN,DHR,ok,0,2,5,2014-01-02,2014-01-06,2014-01-02
BEST_GROSS_MARGIN,VRTX,ok,0,2,36,2014-01-02,2014-01-06,2014-01-02
BEST_GROSS_MARGIN,SAN,ok,0,1,16,2014-01-02,2014-01-03,2014-01-02
BEST_GROSS_MARGIN,GE,ok,0,1,48,2024-04-02,2024-04-03,2024-04-02
BEST_GROSS_MARGIN,TT,ok,0,1,9,2020-03-02,2020-03-03,2020-03-02
BEST_GROSS_MARGIN,ABBN,ok,0,2,20,2014-01-02,2014-01-06,2014-01-02
BEST_GROSS_MARGIN,KO,ok,0,2,8,2014-01-02,2014-01-06,2014-01-02
BEST_GROSS_MARGIN,ULVR,ok,0,2,26,2014-01-02,2014-01-06,2014-01-02
BEST_GROSS_MARGIN,ECL,ok,0,2,6,2014-01-02,2014-01-06,2014-01-02
BEST_GROSS_MARGIN,AI,ok,0,2,11,2014-01-02,2014-01-06,2014-01-02
BEST_GROSS_MARGIN,IBE,ok,0,2,162,2014-01-02,2014-01-06,2014-01-02
BEST_GROSS_MARGIN,INTU,ok,0,3,31,2014-01-02,2014-01-07,2014-01-02
BEST_GROSS_MARGIN,SNPS,ok,0,1,15,2014-01-02,2014-01-03,2014-01-02
BEST_GROSS_MARGIN,APH,ok,0,2,23,2014-01-02,2014-01-06,2014-01-02
BEST_GROSS_MARGIN,MSI,ok,0,2,17,2014-01-02,2014-01-06,2014-01-02
BEST_GROSS_MARGIN,CRWD,ok,0,19,6,2019-06-12,2019-07-10,2019-06-12
BEST_GROSS_MARGIN,NXPI,ok,0,2,9,2014-01-02,2014-01-06,2014-01-02
BEST_GROSS_MARGIN,KEYS,ok,0,1,14,2014-10-21,2014-10-22,2014-10-21
BEST_GROSS_MARGIN,ADSK,ok,0,4,29,2014-01-02,2014-01-08,2014-01-02
BEST_GROSS_MARGIN,WDAY,ok,0,1,3,2014-01-02,2014-01-03,2014-01-02
BEST_GROSS_MARGIN,WDC,ok,0,1,9,2025-02-24,2025-02-25,2025-02-24
BEST_GROSS_MARGIN,DDOG,ok,0,19,12,2019-09-19,2019-10-16,2019-09-19
BEST_GROSS_MARGIN,FTNT,ok,0,2,504,2014-01-02,2014-01-06,2014-01-02
BEST_GROSS_MARGIN,DSY,ok,0,2,9,2014-01-02,2014-01-06,2014-01-02
BEST_GROSS_MARGIN,6146,ok,0,1,17,2014-01-02,2014-01-03,2014-01-02
BEST_GROSS_MARGIN,6981,ok,0,1,20,2014-01-02,2014-01-03,2014-01-02
BEST_GROSS_MARGIN,BRK/B,ok,0,2599,105,2014-01-02,2024-05-01,2014-01-02
BEST_GROSS_MARGIN,ICE,ok,0,3204,0,2014-01-02,,2014-01-02
BEST_GROSS_MARGIN,MCO,ok,0,60,76,2014-01-02,2014-03-31,2014-01-02
BEST_GROSS_MARGIN,PYPL,ok,0,11,6,2015-07-07,2015-07-22,2015-07-07
BEST_GROSS_MARGIN,BNP,ok,0,2161,217,2014-01-02,2022-08-03,2014-01-02
BEST_GROSS_MARGIN,RTX,ok,0,2,94,2014-01-02,2014-01-06,2014-01-02
BEST_GROSS_MARGIN,EMR,ok,0,2,19,2014-01-02,2014-01-06,2014-01-02
BEST_GROSS_MARGIN,AXON,ok,0,2,3,2014-01-02,2014-01-06,2014-01-02
BEST_GROSS_MARGIN,UBER,ok,0,1,18,2019-05-10,2019-05-13,2019-05-10
BEST_GROSS_MARGIN,AIR,ok,0,2,11,2014-01-02,2014-01-06,2014-01-02
BEST_GROSS_MARGIN,SAF,ok,0,2,211,2014-01-02,2014-01-06,2014-01-02
BEST_GROSS_MARGIN,MRK,ok,0,2,15,2014-01-02,2014-01-06,2014-01-02
BEST_GROSS_MARGIN,AMGN,ok,0,2,48,2014-01-02,2014-01-06,2014-01-02
BEST_GROSS_MARGIN,SYK,ok,0,2,16,2014-01-02,2014-01-06,2014-01-02
BEST_GROSS_MARGIN,MCK,ok,0,1,32,2014-01-02,2014-01-03,2014-01-02
BEST_GROSS_MARGIN,NOVN,ok,0,2,13,2014-01-02,2014-01-06,2014-01-02
BEST_GROSS_MARGIN,NKE,ok,0,1,9,2014-01-02,2014-01-03,2014-01-02
BEST_GROSS_MARGIN,ORLY,ok,0,2,13,2014-01-02,2014-01-06,2014-01-02
BEST_GROSS_MARGIN,DASH,ok,0,1,5,2020-12-09,2020-12-10,2020-12-09
BEST_GROSS_MARGIN,CFR,ok,0,1,6,2014-01-02,2014-01-03,2014-01-02
BEST_GROSS_MARGIN,TTD,ok,0,20,31,2016-09-21,2016-10-19,2016-09-21
BEST_GROSS_MARGIN,RBLX,ok,0,1,7,2021-03-10,2021-03-11,2021-03-10
BEST_GROSS_MARGIN,9432,ok,0,125,29,2014-01-02,2014-07-02,2014-01-02
BEST_GROSS_MARGIN,9433,ok,0,76,133,2014-01-02,2014-04-23,2014-01-02
BEST_GROSS_MARGIN,PEP,ok,0,2,8,2014-01-02,2014-01-06,2014-01-02
BEST_GROSS_MARGIN,MDLZ,ok,0,2,20,2014-01-02,2014-01-06,2014-01-02
BEST_GROSS_MARGIN,OR,ok,0,2,7,2014-01-02,2014-01-06,2014-01-02
BEST_GROSS_MARGIN,CVX,ok,0,101,355,2014-01-02,2014-05-29,2014-01-02
BEST_GROSS_MARGIN,TTE,ok,0,130,153,2014-01-02,2014-07-10,2014-01-02
BEST_GROSS_MARGIN,NEM,ok,0,2,10,2014-01-02,2014-01-06,2014-01-02
BEST_GROSS_MARGIN,SHW,ok,0,2,12,2014-01-02,2014-01-06,2014-01-02
BEST_GROSS_MARGIN,SO,ok,0,224,439,2014-01-02,2014-11-20,2014-01-02
BEST_GROSS_MARGIN,APP,ok,0,19,9,2021-04-15,2021-05-12,2021-04-15
BEST_GROSS_MARGIN,SNOW,ok,0,11,4,2020-09-16,2020-10-01,2020-09-16
BEST_GROSS_MARGIN,NET,ok,0,18,23,2019-09-13,2019-10-09,2019-09-13
BEST_GROSS_MARGIN,ZS,ok,0,17,15,2018-03-16,2018-04-11,2018-03-16
BEST_GROSS_MARGIN,TEAM,ok,0,17,12,2015-12-10,2016-01-06,2015-12-10
BEST_GROSS_MARGIN,COHR,ok,0,1,24,2014-01-02,2014-01-03,2014-01-02
BEST_GROSS_MARGIN,ON,ok,0,2,6,2014-01-02,2014-01-06,2014-01-02
BEST_GROSS_MARGIN,FICO,ok,0,16,51,2014-01-02,2014-01-27,2014-01-02
BEST_GROSS_MARGIN,HPE,ok,0,7,23,2015-10-20,2015-10-29,2015-10-20
BEST_GROSS_MARGIN,VRSN,ok,0,2,854,2014-01-02,2014-01-06,2014-01-02
BEST_GROSS_MARGIN,ASM,ok,0,2,49,2014-01-02,2014-01-06,2014-01-02
BEST_GROSS_MARGIN,MRSH,ok,0,3204,0,2014-01-02,,2014-01-02
BEST_GROSS_MARGIN,APO,ok,0,123,3073,2014-01-02,2014-06-30,2014-01-02
BEST_GROSS_MARGIN,MSCI,ok,0,2,29,2014-01-02,2014-01-06,2014-01-02
BEST_GROSS_MARGIN,IBKR,ok,0,2966,51,2014-01-02,2025-10-17,2014-01-02
BEST_GROSS_MARGIN,UBSG,ok,0,26,937,2014-01-02,2014-02-10,2014-01-02
BEST_GROSS_MARGIN,ADP,ok,0,1,66,2014-01-02,2014-01-03,2014-01-02
BEST_GROSS_MARGIN,HWM,ok,0,1,52,2020-04-01,2020-04-02,2020-04-01
BEST_GROSS_MARGIN,WM,ok,0,2,5,2014-01-02,2014-01-06,2014-01-02
BEST_GROSS_MARGIN,PH,ok,0,1,12,2014-01-02,2014-01-03,2014-01-02
BEST_GROSS_MARGIN,REL,ok,0,2,150,2014-01-02,2014-01-06,2014-01-02
BEST_GROSS_MARGIN,7011,ok,0,1,37,2014-01-02,2014-01-03,2014-01-02
BEST_GROSS_MARGIN,ROP,ok,0,2,23,2014-01-02,2014-01-06,2014-01-02
BEST_GROSS_MARGIN,GILD,ok,0,2,22,2014-01-02,2014-01-06,2014-01-02
BEST_GROSS_MARGIN,PFE,ok,0,3,21,2014-01-02,2014-01-07,2014-01-02
BEST_GROSS_MARGIN,MDT,ok,0,1,37,2014-01-02,2014-01-03,2014-01-02
BEST_GROSS_MARGIN,HCA,ok,0,24,509,2014-01-02,2014-02-06,2014-01-02
BEST_GROSS_MARGIN,ZTS,ok,0,2,14,2014-01-02,2014-01-06,2014-01-02
BEST_GROSS_MARGIN,RMS,ok,0,2,26,2014-01-02,2014-01-06,2014-01-02
BEST_GROSS_MARGIN,6758,ok,0,2,50,2014-01-02,2014-01-06,2014-01-02
BEST_GROSS_MARGIN,CMG,ok,0,26,26,2014-01-02,2014-02-10,2014-01-02
BEST_GROSS_MARGIN,MAR,ok,0,146,568,2014-01-02,2014-08-01,2014-01-02
BEST_GROSS_MARGIN,GM,ok,0,2,18,2014-01-02,2014-01-06,2014-01-02
BEST_GROSS_MARGIN,GRMN,ok,0,2,30,2014-01-02,2014-01-06,2014-01-02
BEST_GROSS_MARGIN,RDDT,ok,0,1,6,2024-03-21,2024-03-22,2024-03-21
BEST_GROSS_MARGIN,LYV,ok,0,2,950,2014-01-02,2014-01-06,2014-01-02
BEST_GROSS_MARGIN,TKO,ok,0,8,3,2023-09-12,2023-09-22,2023-09-12
BEST_GROSS_MARGIN,MO,ok,0,2,7,2014-01-02,2014-01-06,2014-01-02
BEST_GROSS_MARGIN,CL,ok,0,2,19,2014-01-02,2014-01-06,2014-01-02
BEST_GROSS_MARGIN,MNST,ok,0,2,12,2014-01-02,2014-01-06,2014-01-02
BEST_GROSS_MARGIN,COP,ok,0,2,171,2014-01-02,2014-01-06,2014-01-02
BEST_GROSS_MARGIN,SLB,ok,0,2,105,2014-01-02,2014-01-06,2014-01-02
BEST_GROSS_MARGIN,APD,ok,0,1,7,2014-01-02,2014-01-03,2014-01-02
BEST_GROSS_MARGIN,4063,ok,0,1,20,2014-01-02,2014-01-03,2014-01-02
BEST_GROSS_MARGIN,NRG,ok,0,469,271,2014-01-02,2015-11-11,2014-01-02
BEST_GROSS_MARGIN,ENEL,ok,0,43,208,2014-01-02,2014-03-06,2014-01-02
BEST_GROSS_MARGIN,WELL,ok,0,2118,257,2014-01-02,2022-06-01,2014-01-02
CUR_MKT_CAP,AAPL,ok,0,1,2,2014-01-02,2014-01-03,2014-01-02
CUR_MKT_CAP,MSFT,ok,0,1,2,2014-01-02,2014-01-03,2014-01-02
CUR_MKT_CAP,GOOGL,ok,0,1,1,2014-01-02,2014-01-03,2014-01-02
CUR_MKT_CAP,AMZN,ok,0,1,3,2014-01-02,2014-01-03,2014-01-02
CUR_MKT_CAP,META,ok,0,1,2,2014-01-02,2014-01-03,2014-01-02
CUR_MKT_CAP,NVDA,ok,0,1,2,2014-01-02,2014-01-03,2014-01-02
CUR_MKT_CAP,TSLA,ok,0,1,2,2014-01-02,2014-01-03,2014-01-02
CUR_MKT_CAP,PLTR,ok,0,1,2,2020-09-30,2020-10-01,2020-09-30
CUR_MKT_CAP,AVGO,ok,0,1,2,2014-01-02,2014-01-03,2014-01-02
CUR_MKT_CAP,MU,ok,0,1,2,2014-01-02,2014-01-03,2014-01-02
CUR_MKT_CAP,GEV,ok,0,1,2,2024-04-02,2024-04-03,2024-04-02
CUR_MKT_CAP,VRT,ok,0,1,5,2018-08-01,2018-08-02,2018-08-01
CUR_MKT_CAP,BE,ok,0,1,2,2018-07-25,2018-07-26,2018-07-25
CUR_MKT_CAP,LITE,ok,0,1,2,2015-07-27,2015-07-28,2015-07-27
CUR_MKT_CAP,000660,ok,0,1,7,2014-01-02,2014-01-03,2014-01-02
CUR_MKT_CAP,005930,ok,0,1,7,2014-01-02,2014-01-03,2014-01-02
CUR_MKT_CAP,UNH,ok,0,1,2,2014-01-02,2014-01-03,2014-01-02
CUR_MKT_CAP,LLY,ok,0,1,2,2014-01-02,2014-01-03,2014-01-02
CUR_MKT_CAP,ISRG,ok,0,1,2,2014-01-02,2014-01-03,2014-01-02
CUR_MKT_CAP,ABBV,ok,0,1,2,2014-01-02,2014-01-03,2014-01-02
CUR_MKT_CAP,REGN,ok,0,1,2,2014-01-02,2014-01-03,2014-01-02
CUR_MKT_CAP,JPM,ok,0,1,2,2014-01-02,2014-01-03,2014-01-02
CUR_MKT_CAP,V,ok,0,1,2,2014-01-02,2014-01-03,2014-01-02
CUR_MKT_CAP,MA,ok,0,1,2,2014-01-02,2014-01-03,2014-01-02
CUR_MKT_CAP,BLK,ok,0,1,2,2014-01-02,2014-01-03,2014-01-02
CUR_MKT_CAP,SPGI,ok,0,1,2,2014-01-02,2014-01-03,2014-01-02
CUR_MKT_CAP,GS,ok,0,1,2,2014-01-02,2014-01-03,2014-01-02
CUR_MKT_CAP,COST,ok,0,1,2,2014-01-02,2014-01-03,2014-01-02
CUR_MKT_CAP,HD,ok,0,1,2,2014-01-02,2014-01-03,2014-01-02
CUR_MKT_CAP,PG,ok,0,1,2,2014-01-02,2014-01-03,2014-01-02
CUR_MKT_CAP,MCD,ok,0,1,2,2014-01-02,2014-01-03,2014-01-02
CUR_MKT_CAP,WMT,ok,0,1,2,2014-01-02,2014-01-03,2014-01-02
CUR_MKT_CAP,CAT,ok,0,1,2,2014-01-02,2014-01-03,2014-01-02
CUR_MKT_CAP,HON,ok,0,1,2,2014-01-02,2014-01-03,2014-01-02
CUR_MKT_CAP,DE,ok,0,1,2,2014-01-02,2014-01-03,2014-01-02
CUR_MKT_CAP,UNP,ok,0,1,2,2014-01-02,2014-01-03,2014-01-02
CUR_MKT_CAP,LMT,ok,0,1,2,2014-01-02,2014-01-03,2014-01-02
CUR_MKT_CAP,ETN,ok,0,1,2,2014-01-02,2014-01-03,2014-01-02
CUR_MKT_CAP,XOM,ok,0,1,2,2014-01-02,2014-01-03,2014-01-02
CUR_MKT_CAP,LNG,ok,0,1,2,2014-01-02,2014-01-03,2014-01-02
CUR_MKT_CAP,FCX,ok,0,1,3,2014-01-02,2014-01-03,2014-01-02
CUR_MKT_CAP,LIN,ok,0,1,2,2014-01-02,2014-01-03,2014-01-02
CUR_MKT_CAP,NEE,ok,0,1,2,2014-01-02,2014-01-03,2014-01-02
CUR_MKT_CAP,AMT,ok,0,1,2,2014-01-02,2014-01-03,2014-01-02
CUR_MKT_CAP,EQIX,ok,0,1,2,2014-01-02,2014-01-03,2014-01-02
CUR_MKT_CAP,TMUS,ok,0,1,2,2014-01-02,2014-01-03,2014-01-02
CUR_MKT_CAP,PLD,ok,0,1,2,2014-01-02,2014-01-03,2014-01-02
CUR_MKT_CAP,AMD,ok,0,1,3,2014-01-02,2014-01-03,2014-01-02
CUR_MKT_CAP,CRM,ok,0,1,2,2014-01-02,2014-01-03,2014-01-02
CUR_MKT_CAP,NFLX,ok,0,1,2,2014-01-02,2014-01-03,2014-01-02
CUR_MKT_CAP,TER,ok,0,1,2,2014-01-02,2014-01-03,2014-01-02
CUR_MKT_CAP,GLW,ok,0,1,2,2014-01-02,2014-01-03,2014-01-02
CUR_MKT_CAP,JNJ,ok,0,1,3,2014-01-02,2014-01-03,2014-01-02
CUR_MKT_CAP,WFC,ok,0,1,2,2014-01-02,2014-01-03,2014-01-02
CUR_MKT_CAP,MPC,ok,0,1,2,2014-01-02,2014-01-03,2014-01-02
CUR_MKT_CAP,LRCX,ok,0,1,2,2014-01-02,2014-01-03,2014-01-02
CUR_MKT_CAP,AMAT,ok,0,1,2,2014-01-02,2014-01-03,2014-01-02
CUR_MKT_CAP,PANW,ok,0,1,2,2014-01-02,2014-01-03,2014-01-02
CUR_MKT_CAP,FN,ok,0,1,2,2014-01-02,2014-01-03,2014-01-02
CUR_MKT_CAP,MPWR,ok,0,1,2,2014-01-02,2014-01-03,2014-01-02
CUR_MKT_CAP,BAC,ok,0,1,3,2014-01-02,2014-01-03,2014-01-02
CUR_MKT_CAP,CSCO,ok,0,1,3,2014-01-02,2014-01-03,2014-01-02
CUR_MKT_CAP,INTC,ok,0,1,2,2014-01-02,2014-01-03,2014-01-02
CUR_MKT_CAP,ORCL,ok,0,1,3,2014-01-02,2014-01-03,2014-01-02
CUR_MKT_CAP,TSM,ok,0,1,3,2014-01-02,2014-01-03,2014-01-02
CUR_MKT_CAP,SNDK,ok,0,1,1,2025-02-24,2025-02-25,2025-02-24
CUR_MKT_CAP,KLAC,ok,0,1,2,2014-01-02,2014-01-03,2014-01-02
CUR_MKT_CAP,ANET,ok,0,1,2,2014-06-06,2014-06-09,2014-06-06
CUR_MKT_CAP,MRVL,ok,0,1,3,2014-01-02,2014-01-03,2014-01-02
CUR_MKT_CAP,CDNS,ok,0,1,2,2014-01-02,2014-01-03,2014-01-02
CUR_MKT_CAP,STX,ok,0,1,2,2014-01-02,2014-01-03,2014-01-02
CUR_MKT_CAP,PWR,ok,0,1,2,2014-01-02,2014-01-03,2014-01-02
CUR_MKT_CAP,BX,ok,0,1,2,2014-01-02,2014-01-03,2014-01-02
CUR_MKT_CAP,TMO,ok,0,1,2,2014-01-02,2014-01-03,2014-01-02
CUR_MKT_CAP,BSX,ok,0,1,3,2014-01-02,2014-01-03,2014-01-02
CUR_MKT_CAP,BKNG,ok,0,1,2,2014-01-02,2014-01-03,2014-01-02
CUR_MKT_CAP,PM,ok,0,1,2,2014-01-02,2014-01-03,2014-01-02
CUR_MKT_CAP,WMB,ok,0,1,2,2014-01-02,2014-01-03,2014-01-02
CUR_MKT_CAP,CEG,ok,0,1,2,2022-02-02,2022-02-03,2022-02-02
CUR_MKT_CAP,VST,ok,0,2,3,2016-10-05,2016-10-07,2016-10-05
CUR_MKT_CAP,DLR,ok,0,1,2,2014-01-02,2014-01-03,2014-01-02
CUR_MKT_CAP,ARM,ok,0,1,2,2023-09-14,2023-09-15,2023-09-14
CUR_MKT_CAP,SPOT,ok,0,1,2,2018-04-03,2018-04-04,2018-04-03
CUR_MKT_CAP,RACE,ok,0,1,2,2015-10-21,2015-10-22,2015-10-21
CUR_MKT_CAP,285A,ok,0,1,1,2024-12-18,2024-12-19,2024-12-18
CUR_MKT_CAP,6857,ok,0,1,2,2014-01-02,2014-01-03,2014-01-02
CUR_MKT_CAP,SU,ok,0,1,1,2014-01-02,2014-01-03,2014-01-02
CUR_MKT_CAP,SIE,ok,0,1,2,2014-01-02,2014-01-03,2014-01-02
CUR_MKT_CAP,RHM,ok,0,1,2,2014-01-02,2014-01-03,2014-01-02
CUR_MKT_CAP,ALV,ok,0,1,2,2014-01-02,2014-01-03,2014-01-02
CUR_MKT_CAP,MC,ok,0,1,1,2014-01-02,2014-01-03,2014-01-02
CUR_MKT_CAP,NESN,ok,0,1,2,2014-01-02,2014-01-03,2014-01-02
CUR_MKT_CAP,RR/,ok,0,1,2,2014-01-02,2014-01-03,2014-01-02
CUR_MKT_CAP,SAP,ok,0,1,2,2014-01-02,2014-01-03,2014-01-02
CUR_MKT_CAP,ASML,ok,0,1,1,2014-01-02,2014-01-03,2014-01-02
CUR_MKT_CAP,AZN,ok,0,1,2,2014-01-02,2014-01-03,2014-01-02
CUR_MKT_CAP,SHEL,ok,0,1,2,2014-01-02,2014-01-03,2014-01-02
CUR_MKT_CAP,HSBA,ok,0,1,2,2014-01-02,2014-01-03,2014-01-02
CUR_MKT_CAP,NOVOB,ok,0,1,2,2014-01-02,2014-01-03,2014-01-02
CUR_MKT_CAP,RIO,ok,0,1,2,2014-01-02,2014-01-03,2014-01-02
CUR_MKT_CAP,QCOM,ok,0,1,2,2014-01-02,2014-01-03,2014-01-02
CUR_MKT_CAP,TXN,ok,0,1,2,2014-01-02,2014-01-03,2014-01-02
CUR_MKT_CAP,ADBE,ok,0,1,2,2014-01-02,2014-01-03,2014-01-02
CUR_MKT_CAP,NOW,ok,0,1,2,2014-01-02,2014-01-03,2014-01-02
CUR_MKT_CAP,ACN,ok,0,1,2,2014-01-02,2014-01-03,2014-01-02
CUR_MKT_CAP,IBM,ok,0,1,2,2014-01-02,2014-01-03,2014-01-02
CUR_MKT_CAP,ADI,ok,0,1,2,2014-01-02,2014-01-03,2014-01-02
CUR_MKT_CAP,DELL,ok,0,1,2,2018-12-28,2018-12-31,2018-12-28
CUR_MKT_CAP,8035,ok,0,1,2,2014-01-02,2014-01-03,2014-01-02
CUR_MKT_CAP,IFX,ok,0,1,2,2014-01-02,2014-01-03,2014-01-02
CUR_MKT_CAP,MS,ok,0,1,2,2014-01-02,2014-01-03,2014-01-02
CUR_MKT_CAP,SCHW,ok,0,1,2,2014-01-02,2014-01-03,2014-01-02
CUR_MKT_CAP,AXP,ok,0,1,2,2014-01-02,2014-01-03,2014-01-02
CUR_MKT_CAP,PGR,ok,0,1,2,2014-01-02,2014-01-03,2014-01-02
CUR_MKT_CAP,AON,ok,0,1,2,2014-01-02,2014-01-03,2014-01-02
CUR_MKT_CAP,CME,ok,0,1,2,2014-01-02,2014-01-03,2014-01-02
CUR_MKT_CAP,KKR,ok,0,1,3,2014-01-02,2014-01-03,2014-01-02
CUR_MKT_CAP,BN,ok,0,1,2,2022-12-12,2022-12-13,2022-12-12
CUR_MKT_CAP,C,ok,0,1,2,2014-01-02,2014-01-03,2014-01-02
CUR_MKT_CAP,LSEG,ok,0,1,2,2014-01-02,2014-01-03,2014-01-02
CUR_MKT_CAP,ZURN,ok,0,1,2,2014-01-02,2014-01-03,2014-01-02
CUR_MKT_CAP,CS,ok,0,1,1,2014-01-02,2014-01-03,2014-01-02
CUR_MKT_CAP,8306,ok,0,1,2,2014-01-02,2014-01-03,2014-01-02
CUR_MKT_CAP,DIS,ok,0,1,2,2014-01-02,2014-01-03,2014-01-02
CUR_MKT_CAP,CMCSA,ok,0,1,2,2014-01-02,2014-01-03,2014-01-02
CUR_MKT_CAP,VZ,ok,0,1,2,2014-01-02,2014-01-03,2014-01-02
CUR_MKT_CAP,T,ok,0,1,3,2014-01-02,2014-01-03,2014-01-02
CUR_MKT_CAP,TTWO,ok,0,1,2,2014-01-02,2014-01-03,2014-01-02
CUR_MKT_CAP,PUB,ok,0,1,2,2014-01-02,2014-01-03,2014-01-02
CUR_MKT_CAP,7974,ok,0,1,2,2014-01-02,2014-01-03,2014-01-02
CUR_MKT_CAP,DTE,ok,0,1,2,2014-01-02,2014-01-03,2014-01-02
CUR_MKT_CAP,UMG,ok,0,1,1,2021-09-21,2021-09-22,2021-09-21
CUR_MKT_CAP,LOW,ok,0,1,2,2014-01-02,2014-01-03,2014-01-02
CUR_MKT_CAP,TJX,ok,0,1,2,2014-01-02,2014-01-03,2014-01-02
CUR_MKT_CAP,SBUX,ok,0,1,2,2014-01-02,2014-01-03,2014-01-02
CUR_MKT_CAP,ABNB,ok,0,1,2,2020-12-10,2020-12-11,2020-12-10
CUR_MKT_CAP,7203,ok,0,1,2,2014-01-02,2014-01-03,2014-01-02
CUR_MKT_CAP,ITX,ok,0,1,2,2014-01-02,2014-01-03,2014-01-02
CUR_MKT_CAP,ABT,ok,0,1,2,2014-01-02,2014-01-03,2014-01-02
CUR_MKT_CAP,DHR,ok,0,1,2,2014-01-02,2014-01-03,2014-01-02
CUR_MKT_CAP,VRTX,ok,0,1,2,2014-01-02,2014-01-03,2014-01-02
CUR_MKT_CAP,SAN,ok,0,1,1,2014-01-02,2014-01-03,2014-01-02
CUR_MKT_CAP,GE,ok,0,1,2,2024-04-02,2024-04-03,2024-04-02
CUR_MKT_CAP,TT,ok,0,1,2,2020-03-02,2020-03-03,2020-03-02
CUR_MKT_CAP,ABBN,ok,0,1,2,2014-01-02,2014-01-03,2014-01-02
CUR_MKT_CAP,KO,ok,0,1,3,2014-01-02,2014-01-03,2014-01-02
CUR_MKT_CAP,ULVR,ok,0,1,2,2014-01-02,2014-01-03,2014-01-02
CUR_MKT_CAP,ECL,ok,0,1,2,2014-01-02,2014-01-03,2014-01-02
CUR_MKT_CAP,AI,ok,0,1,2,2014-01-02,2014-01-03,2014-01-02
CUR_MKT_CAP,IBE,ok,0,1,1,2014-01-02,2014-01-03,2014-01-02
CUR_MKT_CAP,INTU,ok,0,1,2,2014-01-02,2014-01-03,2014-01-02
CUR_MKT_CAP,SNPS,ok,0,1,2,2014-01-02,2014-01-03,2014-01-02
CUR_MKT_CAP,APH,ok,0,1,2,2014-01-02,2014-01-03,2014-01-02
CUR_MKT_CAP,MSI,ok,0,1,2,2014-01-02,2014-01-03,2014-01-02
CUR_MKT_CAP,CRWD,ok,0,1,2,2019-06-12,2019-06-13,2019-06-12
CUR_MKT_CAP,NXPI,ok,0,1,2,2014-01-02,2014-01-03,2014-01-02
CUR_MKT_CAP,KEYS,ok,0,1,2,2014-10-21,2014-10-22,2014-10-21
CUR_MKT_CAP,ADSK,ok,0,1,2,2014-01-02,2014-01-03,2014-01-02
CUR_MKT_CAP,WDAY,ok,0,1,2,2014-01-02,2014-01-03,2014-01-02
CUR_MKT_CAP,WDC,ok,0,1,2,2025-02-24,2025-02-25,2025-02-24
CUR_MKT_CAP,DDOG,ok,0,1,2,2019-09-19,2019-09-20,2019-09-19
CUR_MKT_CAP,FTNT,ok,0,1,2,2014-01-02,2014-01-03,2014-01-02
CUR_MKT_CAP,DSY,ok,0,1,1,2014-01-02,2014-01-03,2014-01-02
CUR_MKT_CAP,6146,ok,0,1,2,2014-01-02,2014-01-03,2014-01-02
CUR_MKT_CAP,6981,ok,0,1,2,2014-01-02,2014-01-03,2014-01-02
CUR_MKT_CAP,BRK/B,ok,0,1,1,2014-01-02,2014-01-03,2014-01-02
CUR_MKT_CAP,CB,ok,0,1,2,2014-01-02,2014-01-03,2014-01-02
CUR_MKT_CAP,ICE,ok,0,1,2,2014-01-02,2014-01-03,2014-01-02
CUR_MKT_CAP,MCO,ok,0,1,2,2014-01-02,2014-01-03,2014-01-02
CUR_MKT_CAP,PYPL,ok,0,1,2,2015-07-07,2015-07-08,2015-07-07
CUR_MKT_CAP,COF,ok,0,1,2,2025-05-19,2025-05-20,2025-05-19
CUR_MKT_CAP,BNP,ok,0,1,1,2014-01-02,2014-01-03,2014-01-02
CUR_MKT_CAP,MUV2,ok,0,1,2,2014-01-02,2014-01-03,2014-01-02
CUR_MKT_CAP,RTX,ok,0,1,2,2014-01-02,2014-01-03,2014-01-02
CUR_MKT_CAP,EMR,ok,0,1,2,2014-01-02,2014-01-03,2014-01-02
CUR_MKT_CAP,AXON,ok,0,1,2,2014-01-02,2014-01-03,2014-01-02
CUR_MKT_CAP,UBER,ok,0,1,2,2019-05-10,2019-05-13,2019-05-10
CUR_MKT_CAP,AIR,ok,0,1,1,2014-01-02,2014-01-03,2014-01-02
CUR_MKT_CAP,SAF,ok,0,1,2,2014-01-02,2014-01-03,2014-01-02
CUR_MKT_CAP,MRK,ok,0,1,2,2014-01-02,2014-01-03,2014-01-02
CUR_MKT_CAP,AMGN,ok,0,1,2,2014-01-02,2014-01-03,2014-01-02
CUR_MKT_CAP,SYK,ok,0,1,2,2014-01-02,2014-01-03,2014-01-02
CUR_MKT_CAP,MCK,ok,0,1,2,2014-01-02,2014-01-03,2014-01-02
CUR_MKT_CAP,NOVN,ok,0,1,2,2014-01-02,2014-01-03,2014-01-02
CUR_MKT_CAP,NKE,ok,0,1,2,2014-01-02,2014-01-03,2014-01-02
CUR_MKT_CAP,ORLY,ok,0,1,2,2014-01-02,2014-01-03,2014-01-02
CUR_MKT_CAP,DASH,ok,0,1,2,2020-12-09,2020-12-10,2020-12-09
CUR_MKT_CAP,CFR,ok,0,1,2,2014-01-02,2014-01-03,2014-01-02
CUR_MKT_CAP,TTD,ok,0,1,2,2016-09-21,2016-09-22,2016-09-21
CUR_MKT_CAP,RBLX,ok,0,1,2,2021-03-10,2021-03-11,2021-03-10
CUR_MKT_CAP,9432,ok,0,1,2,2014-01-02,2014-01-03,2014-01-02
CUR_MKT_CAP,9433,ok,0,1,2,2014-01-02,2014-01-03,2014-01-02
CUR_MKT_CAP,PEP,ok,0,1,2,2014-01-02,2014-01-03,2014-01-02
CUR_MKT_CAP,MDLZ,ok,0,1,3,2014-01-02,2014-01-03,2014-01-02
CUR_MKT_CAP,OR,ok,0,1,1,2014-01-02,2014-01-03,2014-01-02
CUR_MKT_CAP,CVX,ok,0,1,2,2014-01-02,2014-01-03,2014-01-02
CUR_MKT_CAP,TTE,ok,0,1,1,2014-01-02,2014-01-03,2014-01-02
CUR_MKT_CAP,NEM,ok,0,1,2,2014-01-02,2014-01-03,2014-01-02
CUR_MKT_CAP,SHW,ok,0,1,2,2014-01-02,2014-01-03,2014-01-02
CUR_MKT_CAP,SO,ok,0,1,2,2014-01-02,2014-01-03,2014-01-02
CUR_MKT_CAP,APP,ok,0,1,2,2021-04-15,2021-04-16,2021-04-15
CUR_MKT_CAP,SNOW,ok,0,1,2,2020-09-16,2020-09-17,2020-09-16
CUR_MKT_CAP,NET,ok,0,1,2,2019-09-13,2019-09-16,2019-09-13
CUR_MKT_CAP,ZS,ok,0,1,2,2018-03-16,2018-03-19,2018-03-16
CUR_MKT_CAP,TEAM,ok,0,1,2,2015-12-10,2015-12-11,2015-12-10
CUR_MKT_CAP,COHR,ok,0,1,2,2014-01-02,2014-01-03,2014-01-02
CUR_MKT_CAP,ON,ok,0,1,2,2014-01-02,2014-01-03,2014-01-02
CUR_MKT_CAP,FICO,ok,0,1,3,2014-01-02,2014-01-03,2014-01-02
CUR_MKT_CAP,HPE,ok,0,1,2,2015-10-20,2015-10-21,2015-10-20
CUR_MKT_CAP,VRSN,ok,0,1,2,2014-01-02,2014-01-03,2014-01-02
CUR_MKT_CAP,ASM,ok,0,1,1,2014-01-02,2014-01-03,2014-01-02
CUR_MKT_CAP,MRSH,ok,0,1,2,2014-01-02,2014-01-03,2014-01-02
CUR_MKT_CAP,APO,ok,0,1,3,2014-01-02,2014-01-03,2014-01-02
CUR_MKT_CAP,MSCI,ok,0,1,2,2014-01-02,2014-01-03,2014-01-02
CUR_MKT_CAP,BNY,ok,0,1,2,2014-01-02,2014-01-03,2014-01-02
CUR_MKT_CAP,IBKR,ok,0,1,2,2014-01-02,2014-01-03,2014-01-02
CUR_MKT_CAP,UBSG,ok,0,1,2,2014-01-02,2014-01-03,2014-01-02
CUR_MKT_CAP,UCG,ok,0,1,2,2014-01-02,2014-01-03,2014-01-02
CUR_MKT_CAP,8316,ok,0,1,2,2014-01-02,2014-01-03,2014-01-02
CUR_MKT_CAP,ADP,ok,0,1,2,2014-01-02,2014-01-03,2014-01-02
CUR_MKT_CAP,HWM,ok,0,1,2,2020-04-01,2020-04-02,2020-04-01
CUR_MKT_CAP,WM,ok,0,1,2,2014-01-02,2014-01-03,2014-01-02
CUR_MKT_CAP,PH,ok,0,1,2,2014-01-02,2014-01-03,2014-01-02
CUR_MKT_CAP,REL,ok,0,1,2,2014-01-02,2014-01-03,2014-01-02
CUR_MKT_CAP,7011,ok,0,1,2,2014-01-02,2014-01-03,2014-01-02
CUR_MKT_CAP,ROP,ok,0,1,2,2014-01-02,2014-01-03,2014-01-02
CUR_MKT_CAP,GILD,ok,0,1,2,2014-01-02,2014-01-03,2014-01-02
CUR_MKT_CAP,PFE,ok,0,1,3,2014-01-02,2014-01-03,2014-01-02
CUR_MKT_CAP,MDT,ok,0,1,3,2014-01-02,2014-01-03,2014-01-02
CUR_MKT_CAP,HCA,ok,0,1,2,2014-01-02,2014-01-03,2014-01-02
CUR_MKT_CAP,ZTS,ok,0,1,2,2014-01-02,2014-01-03,2014-01-02
CUR_MKT_CAP,RMS,ok,0,1,1,2014-01-02,2014-01-03,2014-01-02
CUR_MKT_CAP,6758,ok,0,1,2,2014-01-02,2014-01-03,2014-01-02
CUR_MKT_CAP,CMG,ok,0,1,2,2014-01-02,2014-01-03,2014-01-02
CUR_MKT_CAP,MAR,ok,0,1,2,2014-01-02,2014-01-03,2014-01-02
CUR_MKT_CAP,GM,ok,0,1,2,2014-01-02,2014-01-03,2014-01-02
CUR_MKT_CAP,GRMN,ok,0,1,2,2014-01-02,2014-01-03,2014-01-02
CUR_MKT_CAP,RDDT,ok,0,1,1,2024-03-21,2024-03-22,2024-03-21
CUR_MKT_CAP,LYV,ok,0,1,3,2014-01-02,2014-01-03,2014-01-02
CUR_MKT_CAP,TKO,ok,0,1,2,2023-09-12,2023-09-13,2023-09-12
CUR_MKT_CAP,MO,ok,0,1,2,2014-01-02,2014-01-03,2014-01-02
CUR_MKT_CAP,CL,ok,0,1,2,2014-01-02,2014-01-03,2014-01-02
CUR_MKT_CAP,MNST,ok,0,1,2,2014-01-02,2014-01-03,2014-01-02
CUR_MKT_CAP,COP,ok,0,1,2,2014-01-02,2014-01-03,2014-01-02
CUR_MKT_CAP,SLB,ok,0,1,2,2014-01-02,2014-01-03,2014-01-02
CUR_MKT_CAP,APD,ok,0,1,2,2014-01-02,2014-01-03,2014-01-02
CUR_MKT_CAP,4063,ok,0,1,2,2014-01-02,2014-01-03,2014-01-02
CUR_MKT_CAP,NRG,ok,0,1,3,2014-01-02,2014-01-03,2014-01-02
CUR_MKT_CAP,ENEL,ok,0,1,2,2014-01-02,2014-01-03,2014-01-02
CUR_MKT_CAP,WELL,ok,0,1,2,2014-01-02,2014-01-03,2014-01-02
OPER_MARGIN,AAPL,ok,0,108,68,2014-01-24,2014-06-30,2014-01-02
OPER_MARGIN,MSFT,ok,0,108,64,2014-01-24,2014-06-30,2014-01-02
OPER_MARGIN,GOOGL,ok,0,108,64,2014-01-24,2014-06-30,2014-01-02
OPER_MARGIN,AMZN,ok,0,108,64,2014-01-24,2014-06-30,2014-01-02
OPER_MARGIN,META,ok,0,108,64,2014-01-24,2014-06-30,2014-01-02
OPER_MARGIN,NVDA,ok,0,64,66,2014-01-24,2014-04-28,2014-01-02
OPER_MARGIN,TSLA,ok,0,108,64,2014-01-24,2014-06-30,2014-01-02
OPER_MARGIN,PLTR,ok,0,64,64,2020-09-30,2020-12-31,2020-09-30
OPER_MARGIN,AVGO,ok,0,69,66,2014-01-24,2014-05-05,2014-01-02
OPER_MARGIN,MU,ok,0,86,86,2014-01-24,2014-05-29,2014-01-02
OPER_MARGIN,GEV,ok,0,62,64,2024-04-02,2024-07-01,2024-04-02
OPER_MARGIN,VRT,ok,0,229,64,2018-08-01,2019-07-01,2018-08-01
OPER_MARGIN,BE,ok,0,47,64,2018-07-25,2018-10-01,2018-07-25
OPER_MARGIN,LITE,ok,0,44,66,2015-07-27,2015-09-28,2015-07-27
OPER_MARGIN,000660,ok,0,108,64,2014-01-24,2014-06-30,2014-01-02
OPER_MARGIN,005930,ok,0,108,64,2014-01-24,2014-06-30,2014-01-02
OPER_MARGIN,UNH,ok,0,108,64,2014-01-24,2014-06-30,2014-01-02
OPER_MARGIN,LLY,ok,0,108,64,2014-01-24,2014-06-30,2014-01-02
OPER_MARGIN,ISRG,ok,0,108,64,2014-01-24,2014-06-30,2014-01-02
OPER_MARGIN,ABBV,ok,0,108,64,2014-01-24,2014-06-30,2014-01-02
OPER_MARGIN,REGN,ok,0,108,64,2014-01-24,2014-06-30,2014-01-02
OPER_MARGIN,JPM,ok,0,108,64,2014-01-24,2014-06-30,2014-01-02
OPER_MARGIN,V,ok,0,108,64,2014-01-24,2014-06-30,2014-01-02
OPER_MARGIN,MA,ok,0,108,64,2014-01-24,2014-06-30,2014-01-02
OPER_MARGIN,BLK,ok,0,108,64,2014-01-24,2014-06-30,2014-01-02
OPER_MARGIN,SPGI,ok,0,108,64,2014-01-24,2014-06-30,2014-01-02
OPER_MARGIN,GS,ok,0,108,64,2014-01-24,2014-06-30,2014-01-02
OPER_MARGIN,COST,ok,0,74,83,2014-01-24,2014-05-12,2014-01-02
OPER_MARGIN,HD,ok,0,69,65,2014-01-24,2014-05-05,2014-01-02
OPER_MARGIN,PG,ok,0,108,64,2014-01-24,2014-06-30,2014-01-02
OPER_MARGIN,MCD,ok,0,108,64,2014-01-24,2014-06-30,2014-01-02
OPER_MARGIN,WMT,ok,0,66,65,2014-01-24,2014-04-30,2014-01-02
OPER_MARGIN,CAT,ok,0,108,64,2014-01-24,2014-06-30,2014-01-02
OPER_MARGIN,HON,ok,0,108,64,2014-01-24,2014-06-30,2014-01-02
OPER_MARGIN,DE,ok,0,66,69,2014-01-24,2014-04-30,2014-01-02
OPER_MARGIN,UNP,ok,0,108,64,2014-01-24,2014-06-30,2014-01-02
OPER_MARGIN,LMT,ok,0,108,68,2014-01-24,2014-06-30,2014-01-02
OPER_MARGIN,ETN,ok,0,108,64,2014-01-24,2014-06-30,2014-01-02
OPER_MARGIN,XOM,ok,0,108,64,2014-01-24,2014-06-30,2014-01-02
OPER_MARGIN,LNG,ok,0,108,64,2014-01-24,2014-06-30,2014-01-02
OPER_MARGIN,FCX,ok,0,108,64,2014-01-24,2014-06-30,2014-01-02
OPER_MARGIN,LIN,ok,0,1117,64,2014-01-24,2018-07-02,2014-01-02
OPER_MARGIN,NEE,ok,0,108,126,2014-01-24,2014-06-30,2014-01-02
OPER_MARGIN,AMT,ok,0,108,64,2014-01-24,2014-06-30,2014-01-02
OPER_MARGIN,EQIX,ok,0,108,64,2014-01-24,2014-06-30,2014-01-02
OPER_MARGIN,TMUS,ok,0,108,64,2014-01-24,2014-06-30,2014-01-02
OPER_MARGIN,PLD,ok,0,108,64,2014-01-24,2014-06-30,2014-01-02
OPER_MARGIN,AMD,ok,0,108,68,2014-01-24,2014-06-30,2014-01-02
OPER_MARGIN,CRM,ok,0,66,65,2014-01-24,2014-04-30,2014-01-02
OPER_MARGIN,NFLX,ok,0,108,64,2014-01-24,2014-06-30,2014-01-02
OPER_MARGIN,TER,ok,0,108,66,2014-01-24,2014-06-30,2014-01-02
OPER_MARGIN,GLW,ok,0,108,64,2014-01-24,2014-06-30,2014-01-02
OPER_MARGIN,JNJ,ok,0,108,67,2014-01-24,2014-06-30,2014-01-02
OPER_MARGIN,WFC,ok,0,108,64,2014-01-24,2014-06-30,2014-01-02
OPER_MARGIN,MPC,ok,0,108,64,2014-01-24,2014-06-30,2014-01-02
OPER_MARGIN,LRCX,ok,0,108,66,2014-01-24,2014-06-30,2014-01-02
OPER_MARGIN,AMAT,ok,0,64,66,2014-01-24,2014-04-28,2014-01-02
OPER_MARGIN,PANW,ok,0,66,65,2014-01-24,2014-04-30,2014-01-02
OPER_MARGIN,FN,ok,0,107,68,2014-01-24,2014-06-27,2014-01-02
OPER_MARGIN,MPWR,ok,0,108,64,2014-01-24,2014-06-30,2014-01-02
OPER_MARGIN,BAC,ok,0,108,64,2014-01-24,2014-06-30,2014-01-02
OPER_MARGIN,CSCO,ok,0,64,68,2014-01-24,2014-04-28,2014-01-02
OPER_MARGIN,INTC,ok,0,108,68,2014-01-24,2014-06-30,2014-01-02
OPER_MARGIN,ORCL,ok,0,88,65,2014-01-24,2014-06-02,2014-01-02
OPER_MARGIN,TSM,ok,0,108,64,2014-01-24,2014-06-30,2014-01-02
OPER_MARGIN,SNDK,ok,0,24,68,2025-02-24,2025-03-28,2025-02-24
OPER_MARGIN,KLAC,ok,0,108,64,2014-01-24,2014-06-30,2014-01-02
OPER_MARGIN,ANET,ok,0,16,64,2014-06-06,2014-06-30,2014-06-06
OPER_MARGIN,MRVL,ok,0,69,66,2014-01-24,2014-05-05,2014-01-02
OPER_MARGIN,CDNS,ok,0,108,67,2014-01-24,2014-06-30,2014-01-02
OPER_MARGIN,STX,ok,0,107,68,2014-01-24,2014-06-27,2014-01-02
OPER_MARGIN,PWR,ok,0,108,64,2014-01-24,2014-06-30,2014-01-02
OPER_MARGIN,BX,ok,0,108,128,2014-01-24,2014-06-30,2014-01-02
OPER_MARGIN,TMO,ok,0,108,66,2014-01-24,2014-06-30,2014-01-02
OPER_MARGIN,BSX,ok,0,108,64,2014-01-24,2014-06-30,2014-01-02
OPER_MARGIN,BKNG,ok,0,108,64,2014-01-24,2014-06-30,2014-01-02
OPER_MARGIN,PM,ok,0,108,64,2014-01-24,2014-06-30,2014-01-02
OPER_MARGIN,WMB,ok,0,108,64,2014-01-24,2014-06-30,2014-01-02
OPER_MARGIN,CEG,ok,0,40,64,2022-02-02,2022-03-31,2022-02-02
OPER_MARGIN,VST,ok,0,185,64,2016-10-05,2017-06-30,2016-10-05
OPER_MARGIN,DLR,ok,0,108,64,2014-01-24,2014-06-30,2014-01-02
OPER_MARGIN,ARM,ok,0,12,64,2023-09-14,2023-10-02,2023-09-14
OPER_MARGIN,SPOT,ok,0,63,64,2018-04-03,2018-07-02,2018-04-03
OPER_MARGIN,RACE,ok,0,49,64,2015-10-21,2015-12-31,2015-10-21
OPER_MARGIN,285A,ok,0,8,64,2024-12-18,2024-12-31,2024-12-18
OPER_MARGIN,6857,ok,0,108,64,2014-01-24,2014-06-30,2014-01-02
OPER_MARGIN,SU,ok,0,236,128,2014-01-24,2014-12-31,2014-01-02
OPER_MARGIN,SIE,ok,0,108,64,2014-01-24,2014-06-30,2014-01-02
OPER_MARGIN,RHM,ok,0,108,64,2014-01-24,2014-06-30,2014-01-02
OPER_MARGIN,ALV,ok,0,108,64,2014-01-24,2014-06-30,2014-01-02
OPER_MARGIN,MC,ok,0,236,128,2014-01-24,2014-12-31,2014-01-02
OPER_MARGIN,NESN,ok,0,236,128,2014-01-24,2014-12-31,2014-01-02
OPER_MARGIN,RR/,ok,0,236,128,2014-01-24,2014-12-31,2014-01-02
OPER_MARGIN,SAP,ok,0,108,64,2014-01-24,2014-06-30,2014-01-02
OPER_MARGIN,ASML,ok,0,108,66,2014-01-24,2014-06-30,2014-01-02
OPER_MARGIN,AZN,ok,0,108,64,2014-01-24,2014-06-30,2014-01-02
OPER_MARGIN,SHEL,ok,0,108,64,2014-01-24,2014-06-30,2014-01-02
OPER_MARGIN,HSBA,ok,0,108,64,2014-01-24,2014-06-30,2014-01-02
OPER_MARGIN,NOVOB,ok,0,108,64,2014-01-24,2014-06-30,2014-01-02
OPER_MARGIN,RIO,ok,0,236,128,2014-01-24,2014-12-31,2014-01-02
OPER_MARGIN,QCOM,ok,0,108,68,2014-01-24,2014-06-30,2014-01-02
OPER_MARGIN,TXN,ok,0,108,64,2014-01-24,2014-06-30,2014-01-02
OPER_MARGIN,ADBE,ok,0,87,66,2014-01-24,2014-05-30,2014-01-02
OPER_MARGIN,NOW,ok,0,108,64,2014-01-24,2014-06-30,2014-01-02
OPER_MARGIN,ACN,ok,0,88,84,2014-01-24,2014-06-02,2014-01-02
OPER_MARGIN,IBM,ok,0,108,64,2014-01-24,2014-06-30,2014-01-02
OPER_MARGIN,ADI,ok,0,69,66,2014-01-24,2014-05-05,2014-01-02
OPER_MARGIN,DELL,ok,0,23,66,2018-12-28,2019-02-01,2018-12-28
OPER_MARGIN,8035,ok,0,108,64,2014-01-24,2014-06-30,2014-01-02
OPER_MARGIN,IFX,ok,0,108,64,2014-01-24,2014-06-30,2014-01-02
OPER_MARGIN,MS,ok,0,108,64,2014-01-24,2014-06-30,2014-01-02
OPER_MARGIN,SCHW,ok,0,108,64,2014-01-24,2014-06-30,2014-01-02
OPER_MARGIN,AXP,ok,0,108,64,2014-01-24,2014-06-30,2014-01-02
OPER_MARGIN,PGR,ok,0,108,64,2014-01-24,2014-06-30,2014-01-02
OPER_MARGIN,AON,ok,0,108,64,2014-01-24,2014-06-30,2014-01-02
OPER_MARGIN,CME,ok,0,108,64,2014-01-24,2014-06-30,2014-01-02
OPER_MARGIN,KKR,ok,0,108,128,2014-01-24,2014-06-30,2014-01-02
OPER_MARGIN,BN,ok,0,14,64,2022-12-12,2023-01-03,2022-12-12
OPER_MARGIN,C,ok,0,108,64,2014-01-24,2014-06-30,2014-01-02
OPER_MARGIN,LSEG,ok,0,360,128,2014-01-24,2015-06-30,2014-01-02
OPER_MARGIN,ZURN,ok,0,236,128,2014-01-24,2014-12-31,2014-01-02
OPER_MARGIN,CS,ok,0,1619,1317,2014-01-24,2020-06-30,2014-01-02
OPER_MARGIN,8306,ok,0,108,64,2014-01-24,2014-06-30,2014-01-02
OPER_MARGIN,DIS,ok,0,108,68,2014-01-24,2014-06-30,2014-01-02
OPER_MARGIN,CMCSA,ok,0,108,64,2014-01-24,2014-06-30,2014-01-02
OPER_MARGIN,VZ,ok,0,108,64,2014-01-24,2014-06-30,2014-01-02
OPER_MARGIN,T,ok,0,108,64,2014-01-24,2014-06-30,2014-01-02
OPER_MARGIN,TTWO,ok,0,108,64,2014-01-24,2014-06-30,2014-01-02
OPER_MARGIN,PUB,ok,0,236,128,2014-01-24,2014-12-31,2014-01-02
OPER_MARGIN,7974,ok,0,108,64,2014-01-24,2014-06-30,2014-01-02
OPER_MARGIN,DTE,ok,0,108,64,2014-01-24,2014-06-30,2014-01-02
OPER_MARGIN,UMG,ok,0,71,128,2021-09-21,2021-12-31,2021-09-21
OPER_MARGIN,LOW,ok,0,68,66,2014-01-24,2014-05-02,2014-01-02
OPER_MARGIN,TJX,ok,0,69,66,2014-01-24,2014-05-05,2014-01-02
OPER_MARGIN,SBUX,ok,0,108,68,2014-01-24,2014-06-30,2014-01-02
OPER_MARGIN,ABNB,ok,0,14,64,2020-12-10,2020-12-31,2020-12-10
OPER_MARGIN,7203,ok,0,108,64,2014-01-24,2014-06-30,2014-01-02
OPER_MARGIN,ITX,ok,0,66,65,2014-01-24,2014-04-30,2014-01-02
OPER_MARGIN,ABT,ok,0,108,64,2014-01-24,2014-06-30,2014-01-02
OPER_MARGIN,DHR,ok,0,107,66,2014-01-24,2014-06-27,2014-01-02
OPER_MARGIN,VRTX,ok,0,108,64,2014-01-24,2014-06-30,2014-01-02
OPER_MARGIN,SAN,ok,0,108,64,2014-01-24,2014-06-30,2014-01-02
OPER_MARGIN,GE,ok,0,62,64,2024-04-02,2024-07-01,2024-04-02
OPER_MARGIN,TT,ok,0,21,64,2020-03-02,2020-03-31,2020-03-02
OPER_MARGIN,ABBN,ok,0,108,64,2014-01-24,2014-06-30,2014-01-02
OPER_MARGIN,KO,ok,0,107,67,2014-01-24,2014-06-27,2014-01-02
OPER_MARGIN,ULVR,ok,0,236,128,2014-01-24,2014-12-31,2014-01-02
OPER_MARGIN,ECL,ok,0,108,64,2014-01-24,2014-06-30,2014-01-02
OPER_MARGIN,AI,ok,0,236,128,2014-01-24,2014-12-31,2014-01-02
OPER_MARGIN,IBE,ok,0,108,64,2014-01-24,2014-06-30,2014-01-02
OPER_MARGIN,INTU,ok,0,66,65,2014-01-24,2014-04-30,2014-01-02
OPER_MARGIN,SNPS,ok,0,66,65,2014-01-24,2014-04-30,2014-01-02
OPER_MARGIN,APH,ok,0,108,64,2014-01-24,2014-06-30,2014-01-02
OPER_MARGIN,MSI,ok,0,108,66,2014-01-24,2014-06-30,2014-01-02
OPER_MARGIN,CRWD,ok,0,34,65,2019-06-12,2019-07-31,2019-06-12
OPER_MARGIN,NXPI,ok,0,108,66,2014-01-24,2014-06-30,2014-01-02
OPER_MARGIN,KEYS,ok,0,8,65,2014-10-21,2014-10-31,2014-10-21
OPER_MARGIN,ADSK,ok,0,66,65,2014-01-24,2014-04-30,2014-01-02
OPER_MARGIN,WDAY,ok,0,66,65,2014-01-24,2014-04-30,2014-01-02
OPER_MARGIN,WDC,ok,0,24,68,2025-02-24,2025-03-28,2025-02-24
OPER_MARGIN,DDOG,ok,0,7,64,2019-09-19,2019-09-30,2019-09-19
OPER_MARGIN,FTNT,ok,0,108,64,2014-01-24,2014-06-30,2014-01-02
OPER_MARGIN,DSY,ok,0,108,64,2014-01-24,2014-06-30,2014-01-02
OPER_MARGIN,6146,ok,0,108,64,2014-01-24,2014-06-30,2014-01-02
OPER_MARGIN,6981,ok,0,108,64,2014-01-24,2014-06-30,2014-01-02
OPER_MARGIN,BRK/B,ok,0,108,64,2014-01-24,2014-06-30,2014-01-02
OPER_MARGIN,CB,ok,0,108,64,2014-01-24,2014-06-30,2014-01-02
OPER_MARGIN,ICE,ok,0,108,64,2014-01-24,2014-06-30,2014-01-02
OPER_MARGIN,MCO,ok,0,108,64,2014-01-24,2014-06-30,2014-01-02
OPER_MARGIN,PYPL,ok,0,60,64,2015-07-07,2015-09-30,2015-07-07
OPER_MARGIN,COF,ok,0,28,64,2025-05-19,2025-06-30,2025-05-19
OPER_MARGIN,BNP,ok,0,108,64,2014-01-24,2014-06-30,2014-01-02
OPER_MARGIN,MUV2,ok,0,108,64,2014-01-24,2014-06-30,2014-01-02
OPER_MARGIN,RTX,ok,0,108,64,2014-01-24,2014-06-30,2014-01-02
OPER_MARGIN,EMR,ok,0,108,64,2014-01-24,2014-06-30,2014-01-02
OPER_MARGIN,AXON,ok,0,108,64,2014-01-24,2014-06-30,2014-01-02
OPER_MARGIN,UBER,ok,0,35,64,2019-05-10,2019-07-01,2019-05-10
OPER_MARGIN,AIR,ok,0,108,64,2014-01-24,2014-06-30,2014-01-02
OPER_MARGIN,SAF,ok,0,236,128,2014-01-24,2014-12-31,2014-01-02
OPER_MARGIN,MRK,ok,0,108,64,2014-01-24,2014-06-30,2014-01-02
OPER_MARGIN,AMGN,ok,0,108,64,2014-01-24,2014-06-30,2014-01-02
OPER_MARGIN,SYK,ok,0,108,64,2014-01-24,2014-06-30,2014-01-02
OPER_MARGIN,MCK,ok,0,108,64,2014-01-24,2014-06-30,2014-01-02
OPER_MARGIN,NOVN,ok,0,108,64,2014-01-24,2014-06-30,2014-01-02
OPER_MARGIN,NKE,ok,0,88,84,2014-01-24,2014-06-02,2014-01-02
OPER_MARGIN,ORLY,ok,0,108,64,2014-01-24,2014-06-30,2014-01-02
OPER_MARGIN,DASH,ok,0,15,64,2020-12-09,2020-12-31,2020-12-09
OPER_MARGIN,CFR,ok,0,172,128,2014-01-24,2014-09-30,2014-01-02
OPER_MARGIN,TTD,ok,0,7,64,2016-09-21,2016-09-30,2016-09-21
OPER_MARGIN,RBLX,ok,0,15,64,2021-03-10,2021-03-31,2021-03-10
OPER_MARGIN,9432,ok,0,108,64,2014-01-24,2014-06-30,2014-01-02
OPER_MARGIN,9433,ok,0,108,64,2014-01-24,2014-06-30,2014-01-02
OPER_MARGIN,PEP,ok,0,98,82,2014-01-24,2014-06-16,2014-01-02
OPER_MARGIN,MDLZ,ok,0,108,64,2014-01-24,2014-06-30,2014-01-02
OPER_MARGIN,OR,ok,0,236,128,2014-01-24,2014-12-31,2014-01-02
OPER_MARGIN,CVX,ok,0,108,64,2014-01-24,2014-06-30,2014-01-02
OPER_MARGIN,TTE,ok,0,108,64,2014-01-24,2014-06-30,2014-01-02
OPER_MARGIN,NEM,ok,0,108,64,2014-01-24,2014-06-30,2014-01-02
OPER_MARGIN,SHW,ok,0,108,64,2014-01-24,2014-06-30,2014-01-02
OPER_MARGIN,SO,ok,0,108,64,2014-01-24,2014-06-30,2014-01-02
OPER_MARGIN,APP,ok,0,53,64,2021-04-15,2021-06-30,2021-04-15
OPER_MARGIN,SNOW,ok,0,33,65,2020-09-16,2020-11-02,2020-09-16
OPER_MARGIN,NET,ok,0,11,64,2019-09-13,2019-09-30,2019-09-13
OPER_MARGIN,ZS,ok,0,30,65,2018-03-16,2018-04-30,2018-03-16
OPER_MARGIN,TEAM,ok,0,14,64,2015-12-10,2015-12-31,2015-12-10
OPER_MARGIN,COHR,ok,0,108,64,2014-01-24,2014-06-30,2014-01-02
OPER_MARGIN,ON,ok,0,107,66,2014-01-24,2014-06-27,2014-01-02
OPER_MARGIN,FICO,ok,0,108,64,2014-01-24,2014-06-30,2014-01-02
OPER_MARGIN,HPE,ok,0,9,65,2015-10-20,2015-11-02,2015-10-20
OPER_MARGIN,VRSN,ok,0,108,64,2014-01-24,2014-06-30,2014-01-02
OPER_MARGIN,ASM,ok,0,108,64,2014-01-24,2014-06-30,2014-01-02
OPER_MARGIN,MRSH,ok,0,108,64,2014-01-24,2014-06-30,2014-01-02
OPER_MARGIN,APO,ok,0,108,125,2014-01-24,2014-06-30,2014-01-02
OPER_MARGIN,MSCI,ok,0,108,64,2014-01-24,2014-06-30,2014-01-02
OPER_MARGIN,BNY,ok,0,108,64,2014-01-24,2014-06-30,2014-01-02
OPER_MARGIN,IBKR,ok,0,108,64,2014-01-24,2014-06-30,2014-01-02
OPER_MARGIN,UBSG,ok,0,108,64,2014-01-24,2014-06-30,2014-01-02
OPER_MARGIN,UCG,ok,0,108,64,2014-01-24,2014-06-30,2014-01-02
OPER_MARGIN,8316,ok,0,108,64,2014-01-24,2014-06-30,2014-01-02
OPER_MARGIN,ADP,ok,0,108,64,2014-01-24,2014-06-30,2014-01-02
OPER_MARGIN,HWM,ok,0,62,64,2020-04-01,2020-06-30,2020-04-01
OPER_MARGIN,WM,ok,0,108,64,2014-01-24,2014-06-30,2014-01-02
OPER_MARGIN,PH,ok,0,108,64,2014-01-24,2014-06-30,2014-01-02
OPER_MARGIN,REL,ok,0,236,128,2014-01-24,2014-12-31,2014-01-02
OPER_MARGIN,7011,ok,0,108,64,2014-01-24,2014-06-30,2014-01-02
OPER_MARGIN,ROP,ok,0,236,128,2014-01-24,2014-12-31,2014-01-02
OPER_MARGIN,GILD,ok,0,108,64,2014-01-24,2014-06-30,2014-01-02
OPER_MARGIN,PFE,ok,0,108,66,2014-01-24,2014-06-30,2014-01-02
OPER_MARGIN,MDT,ok,0,63,68,2014-01-24,2014-04-25,2014-01-02
OPER_MARGIN,HCA,ok,0,108,64,2014-01-24,2014-06-30,2014-01-02
OPER_MARGIN,ZTS,ok,0,108,66,2014-01-24,2014-06-30,2014-01-02
OPER_MARGIN,RMS,ok,0,236,128,2014-01-24,2014-12-31,2014-01-02
OPER_MARGIN,6758,ok,0,108,64,2014-01-24,2014-06-30,2014-01-02
OPER_MARGIN,CMG,ok,0,108,64,2014-01-24,2014-06-30,2014-01-02
OPER_MARGIN,MAR,ok,0,108,64,2014-01-24,2014-06-30,2014-01-02
OPER_MARGIN,GM,ok,0,108,64,2014-01-24,2014-06-30,2014-01-02
OPER_MARGIN,GRMN,ok,0,108,68,2014-01-24,2014-06-30,2014-01-02
OPER_MARGIN,RDDT,ok,0,6,64,2024-03-21,2024-04-01,2024-03-21
OPER_MARGIN,LYV,ok,0,108,64,2014-01-24,2014-06-30,2014-01-02
OPER_MARGIN,TKO,ok,0,14,64,2023-09-12,2023-10-02,2023-09-12
OPER_MARGIN,MO,ok,0,108,64,2014-01-24,2014-06-30,2014-01-02
OPER_MARGIN,CL,ok,0,108,64,2014-01-24,2014-06-30,2014-01-02
OPER_MARGIN,MNST,ok,0,108,64,2014-01-24,2014-06-30,2014-01-02
OPER_MARGIN,COP,ok,0,108,64,2014-01-24,2014-06-30,2014-01-02
OPER_MARGIN,SLB,ok,0,108,64,2014-01-24,2014-06-30,2014-01-02
OPER_MARGIN,APD,ok,0,108,64,2014-01-24,2014-06-30,2014-01-02
OPER_MARGIN,4063,ok,0,108,64,2014-01-24,2014-06-30,2014-01-02
OPER_MARGIN,NRG,ok,0,108,64,2014-01-24,2014-06-30,2014-01-02
OPER_MARGIN,ENEL,ok,0,108,64,2014-01-24,2014-06-30,2014-01-02
OPER_MARGIN,WELL,ok,0,108,64,2014-01-24,2014-06-30,2014-01-02
BEST_CAPEX,AAPL,ok,0,1,3,2014-01-02,2014-01-03,2014-01-02
BEST_CAPEX,MSFT,ok,0,1,2,2014-01-02,2014-01-03,2014-01-02
BEST_CAPEX,GOOGL,ok,0,1,1,2014-01-02,2014-01-03,2014-01-02
BEST_CAPEX,AMZN,ok,0,1,1,2014-01-02,2014-01-03,2014-01-02
BEST_CAPEX,META,ok,0,1,1,2014-01-02,2014-01-03,2014-01-02
BEST_CAPEX,NVDA,ok,0,1,3,2014-01-02,2014-01-03,2014-01-02
BEST_CAPEX,TSLA,ok,0,1,1,2014-01-02,2014-01-03,2014-01-02
BEST_CAPEX,PLTR,ok,0,2,30,2020-09-30,2020-10-02,2020-09-30
BEST_CAPEX,AVGO,ok,0,1,4,2014-01-02,2014-01-03,2014-01-02
BEST_CAPEX,MU,ok,0,1,2,2014-01-02,2014-01-03,2014-01-02
BEST_CAPEX,GEV,ok,0,1,2,2024-04-02,2024-04-03,2024-04-02
BEST_CAPEX,VRT,ok,0,404,36,2018-08-01,2020-03-11,2018-08-01
BEST_CAPEX,BE,ok,0,20,4,2018-07-25,2018-08-22,2018-07-25
BEST_CAPEX,LITE,ok,0,7,2,2015-07-27,2015-08-05,2015-07-27
BEST_CAPEX,000660,ok,0,1,1,2014-01-02,2014-01-03,2014-01-02
BEST_CAPEX,005930,ok,0,1,1,2014-01-02,2014-01-03,2014-01-02
BEST_CAPEX,UNH,ok,0,1,8,2014-01-02,2014-01-03,2014-01-02
BEST_CAPEX,LLY,ok,0,1,1,2014-01-02,2014-01-03,2014-01-02
BEST_CAPEX,ISRG,ok,0,2,63,2014-01-02,2014-01-06,2014-01-02
BEST_CAPEX,ABBV,ok,0,1,2,2014-01-02,2014-01-03,2014-01-02
BEST_CAPEX,REGN,ok,0,2,15,2014-01-02,2014-01-06,2014-01-02
BEST_CAPEX,V,ok,0,1,3,2014-01-02,2014-01-03,2014-01-02
BEST_CAPEX,MA,ok,0,2,3,2014-01-02,2014-01-06,2014-01-02
BEST_CAPEX,BLK,ok,0,74,95,2014-01-02,2014-04-21,2014-01-02
BEST_CAPEX,SPGI,ok,0,1,3,2014-01-02,2014-01-03,2014-01-02
BEST_CAPEX,COST,ok,0,1,2,2014-01-02,2014-01-03,2014-01-02
BEST_CAPEX,HD,ok,0,1,3,2014-01-02,2014-01-03,2014-01-02
BEST_CAPEX,PG,ok,0,1,3,2014-01-02,2014-01-03,2014-01-02
BEST_CAPEX,MCD,ok,0,1,6,2014-01-02,2014-01-03,2014-01-02
BEST_CAPEX,WMT,ok,0,1,3,2014-01-02,2014-01-03,2014-01-02
BEST_CAPEX,CAT,ok,0,1,2,2014-01-02,2014-01-03,2014-01-02
BEST_CAPEX,HON,ok,0,1,2,2014-01-02,2014-01-03,2014-01-02
BEST_CAPEX,DE,ok,0,1,3,2014-01-02,2014-01-03,2014-01-02
BEST_CAPEX,UNP,ok,0,1,2,2014-01-02,2014-01-03,2014-01-02
BEST_CAPEX,LMT,ok,0,1,3,2014-01-02,2014-01-03,2014-01-02
BEST_CAPEX,ETN,ok,0,1,17,2014-01-02,2014-01-03,2014-01-02
BEST_CAPEX,XOM,ok,0,1,1,2014-01-02,2014-01-03,2014-01-02
BEST_CAPEX,LNG,ok,0,72,440,2014-01-02,2014-04-16,2014-01-02
BEST_CAPEX,FCX,ok,0,1,1,2014-01-02,2014-01-03,2014-01-02
BEST_CAPEX,LIN,ok,0,1220,2,2014-01-02,2018-11-05,2014-01-02
BEST_CAPEX,NEE,ok,0,1,1,2014-01-02,2014-01-03,2014-01-02
BEST_CAPEX,AMT,ok,0,2,7,2014-01-02,2014-01-06,2014-01-02
BEST_CAPEX,EQIX,ok,0,1,2,2014-01-02,2014-01-03,2014-01-02
BEST_CAPEX,TMUS,ok,0,1,1,2014-01-02,2014-01-03,2014-01-02
BEST_CAPEX,PLD,ok,0,1,7,2014-01-02,2014-01-03,2014-01-02
BEST_CAPEX,AMD,ok,0,1,2,2014-01-02,2014-01-03,2014-01-02
BEST_CAPEX,CRM,ok,0,1,3,2014-01-02,2014-01-03,2014-01-02
BEST_CAPEX,NFLX,ok,0,2,4,2014-01-02,2014-01-06,2014-01-02
BEST_CAPEX,TER,ok,0,2,56,2014-01-02,2014-01-06,2014-01-02
BEST_CAPEX,GLW,ok,0,1,1,2014-01-02,2014-01-03,2014-01-02
BEST_CAPEX,JNJ,ok,0,1,2,2014-01-02,2014-01-03,2014-01-02
BEST_CAPEX,MPC,ok,0,1,2,2014-01-02,2014-01-03,2014-01-02
BEST_CAPEX,LRCX,ok,0,1,3,2014-01-02,2014-01-03,2014-01-02
BEST_CAPEX,AMAT,ok,0,1,3,2014-01-02,2014-01-03,2014-01-02
BEST_CAPEX,PANW,ok,0,1,3,2014-01-02,2014-01-03,2014-01-02
BEST_CAPEX,FN,ok,0,1,77,2014-01-02,2014-01-03,2014-01-02
BEST_CAPEX,MPWR,ok,0,2,176,2014-01-02,2014-01-06,2014-01-02
BEST_CAPEX,CSCO,ok,0,1,3,2014-01-02,2014-01-03,2014-01-02
BEST_CAPEX,INTC,ok,0,1,1,2014-01-02,2014-01-03,2014-01-02
BEST_CAPEX,ORCL,ok,0,1,3,2014-01-02,2014-01-03,2014-01-02
BEST_CAPEX,TSM,ok,0,1,1,2014-01-02,2014-01-03,2014-01-02
BEST_CAPEX,SNDK,ok,0,3,1,2025-02-24,2025-02-27,2025-02-24
BEST_CAPEX,KLAC,ok,0,1,5,2014-01-02,2014-01-03,2014-01-02
BEST_CAPEX,ANET,ok,0,18,3,2014-06-06,2014-07-02,2014-06-06
BEST_CAPEX,MRVL,ok,0,1,18,2014-01-02,2014-01-03,2014-01-02
BEST_CAPEX,CDNS,ok,0,2,182,2014-01-02,2014-01-06,2014-01-02
BEST_CAPEX,STX,ok,0,1,3,2014-01-02,2014-01-03,2014-01-02
BEST_CAPEX,PWR,ok,0,1,3,2014-01-02,2014-01-03,2014-01-02
BEST_CAPEX,BX,ok,0,1840,105,2014-01-02,2021-04-26,2014-01-02
BEST_CAPEX,TMO,ok,0,1,2,2014-01-02,2014-01-03,2014-01-02
BEST_CAPEX,BSX,ok,0,1,3,2014-01-02,2014-01-03,2014-01-02
BEST_CAPEX,BKNG,ok,0,2,2,2014-01-02,2014-01-06,2014-01-02
BEST_CAPEX,PM,ok,0,1,3,2014-01-02,2014-01-03,2014-01-02
BEST_CAPEX,WMB,ok,0,1,1,2014-01-02,2014-01-03,2014-01-02
BEST_CAPEX,CEG,ok,0,2,1,2022-02-02,2022-02-04,2022-02-02
BEST_CAPEX,VST,ok,0,151,78,2016-10-05,2017-05-12,2016-10-05
BEST_CAPEX,DLR,ok,0,1,36,2014-01-02,2014-01-03,2014-01-02
BEST_CAPEX,ARM,ok,0,1,2,2023-09-14,2023-09-15,2023-09-14
BEST_CAPEX,SPOT,ok,0,1,3,2018-04-03,2018-04-04,2018-04-03
BEST_CAPEX,RACE,ok,0,17,2,2015-10-21,2015-11-13,2015-10-21
BEST_CAPEX,285A,ok,0,42,1,2024-12-18,2025-02-21,2024-12-18
BEST_CAPEX,6857,ok,0,1,148,2014-01-02,2014-01-03,2014-01-02
BEST_CAPEX,SU,ok,0,1,2,2014-01-02,2014-01-03,2014-01-02
BEST_CAPEX,SIE,ok,0,1,2,2014-01-02,2014-01-03,2014-01-02
BEST_CAPEX,RHM,ok,0,2,10,2014-01-02,2014-01-06,2014-01-02
BEST_CAPEX,ALV,ok,0,2315,225,2014-01-02,2023-03-15,2014-01-02
BEST_CAPEX,MC,ok,0,1,1,2014-01-02,2014-01-03,2014-01-02
BEST_CAPEX,NESN,ok,0,1,2,2014-01-02,2014-01-03,2014-01-02
BEST_CAPEX,RR/,ok,0,1,1,2014-01-02,2014-01-03,2014-01-02
BEST_CAPEX,SAP,ok,0,1,2,2014-01-02,2014-01-03,2014-01-02
BEST_CAPEX,ASML,ok,0,2,5,2014-01-02,2014-01-06,2014-01-02
BEST_CAPEX,AZN,ok,0,1,2,2014-01-02,2014-01-03,2014-01-02
BEST_CAPEX,SHEL,ok,0,1,2,2014-01-02,2014-01-03,2014-01-02
BEST_CAPEX,NOVOB,ok,0,1,1,2014-01-02,2014-01-03,2014-01-02
BEST_CAPEX,RIO,ok,0,1,3,2014-01-02,2014-01-03,2014-01-02
BEST_CAPEX,QCOM,ok,0,1,3,2014-01-02,2014-01-03,2014-01-02
BEST_CAPEX,TXN,ok,0,2,2,2014-01-02,2014-01-06,2014-01-02
BEST_CAPEX,ADBE,ok,0,1,2,2014-01-02,2014-01-03,2014-01-02
BEST_CAPEX,NOW,ok,0,2,2,2014-01-02,2014-01-06,2014-01-02
BEST_CAPEX,ACN,ok,0,1,3,2014-01-02,2014-01-03,2014-01-02
BEST_CAPEX,IBM,ok,0,1,1,2014-01-02,2014-01-03,2014-01-02
BEST_CAPEX,ADI,ok,0,1,3,2014-01-02,2014-01-03,2014-01-02
BEST_CAPEX,DELL,ok,0,1,3,2018-12-28,2018-12-31,2018-12-28
BEST_CAPEX,8035,ok,0,1,2,2014-01-02,2014-01-03,2014-01-02
BEST_CAPEX,IFX,ok,0,1,3,2014-01-02,2014-01-03,2014-01-02
BEST_CAPEX,MS,ok,0,2407,640,2014-01-02,2023-07-27,2014-01-02
BEST_CAPEX,SCHW,ok,0,2,1,2014-01-02,2014-01-06,2014-01-02
BEST_CAPEX,AXP,ok,0,1778,640,2014-01-02,2021-01-26,2014-01-02
BEST_CAPEX,PGR,ok,0,2064,698,2014-01-02,2022-03-15,2014-01-02
BEST_CAPEX,AON,ok,0,2,8,2014-01-02,2014-01-06,2014-01-02
BEST_CAPEX,CME,ok,0,2,3,2014-01-02,2014-01-06,2014-01-02
BEST_CAPEX,KKR,ok,0,1969,73,2014-01-02,2021-10-27,2014-01-02
BEST_CAPEX,BN,ok,0,952,0,2022-12-12,,2022-12-12
BEST_CAPEX,C,ok,0,1090,1521,2014-01-02,2018-05-02,2014-01-02
BEST_CAPEX,LSEG,ok,0,131,48,2014-01-02,2014-07-11,2014-01-02
BEST_CAPEX,CS,ok,0,2707,1,2014-01-02,2024-10-04,2014-01-02
BEST_CAPEX,DIS,ok,0,1,3,2014-01-02,2014-01-03,2014-01-02
BEST_CAPEX,CMCSA,ok,0,1,2,2014-01-02,2014-01-03,2014-01-02
BEST_CAPEX,VZ,ok,0,1,4,2014-01-02,2014-01-03,2014-01-02
BEST_CAPEX,T,ok,0,1,2,2014-01-02,2014-01-03,2014-01-02
BEST_CAPEX,TTWO,ok,0,1,4,2014-01-02,2014-01-03,2014-01-02
BEST_CAPEX,PUB,ok,0,2,38,2014-01-02,2014-01-06,2014-01-02
BEST_CAPEX,7974,ok,0,1,57,2014-01-02,2014-01-03,2014-01-02
BEST_CAPEX,DTE,ok,0,1,2,2014-01-02,2014-01-03,2014-01-02
BEST_CAPEX,UMG,ok,0,6,3,2021-09-21,2021-09-29,2021-09-21
BEST_CAPEX,LOW,ok,0,1,3,2014-01-02,2014-01-03,2014-01-02
BEST_CAPEX,TJX,ok,0,1,3,2014-01-02,2014-01-03,2014-01-02
BEST_CAPEX,SBUX,ok,0,1,506,2014-01-02,2014-01-03,2014-01-02
BEST_CAPEX,ABNB,ok,0,1,2,2020-12-10,2020-12-11,2020-12-10
BEST_CAPEX,7203,ok,0,1,2,2014-01-02,2014-01-03,2014-01-02
BEST_CAPEX,ITX,ok,0,1,3,2014-01-02,2014-01-03,2014-01-02
BEST_CAPEX,ABT,ok,0,1,9,2014-01-02,2014-01-03,2014-01-02
BEST_CAPEX,DHR,ok,0,1,3,2014-01-02,2014-01-03,2014-01-02
BEST_CAPEX,VRTX,ok,0,2,63,2014-01-02,2014-01-06,2014-01-02
BEST_CAPEX,SAN,ok,0,1,2,2014-01-02,2014-01-03,2014-01-02
BEST_CAPEX,GE,ok,0,1,1,2024-04-02,2024-04-03,2024-04-02
BEST_CAPEX,TT,ok,0,1,4,2020-03-02,2020-03-03,2020-03-02
BEST_CAPEX,ABBN,ok,0,1,7,2014-01-02,2014-01-03,2014-01-02
BEST_CAPEX,KO,ok,0,1,3,2014-01-02,2014-01-03,2014-01-02
BEST_CAPEX,ULVR,ok,0,1,3,2014-01-02,2014-01-03,2014-01-02
BEST_CAPEX,ECL,ok,0,1,2,2014-01-02,2014-01-03,2014-01-02
BEST_CAPEX,AI,ok,0,1,3,2014-01-02,2014-01-03,2014-01-02
BEST_CAPEX,IBE,ok,0,1,2,2014-01-02,2014-01-03,2014-01-02
BEST_CAPEX,INTU,ok,0,1,3,2014-01-02,2014-01-03,2014-01-02
BEST_CAPEX,SNPS,ok,0,1,9,2014-01-02,2014-01-03,2014-01-02
BEST_CAPEX,APH,ok,0,1,69,2014-01-02,2014-01-03,2014-01-02
BEST_CAPEX,MSI,ok,0,1,41,2014-01-02,2014-01-03,2014-01-02
BEST_CAPEX,CRWD,ok,0,19,3,2019-06-12,2019-07-10,2019-06-12
BEST_CAPEX,NXPI,ok,0,1,2,2014-01-02,2014-01-03,2014-01-02
BEST_CAPEX,KEYS,ok,0,11,129,2014-10-21,2014-11-05,2014-10-21
BEST_CAPEX,ADSK,ok,0,1,7,2014-01-02,2014-01-03,2014-01-02
BEST_CAPEX,WDAY,ok,0,1,3,2014-01-02,2014-01-03,2014-01-02
BEST_CAPEX,WDC,ok,0,1,1,2025-02-24,2025-02-25,2025-02-24
BEST_CAPEX,DDOG,ok,0,19,3,2019-09-19,2019-10-16,2019-09-19
BEST_CAPEX,FTNT,ok,0,2,3,2014-01-02,2014-01-06,2014-01-02
BEST_CAPEX,DSY,ok,0,2,15,2014-01-02,2014-01-06,2014-01-02
BEST_CAPEX,6146,ok,0,1,26,2014-01-02,2014-01-03,2014-01-02
BEST_CAPEX,6981,ok,0,1,12,2014-01-02,2014-01-03,2014-01-02
BEST_CAPEX,BRK/B,ok,0,2200,597,2014-01-02,2022-09-28,2014-01-02
BEST_CAPEX,ICE,ok,0,2,7,2014-01-02,2014-01-06,2014-01-02
BEST_CAPEX,MCO,ok,0,2,3,2014-01-02,2014-01-06,2014-01-02
BEST_CAPEX,PYPL,ok,0,6,1,2015-07-07,2015-07-15,2015-07-07
BEST_CAPEX,BNP,ok,0,2829,262,2014-01-02,2025-04-02,2014-01-02
BEST_CAPEX,MUV2,ok,0,2749,316,2014-01-02,2024-12-04,2014-01-02
BEST_CAPEX,RTX,ok,0,1,1,2014-01-02,2014-01-03,2014-01-02
BEST_CAPEX,EMR,ok,0,1,5,2014-01-02,2014-01-03,2014-01-02
BEST_CAPEX,AXON,ok,0,77,126,2014-01-02,2014-04-24,2014-01-02
BEST_CAPEX,UBER,ok,0,1,2,2019-05-10,2019-05-13,2019-05-10
BEST_CAPEX,AIR,ok,0,1,2,2014-01-02,2014-01-03,2014-01-02
BEST_CAPEX,SAF,ok,0,1,3,2014-01-02,2014-01-03,2014-01-02
BEST_CAPEX,MRK,ok,0,1,13,2014-01-02,2014-01-03,2014-01-02
BEST_CAPEX,AMGN,ok,0,2,3,2014-01-02,2014-01-06,2014-01-02
BEST_CAPEX,SYK,ok,0,1,14,2014-01-02,2014-01-03,2014-01-02
BEST_CAPEX,MCK,ok,0,1,2,2014-01-02,2014-01-03,2014-01-02
BEST_CAPEX,NOVN,ok,0,1,4,2014-01-02,2014-01-03,2014-01-02
BEST_CAPEX,NKE,ok,0,1,3,2014-01-02,2014-01-03,2014-01-02
BEST_CAPEX,ORLY,ok,0,2,2,2014-01-02,2014-01-06,2014-01-02
BEST_CAPEX,DASH,ok,0,1,2,2020-12-09,2020-12-10,2020-12-09
BEST_CAPEX,CFR,ok,0,1,7,2014-01-02,2014-01-03,2014-01-02
BEST_CAPEX,TTD,ok,0,11,2,2016-09-21,2016-10-06,2016-09-21
BEST_CAPEX,RBLX,ok,0,5,72,2021-03-10,2021-03-17,2021-03-10
BEST_CAPEX,9432,ok,0,1,2,2014-01-02,2014-01-03,2014-01-02
BEST_CAPEX,9433,ok,0,1,2,2014-01-02,2014-01-03,2014-01-02
BEST_CAPEX,PEP,ok,0,1,1,2014-01-02,2014-01-03,2014-01-02
BEST_CAPEX,MDLZ,ok,0,1,2,2014-01-02,2014-01-03,2014-01-02
BEST_CAPEX,OR,ok,0,1,1,2014-01-02,2014-01-03,2014-01-02
BEST_CAPEX,CVX,ok,0,1,1,2014-01-02,2014-01-03,2014-01-02
BEST_CAPEX,TTE,ok,0,1,1,2014-01-02,2014-01-03,2014-01-02
BEST_CAPEX,NEM,ok,0,1,1,2014-01-02,2014-01-03,2014-01-02
BEST_CAPEX,SHW,ok,0,2,41,2014-01-02,2014-01-06,2014-01-02
BEST_CAPEX,SO,ok,0,1,2,2014-01-02,2014-01-03,2014-01-02
BEST_CAPEX,APP,ok,0,19,3,2021-04-15,2021-05-12,2021-04-15
BEST_CAPEX,SNOW,ok,0,12,2,2020-09-16,2020-10-02,2020-09-16
BEST_CAPEX,NET,ok,0,18,4,2019-09-13,2019-10-09,2019-09-13
BEST_CAPEX,ZS,ok,0,17,3,2018-03-16,2018-04-11,2018-03-16
BEST_CAPEX,TEAM,ok,0,17,3,2015-12-10,2016-01-06,2015-12-10
BEST_CAPEX,COHR,ok,0,1,75,2014-01-02,2014-01-03,2014-01-02
BEST_CAPEX,ON,ok,0,1,3,2014-01-02,2014-01-03,2014-01-02
BEST_CAPEX,FICO,ok,0,272,756,2014-01-02,2015-02-02,2014-01-02
BEST_CAPEX,HPE,ok,0,11,2,2015-10-20,2015-11-04,2015-10-20
BEST_CAPEX,VRSN,ok,0,2,48,2014-01-02,2014-01-06,2014-01-02
BEST_CAPEX,ASM,ok,0,4,76,2014-01-02,2014-01-08,2014-01-02
BEST_CAPEX,MRSH,ok,0,1,3,2014-01-02,2014-01-03,2014-01-02
BEST_CAPEX,APO,ok,0,123,3080,2014-01-02,2014-06-30,2014-01-02
BEST_CAPEX,MSCI,ok,0,2,5,2014-01-02,2014-01-06,2014-01-02
BEST_CAPEX,IBKR,ok,0,2153,6,2014-01-02,2022-07-22,2014-01-02
BEST_CAPEX,UBSG,ok,0,2142,227,2014-01-02,2022-07-07,2014-01-02
BEST_CAPEX,ADP,ok,0,1,3,2014-01-02,2014-01-03,2014-01-02
BEST_CAPEX,HWM,ok,0,1,4,2020-04-01,2020-04-02,2020-04-01
BEST_CAPEX,WM,ok,0,2,2,2014-01-02,2014-01-06,2014-01-02
BEST_CAPEX,PH,ok,0,1,3,2014-01-02,2014-01-03,2014-01-02
BEST_CAPEX,REL,ok,0,2,2,2014-01-02,2014-01-06,2014-01-02
BEST_CAPEX,7011,ok,0,1,42,2014-01-02,2014-01-03,2014-01-02
BEST_CAPEX,ROP,ok,0,1,2,2014-01-02,2014-01-03,2014-01-02
BEST_CAPEX,GILD,ok,0,2,4,2014-01-02,2014-01-06,2014-01-02
BEST_CAPEX,PFE,ok,0,1,3,2014-01-02,2014-01-03,2014-01-02
BEST_CAPEX,MDT,ok,0,1,24,2014-01-02,2014-01-03,2014-01-02
BEST_CAPEX,HCA,ok,0,1,1,2014-01-02,2014-01-03,2014-01-02
BEST_CAPEX,ZTS,ok,0,2,21,2014-01-02,2014-01-06,2014-01-02
BEST_CAPEX,RMS,ok,0,2,2,2014-01-02,2014-01-06,2014-01-02
BEST_CAPEX,6758,ok,0,1,2,2014-01-02,2014-01-03,2014-01-02
BEST_CAPEX,CMG,ok,0,4,2,2014-01-02,2014-01-08,2014-01-02
BEST_CAPEX,MAR,ok,0,2,18,2014-01-02,2014-01-06,2014-01-02
BEST_CAPEX,GM,ok,0,1,2,2014-01-02,2014-01-03,2014-01-02
BEST_CAPEX,GRMN,ok,0,1,14,2014-01-02,2014-01-03,2014-01-02
BEST_CAPEX,RDDT,ok,0,1,12,2024-03-21,2024-03-22,2024-03-21
BEST_CAPEX,LYV,ok,0,25,171,2014-01-02,2014-02-07,2014-01-02
BEST_CAPEX,TKO,ok,0,1,3,2023-09-12,2023-09-13,2023-09-12
BEST_CAPEX,MO,ok,0,2,7,2014-01-02,2014-01-06,2014-01-02
BEST_CAPEX,CL,ok,0,1,2,2014-01-02,2014-01-03,2014-01-02
BEST_CAPEX,MNST,ok,0,1,3,2014-01-02,2014-01-03,2014-01-02
BEST_CAPEX,COP,ok,0,1,1,2014-01-02,2014-01-03,2014-01-02
BEST_CAPEX,SLB,ok,0,1,1,2014-01-02,2014-01-03,2014-01-02
BEST_CAPEX,APD,ok,0,1,3,2014-01-02,2014-01-03,2014-01-02
BEST_CAPEX,4063,ok,0,1,2,2014-01-02,2014-01-03,2014-01-02
BEST_CAPEX,NRG,ok,0,1,55,2014-01-02,2014-01-03,2014-01-02
BEST_CAPEX,ENEL,ok,0,1,1,2014-01-02,2014-01-03,2014-01-02
BEST_CAPEX,WELL,ok,0,2,36,2014-01-02,2014-01-06,2014-01-02
BEST_ROE,AAPL,ok,0,2,5,2014-01-02,2014-01-06,2014-01-02
BEST_ROE,MSFT,ok,0,1,3,2014-01-02,2014-01-03,2014-01-02
BEST_ROE,GOOGL,ok,0,2,7,2014-01-02,2014-01-06,2014-01-02
BEST_ROE,AMZN,ok,0,2,24,2014-01-02,2014-01-06,2014-01-02
BEST_ROE,META,ok,0,2,9,2014-01-02,2014-01-06,2014-01-02
BEST_ROE,NVDA,ok,0,1,11,2014-01-02,2014-01-03,2014-01-02
BEST_ROE,TSLA,ok,0,1,3,2014-01-02,2014-01-03,2014-01-02
BEST_ROE,PLTR,ok,0,65,4,2020-09-30,2021-01-04,2020-09-30
BEST_ROE,AVGO,ok,0,1,4,2014-01-02,2014-01-03,2014-01-02
BEST_ROE,MU,ok,0,1,3,2014-01-02,2014-01-03,2014-01-02
BEST_ROE,GEV,ok,0,1,2,2024-04-02,2024-04-03,2024-04-02
BEST_ROE,VRT,ok,0,578,4,2018-08-01,2020-11-16,2018-08-01
BEST_ROE,BE,ok,0,20,2,2018-07-25,2018-08-22,2018-07-25
BEST_ROE,LITE,ok,0,7,11,2015-07-27,2015-08-05,2015-07-27
BEST_ROE,000660,ok,0,1,3,2014-01-02,2014-01-03,2014-01-02
BEST_ROE,005930,ok,0,1,6,2014-01-02,2014-01-03,2014-01-02
BEST_ROE,UNH,ok,0,3,13,2014-01-02,2014-01-07,2014-01-02
BEST_ROE,LLY,ok,0,2,4,2014-01-02,2014-01-06,2014-01-02
BEST_ROE,ISRG,ok,0,2,9,2014-01-02,2014-01-06,2014-01-02
BEST_ROE,ABBV,ok,0,1,29,2014-01-02,2014-01-03,2014-01-02
BEST_ROE,REGN,ok,0,2,4,2014-01-02,2014-01-06,2014-01-02
BEST_ROE,JPM,ok,0,4,10,2014-01-02,2014-01-08,2014-01-02
BEST_ROE,V,ok,0,2,12,2014-01-02,2014-01-06,2014-01-02
BEST_ROE,MA,ok,0,2,3,2014-01-02,2014-01-06,2014-01-02
BEST_ROE,BLK,ok,0,1,4,2014-01-02,2014-01-03,2014-01-02
BEST_ROE,SPGI,ok,0,310,342,2014-01-02,2015-03-27,2014-01-02
BEST_ROE,GS,ok,0,1,11,2014-01-02,2014-01-03,2014-01-02
BEST_ROE,COST,ok,0,2,12,2014-01-02,2014-01-06,2014-01-02
BEST_ROE,HD,ok,0,1,79,2014-01-02,2014-01-03,2014-01-02
BEST_ROE,PG,ok,0,1,4,2014-01-02,2014-01-03,2014-01-02
BEST_ROE,MCD,ok,0,2,142,2014-01-02,2014-01-06,2014-01-02
BEST_ROE,WMT,ok,0,1,23,2014-01-02,2014-01-03,2014-01-02
BEST_ROE,CAT,ok,0,2,13,2014-01-02,2014-01-06,2014-01-02
BEST_ROE,HON,ok,0,2,13,2014-01-02,2014-01-06,2014-01-02
BEST_ROE,DE,ok,0,1,17,2014-01-02,2014-01-03,2014-01-02
BEST_ROE,UNP,ok,0,2,21,2014-01-02,2014-01-06,2014-01-02
BEST_ROE,LMT,ok,0,1,118,2014-01-02,2014-01-03,2014-01-02
BEST_ROE,ETN,ok,0,2,8,2014-01-02,2014-01-06,2014-01-02
BEST_ROE,XOM,ok,0,2,7,2014-01-02,2014-01-06,2014-01-02
BEST_ROE,LNG,ok,0,4,856,2014-01-02,2014-01-08,2014-01-02
BEST_ROE,FCX,ok,0,2,3,2014-01-02,2014-01-06,2014-01-02
BEST_ROE,LIN,ok,0,1221,3,2014-01-02,2018-11-06,2014-01-02
BEST_ROE,NEE,ok,0,2,21,2014-01-02,2014-01-06,2014-01-02
BEST_ROE,AMT,ok,0,1,2,2014-01-02,2014-01-03,2014-01-02
BEST_ROE,EQIX,ok,0,2,101,2014-01-02,2014-01-06,2014-01-02
BEST_ROE,TMUS,ok,0,2,6,2014-01-02,2014-01-06,2014-01-02
BEST_ROE,PLD,ok,0,2,25,2014-01-02,2014-01-06,2014-01-02
BEST_ROE,AMD,ok,0,1,4,2014-01-02,2014-01-03,2014-01-02
BEST_ROE,CRM,ok,0,1,9,2014-01-02,2014-01-03,2014-01-02
BEST_ROE,NFLX,ok,0,2,7,2014-01-02,2014-01-06,2014-01-02
BEST_ROE,TER,ok,0,15,65,2014-01-02,2014-01-24,2014-01-02
BEST_ROE,GLW,ok,0,2,6,2014-01-02,2014-01-06,2014-01-02
BEST_ROE,JNJ,ok,0,2,8,2014-01-02,2014-01-06,2014-01-02
BEST_ROE,WFC,ok,0,2,8,2014-01-02,2014-01-06,2014-01-02
BEST_ROE,MPC,ok,0,2,60,2014-01-02,2014-01-06,2014-01-02
BEST_ROE,LRCX,ok,0,1,8,2014-01-02,2014-01-03,2014-01-02
BEST_ROE,AMAT,ok,0,2,8,2014-01-02,2014-01-06,2014-01-02
BEST_ROE,PANW,ok,0,1,3,2014-01-02,2014-01-03,2014-01-02
BEST_ROE,FN,ok,0,1,339,2014-01-02,2014-01-03,2014-01-02
BEST_ROE,MPWR,ok,0,25,22,2014-01-02,2014-02-07,2014-01-02
BEST_ROE,BAC,ok,0,2,12,2014-01-02,2014-01-06,2014-01-02
BEST_ROE,CSCO,ok,0,2,21,2014-01-02,2014-01-06,2014-01-02
BEST_ROE,INTC,ok,0,2,7,2014-01-02,2014-01-06,2014-01-02
BEST_ROE,ORCL,ok,0,2,3,2014-01-02,2014-01-06,2014-01-02
BEST_ROE,TSM,ok,0,2,11,2014-01-02,2014-01-06,2014-01-02
BEST_ROE,SNDK,ok,0,8,2,2025-02-24,2025-03-06,2025-02-24
BEST_ROE,KLAC,ok,0,1,19,2014-01-02,2014-01-03,2014-01-02
BEST_ROE,ANET,ok,0,18,8,2014-06-06,2014-07-02,2014-06-06
BEST_ROE,MRVL,ok,0,2,27,2014-01-02,2014-01-06,2014-01-02
BEST_ROE,CDNS,ok,0,20,3,2014-01-02,2014-01-31,2014-01-02
BEST_ROE,STX,ok,0,1,12,2014-01-02,2014-01-03,2014-01-02
BEST_ROE,PWR,ok,0,2,8,2014-01-02,2014-01-06,2014-01-02
BEST_ROE,BX,ok,0,1,136,2014-01-02,2014-01-03,2014-01-02
BEST_ROE,TMO,ok,0,2,20,2014-01-02,2014-01-06,2014-01-02
BEST_ROE,BSX,ok,0,2,11,2014-01-02,2014-01-06,2014-01-02
BEST_ROE,BKNG,ok,0,2,9,2014-01-02,2014-01-06,2014-01-02
BEST_ROE,PM,ok,0,1,34,2014-01-02,2014-01-03,2014-01-02
BEST_ROE,WMB,ok,0,1,90,2014-01-02,2014-01-03,2014-01-02
BEST_ROE,CEG,ok,0,3,3,2022-02-02,2022-02-07,2022-02-02
BEST_ROE,VST,ok,0,199,54,2016-10-05,2017-07-21,2016-10-05
BEST_ROE,DLR,ok,0,2,16,2014-01-02,2014-01-06,2014-01-02
BEST_ROE,ARM,ok,0,1,9,2023-09-14,2023-09-15,2023-09-14
BEST_ROE,SPOT,ok,0,1,6,2018-04-03,2018-04-04,2018-04-03
BEST_ROE,RACE,ok,0,17,5,2015-10-21,2015-11-13,2015-10-21
BEST_ROE,285A,ok,0,28,2,2024-12-18,2025-01-31,2024-12-18
BEST_ROE,6857,ok,0,1,23,2014-01-02,2014-01-03,2014-01-02
BEST_ROE,SU,ok,0,2,13,2014-01-02,2014-01-06,2014-01-02
BEST_ROE,SIE,ok,0,1,5,2014-01-02,2014-01-03,2014-01-02
BEST_ROE,RHM,ok,0,2,12,2014-01-02,2014-01-06,2014-01-02
BEST_ROE,ALV,ok,0,2,11,2014-01-02,2014-01-06,2014-01-02
BEST_ROE,MC,ok,0,2,9,2014-01-02,2014-01-06,2014-01-02
BEST_ROE,NESN,ok,0,2,7,2014-01-02,2014-01-06,2014-01-02
BEST_ROE,RR/,ok,0,2,37,2014-01-02,2014-01-06,2014-01-02
BEST_ROE,SAP,ok,0,1,10,2014-01-02,2014-01-03,2014-01-02
BEST_ROE,ASML,ok,0,2,9,2014-01-02,2014-01-06,2014-01-02
BEST_ROE,AZN,ok,0,2,10,2014-01-02,2014-01-06,2014-01-02
BEST_ROE,SHEL,ok,0,2,8,2014-01-02,2014-01-06,2014-01-02
BEST_ROE,HSBA,ok,0,2,7,2014-01-02,2014-01-06,2014-01-02
BEST_ROE,NOVOB,ok,0,2,8,2014-01-02,2014-01-06,2014-01-02
BEST_ROE,RIO,ok,0,2,5,2014-01-02,2014-01-06,2014-01-02
BEST_ROE,QCOM,ok,0,2,193,2014-01-02,2014-01-06,2014-01-02
BEST_ROE,TXN,ok,0,2,9,2014-01-02,2014-01-06,2014-01-02
BEST_ROE,ADBE,ok,0,1,8,2014-01-02,2014-01-03,2014-01-02
BEST_ROE,NOW,ok,0,2,13,2014-01-02,2014-01-06,2014-01-02
BEST_ROE,ACN,ok,0,1,27,2014-01-02,2014-01-03,2014-01-02
BEST_ROE,IBM,ok,0,2,6,2014-01-02,2014-01-06,2014-01-02
BEST_ROE,ADI,ok,0,1,8,2014-01-02,2014-01-03,2014-01-02
BEST_ROE,DELL,ok,0,1,3,2018-12-28,2018-12-31,2018-12-28
BEST_ROE,8035,ok,0,1,8,2014-01-02,2014-01-03,2014-01-02
BEST_ROE,IFX,ok,0,1,16,2014-01-02,2014-01-03,2014-01-02
BEST_ROE,MS,ok,0,2,19,2014-01-02,2014-01-06,2014-01-02
BEST_ROE,SCHW,ok,0,2,5,2014-01-02,2014-01-06,2014-01-02
BEST_ROE,AXP,ok,0,2,5,2014-01-02,2014-01-06,2014-01-02
BEST_ROE,PGR,ok,0,2,6,2014-01-02,2014-01-06,2014-01-02
BEST_ROE,AON,ok,0,2,7,2014-01-02,2014-01-06,2014-01-02
BEST_ROE,CME,ok,0,4,11,2014-01-02,2014-01-08,2014-01-02
BEST_ROE,KKR,ok,0,1,9,2014-01-02,2014-01-03,2014-01-02
BEST_ROE,BN,ok,0,1,9,2022-12-12,2022-12-13,2022-12-12
BEST_ROE,C,ok,0,2,16,2014-01-02,2014-01-06,2014-01-02
BEST_ROE,LSEG,ok,0,139,16,2014-01-02,2014-07-23,2014-01-02
BEST_ROE,ZURN,ok,0,2,8,2014-01-02,2014-01-06,2014-01-02
BEST_ROE,CS,ok,0,2,10,2014-01-02,2014-01-06,2014-01-02
BEST_ROE,8306,ok,0,1,19,2014-01-02,2014-01-03,2014-01-02
BEST_ROE,DIS,ok,0,1,8,2014-01-02,2014-01-03,2014-01-02
BEST_ROE,CMCSA,ok,0,2,24,2014-01-02,2014-01-06,2014-01-02
BEST_ROE,VZ,ok,0,1,7,2014-01-02,2014-01-03,2014-01-02
BEST_ROE,T,ok,0,1,15,2014-01-02,2014-01-03,2014-01-02
BEST_ROE,TTWO,ok,0,1,9,2014-01-02,2014-01-03,2014-01-02
BEST_ROE,PUB,ok,0,1,17,2014-01-02,2014-01-03,2014-01-02
BEST_ROE,7974,ok,0,1,13,2014-01-02,2014-01-03,2014-01-02
BEST_ROE,DTE,ok,0,2,7,2014-01-02,2014-01-06,2014-01-02
BEST_ROE,UMG,ok,0,3,3,2021-09-21,2021-09-24,2021-09-21
BEST_ROE,LOW,ok,0,1,11,2014-01-02,2014-01-03,2014-01-02
BEST_ROE,TJX,ok,0,1,10,2014-01-02,2014-01-03,2014-01-02
BEST_ROE,SBUX,ok,0,1,3,2014-01-02,2014-01-03,2014-01-02
BEST_ROE,ABNB,ok,0,1,38,2020-12-10,2020-12-11,2020-12-10
BEST_ROE,7203,ok,0,1,21,2014-01-02,2014-01-03,2014-01-02
BEST_ROE,ITX,ok,0,3,8,2014-01-02,2014-01-07,2014-01-02
BEST_ROE,ABT,ok,0,2,10,2014-01-02,2014-01-06,2014-01-02
BEST_ROE,DHR,ok,0,2,11,2014-01-02,2014-01-06,2014-01-02
BEST_ROE,VRTX,ok,0,1,3,2014-01-02,2014-01-03,2014-01-02
BEST_ROE,SAN,ok,0,2,16,2014-01-02,2014-01-06,2014-01-02
BEST_ROE,GE,ok,0,1,2,2024-04-02,2024-04-03,2024-04-02
BEST_ROE,TT,ok,0,1,23,2020-03-02,2020-03-03,2020-03-02
BEST_ROE,ABBN,ok,0,2,6,2014-01-02,2014-01-06,2014-01-02
BEST_ROE,KO,ok,0,2,16,2014-01-02,2014-01-06,2014-01-02
BEST_ROE,ULVR,ok,0,2,6,2014-01-02,2014-01-06,2014-01-02
BEST_ROE,ECL,ok,0,2,23,2014-01-02,2014-01-06,2014-01-02
BEST_ROE,AI,ok,0,2,13,2014-01-02,2014-01-06,2014-01-02
BEST_ROE,IBE,ok,0,2,24,2014-01-02,2014-01-06,2014-01-02
BEST_ROE,INTU,ok,0,1,4,2014-01-02,2014-01-03,2014-01-02
BEST_ROE,SNPS,ok,0,1,14,2014-01-02,2014-01-03,2014-01-02
BEST_ROE,APH,ok,0,2,10,2014-01-02,2014-01-06,2014-01-02
BEST_ROE,MSI,ok,0,1,111,2014-01-02,2014-01-03,2014-01-02
BEST_ROE,CRWD,ok,0,19,3,2019-06-12,2019-07-10,2019-06-12
BEST_ROE,NXPI,ok,0,2,11,2014-01-02,2014-01-06,2014-01-02
BEST_ROE,KEYS,ok,0,21,19,2014-10-21,2014-11-19,2014-10-21
BEST_ROE,ADSK,ok,0,1,62,2014-01-02,2014-01-03,2014-01-02
BEST_ROE,WDAY,ok,0,1,44,2014-01-02,2014-01-03,2014-01-02
BEST_ROE,WDC,ok,0,1,1,2025-02-24,2025-02-25,2025-02-24
BEST_ROE,DDOG,ok,0,19,6,2019-09-19,2019-10-16,2019-09-19
BEST_ROE,FTNT,ok,0,2,10,2014-01-02,2014-01-06,2014-01-02
BEST_ROE,DSY,ok,0,2,19,2014-01-02,2014-01-06,2014-01-02
BEST_ROE,6146,ok,0,1,10,2014-01-02,2014-01-03,2014-01-02
BEST_ROE,6981,ok,0,1,14,2014-01-02,2014-01-03,2014-01-02
BEST_ROE,BRK/B,ok,0,28,32,2014-01-02,2014-02-12,2014-01-02
BEST_ROE,CB,ok,0,2,16,2014-01-02,2014-01-06,2014-01-02
BEST_ROE,ICE,ok,0,3,12,2014-01-02,2014-01-07,2014-01-02
BEST_ROE,MCO,ok,0,450,445,2014-01-02,2015-10-15,2014-01-02
BEST_ROE,PYPL,ok,0,8,11,2015-07-07,2015-07-17,2015-07-07
BEST_ROE,COF,ok,0,1,2,2025-05-19,2025-05-20,2025-05-19
BEST_ROE,BNP,ok,0,2,8,2014-01-02,2014-01-06,2014-01-02
BEST_ROE,MUV2,ok,0,1,8,2014-01-02,2014-01-03,2014-01-02
BEST_ROE,RTX,ok,0,2,29,2014-01-02,2014-01-06,2014-01-02
BEST_ROE,EMR,ok,0,2,5,2014-01-02,2014-01-06,2014-01-02
BEST_ROE,AXON,ok,0,2,3,2014-01-02,2014-01-06,2014-01-02
BEST_ROE,UBER,ok,0,1,5,2019-05-10,2019-05-13,2019-05-10
BEST_ROE,AIR,ok,0,2,22,2014-01-02,2014-01-06,2014-01-02
BEST_ROE,SAF,ok,0,2,16,2014-01-02,2014-01-06,2014-01-02
BEST_ROE,MRK,ok,0,2,6,2014-01-02,2014-01-06,2014-01-02
BEST_ROE,AMGN,ok,0,2,9,2014-01-02,2014-01-06,2014-01-02
BEST_ROE,SYK,ok,0,1,8,2014-01-02,2014-01-03,2014-01-02
BEST_ROE,MCK,ok,0,1,235,2014-01-02,2014-01-03,2014-01-02
BEST_ROE,NOVN,ok,0,2,10,2014-01-02,2014-01-06,2014-01-02
BEST_ROE,NKE,ok,0,1,7,2014-01-02,2014-01-03,2014-01-02
BEST_ROE,ORLY,ok,0,2,2,2014-01-02,2014-01-06,2014-01-02
BEST_ROE,DASH,ok,0,1,3,2020-12-09,2020-12-10,2020-12-09
BEST_ROE,CFR,ok,0,1,7,2014-01-02,2014-01-03,2014-01-02
BEST_ROE,TTD,ok,0,268,14,2016-09-21,2017-10-13,2016-09-21
BEST_ROE,RBLX,ok,0,19,2,2021-03-10,2021-04-07,2021-03-10
BEST_ROE,9432,ok,0,1,27,2014-01-02,2014-01-03,2014-01-02
BEST_ROE,9433,ok,0,1,13,2014-01-02,2014-01-03,2014-01-02
BEST_ROE,PEP,ok,0,2,3,2014-01-02,2014-01-06,2014-01-02
BEST_ROE,MDLZ,ok,0,2,7,2014-01-02,2014-01-06,2014-01-02
BEST_ROE,OR,ok,0,2,15,2014-01-02,2014-01-06,2014-01-02
BEST_ROE,CVX,ok,0,2,7,2014-01-02,2014-01-06,2014-01-02
BEST_ROE,TTE,ok,0,2,8,2014-01-02,2014-01-06,2014-01-02
BEST_ROE,NEM,ok,0,2,10,2014-01-02,2014-01-06,2014-01-02
BEST_ROE,SHW,ok,0,2,7,2014-01-02,2014-01-06,2014-01-02
BEST_ROE,SO,ok,0,3,18,2014-01-02,2014-01-07,2014-01-02
BEST_ROE,APP,ok,0,19,2,2021-04-15,2021-05-12,2021-04-15
BEST_ROE,SNOW,ok,0,20,4,2020-09-16,2020-10-14,2020-09-16
BEST_ROE,NET,ok,0,18,3,2019-09-13,2019-10-09,2019-09-13
BEST_ROE,ZS,ok,0,17,5,2018-03-16,2018-04-11,2018-03-16
BEST_ROE,TEAM,ok,0,17,5,2015-12-10,2016-01-06,2015-12-10
BEST_ROE,COHR,ok,0,1,87,2014-01-02,2014-01-03,2014-01-02
BEST_ROE,ON,ok,0,2,9,2014-01-02,2014-01-06,2014-01-02
BEST_ROE,FICO,ok,0,1775,372,2014-01-02,2021-01-21,2014-01-02
BEST_ROE,HPE,ok,0,12,44,2015-10-20,2015-11-05,2015-10-20
BEST_ROE,VRSN,ok,0,1,856,2014-01-02,2014-01-03,2014-01-02
BEST_ROE,ASM,ok,0,2,8,2014-01-02,2014-01-06,2014-01-02
BEST_ROE,MRSH,ok,0,2,49,2014-01-02,2014-01-06,2014-01-02
BEST_ROE,APO,ok,0,1,125,2014-01-02,2014-01-03,2014-01-02
BEST_ROE,MSCI,ok,0,2,3,2014-01-02,2014-01-06,2014-01-02
BEST_ROE,BNY,ok,0,2,8,2014-01-02,2014-01-06,2014-01-02
BEST_ROE,IBKR,ok,0,14,1883,2014-01-02,2014-01-23,2014-01-02
BEST_ROE,UBSG,ok,0,2,14,2014-01-02,2014-01-06,2014-01-02
BEST_ROE,UCG,ok,0,2,8,2014-01-02,2014-01-06,2014-01-02
BEST_ROE,8316,ok,0,1,12,2014-01-02,2014-01-03,2014-01-02
BEST_ROE,ADP,ok,0,1,4,2014-01-02,2014-01-03,2014-01-02
BEST_ROE,HWM,ok,0,2,3,2020-04-01,2020-04-03,2020-04-01
BEST_ROE,WM,ok,0,12,20,2014-01-02,2014-01-21,2014-01-02
BEST_ROE,PH,ok,0,1,9,2014-01-02,2014-01-03,2014-01-02
BEST_ROE,REL,ok,0,2,6,2014-01-02,2014-01-06,2014-01-02
BEST_ROE,7011,ok,0,1,10,2014-01-02,2014-01-03,2014-01-02
BEST_ROE,ROP,ok,0,2,3,2014-01-02,2014-01-06,2014-01-02
BEST_ROE,GILD,ok,0,18,8,2014-01-02,2014-01-29,2014-01-02
BEST_ROE,PFE,ok,0,1,29,2014-01-02,2014-01-03,2014-01-02
BEST_ROE,MDT,ok,0,1,8,2014-01-02,2014-01-03,2014-01-02
BEST_ROE,HCA,ok,0,1,393,2014-01-02,2014-01-03,2014-01-02
BEST_ROE,ZTS,ok,0,1,3,2014-01-02,2014-01-03,2014-01-02
BEST_ROE,RMS,ok,0,2,8,2014-01-02,2014-01-06,2014-01-02
BEST_ROE,6758,ok,0,1,11,2014-01-02,2014-01-03,2014-01-02
BEST_ROE,CMG,ok,0,2,10,2014-01-02,2014-01-06,2014-01-02
BEST_ROE,MAR,ok,0,1,14,2014-01-02,2014-01-03,2014-01-02
BEST_ROE,GM,ok,0,1,9,2014-01-02,2014-01-03,2014-01-02
BEST_ROE,GRMN,ok,0,2,13,2014-01-02,2014-01-06,2014-01-02
BEST_ROE,RDDT,ok,0,18,3,2024-03-21,2024-04-17,2024-03-21
BEST_ROE,LYV,ok,0,2,8,2014-01-02,2014-01-06,2014-01-02
BEST_ROE,TKO,ok,0,6,3,2023-09-12,2023-09-20,2023-09-12
BEST_ROE,MO,ok,0,2,60,2014-01-02,2014-01-06,2014-01-02
BEST_ROE,CL,ok,0,2,139,2014-01-02,2014-01-06,2014-01-02
BEST_ROE,MNST,ok,0,2,4,2014-01-02,2014-01-06,2014-01-02
BEST_ROE,COP,ok,0,2,6,2014-01-02,2014-01-06,2014-01-02
BEST_ROE,SLB,ok,0,1,5,2014-01-02,2014-01-03,2014-01-02
BEST_ROE,APD,ok,0,1,15,2014-01-02,2014-01-03,2014-01-02
BEST_ROE,4063,ok,0,1,9,2014-01-02,2014-01-03,2014-01-02
BEST_ROE,NRG,ok,0,2,16,2014-01-02,2014-01-06,2014-01-02
BEST_ROE,ENEL,ok,0,2,16,2014-01-02,2014-01-06,2014-01-02
BEST_ROE,WELL,ok,0,65,63,2014-01-02,2014-04-07,2014-01-02
BEST_PX_BPS_RATIO,AAPL,ok,0,1,2,2014-01-02,2014-01-03,2014-01-02
BEST_PX_BPS_RATIO,MSFT,ok,0,1,2,2014-01-02,2014-01-03,2014-01-02
BEST_PX_BPS_RATIO,GOOGL,ok,0,1,3,2014-01-02,2014-01-03,2014-01-02
BEST_PX_BPS_RATIO,AMZN,ok,0,1,2,2014-01-02,2014-01-03,2014-01-02
BEST_PX_BPS_RATIO,META,ok,0,1,2,2014-01-02,2014-01-03,2014-01-02
BEST_PX_BPS_RATIO,NVDA,ok,0,1,2,2014-01-02,2014-01-03,2014-01-02
BEST_PX_BPS_RATIO,TSLA,ok,0,1,2,2014-01-02,2014-01-03,2014-01-02
BEST_PX_BPS_RATIO,PLTR,ok,0,19,2,2020-09-30,2020-10-27,2020-09-30
BEST_PX_BPS_RATIO,AVGO,ok,0,1,2,2014-01-02,2014-01-03,2014-01-02
BEST_PX_BPS_RATIO,MU,ok,0,1,2,2014-01-02,2014-01-03,2014-01-02
BEST_PX_BPS_RATIO,GEV,ok,0,1,2,2024-04-02,2024-04-03,2024-04-02
BEST_PX_BPS_RATIO,VRT,ok,0,444,2,2018-08-01,2020-05-07,2018-08-01
BEST_PX_BPS_RATIO,BE,ok,0,74,160,2018-07-25,2018-11-07,2018-07-25
BEST_PX_BPS_RATIO,LITE,ok,0,6,12,2015-07-27,2015-08-04,2015-07-27
BEST_PX_BPS_RATIO,000660,ok,0,1,7,2014-01-02,2014-01-03,2014-01-02
BEST_PX_BPS_RATIO,005930,ok,0,1,7,2014-01-02,2014-01-03,2014-01-02
BEST_PX_BPS_RATIO,UNH,ok,0,1,10,2014-01-02,2014-01-03,2014-01-02
BEST_PX_BPS_RATIO,LLY,ok,0,1,2,2014-01-02,2014-01-03,2014-01-02
BEST_PX_BPS_RATIO,ISRG,ok,0,1,2,2014-01-02,2014-01-03,2014-01-02
BEST_PX_BPS_RATIO,ABBV,ok,0,1,105,2014-01-02,2014-01-03,2014-01-02
BEST_PX_BPS_RATIO,REGN,ok,0,1,2,2014-01-02,2014-01-03,2014-01-02
BEST_PX_BPS_RATIO,JPM,ok,0,1,3,2014-01-02,2014-01-03,2014-01-02
BEST_PX_BPS_RATIO,V,ok,0,1,2,2014-01-02,2014-01-03,2014-01-02
BEST_PX_BPS_RATIO,MA,ok,0,1,2,2014-01-02,2014-01-03,2014-01-02
BEST_PX_BPS_RATIO,BLK,ok,0,1,3,2014-01-02,2014-01-03,2014-01-02
BEST_PX_BPS_RATIO,SPGI,ok,0,1,44,2014-01-02,2014-01-03,2014-01-02
BEST_PX_BPS_RATIO,GS,ok,0,1,3,2014-01-02,2014-01-03,2014-01-02
BEST_PX_BPS_RATIO,COST,ok,0,1,2,2014-01-02,2014-01-03,2014-01-02
BEST_PX_BPS_RATIO,HD,ok,0,1,314,2014-01-02,2014-01-03,2014-01-02
BEST_PX_BPS_RATIO,PG,ok,0,1,2,2014-01-02,2014-01-03,2014-01-02
BEST_PX_BPS_RATIO,MCD,ok,0,1,2124,2014-01-02,2014-01-03,2014-01-02
BEST_PX_BPS_RATIO,WMT,ok,0,1,2,2014-01-02,2014-01-03,2014-01-02
BEST_PX_BPS_RATIO,CAT,ok,0,1,2,2014-01-02,2014-01-03,2014-01-02
BEST_PX_BPS_RATIO,HON,ok,0,1,3,2014-01-02,2014-01-03,2014-01-02
BEST_PX_BPS_RATIO,DE,ok,0,1,3,2014-01-02,2014-01-03,2014-01-02
BEST_PX_BPS_RATIO,UNP,ok,0,1,3,2014-01-02,2014-01-03,2014-01-02
BEST_PX_BPS_RATIO,LMT,ok,0,1,2,2014-01-02,2014-01-03,2014-01-02
BEST_PX_BPS_RATIO,ETN,ok,0,1,2,2014-01-02,2014-01-03,2014-01-02
BEST_PX_BPS_RATIO,XOM,ok,0,1,3,2014-01-02,2014-01-03,2014-01-02
BEST_PX_BPS_RATIO,LNG,ok,0,365,660,2014-01-02,2015-06-16,2014-01-02
BEST_PX_BPS_RATIO,FCX,ok,0,1,2,2014-01-02,2014-01-03,2014-01-02
BEST_PX_BPS_RATIO,LIN,ok,0,1007,137,2014-01-02,2018-01-02,2014-01-02
BEST_PX_BPS_RATIO,NEE,ok,0,1,3,2014-01-02,2014-01-03,2014-01-02
BEST_PX_BPS_RATIO,AMT,ok,0,1,2,2014-01-02,2014-01-03,2014-01-02
BEST_PX_BPS_RATIO,EQIX,ok,0,1,91,2014-01-02,2014-01-03,2014-01-02
BEST_PX_BPS_RATIO,TMUS,ok,0,1,2,2014-01-02,2014-01-03,2014-01-02
BEST_PX_BPS_RATIO,PLD,ok,0,1,69,2014-01-02,2014-01-03,2014-01-02
BEST_PX_BPS_RATIO,AMD,ok,0,1,384,2014-01-02,2014-01-03,2014-01-02
BEST_PX_BPS_RATIO,CRM,ok,0,1,2,2014-01-02,2014-01-03,2014-01-02
BEST_PX_BPS_RATIO,NFLX,ok,0,1,2,2014-01-02,2014-01-03,2014-01-02
BEST_PX_BPS_RATIO,TER,ok,0,1,19,2014-01-02,2014-01-03,2014-01-02
BEST_PX_BPS_RATIO,GLW,ok,0,1,3,2014-01-02,2014-01-03,2014-01-02
BEST_PX_BPS_RATIO,JNJ,ok,0,1,3,2014-01-02,2014-01-03,2014-01-02
BEST_PX_BPS_RATIO,WFC,ok,0,1,3,2014-01-02,2014-01-03,2014-01-02
BEST_PX_BPS_RATIO,MPC,ok,0,1,2,2014-01-02,2014-01-03,2014-01-02
BEST_PX_BPS_RATIO,LRCX,ok,0,2,3,2014-01-02,2014-01-06,2014-01-02
BEST_PX_BPS_RATIO,AMAT,ok,0,1,2,2014-01-02,2014-01-03,2014-01-02
BEST_PX_BPS_RATIO,PANW,ok,0,1,2,2014-01-02,2014-01-03,2014-01-02
BEST_PX_BPS_RATIO,FN,ok,0,1,399,2014-01-02,2014-01-03,2014-01-02
BEST_PX_BPS_RATIO,MPWR,ok,0,25,2,2014-01-02,2014-02-07,2014-01-02
BEST_PX_BPS_RATIO,BAC,ok,0,1,3,2014-01-02,2014-01-03,2014-01-02
BEST_PX_BPS_RATIO,CSCO,ok,0,1,3,2014-01-02,2014-01-03,2014-01-02
BEST_PX_BPS_RATIO,INTC,ok,0,1,3,2014-01-02,2014-01-03,2014-01-02
BEST_PX_BPS_RATIO,ORCL,ok,0,1,121,2014-01-02,2014-01-03,2014-01-02
BEST_PX_BPS_RATIO,TSM,ok,0,1,2,2014-01-02,2014-01-03,2014-01-02
BEST_PX_BPS_RATIO,SNDK,ok,0,42,2,2025-02-24,2025-04-24,2025-02-24
BEST_PX_BPS_RATIO,KLAC,ok,0,1,2,2014-01-02,2014-01-03,2014-01-02
BEST_PX_BPS_RATIO,ANET,ok,0,18,7,2014-06-06,2014-07-02,2014-06-06
BEST_PX_BPS_RATIO,MRVL,ok,0,1,3,2014-01-02,2014-01-03,2014-01-02
BEST_PX_BPS_RATIO,CDNS,ok,0,276,21,2014-01-02,2015-02-06,2014-01-02
BEST_PX_BPS_RATIO,STX,ok,0,1,569,2014-01-02,2014-01-03,2014-01-02
BEST_PX_BPS_RATIO,PWR,ok,0,1,3,2014-01-02,2014-01-03,2014-01-02
BEST_PX_BPS_RATIO,BX,ok,0,1,44,2014-01-02,2014-01-03,2014-01-02
BEST_PX_BPS_RATIO,TMO,ok,0,1,3,2014-01-02,2014-01-03,2014-01-02
BEST_PX_BPS_RATIO,BSX,ok,0,1,3,2014-01-02,2014-01-03,2014-01-02
BEST_PX_BPS_RATIO,BKNG,ok,0,1,792,2014-01-02,2014-01-03,2014-01-02
BEST_PX_BPS_RATIO,WMB,ok,0,1,2,2014-01-02,2014-01-03,2014-01-02
BEST_PX_BPS_RATIO,CEG,ok,0,2,2,2022-02-02,2022-02-04,2022-02-02
BEST_PX_BPS_RATIO,VST,ok,0,151,54,2016-10-05,2017-05-12,2016-10-05
BEST_PX_BPS_RATIO,DLR,ok,0,1,3,2014-01-02,2014-01-03,2014-01-02
BEST_PX_BPS_RATIO,ARM,ok,0,18,1,2023-09-14,2023-10-10,2023-09-14
BEST_PX_BPS_RATIO,SPOT,ok,0,2,2,2018-04-03,2018-04-05,2018-04-03
BEST_PX_BPS_RATIO,RACE,ok,0,19,2,2015-10-21,2015-11-17,2015-10-21
BEST_PX_BPS_RATIO,285A,ok,0,28,4,2024-12-18,2025-01-31,2024-12-18
BEST_PX_BPS_RATIO,6857,ok,0,3,7,2014-01-02,2014-01-07,2014-01-02
BEST_PX_BPS_RATIO,SU,ok,0,1,3,2014-01-02,2014-01-03,2014-01-02
BEST_PX_BPS_RATIO,SIE,ok,0,1,3,2014-01-02,2014-01-03,2014-01-02
BEST_PX_BPS_RATIO,RHM,ok,0,1,3,2014-01-02,2014-01-03,2014-01-02
BEST_PX_BPS_RATIO,ALV,ok,0,1,4,2014-01-02,2014-01-03,2014-01-02
BEST_PX_BPS_RATIO,MC,ok,0,1,3,2014-01-02,2014-01-03,2014-01-02
BEST_PX_BPS_RATIO,NESN,ok,0,2,3,2014-01-02,2014-01-06,2014-01-02
BEST_PX_BPS_RATIO,RR/,ok,0,1,1370,2014-01-02,2014-01-03,2014-01-02
BEST_PX_BPS_RATIO,SAP,ok,0,1,3,2014-01-02,2014-01-03,2014-01-02
BEST_PX_BPS_RATIO,ASML,ok,0,1,3,2014-01-02,2014-01-03,2014-01-02
BEST_PX_BPS_RATIO,AZN,ok,0,1,3,2014-01-02,2014-01-03,2014-01-02
BEST_PX_BPS_RATIO,SHEL,ok,0,2,4,2014-01-02,2014-01-06,2014-01-02
BEST_PX_BPS_RATIO,HSBA,ok,0,1,4,2014-01-02,2014-01-03,2014-01-02
BEST_PX_BPS_RATIO,NOVOB,ok,0,1,3,2014-01-02,2014-01-03,2014-01-02
BEST_PX_BPS_RATIO,RIO,ok,0,1,3,2014-01-02,2014-01-03,2014-01-02
BEST_PX_BPS_RATIO,QCOM,ok,0,1,157,2014-01-02,2014-01-03,2014-01-02
BEST_PX_BPS_RATIO,TXN,ok,0,1,2,2014-01-02,2014-01-03,2014-01-02
BEST_PX_BPS_RATIO,ADBE,ok,0,1,2,2014-01-02,2014-01-03,2014-01-02
BEST_PX_BPS_RATIO,NOW,ok,0,1,2,2014-01-02,2014-01-03,2014-01-02
BEST_PX_BPS_RATIO,ACN,ok,0,1,3,2014-01-02,2014-01-03,2014-01-02
BEST_PX_BPS_RATIO,IBM,ok,0,1,2,2014-01-02,2014-01-03,2014-01-02
BEST_PX_BPS_RATIO,ADI,ok,0,1,2,2014-01-02,2014-01-03,2014-01-02
BEST_PX_BPS_RATIO,DELL,ok,0,1,319,2018-12-28,2018-12-31,2018-12-28
BEST_PX_BPS_RATIO,8035,ok,0,3,7,2014-01-02,2014-01-07,2014-01-02
BEST_PX_BPS_RATIO,IFX,ok,0,1,3,2014-01-02,2014-01-03,2014-01-02
BEST_PX_BPS_RATIO,MS,ok,0,1,4,2014-01-02,2014-01-03,2014-01-02
BEST_PX_BPS_RATIO,SCHW,ok,0,1,46,2014-01-02,2014-01-03,2014-01-02
BEST_PX_BPS_RATIO,AXP,ok,0,1,2,2014-01-02,2014-01-03,2014-01-02
BEST_PX_BPS_RATIO,PGR,ok,0,1,3,2014-01-02,2014-01-03,2014-01-02
BEST_PX_BPS_RATIO,AON,ok,0,1,2,2014-01-02,2014-01-03,2014-01-02
BEST_PX_BPS_RATIO,CME,ok,0,1,3,2014-01-02,2014-01-03,2014-01-02
BEST_PX_BPS_RATIO,KKR,ok,0,1,4,2014-01-02,2014-01-03,2014-01-02
BEST_PX_BPS_RATIO,BN,ok,0,1,3,2022-12-12,2022-12-13,2022-12-12
BEST_PX_BPS_RATIO,C,ok,0,1,5,2014-01-02,2014-01-03,2014-01-02
BEST_PX_BPS_RATIO,LSEG,ok,0,123,3,2014-01-02,2014-06-30,2014-01-02
BEST_PX_BPS_RATIO,ZURN,ok,0,2,4,2014-01-02,2014-01-06,2014-01-02
BEST_PX_BPS_RATIO,CS,ok,0,1,4,2014-01-02,2014-01-03,2014-01-02
BEST_PX_BPS_RATIO,8306,ok,0,3,8,2014-01-02,2014-01-07,2014-01-02
BEST_PX_BPS_RATIO,DIS,ok,0,1,3,2014-01-02,2014-01-03,2014-01-02
BEST_PX_BPS_RATIO,CMCSA,ok,0,1,3,2014-01-02,2014-01-03,2014-01-02
BEST_PX_BPS_RATIO,VZ,ok,0,1,2,2014-01-02,2014-01-03,2014-01-02
BEST_PX_BPS_RATIO,T,ok,0,1,3,2014-01-02,2014-01-03,2014-01-02
BEST_PX_BPS_RATIO,TTWO,ok,0,1,3,2014-01-02,2014-01-03,2014-01-02
BEST_PX_BPS_RATIO,PUB,ok,0,1,3,2014-01-02,2014-01-03,2014-01-02
BEST_PX_BPS_RATIO,7974,ok,0,3,7,2014-01-02,2014-01-07,2014-01-02
BEST_PX_BPS_RATIO,DTE,ok,0,1,4,2014-01-02,2014-01-03,2014-01-02
BEST_PX_BPS_RATIO,UMG,ok,0,3,3,2021-09-21,2021-09-24,2021-09-21
BEST_PX_BPS_RATIO,LOW,ok,0,1,1457,2014-01-02,2014-01-03,2014-01-02
BEST_PX_BPS_RATIO,TJX,ok,0,1,2,2014-01-02,2014-01-03,2014-01-02
BEST_PX_BPS_RATIO,SBUX,ok,0,1,1986,2014-01-02,2014-01-03,2014-01-02
BEST_PX_BPS_RATIO,ABNB,ok,0,16,2,2020-12-10,2021-01-05,2020-12-10
BEST_PX_BPS_RATIO,7203,ok,0,3,7,2014-01-02,2014-01-07,2014-01-02
BEST_PX_BPS_RATIO,ITX,ok,0,1,2,2014-01-02,2014-01-03,2014-01-02
BEST_PX_BPS_RATIO,ABT,ok,0,1,70,2014-01-02,2014-01-03,2014-01-02
BEST_PX_BPS_RATIO,DHR,ok,0,1,3,2014-01-02,2014-01-03,2014-01-02
BEST_PX_BPS_RATIO,VRTX,ok,0,1,21,2014-01-02,2014-01-03,2014-01-02
BEST_PX_BPS_RATIO,SAN,ok,0,1,3,2014-01-02,2014-01-03,2014-01-02
BEST_PX_BPS_RATIO,GE,ok,0,1,2,2024-04-02,2024-04-03,2024-04-02
BEST_PX_BPS_RATIO,TT,ok,0,1,2,2020-03-02,2020-03-03,2020-03-02
BEST_PX_BPS_RATIO,ABBN,ok,0,2,3,2014-01-02,2014-01-06,2014-01-02
BEST_PX_BPS_RATIO,KO,ok,0,1,2,2014-01-02,2014-01-03,2014-01-02
BEST_PX_BPS_RATIO,ULVR,ok,0,1,3,2014-01-02,2014-01-03,2014-01-02
BEST_PX_BPS_RATIO,ECL,ok,0,1,2,2014-01-02,2014-01-03,2014-01-02
BEST_PX_BPS_RATIO,AI,ok,0,1,3,2014-01-02,2014-01-03,2014-01-02
BEST_PX_BPS_RATIO,IBE,ok,0,1,3,2014-01-02,2014-01-03,2014-01-02
BEST_PX_BPS_RATIO,INTU,ok,0,1,2,2014-01-02,2014-01-03,2014-01-02
BEST_PX_BPS_RATIO,SNPS,ok,0,284,38,2014-01-02,2015-02-19,2014-01-02
BEST_PX_BPS_RATIO,APH,ok,0,1,2,2014-01-02,2014-01-03,2014-01-02
BEST_PX_BPS_RATIO,MSI,ok,0,1,1142,2014-01-02,2014-01-03,2014-01-02
BEST_PX_BPS_RATIO,CRWD,ok,0,18,2,2019-06-12,2019-07-09,2019-06-12
BEST_PX_BPS_RATIO,NXPI,ok,0,1,3,2014-01-02,2014-01-03,2014-01-02
BEST_PX_BPS_RATIO,KEYS,ok,0,20,17,2014-10-21,2014-11-18,2014-10-21
BEST_PX_BPS_RATIO,ADSK,ok,0,1,516,2014-01-02,2014-01-03,2014-01-02
BEST_PX_BPS_RATIO,WDAY,ok,0,1,2,2014-01-02,2014-01-03,2014-01-02
BEST_PX_BPS_RATIO,WDC,ok,0,1,5,2025-02-24,2025-02-25,2025-02-24
BEST_PX_BPS_RATIO,DDOG,ok,0,18,2,2019-09-19,2019-10-15,2019-09-19
BEST_PX_BPS_RATIO,FTNT,ok,0,1,2,2014-01-02,2014-01-03,2014-01-02
BEST_PX_BPS_RATIO,DSY,ok,0,1,2,2014-01-02,2014-01-03,2014-01-02
BEST_PX_BPS_RATIO,6146,ok,0,3,7,2014-01-02,2014-01-07,2014-01-02
BEST_PX_BPS_RATIO,6981,ok,0,3,7,2014-01-02,2014-01-07,2014-01-02
BEST_PX_BPS_RATIO,BRK/B,ok,0,2,3,2014-01-02,2014-01-06,2014-01-02
BEST_PX_BPS_RATIO,CB,ok,0,1,3,2014-01-02,2014-01-03,2014-01-02
BEST_PX_BPS_RATIO,ICE,ok,0,1,2,2014-01-02,2014-01-03,2014-01-02
BEST_PX_BPS_RATIO,MCO,ok,0,26,442,2014-01-02,2014-02-10,2014-01-02
BEST_PX_BPS_RATIO,PYPL,ok,0,8,2,2015-07-07,2015-07-17,2015-07-07
BEST_PX_BPS_RATIO,COF,ok,0,1,2,2025-05-19,2025-05-20,2025-05-19
BEST_PX_BPS_RATIO,BNP,ok,0,1,4,2014-01-02,2014-01-03,2014-01-02
BEST_PX_BPS_RATIO,MUV2,ok,0,1,4,2014-01-02,2014-01-03,2014-01-02
BEST_PX_BPS_RATIO,RTX,ok,0,1,3,2014-01-02,2014-01-03,2014-01-02
BEST_PX_BPS_RATIO,EMR,ok,0,1,3,2014-01-02,2014-01-03,2014-01-02
BEST_PX_BPS_RATIO,AXON,ok,0,168,2,2014-01-02,2014-09-03,2014-01-02
BEST_PX_BPS_RATIO,UBER,ok,0,8,2,2019-05-10,2019-05-22,2019-05-10
BEST_PX_BPS_RATIO,AIR,ok,0,1,3,2014-01-02,2014-01-03,2014-01-02
BEST_PX_BPS_RATIO,SAF,ok,0,1,3,2014-01-02,2014-01-03,2014-01-02
BEST_PX_BPS_RATIO,MRK,ok,0,1,3,2014-01-02,2014-01-03,2014-01-02
BEST_PX_BPS_RATIO,AMGN,ok,0,1,3,2014-01-02,2014-01-03,2014-01-02
BEST_PX_BPS_RATIO,SYK,ok,0,1,18,2014-01-02,2014-01-03,2014-01-02
BEST_PX_BPS_RATIO,MCK,ok,0,1,278,2014-01-02,2014-01-03,2014-01-02
BEST_PX_BPS_RATIO,NOVN,ok,0,2,3,2014-01-02,2014-01-06,2014-01-02
BEST_PX_BPS_RATIO,NKE,ok,0,1,2,2014-01-02,2014-01-03,2014-01-02
BEST_PX_BPS_RATIO,ORLY,ok,0,1,984,2014-01-02,2014-01-03,2014-01-02
BEST_PX_BPS_RATIO,DASH,ok,0,1,2,2020-12-09,2020-12-10,2020-12-09
BEST_PX_BPS_RATIO,CFR,ok,0,2,3,2014-01-02,2014-01-06,2014-01-02
BEST_PX_BPS_RATIO,TTD,ok,0,268,2,2016-09-21,2017-10-13,2016-09-21
BEST_PX_BPS_RATIO,RBLX,ok,0,18,214,2021-03-10,2021-04-06,2021-03-10
BEST_PX_BPS_RATIO,9432,ok,0,3,8,2014-01-02,2014-01-07,2014-01-02
BEST_PX_BPS_RATIO,9433,ok,0,3,7,2014-01-02,2014-01-07,2014-01-02
BEST_PX_BPS_RATIO,PEP,ok,0,1,2,2014-01-02,2014-01-03,2014-01-02
BEST_PX_BPS_RATIO,MDLZ,ok,0,1,3,2014-01-02,2014-01-03,2014-01-02
BEST_PX_BPS_RATIO,OR,ok,0,1,2,2014-01-02,2014-01-03,2014-01-02
BEST_PX_BPS_RATIO,CVX,ok,0,1,3,2014-01-02,2014-01-03,2014-01-02
BEST_PX_BPS_RATIO,TTE,ok,0,1,3,2014-01-02,2014-01-03,2014-01-02
BEST_PX_BPS_RATIO,NEM,ok,0,1,3,2014-01-02,2014-01-03,2014-01-02
BEST_PX_BPS_RATIO,SHW,ok,0,1,2,2014-01-02,2014-01-03,2014-01-02
BEST_PX_BPS_RATIO,SO,ok,0,1,4,2014-01-02,2014-01-03,2014-01-02
BEST_PX_BPS_RATIO,APP,ok,0,18,2,2021-04-15,2021-05-11,2021-04-15
BEST_PX_BPS_RATIO,SNOW,ok,0,19,2,2020-09-16,2020-10-13,2020-09-16
BEST_PX_BPS_RATIO,NET,ok,0,18,2,2019-09-13,2019-10-09,2019-09-13
BEST_PX_BPS_RATIO,ZS,ok,0,17,1,2018-03-16,2018-04-11,2018-03-16
BEST_PX_BPS_RATIO,TEAM,ok,0,16,2,2015-12-10,2016-01-05,2015-12-10
BEST_PX_BPS_RATIO,COHR,ok,0,1,82,2014-01-02,2014-01-03,2014-01-02
BEST_PX_BPS_RATIO,ON,ok,0,1,3,2014-01-02,2014-01-03,2014-01-02
BEST_PX_BPS_RATIO,FICO,ok,0,1775,1249,2014-01-02,2021-01-21,2014-01-02
BEST_PX_BPS_RATIO,HPE,ok,0,10,15,2015-10-20,2015-11-03,2015-10-20
BEST_PX_BPS_RATIO,VRSN,ok,0,78,3064,2014-01-02,2014-04-25,2014-01-02
BEST_PX_BPS_RATIO,ASM,ok,0,1,3,2014-01-02,2014-01-03,2014-01-02
BEST_PX_BPS_RATIO,MRSH,ok,0,1,14,2014-01-02,2014-01-03,2014-01-02
BEST_PX_BPS_RATIO,APO,ok,0,1,2,2014-01-02,2014-01-03,2014-01-02
BEST_PX_BPS_RATIO,MSCI,ok,0,1,1861,2014-01-02,2014-01-03,2014-01-02
BEST_PX_BPS_RATIO,BNY,ok,0,1,3,2014-01-02,2014-01-03,2014-01-02
BEST_PX_BPS_RATIO,IBKR,ok,0,1629,561,2014-01-02,2020-06-23,2014-01-02
BEST_PX_BPS_RATIO,UBSG,ok,0,2,4,2014-01-02,2014-01-06,2014-01-02
BEST_PX_BPS_RATIO,UCG,ok,0,1,4,2014-01-02,2014-01-03,2014-01-02
BEST_PX_BPS_RATIO,8316,ok,0,3,8,2014-01-02,2014-01-07,2014-01-02
BEST_PX_BPS_RATIO,ADP,ok,0,1,29,2014-01-02,2014-01-03,2014-01-02
BEST_PX_BPS_RATIO,HWM,ok,0,89,2,2020-04-01,2020-08-07,2020-04-01
BEST_PX_BPS_RATIO,WM,ok,0,2,11,2014-01-02,2014-01-06,2014-01-02
BEST_PX_BPS_RATIO,PH,ok,0,2,2,2014-01-02,2014-01-06,2014-01-02
BEST_PX_BPS_RATIO,REL,ok,0,1,3,2014-01-02,2014-01-03,2014-01-02
BEST_PX_BPS_RATIO,7011,ok,0,3,7,2014-01-02,2014-01-07,2014-01-02
BEST_PX_BPS_RATIO,ROP,ok,0,2,3,2014-01-02,2014-01-06,2014-01-02
BEST_PX_BPS_RATIO,GILD,ok,0,1,3,2014-01-02,2014-01-03,2014-01-02
BEST_PX_BPS_RATIO,PFE,ok,0,1,4,2014-01-02,2014-01-03,2014-01-02
BEST_PX_BPS_RATIO,MDT,ok,0,1,3,2014-01-02,2014-01-03,2014-01-02
BEST_PX_BPS_RATIO,HCA,ok,0,1650,652,2014-01-02,2020-07-23,2014-01-02
BEST_PX_BPS_RATIO,ZTS,ok,0,1,2,2014-01-02,2014-01-03,2014-01-02
BEST_PX_BPS_RATIO,RMS,ok,0,1,2,2014-01-02,2014-01-03,2014-01-02
BEST_PX_BPS_RATIO,6758,ok,0,3,7,2014-01-02,2014-01-07,2014-01-02
BEST_PX_BPS_RATIO,CMG,ok,0,1,2,2014-01-02,2014-01-03,2014-01-02
BEST_PX_BPS_RATIO,MAR,ok,0,715,909,2014-01-02,2016-11-02,2014-01-02
BEST_PX_BPS_RATIO,GM,ok,0,1,3,2014-01-02,2014-01-03,2014-01-02
BEST_PX_BPS_RATIO,GRMN,ok,0,33,3,2014-01-02,2014-02-20,2014-01-02
BEST_PX_BPS_RATIO,RDDT,ok,0,17,1,2024-03-21,2024-04-16,2024-03-21
BEST_PX_BPS_RATIO,LYV,ok,0,1,246,2014-01-02,2014-01-03,2014-01-02
BEST_PX_BPS_RATIO,TKO,ok,0,1,2,2023-09-12,2023-09-13,2023-09-12
BEST_PX_BPS_RATIO,MO,ok,0,1,571,2014-01-02,2014-01-03,2014-01-02
BEST_PX_BPS_RATIO,CL,ok,0,1,258,2014-01-02,2014-01-03,2014-01-02
BEST_PX_BPS_RATIO,MNST,ok,0,1,2,2014-01-02,2014-01-03,2014-01-02
BEST_PX_BPS_RATIO,COP,ok,0,1,2,2014-01-02,2014-01-03,2014-01-02
BEST_PX_BPS_RATIO,SLB,ok,0,1,2,2014-01-02,2014-01-03,2014-01-02
BEST_PX_BPS_RATIO,APD,ok,0,1,2,2014-01-02,2014-01-03,2014-01-02
BEST_PX_BPS_RATIO,4063,ok,0,3,7,2014-01-02,2014-01-07,2014-01-02
BEST_PX_BPS_RATIO,NRG,ok,0,1,325,2014-01-02,2014-01-03,2014-01-02
BEST_PX_BPS_RATIO,ENEL,ok,0,1,3,2014-01-02,2014-01-03,2014-01-02
BEST_PX_BPS_RATIO,WELL,ok,0,66,69,2014-01-02,2014-04-08,2014-01-02
BEST_EV_TO_BEST_EBITDA,AAPL,ok,0,1,2,2014-01-02,2014-01-03,2014-01-02
BEST_EV_TO_BEST_EBITDA,MSFT,ok,0,1,2,2014-01-02,2014-01-03,2014-01-02
BEST_EV_TO_BEST_EBITDA,GOOGL,ok,0,1,2,2014-01-02,2014-01-03,2014-01-02
BEST_EV_TO_BEST_EBITDA,AMZN,ok,0,1,2,2014-01-02,2014-01-03,2014-01-02
BEST_EV_TO_BEST_EBITDA,META,ok,0,1,2,2014-01-02,2014-01-03,2014-01-02
BEST_EV_TO_BEST_EBITDA,NVDA,ok,0,1,2,2014-01-02,2014-01-03,2014-01-02
BEST_EV_TO_BEST_EBITDA,TSLA,ok,0,1,2,2014-01-02,2014-01-03,2014-01-02
BEST_EV_TO_BEST_EBITDA,PLTR,ok,0,19,1,2020-09-30,2020-10-27,2020-09-30
BEST_EV_TO_BEST_EBITDA,AVGO,ok,0,1,2,2014-01-02,2014-01-03,2014-01-02
BEST_EV_TO_BEST_EBITDA,MU,ok,0,1,2,2014-01-02,2014-01-03,2014-01-02
BEST_EV_TO_BEST_EBITDA,GEV,ok,0,1,1,2024-04-02,2024-04-03,2024-04-02
BEST_EV_TO_BEST_EBITDA,VRT,ok,0,416,2,2018-08-01,2020-03-27,2018-08-01
BEST_EV_TO_BEST_EBITDA,BE,ok,0,19,1,2018-07-25,2018-08-21,2018-07-25
BEST_EV_TO_BEST_EBITDA,LITE,ok,0,13,2,2015-07-27,2015-08-13,2015-07-27
BEST_EV_TO_BEST_EBITDA,000660,ok,0,1,3,2014-01-02,2014-01-03,2014-01-02
BEST_EV_TO_BEST_EBITDA,005930,ok,0,1,3,2014-01-02,2014-01-03,2014-01-02
BEST_EV_TO_BEST_EBITDA,UNH,ok,0,1,2,2014-01-02,2014-01-03,2014-01-02
BEST_EV_TO_BEST_EBITDA,LLY,ok,0,1,3,2014-01-02,2014-01-03,2014-01-02
BEST_EV_TO_BEST_EBITDA,ISRG,ok,0,266,2,2014-01-02,2015-01-23,2014-01-02
BEST_EV_TO_BEST_EBITDA,ABBV,ok,0,1,2,2014-01-02,2014-01-03,2014-01-02
BEST_EV_TO_BEST_EBITDA,REGN,ok,0,1,2,2014-01-02,2014-01-03,2014-01-02
BEST_EV_TO_BEST_EBITDA,V,ok,0,1,2,2014-01-02,2014-01-03,2014-01-02
BEST_EV_TO_BEST_EBITDA,MA,ok,0,1,2,2014-01-02,2014-01-03,2014-01-02
BEST_EV_TO_BEST_EBITDA,BLK,ok,0,569,3,2014-01-02,2016-04-07,2014-01-02
BEST_EV_TO_BEST_EBITDA,SPGI,ok,0,1,2,2014-01-02,2014-01-03,2014-01-02
BEST_EV_TO_BEST_EBITDA,GS,ok,0,2210,321,2014-01-02,2022-10-12,2014-01-02
BEST_EV_TO_BEST_EBITDA,COST,ok,0,1,2,2014-01-02,2014-01-03,2014-01-02
BEST_EV_TO_BEST_EBITDA,HD,ok,0,1,2,2014-01-02,2014-01-03,2014-01-02
BEST_EV_TO_BEST_EBITDA,PG,ok,0,1,2,2014-01-02,2014-01-03,2014-01-02
BEST_EV_TO_BEST_EBITDA,MCD,ok,0,1,2,2014-01-02,2014-01-03,2014-01-02
BEST_EV_TO_BEST_EBITDA,WMT,ok,0,1,2,2014-01-02,2014-01-03,2014-01-02
BEST_EV_TO_BEST_EBITDA,CAT,ok,0,1,2,2014-01-02,2014-01-03,2014-01-02
BEST_EV_TO_BEST_EBITDA,HON,ok,0,1,2,2014-01-02,2014-01-03,2014-01-02
BEST_EV_TO_BEST_EBITDA,DE,ok,0,1,2,2014-01-02,2014-01-03,2014-01-02
BEST_EV_TO_BEST_EBITDA,UNP,ok,0,1,2,2014-01-02,2014-01-03,2014-01-02
BEST_EV_TO_BEST_EBITDA,LMT,ok,0,1,2,2014-01-02,2014-01-03,2014-01-02
BEST_EV_TO_BEST_EBITDA,ETN,ok,0,1,2,2014-01-02,2014-01-03,2014-01-02
BEST_EV_TO_BEST_EBITDA,XOM,ok,0,1,2,2014-01-02,2014-01-03,2014-01-02
BEST_EV_TO_BEST_EBITDA,LNG,ok,0,4,184,2014-01-02,2014-01-08,2014-01-02
BEST_EV_TO_BEST_EBITDA,FCX,ok,0,1,2,2014-01-02,2014-01-03,2014-01-02
BEST_EV_TO_BEST_EBITDA,LIN,ok,0,1007,135,2014-01-02,2018-01-02,2014-01-02
BEST_EV_TO_BEST_EBITDA,NEE,ok,0,1,2,2014-01-02,2014-01-03,2014-01-02
BEST_EV_TO_BEST_EBITDA,AMT,ok,0,1,2,2014-01-02,2014-01-03,2014-01-02
BEST_EV_TO_BEST_EBITDA,EQIX,ok,0,1,2,2014-01-02,2014-01-03,2014-01-02
BEST_EV_TO_BEST_EBITDA,TMUS,ok,0,37,2,2014-01-02,2014-02-26,2014-01-02
BEST_EV_TO_BEST_EBITDA,PLD,ok,0,1,6,2014-01-02,2014-01-03,2014-01-02
BEST_EV_TO_BEST_EBITDA,AMD,ok,0,1,21,2014-01-02,2014-01-03,2014-01-02
BEST_EV_TO_BEST_EBITDA,CRM,ok,0,1,2,2014-01-02,2014-01-03,2014-01-02
BEST_EV_TO_BEST_EBITDA,NFLX,ok,0,1,1,2014-01-02,2014-01-03,2014-01-02
BEST_EV_TO_BEST_EBITDA,TER,ok,0,1,4,2014-01-02,2014-01-03,2014-01-02
BEST_EV_TO_BEST_EBITDA,GLW,ok,0,1,2,2014-01-02,2014-01-03,2014-01-02
BEST_EV_TO_BEST_EBITDA,JNJ,ok,0,1,2,2014-01-02,2014-01-03,2014-01-02
BEST_EV_TO_BEST_EBITDA,MPC,ok,0,1,2,2014-01-02,2014-01-03,2014-01-02
BEST_EV_TO_BEST_EBITDA,LRCX,ok,0,1,2,2014-01-02,2014-01-03,2014-01-02
BEST_EV_TO_BEST_EBITDA,AMAT,ok,0,1,3,2014-01-02,2014-01-03,2014-01-02
BEST_EV_TO_BEST_EBITDA,PANW,ok,0,1,3,2014-01-02,2014-01-03,2014-01-02
BEST_EV_TO_BEST_EBITDA,FN,ok,0,1,20,2014-01-02,2014-01-03,2014-01-02
BEST_EV_TO_BEST_EBITDA,MPWR,ok,0,26,1,2014-01-02,2014-02-10,2014-01-02
BEST_EV_TO_BEST_EBITDA,CSCO,ok,0,1,2,2014-01-02,2014-01-03,2014-01-02
BEST_EV_TO_BEST_EBITDA,INTC,ok,0,1,2,2014-01-02,2014-01-03,2014-01-02
BEST_EV_TO_BEST_EBITDA,ORCL,ok,0,1,2,2014-01-02,2014-01-03,2014-01-02
BEST_EV_TO_BEST_EBITDA,TSM,ok,0,1,2,2014-01-02,2014-01-03,2014-01-02
BEST_EV_TO_BEST_EBITDA,SNDK,ok,0,8,2,2025-02-24,2025-03-06,2025-02-24
BEST_EV_TO_BEST_EBITDA,KLAC,ok,0,1,2,2014-01-02,2014-01-03,2014-01-02
BEST_EV_TO_BEST_EBITDA,ANET,ok,0,18,2,2014-06-06,2014-07-02,2014-06-06
BEST_EV_TO_BEST_EBITDA,MRVL,ok,0,1,2,2014-01-02,2014-01-03,2014-01-02
BEST_EV_TO_BEST_EBITDA,CDNS,ok,0,276,24,2014-01-02,2015-02-06,2014-01-02
BEST_EV_TO_BEST_EBITDA,STX,ok,0,1,2,2014-01-02,2014-01-03,2014-01-02
BEST_EV_TO_BEST_EBITDA,PWR,ok,0,1,2,2014-01-02,2014-01-03,2014-01-02
BEST_EV_TO_BEST_EBITDA,BX,ok,0,1,17,2014-01-02,2014-01-03,2014-01-02
BEST_EV_TO_BEST_EBITDA,TMO,ok,0,1,2,2014-01-02,2014-01-03,2014-01-02
BEST_EV_TO_BEST_EBITDA,BSX,ok,0,1,2,2014-01-02,2014-01-03,2014-01-02
BEST_EV_TO_BEST_EBITDA,BKNG,ok,0,1,2,2014-01-02,2014-01-03,2014-01-02
BEST_EV_TO_BEST_EBITDA,PM,ok,0,1,2,2014-01-02,2014-01-03,2014-01-02
BEST_EV_TO_BEST_EBITDA,WMB,ok,0,4,2,2014-01-02,2014-01-08,2014-01-02
BEST_EV_TO_BEST_EBITDA,CEG,ok,0,2,2,2022-02-02,2022-02-04,2022-02-02
BEST_EV_TO_BEST_EBITDA,VST,ok,0,124,2,2016-10-05,2017-04-04,2016-10-05
BEST_EV_TO_BEST_EBITDA,DLR,ok,0,1,12,2014-01-02,2014-01-03,2014-01-02
BEST_EV_TO_BEST_EBITDA,ARM,ok,0,18,1,2023-09-14,2023-10-10,2023-09-14
BEST_EV_TO_BEST_EBITDA,SPOT,ok,0,382,225,2018-04-03,2019-10-08,2018-04-03
BEST_EV_TO_BEST_EBITDA,RACE,ok,0,19,2,2015-10-21,2015-11-17,2015-10-21
BEST_EV_TO_BEST_EBITDA,285A,ok,0,42,1,2024-12-18,2025-02-21,2024-12-18
BEST_EV_TO_BEST_EBITDA,6857,ok,0,3,3,2014-01-02,2014-01-07,2014-01-02
BEST_EV_TO_BEST_EBITDA,SU,ok,0,1,2,2014-01-02,2014-01-03,2014-01-02
BEST_EV_TO_BEST_EBITDA,SIE,ok,0,1,3,2014-01-02,2014-01-03,2014-01-02
BEST_EV_TO_BEST_EBITDA,RHM,ok,0,1,3,2014-01-02,2014-01-03,2014-01-02
BEST_EV_TO_BEST_EBITDA,ALV,ok,0,2687,4,2014-01-02,2024-09-06,2014-01-02
BEST_EV_TO_BEST_EBITDA,MC,ok,0,1,2,2014-01-02,2014-01-03,2014-01-02
BEST_EV_TO_BEST_EBITDA,NESN,ok,0,2,2,2014-01-02,2014-01-06,2014-01-02
BEST_EV_TO_BEST_EBITDA,RR/,ok,0,1,2,2014-01-02,2014-01-03,2014-01-02
BEST_EV_TO_BEST_EBITDA,SAP,ok,0,1,2,2014-01-02,2014-01-03,2014-01-02
BEST_EV_TO_BEST_EBITDA,ASML,ok,0,1,2,2014-01-02,2014-01-03,2014-01-02
BEST_EV_TO_BEST_EBITDA,AZN,ok,0,1,2,2014-01-02,2014-01-03,2014-01-02
BEST_EV_TO_BEST_EBITDA,SHEL,ok,0,1,4,2014-01-02,2014-01-03,2014-01-02
BEST_EV_TO_BEST_EBITDA,NOVOB,ok,0,1,3,2014-01-02,2014-01-03,2014-01-02
BEST_EV_TO_BEST_EBITDA,RIO,ok,0,1,3,2014-01-02,2014-01-03,2014-01-02
BEST_EV_TO_BEST_EBITDA,QCOM,ok,0,1,13,2014-01-02,2014-01-03,2014-01-02
BEST_EV_TO_BEST_EBITDA,TXN,ok,0,1,2,2014-01-02,2014-01-03,2014-01-02
BEST_EV_TO_BEST_EBITDA,ADBE,ok,0,1,2,2014-01-02,2014-01-03,2014-01-02
BEST_EV_TO_BEST_EBITDA,NOW,ok,0,1,2,2014-01-02,2014-01-03,2014-01-02
BEST_EV_TO_BEST_EBITDA,ACN,ok,0,1,2,2014-01-02,2014-01-03,2014-01-02
BEST_EV_TO_BEST_EBITDA,IBM,ok,0,1,2,2014-01-02,2014-01-03,2014-01-02
BEST_EV_TO_BEST_EBITDA,ADI,ok,0,1,2,2014-01-02,2014-01-03,2014-01-02
BEST_EV_TO_BEST_EBITDA,DELL,ok,0,1,2,2018-12-28,2018-12-31,2018-12-28
BEST_EV_TO_BEST_EBITDA,8035,ok,0,3,3,2014-01-02,2014-01-07,2014-01-02
BEST_EV_TO_BEST_EBITDA,IFX,ok,0,1,3,2014-01-02,2014-01-03,2014-01-02
BEST_EV_TO_BEST_EBITDA,SCHW,ok,0,1,11,2014-01-02,2014-01-03,2014-01-02
BEST_EV_TO_BEST_EBITDA,AXP,ok,0,11,1629,2014-01-02,2014-01-17,2014-01-02
BEST_EV_TO_BEST_EBITDA,PGR,ok,0,60,3144,2014-01-02,2014-03-31,2014-01-02
BEST_EV_TO_BEST_EBITDA,AON,ok,0,1,2,2014-01-02,2014-01-03,2014-01-02
BEST_EV_TO_BEST_EBITDA,CME,ok,0,1,2,2014-01-02,2014-01-03,2014-01-02
BEST_EV_TO_BEST_EBITDA,KKR,ok,0,1,213,2014-01-02,2014-01-03,2014-01-02
BEST_EV_TO_BEST_EBITDA,BN,ok,0,1,56,2022-12-12,2022-12-13,2022-12-12
BEST_EV_TO_BEST_EBITDA,C,ok,0,2079,134,2014-01-02,2022-04-05,2014-01-02
BEST_EV_TO_BEST_EBITDA,LSEG,ok,0,131,2,2014-01-02,2014-07-11,2014-01-02
BEST_EV_TO_BEST_EBITDA,ZURN,ok,0,33,1953,2014-01-02,2014-02-20,2014-01-02
BEST_EV_TO_BEST_EBITDA,CS,ok,0,36,2477,2014-01-02,2014-02-25,2014-01-02
BEST_EV_TO_BEST_EBITDA,DIS,ok,0,1,2,2014-01-02,2014-01-03,2014-01-02
BEST_EV_TO_BEST_EBITDA,CMCSA,ok,0,1,2,2014-01-02,2014-01-03,2014-01-02
BEST_EV_TO_BEST_EBITDA,VZ,ok,0,1,3,2014-01-02,2014-01-03,2014-01-02
BEST_EV_TO_BEST_EBITDA,T,ok,0,1,2,2014-01-02,2014-01-03,2014-01-02
BEST_EV_TO_BEST_EBITDA,TTWO,ok,0,1,2,2014-01-02,2014-01-03,2014-01-02
BEST_EV_TO_BEST_EBITDA,PUB,ok,0,1,2,2014-01-02,2014-01-03,2014-01-02
BEST_EV_TO_BEST_EBITDA,7974,ok,0,3,3,2014-01-02,2014-01-07,2014-01-02
BEST_EV_TO_BEST_EBITDA,DTE,ok,0,1,3,2014-01-02,2014-01-03,2014-01-02
BEST_EV_TO_BEST_EBITDA,UMG,ok,0,3,2,2021-09-21,2021-09-24,2021-09-21
BEST_EV_TO_BEST_EBITDA,LOW,ok,0,1,2,2014-01-02,2014-01-03,2014-01-02
BEST_EV_TO_BEST_EBITDA,TJX,ok,0,1,2,2014-01-02,2014-01-03,2014-01-02
BEST_EV_TO_BEST_EBITDA,SBUX,ok,0,1,2,2014-01-02,2014-01-03,2014-01-02
BEST_EV_TO_BEST_EBITDA,ABNB,ok,0,16,2,2020-12-10,2021-01-05,2020-12-10
BEST_EV_TO_BEST_EBITDA,7203,ok,0,3,4,2014-01-02,2014-01-07,2014-01-02
BEST_EV_TO_BEST_EBITDA,ITX,ok,0,1,2,2014-01-02,2014-01-03,2014-01-02
BEST_EV_TO_BEST_EBITDA,ABT,ok,0,1,2,2014-01-02,2014-01-03,2014-01-02
BEST_EV_TO_BEST_EBITDA,DHR,ok,0,1,2,2014-01-02,2014-01-03,2014-01-02
BEST_EV_TO_BEST_EBITDA,VRTX,ok,0,201,8,2014-01-02,2014-10-20,2014-01-02
BEST_EV_TO_BEST_EBITDA,SAN,ok,0,1,2,2014-01-02,2014-01-03,2014-01-02
BEST_EV_TO_BEST_EBITDA,GE,ok,0,1,1,2024-04-02,2024-04-03,2024-04-02
BEST_EV_TO_BEST_EBITDA,TT,ok,0,1,2,2020-03-02,2020-03-03,2020-03-02
BEST_EV_TO_BEST_EBITDA,ABBN,ok,0,2,3,2014-01-02,2014-01-06,2014-01-02
BEST_EV_TO_BEST_EBITDA,KO,ok,0,1,2,2014-01-02,2014-01-03,2014-01-02
BEST_EV_TO_BEST_EBITDA,ULVR,ok,0,1,2,2014-01-02,2014-01-03,2014-01-02
BEST_EV_TO_BEST_EBITDA,ECL,ok,0,1,2,2014-01-02,2014-01-03,2014-01-02
BEST_EV_TO_BEST_EBITDA,AI,ok,0,1,3,2014-01-02,2014-01-03,2014-01-02
BEST_EV_TO_BEST_EBITDA,IBE,ok,0,1,3,2014-01-02,2014-01-03,2014-01-02
BEST_EV_TO_BEST_EBITDA,INTU,ok,0,1,2,2014-01-02,2014-01-03,2014-01-02
BEST_EV_TO_BEST_EBITDA,SNPS,ok,0,284,14,2014-01-02,2015-02-19,2014-01-02
BEST_EV_TO_BEST_EBITDA,APH,ok,0,1,2,2014-01-02,2014-01-03,2014-01-02
BEST_EV_TO_BEST_EBITDA,MSI,ok,0,1,2,2014-01-02,2014-01-03,2014-01-02
BEST_EV_TO_BEST_EBITDA,CRWD,ok,0,154,1,2019-06-12,2020-01-22,2019-06-12
BEST_EV_TO_BEST_EBITDA,NXPI,ok,0,26,62,2014-01-02,2014-02-10,2014-01-02
BEST_EV_TO_BEST_EBITDA,KEYS,ok,0,335,25,2014-10-21,2016-02-22,2014-10-21
BEST_EV_TO_BEST_EBITDA,ADSK,ok,0,1,212,2014-01-02,2014-01-03,2014-01-02
BEST_EV_TO_BEST_EBITDA,WDAY,ok,0,166,2,2014-01-02,2014-08-29,2014-01-02
BEST_EV_TO_BEST_EBITDA,WDC,ok,0,1,1,2025-02-24,2025-02-25,2025-02-24
BEST_EV_TO_BEST_EBITDA,DDOG,ok,0,124,33,2019-09-19,2020-03-18,2019-09-19
BEST_EV_TO_BEST_EBITDA,FTNT,ok,0,1,2,2014-01-02,2014-01-03,2014-01-02
BEST_EV_TO_BEST_EBITDA,DSY,ok,0,1,2,2014-01-02,2014-01-03,2014-01-02
BEST_EV_TO_BEST_EBITDA,6146,ok,0,3,4,2014-01-02,2014-01-07,2014-01-02
BEST_EV_TO_BEST_EBITDA,6981,ok,0,3,4,2014-01-02,2014-01-07,2014-01-02
BEST_EV_TO_BEST_EBITDA,BRK/B,ok,0,2599,104,2014-01-02,2024-05-01,2014-01-02
BEST_EV_TO_BEST_EBITDA,ICE,ok,0,1,2,2014-01-02,2014-01-03,2014-01-02
BEST_EV_TO_BEST_EBITDA,MCO,ok,0,1,2,2014-01-02,2014-01-03,2014-01-02
BEST_EV_TO_BEST_EBITDA,PYPL,ok,0,8,2,2015-07-07,2015-07-17,2015-07-07
BEST_EV_TO_BEST_EBITDA,COF,ok,0,1,1,2025-05-19,2025-05-20,2025-05-19
BEST_EV_TO_BEST_EBITDA,BNP,ok,0,2381,2,2014-01-02,2023-06-20,2014-01-02
BEST_EV_TO_BEST_EBITDA,MUV2,ok,0,1898,34,2014-01-02,2021-07-19,2014-01-02
BEST_EV_TO_BEST_EBITDA,RTX,ok,0,1,2,2014-01-02,2014-01-03,2014-01-02
BEST_EV_TO_BEST_EBITDA,EMR,ok,0,1,2,2014-01-02,2014-01-03,2014-01-02
BEST_EV_TO_BEST_EBITDA,AXON,ok,0,290,2,2014-01-02,2015-02-27,2014-01-02
BEST_EV_TO_BEST_EBITDA,UBER,ok,0,485,3,2019-05-10,2021-04-14,2019-05-10
BEST_EV_TO_BEST_EBITDA,AIR,ok,0,1,2,2014-01-02,2014-01-03,2014-01-02
BEST_EV_TO_BEST_EBITDA,SAF,ok,0,1,2,2014-01-02,2014-01-03,2014-01-02
BEST_EV_TO_BEST_EBITDA,MRK,ok,0,1,2,2014-01-02,2014-01-03,2014-01-02
BEST_EV_TO_BEST_EBITDA,AMGN,ok,0,1,7,2014-01-02,2014-01-03,2014-01-02
BEST_EV_TO_BEST_EBITDA,SYK,ok,0,1,2,2014-01-02,2014-01-03,2014-01-02
BEST_EV_TO_BEST_EBITDA,MCK,ok,0,1,2,2014-01-02,2014-01-03,2014-01-02
BEST_EV_TO_BEST_EBITDA,NOVN,ok,0,2,3,2014-01-02,2014-01-06,2014-01-02
BEST_EV_TO_BEST_EBITDA,NKE,ok,0,1,2,2014-01-02,2014-01-03,2014-01-02
BEST_EV_TO_BEST_EBITDA,ORLY,ok,0,1,2,2014-01-02,2014-01-03,2014-01-02
BEST_EV_TO_BEST_EBITDA,DASH,ok,0,1,1,2020-12-09,2020-12-10,2020-12-09
BEST_EV_TO_BEST_EBITDA,CFR,ok,0,2,2,2014-01-02,2014-01-06,2014-01-02
BEST_EV_TO_BEST_EBITDA,TTD,ok,0,268,2,2016-09-21,2017-10-13,2016-09-21
BEST_EV_TO_BEST_EBITDA,RBLX,ok,0,18,1,2021-03-10,2021-04-06,2021-03-10
BEST_EV_TO_BEST_EBITDA,9432,ok,0,3,4,2014-01-02,2014-01-07,2014-01-02
BEST_EV_TO_BEST_EBITDA,9433,ok,0,3,5,2014-01-02,2014-01-07,2014-01-02
BEST_EV_TO_BEST_EBITDA,PEP,ok,0,1,3,2014-01-02,2014-01-03,2014-01-02
BEST_EV_TO_BEST_EBITDA,MDLZ,ok,0,1,2,2014-01-02,2014-01-03,2014-01-02
BEST_EV_TO_BEST_EBITDA,OR,ok,0,1,2,2014-01-02,2014-01-03,2014-01-02
BEST_EV_TO_BEST_EBITDA,CVX,ok,0,1,2,2014-01-02,2014-01-03,2014-01-02
BEST_EV_TO_BEST_EBITDA,TTE,ok,0,1,2,2014-01-02,2014-01-03,2014-01-02
BEST_EV_TO_BEST_EBITDA,NEM,ok,0,1,2,2014-01-02,2014-01-03,2014-01-02
BEST_EV_TO_BEST_EBITDA,SHW,ok,0,1,2,2014-01-02,2014-01-03,2014-01-02
BEST_EV_TO_BEST_EBITDA,SO,ok,0,1,2,2014-01-02,2014-01-03,2014-01-02
BEST_EV_TO_BEST_EBITDA,APP,ok,0,18,2,2021-04-15,2021-05-11,2021-04-15
BEST_EV_TO_BEST_EBITDA,SNOW,ok,0,307,2,2020-09-16,2021-12-03,2020-09-16
BEST_EV_TO_BEST_EBITDA,NET,ok,0,228,1,2019-09-13,2020-08-10,2019-09-13
BEST_EV_TO_BEST_EBITDA,ZS,ok,0,183,1,2018-03-16,2018-12-06,2018-03-16
BEST_EV_TO_BEST_EBITDA,TEAM,ok,0,16,2,2015-12-10,2016-01-05,2015-12-10
BEST_EV_TO_BEST_EBITDA,COHR,ok,0,1060,12,2014-01-02,2018-03-20,2014-01-02
BEST_EV_TO_BEST_EBITDA,ON,ok,0,26,2,2014-01-02,2014-02-10,2014-01-02
BEST_EV_TO_BEST_EBITDA,FICO,ok,0,1775,1,2014-01-02,2021-01-21,2014-01-02
BEST_EV_TO_BEST_EBITDA,HPE,ok,0,10,2,2015-10-20,2015-11-03,2015-10-20
BEST_EV_TO_BEST_EBITDA,VRSN,ok,0,1,77,2014-01-02,2014-01-03,2014-01-02
BEST_EV_TO_BEST_EBITDA,ASM,ok,0,1,2,2014-01-02,2014-01-03,2014-01-02
BEST_EV_TO_BEST_EBITDA,MRSH,ok,0,1,2,2014-01-02,2014-01-03,2014-01-02
BEST_EV_TO_BEST_EBITDA,APO,ok,0,1,18,2014-01-02,2014-01-03,2014-01-02
BEST_EV_TO_BEST_EBITDA,MSCI,ok,0,1,2,2014-01-02,2014-01-03,2014-01-02
BEST_EV_TO_BEST_EBITDA,IBKR,ok,0,2903,2,2014-01-02,2025-07-21,2014-01-02
BEST_EV_TO_BEST_EBITDA,UBSG,ok,0,2184,13,2014-01-02,2022-09-06,2014-01-02
BEST_EV_TO_BEST_EBITDA,UCG,ok,0,2659,2,2014-01-02,2024-07-29,2014-01-02
BEST_EV_TO_BEST_EBITDA,ADP,ok,0,1,2,2014-01-02,2014-01-03,2014-01-02
BEST_EV_TO_BEST_EBITDA,HWM,ok,0,2,2,2020-04-01,2020-04-03,2020-04-01
BEST_EV_TO_BEST_EBITDA,WM,ok,0,1,2,2014-01-02,2014-01-03,2014-01-02
BEST_EV_TO_BEST_EBITDA,PH,ok,0,1,2,2014-01-02,2014-01-03,2014-01-02
BEST_EV_TO_BEST_EBITDA,REL,ok,0,1,2,2014-01-02,2014-01-03,2014-01-02
BEST_EV_TO_BEST_EBITDA,7011,ok,0,3,4,2014-01-02,2014-01-07,2014-01-02
BEST_EV_TO_BEST_EBITDA,ROP,ok,0,2,2,2014-01-02,2014-01-06,2014-01-02
BEST_EV_TO_BEST_EBITDA,GILD,ok,0,1,2,2014-01-02,2014-01-03,2014-01-02
BEST_EV_TO_BEST_EBITDA,PFE,ok,0,1,20,2014-01-02,2014-01-03,2014-01-02
BEST_EV_TO_BEST_EBITDA,MDT,ok,0,1,2,2014-01-02,2014-01-03,2014-01-02
BEST_EV_TO_BEST_EBITDA,HCA,ok,0,1,2,2014-01-02,2014-01-03,2014-01-02
BEST_EV_TO_BEST_EBITDA,ZTS,ok,0,1,2,2014-01-02,2014-01-03,2014-01-02
BEST_EV_TO_BEST_EBITDA,RMS,ok,0,1,2,2014-01-02,2014-01-03,2014-01-02
BEST_EV_TO_BEST_EBITDA,6758,ok,0,3,4,2014-01-02,2014-01-07,2014-01-02
BEST_EV_TO_BEST_EBITDA,CMG,ok,0,4,2,2014-01-02,2014-01-08,2014-01-02
BEST_EV_TO_BEST_EBITDA,MAR,ok,0,1,2,2014-01-02,2014-01-03,2014-01-02
BEST_EV_TO_BEST_EBITDA,GM,ok,0,1,2,2014-01-02,2014-01-03,2014-01-02
BEST_EV_TO_BEST_EBITDA,GRMN,ok,0,33,2,2014-01-02,2014-02-20,2014-01-02
BEST_EV_TO_BEST_EBITDA,RDDT,ok,0,1,6,2024-03-21,2024-03-22,2024-03-21
BEST_EV_TO_BEST_EBITDA,LYV,ok,0,1,32,2014-01-02,2014-01-03,2014-01-02
BEST_EV_TO_BEST_EBITDA,TKO,ok,0,1,2,2023-09-12,2023-09-13,2023-09-12
BEST_EV_TO_BEST_EBITDA,MO,ok,0,1,3,2014-01-02,2014-01-03,2014-01-02
BEST_EV_TO_BEST_EBITDA,CL,ok,0,1,2,2014-01-02,2014-01-03,2014-01-02
BEST_EV_TO_BEST_EBITDA,MNST,ok,0,1,2,2014-01-02,2014-01-03,2014-01-02
BEST_EV_TO_BEST_EBITDA,COP,ok,0,1,2,2014-01-02,2014-01-03,2014-01-02
BEST_EV_TO_BEST_EBITDA,SLB,ok,0,1,2,2014-01-02,2014-01-03,2014-01-02
BEST_EV_TO_BEST_EBITDA,APD,ok,0,1,2,2014-01-02,2014-01-03,2014-01-02
BEST_EV_TO_BEST_EBITDA,4063,ok,0,3,4,2014-01-02,2014-01-07,2014-01-02
BEST_EV_TO_BEST_EBITDA,NRG,ok,0,1,2,2014-01-02,2014-01-03,2014-01-02
BEST_EV_TO_BEST_EBITDA,ENEL,ok,0,1,2,2014-01-02,2014-01-03,2014-01-02
BEST_EV_TO_BEST_EBITDA,WELL,ok,0,57,8,2014-01-02,2014-03-26,2014-01-02
NEWS_SENTIMENT_DAILY_AVG,AAPL,ok,0,1,3,2014-01-02,2014-01-03,2014-01-02
NEWS_SENTIMENT_DAILY_AVG,MSFT,ok,0,1,6,2014-01-02,2014-01-03,2014-01-02
NEWS_SENTIMENT_DAILY_AVG,GOOGL,ok,0,1,7,2014-01-02,2014-01-03,2014-01-02
NEWS_SENTIMENT_DAILY_AVG,AMZN,ok,0,1,7,2014-01-02,2014-01-03,2014-01-02
NEWS_SENTIMENT_DAILY_AVG,META,ok,0,1,4,2014-01-02,2014-01-03,2014-01-02
NEWS_SENTIMENT_DAILY_AVG,NVDA,ok,0,3,8,2014-01-02,2014-01-07,2014-01-02
NEWS_SENTIMENT_DAILY_AVG,TSLA,ok,0,1,8,2014-01-02,2014-01-03,2014-01-02
NEWS_SENTIMENT_DAILY_AVG,PLTR,ok,0,1,10,2020-09-30,2020-10-01,2020-09-30
NEWS_SENTIMENT_DAILY_AVG,AVGO,ok,0,3,9,2014-01-02,2014-01-07,2014-01-02
NEWS_SENTIMENT_DAILY_AVG,MU,ok,0,1,15,2014-01-02,2014-01-03,2014-01-02
NEWS_SENTIMENT_DAILY_AVG,GEV,ok,0,4,15,2024-04-02,2024-04-08,2024-04-02
NEWS_SENTIMENT_DAILY_AVG,VRT,ok,0,507,52,2018-08-01,2020-08-06,2018-08-01
NEWS_SENTIMENT_DAILY_AVG,BE,ok,0,1,44,2018-07-25,2018-07-26,2018-07-25
NEWS_SENTIMENT_DAILY_AVG,LITE,ok,0,7,56,2015-07-27,2015-08-05,2015-07-27
NEWS_SENTIMENT_DAILY_AVG,000660,ok,0,1,11,2014-01-02,2014-01-03,2014-01-02
NEWS_SENTIMENT_DAILY_AVG,005930,ok,0,1,5,2014-01-02,2014-01-03,2014-01-02
NEWS_SENTIMENT_DAILY_AVG,UNH,ok,0,3,9,2014-01-02,2014-01-07,2014-01-02
NEWS_SENTIMENT_DAILY_AVG,LLY,ok,0,3,8,2014-01-02,2014-01-07,2014-01-02
NEWS_SENTIMENT_DAILY_AVG,ISRG,ok,0,8,37,2014-01-02,2014-01-14,2014-01-02
NEWS_SENTIMENT_DAILY_AVG,ABBV,ok,0,3,4,2014-01-02,2014-01-07,2014-01-02
NEWS_SENTIMENT_DAILY_AVG,REGN,ok,0,3,11,2014-01-02,2014-01-07,2014-01-02
NEWS_SENTIMENT_DAILY_AVG,JPM,ok,0,1,8,2014-01-02,2014-01-03,2014-01-02
NEWS_SENTIMENT_DAILY_AVG,V,ok,0,3,8,2014-01-02,2014-01-07,2014-01-02
NEWS_SENTIMENT_DAILY_AVG,MA,ok,0,3,7,2014-01-02,2014-01-07,2014-01-02
NEWS_SENTIMENT_DAILY_AVG,BLK,ok,0,1,11,2014-01-02,2014-01-03,2014-01-02
NEWS_SENTIMENT_DAILY_AVG,SPGI,ok,0,6,26,2014-01-02,2014-01-10,2014-01-02
NEWS_SENTIMENT_DAILY_AVG,GS,ok,0,1,8,2014-01-02,2014-01-03,2014-01-02
NEWS_SENTIMENT_DAILY_AVG,COST,ok,0,1,7,2014-01-02,2014-01-03,2014-01-02
NEWS_SENTIMENT_DAILY_AVG,HD,ok,0,6,214,2014-01-02,2014-01-10,2014-01-02
NEWS_SENTIMENT_DAILY_AVG,PG,ok,0,1,13,2014-01-02,2014-01-03,2014-01-02
NEWS_SENTIMENT_DAILY_AVG,MCD,ok,0,5,9,2014-01-02,2014-01-09,2014-01-02
NEWS_SENTIMENT_DAILY_AVG,WMT,ok,0,1,5,2014-01-02,2014-01-03,2014-01-02
NEWS_SENTIMENT_DAILY_AVG,CAT,ok,0,4,9,2014-01-02,2014-01-08,2014-01-02
NEWS_SENTIMENT_DAILY_AVG,HON,ok,0,1,18,2014-01-02,2014-01-03,2014-01-02
NEWS_SENTIMENT_DAILY_AVG,DE,ok,0,5,11,2014-01-02,2014-01-09,2014-01-02
NEWS_SENTIMENT_DAILY_AVG,UNP,ok,0,3,21,2014-01-02,2014-01-07,2014-01-02
NEWS_SENTIMENT_DAILY_AVG,LMT,ok,0,1,11,2014-01-02,2014-01-03,2014-01-02
NEWS_SENTIMENT_DAILY_AVG,ETN,ok,0,4,31,2014-01-02,2014-01-08,2014-01-02
NEWS_SENTIMENT_DAILY_AVG,XOM,ok,0,1,4,2014-01-02,2014-01-03,2014-01-02
NEWS_SENTIMENT_DAILY_AVG,LNG,ok,0,1,41,2014-01-02,2014-01-03,2014-01-02
NEWS_SENTIMENT_DAILY_AVG,FCX,ok,0,3,12,2014-01-02,2014-01-07,2014-01-02
NEWS_SENTIMENT_DAILY_AVG,LIN,ok,0,4,23,2014-01-02,2014-01-08,2014-01-02
NEWS_SENTIMENT_DAILY_AVG,NEE,ok,0,11,19,2014-01-02,2014-01-17,2014-01-02
NEWS_SENTIMENT_DAILY_AVG,AMT,ok,0,4,42,2014-01-02,2014-01-08,2014-01-02
NEWS_SENTIMENT_DAILY_AVG,EQIX,ok,0,8,49,2014-01-02,2014-01-14,2014-01-02
NEWS_SENTIMENT_DAILY_AVG,TMUS,ok,0,1,12,2014-01-02,2014-01-03,2014-01-02
NEWS_SENTIMENT_DAILY_AVG,PLD,ok,0,6,48,2014-01-02,2014-01-10,2014-01-02
NEWS_SENTIMENT_DAILY_AVG,AMD,ok,0,1,8,2014-01-02,2014-01-03,2014-01-02
NEWS_SENTIMENT_DAILY_AVG,CRM,ok,0,1,11,2014-01-02,2014-01-03,2014-01-02
NEWS_SENTIMENT_DAILY_AVG,NFLX,ok,0,1,8,2014-01-02,2014-01-03,2014-01-02
NEWS_SENTIMENT_DAILY_AVG,TER,ok,0,10,41,2014-01-02,2014-01-16,2014-01-02
NEWS_SENTIMENT_DAILY_AVG,GLW,ok,0,4,37,2014-01-02,2014-01-08,2014-01-02
NEWS_SENTIMENT_DAILY_AVG,JNJ,ok,0,1,4,2014-01-02,2014-01-03,2014-01-02
NEWS_SENTIMENT_DAILY_AVG,WFC,ok,0,1,7,2014-01-02,2014-01-03,2014-01-02
NEWS_SENTIMENT_DAILY_AVG,MPC,ok,0,3,25,2014-01-02,2014-01-07,2014-01-02
NEWS_SENTIMENT_DAILY_AVG,LRCX,ok,0,9,22,2014-01-02,2014-01-15,2014-01-02
NEWS_SENTIMENT_DAILY_AVG,AMAT,ok,0,8,11,2014-01-02,2014-01-14,2014-01-02
NEWS_SENTIMENT_DAILY_AVG,PANW,ok,0,3,25,2014-01-02,2014-01-07,2014-01-02
NEWS_SENTIMENT_DAILY_AVG,FN,ok,0,23,72,2014-01-02,2014-02-05,2014-01-02
NEWS_SENTIMENT_DAILY_AVG,MPWR,ok,0,9,43,2014-01-02,2014-01-15,2014-01-02
NEWS_SENTIMENT_DAILY_AVG,BAC,ok,0,1,16,2014-01-02,2014-01-03,2014-01-02
NEWS_SENTIMENT_DAILY_AVG,CSCO,ok,0,3,10,2014-01-02,2014-01-07,2014-01-02
NEWS_SENTIMENT_DAILY_AVG,INTC,ok,0,1,5,2014-01-02,2014-01-03,2014-01-02
NEWS_SENTIMENT_DAILY_AVG,ORCL,ok,0,1,13,2014-01-02,2014-01-03,2014-01-02
NEWS_SENTIMENT_DAILY_AVG,TSM,ok,0,3,7,2014-01-02,2014-01-07,2014-01-02
NEWS_SENTIMENT_DAILY_AVG,SNDK,ok,0,4,48,2025-02-24,2025-02-28,2025-02-24
NEWS_SENTIMENT_DAILY_AVG,KLAC,ok,0,4,29,2014-01-02,2014-01-08,2014-01-02
NEWS_SENTIMENT_DAILY_AVG,ANET,ok,0,5,23,2014-06-06,2014-06-13,2014-06-06
NEWS_SENTIMENT_DAILY_AVG,MRVL,ok,0,3,27,2014-01-02,2014-01-07,2014-01-02
NEWS_SENTIMENT_DAILY_AVG,CDNS,ok,0,5,46,2014-01-02,2014-01-09,2014-01-02
NEWS_SENTIMENT_DAILY_AVG,STX,ok,0,2,16,2014-01-02,2014-01-06,2014-01-02
NEWS_SENTIMENT_DAILY_AVG,PWR,ok,0,8,34,2014-01-02,2014-01-14,2014-01-02
NEWS_SENTIMENT_DAILY_AVG,BX,ok,0,1,14,2014-01-02,2014-01-03,2014-01-02
NEWS_SENTIMENT_DAILY_AVG,TMO,ok,0,3,22,2014-01-02,2014-01-07,2014-01-02
NEWS_SENTIMENT_DAILY_AVG,BSX,ok,0,1,12,2014-01-02,2014-01-03,2014-01-02
NEWS_SENTIMENT_DAILY_AVG,BKNG,ok,0,4,14,2014-01-02,2014-01-08,2014-01-02
NEWS_SENTIMENT_DAILY_AVG,PM,ok,0,5,14,2014-01-02,2014-01-09,2014-01-02
NEWS_SENTIMENT_DAILY_AVG,WMB,ok,0,4,31,2014-01-02,2014-01-08,2014-01-02
NEWS_SENTIMENT_DAILY_AVG,CEG,ok,0,2,32,2022-02-02,2022-02-04,2022-02-02
NEWS_SENTIMENT_DAILY_AVG,VST,ok,0,2,77,2016-10-05,2016-10-07,2016-10-05
NEWS_SENTIMENT_DAILY_AVG,DLR,ok,0,4,56,2014-01-02,2014-01-08,2014-01-02
NEWS_SENTIMENT_DAILY_AVG,ARM,ok,0,2,12,2023-09-14,2023-09-18,2023-09-14
NEWS_SENTIMENT_DAILY_AVG,SPOT,ok,0,1,21,2018-04-03,2018-04-04,2018-04-03
NEWS_SENTIMENT_DAILY_AVG,RACE,ok,0,1,27,2015-10-21,2015-10-22,2015-10-21
NEWS_SENTIMENT_DAILY_AVG,285A,ok,0,1,15,2024-12-18,2024-12-19,2024-12-18
NEWS_SENTIMENT_DAILY_AVG,6857,ok,0,16,27,2014-01-02,2014-01-27,2014-01-02
NEWS_SENTIMENT_DAILY_AVG,SU,ok,0,1,33,2014-01-02,2014-01-03,2014-01-02
NEWS_SENTIMENT_DAILY_AVG,SIE,ok,0,1,14,2014-01-02,2014-01-03,2014-01-02
NEWS_SENTIMENT_DAILY_AVG,RHM,ok,0,18,56,2014-01-02,2014-01-29,2014-01-02
NEWS_SENTIMENT_DAILY_AVG,ALV,ok,0,4,31,2014-01-02,2014-01-08,2014-01-02
NEWS_SENTIMENT_DAILY_AVG,MC,ok,0,9,9,2014-01-02,2014-01-15,2014-01-02
NEWS_SENTIMENT_DAILY_AVG,NESN,ok,0,1,18,2014-01-02,2014-01-03,2014-01-02
NEWS_SENTIMENT_DAILY_AVG,RR/,ok,0,4,23,2014-01-02,2014-01-08,2014-01-02
NEWS_SENTIMENT_DAILY_AVG,SAP,ok,0,3,17,2014-01-02,2014-01-07,2014-01-02
NEWS_SENTIMENT_DAILY_AVG,ASML,ok,0,6,24,2014-01-02,2014-01-10,2014-01-02
NEWS_SENTIMENT_DAILY_AVG,AZN,ok,0,3,8,2014-01-02,2014-01-07,2014-01-02
NEWS_SENTIMENT_DAILY_AVG,SHEL,ok,0,1,5,2014-01-02,2014-01-03,2014-01-02
NEWS_SENTIMENT_DAILY_AVG,HSBA,ok,0,1,11,2014-01-02,2014-01-03,2014-01-02
NEWS_SENTIMENT_DAILY_AVG,NOVOB,ok,0,1,8,2014-01-02,2014-01-03,2014-01-02
NEWS_SENTIMENT_DAILY_AVG,RIO,ok,0,1,7,2014-01-02,2014-01-03,2014-01-02
NEWS_SENTIMENT_DAILY_AVG,QCOM,ok,0,1,5,2014-01-02,2014-01-03,2014-01-02
NEWS_SENTIMENT_DAILY_AVG,TXN,ok,0,1,28,2014-01-02,2014-01-03,2014-01-02
NEWS_SENTIMENT_DAILY_AVG,ADBE,ok,0,6,13,2014-01-02,2014-01-10,2014-01-02
NEWS_SENTIMENT_DAILY_AVG,NOW,ok,0,5,21,2014-01-02,2014-01-09,2014-01-02
NEWS_SENTIMENT_DAILY_AVG,ACN,ok,0,3,21,2014-01-02,2014-01-07,2014-01-02
NEWS_SENTIMENT_DAILY_AVG,IBM,ok,0,1,8,2014-01-02,2014-01-03,2014-01-02
NEWS_SENTIMENT_DAILY_AVG,ADI,ok,0,1,21,2014-01-02,2014-01-03,2014-01-02
NEWS_SENTIMENT_DAILY_AVG,DELL,ok,0,2,15,2018-12-28,2019-01-02,2018-12-28
NEWS_SENTIMENT_DAILY_AVG,8035,ok,0,5,22,2014-01-02,2014-01-09,2014-01-02
NEWS_SENTIMENT_DAILY_AVG,IFX,ok,0,5,21,2014-01-02,2014-01-09,2014-01-02
NEWS_SENTIMENT_DAILY_AVG,MS,ok,0,1,7,2014-01-02,2014-01-03,2014-01-02
NEWS_SENTIMENT_DAILY_AVG,SCHW,ok,0,4,11,2014-01-02,2014-01-08,2014-01-02
NEWS_SENTIMENT_DAILY_AVG,AXP,ok,0,4,13,2014-01-02,2014-01-08,2014-01-02
NEWS_SENTIMENT_DAILY_AVG,PGR,ok,0,6,14,2014-01-02,2014-01-10,2014-01-02
NEWS_SENTIMENT_DAILY_AVG,AON,ok,0,9,24,2014-01-02,2014-01-15,2014-01-02
NEWS_SENTIMENT_DAILY_AVG,CME,ok,0,3,29,2014-01-02,2014-01-07,2014-01-02
NEWS_SENTIMENT_DAILY_AVG,KKR,ok,0,4,30,2014-01-02,2014-01-08,2014-01-02
NEWS_SENTIMENT_DAILY_AVG,BN,ok,0,11,14,2022-12-12,2022-12-28,2022-12-12
NEWS_SENTIMENT_DAILY_AVG,C,ok,0,1,7,2014-01-02,2014-01-03,2014-01-02
NEWS_SENTIMENT_DAILY_AVG,LSEG,ok,0,9,118,2014-01-02,2014-01-15,2014-01-02
NEWS_SENTIMENT_DAILY_AVG,ZURN,ok,0,10,22,2014-01-02,2014-01-16,2014-01-02
NEWS_SENTIMENT_DAILY_AVG,CS,ok,0,4,41,2014-01-02,2014-01-08,2014-01-02
NEWS_SENTIMENT_DAILY_AVG,8306,ok,0,5,17,2014-01-02,2014-01-09,2014-01-02
NEWS_SENTIMENT_DAILY_AVG,DIS,ok,0,1,8,2014-01-02,2014-01-03,2014-01-02
NEWS_SENTIMENT_DAILY_AVG,CMCSA,ok,0,3,10,2014-01-02,2014-01-07,2014-01-02
NEWS_SENTIMENT_DAILY_AVG,VZ,ok,0,3,10,2014-01-02,2014-01-07,2014-01-02
NEWS_SENTIMENT_DAILY_AVG,T,ok,0,1,8,2014-01-02,2014-01-03,2014-01-02
NEWS_SENTIMENT_DAILY_AVG,TTWO,ok,0,9,36,2014-01-02,2014-01-15,2014-01-02
NEWS_SENTIMENT_DAILY_AVG,PUB,ok,0,8,35,2014-01-02,2014-01-14,2014-01-02
NEWS_SENTIMENT_DAILY_AVG,7974,ok,0,5,14,2014-01-02,2014-01-09,2014-01-02
NEWS_SENTIMENT_DAILY_AVG,DTE,ok,0,3,27,2014-01-02,2014-01-07,2014-01-02
NEWS_SENTIMENT_DAILY_AVG,UMG,ok,0,95,33,2021-09-21,2022-02-04,2021-09-21
NEWS_SENTIMENT_DAILY_AVG,LOW,ok,0,18,17,2014-01-02,2014-01-29,2014-01-02
NEWS_SENTIMENT_DAILY_AVG,TJX,ok,0,1,23,2014-01-02,2014-01-03,2014-01-02
NEWS_SENTIMENT_DAILY_AVG,SBUX,ok,0,1,8,2014-01-02,2014-01-03,2014-01-02
NEWS_SENTIMENT_DAILY_AVG,ABNB,ok,0,1,6,2020-12-10,2020-12-11,2020-12-10
NEWS_SENTIMENT_DAILY_AVG,7203,ok,0,1,4,2014-01-02,2014-01-03,2014-01-02
NEWS_SENTIMENT_DAILY_AVG,ITX,ok,0,15,35,2014-01-02,2014-01-24,2014-01-02
NEWS_SENTIMENT_DAILY_AVG,ABT,ok,0,3,23,2014-01-02,2014-01-07,2014-01-02
NEWS_SENTIMENT_DAILY_AVG,DHR,ok,0,9,27,2014-01-02,2014-01-15,2014-01-02
NEWS_SENTIMENT_DAILY_AVG,VRTX,ok,0,5,13,2014-01-02,2014-01-09,2014-01-02
NEWS_SENTIMENT_DAILY_AVG,SAN,ok,0,1,16,2014-01-02,2014-01-03,2014-01-02
NEWS_SENTIMENT_DAILY_AVG,GE,ok,0,1,8,2024-04-02,2024-04-03,2024-04-02
NEWS_SENTIMENT_DAILY_AVG,TT,ok,0,96,31,2020-03-02,2020-07-17,2020-03-02
NEWS_SENTIMENT_DAILY_AVG,ABBN,ok,0,10,43,2014-01-02,2014-01-16,2014-01-02
NEWS_SENTIMENT_DAILY_AVG,KO,ok,0,4,9,2014-01-02,2014-01-08,2014-01-02
NEWS_SENTIMENT_DAILY_AVG,ULVR,ok,0,1,1056,2014-01-02,2014-01-03,2014-01-02
NEWS_SENTIMENT_DAILY_AVG,ECL,ok,0,5,57,2014-01-02,2014-01-09,2014-01-02
NEWS_SENTIMENT_DAILY_AVG,AI,ok,0,9,77,2014-01-02,2014-01-15,2014-01-02
NEWS_SENTIMENT_DAILY_AVG,IBE,ok,0,4,31,2014-01-02,2014-01-08,2014-01-02
NEWS_SENTIMENT_DAILY_AVG,INTU,ok,0,6,16,2014-01-02,2014-01-10,2014-01-02
NEWS_SENTIMENT_DAILY_AVG,SNPS,ok,0,6,26,2014-01-02,2014-01-10,2014-01-02
NEWS_SENTIMENT_DAILY_AVG,APH,ok,0,11,34,2014-01-02,2014-01-17,2014-01-02
NEWS_SENTIMENT_DAILY_AVG,MSI,ok,0,13,38,2014-01-02,2014-01-22,2014-01-02
NEWS_SENTIMENT_DAILY_AVG,CRWD,ok,0,1,18,2019-06-12,2019-06-13,2019-06-12
NEWS_SENTIMENT_DAILY_AVG,NXPI,ok,0,13,27,2014-01-02,2014-01-22,2014-01-02
NEWS_SENTIMENT_DAILY_AVG,KEYS,ok,0,10,37,2014-10-21,2014-11-04,2014-10-21
NEWS_SENTIMENT_DAILY_AVG,ADSK,ok,0,1,24,2014-01-02,2014-01-03,2014-01-02
NEWS_SENTIMENT_DAILY_AVG,WDAY,ok,0,4,23,2014-01-02,2014-01-08,2014-01-02
NEWS_SENTIMENT_DAILY_AVG,WDC,ok,0,1,4,2025-02-24,2025-02-25,2025-02-24
NEWS_SENTIMENT_DAILY_AVG,DDOG,ok,0,1,27,2019-09-19,2019-09-20,2019-09-19
NEWS_SENTIMENT_DAILY_AVG,FTNT,ok,0,8,28,2014-01-02,2014-01-14,2014-01-02
NEWS_SENTIMENT_DAILY_AVG,DSY,ok,0,5,58,2014-01-02,2014-01-09,2014-01-02
NEWS_SENTIMENT_DAILY_AVG,6146,ok,0,13,50,2014-01-02,2014-01-22,2014-01-02
NEWS_SENTIMENT_DAILY_AVG,6981,ok,0,6,36,2014-01-02,2014-01-10,2014-01-02
NEWS_SENTIMENT_DAILY_AVG,BRK/B,ok,0,1,15,2014-01-02,2014-01-03,2014-01-02
NEWS_SENTIMENT_DAILY_AVG,CB,ok,0,5,29,2014-01-02,2014-01-09,2014-01-02
NEWS_SENTIMENT_DAILY_AVG,ICE,ok,0,1,20,2014-01-02,2014-01-03,2014-01-02
NEWS_SENTIMENT_DAILY_AVG,MCO,ok,0,6,22,2014-01-02,2014-01-10,2014-01-02
NEWS_SENTIMENT_DAILY_AVG,PYPL,ok,0,14,8,2015-07-07,2015-07-27,2015-07-07
NEWS_SENTIMENT_DAILY_AVG,COF,ok,0,1,4,2025-05-19,2025-05-20,2025-05-19
NEWS_SENTIMENT_DAILY_AVG,BNP,ok,0,5,18,2014-01-02,2014-01-09,2014-01-02
NEWS_SENTIMENT_DAILY_AVG,MUV2,ok,0,4,26,2014-01-02,2014-01-08,2014-01-02
NEWS_SENTIMENT_DAILY_AVG,RTX,ok,0,3,25,2014-01-02,2014-01-07,2014-01-02
NEWS_SENTIMENT_DAILY_AVG,EMR,ok,0,4,31,2014-01-02,2014-01-08,2014-01-02
NEWS_SENTIMENT_DAILY_AVG,AXON,ok,0,4,49,2014-01-02,2014-01-08,2014-01-02
NEWS_SENTIMENT_DAILY_AVG,UBER,ok,0,1,5,2019-05-10,2019-05-13,2019-05-10
NEWS_SENTIMENT_DAILY_AVG,AIR,ok,0,1,9,2014-01-02,2014-01-03,2014-01-02
NEWS_SENTIMENT_DAILY_AVG,SAF,ok,0,9,35,2014-01-02,2014-01-15,2014-01-02
NEWS_SENTIMENT_DAILY_AVG,MRK,ok,0,1,9,2014-01-02,2014-01-03,2014-01-02
NEWS_SENTIMENT_DAILY_AVG,AMGN,ok,0,1,8,2014-01-02,2014-01-03,2014-01-02
NEWS_SENTIMENT_DAILY_AVG,SYK,ok,0,1,26,2014-01-02,2014-01-03,2014-01-02
NEWS_SENTIMENT_DAILY_AVG,MCK,ok,0,4,17,2014-01-02,2014-01-08,2014-01-02
NEWS_SENTIMENT_DAILY_AVG,NOVN,ok,0,4,16,2014-01-02,2014-01-08,2014-01-02
NEWS_SENTIMENT_DAILY_AVG,NKE,ok,0,4,10,2014-01-02,2014-01-08,2014-01-02
NEWS_SENTIMENT_DAILY_AVG,ORLY,ok,0,15,31,2014-01-02,2014-01-24,2014-01-02
NEWS_SENTIMENT_DAILY_AVG,DASH,ok,0,1,18,2020-12-09,2020-12-10,2020-12-09
NEWS_SENTIMENT_DAILY_AVG,CFR,ok,0,6,20,2014-01-02,2014-01-10,2014-01-02
NEWS_SENTIMENT_DAILY_AVG,TTD,ok,0,1,21,2016-09-21,2016-09-22,2016-09-21
NEWS_SENTIMENT_DAILY_AVG,RBLX,ok,0,1,10,2021-03-10,2021-03-11,2021-03-10
NEWS_SENTIMENT_DAILY_AVG,9432,ok,0,11,58,2014-01-02,2014-01-17,2014-01-02
NEWS_SENTIMENT_DAILY_AVG,9433,ok,0,14,44,2014-01-02,2014-01-23,2014-01-02
NEWS_SENTIMENT_DAILY_AVG,PEP,ok,0,1,12,2014-01-02,2014-01-03,2014-01-02
NEWS_SENTIMENT_DAILY_AVG,MDLZ,ok,0,6,19,2014-01-02,2014-01-10,2014-01-02
NEWS_SENTIMENT_DAILY_AVG,OR,ok,0,4,38,2014-01-02,2014-01-08,2014-01-02
NEWS_SENTIMENT_DAILY_AVG,CVX,ok,0,2,5,2014-01-02,2014-01-06,2014-01-02
NEWS_SENTIMENT_DAILY_AVG,TTE,ok,0,1,16,2014-01-02,2014-01-03,2014-01-02
NEWS_SENTIMENT_DAILY_AVG,NEM,ok,0,1,17,2014-01-02,2014-01-03,2014-01-02
NEWS_SENTIMENT_DAILY_AVG,SHW,ok,0,5,17,2014-01-02,2014-01-09,2014-01-02
NEWS_SENTIMENT_DAILY_AVG,SO,ok,0,9,16,2014-01-02,2014-01-15,2014-01-02
NEWS_SENTIMENT_DAILY_AVG,APP,ok,0,1,39,2021-04-15,2021-04-16,2021-04-15
NEWS_SENTIMENT_DAILY_AVG,SNOW,ok,0,1,10,2020-09-16,2020-09-17,2020-09-16
NEWS_SENTIMENT_DAILY_AVG,NET,ok,0,1,16,2019-09-13,2019-09-16,2019-09-13
NEWS_SENTIMENT_DAILY_AVG,ZS,ok,0,2,22,2018-03-16,2018-03-20,2018-03-16
NEWS_SENTIMENT_DAILY_AVG,TEAM,ok,0,1,27,2015-12-10,2015-12-11,2015-12-10
NEWS_SENTIMENT_DAILY_AVG,COHR,ok,0,19,42,2014-01-02,2014-01-30,2014-01-02
NEWS_SENTIMENT_DAILY_AVG,ON,ok,0,28,30,2014-01-02,2014-02-12,2014-01-02
NEWS_SENTIMENT_DAILY_AVG,FICO,ok,0,14,52,2014-01-02,2014-01-23,2014-01-02
NEWS_SENTIMENT_DAILY_AVG,HPE,ok,0,6,17,2015-10-20,2015-10-28,2015-10-20
NEWS_SENTIMENT_DAILY_AVG,VRSN,ok,0,25,39,2014-01-02,2014-02-07,2014-01-02
NEWS_SENTIMENT_DAILY_AVG,ASM,ok,0,38,46,2014-01-02,2014-02-27,2014-01-02
NEWS_SENTIMENT_DAILY_AVG,MRSH,ok,0,14,39,2014-01-02,2014-01-23,2014-01-02
NEWS_SENTIMENT_DAILY_AVG,APO,ok,0,4,23,2014-01-02,2014-01-08,2014-01-02
NEWS_SENTIMENT_DAILY_AVG,MSCI,ok,0,23,30,2014-01-02,2014-02-05,2014-01-02
NEWS_SENTIMENT_DAILY_AVG,BNY,ok,0,1,13,2014-01-02,2014-01-03,2014-01-02
NEWS_SENTIMENT_DAILY_AVG,IBKR,ok,0,1,28,2014-01-02,2014-01-03,2014-01-02
NEWS_SENTIMENT_DAILY_AVG,UBSG,ok,0,5,18,2014-01-02,2014-01-09,2014-01-02
NEWS_SENTIMENT_DAILY_AVG,UCG,ok,0,5,23,2014-01-02,2014-01-09,2014-01-02
NEWS_SENTIMENT_DAILY_AVG,8316,ok,0,4,28,2014-01-02,2014-01-08,2014-01-02
NEWS_SENTIMENT_DAILY_AVG,ADP,ok,0,4,17,2014-01-02,2014-01-08,2014-01-02
NEWS_SENTIMENT_DAILY_AVG,HWM,ok,0,1,28,2020-04-01,2020-04-02,2020-04-01
NEWS_SENTIMENT_DAILY_AVG,WM,ok,0,15,30,2014-01-02,2014-01-24,2014-01-02
NEWS_SENTIMENT_DAILY_AVG,PH,ok,0,4,35,2014-01-02,2014-01-08,2014-01-02
NEWS_SENTIMENT_DAILY_AVG,REL,ok,0,3,44,2014-01-02,2014-01-07,2014-01-02
NEWS_SENTIMENT_DAILY_AVG,7011,ok,0,4,44,2014-01-02,2014-01-08,2014-01-02
NEWS_SENTIMENT_DAILY_AVG,ROP,ok,0,5,15,2014-01-02,2014-01-09,2014-01-02
NEWS_SENTIMENT_DAILY_AVG,GILD,ok,0,3,8,2014-01-02,2014-01-07,2014-01-02
NEWS_SENTIMENT_DAILY_AVG,PFE,ok,0,1,5,2014-01-02,2014-01-03,2014-01-02
NEWS_SENTIMENT_DAILY_AVG,MDT,ok,0,3,13,2014-01-02,2014-01-07,2014-01-02
NEWS_SENTIMENT_DAILY_AVG,HCA,ok,0,8,30,2014-01-02,2014-01-14,2014-01-02
NEWS_SENTIMENT_DAILY_AVG,ZTS,ok,0,5,31,2014-01-02,2014-01-09,2014-01-02
NEWS_SENTIMENT_DAILY_AVG,RMS,ok,0,10,25,2014-01-02,2014-01-16,2014-01-02
NEWS_SENTIMENT_DAILY_AVG,6758,ok,0,3,20,2014-01-02,2014-01-07,2014-01-02
NEWS_SENTIMENT_DAILY_AVG,CMG,ok,0,6,21,2014-01-02,2014-01-10,2014-01-02
NEWS_SENTIMENT_DAILY_AVG,MAR,ok,0,1,13,2014-01-02,2014-01-03,2014-01-02
NEWS_SENTIMENT_DAILY_AVG,GM,ok,0,1,3,2014-01-02,2014-01-03,2014-01-02
NEWS_SENTIMENT_DAILY_AVG,GRMN,ok,0,5,31,2014-01-02,2014-01-09,2014-01-02
NEWS_SENTIMENT_DAILY_AVG,RDDT,ok,0,1,11,2024-03-21,2024-03-22,2024-03-21
NEWS_SENTIMENT_DAILY_AVG,LYV,ok,0,4,31,2014-01-02,2014-01-08,2014-01-02
NEWS_SENTIMENT_DAILY_AVG,TKO,ok,0,1,23,2023-09-12,2023-09-13,2023-09-12
NEWS_SENTIMENT_DAILY_AVG,MO,ok,0,13,13,2014-01-02,2014-01-22,2014-01-02
NEWS_SENTIMENT_DAILY_AVG,CL,ok,0,3,15,2014-01-02,2014-01-07,2014-01-02
NEWS_SENTIMENT_DAILY_AVG,MNST,ok,0,3,24,2014-01-02,2014-01-07,2014-01-02
NEWS_SENTIMENT_DAILY_AVG,COP,ok,0,1,7,2014-01-02,2014-01-03,2014-01-02
NEWS_SENTIMENT_DAILY_AVG,SLB,ok,0,4,26,2014-01-02,2014-01-08,2014-01-02
NEWS_SENTIMENT_DAILY_AVG,APD,ok,0,3,35,2014-01-02,2014-01-07,2014-01-02
NEWS_SENTIMENT_DAILY_AVG,4063,ok,0,18,31,2014-01-02,2014-01-29,2014-01-02
NEWS_SENTIMENT_DAILY_AVG,NRG,ok,0,4,25,2014-01-02,2014-01-08,2014-01-02
NEWS_SENTIMENT_DAILY_AVG,ENEL,ok,0,3,40,2014-01-02,2014-01-07,2014-01-02
NEWS_SENTIMENT_DAILY_AVG,WELL,ok,0,5,490,2014-01-02,2014-01-09,2014-01-02
EQY_REC_CONS,AAPL,ok,0,2,53,2014-01-02,2014-01-06,2014-01-02
EQY_REC_CONS,MSFT,ok,0,4,68,2014-01-02,2014-01-08,2014-01-02
EQY_REC_CONS,GOOGL,ok,0,8,69,2014-01-02,2014-01-14,2014-01-02
EQY_REC_CONS,AMZN,ok,0,8,73,2014-01-02,2014-01-14,2014-01-02
EQY_REC_CONS,META,ok,0,8,86,2014-01-02,2014-01-14,2014-01-02
EQY_REC_CONS,NVDA,ok,0,4,60,2014-01-02,2014-01-08,2014-01-02
EQY_REC_CONS,TSLA,ok,0,8,73,2014-01-02,2014-01-14,2014-01-02
EQY_REC_CONS,PLTR,ok,0,32,97,2020-09-30,2020-11-13,2020-09-30
EQY_REC_CONS,AVGO,ok,0,29,131,2014-01-02,2014-02-13,2014-01-02
EQY_REC_CONS,MU,ok,0,1,87,2014-01-02,2014-01-03,2014-01-02
EQY_REC_CONS,GEV,ok,0,1,33,2024-04-02,2024-04-03,2024-04-02
EQY_REC_CONS,VRT,ok,0,415,360,2018-08-01,2020-03-26,2018-08-01
EQY_REC_CONS,BE,ok,0,23,202,2018-07-25,2018-08-27,2018-07-25
EQY_REC_CONS,LITE,ok,0,3,240,2015-07-27,2015-07-30,2015-07-27
EQY_REC_CONS,000660,ok,0,5,145,2014-01-02,2014-01-09,2014-01-02
EQY_REC_CONS,005930,ok,0,16,120,2014-01-02,2014-01-27,2014-01-02
EQY_REC_CONS,UNH,ok,0,3,397,2014-01-02,2014-01-07,2014-01-02
EQY_REC_CONS,LLY,ok,0,4,129,2014-01-02,2014-01-08,2014-01-02
EQY_REC_CONS,ISRG,ok,0,12,101,2014-01-02,2014-01-21,2014-01-02
EQY_REC_CONS,ABBV,ok,0,86,82,2014-01-02,2014-05-07,2014-01-02
EQY_REC_CONS,REGN,ok,0,5,76,2014-01-02,2014-01-09,2014-01-02
EQY_REC_CONS,JPM,ok,0,4,81,2014-01-02,2014-01-08,2014-01-02
EQY_REC_CONS,V,ok,0,7,80,2014-01-02,2014-01-13,2014-01-02
EQY_REC_CONS,MA,ok,0,16,90,2014-01-02,2014-01-27,2014-01-02
EQY_REC_CONS,BLK,ok,0,6,163,2014-01-02,2014-01-10,2014-01-02
EQY_REC_CONS,SPGI,ok,0,10,159,2014-01-02,2014-01-16,2014-01-02
EQY_REC_CONS,GS,ok,0,3,173,2014-01-02,2014-01-07,2014-01-02
EQY_REC_CONS,COST,ok,0,12,98,2014-01-02,2014-01-21,2014-01-02
EQY_REC_CONS,HD,ok,0,60,96,2014-01-02,2014-03-31,2014-01-02
EQY_REC_CONS,PG,ok,0,4,112,2014-01-02,2014-01-08,2014-01-02
EQY_REC_CONS,MCD,ok,0,3,70,2014-01-02,2014-01-07,2014-01-02
EQY_REC_CONS,WMT,ok,0,18,87,2014-01-02,2014-01-29,2014-01-02
EQY_REC_CONS,CAT,ok,0,32,75,2014-01-02,2014-02-19,2014-01-02
EQY_REC_CONS,HON,ok,0,4,174,2014-01-02,2014-01-08,2014-01-02
EQY_REC_CONS,DE,ok,0,32,101,2014-01-02,2014-02-19,2014-01-02
EQY_REC_CONS,UNP,ok,0,4,110,2014-01-02,2014-01-08,2014-01-02
EQY_REC_CONS,LMT,ok,0,3,130,2014-01-02,2014-01-07,2014-01-02
EQY_REC_CONS,ETN,ok,0,23,99,2014-01-02,2014-02-05,2014-01-02
EQY_REC_CONS,XOM,ok,0,4,114,2014-01-02,2014-01-08,2014-01-02
EQY_REC_CONS,LNG,ok,0,3,788,2014-01-02,2014-01-07,2014-01-02
EQY_REC_CONS,FCX,ok,0,8,68,2014-01-02,2014-01-14,2014-01-02
EQY_REC_CONS,LIN,ok,0,1216,132,2014-01-02,2018-10-30,2014-01-02
EQY_REC_CONS,NEE,ok,0,31,151,2014-01-02,2014-02-18,2014-01-02
EQY_REC_CONS,AMT,ok,0,168,134,2014-01-02,2014-09-03,2014-01-02
EQY_REC_CONS,EQIX,ok,0,33,117,2014-01-02,2014-02-20,2014-01-02
EQY_REC_CONS,TMUS,ok,0,26,107,2014-01-02,2014-02-10,2014-01-02
EQY_REC_CONS,PLD,ok,0,2,112,2014-01-02,2014-01-06,2014-01-02
EQY_REC_CONS,AMD,ok,0,33,58,2014-01-02,2014-02-20,2014-01-02
EQY_REC_CONS,CRM,ok,0,4,66,2014-01-02,2014-01-08,2014-01-02
EQY_REC_CONS,NFLX,ok,0,3,64,2014-01-02,2014-01-07,2014-01-02
EQY_REC_CONS,TER,ok,0,9,89,2014-01-02,2014-01-15,2014-01-02
EQY_REC_CONS,GLW,ok,0,13,121,2014-01-02,2014-01-22,2014-01-02
EQY_REC_CONS,JNJ,ok,0,3,139,2014-01-02,2014-01-07,2014-01-02
EQY_REC_CONS,WFC,ok,0,8,106,2014-01-02,2014-01-14,2014-01-02
EQY_REC_CONS,MPC,ok,0,6,144,2014-01-02,2014-01-10,2014-01-02
EQY_REC_CONS,LRCX,ok,0,21,199,2014-01-02,2014-02-03,2014-01-02
EQY_REC_CONS,AMAT,ok,0,21,157,2014-01-02,2014-02-03,2014-01-02
EQY_REC_CONS,PANW,ok,0,13,72,2014-01-02,2014-01-22,2014-01-02
EQY_REC_CONS,FN,ok,0,85,588,2014-01-02,2014-05-06,2014-01-02
EQY_REC_CONS,MPWR,ok,0,39,371,2014-01-02,2014-02-28,2014-01-02
EQY_REC_CONS,BAC,ok,0,4,77,2014-01-02,2014-01-08,2014-01-02
EQY_REC_CONS,CSCO,ok,0,9,100,2014-01-02,2014-01-15,2014-01-02
EQY_REC_CONS,INTC,ok,0,8,60,2014-01-02,2014-01-14,2014-01-02
EQY_REC_CONS,ORCL,ok,0,4,89,2014-01-02,2014-01-08,2014-01-02
EQY_REC_CONS,TSM,ok,0,79,143,2014-01-02,2014-04-28,2014-01-02
EQY_REC_CONS,SNDK,ok,0,1,42,2025-02-24,2025-02-25,2025-02-24
EQY_REC_CONS,KLAC,ok,0,15,166,2014-01-02,2014-01-24,2014-01-02
EQY_REC_CONS,ANET,ok,0,5,81,2014-06-06,2014-06-13,2014-06-06
EQY_REC_CONS,MRVL,ok,0,6,89,2014-01-02,2014-01-10,2014-01-02
EQY_REC_CONS,CDNS,ok,0,1,161,2014-01-02,2014-01-03,2014-01-02
EQY_REC_CONS,STX,ok,0,9,112,2014-01-02,2014-01-15,2014-01-02
EQY_REC_CONS,PWR,ok,0,116,200,2014-01-02,2014-06-19,2014-01-02
EQY_REC_CONS,BX,ok,0,5,358,2014-01-02,2014-01-09,2014-01-02
EQY_REC_CONS,TMO,ok,0,4,116,2014-01-02,2014-01-08,2014-01-02
EQY_REC_CONS,BSX,ok,0,2,137,2014-01-02,2014-01-06,2014-01-02
EQY_REC_CONS,BKNG,ok,0,26,71,2014-01-02,2014-02-10,2014-01-02
EQY_REC_CONS,PM,ok,0,10,72,2014-01-02,2014-01-16,2014-01-02
EQY_REC_CONS,WMB,ok,0,4,126,2014-01-02,2014-01-08,2014-01-02
EQY_REC_CONS,CEG,ok,0,1,113,2022-02-02,2022-02-03,2022-02-02
EQY_REC_CONS,VST,ok,0,123,730,2016-10-05,2017-04-03,2016-10-05
EQY_REC_CONS,DLR,ok,0,18,89,2014-01-02,2014-01-29,2014-01-02
EQY_REC_CONS,ARM,ok,0,2,51,2023-09-14,2023-09-18,2023-09-14
EQY_REC_CONS,SPOT,ok,0,1,68,2018-04-03,2018-04-04,2018-04-03
EQY_REC_CONS,RACE,ok,0,18,78,2015-10-21,2015-11-16,2015-10-21
EQY_REC_CONS,285A,ok,0,120,84,2024-12-18,2025-06-13,2024-12-18
EQY_REC_CONS,6857,ok,0,17,99,2014-01-02,2014-01-28,2014-01-02
EQY_REC_CONS,SU,ok,0,5,93,2014-01-02,2014-01-09,2014-01-02
EQY_REC_CONS,SIE,ok,0,5,103,2014-01-02,2014-01-09,2014-01-02
EQY_REC_CONS,RHM,ok,0,26,133,2014-01-02,2014-02-10,2014-01-02
EQY_REC_CONS,ALV,ok,0,9,88,2014-01-02,2014-01-15,2014-01-02
EQY_REC_CONS,MC,ok,0,3,53,2014-01-02,2014-01-07,2014-01-02
EQY_REC_CONS,NESN,ok,0,21,95,2014-01-02,2014-02-03,2014-01-02
EQY_REC_CONS,RR/,ok,0,5,101,2014-01-02,2014-01-09,2014-01-02
EQY_REC_CONS,SAP,ok,0,6,104,2014-01-02,2014-01-10,2014-01-02
EQY_REC_CONS,ASML,ok,0,4,71,2014-01-02,2014-01-08,2014-01-02
EQY_REC_CONS,AZN,ok,0,5,66,2014-01-02,2014-01-09,2014-01-02
EQY_REC_CONS,SHEL,ok,0,2,80,2014-01-02,2014-01-06,2014-01-02
EQY_REC_CONS,HSBA,ok,0,2,86,2014-01-02,2014-01-06,2014-01-02
EQY_REC_CONS,NOVOB,ok,0,1,60,2014-01-02,2014-01-03,2014-01-02
EQY_REC_CONS,RIO,ok,0,4,52,2014-01-02,2014-01-08,2014-01-02
EQY_REC_CONS,QCOM,ok,0,8,68,2014-01-02,2014-01-14,2014-01-02
EQY_REC_CONS,TXN,ok,0,4,107,2014-01-02,2014-01-08,2014-01-02
EQY_REC_CONS,ADBE,ok,0,22,65,2014-01-02,2014-02-04,2014-01-02
EQY_REC_CONS,NOW,ok,0,4,102,2014-01-02,2014-01-08,2014-01-02
EQY_REC_CONS,ACN,ok,0,18,117,2014-01-02,2014-01-29,2014-01-02
EQY_REC_CONS,IBM,ok,0,7,124,2014-01-02,2014-01-13,2014-01-02
EQY_REC_CONS,ADI,ok,0,10,134,2014-01-02,2014-01-16,2014-01-02
EQY_REC_CONS,DELL,ok,0,7,63,2018-12-28,2019-01-09,2018-12-28
EQY_REC_CONS,8035,ok,0,15,134,2014-01-02,2014-01-24,2014-01-02
EQY_REC_CONS,IFX,ok,0,7,92,2014-01-02,2014-01-13,2014-01-02
EQY_REC_CONS,MS,ok,0,3,103,2014-01-02,2014-01-07,2014-01-02
EQY_REC_CONS,SCHW,ok,0,3,112,2014-01-02,2014-01-07,2014-01-02
EQY_REC_CONS,AXP,ok,0,3,64,2014-01-02,2014-01-07,2014-01-02
EQY_REC_CONS,PGR,ok,0,28,77,2014-01-02,2014-02-12,2014-01-02
EQY_REC_CONS,AON,ok,0,1571,108,2014-01-02,2020-03-31,2014-01-02
EQY_REC_CONS,CME,ok,0,4,110,2014-01-02,2014-01-08,2014-01-02
EQY_REC_CONS,KKR,ok,0,17,140,2014-01-02,2014-01-28,2014-01-02
EQY_REC_CONS,BN,ok,0,1,180,2022-12-12,2022-12-13,2022-12-12
EQY_REC_CONS,C,ok,0,4,105,2014-01-02,2014-01-08,2014-01-02
EQY_REC_CONS,LSEG,ok,0,1,111,2014-01-02,2014-01-03,2014-01-02
EQY_REC_CONS,ZURN,ok,0,10,133,2014-01-02,2014-01-16,2014-01-02
EQY_REC_CONS,CS,ok,0,21,111,2014-01-02,2014-02-03,2014-01-02
EQY_REC_CONS,8306,ok,0,43,183,2014-01-02,2014-03-06,2014-01-02
EQY_REC_CONS,DIS,ok,0,2,110,2014-01-02,2014-01-06,2014-01-02
EQY_REC_CONS,CMCSA,ok,0,9,73,2014-01-02,2014-01-15,2014-01-02
EQY_REC_CONS,VZ,ok,0,12,75,2014-01-02,2014-01-21,2014-01-02
EQY_REC_CONS,T,ok,0,20,96,2014-01-02,2014-01-31,2014-01-02
EQY_REC_CONS,TTWO,ok,0,10,149,2014-01-02,2014-01-16,2014-01-02
EQY_REC_CONS,PUB,ok,0,2,121,2014-01-02,2014-01-06,2014-01-02
EQY_REC_CONS,7974,ok,0,5,103,2014-01-02,2014-01-09,2014-01-02
EQY_REC_CONS,DTE,ok,0,8,213,2014-01-02,2014-01-14,2014-01-02
EQY_REC_CONS,UMG,ok,0,1,139,2021-09-21,2021-09-22,2021-09-21
EQY_REC_CONS,LOW,ok,0,25,119,2014-01-02,2014-02-07,2014-01-02
EQY_REC_CONS,TJX,ok,0,12,94,2014-01-02,2014-01-21,2014-01-02
EQY_REC_CONS,SBUX,ok,0,3,97,2014-01-02,2014-01-07,2014-01-02
EQY_REC_CONS,ABNB,ok,0,2,43,2020-12-10,2020-12-14,2020-12-10
EQY_REC_CONS,7203,ok,0,13,132,2014-01-02,2014-01-22,2014-01-02
EQY_REC_CONS,ITX,ok,0,5,66,2014-01-02,2014-01-09,2014-01-02
EQY_REC_CONS,ABT,ok,0,2,166,2014-01-02,2014-01-06,2014-01-02
EQY_REC_CONS,DHR,ok,0,8,90,2014-01-02,2014-01-14,2014-01-02
EQY_REC_CONS,VRTX,ok,0,2,139,2014-01-02,2014-01-06,2014-01-02
EQY_REC_CONS,SAN,ok,0,2,84,2014-01-02,2014-01-06,2014-01-02
EQY_REC_CONS,GE,ok,0,2,83,2024-04-02,2024-04-04,2024-04-02
EQY_REC_CONS,TT,ok,0,12,193,2020-03-02,2020-03-18,2020-03-02
EQY_REC_CONS,ABBN,ok,0,2,58,2014-01-02,2014-01-06,2014-01-02
EQY_REC_CONS,KO,ok,0,19,96,2014-01-02,2014-01-30,2014-01-02
EQY_REC_CONS,ULVR,ok,0,4,108,2014-01-02,2014-01-08,2014-01-02
EQY_REC_CONS,ECL,ok,0,2,143,2014-01-02,2014-01-06,2014-01-02
EQY_REC_CONS,AI,ok,0,2,89,2014-01-02,2014-01-06,2014-01-02
EQY_REC_CONS,IBE,ok,0,7,84,2014-01-02,2014-01-13,2014-01-02
EQY_REC_CONS,INTU,ok,0,4,117,2014-01-02,2014-01-08,2014-01-02
EQY_REC_CONS,SNPS,ok,0,19,289,2014-01-02,2014-01-30,2014-01-02
EQY_REC_CONS,APH,ok,0,14,159,2014-01-02,2014-01-23,2014-01-02
EQY_REC_CONS,MSI,ok,0,12,160,2014-01-02,2014-01-21,2014-01-02
EQY_REC_CONS,CRWD,ok,0,73,72,2019-06-12,2019-09-25,2019-06-12
EQY_REC_CONS,NXPI,ok,0,25,83,2014-01-02,2014-02-07,2014-01-02
EQY_REC_CONS,KEYS,ok,0,9,146,2014-10-21,2014-11-03,2014-10-21
EQY_REC_CONS,ADSK,ok,0,4,83,2014-01-02,2014-01-08,2014-01-02
EQY_REC_CONS,WDAY,ok,0,3,75,2014-01-02,2014-01-07,2014-01-02
EQY_REC_CONS,WDC,ok,0,2,47,2025-02-24,2025-02-26,2025-02-24
EQY_REC_CONS,DDOG,ok,0,34,94,2019-09-19,2019-11-06,2019-09-19
EQY_REC_CONS,FTNT,ok,0,7,93,2014-01-02,2014-01-13,2014-01-02
EQY_REC_CONS,DSY,ok,0,12,114,2014-01-02,2014-01-21,2014-01-02
EQY_REC_CONS,6146,ok,0,53,93,2014-01-02,2014-03-20,2014-01-02
EQY_REC_CONS,6981,ok,0,16,143,2014-01-02,2014-01-27,2014-01-02
EQY_REC_CONS,BRK/B,ok,0,756,476,2014-01-02,2017-01-03,2014-01-02
EQY_REC_CONS,CB,ok,0,7,125,2014-01-02,2014-01-13,2014-01-02
EQY_REC_CONS,ICE,ok,0,25,280,2014-01-02,2014-02-07,2014-01-02
EQY_REC_CONS,MCO,ok,0,28,130,2014-01-02,2014-02-12,2014-01-02
EQY_REC_CONS,PYPL,ok,0,2,60,2015-07-07,2015-07-09,2015-07-07
EQY_REC_CONS,COF,ok,0,27,49,2025-05-19,2025-06-27,2025-05-19
EQY_REC_CONS,BNP,ok,0,12,83,2014-01-02,2014-01-21,2014-01-02
EQY_REC_CONS,MUV2,ok,0,1,93,2014-01-02,2014-01-03,2014-01-02
EQY_REC_CONS,RTX,ok,0,4,102,2014-01-02,2014-01-08,2014-01-02
EQY_REC_CONS,EMR,ok,0,43,100,2014-01-02,2014-03-06,2014-01-02
EQY_REC_CONS,AXON,ok,0,69,324,2014-01-02,2014-04-11,2014-01-02
EQY_REC_CONS,UBER,ok,0,7,56,2019-05-10,2019-05-21,2019-05-10
EQY_REC_CONS,AIR,ok,0,7,86,2014-01-02,2014-01-13,2014-01-02
EQY_REC_CONS,SAF,ok,0,7,70,2014-01-02,2014-01-13,2014-01-02
EQY_REC_CONS,MRK,ok,0,4,193,2014-01-02,2014-01-08,2014-01-02
EQY_REC_CONS,AMGN,ok,0,3,97,2014-01-02,2014-01-07,2014-01-02
EQY_REC_CONS,SYK,ok,0,70,96,2014-01-02,2014-04-14,2014-01-02
EQY_REC_CONS,MCK,ok,0,15,199,2014-01-02,2014-01-24,2014-01-02
EQY_REC_CONS,NOVN,ok,0,5,106,2014-01-02,2014-01-09,2014-01-02
EQY_REC_CONS,NKE,ok,0,10,64,2014-01-02,2014-01-16,2014-01-02
EQY_REC_CONS,ORLY,ok,0,2,161,2014-01-02,2014-01-06,2014-01-02
EQY_REC_CONS,DASH,ok,0,1,62,2020-12-09,2020-12-10,2020-12-09
EQY_REC_CONS,CFR,ok,0,3,62,2014-01-02,2014-01-07,2014-01-02
EQY_REC_CONS,TTD,ok,0,10,93,2016-09-21,2016-10-05,2016-09-21
EQY_REC_CONS,RBLX,ok,0,86,42,2021-03-10,2021-07-13,2021-03-10
EQY_REC_CONS,9432,ok,0,61,135,2014-01-02,2014-04-01,2014-01-02
EQY_REC_CONS,9433,ok,0,16,117,2014-01-02,2014-01-27,2014-01-02
EQY_REC_CONS,PEP,ok,0,19,121,2014-01-02,2014-01-30,2014-01-02
EQY_REC_CONS,MDLZ,ok,0,5,138,2014-01-02,2014-01-09,2014-01-02
EQY_REC_CONS,OR,ok,0,6,71,2014-01-02,2014-01-10,2014-01-02
EQY_REC_CONS,CVX,ok,0,4,73,2014-01-02,2014-01-08,2014-01-02
EQY_REC_CONS,TTE,ok,0,6,68,2014-01-02,2014-01-10,2014-01-02
EQY_REC_CONS,NEM,ok,0,5,113,2014-01-02,2014-01-09,2014-01-02
EQY_REC_CONS,SHW,ok,0,3,113,2014-01-02,2014-01-07,2014-01-02
EQY_REC_CONS,SO,ok,0,18,108,2014-01-02,2014-01-29,2014-01-02
EQY_REC_CONS,APP,ok,0,48,79,2021-04-15,2021-06-23,2021-04-15
EQY_REC_CONS,SNOW,ok,0,4,63,2020-09-16,2020-09-22,2020-09-16
EQY_REC_CONS,NET,ok,0,36,88,2019-09-13,2019-11-04,2019-09-13
EQY_REC_CONS,ZS,ok,0,16,73,2018-03-16,2018-04-10,2018-03-16
EQY_REC_CONS,TEAM,ok,0,33,105,2015-12-10,2016-01-29,2015-12-10
EQY_REC_CONS,COHR,ok,0,102,187,2014-01-02,2014-05-30,2014-01-02
EQY_REC_CONS,ON,ok,0,8,137,2014-01-02,2014-01-14,2014-01-02
EQY_REC_CONS,FICO,ok,0,28,349,2014-01-02,2014-02-12,2014-01-02
EQY_REC_CONS,HPE,ok,0,4,88,2015-10-20,2015-10-26,2015-10-20
EQY_REC_CONS,VRSN,ok,0,3,496,2014-01-02,2014-01-07,2014-01-02
EQY_REC_CONS,ASM,ok,0,2,201,2014-01-02,2014-01-06,2014-01-02
EQY_REC_CONS,MRSH,ok,0,7,126,2014-01-02,2014-01-13,2014-01-02
EQY_REC_CONS,APO,ok,0,9,157,2014-01-02,2014-01-15,2014-01-02
EQY_REC_CONS,MSCI,ok,0,28,159,2014-01-02,2014-02-12,2014-01-02
EQY_REC_CONS,BNY,ok,0,46,126,2014-01-02,2014-03-11,2014-01-02
EQY_REC_CONS,IBKR,ok,0,17,269,2014-01-02,2014-01-28,2014-01-02
EQY_REC_CONS,UBSG,ok,0,3,89,2014-01-02,2014-01-07,2014-01-02
EQY_REC_CONS,UCG,ok,0,5,90,2014-01-02,2014-01-09,2014-01-02
EQY_REC_CONS,8316,ok,0,2,146,2014-01-02,2014-01-06,2014-01-02
EQY_REC_CONS,ADP,ok,0,18,268,2014-01-02,2014-01-29,2014-01-02
EQY_REC_CONS,HWM,ok,0,1,115,2020-04-01,2020-04-02,2020-04-01
EQY_REC_CONS,WM,ok,0,3,183,2014-01-02,2014-01-07,2014-01-02
EQY_REC_CONS,PH,ok,0,14,166,2014-01-02,2014-01-23,2014-01-02
EQY_REC_CONS,REL,ok,0,35,100,2014-01-02,2014-02-24,2014-01-02
EQY_REC_CONS,7011,ok,0,14,154,2014-01-02,2014-01-23,2014-01-02
EQY_REC_CONS,ROP,ok,0,5,75,2014-01-02,2014-01-09,2014-01-02
EQY_REC_CONS,GILD,ok,0,3,72,2014-01-02,2014-01-07,2014-01-02
EQY_REC_CONS,PFE,ok,0,5,76,2014-01-02,2014-01-09,2014-01-02
EQY_REC_CONS,MDT,ok,0,2,168,2014-01-02,2014-01-06,2014-01-02
EQY_REC_CONS,HCA,ok,0,60,90,2014-01-02,2014-03-31,2014-01-02
EQY_REC_CONS,ZTS,ok,0,4,173,2014-01-02,2014-01-08,2014-01-02
EQY_REC_CONS,RMS,ok,0,4,116,2014-01-02,2014-01-08,2014-01-02
EQY_REC_CONS,6758,ok,0,25,183,2014-01-02,2014-02-07,2014-01-02
EQY_REC_CONS,CMG,ok,0,3,90,2014-01-02,2014-01-07,2014-01-02
EQY_REC_CONS,MAR,ok,0,12,103,2014-01-02,2014-01-21,2014-01-02
EQY_REC_CONS,GM,ok,0,7,99,2014-01-02,2014-01-13,2014-01-02
EQY_REC_CONS,GRMN,ok,0,6,182,2014-01-02,2014-01-10,2014-01-02
EQY_REC_CONS,RDDT,ok,0,4,56,2024-03-21,2024-03-27,2024-03-21
EQY_REC_CONS,LYV,ok,0,10,189,2014-01-02,2014-01-16,2014-01-02
EQY_REC_CONS,TKO,ok,0,85,60,2023-09-12,2024-01-12,2023-09-12
EQY_REC_CONS,MO,ok,0,18,161,2014-01-02,2014-01-29,2014-01-02
EQY_REC_CONS,CL,ok,0,4,123,2014-01-02,2014-01-08,2014-01-02
EQY_REC_CONS,MNST,ok,0,20,123,2014-01-02,2014-01-31,2014-01-02
EQY_REC_CONS,COP,ok,0,2,91,2014-01-02,2014-01-06,2014-01-02
EQY_REC_CONS,SLB,ok,0,6,78,2014-01-02,2014-01-10,2014-01-02
EQY_REC_CONS,APD,ok,0,18,127,2014-01-02,2014-01-29,2014-01-02
EQY_REC_CONS,4063,ok,0,3,163,2014-01-02,2014-01-07,2014-01-02
EQY_REC_CONS,NRG,ok,0,31,204,2014-01-02,2014-02-18,2014-01-02
EQY_REC_CONS,ENEL,ok,0,7,71,2014-01-02,2014-01-13,2014-01-02
EQY_REC_CONS,WELL,ok,0,10,157,2014-01-02,2014-01-16,2014-01-02
SHORT_INT_RATIO,AAPL,ok,0,11,20,2014-01-15,2014-01-31,2014-01-02
SHORT_INT_RATIO,MSFT,ok,0,11,12,2014-01-15,2014-01-31,2014-01-02
SHORT_INT_RATIO,GOOGL,ok,0,11,22,2014-01-15,2014-01-31,2014-01-02
SHORT_INT_RATIO,AMZN,ok,0,11,12,2014-01-15,2014-01-31,2014-01-02
SHORT_INT_RATIO,META,ok,0,11,12,2014-01-15,2014-01-31,2014-01-02
SHORT_INT_RATIO,NVDA,ok,0,11,12,2014-01-15,2014-01-31,2014-01-02
SHORT_INT_RATIO,TSLA,ok,0,11,12,2014-01-15,2014-01-31,2014-01-02
SHORT_INT_RATIO,PLTR,ok,0,22,12,2020-09-30,2020-10-30,2020-09-30
SHORT_INT_RATIO,AVGO,ok,0,11,12,2014-01-15,2014-01-31,2014-01-02
SHORT_INT_RATIO,MU,ok,0,11,12,2014-01-15,2014-01-31,2014-01-02
SHORT_INT_RATIO,GEV,ok,0,20,12,2024-04-02,2024-04-30,2024-04-02
SHORT_INT_RATIO,VRT,ok,0,22,21,2018-08-01,2018-08-31,2018-08-01
SHORT_INT_RATIO,BE,ok,0,15,12,2018-07-25,2018-08-15,2018-07-25
SHORT_INT_RATIO,LITE,ok,0,25,12,2015-07-27,2015-08-31,2015-07-27
SHORT_INT_RATIO,UNH,ok,0,11,20,2014-01-15,2014-01-31,2014-01-02
SHORT_INT_RATIO,LLY,ok,0,11,12,2014-01-15,2014-01-31,2014-01-02
SHORT_INT_RATIO,ISRG,ok,0,11,12,2014-01-15,2014-01-31,2014-01-02
SHORT_INT_RATIO,ABBV,ok,0,11,12,2014-01-15,2014-01-31,2014-01-02
SHORT_INT_RATIO,REGN,ok,0,11,12,2014-01-15,2014-01-31,2014-01-02
SHORT_INT_RATIO,JPM,ok,0,11,12,2014-01-15,2014-01-31,2014-01-02
SHORT_INT_RATIO,V,ok,0,11,12,2014-01-15,2014-01-31,2014-01-02
SHORT_INT_RATIO,MA,ok,0,11,12,2014-01-15,2014-01-31,2014-01-02
SHORT_INT_RATIO,BLK,ok,0,11,12,2014-01-15,2014-01-31,2014-01-02
SHORT_INT_RATIO,SPGI,ok,0,11,19,2014-01-15,2014-01-31,2014-01-02
SHORT_INT_RATIO,GS,ok,0,11,12,2014-01-15,2014-01-31,2014-01-02
SHORT_INT_RATIO,COST,ok,0,11,12,2014-01-15,2014-01-31,2014-01-02
SHORT_INT_RATIO,HD,ok,0,11,12,2014-01-15,2014-01-31,2014-01-02
SHORT_INT_RATIO,PG,ok,0,11,12,2014-01-15,2014-01-31,2014-01-02
SHORT_INT_RATIO,MCD,ok,0,11,12,2014-01-15,2014-01-31,2014-01-02
SHORT_INT_RATIO,WMT,ok,0,11,12,2014-01-15,2014-01-31,2014-01-02
SHORT_INT_RATIO,CAT,ok,0,11,12,2014-01-15,2014-01-31,2014-01-02
SHORT_INT_RATIO,HON,ok,0,11,12,2014-01-15,2014-01-31,2014-01-02
SHORT_INT_RATIO,DE,ok,0,11,12,2014-01-15,2014-01-31,2014-01-02
SHORT_INT_RATIO,UNP,ok,0,11,12,2014-01-15,2014-01-31,2014-01-02
SHORT_INT_RATIO,LMT,ok,0,11,12,2014-01-15,2014-01-31,2014-01-02
SHORT_INT_RATIO,ETN,ok,0,11,12,2014-01-15,2014-01-31,2014-01-02
SHORT_INT_RATIO,XOM,ok,0,11,12,2014-01-15,2014-01-31,2014-01-02
SHORT_INT_RATIO,LNG,ok,0,11,12,2014-01-15,2014-01-31,2014-01-02
SHORT_INT_RATIO,FCX,ok,0,11,22,2014-01-15,2014-01-31,2014-01-02
SHORT_INT_RATIO,LIN,ok,0,11,12,2014-01-15,2014-01-31,2014-01-02
SHORT_INT_RATIO,NEE,ok,0,11,12,2014-01-15,2014-01-31,2014-01-02
SHORT_INT_RATIO,AMT,ok,0,11,12,2014-01-15,2014-01-31,2014-01-02
SHORT_INT_RATIO,EQIX,ok,0,11,12,2014-01-15,2014-01-31,2014-01-02
SHORT_INT_RATIO,TMUS,ok,0,11,12,2014-01-15,2014-01-31,2014-01-02
SHORT_INT_RATIO,PLD,ok,0,11,12,2014-01-15,2014-01-31,2014-01-02
SHORT_INT_RATIO,AMD,ok,0,11,12,2014-01-15,2014-01-31,2014-01-02
SHORT_INT_RATIO,CRM,ok,0,11,12,2014-01-15,2014-01-31,2014-01-02
SHORT_INT_RATIO,NFLX,ok,0,11,12,2014-01-15,2014-01-31,2014-01-02
SHORT_INT_RATIO,TER,ok,0,11,12,2014-01-15,2014-01-31,2014-01-02
SHORT_INT_RATIO,GLW,ok,0,11,12,2014-01-15,2014-01-31,2014-01-02
SHORT_INT_RATIO,JNJ,ok,0,11,12,2014-01-15,2014-01-31,2014-01-02
SHORT_INT_RATIO,WFC,ok,0,11,12,2014-01-15,2014-01-31,2014-01-02
SHORT_INT_RATIO,MPC,ok,0,11,12,2014-01-15,2014-01-31,2014-01-02
SHORT_INT_RATIO,LRCX,ok,0,11,12,2014-01-15,2014-01-31,2014-01-02
SHORT_INT_RATIO,AMAT,ok,0,11,22,2014-01-15,2014-01-31,2014-01-02
SHORT_INT_RATIO,PANW,ok,0,11,12,2014-01-15,2014-01-31,2014-01-02
SHORT_INT_RATIO,FN,ok,0,11,12,2014-01-15,2014-01-31,2014-01-02
SHORT_INT_RATIO,MPWR,ok,0,11,12,2014-01-15,2014-01-31,2014-01-02
SHORT_INT_RATIO,BAC,ok,0,11,12,2014-01-15,2014-01-31,2014-01-02
SHORT_INT_RATIO,CSCO,ok,0,11,12,2014-01-15,2014-01-31,2014-01-02
SHORT_INT_RATIO,INTC,ok,0,11,12,2014-01-15,2014-01-31,2014-01-02
SHORT_INT_RATIO,ORCL,ok,0,11,12,2014-01-15,2014-01-31,2014-01-02
SHORT_INT_RATIO,TSM,ok,0,11,12,2014-01-15,2014-01-31,2014-01-02
SHORT_INT_RATIO,SNDK,ok,0,4,12,2025-02-24,2025-02-28,2025-02-24
SHORT_INT_RATIO,KLAC,ok,0,11,21,2014-01-15,2014-01-31,2014-01-02
SHORT_INT_RATIO,ANET,ok,0,16,12,2014-06-06,2014-06-30,2014-06-06
SHORT_INT_RATIO,MRVL,ok,0,11,12,2014-01-15,2014-01-31,2014-01-02
SHORT_INT_RATIO,CDNS,ok,0,11,12,2014-01-15,2014-01-31,2014-01-02
SHORT_INT_RATIO,STX,ok,0,11,12,2014-01-15,2014-01-31,2014-01-02
SHORT_INT_RATIO,PWR,ok,0,11,12,2014-01-15,2014-01-31,2014-01-02
SHORT_INT_RATIO,BX,ok,0,11,12,2014-01-15,2014-01-31,2014-01-02
SHORT_INT_RATIO,TMO,ok,0,11,12,2014-01-15,2014-01-31,2014-01-02
SHORT_INT_RATIO,BSX,ok,0,11,12,2014-01-15,2014-01-31,2014-01-02
SHORT_INT_RATIO,BKNG,ok,0,11,12,2014-01-15,2014-01-31,2014-01-02
SHORT_INT_RATIO,PM,ok,0,11,12,2014-01-15,2014-01-31,2014-01-02
SHORT_INT_RATIO,WMB,ok,0,11,12,2014-01-15,2014-01-31,2014-01-02
SHORT_INT_RATIO,CEG,ok,0,17,12,2022-02-02,2022-02-28,2022-02-02
SHORT_INT_RATIO,VST,ok,0,18,12,2016-10-05,2016-10-31,2016-10-05
SHORT_INT_RATIO,DLR,ok,0,11,12,2014-01-15,2014-01-31,2014-01-02
SHORT_INT_RATIO,ARM,ok,0,11,12,2023-09-14,2023-09-29,2023-09-14
SHORT_INT_RATIO,SPOT,ok,0,19,12,2018-04-03,2018-04-30,2018-04-03
SHORT_INT_RATIO,RACE,ok,0,17,12,2015-10-21,2015-11-13,2015-10-21
SHORT_INT_RATIO,6857,ok,0,3195,0,2014-01-15,,2014-01-02
SHORT_INT_RATIO,AZN,ok,0,3195,0,2014-01-15,,2014-01-02
SHORT_INT_RATIO,QCOM,ok,0,11,12,2014-01-15,2014-01-31,2014-01-02
SHORT_INT_RATIO,TXN,ok,0,11,12,2014-01-15,2014-01-31,2014-01-02
SHORT_INT_RATIO,ADBE,ok,0,11,12,2014-01-15,2014-01-31,2014-01-02
SHORT_INT_RATIO,NOW,ok,0,11,12,2014-01-15,2014-01-31,2014-01-02
SHORT_INT_RATIO,ACN,ok,0,11,12,2014-01-15,2014-01-31,2014-01-02
SHORT_INT_RATIO,IBM,ok,0,11,12,2014-01-15,2014-01-31,2014-01-02
SHORT_INT_RATIO,ADI,ok,0,11,12,2014-01-15,2014-01-31,2014-01-02
SHORT_INT_RATIO,DELL,ok,0,11,12,2018-12-28,2019-01-15,2018-12-28
SHORT_INT_RATIO,MS,ok,0,11,12,2014-01-15,2014-01-31,2014-01-02
SHORT_INT_RATIO,SCHW,ok,0,11,12,2014-01-15,2014-01-31,2014-01-02
SHORT_INT_RATIO,AXP,ok,0,11,12,2014-01-15,2014-01-31,2014-01-02
SHORT_INT_RATIO,PGR,ok,0,11,12,2014-01-15,2014-01-31,2014-01-02
SHORT_INT_RATIO,AON,ok,0,11,12,2014-01-15,2014-01-31,2014-01-02
SHORT_INT_RATIO,CME,ok,0,11,12,2014-01-15,2014-01-31,2014-01-02
SHORT_INT_RATIO,KKR,ok,0,11,12,2014-01-15,2014-01-31,2014-01-02
SHORT_INT_RATIO,BN,ok,0,3,12,2022-12-12,2022-12-15,2022-12-12
SHORT_INT_RATIO,C,ok,0,11,12,2014-01-15,2014-01-31,2014-01-02
SHORT_INT_RATIO,8306,ok,0,3195,0,2014-01-15,,2014-01-02
SHORT_INT_RATIO,DIS,ok,0,11,12,2014-01-15,2014-01-31,2014-01-02
SHORT_INT_RATIO,CMCSA,ok,0,11,12,2014-01-15,2014-01-31,2014-01-02
SHORT_INT_RATIO,VZ,ok,0,11,12,2014-01-15,2014-01-31,2014-01-02
SHORT_INT_RATIO,T,ok,0,11,21,2014-01-15,2014-01-31,2014-01-02
SHORT_INT_RATIO,TTWO,ok,0,11,12,2014-01-15,2014-01-31,2014-01-02
SHORT_INT_RATIO,LOW,ok,0,11,12,2014-01-15,2014-01-31,2014-01-02
SHORT_INT_RATIO,TJX,ok,0,11,12,2014-01-15,2014-01-31,2014-01-02
SHORT_INT_RATIO,SBUX,ok,0,11,12,2014-01-15,2014-01-31,2014-01-02
SHORT_INT_RATIO,ABNB,ok,0,14,12,2020-12-10,2020-12-31,2020-12-10
SHORT_INT_RATIO,ABT,ok,0,11,12,2014-01-15,2014-01-31,2014-01-02
SHORT_INT_RATIO,DHR,ok,0,11,12,2014-01-15,2014-01-31,2014-01-02
SHORT_INT_RATIO,VRTX,ok,0,11,12,2014-01-15,2014-01-31,2014-01-02
SHORT_INT_RATIO,GE,ok,0,9,12,2024-04-02,2024-04-15,2024-04-02
SHORT_INT_RATIO,TT,ok,0,9,12,2020-03-02,2020-03-13,2020-03-02
SHORT_INT_RATIO,ABBN,ok,0,3195,0,2014-01-15,,2014-01-02
SHORT_INT_RATIO,KO,ok,0,11,12,2014-01-15,2014-01-31,2014-01-02
SHORT_INT_RATIO,ULVR,ok,0,3008,187,2014-01-15,2025-12-31,2014-01-02
SHORT_INT_RATIO,ECL,ok,0,11,12,2014-01-15,2014-01-31,2014-01-02
SHORT_INT_RATIO,INTU,ok,0,11,12,2014-01-15,2014-01-31,2014-01-02
SHORT_INT_RATIO,SNPS,ok,0,11,31,2014-01-15,2014-01-31,2014-01-02
SHORT_INT_RATIO,APH,ok,0,11,12,2014-01-15,2014-01-31,2014-01-02
SHORT_INT_RATIO,MSI,ok,0,11,12,2014-01-15,2014-01-31,2014-01-02
SHORT_INT_RATIO,CRWD,ok,0,12,12,2019-06-12,2019-06-28,2019-06-12
SHORT_INT_RATIO,NXPI,ok,0,11,12,2014-01-15,2014-01-31,2014-01-02
SHORT_INT_RATIO,KEYS,ok,0,27,12,2014-10-21,2014-11-28,2014-10-21
SHORT_INT_RATIO,ADSK,ok,0,11,12,2014-01-15,2014-01-31,2014-01-02
SHORT_INT_RATIO,WDAY,ok,0,11,12,2014-01-15,2014-01-31,2014-01-02
SHORT_INT_RATIO,WDC,ok,0,4,12,2025-02-24,2025-02-28,2025-02-24
SHORT_INT_RATIO,DDOG,ok,0,18,12,2019-09-19,2019-10-15,2019-09-19
SHORT_INT_RATIO,FTNT,ok,0,11,12,2014-01-15,2014-01-31,2014-01-02
SHORT_INT_RATIO,DSY,ok,0,1898,1297,2014-01-15,2021-07-30,2014-01-02
SHORT_INT_RATIO,BRK/B,ok,0,11,12,2014-01-15,2014-01-31,2014-01-02
SHORT_INT_RATIO,CB,ok,0,11,12,2014-01-15,2014-01-31,2014-01-02
SHORT_INT_RATIO,ICE,ok,0,11,21,2014-01-15,2014-01-31,2014-01-02
SHORT_INT_RATIO,MCO,ok,0,11,12,2014-01-15,2014-01-31,2014-01-02
SHORT_INT_RATIO,PYPL,ok,0,18,12,2015-07-07,2015-07-31,2015-07-07
SHORT_INT_RATIO,COF,ok,0,8,12,2025-05-19,2025-05-30,2025-05-19
SHORT_INT_RATIO,RTX,ok,0,11,12,2014-01-15,2014-01-31,2014-01-02
SHORT_INT_RATIO,EMR,ok,0,11,21,2014-01-15,2014-01-31,2014-01-02
SHORT_INT_RATIO,AXON,ok,0,11,12,2014-01-15,2014-01-31,2014-01-02
SHORT_INT_RATIO,UBER,ok,0,14,12,2019-05-10,2019-05-31,2019-05-10
SHORT_INT_RATIO,MRK,ok,0,11,12,2014-01-15,2014-01-31,2014-01-02
SHORT_INT_RATIO,AMGN,ok,0,11,12,2014-01-15,2014-01-31,2014-01-02
SHORT_INT_RATIO,SYK,ok,0,11,12,2014-01-15,2014-01-31,2014-01-02
SHORT_INT_RATIO,MCK,ok,0,11,12,2014-01-15,2014-01-31,2014-01-02
SHORT_INT_RATIO,NKE,ok,0,11,12,2014-01-15,2014-01-31,2014-01-02
SHORT_INT_RATIO,ORLY,ok,0,11,22,2014-01-15,2014-01-31,2014-01-02
SHORT_INT_RATIO,DASH,ok,0,15,12,2020-12-09,2020-12-31,2020-12-09
SHORT_INT_RATIO,TTD,ok,0,17,12,2016-09-21,2016-10-14,2016-09-21
SHORT_INT_RATIO,RBLX,ok,0,15,12,2021-03-10,2021-03-31,2021-03-10
SHORT_INT_RATIO,9432,ok,0,3195,0,2014-01-15,,2014-01-02
SHORT_INT_RATIO,PEP,ok,0,11,12,2014-01-15,2014-01-31,2014-01-02
SHORT_INT_RATIO,MDLZ,ok,0,11,12,2014-01-15,2014-01-31,2014-01-02
SHORT_INT_RATIO,CVX,ok,0,11,12,2014-01-15,2014-01-31,2014-01-02
SHORT_INT_RATIO,TTE,ok,0,1855,1131,2014-01-15,2021-05-28,2014-01-02
SHORT_INT_RATIO,NEM,ok,0,11,12,2014-01-15,2014-01-31,2014-01-02
SHORT_INT_RATIO,SHW,ok,0,11,12,2014-01-15,2014-01-31,2014-01-02
SHORT_INT_RATIO,SO,ok,0,11,12,2014-01-15,2014-01-31,2014-01-02
SHORT_INT_RATIO,APP,ok,0,21,12,2021-04-15,2021-05-14,2021-04-15
SHORT_INT_RATIO,SNOW,ok,0,21,12,2020-09-16,2020-10-15,2020-09-16
SHORT_INT_RATIO,NET,ok,0,22,12,2019-09-13,2019-10-15,2019-09-13
SHORT_INT_RATIO,ZS,ok,0,19,12,2018-03-16,2018-04-13,2018-03-16
SHORT_INT_RATIO,TEAM,ok,0,14,12,2015-12-10,2015-12-31,2015-12-10
SHORT_INT_RATIO,COHR,ok,0,11,21,2014-01-15,2014-01-31,2014-01-02
SHORT_INT_RATIO,ON,ok,0,11,12,2014-01-15,2014-01-31,2014-01-02
SHORT_INT_RATIO,FICO,ok,0,11,19,2014-01-15,2014-01-31,2014-01-02
SHORT_INT_RATIO,HPE,ok,0,28,12,2015-10-20,2015-11-30,2015-10-20
SHORT_INT_RATIO,VRSN,ok,0,11,12,2014-01-15,2014-01-31,2014-01-02
SHORT_INT_RATIO,ASM,ok,0,3195,0,2014-01-15,,2014-01-02
SHORT_INT_RATIO,MRSH,ok,0,11,12,2014-01-15,2014-01-31,2014-01-02
SHORT_INT_RATIO,APO,ok,0,11,21,2014-01-15,2014-01-31,2014-01-02
SHORT_INT_RATIO,MSCI,ok,0,11,12,2014-01-15,2014-01-31,2014-01-02
SHORT_INT_RATIO,BNY,ok,0,11,12,2014-01-15,2014-01-31,2014-01-02
SHORT_INT_RATIO,IBKR,ok,0,11,12,2014-01-15,2014-01-31,2014-01-02
SHORT_INT_RATIO,ADP,ok,0,11,12,2014-01-15,2014-01-31,2014-01-02
SHORT_INT_RATIO,HWM,ok,0,9,12,2020-04-01,2020-04-15,2020-04-01
SHORT_INT_RATIO,WM,ok,0,11,12,2014-01-15,2014-01-31,2014-01-02
SHORT_INT_RATIO,PH,ok,0,11,12,2014-01-15,2014-01-31,2014-01-02
SHORT_INT_RATIO,GILD,ok,0,11,12,2014-01-15,2014-01-31,2014-01-02
SHORT_INT_RATIO,PFE,ok,0,11,12,2014-01-15,2014-01-31,2014-01-02
SHORT_INT_RATIO,MDT,ok,0,11,12,2014-01-15,2014-01-31,2014-01-02
SHORT_INT_RATIO,HCA,ok,0,11,21,2014-01-15,2014-01-31,2014-01-02
SHORT_INT_RATIO,ZTS,ok,0,11,12,2014-01-15,2014-01-31,2014-01-02
SHORT_INT_RATIO,6758,ok,0,3195,0,2014-01-15,,2014-01-02
SHORT_INT_RATIO,CMG,ok,0,11,12,2014-01-15,2014-01-31,2014-01-02
SHORT_INT_RATIO,MAR,ok,0,11,12,2014-01-15,2014-01-31,2014-01-02
SHORT_INT_RATIO,GM,ok,0,11,12,2014-01-15,2014-01-31,2014-01-02
SHORT_INT_RATIO,GRMN,ok,0,11,12,2014-01-15,2014-01-31,2014-01-02
SHORT_INT_RATIO,RDDT,ok,0,16,12,2024-03-21,2024-04-15,2024-03-21
SHORT_INT_RATIO,LYV,ok,0,11,12,2014-01-15,2014-01-31,2014-01-02
SHORT_INT_RATIO,TKO,ok,0,3,12,2023-09-12,2023-09-15,2023-09-12
SHORT_INT_RATIO,MO,ok,0,11,12,2014-01-15,2014-01-31,2014-01-02
SHORT_INT_RATIO,CL,ok,0,11,12,2014-01-15,2014-01-31,2014-01-02
SHORT_INT_RATIO,MNST,ok,0,11,12,2014-01-15,2014-01-31,2014-01-02
SHORT_INT_RATIO,COP,ok,0,11,12,2014-01-15,2014-01-31,2014-01-02
SHORT_INT_RATIO,SLB,ok,0,11,21,2014-01-15,2014-01-31,2014-01-02
SHORT_INT_RATIO,APD,ok,0,11,12,2014-01-15,2014-01-31,2014-01-02
SHORT_INT_RATIO,NRG,ok,0,11,12,2014-01-15,2014-01-31,2014-01-02
SHORT_INT_RATIO,WELL,ok,0,11,12,2014-01-15,2014-01-31,2014-01-02
30DAY_IMPVOL_100.0%MNY_DF,AAPL,ok,0,1,1,2014-01-02,2014-01-03,2014-01-02
30DAY_IMPVOL_100.0%MNY_DF,MSFT,ok,0,1,1,2014-01-02,2014-01-03,2014-01-02
30DAY_IMPVOL_100.0%MNY_DF,GOOGL,ok,0,1,1,2014-01-02,2014-01-03,2014-01-02
30DAY_IMPVOL_100.0%MNY_DF,AMZN,ok,0,1,1,2014-01-02,2014-01-03,2014-01-02
30DAY_IMPVOL_100.0%MNY_DF,META,ok,0,1,2,2014-01-02,2014-01-03,2014-01-02
30DAY_IMPVOL_100.0%MNY_DF,NVDA,ok,0,1,1,2014-01-02,2014-01-03,2014-01-02
30DAY_IMPVOL_100.0%MNY_DF,TSLA,ok,0,1,1,2014-01-02,2014-01-03,2014-01-02
30DAY_IMPVOL_100.0%MNY_DF,PLTR,ok,0,5,1,2020-09-30,2020-10-07,2020-09-30
30DAY_IMPVOL_100.0%MNY_DF,AVGO,ok,0,1,2,2014-01-02,2014-01-03,2014-01-02
30DAY_IMPVOL_100.0%MNY_DF,MU,ok,0,1,2,2014-01-02,2014-01-03,2014-01-02
30DAY_IMPVOL_100.0%MNY_DF,GEV,ok,0,4,1,2024-04-02,2024-04-08,2024-04-02
30DAY_IMPVOL_100.0%MNY_DF,VRT,ok,0,404,1,2018-08-01,2020-03-11,2018-08-01
30DAY_IMPVOL_100.0%MNY_DF,BE,ok,0,23,2,2018-07-25,2018-08-27,2018-07-25
30DAY_IMPVOL_100.0%MNY_DF,LITE,ok,0,8,1,2015-07-27,2015-08-06,2015-07-27
30DAY_IMPVOL_100.0%MNY_DF,000660,ok,0,222,7,2014-01-02,2014-11-18,2014-01-02
30DAY_IMPVOL_100.0%MNY_DF,005930,ok,0,1,153,2014-01-02,2014-01-03,2014-01-02
30DAY_IMPVOL_100.0%MNY_DF,UNH,ok,0,1,1,2014-01-02,2014-01-03,2014-01-02
30DAY_IMPVOL_100.0%MNY_DF,LLY,ok,0,1,1,2014-01-02,2014-01-03,2014-01-02
30DAY_IMPVOL_100.0%MNY_DF,ISRG,ok,0,1,1,2014-01-02,2014-01-03,2014-01-02
30DAY_IMPVOL_100.0%MNY_DF,ABBV,ok,0,1,1,2014-01-02,2014-01-03,2014-01-02
30DAY_IMPVOL_100.0%MNY_DF,REGN,ok,0,1,2,2014-01-02,2014-01-03,2014-01-02
30DAY_IMPVOL_100.0%MNY_DF,JPM,ok,0,1,2,2014-01-02,2014-01-03,2014-01-02
30DAY_IMPVOL_100.0%MNY_DF,V,ok,0,1,1,2014-01-02,2014-01-03,2014-01-02
30DAY_IMPVOL_100.0%MNY_DF,MA,ok,0,1,1,2014-01-02,2014-01-03,2014-01-02
30DAY_IMPVOL_100.0%MNY_DF,BLK,ok,0,1,1,2014-01-02,2014-01-03,2014-01-02
30DAY_IMPVOL_100.0%MNY_DF,SPGI,ok,0,1,2,2014-01-02,2014-01-03,2014-01-02
30DAY_IMPVOL_100.0%MNY_DF,GS,ok,0,1,1,2014-01-02,2014-01-03,2014-01-02
30DAY_IMPVOL_100.0%MNY_DF,COST,ok,0,1,2,2014-01-02,2014-01-03,2014-01-02
30DAY_IMPVOL_100.0%MNY_DF,HD,ok,0,1,1,2014-01-02,2014-01-03,2014-01-02
30DAY_IMPVOL_100.0%MNY_DF,PG,ok,0,1,1,2014-01-02,2014-01-03,2014-01-02
30DAY_IMPVOL_100.0%MNY_DF,MCD,ok,0,1,1,2014-01-02,2014-01-03,2014-01-02
30DAY_IMPVOL_100.0%MNY_DF,WMT,ok,0,1,1,2014-01-02,2014-01-03,2014-01-02
30DAY_IMPVOL_100.0%MNY_DF,CAT,ok,0,1,1,2014-01-02,2014-01-03,2014-01-02
30DAY_IMPVOL_100.0%MNY_DF,HON,ok,0,1,2,2014-01-02,2014-01-03,2014-01-02
30DAY_IMPVOL_100.0%MNY_DF,DE,ok,0,1,1,2014-01-02,2014-01-03,2014-01-02
30DAY_IMPVOL_100.0%MNY_DF,UNP,ok,0,1,1,2014-01-02,2014-01-03,2014-01-02
30DAY_IMPVOL_100.0%MNY_DF,LMT,ok,0,1,1,2014-01-02,2014-01-03,2014-01-02
30DAY_IMPVOL_100.0%MNY_DF,ETN,ok,0,1,1,2014-01-02,2014-01-03,2014-01-02
30DAY_IMPVOL_100.0%MNY_DF,XOM,ok,0,1,2,2014-01-02,2014-01-03,2014-01-02
30DAY_IMPVOL_100.0%MNY_DF,LNG,ok,0,1,1,2014-01-02,2014-01-03,2014-01-02
30DAY_IMPVOL_100.0%MNY_DF,FCX,ok,0,1,1,2014-01-02,2014-01-03,2014-01-02
30DAY_IMPVOL_100.0%MNY_DF,LIN,ok,0,1,2,2014-01-02,2014-01-03,2014-01-02
30DAY_IMPVOL_100.0%MNY_DF,NEE,ok,0,1,2,2014-01-02,2014-01-03,2014-01-02
30DAY_IMPVOL_100.0%MNY_DF,AMT,ok,0,1,2,2014-01-02,2014-01-03,2014-01-02
30DAY_IMPVOL_100.0%MNY_DF,EQIX,ok,0,1,2,2014-01-02,2014-01-03,2014-01-02
30DAY_IMPVOL_100.0%MNY_DF,TMUS,ok,0,1,2,2014-01-02,2014-01-03,2014-01-02
30DAY_IMPVOL_100.0%MNY_DF,PLD,ok,0,1,1,2014-01-02,2014-01-03,2014-01-02
30DAY_IMPVOL_100.0%MNY_DF,AMD,ok,0,1,2,2014-01-02,2014-01-03,2014-01-02
30DAY_IMPVOL_100.0%MNY_DF,CRM,ok,0,1,1,2014-01-02,2014-01-03,2014-01-02
30DAY_IMPVOL_100.0%MNY_DF,NFLX,ok,0,1,1,2014-01-02,2014-01-03,2014-01-02
30DAY_IMPVOL_100.0%MNY_DF,TER,ok,0,1,2,2014-01-02,2014-01-03,2014-01-02
30DAY_IMPVOL_100.0%MNY_DF,GLW,ok,0,1,1,2014-01-02,2014-01-03,2014-01-02
30DAY_IMPVOL_100.0%MNY_DF,JNJ,ok,0,1,1,2014-01-02,2014-01-03,2014-01-02
30DAY_IMPVOL_100.0%MNY_DF,WFC,ok,0,1,1,2014-01-02,2014-01-03,2014-01-02
30DAY_IMPVOL_100.0%MNY_DF,MPC,ok,0,1,1,2014-01-02,2014-01-03,2014-01-02
30DAY_IMPVOL_100.0%MNY_DF,LRCX,ok,0,1,1,2014-01-02,2014-01-03,2014-01-02
30DAY_IMPVOL_100.0%MNY_DF,AMAT,ok,0,1,1,2014-01-02,2014-01-03,2014-01-02
30DAY_IMPVOL_100.0%MNY_DF,PANW,ok,0,1,1,2014-01-02,2014-01-03,2014-01-02
30DAY_IMPVOL_100.0%MNY_DF,FN,ok,0,1,1,2014-01-02,2014-01-03,2014-01-02
30DAY_IMPVOL_100.0%MNY_DF,MPWR,ok,0,1,1,2014-01-02,2014-01-03,2014-01-02
30DAY_IMPVOL_100.0%MNY_DF,BAC,ok,0,1,1,2014-01-02,2014-01-03,2014-01-02
30DAY_IMPVOL_100.0%MNY_DF,CSCO,ok,0,1,1,2014-01-02,2014-01-03,2014-01-02
30DAY_IMPVOL_100.0%MNY_DF,INTC,ok,0,1,2,2014-01-02,2014-01-03,2014-01-02
30DAY_IMPVOL_100.0%MNY_DF,ORCL,ok,0,1,1,2014-01-02,2014-01-03,2014-01-02
30DAY_IMPVOL_100.0%MNY_DF,TSM,ok,0,1,1,2014-01-02,2014-01-03,2014-01-02
30DAY_IMPVOL_100.0%MNY_DF,SNDK,ok,0,6,1,2025-02-24,2025-03-04,2025-02-24
30DAY_IMPVOL_100.0%MNY_DF,KLAC,ok,0,1,1,2014-01-02,2014-01-03,2014-01-02
30DAY_IMPVOL_100.0%MNY_DF,ANET,ok,0,39,2,2014-06-06,2014-08-01,2014-06-06
30DAY_IMPVOL_100.0%MNY_DF,MRVL,ok,0,1,1,2014-01-02,2014-01-03,2014-01-02
30DAY_IMPVOL_100.0%MNY_DF,CDNS,ok,0,1,2,2014-01-02,2014-01-03,2014-01-02
30DAY_IMPVOL_100.0%MNY_DF,STX,ok,0,1,2,2014-01-02,2014-01-03,2014-01-02
30DAY_IMPVOL_100.0%MNY_DF,PWR,ok,0,1,1,2014-01-02,2014-01-03,2014-01-02
30DAY_IMPVOL_100.0%MNY_DF,BX,ok,0,1,2,2014-01-02,2014-01-03,2014-01-02
30DAY_IMPVOL_100.0%MNY_DF,TMO,ok,0,1,1,2014-01-02,2014-01-03,2014-01-02
30DAY_IMPVOL_100.0%MNY_DF,BSX,ok,0,1,1,2014-01-02,2014-01-03,2014-01-02
30DAY_IMPVOL_100.0%MNY_DF,BKNG,ok,0,1,2,2014-01-02,2014-01-03,2014-01-02
30DAY_IMPVOL_100.0%MNY_DF,PM,ok,0,1,2,2014-01-02,2014-01-03,2014-01-02
30DAY_IMPVOL_100.0%MNY_DF,WMB,ok,0,1,1,2014-01-02,2014-01-03,2014-01-02
30DAY_IMPVOL_100.0%MNY_DF,CEG,ok,0,6,1,2022-02-02,2022-02-10,2022-02-02
30DAY_IMPVOL_100.0%MNY_DF,VST,ok,0,156,20,2016-10-05,2017-05-19,2016-10-05
30DAY_IMPVOL_100.0%MNY_DF,DLR,ok,0,1,1,2014-01-02,2014-01-03,2014-01-02
30DAY_IMPVOL_100.0%MNY_DF,ARM,ok,0,3,1,2023-09-14,2023-09-19,2023-09-14
30DAY_IMPVOL_100.0%MNY_DF,SPOT,ok,0,5,1,2018-04-03,2018-04-10,2018-04-03
30DAY_IMPVOL_100.0%MNY_DF,RACE,ok,0,7,1,2015-10-21,2015-10-30,2015-10-21
30DAY_IMPVOL_100.0%MNY_DF,285A,ok,0,405,4,2024-12-18,2026-08-04,2024-12-18
30DAY_IMPVOL_100.0%MNY_DF,6857,ok,0,3,1166,2014-01-02,2014-01-07,2014-01-02
30DAY_IMPVOL_100.0%MNY_DF,SU,ok,0,1,2,2014-01-02,2014-01-03,2014-01-02
30DAY_IMPVOL_100.0%MNY_DF,SIE,ok,0,1,4,2014-01-02,2014-01-03,2014-01-02
30DAY_IMPVOL_100.0%MNY_DF,RHM,ok,0,1,3,2014-01-02,2014-01-03,2014-01-02
30DAY_IMPVOL_100.0%MNY_DF,ALV,ok,0,1,3,2014-01-02,2014-01-03,2014-01-02
30DAY_IMPVOL_100.0%MNY_DF,MC,ok,0,1,2,2014-01-02,2014-01-03,2014-01-02
30DAY_IMPVOL_100.0%MNY_DF,NESN,ok,0,2,3,2014-01-02,2014-01-06,2014-01-02
30DAY_IMPVOL_100.0%MNY_DF,RR/,ok,0,1,4,2014-01-02,2014-01-03,2014-01-02
30DAY_IMPVOL_100.0%MNY_DF,SAP,ok,0,1,3,2014-01-02,2014-01-03,2014-01-02
30DAY_IMPVOL_100.0%MNY_DF,ASML,ok,0,1,3,2014-01-02,2014-01-03,2014-01-02
30DAY_IMPVOL_100.0%MNY_DF,AZN,ok,0,1,3,2014-01-02,2014-01-03,2014-01-02
30DAY_IMPVOL_100.0%MNY_DF,SHEL,ok,0,1,3,2014-01-02,2014-01-03,2014-01-02
30DAY_IMPVOL_100.0%MNY_DF,HSBA,ok,0,1,3,2014-01-02,2014-01-03,2014-01-02
30DAY_IMPVOL_100.0%MNY_DF,NOVOB,ok,0,1,3,2014-01-02,2014-01-03,2014-01-02
30DAY_IMPVOL_100.0%MNY_DF,RIO,ok,0,1,3,2014-01-02,2014-01-03,2014-01-02
30DAY_IMPVOL_100.0%MNY_DF,QCOM,ok,0,1,1,2014-01-02,2014-01-03,2014-01-02
30DAY_IMPVOL_100.0%MNY_DF,TXN,ok,0,1,1,2014-01-02,2014-01-03,2014-01-02
30DAY_IMPVOL_100.0%MNY_DF,ADBE,ok,0,1,1,2014-01-02,2014-01-03,2014-01-02
30DAY_IMPVOL_100.0%MNY_DF,NOW,ok,0,1,1,2014-01-02,2014-01-03,2014-01-02
30DAY_IMPVOL_100.0%MNY_DF,ACN,ok,0,1,1,2014-01-02,2014-01-03,2014-01-02
30DAY_IMPVOL_100.0%MNY_DF,IBM,ok,0,1,2,2014-01-02,2014-01-03,2014-01-02
30DAY_IMPVOL_100.0%MNY_DF,ADI,ok,0,1,1,2014-01-02,2014-01-03,2014-01-02
30DAY_IMPVOL_100.0%MNY_DF,DELL,ok,0,2,2,2018-12-28,2019-01-02,2018-12-28
30DAY_IMPVOL_100.0%MNY_DF,8035,ok,0,3,1315,2014-01-02,2014-01-07,2014-01-02
30DAY_IMPVOL_100.0%MNY_DF,IFX,ok,0,1,3,2014-01-02,2014-01-03,2014-01-02
30DAY_IMPVOL_100.0%MNY_DF,MS,ok,0,1,1,2014-01-02,2014-01-03,2014-01-02
30DAY_IMPVOL_100.0%MNY_DF,SCHW,ok,0,1,1,2014-01-02,2014-01-03,2014-01-02
30DAY_IMPVOL_100.0%MNY_DF,AXP,ok,0,1,1,2014-01-02,2014-01-03,2014-01-02
30DAY_IMPVOL_100.0%MNY_DF,PGR,ok,0,1,1,2014-01-02,2014-01-03,2014-01-02
30DAY_IMPVOL_100.0%MNY_DF,AON,ok,0,1,2,2014-01-02,2014-01-03,2014-01-02
30DAY_IMPVOL_100.0%MNY_DF,CME,ok,0,1,1,2014-01-02,2014-01-03,2014-01-02
30DAY_IMPVOL_100.0%MNY_DF,KKR,ok,0,1,1,2014-01-02,2014-01-03,2014-01-02
30DAY_IMPVOL_100.0%MNY_DF,BN,ok,0,17,1,2022-12-12,2023-01-06,2022-12-12
30DAY_IMPVOL_100.0%MNY_DF,C,ok,0,1,1,2014-01-02,2014-01-03,2014-01-02
30DAY_IMPVOL_100.0%MNY_DF,LSEG,ok,0,1,44,2014-01-02,2014-01-03,2014-01-02
30DAY_IMPVOL_100.0%MNY_DF,ZURN,ok,0,2,3,2014-01-02,2014-01-06,2014-01-02
30DAY_IMPVOL_100.0%MNY_DF,CS,ok,0,1,2,2014-01-02,2014-01-03,2014-01-02
30DAY_IMPVOL_100.0%MNY_DF,8306,ok,0,3,240,2014-01-02,2014-01-07,2014-01-02
30DAY_IMPVOL_100.0%MNY_DF,DIS,ok,0,1,1,2014-01-02,2014-01-03,2014-01-02
30DAY_IMPVOL_100.0%MNY_DF,CMCSA,ok,0,1,2,2014-01-02,2014-01-03,2014-01-02
30DAY_IMPVOL_100.0%MNY_DF,VZ,ok,0,1,1,2014-01-02,2014-01-03,2014-01-02
30DAY_IMPVOL_100.0%MNY_DF,T,ok,0,1,2,2014-01-02,2014-01-03,2014-01-02
30DAY_IMPVOL_100.0%MNY_DF,TTWO,ok,0,1,1,2014-01-02,2014-01-03,2014-01-02
30DAY_IMPVOL_100.0%MNY_DF,PUB,ok,0,1,2,2014-01-02,2014-01-03,2014-01-02
30DAY_IMPVOL_100.0%MNY_DF,7974,ok,0,3,377,2014-01-02,2014-01-07,2014-01-02
30DAY_IMPVOL_100.0%MNY_DF,DTE,ok,0,1,3,2014-01-02,2014-01-03,2014-01-02
30DAY_IMPVOL_100.0%MNY_DF,UMG,ok,0,3,4,2021-09-21,2021-09-24,2021-09-21
30DAY_IMPVOL_100.0%MNY_DF,LOW,ok,0,1,1,2014-01-02,2014-01-03,2014-01-02
30DAY_IMPVOL_100.0%MNY_DF,TJX,ok,0,1,1,2014-01-02,2014-01-03,2014-01-02
30DAY_IMPVOL_100.0%MNY_DF,SBUX,ok,0,1,2,2014-01-02,2014-01-03,2014-01-02
30DAY_IMPVOL_100.0%MNY_DF,ABNB,ok,0,5,1,2020-12-10,2020-12-17,2020-12-10
30DAY_IMPVOL_100.0%MNY_DF,7203,ok,0,3,880,2014-01-02,2014-01-07,2014-01-02
30DAY_IMPVOL_100.0%MNY_DF,ITX,ok,0,1,5,2014-01-02,2014-01-03,2014-01-02
30DAY_IMPVOL_100.0%MNY_DF,ABT,ok,0,1,1,2014-01-02,2014-01-03,2014-01-02
30DAY_IMPVOL_100.0%MNY_DF,DHR,ok,0,1,2,2014-01-02,2014-01-03,2014-01-02
30DAY_IMPVOL_100.0%MNY_DF,VRTX,ok,0,1,2,2014-01-02,2014-01-03,2014-01-02
30DAY_IMPVOL_100.0%MNY_DF,SAN,ok,0,1,6,2014-01-02,2014-01-03,2014-01-02
30DAY_IMPVOL_100.0%MNY_DF,GE,ok,0,1,1,2024-04-02,2024-04-03,2024-04-02
30DAY_IMPVOL_100.0%MNY_DF,TT,ok,0,1,1,2020-03-02,2020-03-03,2020-03-02
30DAY_IMPVOL_100.0%MNY_DF,ABBN,ok,0,2,3,2014-01-02,2014-01-06,2014-01-02
30DAY_IMPVOL_100.0%MNY_DF,KO,ok,0,1,1,2014-01-02,2014-01-03,2014-01-02
30DAY_IMPVOL_100.0%MNY_DF,ULVR,ok,0,1,3,2014-01-02,2014-01-03,2014-01-02
30DAY_IMPVOL_100.0%MNY_DF,ECL,ok,0,1,1,2014-01-02,2014-01-03,2014-01-02
30DAY_IMPVOL_100.0%MNY_DF,AI,ok,0,1,2,2014-01-02,2014-01-03,2014-01-02
30DAY_IMPVOL_100.0%MNY_DF,IBE,ok,0,1,3,2014-01-02,2014-01-03,2014-01-02
30DAY_IMPVOL_100.0%MNY_DF,INTU,ok,0,1,2,2014-01-02,2014-01-03,2014-01-02
30DAY_IMPVOL_100.0%MNY_DF,SNPS,ok,0,1,2,2014-01-02,2014-01-03,2014-01-02
30DAY_IMPVOL_100.0%MNY_DF,APH,ok,0,1,1,2014-01-02,2014-01-03,2014-01-02
30DAY_IMPVOL_100.0%MNY_DF,MSI,ok,0,1,1,2014-01-02,2014-01-03,2014-01-02
30DAY_IMPVOL_100.0%MNY_DF,CRWD,ok,0,5,1,2019-06-12,2019-06-19,2019-06-12
30DAY_IMPVOL_100.0%MNY_DF,NXPI,ok,0,1,1,2014-01-02,2014-01-03,2014-01-02
30DAY_IMPVOL_100.0%MNY_DF,KEYS,ok,0,10,1,2014-10-21,2014-11-04,2014-10-21
30DAY_IMPVOL_100.0%MNY_DF,ADSK,ok,0,1,1,2014-01-02,2014-01-03,2014-01-02
30DAY_IMPVOL_100.0%MNY_DF,WDAY,ok,0,1,1,2014-01-02,2014-01-03,2014-01-02
30DAY_IMPVOL_100.0%MNY_DF,WDC,ok,0,1,1,2025-02-24,2025-02-25,2025-02-24
30DAY_IMPVOL_100.0%MNY_DF,DDOG,ok,0,10,2,2019-09-19,2019-10-03,2019-09-19
30DAY_IMPVOL_100.0%MNY_DF,FTNT,ok,0,1,1,2014-01-02,2014-01-03,2014-01-02
30DAY_IMPVOL_100.0%MNY_DF,DSY,ok,0,1,29,2014-01-02,2014-01-03,2014-01-02
30DAY_IMPVOL_100.0%MNY_DF,6146,ok,0,2934,4,2014-01-02,2025-09-03,2014-01-02
30DAY_IMPVOL_100.0%MNY_DF,6981,ok,0,3,2062,2014-01-02,2014-01-07,2014-01-02
30DAY_IMPVOL_100.0%MNY_DF,BRK/B,ok,0,1,1,2014-01-02,2014-01-03,2014-01-02
30DAY_IMPVOL_100.0%MNY_DF,CB,ok,0,1,1,2014-01-02,2014-01-03,2014-01-02
30DAY_IMPVOL_100.0%MNY_DF,ICE,ok,0,1,1,2014-01-02,2014-01-03,2014-01-02
30DAY_IMPVOL_100.0%MNY_DF,MCO,ok,0,1,1,2014-01-02,2014-01-03,2014-01-02
30DAY_IMPVOL_100.0%MNY_DF,PYPL,ok,0,10,1,2015-07-07,2015-07-21,2015-07-07
30DAY_IMPVOL_100.0%MNY_DF,COF,ok,0,1,2,2025-05-19,2025-05-20,2025-05-19
30DAY_IMPVOL_100.0%MNY_DF,BNP,ok,0,1,2,2014-01-02,2014-01-03,2014-01-02
30DAY_IMPVOL_100.0%MNY_DF,MUV2,ok,0,1,3,2014-01-02,2014-01-03,2014-01-02
30DAY_IMPVOL_100.0%MNY_DF,RTX,ok,0,1,2,2014-01-02,2014-01-03,2014-01-02
30DAY_IMPVOL_100.0%MNY_DF,EMR,ok,0,1,1,2014-01-02,2014-01-03,2014-01-02
30DAY_IMPVOL_100.0%MNY_DF,AXON,ok,0,1,1,2014-01-02,2014-01-03,2014-01-02
30DAY_IMPVOL_100.0%MNY_DF,UBER,ok,0,5,1,2019-05-10,2019-05-17,2019-05-10
30DAY_IMPVOL_100.0%MNY_DF,AIR,ok,0,1,2,2014-01-02,2014-01-03,2014-01-02
30DAY_IMPVOL_100.0%MNY_DF,SAF,ok,0,1,2,2014-01-02,2014-01-03,2014-01-02
30DAY_IMPVOL_100.0%MNY_DF,MRK,ok,0,1,2,2014-01-02,2014-01-03,2014-01-02
30DAY_IMPVOL_100.0%MNY_DF,AMGN,ok,0,1,2,2014-01-02,2014-01-03,2014-01-02
30DAY_IMPVOL_100.0%MNY_DF,SYK,ok,0,1,2,2014-01-02,2014-01-03,2014-01-02
30DAY_IMPVOL_100.0%MNY_DF,MCK,ok,0,1,1,2014-01-02,2014-01-03,2014-01-02
30DAY_IMPVOL_100.0%MNY_DF,NOVN,ok,0,2,7,2014-01-02,2014-01-06,2014-01-02
30DAY_IMPVOL_100.0%MNY_DF,NKE,ok,0,1,1,2014-01-02,2014-01-03,2014-01-02
30DAY_IMPVOL_100.0%MNY_DF,ORLY,ok,0,1,1,2014-01-02,2014-01-03,2014-01-02
30DAY_IMPVOL_100.0%MNY_DF,DASH,ok,0,5,1,2020-12-09,2020-12-16,2020-12-09
30DAY_IMPVOL_100.0%MNY_DF,CFR,ok,0,2,3,2014-01-02,2014-01-06,2014-01-02
30DAY_IMPVOL_100.0%MNY_DF,TTD,ok,0,142,1,2016-09-21,2017-04-17,2016-09-21
30DAY_IMPVOL_100.0%MNY_DF,RBLX,ok,0,5,1,2021-03-10,2021-03-17,2021-03-10
30DAY_IMPVOL_100.0%MNY_DF,9432,ok,0,3,1457,2014-01-02,2014-01-07,2014-01-02
30DAY_IMPVOL_100.0%MNY_DF,9433,ok,0,3,812,2014-01-02,2014-01-07,2014-01-02
30DAY_IMPVOL_100.0%MNY_DF,PEP,ok,0,1,2,2014-01-02,2014-01-03,2014-01-02
30DAY_IMPVOL_100.0%MNY_DF,MDLZ,ok,0,1,1,2014-01-02,2014-01-03,2014-01-02
30DAY_IMPVOL_100.0%MNY_DF,OR,ok,0,1,2,2014-01-02,2014-01-03,2014-01-02
30DAY_IMPVOL_100.0%MNY_DF,CVX,ok,0,1,1,2014-01-02,2014-01-03,2014-01-02
30DAY_IMPVOL_100.0%MNY_DF,TTE,ok,0,1,2,2014-01-02,2014-01-03,2014-01-02
30DAY_IMPVOL_100.0%MNY_DF,NEM,ok,0,1,2,2014-01-02,2014-01-03,2014-01-02
30DAY_IMPVOL_100.0%MNY_DF,SHW,ok,0,1,1,2014-01-02,2014-01-03,2014-01-02
30DAY_IMPVOL_100.0%MNY_DF,SO,ok,0,1,1,2014-01-02,2014-01-03,2014-01-02
30DAY_IMPVOL_100.0%MNY_DF,APP,ok,0,5,1,2021-04-15,2021-04-22,2021-04-15
30DAY_IMPVOL_100.0%MNY_DF,SNOW,ok,0,5,1,2020-09-16,2020-09-23,2020-09-16
30DAY_IMPVOL_100.0%MNY_DF,NET,ok,0,8,1,2019-09-13,2019-09-25,2019-09-13
30DAY_IMPVOL_100.0%MNY_DF,ZS,ok,0,6,1,2018-03-16,2018-03-26,2018-03-16
30DAY_IMPVOL_100.0%MNY_DF,TEAM,ok,0,7,2,2015-12-10,2015-12-21,2015-12-10
30DAY_IMPVOL_100.0%MNY_DF,COHR,ok,0,1,1,2014-01-02,2014-01-03,2014-01-02
30DAY_IMPVOL_100.0%MNY_DF,ON,ok,0,1,1,2014-01-02,2014-01-03,2014-01-02
30DAY_IMPVOL_100.0%MNY_DF,FICO,ok,0,1,1,2014-01-02,2014-01-03,2014-01-02
30DAY_IMPVOL_100.0%MNY_DF,HPE,ok,0,10,2,2015-10-20,2015-11-03,2015-10-20
30DAY_IMPVOL_100.0%MNY_DF,VRSN,ok,0,1,1,2014-01-02,2014-01-03,2014-01-02
30DAY_IMPVOL_100.0%MNY_DF,ASM,ok,0,1,2,2014-01-02,2014-01-03,2014-01-02
30DAY_IMPVOL_100.0%MNY_DF,MRSH,ok,0,1,1,2014-01-02,2014-01-03,2014-01-02
30DAY_IMPVOL_100.0%MNY_DF,APO,ok,0,1,1,2014-01-02,2014-01-03,2014-01-02
30DAY_IMPVOL_100.0%MNY_DF,MSCI,ok,0,1,1,2014-01-02,2014-01-03,2014-01-02
30DAY_IMPVOL_100.0%MNY_DF,BNY,ok,0,1,1,2014-01-02,2014-01-03,2014-01-02
30DAY_IMPVOL_100.0%MNY_DF,IBKR,ok,0,1,2,2014-01-02,2014-01-03,2014-01-02
30DAY_IMPVOL_100.0%MNY_DF,UBSG,ok,0,2,13,2014-01-02,2014-01-06,2014-01-02
30DAY_IMPVOL_100.0%MNY_DF,UCG,ok,0,1,3,2014-01-02,2014-01-03,2014-01-02
30DAY_IMPVOL_100.0%MNY_DF,8316,ok,0,3,801,2014-01-02,2014-01-07,2014-01-02
30DAY_IMPVOL_100.0%MNY_DF,ADP,ok,0,1,2,2014-01-02,2014-01-03,2014-01-02
30DAY_IMPVOL_100.0%MNY_DF,HWM,ok,0,1,2,2020-04-01,2020-04-02,2020-04-01
30DAY_IMPVOL_100.0%MNY_DF,WM,ok,0,1,1,2014-01-02,2014-01-03,2014-01-02
30DAY_IMPVOL_100.0%MNY_DF,PH,ok,0,1,1,2014-01-02,2014-01-03,2014-01-02
30DAY_IMPVOL_100.0%MNY_DF,REL,ok,0,1,17,2014-01-02,2014-01-03,2014-01-02
30DAY_IMPVOL_100.0%MNY_DF,7011,ok,0,3,1224,2014-01-02,2014-01-07,2014-01-02
30DAY_IMPVOL_100.0%MNY_DF,ROP,ok,0,2,3,2014-01-02,2014-01-06,2014-01-02
30DAY_IMPVOL_100.0%MNY_DF,GILD,ok,0,1,1,2014-01-02,2014-01-03,2014-01-02
30DAY_IMPVOL_100.0%MNY_DF,PFE,ok,0,1,2,2014-01-02,2014-01-03,2014-01-02
30DAY_IMPVOL_100.0%MNY_DF,MDT,ok,0,1,1,2014-01-02,2014-01-03,2014-01-02
30DAY_IMPVOL_100.0%MNY_DF,HCA,ok,0,1,2,2014-01-02,2014-01-03,2014-01-02
30DAY_IMPVOL_100.0%MNY_DF,ZTS,ok,0,1,1,2014-01-02,2014-01-03,2014-01-02
30DAY_IMPVOL_100.0%MNY_DF,RMS,ok,0,1,5,2014-01-02,2014-01-03,2014-01-02
30DAY_IMPVOL_100.0%MNY_DF,6758,ok,0,3,712,2014-01-02,2014-01-07,2014-01-02
30DAY_IMPVOL_100.0%MNY_DF,CMG,ok,0,1,1,2014-01-02,2014-01-03,2014-01-02
30DAY_IMPVOL_100.0%MNY_DF,MAR,ok,0,1,1,2014-01-02,2014-01-03,2014-01-02
30DAY_IMPVOL_100.0%MNY_DF,GM,ok,0,1,1,2014-01-02,2014-01-03,2014-01-02
30DAY_IMPVOL_100.0%MNY_DF,GRMN,ok,0,1,1,2014-01-02,2014-01-03,2014-01-02
30DAY_IMPVOL_100.0%MNY_DF,RDDT,ok,0,3,1,2024-03-21,2024-03-26,2024-03-21
30DAY_IMPVOL_100.0%MNY_DF,LYV,ok,0,1,1,2014-01-02,2014-01-03,2014-01-02
30DAY_IMPVOL_100.0%MNY_DF,TKO,ok,0,1,1,2023-09-12,2023-09-13,2023-09-12
30DAY_IMPVOL_100.0%MNY_DF,MO,ok,0,1,1,2014-01-02,2014-01-03,2014-01-02
30DAY_IMPVOL_100.0%MNY_DF,CL,ok,0,1,1,2014-01-02,2014-01-03,2014-01-02
30DAY_IMPVOL_100.0%MNY_DF,MNST,ok,0,1,2,2014-01-02,2014-01-03,2014-01-02
30DAY_IMPVOL_100.0%MNY_DF,COP,ok,0,1,1,2014-01-02,2014-01-03,2014-01-02
30DAY_IMPVOL_100.0%MNY_DF,SLB,ok,0,1,1,2014-01-02,2014-01-03,2014-01-02
30DAY_IMPVOL_100.0%MNY_DF,APD,ok,0,1,2,2014-01-02,2014-01-03,2014-01-02
30DAY_IMPVOL_100.0%MNY_DF,4063,ok,0,3,1299,2014-01-02,2014-01-07,2014-01-02
30DAY_IMPVOL_100.0%MNY_DF,NRG,ok,0,1,1,2014-01-02,2014-01-03,2014-01-02
30DAY_IMPVOL_100.0%MNY_DF,ENEL,ok,0,1,3,2014-01-02,2014-01-03,2014-01-02
30DAY_IMPVOL_100.0%MNY_DF,WELL,ok,0,1,1,2014-01-02,2014-01-03,2014-01-02
30DAY_IMPVOL_90.0%MNY_DF,AAPL,ok,0,1,1,2014-01-02,2014-01-03,2014-01-02
30DAY_IMPVOL_90.0%MNY_DF,MSFT,ok,0,1,1,2014-01-02,2014-01-03,2014-01-02
30DAY_IMPVOL_90.0%MNY_DF,GOOGL,ok,0,1,1,2014-01-02,2014-01-03,2014-01-02
30DAY_IMPVOL_90.0%MNY_DF,AMZN,ok,0,1,1,2014-01-02,2014-01-03,2014-01-02
30DAY_IMPVOL_90.0%MNY_DF,META,ok,0,1,1,2014-01-02,2014-01-03,2014-01-02
30DAY_IMPVOL_90.0%MNY_DF,NVDA,ok,0,1,1,2014-01-02,2014-01-03,2014-01-02
30DAY_IMPVOL_90.0%MNY_DF,TSLA,ok,0,1,1,2014-01-02,2014-01-03,2014-01-02
30DAY_IMPVOL_90.0%MNY_DF,PLTR,ok,0,5,1,2020-09-30,2020-10-07,2020-09-30
30DAY_IMPVOL_90.0%MNY_DF,AVGO,ok,0,1,2,2014-01-02,2014-01-03,2014-01-02
30DAY_IMPVOL_90.0%MNY_DF,MU,ok,0,1,2,2014-01-02,2014-01-03,2014-01-02
30DAY_IMPVOL_90.0%MNY_DF,GEV,ok,0,4,1,2024-04-02,2024-04-08,2024-04-02
30DAY_IMPVOL_90.0%MNY_DF,VRT,ok,0,404,1,2018-08-01,2020-03-11,2018-08-01
30DAY_IMPVOL_90.0%MNY_DF,BE,ok,0,23,2,2018-07-25,2018-08-27,2018-07-25
30DAY_IMPVOL_90.0%MNY_DF,LITE,ok,0,8,1,2015-07-27,2015-08-06,2015-07-27
30DAY_IMPVOL_90.0%MNY_DF,000660,ok,0,222,7,2014-01-02,2014-11-18,2014-01-02
30DAY_IMPVOL_90.0%MNY_DF,005930,ok,0,1,153,2014-01-02,2014-01-03,2014-01-02
30DAY_IMPVOL_90.0%MNY_DF,UNH,ok,0,1,1,2014-01-02,2014-01-03,2014-01-02
30DAY_IMPVOL_90.0%MNY_DF,LLY,ok,0,1,1,2014-01-02,2014-01-03,2014-01-02
30DAY_IMPVOL_90.0%MNY_DF,ISRG,ok,0,1,1,2014-01-02,2014-01-03,2014-01-02
30DAY_IMPVOL_90.0%MNY_DF,ABBV,ok,0,1,1,2014-01-02,2014-01-03,2014-01-02
30DAY_IMPVOL_90.0%MNY_DF,REGN,ok,0,1,2,2014-01-02,2014-01-03,2014-01-02
30DAY_IMPVOL_90.0%MNY_DF,JPM,ok,0,1,1,2014-01-02,2014-01-03,2014-01-02
30DAY_IMPVOL_90.0%MNY_DF,V,ok,0,1,1,2014-01-02,2014-01-03,2014-01-02
30DAY_IMPVOL_90.0%MNY_DF,MA,ok,0,1,1,2014-01-02,2014-01-03,2014-01-02
30DAY_IMPVOL_90.0%MNY_DF,BLK,ok,0,1,1,2014-01-02,2014-01-03,2014-01-02
30DAY_IMPVOL_90.0%MNY_DF,SPGI,ok,0,1,2,2014-01-02,2014-01-03,2014-01-02
30DAY_IMPVOL_90.0%MNY_DF,GS,ok,0,1,1,2014-01-02,2014-01-03,2014-01-02
30DAY_IMPVOL_90.0%MNY_DF,COST,ok,0,1,2,2014-01-02,2014-01-03,2014-01-02
30DAY_IMPVOL_90.0%MNY_DF,HD,ok,0,1,1,2014-01-02,2014-01-03,2014-01-02
30DAY_IMPVOL_90.0%MNY_DF,PG,ok,0,1,1,2014-01-02,2014-01-03,2014-01-02
30DAY_IMPVOL_90.0%MNY_DF,MCD,ok,0,1,1,2014-01-02,2014-01-03,2014-01-02
30DAY_IMPVOL_90.0%MNY_DF,WMT,ok,0,1,1,2014-01-02,2014-01-03,2014-01-02
30DAY_IMPVOL_90.0%MNY_DF,CAT,ok,0,1,1,2014-01-02,2014-01-03,2014-01-02
30DAY_IMPVOL_90.0%MNY_DF,HON,ok,0,1,2,2014-01-02,2014-01-03,2014-01-02
30DAY_IMPVOL_90.0%MNY_DF,DE,ok,0,1,1,2014-01-02,2014-01-03,2014-01-02
30DAY_IMPVOL_90.0%MNY_DF,UNP,ok,0,1,1,2014-01-02,2014-01-03,2014-01-02
30DAY_IMPVOL_90.0%MNY_DF,LMT,ok,0,1,1,2014-01-02,2014-01-03,2014-01-02
30DAY_IMPVOL_90.0%MNY_DF,ETN,ok,0,1,1,2014-01-02,2014-01-03,2014-01-02
30DAY_IMPVOL_90.0%MNY_DF,XOM,ok,0,1,2,2014-01-02,2014-01-03,2014-01-02
30DAY_IMPVOL_90.0%MNY_DF,LNG,ok,0,1,1,2014-01-02,2014-01-03,2014-01-02
30DAY_IMPVOL_90.0%MNY_DF,FCX,ok,0,1,1,2014-01-02,2014-01-03,2014-01-02
30DAY_IMPVOL_90.0%MNY_DF,LIN,ok,0,1,2,2014-01-02,2014-01-03,2014-01-02
30DAY_IMPVOL_90.0%MNY_DF,NEE,ok,0,1,2,2014-01-02,2014-01-03,2014-01-02
30DAY_IMPVOL_90.0%MNY_DF,AMT,ok,0,1,2,2014-01-02,2014-01-03,2014-01-02
30DAY_IMPVOL_90.0%MNY_DF,EQIX,ok,0,1,2,2014-01-02,2014-01-03,2014-01-02
30DAY_IMPVOL_90.0%MNY_DF,TMUS,ok,0,1,2,2014-01-02,2014-01-03,2014-01-02
30DAY_IMPVOL_90.0%MNY_DF,PLD,ok,0,1,1,2014-01-02,2014-01-03,2014-01-02
30DAY_IMPVOL_90.0%MNY_DF,AMD,ok,0,1,2,2014-01-02,2014-01-03,2014-01-02
30DAY_IMPVOL_90.0%MNY_DF,CRM,ok,0,1,1,2014-01-02,2014-01-03,2014-01-02
30DAY_IMPVOL_90.0%MNY_DF,NFLX,ok,0,1,1,2014-01-02,2014-01-03,2014-01-02
30DAY_IMPVOL_90.0%MNY_DF,TER,ok,0,1,1,2014-01-02,2014-01-03,2014-01-02
30DAY_IMPVOL_90.0%MNY_DF,GLW,ok,0,1,1,2014-01-02,2014-01-03,2014-01-02
30DAY_IMPVOL_90.0%MNY_DF,JNJ,ok,0,1,1,2014-01-02,2014-01-03,2014-01-02
30DAY_IMPVOL_90.0%MNY_DF,WFC,ok,0,1,1,2014-01-02,2014-01-03,2014-01-02
30DAY_IMPVOL_90.0%MNY_DF,MPC,ok,0,1,1,2014-01-02,2014-01-03,2014-01-02
30DAY_IMPVOL_90.0%MNY_DF,LRCX,ok,0,1,2,2014-01-02,2014-01-03,2014-01-02
30DAY_IMPVOL_90.0%MNY_DF,AMAT,ok,0,1,1,2014-01-02,2014-01-03,2014-01-02
30DAY_IMPVOL_90.0%MNY_DF,PANW,ok,0,1,1,2014-01-02,2014-01-03,2014-01-02
30DAY_IMPVOL_90.0%MNY_DF,FN,ok,0,1,1,2014-01-02,2014-01-03,2014-01-02
30DAY_IMPVOL_90.0%MNY_DF,MPWR,ok,0,1,1,2014-01-02,2014-01-03,2014-01-02
30DAY_IMPVOL_90.0%MNY_DF,BAC,ok,0,1,1,2014-01-02,2014-01-03,2014-01-02
30DAY_IMPVOL_90.0%MNY_DF,CSCO,ok,0,1,1,2014-01-02,2014-01-03,2014-01-02
30DAY_IMPVOL_90.0%MNY_DF,INTC,ok,0,1,2,2014-01-02,2014-01-03,2014-01-02
30DAY_IMPVOL_90.0%MNY_DF,ORCL,ok,0,1,2,2014-01-02,2014-01-03,2014-01-02
30DAY_IMPVOL_90.0%MNY_DF,TSM,ok,0,1,1,2014-01-02,2014-01-03,2014-01-02
30DAY_IMPVOL_90.0%MNY_DF,SNDK,ok,0,6,1,2025-02-24,2025-03-04,2025-02-24
30DAY_IMPVOL_90.0%MNY_DF,KLAC,ok,0,1,1,2014-01-02,2014-01-03,2014-01-02
30DAY_IMPVOL_90.0%MNY_DF,ANET,ok,0,39,2,2014-06-06,2014-08-01,2014-06-06
30DAY_IMPVOL_90.0%MNY_DF,MRVL,ok,0,1,1,2014-01-02,2014-01-03,2014-01-02
30DAY_IMPVOL_90.0%MNY_DF,CDNS,ok,0,1,1,2014-01-02,2014-01-03,2014-01-02
30DAY_IMPVOL_90.0%MNY_DF,STX,ok,0,1,2,2014-01-02,2014-01-03,2014-01-02
30DAY_IMPVOL_90.0%MNY_DF,PWR,ok,0,1,1,2014-01-02,2014-01-03,2014-01-02
30DAY_IMPVOL_90.0%MNY_DF,BX,ok,0,1,2,2014-01-02,2014-01-03,2014-01-02
30DAY_IMPVOL_90.0%MNY_DF,TMO,ok,0,1,1,2014-01-02,2014-01-03,2014-01-02
30DAY_IMPVOL_90.0%MNY_DF,BSX,ok,0,1,1,2014-01-02,2014-01-03,2014-01-02
30DAY_IMPVOL_90.0%MNY_DF,BKNG,ok,0,1,2,2014-01-02,2014-01-03,2014-01-02
30DAY_IMPVOL_90.0%MNY_DF,PM,ok,0,1,1,2014-01-02,2014-01-03,2014-01-02
30DAY_IMPVOL_90.0%MNY_DF,WMB,ok,0,1,1,2014-01-02,2014-01-03,2014-01-02
30DAY_IMPVOL_90.0%MNY_DF,CEG,ok,0,6,1,2022-02-02,2022-02-10,2022-02-02
30DAY_IMPVOL_90.0%MNY_DF,VST,ok,0,156,20,2016-10-05,2017-05-19,2016-10-05
30DAY_IMPVOL_90.0%MNY_DF,DLR,ok,0,1,1,2014-01-02,2014-01-03,2014-01-02
30DAY_IMPVOL_90.0%MNY_DF,ARM,ok,0,3,1,2023-09-14,2023-09-19,2023-09-14
30DAY_IMPVOL_90.0%MNY_DF,SPOT,ok,0,5,1,2018-04-03,2018-04-10,2018-04-03
30DAY_IMPVOL_90.0%MNY_DF,RACE,ok,0,7,1,2015-10-21,2015-10-30,2015-10-21
30DAY_IMPVOL_90.0%MNY_DF,285A,ok,0,405,4,2024-12-18,2026-08-04,2024-12-18
30DAY_IMPVOL_90.0%MNY_DF,6857,ok,0,3,1166,2014-01-02,2014-01-07,2014-01-02
30DAY_IMPVOL_90.0%MNY_DF,SU,ok,0,1,2,2014-01-02,2014-01-03,2014-01-02
30DAY_IMPVOL_90.0%MNY_DF,SIE,ok,0,1,4,2014-01-02,2014-01-03,2014-01-02
30DAY_IMPVOL_90.0%MNY_DF,RHM,ok,0,1,3,2014-01-02,2014-01-03,2014-01-02
30DAY_IMPVOL_90.0%MNY_DF,ALV,ok,0,1,3,2014-01-02,2014-01-03,2014-01-02
30DAY_IMPVOL_90.0%MNY_DF,MC,ok,0,1,2,2014-01-02,2014-01-03,2014-01-02
30DAY_IMPVOL_90.0%MNY_DF,NESN,ok,0,2,3,2014-01-02,2014-01-06,2014-01-02
30DAY_IMPVOL_90.0%MNY_DF,RR/,ok,0,1,4,2014-01-02,2014-01-03,2014-01-02
30DAY_IMPVOL_90.0%MNY_DF,SAP,ok,0,1,3,2014-01-02,2014-01-03,2014-01-02
30DAY_IMPVOL_90.0%MNY_DF,ASML,ok,0,1,3,2014-01-02,2014-01-03,2014-01-02
30DAY_IMPVOL_90.0%MNY_DF,AZN,ok,0,1,3,2014-01-02,2014-01-03,2014-01-02
30DAY_IMPVOL_90.0%MNY_DF,SHEL,ok,0,1,3,2014-01-02,2014-01-03,2014-01-02
30DAY_IMPVOL_90.0%MNY_DF,HSBA,ok,0,1,3,2014-01-02,2014-01-03,2014-01-02
30DAY_IMPVOL_90.0%MNY_DF,NOVOB,ok,0,1,3,2014-01-02,2014-01-03,2014-01-02
30DAY_IMPVOL_90.0%MNY_DF,RIO,ok,0,1,3,2014-01-02,2014-01-03,2014-01-02
30DAY_IMPVOL_90.0%MNY_DF,QCOM,ok,0,1,1,2014-01-02,2014-01-03,2014-01-02
30DAY_IMPVOL_90.0%MNY_DF,TXN,ok,0,1,1,2014-01-02,2014-01-03,2014-01-02
30DAY_IMPVOL_90.0%MNY_DF,ADBE,ok,0,1,1,2014-01-02,2014-01-03,2014-01-02
30DAY_IMPVOL_90.0%MNY_DF,NOW,ok,0,1,1,2014-01-02,2014-01-03,2014-01-02
30DAY_IMPVOL_90.0%MNY_DF,ACN,ok,0,1,1,2014-01-02,2014-01-03,2014-01-02
30DAY_IMPVOL_90.0%MNY_DF,IBM,ok,0,1,2,2014-01-02,2014-01-03,2014-01-02
30DAY_IMPVOL_90.0%MNY_DF,ADI,ok,0,1,1,2014-01-02,2014-01-03,2014-01-02
30DAY_IMPVOL_90.0%MNY_DF,DELL,ok,0,2,2,2018-12-28,2019-01-02,2018-12-28
30DAY_IMPVOL_90.0%MNY_DF,8035,ok,0,3,1315,2014-01-02,2014-01-07,2014-01-02
30DAY_IMPVOL_90.0%MNY_DF,IFX,ok,0,1,3,2014-01-02,2014-01-03,2014-01-02
30DAY_IMPVOL_90.0%MNY_DF,MS,ok,0,1,1,2014-01-02,2014-01-03,2014-01-02
30DAY_IMPVOL_90.0%MNY_DF,SCHW,ok,0,1,1,2014-01-02,2014-01-03,2014-01-02
30DAY_IMPVOL_90.0%MNY_DF,AXP,ok,0,1,1,2014-01-02,2014-01-03,2014-01-02
30DAY_IMPVOL_90.0%MNY_DF,PGR,ok,0,1,1,2014-01-02,2014-01-03,2014-01-02
30DAY_IMPVOL_90.0%MNY_DF,AON,ok,0,1,1,2014-01-02,2014-01-03,2014-01-02
30DAY_IMPVOL_90.0%MNY_DF,CME,ok,0,1,2,2014-01-02,2014-01-03,2014-01-02
30DAY_IMPVOL_90.0%MNY_DF,KKR,ok,0,1,1,2014-01-02,2014-01-03,2014-01-02
30DAY_IMPVOL_90.0%MNY_DF,BN,ok,0,17,1,2022-12-12,2023-01-06,2022-12-12
30DAY_IMPVOL_90.0%MNY_DF,C,ok,0,1,1,2014-01-02,2014-01-03,2014-01-02
30DAY_IMPVOL_90.0%MNY_DF,LSEG,ok,0,1,44,2014-01-02,2014-01-03,2014-01-02
30DAY_IMPVOL_90.0%MNY_DF,ZURN,ok,0,2,3,2014-01-02,2014-01-06,2014-01-02
30DAY_IMPVOL_90.0%MNY_DF,CS,ok,0,1,2,2014-01-02,2014-01-03,2014-01-02
30DAY_IMPVOL_90.0%MNY_DF,8306,ok,0,3,240,2014-01-02,2014-01-07,2014-01-02
30DAY_IMPVOL_90.0%MNY_DF,DIS,ok,0,1,1,2014-01-02,2014-01-03,2014-01-02
30DAY_IMPVOL_90.0%MNY_DF,CMCSA,ok,0,1,2,2014-01-02,2014-01-03,2014-01-02
30DAY_IMPVOL_90.0%MNY_DF,VZ,ok,0,1,1,2014-01-02,2014-01-03,2014-01-02
30DAY_IMPVOL_90.0%MNY_DF,T,ok,0,1,2,2014-01-02,2014-01-03,2014-01-02
30DAY_IMPVOL_90.0%MNY_DF,TTWO,ok,0,1,2,2014-01-02,2014-01-03,2014-01-02
30DAY_IMPVOL_90.0%MNY_DF,PUB,ok,0,1,2,2014-01-02,2014-01-03,2014-01-02
30DAY_IMPVOL_90.0%MNY_DF,7974,ok,0,3,377,2014-01-02,2014-01-07,2014-01-02
30DAY_IMPVOL_90.0%MNY_DF,DTE,ok,0,1,3,2014-01-02,2014-01-03,2014-01-02
30DAY_IMPVOL_90.0%MNY_DF,UMG,ok,0,3,4,2021-09-21,2021-09-24,2021-09-21
30DAY_IMPVOL_90.0%MNY_DF,LOW,ok,0,1,1,2014-01-02,2014-01-03,2014-01-02
30DAY_IMPVOL_90.0%MNY_DF,TJX,ok,0,1,1,2014-01-02,2014-01-03,2014-01-02
30DAY_IMPVOL_90.0%MNY_DF,SBUX,ok,0,1,1,2014-01-02,2014-01-03,2014-01-02
30DAY_IMPVOL_90.0%MNY_DF,ABNB,ok,0,5,1,2020-12-10,2020-12-17,2020-12-10
30DAY_IMPVOL_90.0%MNY_DF,7203,ok,0,3,880,2014-01-02,2014-01-07,2014-01-02
30DAY_IMPVOL_90.0%MNY_DF,ITX,ok,0,1,5,2014-01-02,2014-01-03,2014-01-02
30DAY_IMPVOL_90.0%MNY_DF,ABT,ok,0,1,1,2014-01-02,2014-01-03,2014-01-02
30DAY_IMPVOL_90.0%MNY_DF,DHR,ok,0,1,2,2014-01-02,2014-01-03,2014-01-02
30DAY_IMPVOL_90.0%MNY_DF,VRTX,ok,0,1,2,2014-01-02,2014-01-03,2014-01-02
30DAY_IMPVOL_90.0%MNY_DF,SAN,ok,0,1,6,2014-01-02,2014-01-03,2014-01-02
30DAY_IMPVOL_90.0%MNY_DF,GE,ok,0,1,1,2024-04-02,2024-04-03,2024-04-02
30DAY_IMPVOL_90.0%MNY_DF,TT,ok,0,1,1,2020-03-02,2020-03-03,2020-03-02
30DAY_IMPVOL_90.0%MNY_DF,ABBN,ok,0,2,3,2014-01-02,2014-01-06,2014-01-02
30DAY_IMPVOL_90.0%MNY_DF,KO,ok,0,1,1,2014-01-02,2014-01-03,2014-01-02
30DAY_IMPVOL_90.0%MNY_DF,ULVR,ok,0,1,3,2014-01-02,2014-01-03,2014-01-02
30DAY_IMPVOL_90.0%MNY_DF,ECL,ok,0,1,1,2014-01-02,2014-01-03,2014-01-02
30DAY_IMPVOL_90.0%MNY_DF,AI,ok,0,1,2,2014-01-02,2014-01-03,2014-01-02
30DAY_IMPVOL_90.0%MNY_DF,IBE,ok,0,1,3,2014-01-02,2014-01-03,2014-01-02
30DAY_IMPVOL_90.0%MNY_DF,INTU,ok,0,1,2,2014-01-02,2014-01-03,2014-01-02
30DAY_IMPVOL_90.0%MNY_DF,SNPS,ok,0,1,2,2014-01-02,2014-01-03,2014-01-02
30DAY_IMPVOL_90.0%MNY_DF,APH,ok,0,1,1,2014-01-02,2014-01-03,2014-01-02
30DAY_IMPVOL_90.0%MNY_DF,MSI,ok,0,1,1,2014-01-02,2014-01-03,2014-01-02
30DAY_IMPVOL_90.0%MNY_DF,CRWD,ok,0,5,1,2019-06-12,2019-06-19,2019-06-12
30DAY_IMPVOL_90.0%MNY_DF,NXPI,ok,0,1,1,2014-01-02,2014-01-03,2014-01-02
30DAY_IMPVOL_90.0%MNY_DF,KEYS,ok,0,10,1,2014-10-21,2014-11-04,2014-10-21
30DAY_IMPVOL_90.0%MNY_DF,ADSK,ok,0,1,1,2014-01-02,2014-01-03,2014-01-02
30DAY_IMPVOL_90.0%MNY_DF,WDAY,ok,0,1,1,2014-01-02,2014-01-03,2014-01-02
30DAY_IMPVOL_90.0%MNY_DF,WDC,ok,0,1,1,2025-02-24,2025-02-25,2025-02-24
30DAY_IMPVOL_90.0%MNY_DF,DDOG,ok,0,10,2,2019-09-19,2019-10-03,2019-09-19
30DAY_IMPVOL_90.0%MNY_DF,FTNT,ok,0,1,2,2014-01-02,2014-01-03,2014-01-02
30DAY_IMPVOL_90.0%MNY_DF,DSY,ok,0,1,29,2014-01-02,2014-01-03,2014-01-02
30DAY_IMPVOL_90.0%MNY_DF,6146,ok,0,2934,4,2014-01-02,2025-09-03,2014-01-02
30DAY_IMPVOL_90.0%MNY_DF,6981,ok,0,3,2062,2014-01-02,2014-01-07,2014-01-02
30DAY_IMPVOL_90.0%MNY_DF,BRK/B,ok,0,1,1,2014-01-02,2014-01-03,2014-01-02
30DAY_IMPVOL_90.0%MNY_DF,CB,ok,0,1,1,2014-01-02,2014-01-03,2014-01-02
30DAY_IMPVOL_90.0%MNY_DF,ICE,ok,0,1,1,2014-01-02,2014-01-03,2014-01-02
30DAY_IMPVOL_90.0%MNY_DF,MCO,ok,0,1,2,2014-01-02,2014-01-03,2014-01-02
30DAY_IMPVOL_90.0%MNY_DF,PYPL,ok,0,10,2,2015-07-07,2015-07-21,2015-07-07
30DAY_IMPVOL_90.0%MNY_DF,COF,ok,0,1,2,2025-05-19,2025-05-20,2025-05-19
30DAY_IMPVOL_90.0%MNY_DF,BNP,ok,0,1,2,2014-01-02,2014-01-03,2014-01-02
30DAY_IMPVOL_90.0%MNY_DF,MUV2,ok,0,1,3,2014-01-02,2014-01-03,2014-01-02
30DAY_IMPVOL_90.0%MNY_DF,RTX,ok,0,1,2,2014-01-02,2014-01-03,2014-01-02
30DAY_IMPVOL_90.0%MNY_DF,EMR,ok,0,1,1,2014-01-02,2014-01-03,2014-01-02
30DAY_IMPVOL_90.0%MNY_DF,AXON,ok,0,1,1,2014-01-02,2014-01-03,2014-01-02
30DAY_IMPVOL_90.0%MNY_DF,UBER,ok,0,5,1,2019-05-10,2019-05-17,2019-05-10
30DAY_IMPVOL_90.0%MNY_DF,AIR,ok,0,1,2,2014-01-02,2014-01-03,2014-01-02
30DAY_IMPVOL_90.0%MNY_DF,SAF,ok,0,1,2,2014-01-02,2014-01-03,2014-01-02
30DAY_IMPVOL_90.0%MNY_DF,MRK,ok,0,1,2,2014-01-02,2014-01-03,2014-01-02
30DAY_IMPVOL_90.0%MNY_DF,AMGN,ok,0,1,2,2014-01-02,2014-01-03,2014-01-02
30DAY_IMPVOL_90.0%MNY_DF,SYK,ok,0,1,1,2014-01-02,2014-01-03,2014-01-02
30DAY_IMPVOL_90.0%MNY_DF,MCK,ok,0,1,1,2014-01-02,2014-01-03,2014-01-02
30DAY_IMPVOL_90.0%MNY_DF,NOVN,ok,0,2,7,2014-01-02,2014-01-06,2014-01-02
30DAY_IMPVOL_90.0%MNY_DF,NKE,ok,0,1,1,2014-01-02,2014-01-03,2014-01-02
30DAY_IMPVOL_90.0%MNY_DF,ORLY,ok,0,1,1,2014-01-02,2014-01-03,2014-01-02
30DAY_IMPVOL_90.0%MNY_DF,DASH,ok,0,5,1,2020-12-09,2020-12-16,2020-12-09
30DAY_IMPVOL_90.0%MNY_DF,CFR,ok,0,2,3,2014-01-02,2014-01-06,2014-01-02
30DAY_IMPVOL_90.0%MNY_DF,TTD,ok,0,142,1,2016-09-21,2017-04-17,2016-09-21
30DAY_IMPVOL_90.0%MNY_DF,RBLX,ok,0,5,1,2021-03-10,2021-03-17,2021-03-10
30DAY_IMPVOL_90.0%MNY_DF,9432,ok,0,3,1457,2014-01-02,2014-01-07,2014-01-02
30DAY_IMPVOL_90.0%MNY_DF,9433,ok,0,3,812,2014-01-02,2014-01-07,2014-01-02
30DAY_IMPVOL_90.0%MNY_DF,PEP,ok,0,1,2,2014-01-02,2014-01-03,2014-01-02
30DAY_IMPVOL_90.0%MNY_DF,MDLZ,ok,0,1,1,2014-01-02,2014-01-03,2014-01-02
30DAY_IMPVOL_90.0%MNY_DF,OR,ok,0,1,2,2014-01-02,2014-01-03,2014-01-02
30DAY_IMPVOL_90.0%MNY_DF,CVX,ok,0,1,1,2014-01-02,2014-01-03,2014-01-02
30DAY_IMPVOL_90.0%MNY_DF,TTE,ok,0,1,2,2014-01-02,2014-01-03,2014-01-02
30DAY_IMPVOL_90.0%MNY_DF,NEM,ok,0,1,2,2014-01-02,2014-01-03,2014-01-02
30DAY_IMPVOL_90.0%MNY_DF,SHW,ok,0,1,1,2014-01-02,2014-01-03,2014-01-02
30DAY_IMPVOL_90.0%MNY_DF,SO,ok,0,1,1,2014-01-02,2014-01-03,2014-01-02
30DAY_IMPVOL_90.0%MNY_DF,APP,ok,0,5,1,2021-04-15,2021-04-22,2021-04-15
30DAY_IMPVOL_90.0%MNY_DF,SNOW,ok,0,5,1,2020-09-16,2020-09-23,2020-09-16
30DAY_IMPVOL_90.0%MNY_DF,NET,ok,0,8,1,2019-09-13,2019-09-25,2019-09-13
30DAY_IMPVOL_90.0%MNY_DF,ZS,ok,0,6,1,2018-03-16,2018-03-26,2018-03-16
30DAY_IMPVOL_90.0%MNY_DF,TEAM,ok,0,7,2,2015-12-10,2015-12-21,2015-12-10
30DAY_IMPVOL_90.0%MNY_DF,COHR,ok,0,1,1,2014-01-02,2014-01-03,2014-01-02
30DAY_IMPVOL_90.0%MNY_DF,ON,ok,0,1,1,2014-01-02,2014-01-03,2014-01-02
30DAY_IMPVOL_90.0%MNY_DF,FICO,ok,0,1,1,2014-01-02,2014-01-03,2014-01-02
30DAY_IMPVOL_90.0%MNY_DF,HPE,ok,0,10,2,2015-10-20,2015-11-03,2015-10-20
30DAY_IMPVOL_90.0%MNY_DF,VRSN,ok,0,1,2,2014-01-02,2014-01-03,2014-01-02
30DAY_IMPVOL_90.0%MNY_DF,ASM,ok,0,1,2,2014-01-02,2014-01-03,2014-01-02
30DAY_IMPVOL_90.0%MNY_DF,MRSH,ok,0,1,1,2014-01-02,2014-01-03,2014-01-02
30DAY_IMPVOL_90.0%MNY_DF,APO,ok,0,1,1,2014-01-02,2014-01-03,2014-01-02
30DAY_IMPVOL_90.0%MNY_DF,MSCI,ok,0,1,1,2014-01-02,2014-01-03,2014-01-02
30DAY_IMPVOL_90.0%MNY_DF,BNY,ok,0,1,1,2014-01-02,2014-01-03,2014-01-02
30DAY_IMPVOL_90.0%MNY_DF,IBKR,ok,0,1,1,2014-01-02,2014-01-03,2014-01-02
30DAY_IMPVOL_90.0%MNY_DF,UBSG,ok,0,2,13,2014-01-02,2014-01-06,2014-01-02
30DAY_IMPVOL_90.0%MNY_DF,UCG,ok,0,1,3,2014-01-02,2014-01-03,2014-01-02
30DAY_IMPVOL_90.0%MNY_DF,8316,ok,0,3,801,2014-01-02,2014-01-07,2014-01-02
30DAY_IMPVOL_90.0%MNY_DF,ADP,ok,0,1,2,2014-01-02,2014-01-03,2014-01-02
30DAY_IMPVOL_90.0%MNY_DF,HWM,ok,0,1,1,2020-04-01,2020-04-02,2020-04-01
30DAY_IMPVOL_90.0%MNY_DF,WM,ok,0,1,1,2014-01-02,2014-01-03,2014-01-02
30DAY_IMPVOL_90.0%MNY_DF,PH,ok,0,1,2,2014-01-02,2014-01-03,2014-01-02
30DAY_IMPVOL_90.0%MNY_DF,REL,ok,0,1,17,2014-01-02,2014-01-03,2014-01-02
30DAY_IMPVOL_90.0%MNY_DF,7011,ok,0,3,1224,2014-01-02,2014-01-07,2014-01-02
30DAY_IMPVOL_90.0%MNY_DF,ROP,ok,0,2,3,2014-01-02,2014-01-06,2014-01-02
30DAY_IMPVOL_90.0%MNY_DF,GILD,ok,0,1,1,2014-01-02,2014-01-03,2014-01-02
30DAY_IMPVOL_90.0%MNY_DF,PFE,ok,0,1,2,2014-01-02,2014-01-03,2014-01-02
30DAY_IMPVOL_90.0%MNY_DF,MDT,ok,0,1,1,2014-01-02,2014-01-03,2014-01-02
30DAY_IMPVOL_90.0%MNY_DF,HCA,ok,0,1,2,2014-01-02,2014-01-03,2014-01-02
30DAY_IMPVOL_90.0%MNY_DF,ZTS,ok,0,1,1,2014-01-02,2014-01-03,2014-01-02
30DAY_IMPVOL_90.0%MNY_DF,RMS,ok,0,1,5,2014-01-02,2014-01-03,2014-01-02
30DAY_IMPVOL_90.0%MNY_DF,6758,ok,0,3,712,2014-01-02,2014-01-07,2014-01-02
30DAY_IMPVOL_90.0%MNY_DF,CMG,ok,0,1,1,2014-01-02,2014-01-03,2014-01-02
30DAY_IMPVOL_90.0%MNY_DF,MAR,ok,0,1,1,2014-01-02,2014-01-03,2014-01-02
30DAY_IMPVOL_90.0%MNY_DF,GM,ok,0,1,1,2014-01-02,2014-01-03,2014-01-02
30DAY_IMPVOL_90.0%MNY_DF,GRMN,ok,0,1,1,2014-01-02,2014-01-03,2014-01-02
30DAY_IMPVOL_90.0%MNY_DF,RDDT,ok,0,3,1,2024-03-21,2024-03-26,2024-03-21
30DAY_IMPVOL_90.0%MNY_DF,LYV,ok,0,1,1,2014-01-02,2014-01-03,2014-01-02
30DAY_IMPVOL_90.0%MNY_DF,TKO,ok,0,1,1,2023-09-12,2023-09-13,2023-09-12
30DAY_IMPVOL_90.0%MNY_DF,MO,ok,0,1,1,2014-01-02,2014-01-03,2014-01-02
30DAY_IMPVOL_90.0%MNY_DF,CL,ok,0,1,1,2014-01-02,2014-01-03,2014-01-02
30DAY_IMPVOL_90.0%MNY_DF,MNST,ok,0,1,2,2014-01-02,2014-01-03,2014-01-02
30DAY_IMPVOL_90.0%MNY_DF,COP,ok,0,1,1,2014-01-02,2014-01-03,2014-01-02
30DAY_IMPVOL_90.0%MNY_DF,SLB,ok,0,1,1,2014-01-02,2014-01-03,2014-01-02
30DAY_IMPVOL_90.0%MNY_DF,APD,ok,0,1,2,2014-01-02,2014-01-03,2014-01-02
30DAY_IMPVOL_90.0%MNY_DF,4063,ok,0,3,1299,2014-01-02,2014-01-07,2014-01-02
30DAY_IMPVOL_90.0%MNY_DF,NRG,ok,0,1,1,2014-01-02,2014-01-03,2014-01-02
30DAY_IMPVOL_90.0%MNY_DF,ENEL,ok,0,1,3,2014-01-02,2014-01-03,2014-01-02
30DAY_IMPVOL_90.0%MNY_DF,WELL,ok,0,1,1,2014-01-02,2014-01-03,2014-01-02
30DAY_IMPVOL_110.0%MNY_DF,AAPL,ok,0,1,1,2014-01-02,2014-01-03,2014-01-02
30DAY_IMPVOL_110.0%MNY_DF,MSFT,ok,0,1,1,2014-01-02,2014-01-03,2014-01-02
30DAY_IMPVOL_110.0%MNY_DF,GOOGL,ok,0,1,1,2014-01-02,2014-01-03,2014-01-02
30DAY_IMPVOL_110.0%MNY_DF,AMZN,ok,0,1,1,2014-01-02,2014-01-03,2014-01-02
30DAY_IMPVOL_110.0%MNY_DF,META,ok,0,1,1,2014-01-02,2014-01-03,2014-01-02
30DAY_IMPVOL_110.0%MNY_DF,NVDA,ok,0,1,1,2014-01-02,2014-01-03,2014-01-02
30DAY_IMPVOL_110.0%MNY_DF,TSLA,ok,0,1,1,2014-01-02,2014-01-03,2014-01-02
30DAY_IMPVOL_110.0%MNY_DF,PLTR,ok,0,5,1,2020-09-30,2020-10-07,2020-09-30
30DAY_IMPVOL_110.0%MNY_DF,AVGO,ok,0,1,2,2014-01-02,2014-01-03,2014-01-02
30DAY_IMPVOL_110.0%MNY_DF,MU,ok,0,1,2,2014-01-02,2014-01-03,2014-01-02
30DAY_IMPVOL_110.0%MNY_DF,GEV,ok,0,4,1,2024-04-02,2024-04-08,2024-04-02
30DAY_IMPVOL_110.0%MNY_DF,VRT,ok,0,404,1,2018-08-01,2020-03-11,2018-08-01
30DAY_IMPVOL_110.0%MNY_DF,BE,ok,0,23,2,2018-07-25,2018-08-27,2018-07-25
30DAY_IMPVOL_110.0%MNY_DF,LITE,ok,0,8,1,2015-07-27,2015-08-06,2015-07-27
30DAY_IMPVOL_110.0%MNY_DF,000660,ok,0,222,7,2014-01-02,2014-11-18,2014-01-02
30DAY_IMPVOL_110.0%MNY_DF,005930,ok,0,1,153,2014-01-02,2014-01-03,2014-01-02
30DAY_IMPVOL_110.0%MNY_DF,UNH,ok,0,1,1,2014-01-02,2014-01-03,2014-01-02
30DAY_IMPVOL_110.0%MNY_DF,LLY,ok,0,1,1,2014-01-02,2014-01-03,2014-01-02
30DAY_IMPVOL_110.0%MNY_DF,ISRG,ok,0,1,1,2014-01-02,2014-01-03,2014-01-02
30DAY_IMPVOL_110.0%MNY_DF,ABBV,ok,0,1,1,2014-01-02,2014-01-03,2014-01-02
30DAY_IMPVOL_110.0%MNY_DF,REGN,ok,0,1,2,2014-01-02,2014-01-03,2014-01-02
30DAY_IMPVOL_110.0%MNY_DF,JPM,ok,0,1,1,2014-01-02,2014-01-03,2014-01-02
30DAY_IMPVOL_110.0%MNY_DF,V,ok,0,1,1,2014-01-02,2014-01-03,2014-01-02
30DAY_IMPVOL_110.0%MNY_DF,MA,ok,0,1,1,2014-01-02,2014-01-03,2014-01-02
30DAY_IMPVOL_110.0%MNY_DF,BLK,ok,0,1,1,2014-01-02,2014-01-03,2014-01-02
30DAY_IMPVOL_110.0%MNY_DF,SPGI,ok,0,1,2,2014-01-02,2014-01-03,2014-01-02
30DAY_IMPVOL_110.0%MNY_DF,GS,ok,0,1,1,2014-01-02,2014-01-03,2014-01-02
30DAY_IMPVOL_110.0%MNY_DF,COST,ok,0,1,2,2014-01-02,2014-01-03,2014-01-02
30DAY_IMPVOL_110.0%MNY_DF,HD,ok,0,1,1,2014-01-02,2014-01-03,2014-01-02
30DAY_IMPVOL_110.0%MNY_DF,PG,ok,0,1,1,2014-01-02,2014-01-03,2014-01-02
30DAY_IMPVOL_110.0%MNY_DF,MCD,ok,0,1,1,2014-01-02,2014-01-03,2014-01-02
30DAY_IMPVOL_110.0%MNY_DF,WMT,ok,0,1,1,2014-01-02,2014-01-03,2014-01-02
30DAY_IMPVOL_110.0%MNY_DF,CAT,ok,0,1,1,2014-01-02,2014-01-03,2014-01-02
30DAY_IMPVOL_110.0%MNY_DF,HON,ok,0,1,2,2014-01-02,2014-01-03,2014-01-02
30DAY_IMPVOL_110.0%MNY_DF,DE,ok,0,1,1,2014-01-02,2014-01-03,2014-01-02
30DAY_IMPVOL_110.0%MNY_DF,UNP,ok,0,1,1,2014-01-02,2014-01-03,2014-01-02
30DAY_IMPVOL_110.0%MNY_DF,LMT,ok,0,1,1,2014-01-02,2014-01-03,2014-01-02
30DAY_IMPVOL_110.0%MNY_DF,ETN,ok,0,1,1,2014-01-02,2014-01-03,2014-01-02
30DAY_IMPVOL_110.0%MNY_DF,XOM,ok,0,1,2,2014-01-02,2014-01-03,2014-01-02
30DAY_IMPVOL_110.0%MNY_DF,LNG,ok,0,1,1,2014-01-02,2014-01-03,2014-01-02
30DAY_IMPVOL_110.0%MNY_DF,FCX,ok,0,1,1,2014-01-02,2014-01-03,2014-01-02
30DAY_IMPVOL_110.0%MNY_DF,LIN,ok,0,1,2,2014-01-02,2014-01-03,2014-01-02
30DAY_IMPVOL_110.0%MNY_DF,NEE,ok,0,1,2,2014-01-02,2014-01-03,2014-01-02
30DAY_IMPVOL_110.0%MNY_DF,AMT,ok,0,1,2,2014-01-02,2014-01-03,2014-01-02
30DAY_IMPVOL_110.0%MNY_DF,EQIX,ok,0,1,2,2014-01-02,2014-01-03,2014-01-02
30DAY_IMPVOL_110.0%MNY_DF,TMUS,ok,0,1,2,2014-01-02,2014-01-03,2014-01-02
30DAY_IMPVOL_110.0%MNY_DF,PLD,ok,0,1,1,2014-01-02,2014-01-03,2014-01-02
30DAY_IMPVOL_110.0%MNY_DF,AMD,ok,0,1,2,2014-01-02,2014-01-03,2014-01-02
30DAY_IMPVOL_110.0%MNY_DF,CRM,ok,0,1,2,2014-01-02,2014-01-03,2014-01-02
30DAY_IMPVOL_110.0%MNY_DF,NFLX,ok,0,1,1,2014-01-02,2014-01-03,2014-01-02
30DAY_IMPVOL_110.0%MNY_DF,TER,ok,0,1,1,2014-01-02,2014-01-03,2014-01-02
30DAY_IMPVOL_110.0%MNY_DF,GLW,ok,0,1,1,2014-01-02,2014-01-03,2014-01-02
30DAY_IMPVOL_110.0%MNY_DF,JNJ,ok,0,1,1,2014-01-02,2014-01-03,2014-01-02
30DAY_IMPVOL_110.0%MNY_DF,WFC,ok,0,1,1,2014-01-02,2014-01-03,2014-01-02
30DAY_IMPVOL_110.0%MNY_DF,MPC,ok,0,1,1,2014-01-02,2014-01-03,2014-01-02
30DAY_IMPVOL_110.0%MNY_DF,LRCX,ok,0,1,1,2014-01-02,2014-01-03,2014-01-02
30DAY_IMPVOL_110.0%MNY_DF,AMAT,ok,0,1,1,2014-01-02,2014-01-03,2014-01-02
30DAY_IMPVOL_110.0%MNY_DF,PANW,ok,0,1,1,2014-01-02,2014-01-03,2014-01-02
30DAY_IMPVOL_110.0%MNY_DF,FN,ok,0,1,1,2014-01-02,2014-01-03,2014-01-02
30DAY_IMPVOL_110.0%MNY_DF,MPWR,ok,0,1,1,2014-01-02,2014-01-03,2014-01-02
30DAY_IMPVOL_110.0%MNY_DF,BAC,ok,0,1,1,2014-01-02,2014-01-03,2014-01-02
30DAY_IMPVOL_110.0%MNY_DF,CSCO,ok,0,1,1,2014-01-02,2014-01-03,2014-01-02
30DAY_IMPVOL_110.0%MNY_DF,INTC,ok,0,1,2,2014-01-02,2014-01-03,2014-01-02
30DAY_IMPVOL_110.0%MNY_DF,ORCL,ok,0,1,1,2014-01-02,2014-01-03,2014-01-02
30DAY_IMPVOL_110.0%MNY_DF,TSM,ok,0,1,1,2014-01-02,2014-01-03,2014-01-02
30DAY_IMPVOL_110.0%MNY_DF,SNDK,ok,0,6,1,2025-02-24,2025-03-04,2025-02-24
30DAY_IMPVOL_110.0%MNY_DF,KLAC,ok,0,1,1,2014-01-02,2014-01-03,2014-01-02
30DAY_IMPVOL_110.0%MNY_DF,ANET,ok,0,39,2,2014-06-06,2014-08-01,2014-06-06
30DAY_IMPVOL_110.0%MNY_DF,MRVL,ok,0,1,1,2014-01-02,2014-01-03,2014-01-02
30DAY_IMPVOL_110.0%MNY_DF,CDNS,ok,0,1,1,2014-01-02,2014-01-03,2014-01-02
30DAY_IMPVOL_110.0%MNY_DF,STX,ok,0,1,2,2014-01-02,2014-01-03,2014-01-02
30DAY_IMPVOL_110.0%MNY_DF,PWR,ok,0,1,2,2014-01-02,2014-01-03,2014-01-02
30DAY_IMPVOL_110.0%MNY_DF,BX,ok,0,1,2,2014-01-02,2014-01-03,2014-01-02
30DAY_IMPVOL_110.0%MNY_DF,TMO,ok,0,1,1,2014-01-02,2014-01-03,2014-01-02
30DAY_IMPVOL_110.0%MNY_DF,BSX,ok,0,1,1,2014-01-02,2014-01-03,2014-01-02
30DAY_IMPVOL_110.0%MNY_DF,BKNG,ok,0,1,2,2014-01-02,2014-01-03,2014-01-02
30DAY_IMPVOL_110.0%MNY_DF,PM,ok,0,1,1,2014-01-02,2014-01-03,2014-01-02
30DAY_IMPVOL_110.0%MNY_DF,WMB,ok,0,1,1,2014-01-02,2014-01-03,2014-01-02
30DAY_IMPVOL_110.0%MNY_DF,CEG,ok,0,6,1,2022-02-02,2022-02-10,2022-02-02
30DAY_IMPVOL_110.0%MNY_DF,VST,ok,0,156,20,2016-10-05,2017-05-19,2016-10-05
30DAY_IMPVOL_110.0%MNY_DF,DLR,ok,0,1,1,2014-01-02,2014-01-03,2014-01-02
30DAY_IMPVOL_110.0%MNY_DF,ARM,ok,0,3,1,2023-09-14,2023-09-19,2023-09-14
30DAY_IMPVOL_110.0%MNY_DF,SPOT,ok,0,5,1,2018-04-03,2018-04-10,2018-04-03
30DAY_IMPVOL_110.0%MNY_DF,RACE,ok,0,7,1,2015-10-21,2015-10-30,2015-10-21
30DAY_IMPVOL_110.0%MNY_DF,285A,ok,0,405,4,2024-12-18,2026-08-04,2024-12-18
30DAY_IMPVOL_110.0%MNY_DF,6857,ok,0,3,1166,2014-01-02,2014-01-07,2014-01-02
30DAY_IMPVOL_110.0%MNY_DF,SU,ok,0,1,2,2014-01-02,2014-01-03,2014-01-02
30DAY_IMPVOL_110.0%MNY_DF,SIE,ok,0,1,4,2014-01-02,2014-01-03,2014-01-02
30DAY_IMPVOL_110.0%MNY_DF,RHM,ok,0,1,3,2014-01-02,2014-01-03,2014-01-02
30DAY_IMPVOL_110.0%MNY_DF,ALV,ok,0,1,3,2014-01-02,2014-01-03,2014-01-02
30DAY_IMPVOL_110.0%MNY_DF,MC,ok,0,1,2,2014-01-02,2014-01-03,2014-01-02
30DAY_IMPVOL_110.0%MNY_DF,NESN,ok,0,2,3,2014-01-02,2014-01-06,2014-01-02
30DAY_IMPVOL_110.0%MNY_DF,RR/,ok,0,1,4,2014-01-02,2014-01-03,2014-01-02
30DAY_IMPVOL_110.0%MNY_DF,SAP,ok,0,1,3,2014-01-02,2014-01-03,2014-01-02
30DAY_IMPVOL_110.0%MNY_DF,ASML,ok,0,1,3,2014-01-02,2014-01-03,2014-01-02
30DAY_IMPVOL_110.0%MNY_DF,AZN,ok,0,1,3,2014-01-02,2014-01-03,2014-01-02
30DAY_IMPVOL_110.0%MNY_DF,SHEL,ok,0,1,3,2014-01-02,2014-01-03,2014-01-02
30DAY_IMPVOL_110.0%MNY_DF,HSBA,ok,0,1,3,2014-01-02,2014-01-03,2014-01-02
30DAY_IMPVOL_110.0%MNY_DF,NOVOB,ok,0,1,3,2014-01-02,2014-01-03,2014-01-02
30DAY_IMPVOL_110.0%MNY_DF,RIO,ok,0,1,3,2014-01-02,2014-01-03,2014-01-02
30DAY_IMPVOL_110.0%MNY_DF,QCOM,ok,0,1,1,2014-01-02,2014-01-03,2014-01-02
30DAY_IMPVOL_110.0%MNY_DF,TXN,ok,0,1,1,2014-01-02,2014-01-03,2014-01-02
30DAY_IMPVOL_110.0%MNY_DF,ADBE,ok,0,1,1,2014-01-02,2014-01-03,2014-01-02
30DAY_IMPVOL_110.0%MNY_DF,NOW,ok,0,1,1,2014-01-02,2014-01-03,2014-01-02
30DAY_IMPVOL_110.0%MNY_DF,ACN,ok,0,1,1,2014-01-02,2014-01-03,2014-01-02
30DAY_IMPVOL_110.0%MNY_DF,IBM,ok,0,1,2,2014-01-02,2014-01-03,2014-01-02
30DAY_IMPVOL_110.0%MNY_DF,ADI,ok,0,1,1,2014-01-02,2014-01-03,2014-01-02
30DAY_IMPVOL_110.0%MNY_DF,DELL,ok,0,2,2,2018-12-28,2019-01-02,2018-12-28
30DAY_IMPVOL_110.0%MNY_DF,8035,ok,0,3,1315,2014-01-02,2014-01-07,2014-01-02
30DAY_IMPVOL_110.0%MNY_DF,IFX,ok,0,1,3,2014-01-02,2014-01-03,2014-01-02
30DAY_IMPVOL_110.0%MNY_DF,MS,ok,0,1,1,2014-01-02,2014-01-03,2014-01-02
30DAY_IMPVOL_110.0%MNY_DF,SCHW,ok,0,1,1,2014-01-02,2014-01-03,2014-01-02
30DAY_IMPVOL_110.0%MNY_DF,AXP,ok,0,1,1,2014-01-02,2014-01-03,2014-01-02
30DAY_IMPVOL_110.0%MNY_DF,PGR,ok,0,1,1,2014-01-02,2014-01-03,2014-01-02
30DAY_IMPVOL_110.0%MNY_DF,AON,ok,0,1,1,2014-01-02,2014-01-03,2014-01-02
30DAY_IMPVOL_110.0%MNY_DF,CME,ok,0,1,1,2014-01-02,2014-01-03,2014-01-02
30DAY_IMPVOL_110.0%MNY_DF,KKR,ok,0,1,1,2014-01-02,2014-01-03,2014-01-02
30DAY_IMPVOL_110.0%MNY_DF,BN,ok,0,17,1,2022-12-12,2023-01-06,2022-12-12
30DAY_IMPVOL_110.0%MNY_DF,C,ok,0,1,1,2014-01-02,2014-01-03,2014-01-02
30DAY_IMPVOL_110.0%MNY_DF,LSEG,ok,0,1,44,2014-01-02,2014-01-03,2014-01-02
30DAY_IMPVOL_110.0%MNY_DF,ZURN,ok,0,2,3,2014-01-02,2014-01-06,2014-01-02
30DAY_IMPVOL_110.0%MNY_DF,CS,ok,0,1,2,2014-01-02,2014-01-03,2014-01-02
30DAY_IMPVOL_110.0%MNY_DF,8306,ok,0,3,240,2014-01-02,2014-01-07,2014-01-02
30DAY_IMPVOL_110.0%MNY_DF,DIS,ok,0,1,1,2014-01-02,2014-01-03,2014-01-02
30DAY_IMPVOL_110.0%MNY_DF,CMCSA,ok,0,1,2,2014-01-02,2014-01-03,2014-01-02
30DAY_IMPVOL_110.0%MNY_DF,VZ,ok,0,1,1,2014-01-02,2014-01-03,2014-01-02
30DAY_IMPVOL_110.0%MNY_DF,T,ok,0,1,2,2014-01-02,2014-01-03,2014-01-02
30DAY_IMPVOL_110.0%MNY_DF,TTWO,ok,0,1,1,2014-01-02,2014-01-03,2014-01-02
30DAY_IMPVOL_110.0%MNY_DF,PUB,ok,0,1,2,2014-01-02,2014-01-03,2014-01-02
30DAY_IMPVOL_110.0%MNY_DF,7974,ok,0,3,377,2014-01-02,2014-01-07,2014-01-02
30DAY_IMPVOL_110.0%MNY_DF,DTE,ok,0,1,3,2014-01-02,2014-01-03,2014-01-02
30DAY_IMPVOL_110.0%MNY_DF,UMG,ok,0,3,4,2021-09-21,2021-09-24,2021-09-21
30DAY_IMPVOL_110.0%MNY_DF,LOW,ok,0,1,1,2014-01-02,2014-01-03,2014-01-02
30DAY_IMPVOL_110.0%MNY_DF,TJX,ok,0,1,1,2014-01-02,2014-01-03,2014-01-02
30DAY_IMPVOL_110.0%MNY_DF,SBUX,ok,0,1,1,2014-01-02,2014-01-03,2014-01-02
30DAY_IMPVOL_110.0%MNY_DF,ABNB,ok,0,5,1,2020-12-10,2020-12-17,2020-12-10
30DAY_IMPVOL_110.0%MNY_DF,7203,ok,0,3,880,2014-01-02,2014-01-07,2014-01-02
30DAY_IMPVOL_110.0%MNY_DF,ITX,ok,0,1,5,2014-01-02,2014-01-03,2014-01-02
30DAY_IMPVOL_110.0%MNY_DF,ABT,ok,0,1,1,2014-01-02,2014-01-03,2014-01-02
30DAY_IMPVOL_110.0%MNY_DF,DHR,ok,0,1,2,2014-01-02,2014-01-03,2014-01-02
30DAY_IMPVOL_110.0%MNY_DF,VRTX,ok,0,1,2,2014-01-02,2014-01-03,2014-01-02
30DAY_IMPVOL_110.0%MNY_DF,SAN,ok,0,1,6,2014-01-02,2014-01-03,2014-01-02
30DAY_IMPVOL_110.0%MNY_DF,GE,ok,0,1,1,2024-04-02,2024-04-03,2024-04-02
30DAY_IMPVOL_110.0%MNY_DF,TT,ok,0,1,1,2020-03-02,2020-03-03,2020-03-02
30DAY_IMPVOL_110.0%MNY_DF,ABBN,ok,0,2,3,2014-01-02,2014-01-06,2014-01-02
30DAY_IMPVOL_110.0%MNY_DF,KO,ok,0,1,1,2014-01-02,2014-01-03,2014-01-02
30DAY_IMPVOL_110.0%MNY_DF,ULVR,ok,0,1,3,2014-01-02,2014-01-03,2014-01-02
30DAY_IMPVOL_110.0%MNY_DF,ECL,ok,0,1,1,2014-01-02,2014-01-03,2014-01-02
30DAY_IMPVOL_110.0%MNY_DF,AI,ok,0,1,2,2014-01-02,2014-01-03,2014-01-02
30DAY_IMPVOL_110.0%MNY_DF,IBE,ok,0,1,3,2014-01-02,2014-01-03,2014-01-02
30DAY_IMPVOL_110.0%MNY_DF,INTU,ok,0,1,2,2014-01-02,2014-01-03,2014-01-02
30DAY_IMPVOL_110.0%MNY_DF,SNPS,ok,0,1,2,2014-01-02,2014-01-03,2014-01-02
30DAY_IMPVOL_110.0%MNY_DF,APH,ok,0,1,1,2014-01-02,2014-01-03,2014-01-02
30DAY_IMPVOL_110.0%MNY_DF,MSI,ok,0,1,1,2014-01-02,2014-01-03,2014-01-02
30DAY_IMPVOL_110.0%MNY_DF,CRWD,ok,0,5,1,2019-06-12,2019-06-19,2019-06-12
30DAY_IMPVOL_110.0%MNY_DF,NXPI,ok,0,1,2,2014-01-02,2014-01-03,2014-01-02
30DAY_IMPVOL_110.0%MNY_DF,KEYS,ok,0,10,1,2014-10-21,2014-11-04,2014-10-21
30DAY_IMPVOL_110.0%MNY_DF,ADSK,ok,0,1,1,2014-01-02,2014-01-03,2014-01-02
30DAY_IMPVOL_110.0%MNY_DF,WDAY,ok,0,1,1,2014-01-02,2014-01-03,2014-01-02
30DAY_IMPVOL_110.0%MNY_DF,WDC,ok,0,1,1,2025-02-24,2025-02-25,2025-02-24
30DAY_IMPVOL_110.0%MNY_DF,DDOG,ok,0,10,2,2019-09-19,2019-10-03,2019-09-19
30DAY_IMPVOL_110.0%MNY_DF,FTNT,ok,0,1,1,2014-01-02,2014-01-03,2014-01-02
30DAY_IMPVOL_110.0%MNY_DF,DSY,ok,0,1,29,2014-01-02,2014-01-03,2014-01-02
30DAY_IMPVOL_110.0%MNY_DF,6146,ok,0,2934,4,2014-01-02,2025-09-03,2014-01-02
30DAY_IMPVOL_110.0%MNY_DF,6981,ok,0,3,2062,2014-01-02,2014-01-07,2014-01-02
30DAY_IMPVOL_110.0%MNY_DF,BRK/B,ok,0,1,1,2014-01-02,2014-01-03,2014-01-02
30DAY_IMPVOL_110.0%MNY_DF,CB,ok,0,1,1,2014-01-02,2014-01-03,2014-01-02
30DAY_IMPVOL_110.0%MNY_DF,ICE,ok,0,1,1,2014-01-02,2014-01-03,2014-01-02
30DAY_IMPVOL_110.0%MNY_DF,MCO,ok,0,1,1,2014-01-02,2014-01-03,2014-01-02
30DAY_IMPVOL_110.0%MNY_DF,PYPL,ok,0,10,1,2015-07-07,2015-07-21,2015-07-07
30DAY_IMPVOL_110.0%MNY_DF,COF,ok,0,1,2,2025-05-19,2025-05-20,2025-05-19
30DAY_IMPVOL_110.0%MNY_DF,BNP,ok,0,1,2,2014-01-02,2014-01-03,2014-01-02
30DAY_IMPVOL_110.0%MNY_DF,MUV2,ok,0,1,3,2014-01-02,2014-01-03,2014-01-02
30DAY_IMPVOL_110.0%MNY_DF,RTX,ok,0,1,2,2014-01-02,2014-01-03,2014-01-02
30DAY_IMPVOL_110.0%MNY_DF,EMR,ok,0,1,1,2014-01-02,2014-01-03,2014-01-02
30DAY_IMPVOL_110.0%MNY_DF,AXON,ok,0,1,2,2014-01-02,2014-01-03,2014-01-02
30DAY_IMPVOL_110.0%MNY_DF,UBER,ok,0,5,1,2019-05-10,2019-05-17,2019-05-10
30DAY_IMPVOL_110.0%MNY_DF,AIR,ok,0,1,2,2014-01-02,2014-01-03,2014-01-02
30DAY_IMPVOL_110.0%MNY_DF,SAF,ok,0,1,2,2014-01-02,2014-01-03,2014-01-02
30DAY_IMPVOL_110.0%MNY_DF,MRK,ok,0,1,2,2014-01-02,2014-01-03,2014-01-02
30DAY_IMPVOL_110.0%MNY_DF,AMGN,ok,0,1,2,2014-01-02,2014-01-03,2014-01-02
30DAY_IMPVOL_110.0%MNY_DF,SYK,ok,0,1,2,2014-01-02,2014-01-03,2014-01-02
30DAY_IMPVOL_110.0%MNY_DF,MCK,ok,0,1,1,2014-01-02,2014-01-03,2014-01-02
30DAY_IMPVOL_110.0%MNY_DF,NOVN,ok,0,2,7,2014-01-02,2014-01-06,2014-01-02
30DAY_IMPVOL_110.0%MNY_DF,NKE,ok,0,1,1,2014-01-02,2014-01-03,2014-01-02
30DAY_IMPVOL_110.0%MNY_DF,ORLY,ok,0,1,1,2014-01-02,2014-01-03,2014-01-02
30DAY_IMPVOL_110.0%MNY_DF,DASH,ok,0,5,1,2020-12-09,2020-12-16,2020-12-09
30DAY_IMPVOL_110.0%MNY_DF,CFR,ok,0,2,3,2014-01-02,2014-01-06,2014-01-02
30DAY_IMPVOL_110.0%MNY_DF,TTD,ok,0,142,1,2016-09-21,2017-04-17,2016-09-21
30DAY_IMPVOL_110.0%MNY_DF,RBLX,ok,0,5,1,2021-03-10,2021-03-17,2021-03-10
30DAY_IMPVOL_110.0%MNY_DF,9432,ok,0,3,1457,2014-01-02,2014-01-07,2014-01-02
30DAY_IMPVOL_110.0%MNY_DF,9433,ok,0,3,812,2014-01-02,2014-01-07,2014-01-02
30DAY_IMPVOL_110.0%MNY_DF,PEP,ok,0,1,1,2014-01-02,2014-01-03,2014-01-02
30DAY_IMPVOL_110.0%MNY_DF,MDLZ,ok,0,1,1,2014-01-02,2014-01-03,2014-01-02
30DAY_IMPVOL_110.0%MNY_DF,OR,ok,0,1,2,2014-01-02,2014-01-03,2014-01-02
30DAY_IMPVOL_110.0%MNY_DF,CVX,ok,0,1,1,2014-01-02,2014-01-03,2014-01-02
30DAY_IMPVOL_110.0%MNY_DF,TTE,ok,0,1,2,2014-01-02,2014-01-03,2014-01-02
30DAY_IMPVOL_110.0%MNY_DF,NEM,ok,0,1,2,2014-01-02,2014-01-03,2014-01-02
30DAY_IMPVOL_110.0%MNY_DF,SHW,ok,0,1,1,2014-01-02,2014-01-03,2014-01-02
30DAY_IMPVOL_110.0%MNY_DF,SO,ok,0,1,1,2014-01-02,2014-01-03,2014-01-02
30DAY_IMPVOL_110.0%MNY_DF,APP,ok,0,5,1,2021-04-15,2021-04-22,2021-04-15
30DAY_IMPVOL_110.0%MNY_DF,SNOW,ok,0,5,1,2020-09-16,2020-09-23,2020-09-16
30DAY_IMPVOL_110.0%MNY_DF,NET,ok,0,8,1,2019-09-13,2019-09-25,2019-09-13
30DAY_IMPVOL_110.0%MNY_DF,ZS,ok,0,6,1,2018-03-16,2018-03-26,2018-03-16
30DAY_IMPVOL_110.0%MNY_DF,TEAM,ok,0,7,2,2015-12-10,2015-12-21,2015-12-10
30DAY_IMPVOL_110.0%MNY_DF,COHR,ok,0,1,1,2014-01-02,2014-01-03,2014-01-02
30DAY_IMPVOL_110.0%MNY_DF,ON,ok,0,1,1,2014-01-02,2014-01-03,2014-01-02
30DAY_IMPVOL_110.0%MNY_DF,FICO,ok,0,1,1,2014-01-02,2014-01-03,2014-01-02
30DAY_IMPVOL_110.0%MNY_DF,HPE,ok,0,10,2,2015-10-20,2015-11-03,2015-10-20
30DAY_IMPVOL_110.0%MNY_DF,VRSN,ok,0,1,1,2014-01-02,2014-01-03,2014-01-02
30DAY_IMPVOL_110.0%MNY_DF,ASM,ok,0,1,2,2014-01-02,2014-01-03,2014-01-02
30DAY_IMPVOL_110.0%MNY_DF,MRSH,ok,0,1,1,2014-01-02,2014-01-03,2014-01-02
30DAY_IMPVOL_110.0%MNY_DF,APO,ok,0,1,1,2014-01-02,2014-01-03,2014-01-02
30DAY_IMPVOL_110.0%MNY_DF,MSCI,ok,0,1,1,2014-01-02,2014-01-03,2014-01-02
30DAY_IMPVOL_110.0%MNY_DF,BNY,ok,0,1,1,2014-01-02,2014-01-03,2014-01-02
30DAY_IMPVOL_110.0%MNY_DF,IBKR,ok,0,1,2,2014-01-02,2014-01-03,2014-01-02
30DAY_IMPVOL_110.0%MNY_DF,UBSG,ok,0,2,13,2014-01-02,2014-01-06,2014-01-02
30DAY_IMPVOL_110.0%MNY_DF,UCG,ok,0,1,3,2014-01-02,2014-01-03,2014-01-02
30DAY_IMPVOL_110.0%MNY_DF,8316,ok,0,3,801,2014-01-02,2014-01-07,2014-01-02
30DAY_IMPVOL_110.0%MNY_DF,ADP,ok,0,1,2,2014-01-02,2014-01-03,2014-01-02
30DAY_IMPVOL_110.0%MNY_DF,HWM,ok,0,1,1,2020-04-01,2020-04-02,2020-04-01
30DAY_IMPVOL_110.0%MNY_DF,WM,ok,0,1,1,2014-01-02,2014-01-03,2014-01-02
30DAY_IMPVOL_110.0%MNY_DF,PH,ok,0,1,1,2014-01-02,2014-01-03,2014-01-02
30DAY_IMPVOL_110.0%MNY_DF,REL,ok,0,1,17,2014-01-02,2014-01-03,2014-01-02
30DAY_IMPVOL_110.0%MNY_DF,7011,ok,0,3,1224,2014-01-02,2014-01-07,2014-01-02
30DAY_IMPVOL_110.0%MNY_DF,ROP,ok,0,2,3,2014-01-02,2014-01-06,2014-01-02
30DAY_IMPVOL_110.0%MNY_DF,GILD,ok,0,1,1,2014-01-02,2014-01-03,2014-01-02
30DAY_IMPVOL_110.0%MNY_DF,PFE,ok,0,1,2,2014-01-02,2014-01-03,2014-01-02
30DAY_IMPVOL_110.0%MNY_DF,MDT,ok,0,1,1,2014-01-02,2014-01-03,2014-01-02
30DAY_IMPVOL_110.0%MNY_DF,HCA,ok,0,1,2,2014-01-02,2014-01-03,2014-01-02
30DAY_IMPVOL_110.0%MNY_DF,ZTS,ok,0,1,1,2014-01-02,2014-01-03,2014-01-02
30DAY_IMPVOL_110.0%MNY_DF,RMS,ok,0,1,5,2014-01-02,2014-01-03,2014-01-02
30DAY_IMPVOL_110.0%MNY_DF,6758,ok,0,3,712,2014-01-02,2014-01-07,2014-01-02
30DAY_IMPVOL_110.0%MNY_DF,CMG,ok,0,1,1,2014-01-02,2014-01-03,2014-01-02
30DAY_IMPVOL_110.0%MNY_DF,MAR,ok,0,1,1,2014-01-02,2014-01-03,2014-01-02
30DAY_IMPVOL_110.0%MNY_DF,GM,ok,0,1,1,2014-01-02,2014-01-03,2014-01-02
30DAY_IMPVOL_110.0%MNY_DF,GRMN,ok,0,1,1,2014-01-02,2014-01-03,2014-01-02
30DAY_IMPVOL_110.0%MNY_DF,RDDT,ok,0,3,1,2024-03-21,2024-03-26,2024-03-21
30DAY_IMPVOL_110.0%MNY_DF,LYV,ok,0,1,1,2014-01-02,2014-01-03,2014-01-02
30DAY_IMPVOL_110.0%MNY_DF,TKO,ok,0,1,1,2023-09-12,2023-09-13,2023-09-12
30DAY_IMPVOL_110.0%MNY_DF,MO,ok,0,1,1,2014-01-02,2014-01-03,2014-01-02
30DAY_IMPVOL_110.0%MNY_DF,CL,ok,0,1,1,2014-01-02,2014-01-03,2014-01-02
30DAY_IMPVOL_110.0%MNY_DF,MNST,ok,0,1,2,2014-01-02,2014-01-03,2014-01-02
30DAY_IMPVOL_110.0%MNY_DF,COP,ok,0,1,1,2014-01-02,2014-01-03,2014-01-02
30DAY_IMPVOL_110.0%MNY_DF,SLB,ok,0,1,1,2014-01-02,2014-01-03,2014-01-02
30DAY_IMPVOL_110.0%MNY_DF,APD,ok,0,1,2,2014-01-02,2014-01-03,2014-01-02
30DAY_IMPVOL_110.0%MNY_DF,4063,ok,0,3,1299,2014-01-02,2014-01-07,2014-01-02
30DAY_IMPVOL_110.0%MNY_DF,NRG,ok,0,1,1,2014-01-02,2014-01-03,2014-01-02
30DAY_IMPVOL_110.0%MNY_DF,ENEL,ok,0,1,3,2014-01-02,2014-01-03,2014-01-02
30DAY_IMPVOL_110.0%MNY_DF,WELL,ok,0,1,1,2014-01-02,2014-01-03,2014-01-02
3MTH_IMPVOL_100.0%MNY_DF,AAPL,ok,0,1,1,2014-01-02,2014-01-03,2014-01-02
3MTH_IMPVOL_100.0%MNY_DF,MSFT,ok,0,1,1,2014-01-02,2014-01-03,2014-01-02
3MTH_IMPVOL_100.0%MNY_DF,GOOGL,ok,0,1,2,2014-01-02,2014-01-03,2014-01-02
3MTH_IMPVOL_100.0%MNY_DF,AMZN,ok,0,1,1,2014-01-02,2014-01-03,2014-01-02
3MTH_IMPVOL_100.0%MNY_DF,META,ok,0,1,2,2014-01-02,2014-01-03,2014-01-02
3MTH_IMPVOL_100.0%MNY_DF,NVDA,ok,0,1,1,2014-01-02,2014-01-03,2014-01-02
3MTH_IMPVOL_100.0%MNY_DF,TSLA,ok,0,1,1,2014-01-02,2014-01-03,2014-01-02
3MTH_IMPVOL_100.0%MNY_DF,PLTR,ok,0,5,1,2020-09-30,2020-10-07,2020-09-30
3MTH_IMPVOL_100.0%MNY_DF,AVGO,ok,0,1,2,2014-01-02,2014-01-03,2014-01-02
3MTH_IMPVOL_100.0%MNY_DF,MU,ok,0,1,2,2014-01-02,2014-01-03,2014-01-02
3MTH_IMPVOL_100.0%MNY_DF,GEV,ok,0,4,1,2024-04-02,2024-04-08,2024-04-02
3MTH_IMPVOL_100.0%MNY_DF,VRT,ok,0,404,1,2018-08-01,2020-03-11,2018-08-01
3MTH_IMPVOL_100.0%MNY_DF,BE,ok,0,23,2,2018-07-25,2018-08-27,2018-07-25
3MTH_IMPVOL_100.0%MNY_DF,LITE,ok,0,8,1,2015-07-27,2015-08-06,2015-07-27
3MTH_IMPVOL_100.0%MNY_DF,000660,ok,0,222,7,2014-01-02,2014-11-18,2014-01-02
3MTH_IMPVOL_100.0%MNY_DF,005930,ok,0,1,153,2014-01-02,2014-01-03,2014-01-02
3MTH_IMPVOL_100.0%MNY_DF,UNH,ok,0,1,1,2014-01-02,2014-01-03,2014-01-02
3MTH_IMPVOL_100.0%MNY_DF,LLY,ok,0,1,2,2014-01-02,2014-01-03,2014-01-02
3MTH_IMPVOL_100.0%MNY_DF,ISRG,ok,0,1,1,2014-01-02,2014-01-03,2014-01-02
3MTH_IMPVOL_100.0%MNY_DF,ABBV,ok,0,1,2,2014-01-02,2014-01-03,2014-01-02
3MTH_IMPVOL_100.0%MNY_DF,REGN,ok,0,1,2,2014-01-02,2014-01-03,2014-01-02
3MTH_IMPVOL_100.0%MNY_DF,JPM,ok,0,1,1,2014-01-02,2014-01-03,2014-01-02
3MTH_IMPVOL_100.0%MNY_DF,V,ok,0,1,1,2014-01-02,2014-01-03,2014-01-02
3MTH_IMPVOL_100.0%MNY_DF,MA,ok,0,1,1,2014-01-02,2014-01-03,2014-01-02
3MTH_IMPVOL_100.0%MNY_DF,BLK,ok,0,1,1,2014-01-02,2014-01-03,2014-01-02
3MTH_IMPVOL_100.0%MNY_DF,SPGI,ok,0,1,2,2014-01-02,2014-01-03,2014-01-02
3MTH_IMPVOL_100.0%MNY_DF,GS,ok,0,1,1,2014-01-02,2014-01-03,2014-01-02
3MTH_IMPVOL_100.0%MNY_DF,COST,ok,0,1,2,2014-01-02,2014-01-03,2014-01-02
3MTH_IMPVOL_100.0%MNY_DF,HD,ok,0,1,1,2014-01-02,2014-01-03,2014-01-02
3MTH_IMPVOL_100.0%MNY_DF,PG,ok,0,1,2,2014-01-02,2014-01-03,2014-01-02
3MTH_IMPVOL_100.0%MNY_DF,MCD,ok,0,1,1,2014-01-02,2014-01-03,2014-01-02
3MTH_IMPVOL_100.0%MNY_DF,WMT,ok,0,1,2,2014-01-02,2014-01-03,2014-01-02
3MTH_IMPVOL_100.0%MNY_DF,CAT,ok,0,1,2,2014-01-02,2014-01-03,2014-01-02
3MTH_IMPVOL_100.0%MNY_DF,HON,ok,0,1,2,2014-01-02,2014-01-03,2014-01-02
3MTH_IMPVOL_100.0%MNY_DF,DE,ok,0,1,2,2014-01-02,2014-01-03,2014-01-02
3MTH_IMPVOL_100.0%MNY_DF,UNP,ok,0,1,1,2014-01-02,2014-01-03,2014-01-02
3MTH_IMPVOL_100.0%MNY_DF,LMT,ok,0,1,1,2014-01-02,2014-01-03,2014-01-02
3MTH_IMPVOL_100.0%MNY_DF,ETN,ok,0,1,1,2014-01-02,2014-01-03,2014-01-02
3MTH_IMPVOL_100.0%MNY_DF,XOM,ok,0,1,2,2014-01-02,2014-01-03,2014-01-02
3MTH_IMPVOL_100.0%MNY_DF,LNG,ok,0,1,1,2014-01-02,2014-01-03,2014-01-02
3MTH_IMPVOL_100.0%MNY_DF,FCX,ok,0,1,2,2014-01-02,2014-01-03,2014-01-02
3MTH_IMPVOL_100.0%MNY_DF,LIN,ok,0,1,2,2014-01-02,2014-01-03,2014-01-02
3MTH_IMPVOL_100.0%MNY_DF,NEE,ok,0,1,2,2014-01-02,2014-01-03,2014-01-02
3MTH_IMPVOL_100.0%MNY_DF,AMT,ok,0,1,1,2014-01-02,2014-01-03,2014-01-02
3MTH_IMPVOL_100.0%MNY_DF,EQIX,ok,0,1,2,2014-01-02,2014-01-03,2014-01-02
3MTH_IMPVOL_100.0%MNY_DF,TMUS,ok,0,1,2,2014-01-02,2014-01-03,2014-01-02
3MTH_IMPVOL_100.0%MNY_DF,PLD,ok,0,1,2,2014-01-02,2014-01-03,2014-01-02
3MTH_IMPVOL_100.0%MNY_DF,AMD,ok,0,1,2,2014-01-02,2014-01-03,2014-01-02
3MTH_IMPVOL_100.0%MNY_DF,CRM,ok,0,1,2,2014-01-02,2014-01-03,2014-01-02
3MTH_IMPVOL_100.0%MNY_DF,NFLX,ok,0,1,1,2014-01-02,2014-01-03,2014-01-02
3MTH_IMPVOL_100.0%MNY_DF,TER,ok,0,1,2,2014-01-02,2014-01-03,2014-01-02
3MTH_IMPVOL_100.0%MNY_DF,GLW,ok,0,1,1,2014-01-02,2014-01-03,2014-01-02
3MTH_IMPVOL_100.0%MNY_DF,JNJ,ok,0,1,1,2014-01-02,2014-01-03,2014-01-02
3MTH_IMPVOL_100.0%MNY_DF,WFC,ok,0,1,1,2014-01-02,2014-01-03,2014-01-02
3MTH_IMPVOL_100.0%MNY_DF,MPC,ok,0,1,1,2014-01-02,2014-01-03,2014-01-02
3MTH_IMPVOL_100.0%MNY_DF,LRCX,ok,0,1,1,2014-01-02,2014-01-03,2014-01-02
3MTH_IMPVOL_100.0%MNY_DF,AMAT,ok,0,1,1,2014-01-02,2014-01-03,2014-01-02
3MTH_IMPVOL_100.0%MNY_DF,PANW,ok,0,1,1,2014-01-02,2014-01-03,2014-01-02
3MTH_IMPVOL_100.0%MNY_DF,FN,ok,0,1,1,2014-01-02,2014-01-03,2014-01-02
3MTH_IMPVOL_100.0%MNY_DF,MPWR,ok,0,1,1,2014-01-02,2014-01-03,2014-01-02
3MTH_IMPVOL_100.0%MNY_DF,BAC,ok,0,1,1,2014-01-02,2014-01-03,2014-01-02
3MTH_IMPVOL_100.0%MNY_DF,CSCO,ok,0,1,1,2014-01-02,2014-01-03,2014-01-02
3MTH_IMPVOL_100.0%MNY_DF,INTC,ok,0,1,2,2014-01-02,2014-01-03,2014-01-02
3MTH_IMPVOL_100.0%MNY_DF,ORCL,ok,0,1,1,2014-01-02,2014-01-03,2014-01-02
3MTH_IMPVOL_100.0%MNY_DF,TSM,ok,0,1,1,2014-01-02,2014-01-03,2014-01-02
3MTH_IMPVOL_100.0%MNY_DF,SNDK,ok,0,6,1,2025-02-24,2025-03-04,2025-02-24
3MTH_IMPVOL_100.0%MNY_DF,KLAC,ok,0,1,1,2014-01-02,2014-01-03,2014-01-02
3MTH_IMPVOL_100.0%MNY_DF,ANET,ok,0,39,2,2014-06-06,2014-08-01,2014-06-06
3MTH_IMPVOL_100.0%MNY_DF,MRVL,ok,0,1,1,2014-01-02,2014-01-03,2014-01-02
3MTH_IMPVOL_100.0%MNY_DF,CDNS,ok,0,1,1,2014-01-02,2014-01-03,2014-01-02
3MTH_IMPVOL_100.0%MNY_DF,STX,ok,0,1,2,2014-01-02,2014-01-03,2014-01-02
3MTH_IMPVOL_100.0%MNY_DF,PWR,ok,0,1,1,2014-01-02,2014-01-03,2014-01-02
3MTH_IMPVOL_100.0%MNY_DF,BX,ok,0,1,2,2014-01-02,2014-01-03,2014-01-02
3MTH_IMPVOL_100.0%MNY_DF,TMO,ok,0,1,1,2014-01-02,2014-01-03,2014-01-02
3MTH_IMPVOL_100.0%MNY_DF,BSX,ok,0,1,1,2014-01-02,2014-01-03,2014-01-02
3MTH_IMPVOL_100.0%MNY_DF,BKNG,ok,0,1,2,2014-01-02,2014-01-03,2014-01-02
3MTH_IMPVOL_100.0%MNY_DF,PM,ok,0,1,1,2014-01-02,2014-01-03,2014-01-02
3MTH_IMPVOL_100.0%MNY_DF,WMB,ok,0,1,1,2014-01-02,2014-01-03,2014-01-02
3MTH_IMPVOL_100.0%MNY_DF,CEG,ok,0,6,1,2022-02-02,2022-02-10,2022-02-02
3MTH_IMPVOL_100.0%MNY_DF,VST,ok,0,156,20,2016-10-05,2017-05-19,2016-10-05
3MTH_IMPVOL_100.0%MNY_DF,DLR,ok,0,1,1,2014-01-02,2014-01-03,2014-01-02
3MTH_IMPVOL_100.0%MNY_DF,ARM,ok,0,3,1,2023-09-14,2023-09-19,2023-09-14
3MTH_IMPVOL_100.0%MNY_DF,SPOT,ok,0,5,1,2018-04-03,2018-04-10,2018-04-03
3MTH_IMPVOL_100.0%MNY_DF,RACE,ok,0,7,1,2015-10-21,2015-10-30,2015-10-21
3MTH_IMPVOL_100.0%MNY_DF,285A,ok,0,405,4,2024-12-18,2026-08-04,2024-12-18
3MTH_IMPVOL_100.0%MNY_DF,6857,ok,0,3,1166,2014-01-02,2014-01-07,2014-01-02
3MTH_IMPVOL_100.0%MNY_DF,SU,ok,0,1,2,2014-01-02,2014-01-03,2014-01-02
3MTH_IMPVOL_100.0%MNY_DF,SIE,ok,0,1,4,2014-01-02,2014-01-03,2014-01-02
3MTH_IMPVOL_100.0%MNY_DF,RHM,ok,0,1,3,2014-01-02,2014-01-03,2014-01-02
3MTH_IMPVOL_100.0%MNY_DF,ALV,ok,0,1,3,2014-01-02,2014-01-03,2014-01-02
3MTH_IMPVOL_100.0%MNY_DF,MC,ok,0,1,2,2014-01-02,2014-01-03,2014-01-02
3MTH_IMPVOL_100.0%MNY_DF,NESN,ok,0,2,3,2014-01-02,2014-01-06,2014-01-02
3MTH_IMPVOL_100.0%MNY_DF,RR/,ok,0,1,4,2014-01-02,2014-01-03,2014-01-02
3MTH_IMPVOL_100.0%MNY_DF,SAP,ok,0,1,3,2014-01-02,2014-01-03,2014-01-02
3MTH_IMPVOL_100.0%MNY_DF,ASML,ok,0,1,3,2014-01-02,2014-01-03,2014-01-02
3MTH_IMPVOL_100.0%MNY_DF,AZN,ok,0,1,3,2014-01-02,2014-01-03,2014-01-02
3MTH_IMPVOL_100.0%MNY_DF,SHEL,ok,0,1,3,2014-01-02,2014-01-03,2014-01-02
3MTH_IMPVOL_100.0%MNY_DF,HSBA,ok,0,1,3,2014-01-02,2014-01-03,2014-01-02
3MTH_IMPVOL_100.0%MNY_DF,NOVOB,ok,0,1,3,2014-01-02,2014-01-03,2014-01-02
3MTH_IMPVOL_100.0%MNY_DF,RIO,ok,0,1,3,2014-01-02,2014-01-03,2014-01-02
3MTH_IMPVOL_100.0%MNY_DF,QCOM,ok,0,1,1,2014-01-02,2014-01-03,2014-01-02
3MTH_IMPVOL_100.0%MNY_DF,TXN,ok,0,1,1,2014-01-02,2014-01-03,2014-01-02
3MTH_IMPVOL_100.0%MNY_DF,ADBE,ok,0,1,1,2014-01-02,2014-01-03,2014-01-02
3MTH_IMPVOL_100.0%MNY_DF,NOW,ok,0,1,1,2014-01-02,2014-01-03,2014-01-02
3MTH_IMPVOL_100.0%MNY_DF,ACN,ok,0,1,1,2014-01-02,2014-01-03,2014-01-02
3MTH_IMPVOL_100.0%MNY_DF,IBM,ok,0,1,2,2014-01-02,2014-01-03,2014-01-02
3MTH_IMPVOL_100.0%MNY_DF,ADI,ok,0,1,1,2014-01-02,2014-01-03,2014-01-02
3MTH_IMPVOL_100.0%MNY_DF,DELL,ok,0,2,2,2018-12-28,2019-01-02,2018-12-28
3MTH_IMPVOL_100.0%MNY_DF,8035,ok,0,3,1315,2014-01-02,2014-01-07,2014-01-02
3MTH_IMPVOL_100.0%MNY_DF,IFX,ok,0,1,3,2014-01-02,2014-01-03,2014-01-02
3MTH_IMPVOL_100.0%MNY_DF,MS,ok,0,1,1,2014-01-02,2014-01-03,2014-01-02
3MTH_IMPVOL_100.0%MNY_DF,SCHW,ok,0,1,1,2014-01-02,2014-01-03,2014-01-02
3MTH_IMPVOL_100.0%MNY_DF,AXP,ok,0,1,1,2014-01-02,2014-01-03,2014-01-02
3MTH_IMPVOL_100.0%MNY_DF,PGR,ok,0,1,1,2014-01-02,2014-01-03,2014-01-02
3MTH_IMPVOL_100.0%MNY_DF,AON,ok,0,1,1,2014-01-02,2014-01-03,2014-01-02
3MTH_IMPVOL_100.0%MNY_DF,CME,ok,0,1,2,2014-01-02,2014-01-03,2014-01-02
3MTH_IMPVOL_100.0%MNY_DF,KKR,ok,0,1,1,2014-01-02,2014-01-03,2014-01-02
3MTH_IMPVOL_100.0%MNY_DF,BN,ok,0,17,1,2022-12-12,2023-01-06,2022-12-12
3MTH_IMPVOL_100.0%MNY_DF,C,ok,0,1,1,2014-01-02,2014-01-03,2014-01-02
3MTH_IMPVOL_100.0%MNY_DF,LSEG,ok,0,1,44,2014-01-02,2014-01-03,2014-01-02
3MTH_IMPVOL_100.0%MNY_DF,ZURN,ok,0,2,3,2014-01-02,2014-01-06,2014-01-02
3MTH_IMPVOL_100.0%MNY_DF,CS,ok,0,1,2,2014-01-02,2014-01-03,2014-01-02
3MTH_IMPVOL_100.0%MNY_DF,8306,ok,0,3,240,2014-01-02,2014-01-07,2014-01-02
3MTH_IMPVOL_100.0%MNY_DF,DIS,ok,0,1,1,2014-01-02,2014-01-03,2014-01-02
3MTH_IMPVOL_100.0%MNY_DF,CMCSA,ok,0,1,2,2014-01-02,2014-01-03,2014-01-02
3MTH_IMPVOL_100.0%MNY_DF,VZ,ok,0,1,2,2014-01-02,2014-01-03,2014-01-02
3MTH_IMPVOL_100.0%MNY_DF,T,ok,0,1,2,2014-01-02,2014-01-03,2014-01-02
3MTH_IMPVOL_100.0%MNY_DF,TTWO,ok,0,1,1,2014-01-02,2014-01-03,2014-01-02
3MTH_IMPVOL_100.0%MNY_DF,PUB,ok,0,1,2,2014-01-02,2014-01-03,2014-01-02
3MTH_IMPVOL_100.0%MNY_DF,7974,ok,0,3,377,2014-01-02,2014-01-07,2014-01-02
3MTH_IMPVOL_100.0%MNY_DF,DTE,ok,0,1,3,2014-01-02,2014-01-03,2014-01-02
3MTH_IMPVOL_100.0%MNY_DF,UMG,ok,0,3,4,2021-09-21,2021-09-24,2021-09-21
3MTH_IMPVOL_100.0%MNY_DF,LOW,ok,0,1,1,2014-01-02,2014-01-03,2014-01-02
3MTH_IMPVOL_100.0%MNY_DF,TJX,ok,0,1,1,2014-01-02,2014-01-03,2014-01-02
3MTH_IMPVOL_100.0%MNY_DF,SBUX,ok,0,1,1,2014-01-02,2014-01-03,2014-01-02
3MTH_IMPVOL_100.0%MNY_DF,ABNB,ok,0,5,1,2020-12-10,2020-12-17,2020-12-10
3MTH_IMPVOL_100.0%MNY_DF,7203,ok,0,3,880,2014-01-02,2014-01-07,2014-01-02
3MTH_IMPVOL_100.0%MNY_DF,ITX,ok,0,1,5,2014-01-02,2014-01-03,2014-01-02
3MTH_IMPVOL_100.0%MNY_DF,ABT,ok,0,1,1,2014-01-02,2014-01-03,2014-01-02
3MTH_IMPVOL_100.0%MNY_DF,DHR,ok,0,1,2,2014-01-02,2014-01-03,2014-01-02
3MTH_IMPVOL_100.0%MNY_DF,VRTX,ok,0,1,2,2014-01-02,2014-01-03,2014-01-02
3MTH_IMPVOL_100.0%MNY_DF,SAN,ok,0,1,6,2014-01-02,2014-01-03,2014-01-02
3MTH_IMPVOL_100.0%MNY_DF,GE,ok,0,1,1,2024-04-02,2024-04-03,2024-04-02
3MTH_IMPVOL_100.0%MNY_DF,TT,ok,0,1,1,2020-03-02,2020-03-03,2020-03-02
3MTH_IMPVOL_100.0%MNY_DF,ABBN,ok,0,2,3,2014-01-02,2014-01-06,2014-01-02
3MTH_IMPVOL_100.0%MNY_DF,KO,ok,0,1,1,2014-01-02,2014-01-03,2014-01-02
3MTH_IMPVOL_100.0%MNY_DF,ULVR,ok,0,1,3,2014-01-02,2014-01-03,2014-01-02
3MTH_IMPVOL_100.0%MNY_DF,ECL,ok,0,1,1,2014-01-02,2014-01-03,2014-01-02
3MTH_IMPVOL_100.0%MNY_DF,AI,ok,0,1,2,2014-01-02,2014-01-03,2014-01-02
3MTH_IMPVOL_100.0%MNY_DF,IBE,ok,0,1,3,2014-01-02,2014-01-03,2014-01-02
3MTH_IMPVOL_100.0%MNY_DF,INTU,ok,0,1,2,2014-01-02,2014-01-03,2014-01-02
3MTH_IMPVOL_100.0%MNY_DF,SNPS,ok,0,1,2,2014-01-02,2014-01-03,2014-01-02
3MTH_IMPVOL_100.0%MNY_DF,APH,ok,0,1,1,2014-01-02,2014-01-03,2014-01-02
3MTH_IMPVOL_100.0%MNY_DF,MSI,ok,0,1,1,2014-01-02,2014-01-03,2014-01-02
3MTH_IMPVOL_100.0%MNY_DF,CRWD,ok,0,5,1,2019-06-12,2019-06-19,2019-06-12
3MTH_IMPVOL_100.0%MNY_DF,NXPI,ok,0,1,2,2014-01-02,2014-01-03,2014-01-02
3MTH_IMPVOL_100.0%MNY_DF,KEYS,ok,0,10,1,2014-10-21,2014-11-04,2014-10-21
3MTH_IMPVOL_100.0%MNY_DF,ADSK,ok,0,1,1,2014-01-02,2014-01-03,2014-01-02
3MTH_IMPVOL_100.0%MNY_DF,WDAY,ok,0,1,1,2014-01-02,2014-01-03,2014-01-02
3MTH_IMPVOL_100.0%MNY_DF,WDC,ok,0,1,1,2025-02-24,2025-02-25,2025-02-24
3MTH_IMPVOL_100.0%MNY_DF,DDOG,ok,0,10,2,2019-09-19,2019-10-03,2019-09-19
3MTH_IMPVOL_100.0%MNY_DF,FTNT,ok,0,1,1,2014-01-02,2014-01-03,2014-01-02
3MTH_IMPVOL_100.0%MNY_DF,DSY,ok,0,1,29,2014-01-02,2014-01-03,2014-01-02
3MTH_IMPVOL_100.0%MNY_DF,6146,ok,0,2934,4,2014-01-02,2025-09-03,2014-01-02
3MTH_IMPVOL_100.0%MNY_DF,6981,ok,0,3,2062,2014-01-02,2014-01-07,2014-01-02
3MTH_IMPVOL_100.0%MNY_DF,BRK/B,ok,0,1,1,2014-01-02,2014-01-03,2014-01-02
3MTH_IMPVOL_100.0%MNY_DF,CB,ok,0,1,1,2014-01-02,2014-01-03,2014-01-02
3MTH_IMPVOL_100.0%MNY_DF,ICE,ok,0,1,1,2014-01-02,2014-01-03,2014-01-02
3MTH_IMPVOL_100.0%MNY_DF,MCO,ok,0,1,1,2014-01-02,2014-01-03,2014-01-02
3MTH_IMPVOL_100.0%MNY_DF,PYPL,ok,0,10,1,2015-07-07,2015-07-21,2015-07-07
3MTH_IMPVOL_100.0%MNY_DF,COF,ok,0,1,2,2025-05-19,2025-05-20,2025-05-19
3MTH_IMPVOL_100.0%MNY_DF,BNP,ok,0,1,2,2014-01-02,2014-01-03,2014-01-02
3MTH_IMPVOL_100.0%MNY_DF,MUV2,ok,0,1,3,2014-01-02,2014-01-03,2014-01-02
3MTH_IMPVOL_100.0%MNY_DF,RTX,ok,0,1,2,2014-01-02,2014-01-03,2014-01-02
3MTH_IMPVOL_100.0%MNY_DF,EMR,ok,0,1,1,2014-01-02,2014-01-03,2014-01-02
3MTH_IMPVOL_100.0%MNY_DF,AXON,ok,0,1,1,2014-01-02,2014-01-03,2014-01-02
3MTH_IMPVOL_100.0%MNY_DF,UBER,ok,0,5,1,2019-05-10,2019-05-17,2019-05-10
3MTH_IMPVOL_100.0%MNY_DF,AIR,ok,0,1,2,2014-01-02,2014-01-03,2014-01-02
3MTH_IMPVOL_100.0%MNY_DF,SAF,ok,0,1,2,2014-01-02,2014-01-03,2014-01-02
3MTH_IMPVOL_100.0%MNY_DF,MRK,ok,0,1,2,2014-01-02,2014-01-03,2014-01-02
3MTH_IMPVOL_100.0%MNY_DF,AMGN,ok,0,1,2,2014-01-02,2014-01-03,2014-01-02
3MTH_IMPVOL_100.0%MNY_DF,SYK,ok,0,1,1,2014-01-02,2014-01-03,2014-01-02
3MTH_IMPVOL_100.0%MNY_DF,MCK,ok,0,1,1,2014-01-02,2014-01-03,2014-01-02
3MTH_IMPVOL_100.0%MNY_DF,NOVN,ok,0,2,7,2014-01-02,2014-01-06,2014-01-02
3MTH_IMPVOL_100.0%MNY_DF,NKE,ok,0,1,1,2014-01-02,2014-01-03,2014-01-02
3MTH_IMPVOL_100.0%MNY_DF,ORLY,ok,0,1,1,2014-01-02,2014-01-03,2014-01-02
3MTH_IMPVOL_100.0%MNY_DF,DASH,ok,0,5,1,2020-12-09,2020-12-16,2020-12-09
3MTH_IMPVOL_100.0%MNY_DF,CFR,ok,0,2,3,2014-01-02,2014-01-06,2014-01-02
3MTH_IMPVOL_100.0%MNY_DF,TTD,ok,0,142,1,2016-09-21,2017-04-17,2016-09-21
3MTH_IMPVOL_100.0%MNY_DF,RBLX,ok,0,5,2,2021-03-10,2021-03-17,2021-03-10
3MTH_IMPVOL_100.0%MNY_DF,9432,ok,0,3,1457,2014-01-02,2014-01-07,2014-01-02
3MTH_IMPVOL_100.0%MNY_DF,9433,ok,0,3,812,2014-01-02,2014-01-07,2014-01-02
3MTH_IMPVOL_100.0%MNY_DF,PEP,ok,0,1,1,2014-01-02,2014-01-03,2014-01-02
3MTH_IMPVOL_100.0%MNY_DF,MDLZ,ok,0,1,1,2014-01-02,2014-01-03,2014-01-02
3MTH_IMPVOL_100.0%MNY_DF,OR,ok,0,1,2,2014-01-02,2014-01-03,2014-01-02
3MTH_IMPVOL_100.0%MNY_DF,CVX,ok,0,1,1,2014-01-02,2014-01-03,2014-01-02
3MTH_IMPVOL_100.0%MNY_DF,TTE,ok,0,1,2,2014-01-02,2014-01-03,2014-01-02
3MTH_IMPVOL_100.0%MNY_DF,NEM,ok,0,1,2,2014-01-02,2014-01-03,2014-01-02
3MTH_IMPVOL_100.0%MNY_DF,SHW,ok,0,1,1,2014-01-02,2014-01-03,2014-01-02
3MTH_IMPVOL_100.0%MNY_DF,SO,ok,0,1,1,2014-01-02,2014-01-03,2014-01-02
3MTH_IMPVOL_100.0%MNY_DF,APP,ok,0,5,1,2021-04-15,2021-04-22,2021-04-15
3MTH_IMPVOL_100.0%MNY_DF,SNOW,ok,0,5,1,2020-09-16,2020-09-23,2020-09-16
3MTH_IMPVOL_100.0%MNY_DF,NET,ok,0,8,1,2019-09-13,2019-09-25,2019-09-13
3MTH_IMPVOL_100.0%MNY_DF,ZS,ok,0,6,1,2018-03-16,2018-03-26,2018-03-16
3MTH_IMPVOL_100.0%MNY_DF,TEAM,ok,0,7,2,2015-12-10,2015-12-21,2015-12-10
3MTH_IMPVOL_100.0%MNY_DF,COHR,ok,0,1,1,2014-01-02,2014-01-03,2014-01-02
3MTH_IMPVOL_100.0%MNY_DF,ON,ok,0,1,1,2014-01-02,2014-01-03,2014-01-02
3MTH_IMPVOL_100.0%MNY_DF,FICO,ok,0,1,1,2014-01-02,2014-01-03,2014-01-02
3MTH_IMPVOL_100.0%MNY_DF,HPE,ok,0,10,2,2015-10-20,2015-11-03,2015-10-20
3MTH_IMPVOL_100.0%MNY_DF,VRSN,ok,0,1,2,2014-01-02,2014-01-03,2014-01-02
3MTH_IMPVOL_100.0%MNY_DF,ASM,ok,0,1,2,2014-01-02,2014-01-03,2014-01-02
3MTH_IMPVOL_100.0%MNY_DF,MRSH,ok,0,1,1,2014-01-02,2014-01-03,2014-01-02
3MTH_IMPVOL_100.0%MNY_DF,APO,ok,0,1,1,2014-01-02,2014-01-03,2014-01-02
3MTH_IMPVOL_100.0%MNY_DF,MSCI,ok,0,1,1,2014-01-02,2014-01-03,2014-01-02
3MTH_IMPVOL_100.0%MNY_DF,BNY,ok,0,1,1,2014-01-02,2014-01-03,2014-01-02
3MTH_IMPVOL_100.0%MNY_DF,IBKR,ok,0,1,1,2014-01-02,2014-01-03,2014-01-02
3MTH_IMPVOL_100.0%MNY_DF,UBSG,ok,0,2,13,2014-01-02,2014-01-06,2014-01-02
3MTH_IMPVOL_100.0%MNY_DF,UCG,ok,0,1,3,2014-01-02,2014-01-03,2014-01-02
3MTH_IMPVOL_100.0%MNY_DF,8316,ok,0,3,801,2014-01-02,2014-01-07,2014-01-02
3MTH_IMPVOL_100.0%MNY_DF,ADP,ok,0,1,2,2014-01-02,2014-01-03,2014-01-02
3MTH_IMPVOL_100.0%MNY_DF,HWM,ok,0,1,1,2020-04-01,2020-04-02,2020-04-01
3MTH_IMPVOL_100.0%MNY_DF,WM,ok,0,1,1,2014-01-02,2014-01-03,2014-01-02
3MTH_IMPVOL_100.0%MNY_DF,PH,ok,0,1,1,2014-01-02,2014-01-03,2014-01-02
3MTH_IMPVOL_100.0%MNY_DF,REL,ok,0,1,17,2014-01-02,2014-01-03,2014-01-02
3MTH_IMPVOL_100.0%MNY_DF,7011,ok,0,3,1224,2014-01-02,2014-01-07,2014-01-02
3MTH_IMPVOL_100.0%MNY_DF,ROP,ok,0,2,3,2014-01-02,2014-01-06,2014-01-02
3MTH_IMPVOL_100.0%MNY_DF,GILD,ok,0,1,2,2014-01-02,2014-01-03,2014-01-02
3MTH_IMPVOL_100.0%MNY_DF,PFE,ok,0,1,2,2014-01-02,2014-01-03,2014-01-02
3MTH_IMPVOL_100.0%MNY_DF,MDT,ok,0,1,1,2014-01-02,2014-01-03,2014-01-02
3MTH_IMPVOL_100.0%MNY_DF,HCA,ok,0,1,2,2014-01-02,2014-01-03,2014-01-02
3MTH_IMPVOL_100.0%MNY_DF,ZTS,ok,0,1,1,2014-01-02,2014-01-03,2014-01-02
3MTH_IMPVOL_100.0%MNY_DF,RMS,ok,0,1,5,2014-01-02,2014-01-03,2014-01-02
3MTH_IMPVOL_100.0%MNY_DF,6758,ok,0,3,712,2014-01-02,2014-01-07,2014-01-02
3MTH_IMPVOL_100.0%MNY_DF,CMG,ok,0,1,1,2014-01-02,2014-01-03,2014-01-02
3MTH_IMPVOL_100.0%MNY_DF,MAR,ok,0,1,2,2014-01-02,2014-01-03,2014-01-02
3MTH_IMPVOL_100.0%MNY_DF,GM,ok,0,1,1,2014-01-02,2014-01-03,2014-01-02
3MTH_IMPVOL_100.0%MNY_DF,GRMN,ok,0,1,1,2014-01-02,2014-01-03,2014-01-02
3MTH_IMPVOL_100.0%MNY_DF,RDDT,ok,0,3,1,2024-03-21,2024-03-26,2024-03-21
3MTH_IMPVOL_100.0%MNY_DF,LYV,ok,0,1,1,2014-01-02,2014-01-03,2014-01-02
3MTH_IMPVOL_100.0%MNY_DF,TKO,ok,0,1,1,2023-09-12,2023-09-13,2023-09-12
3MTH_IMPVOL_100.0%MNY_DF,MO,ok,0,1,1,2014-01-02,2014-01-03,2014-01-02
3MTH_IMPVOL_100.0%MNY_DF,CL,ok,0,1,1,2014-01-02,2014-01-03,2014-01-02
3MTH_IMPVOL_100.0%MNY_DF,MNST,ok,0,1,2,2014-01-02,2014-01-03,2014-01-02
3MTH_IMPVOL_100.0%MNY_DF,COP,ok,0,1,1,2014-01-02,2014-01-03,2014-01-02
3MTH_IMPVOL_100.0%MNY_DF,SLB,ok,0,1,1,2014-01-02,2014-01-03,2014-01-02
3MTH_IMPVOL_100.0%MNY_DF,APD,ok,0,1,2,2014-01-02,2014-01-03,2014-01-02
3MTH_IMPVOL_100.0%MNY_DF,4063,ok,0,3,1299,2014-01-02,2014-01-07,2014-01-02
3MTH_IMPVOL_100.0%MNY_DF,NRG,ok,0,1,1,2014-01-02,2014-01-03,2014-01-02
3MTH_IMPVOL_100.0%MNY_DF,ENEL,ok,0,1,3,2014-01-02,2014-01-03,2014-01-02
3MTH_IMPVOL_100.0%MNY_DF,WELL,ok,0,1,1,2014-01-02,2014-01-03,2014-01-02
VOLATILITY_30D,AAPL,ok,0,1,2,2014-01-02,2014-01-03,2014-01-02
VOLATILITY_30D,MSFT,ok,0,1,2,2014-01-02,2014-01-03,2014-01-02
VOLATILITY_30D,GOOGL,ok,0,1,2,2014-01-02,2014-01-03,2014-01-02
VOLATILITY_30D,AMZN,ok,0,1,2,2014-01-02,2014-01-03,2014-01-02
VOLATILITY_30D,META,ok,0,1,2,2014-01-02,2014-01-03,2014-01-02
VOLATILITY_30D,NVDA,ok,0,1,2,2014-01-02,2014-01-03,2014-01-02
VOLATILITY_30D,TSLA,ok,0,1,2,2014-01-02,2014-01-03,2014-01-02
VOLATILITY_30D,PLTR,ok,0,15,1,2020-09-30,2020-10-21,2020-09-30
VOLATILITY_30D,AVGO,ok,0,1,2,2014-01-02,2014-01-03,2014-01-02
VOLATILITY_30D,MU,ok,0,1,2,2014-01-02,2014-01-03,2014-01-02
VOLATILITY_30D,GEV,ok,0,13,2,2024-04-02,2024-04-19,2024-04-02
VOLATILITY_30D,VRT,ok,0,17,2,2018-08-01,2018-08-24,2018-08-01
VOLATILITY_30D,BE,ok,0,15,2,2018-07-25,2018-08-15,2018-07-25
VOLATILITY_30D,LITE,ok,0,15,2,2015-07-27,2015-08-17,2015-07-27
VOLATILITY_30D,000660,ok,0,1,7,2014-01-02,2014-01-03,2014-01-02
VOLATILITY_30D,005930,ok,0,1,7,2014-01-02,2014-01-03,2014-01-02
VOLATILITY_30D,UNH,ok,0,1,2,2014-01-02,2014-01-03,2014-01-02
VOLATILITY_30D,LLY,ok,0,1,2,2014-01-02,2014-01-03,2014-01-02
VOLATILITY_30D,ISRG,ok,0,1,3,2014-01-02,2014-01-03,2014-01-02
VOLATILITY_30D,ABBV,ok,0,1,2,2014-01-02,2014-01-03,2014-01-02
VOLATILITY_30D,REGN,ok,0,1,2,2014-01-02,2014-01-03,2014-01-02
VOLATILITY_30D,JPM,ok,0,1,2,2014-01-02,2014-01-03,2014-01-02
VOLATILITY_30D,V,ok,0,1,2,2014-01-02,2014-01-03,2014-01-02
VOLATILITY_30D,MA,ok,0,1,2,2014-01-02,2014-01-03,2014-01-02
VOLATILITY_30D,BLK,ok,0,1,2,2014-01-02,2014-01-03,2014-01-02
VOLATILITY_30D,SPGI,ok,0,1,3,2014-01-02,2014-01-03,2014-01-02
VOLATILITY_30D,GS,ok,0,1,2,2014-01-02,2014-01-03,2014-01-02
VOLATILITY_30D,COST,ok,0,1,2,2014-01-02,2014-01-03,2014-01-02
VOLATILITY_30D,HD,ok,0,1,2,2014-01-02,2014-01-03,2014-01-02
VOLATILITY_30D,PG,ok,0,1,2,2014-01-02,2014-01-03,2014-01-02
VOLATILITY_30D,MCD,ok,0,1,2,2014-01-02,2014-01-03,2014-01-02
VOLATILITY_30D,WMT,ok,0,1,2,2014-01-02,2014-01-03,2014-01-02
VOLATILITY_30D,CAT,ok,0,1,2,2014-01-02,2014-01-03,2014-01-02
VOLATILITY_30D,HON,ok,0,1,2,2014-01-02,2014-01-03,2014-01-02
VOLATILITY_30D,DE,ok,0,1,2,2014-01-02,2014-01-03,2014-01-02
VOLATILITY_30D,UNP,ok,0,1,2,2014-01-02,2014-01-03,2014-01-02
VOLATILITY_30D,LMT,ok,0,1,3,2014-01-02,2014-01-03,2014-01-02
VOLATILITY_30D,ETN,ok,0,1,2,2014-01-02,2014-01-03,2014-01-02
VOLATILITY_30D,XOM,ok,0,1,2,2014-01-02,2014-01-03,2014-01-02
VOLATILITY_30D,LNG,ok,0,1,2,2014-01-02,2014-01-03,2014-01-02
VOLATILITY_30D,FCX,ok,0,1,2,2014-01-02,2014-01-03,2014-01-02
VOLATILITY_30D,LIN,ok,0,1,2,2014-01-02,2014-01-03,2014-01-02
VOLATILITY_30D,NEE,ok,0,1,2,2014-01-02,2014-01-03,2014-01-02
VOLATILITY_30D,AMT,ok,0,1,3,2014-01-02,2014-01-03,2014-01-02
VOLATILITY_30D,EQIX,ok,0,1,2,2014-01-02,2014-01-03,2014-01-02
VOLATILITY_30D,TMUS,ok,0,1,2,2014-01-02,2014-01-03,2014-01-02
VOLATILITY_30D,PLD,ok,0,1,2,2014-01-02,2014-01-03,2014-01-02
VOLATILITY_30D,AMD,ok,0,1,2,2014-01-02,2014-01-03,2014-01-02
VOLATILITY_30D,CRM,ok,0,1,2,2014-01-02,2014-01-03,2014-01-02
VOLATILITY_30D,NFLX,ok,0,1,2,2014-01-02,2014-01-03,2014-01-02
VOLATILITY_30D,TER,ok,0,1,2,2014-01-02,2014-01-03,2014-01-02
VOLATILITY_30D,GLW,ok,0,1,2,2014-01-02,2014-01-03,2014-01-02
VOLATILITY_30D,JNJ,ok,0,1,3,2014-01-02,2014-01-03,2014-01-02
VOLATILITY_30D,WFC,ok,0,1,3,2014-01-02,2014-01-03,2014-01-02
VOLATILITY_30D,MPC,ok,0,1,2,2014-01-02,2014-01-03,2014-01-02
VOLATILITY_30D,LRCX,ok,0,1,2,2014-01-02,2014-01-03,2014-01-02
VOLATILITY_30D,AMAT,ok,0,1,2,2014-01-02,2014-01-03,2014-01-02
VOLATILITY_30D,PANW,ok,0,1,2,2014-01-02,2014-01-03,2014-01-02
VOLATILITY_30D,FN,ok,0,1,2,2014-01-02,2014-01-03,2014-01-02
VOLATILITY_30D,MPWR,ok,0,1,2,2014-01-02,2014-01-03,2014-01-02
VOLATILITY_30D,BAC,ok,0,1,2,2014-01-02,2014-01-03,2014-01-02
VOLATILITY_30D,CSCO,ok,0,1,3,2014-01-02,2014-01-03,2014-01-02
VOLATILITY_30D,INTC,ok,0,1,2,2014-01-02,2014-01-03,2014-01-02
VOLATILITY_30D,ORCL,ok,0,1,2,2014-01-02,2014-01-03,2014-01-02
VOLATILITY_30D,TSM,ok,0,1,2,2014-01-02,2014-01-03,2014-01-02
VOLATILITY_30D,SNDK,ok,0,10,1,2025-02-24,2025-03-10,2025-02-24
VOLATILITY_30D,KLAC,ok,0,1,2,2014-01-02,2014-01-03,2014-01-02
VOLATILITY_30D,ANET,ok,0,15,2,2014-06-06,2014-06-27,2014-06-06
VOLATILITY_30D,MRVL,ok,0,1,2,2014-01-02,2014-01-03,2014-01-02
VOLATILITY_30D,CDNS,ok,0,1,2,2014-01-02,2014-01-03,2014-01-02
VOLATILITY_30D,STX,ok,0,1,2,2014-01-02,2014-01-03,2014-01-02
VOLATILITY_30D,PWR,ok,0,1,2,2014-01-02,2014-01-03,2014-01-02
VOLATILITY_30D,BX,ok,0,1,2,2014-01-02,2014-01-03,2014-01-02
VOLATILITY_30D,TMO,ok,0,1,2,2014-01-02,2014-01-03,2014-01-02
VOLATILITY_30D,BSX,ok,0,1,2,2014-01-02,2014-01-03,2014-01-02
VOLATILITY_30D,BKNG,ok,0,1,2,2014-01-02,2014-01-03,2014-01-02
VOLATILITY_30D,PM,ok,0,1,2,2014-01-02,2014-01-03,2014-01-02
VOLATILITY_30D,WMB,ok,0,1,2,2014-01-02,2014-01-03,2014-01-02
VOLATILITY_30D,CEG,ok,0,6,2,2022-02-02,2022-02-10,2022-02-02
VOLATILITY_30D,VST,ok,0,15,2,2016-10-05,2016-10-26,2016-10-05
VOLATILITY_30D,DLR,ok,0,1,2,2014-01-02,2014-01-03,2014-01-02
VOLATILITY_30D,ARM,ok,0,15,2,2023-09-14,2023-10-05,2023-09-14
VOLATILITY_30D,SPOT,ok,0,15,2,2018-04-03,2018-04-24,2018-04-03
VOLATILITY_30D,RACE,ok,0,15,2,2015-10-21,2015-11-11,2015-10-21
VOLATILITY_30D,285A,ok,0,17,4,2024-12-18,2025-01-15,2024-12-18
VOLATILITY_30D,6857,ok,0,3,7,2014-01-02,2014-01-07,2014-01-02
VOLATILITY_30D,SU,ok,0,1,2,2014-01-02,2014-01-03,2014-01-02
VOLATILITY_30D,SIE,ok,0,1,3,2014-01-02,2014-01-03,2014-01-02
VOLATILITY_30D,RHM,ok,0,1,3,2014-01-02,2014-01-03,2014-01-02
VOLATILITY_30D,ALV,ok,0,1,3,2014-01-02,2014-01-03,2014-01-02
VOLATILITY_30D,MC,ok,0,1,2,2014-01-02,2014-01-03,2014-01-02
VOLATILITY_30D,NESN,ok,0,2,3,2014-01-02,2014-01-06,2014-01-02
VOLATILITY_30D,RR/,ok,0,1,3,2014-01-02,2014-01-03,2014-01-02
VOLATILITY_30D,SAP,ok,0,1,3,2014-01-02,2014-01-03,2014-01-02
VOLATILITY_30D,ASML,ok,0,1,2,2014-01-02,2014-01-03,2014-01-02
VOLATILITY_30D,AZN,ok,0,1,3,2014-01-02,2014-01-03,2014-01-02
VOLATILITY_30D,SHEL,ok,0,1,3,2014-01-02,2014-01-03,2014-01-02
VOLATILITY_30D,HSBA,ok,0,1,3,2014-01-02,2014-01-03,2014-01-02
VOLATILITY_30D,NOVOB,ok,0,1,3,2014-01-02,2014-01-03,2014-01-02
VOLATILITY_30D,RIO,ok,0,1,3,2014-01-02,2014-01-03,2014-01-02
VOLATILITY_30D,QCOM,ok,0,1,2,2014-01-02,2014-01-03,2014-01-02
VOLATILITY_30D,TXN,ok,0,1,3,2014-01-02,2014-01-03,2014-01-02
VOLATILITY_30D,ADBE,ok,0,1,2,2014-01-02,2014-01-03,2014-01-02
VOLATILITY_30D,NOW,ok,0,1,2,2014-01-02,2014-01-03,2014-01-02
VOLATILITY_30D,ACN,ok,0,1,2,2014-01-02,2014-01-03,2014-01-02
VOLATILITY_30D,IBM,ok,0,1,2,2014-01-02,2014-01-03,2014-01-02
VOLATILITY_30D,ADI,ok,0,1,2,2014-01-02,2014-01-03,2014-01-02
VOLATILITY_30D,DELL,ok,0,13,2,2018-12-28,2019-01-17,2018-12-28
VOLATILITY_30D,8035,ok,0,3,7,2014-01-02,2014-01-07,2014-01-02
VOLATILITY_30D,IFX,ok,0,1,3,2014-01-02,2014-01-03,2014-01-02
VOLATILITY_30D,MS,ok,0,1,2,2014-01-02,2014-01-03,2014-01-02
VOLATILITY_30D,SCHW,ok,0,1,2,2014-01-02,2014-01-03,2014-01-02
VOLATILITY_30D,AXP,ok,0,1,2,2014-01-02,2014-01-03,2014-01-02
VOLATILITY_30D,PGR,ok,0,1,2,2014-01-02,2014-01-03,2014-01-02
VOLATILITY_30D,AON,ok,0,2,2,2014-01-02,2014-01-06,2014-01-02
VOLATILITY_30D,CME,ok,0,1,2,2014-01-02,2014-01-03,2014-01-02
VOLATILITY_30D,KKR,ok,0,1,2,2014-01-02,2014-01-03,2014-01-02
VOLATILITY_30D,BN,ok,0,1,2,2022-12-12,2022-12-13,2022-12-12
VOLATILITY_30D,C,ok,0,1,2,2014-01-02,2014-01-03,2014-01-02
VOLATILITY_30D,LSEG,ok,0,1,3,2014-01-02,2014-01-03,2014-01-02
VOLATILITY_30D,ZURN,ok,0,2,3,2014-01-02,2014-01-06,2014-01-02
VOLATILITY_30D,CS,ok,0,1,2,2014-01-02,2014-01-03,2014-01-02
VOLATILITY_30D,8306,ok,0,3,7,2014-01-02,2014-01-07,2014-01-02
VOLATILITY_30D,DIS,ok,0,1,3,2014-01-02,2014-01-03,2014-01-02
VOLATILITY_30D,CMCSA,ok,0,1,2,2014-01-02,2014-01-03,2014-01-02
VOLATILITY_30D,VZ,ok,0,1,2,2014-01-02,2014-01-03,2014-01-02
VOLATILITY_30D,T,ok,0,1,2,2014-01-02,2014-01-03,2014-01-02
VOLATILITY_30D,TTWO,ok,0,1,2,2014-01-02,2014-01-03,2014-01-02
VOLATILITY_30D,PUB,ok,0,1,2,2014-01-02,2014-01-03,2014-01-02
VOLATILITY_30D,7974,ok,0,3,7,2014-01-02,2014-01-07,2014-01-02
VOLATILITY_30D,DTE,ok,0,1,3,2014-01-02,2014-01-03,2014-01-02
VOLATILITY_30D,UMG,ok,0,16,2,2021-09-21,2021-10-13,2021-09-21
VOLATILITY_30D,LOW,ok,0,1,2,2014-01-02,2014-01-03,2014-01-02
VOLATILITY_30D,TJX,ok,0,1,2,2014-01-02,2014-01-03,2014-01-02
VOLATILITY_30D,SBUX,ok,0,2,2,2014-01-02,2014-01-06,2014-01-02
VOLATILITY_30D,ABNB,ok,0,15,2,2020-12-10,2021-01-04,2020-12-10
VOLATILITY_30D,7203,ok,0,3,7,2014-01-02,2014-01-07,2014-01-02
VOLATILITY_30D,ITX,ok,0,1,3,2014-01-02,2014-01-03,2014-01-02
VOLATILITY_30D,ABT,ok,0,1,2,2014-01-02,2014-01-03,2014-01-02
VOLATILITY_30D,DHR,ok,0,1,2,2014-01-02,2014-01-03,2014-01-02
VOLATILITY_30D,VRTX,ok,0,1,2,2014-01-02,2014-01-03,2014-01-02
VOLATILITY_30D,SAN,ok,0,1,2,2014-01-02,2014-01-03,2014-01-02
VOLATILITY_30D,GE,ok,0,1,2,2024-04-02,2024-04-03,2024-04-02
VOLATILITY_30D,TT,ok,0,1,2,2020-03-02,2020-03-03,2020-03-02
VOLATILITY_30D,ABBN,ok,0,2,3,2014-01-02,2014-01-06,2014-01-02
VOLATILITY_30D,KO,ok,0,1,2,2014-01-02,2014-01-03,2014-01-02
VOLATILITY_30D,ULVR,ok,0,1,3,2014-01-02,2014-01-03,2014-01-02
VOLATILITY_30D,ECL,ok,0,1,2,2014-01-02,2014-01-03,2014-01-02
VOLATILITY_30D,AI,ok,0,1,3,2014-01-02,2014-01-03,2014-01-02
VOLATILITY_30D,IBE,ok,0,1,2,2014-01-02,2014-01-03,2014-01-02
VOLATILITY_30D,INTU,ok,0,1,2,2014-01-02,2014-01-03,2014-01-02
VOLATILITY_30D,SNPS,ok,0,1,2,2014-01-02,2014-01-03,2014-01-02
VOLATILITY_30D,APH,ok,0,1,2,2014-01-02,2014-01-03,2014-01-02
VOLATILITY_30D,MSI,ok,0,1,2,2014-01-02,2014-01-03,2014-01-02
VOLATILITY_30D,CRWD,ok,0,15,2,2019-06-12,2019-07-03,2019-06-12
VOLATILITY_30D,NXPI,ok,0,1,2,2014-01-02,2014-01-03,2014-01-02
VOLATILITY_30D,KEYS,ok,0,15,2,2014-10-21,2014-11-11,2014-10-21
VOLATILITY_30D,ADSK,ok,0,1,2,2014-01-02,2014-01-03,2014-01-02
VOLATILITY_30D,WDAY,ok,0,1,2,2014-01-02,2014-01-03,2014-01-02
VOLATILITY_30D,WDC,ok,0,1,1,2025-02-24,2025-02-25,2025-02-24
VOLATILITY_30D,DDOG,ok,0,15,2,2019-09-19,2019-10-10,2019-09-19
VOLATILITY_30D,FTNT,ok,0,1,2,2014-01-02,2014-01-03,2014-01-02
VOLATILITY_30D,DSY,ok,0,1,2,2014-01-02,2014-01-03,2014-01-02
VOLATILITY_30D,6146,ok,0,3,7,2014-01-02,2014-01-07,2014-01-02
VOLATILITY_30D,6981,ok,0,3,7,2014-01-02,2014-01-07,2014-01-02
VOLATILITY_30D,BRK/B,ok,0,1,2,2014-01-02,2014-01-03,2014-01-02
VOLATILITY_30D,CB,ok,0,1,2,2014-01-02,2014-01-03,2014-01-02
VOLATILITY_30D,ICE,ok,0,1,2,2014-01-02,2014-01-03,2014-01-02
VOLATILITY_30D,MCO,ok,0,1,2,2014-01-02,2014-01-03,2014-01-02
VOLATILITY_30D,PYPL,ok,0,15,2,2015-07-07,2015-07-28,2015-07-07
VOLATILITY_30D,COF,ok,0,1,1,2025-05-19,2025-05-20,2025-05-19
VOLATILITY_30D,BNP,ok,0,1,2,2014-01-02,2014-01-03,2014-01-02
VOLATILITY_30D,MUV2,ok,0,1,3,2014-01-02,2014-01-03,2014-01-02
VOLATILITY_30D,RTX,ok,0,1,2,2014-01-02,2014-01-03,2014-01-02
VOLATILITY_30D,EMR,ok,0,1,2,2014-01-02,2014-01-03,2014-01-02
VOLATILITY_30D,AXON,ok,0,1,2,2014-01-02,2014-01-03,2014-01-02
VOLATILITY_30D,UBER,ok,0,15,2,2019-05-10,2019-06-03,2019-05-10
VOLATILITY_30D,AIR,ok,0,1,2,2014-01-02,2014-01-03,2014-01-02
VOLATILITY_30D,SAF,ok,0,1,2,2014-01-02,2014-01-03,2014-01-02
VOLATILITY_30D,MRK,ok,0,1,2,2014-01-02,2014-01-03,2014-01-02
VOLATILITY_30D,AMGN,ok,0,1,2,2014-01-02,2014-01-03,2014-01-02
VOLATILITY_30D,SYK,ok,0,1,2,2014-01-02,2014-01-03,2014-01-02
VOLATILITY_30D,MCK,ok,0,1,2,2014-01-02,2014-01-03,2014-01-02
VOLATILITY_30D,NOVN,ok,0,2,3,2014-01-02,2014-01-06,2014-01-02
VOLATILITY_30D,NKE,ok,0,1,2,2014-01-02,2014-01-03,2014-01-02
VOLATILITY_30D,ORLY,ok,0,1,2,2014-01-02,2014-01-03,2014-01-02
VOLATILITY_30D,DASH,ok,0,15,2,2020-12-09,2020-12-31,2020-12-09
VOLATILITY_30D,CFR,ok,0,2,4,2014-01-02,2014-01-06,2014-01-02
VOLATILITY_30D,TTD,ok,0,15,2,2016-09-21,2016-10-12,2016-09-21
VOLATILITY_30D,RBLX,ok,0,15,2,2021-03-10,2021-03-31,2021-03-10
VOLATILITY_30D,9432,ok,0,3,7,2014-01-02,2014-01-07,2014-01-02
VOLATILITY_30D,9433,ok,0,3,7,2014-01-02,2014-01-07,2014-01-02
VOLATILITY_30D,PEP,ok,0,1,2,2014-01-02,2014-01-03,2014-01-02
VOLATILITY_30D,MDLZ,ok,0,1,2,2014-01-02,2014-01-03,2014-01-02
VOLATILITY_30D,OR,ok,0,1,2,2014-01-02,2014-01-03,2014-01-02
VOLATILITY_30D,CVX,ok,0,2,2,2014-01-02,2014-01-06,2014-01-02
VOLATILITY_30D,TTE,ok,0,1,2,2014-01-02,2014-01-03,2014-01-02
VOLATILITY_30D,NEM,ok,0,1,2,2014-01-02,2014-01-03,2014-01-02
VOLATILITY_30D,SHW,ok,0,1,2,2014-01-02,2014-01-03,2014-01-02
VOLATILITY_30D,SO,ok,0,1,2,2014-01-02,2014-01-03,2014-01-02
VOLATILITY_30D,APP,ok,0,15,2,2021-04-15,2021-05-06,2021-04-15
VOLATILITY_30D,SNOW,ok,0,15,2,2020-09-16,2020-10-07,2020-09-16
VOLATILITY_30D,NET,ok,0,15,2,2019-09-13,2019-10-04,2019-09-13
VOLATILITY_30D,ZS,ok,0,15,2,2018-03-16,2018-04-09,2018-03-16
VOLATILITY_30D,TEAM,ok,0,15,2,2015-12-10,2016-01-04,2015-12-10
VOLATILITY_30D,COHR,ok,0,1,2,2014-01-02,2014-01-03,2014-01-02
VOLATILITY_30D,ON,ok,0,1,2,2014-01-02,2014-01-03,2014-01-02
VOLATILITY_30D,FICO,ok,0,1,2,2014-01-02,2014-01-03,2014-01-02
VOLATILITY_30D,HPE,ok,0,15,2,2015-10-20,2015-11-10,2015-10-20
VOLATILITY_30D,VRSN,ok,0,1,2,2014-01-02,2014-01-03,2014-01-02
VOLATILITY_30D,ASM,ok,0,1,2,2014-01-02,2014-01-03,2014-01-02
VOLATILITY_30D,MRSH,ok,0,1,2,2014-01-02,2014-01-03,2014-01-02
VOLATILITY_30D,APO,ok,0,1,2,2014-01-02,2014-01-03,2014-01-02
VOLATILITY_30D,MSCI,ok,0,1,2,2014-01-02,2014-01-03,2014-01-02
VOLATILITY_30D,BNY,ok,0,1,2,2014-01-02,2014-01-03,2014-01-02
VOLATILITY_30D,IBKR,ok,0,1,2,2014-01-02,2014-01-03,2014-01-02
VOLATILITY_30D,UBSG,ok,0,2,3,2014-01-02,2014-01-06,2014-01-02
VOLATILITY_30D,UCG,ok,0,2,2,2014-01-02,2014-01-06,2014-01-02
VOLATILITY_30D,8316,ok,0,3,7,2014-01-02,2014-01-07,2014-01-02
VOLATILITY_30D,ADP,ok,0,1,2,2014-01-02,2014-01-03,2014-01-02
VOLATILITY_30D,HWM,ok,0,1,2,2020-04-01,2020-04-02,2020-04-01
VOLATILITY_30D,WM,ok,0,1,2,2014-01-02,2014-01-03,2014-01-02
VOLATILITY_30D,PH,ok,0,1,2,2014-01-02,2014-01-03,2014-01-02
VOLATILITY_30D,REL,ok,0,1,3,2014-01-02,2014-01-03,2014-01-02
VOLATILITY_30D,7011,ok,0,3,8,2014-01-02,2014-01-07,2014-01-02
VOLATILITY_30D,ROP,ok,0,2,3,2014-01-02,2014-01-06,2014-01-02
VOLATILITY_30D,GILD,ok,0,1,2,2014-01-02,2014-01-03,2014-01-02
VOLATILITY_30D,PFE,ok,0,1,3,2014-01-02,2014-01-03,2014-01-02
VOLATILITY_30D,MDT,ok,0,1,2,2014-01-02,2014-01-03,2014-01-02
VOLATILITY_30D,HCA,ok,0,1,2,2014-01-02,2014-01-03,2014-01-02
VOLATILITY_30D,ZTS,ok,0,1,2,2014-01-02,2014-01-03,2014-01-02
VOLATILITY_30D,RMS,ok,0,1,2,2014-01-02,2014-01-03,2014-01-02
VOLATILITY_30D,6758,ok,0,3,7,2014-01-02,2014-01-07,2014-01-02
VOLATILITY_30D,CMG,ok,0,1,2,2014-01-02,2014-01-03,2014-01-02
VOLATILITY_30D,MAR,ok,0,1,2,2014-01-02,2014-01-03,2014-01-02
VOLATILITY_30D,GM,ok,0,1,2,2014-01-02,2014-01-03,2014-01-02
VOLATILITY_30D,GRMN,ok,0,1,2,2014-01-02,2014-01-03,2014-01-02
VOLATILITY_30D,RDDT,ok,0,15,1,2024-03-21,2024-04-12,2024-03-21
VOLATILITY_30D,LYV,ok,0,1,2,2014-01-02,2014-01-03,2014-01-02
VOLATILITY_30D,TKO,ok,0,1,2,2023-09-12,2023-09-13,2023-09-12
VOLATILITY_30D,MO,ok,0,1,2,2014-01-02,2014-01-03,2014-01-02
VOLATILITY_30D,CL,ok,0,1,2,2014-01-02,2014-01-03,2014-01-02
VOLATILITY_30D,MNST,ok,0,1,2,2014-01-02,2014-01-03,2014-01-02
VOLATILITY_30D,COP,ok,0,1,2,2014-01-02,2014-01-03,2014-01-02
VOLATILITY_30D,SLB,ok,0,1,2,2014-01-02,2014-01-03,2014-01-02
VOLATILITY_30D,APD,ok,0,1,2,2014-01-02,2014-01-03,2014-01-02
VOLATILITY_30D,4063,ok,0,3,7,2014-01-02,2014-01-07,2014-01-02
VOLATILITY_30D,NRG,ok,0,1,3,2014-01-02,2014-01-03,2014-01-02
VOLATILITY_30D,ENEL,ok,0,1,2,2014-01-02,2014-01-03,2014-01-02
VOLATILITY_30D,WELL,ok,0,1,2,2014-01-02,2014-01-03,2014-01-02
PX_VOLUME,AAPL,ok,0,1,1,2014-01-02,2014-01-03,2014-01-02
PX_VOLUME,MSFT,ok,0,1,1,2014-01-02,2014-01-03,2014-01-02
PX_VOLUME,GOOGL,ok,0,1,1,2014-01-02,2014-01-03,2014-01-02
PX_VOLUME,AMZN,ok,0,1,1,2014-01-02,2014-01-03,2014-01-02
PX_VOLUME,META,ok,0,1,1,2014-01-02,2014-01-03,2014-01-02
PX_VOLUME,NVDA,ok,0,1,1,2014-01-02,2014-01-03,2014-01-02
PX_VOLUME,TSLA,ok,0,1,1,2014-01-02,2014-01-03,2014-01-02
PX_VOLUME,PLTR,ok,0,1,1,2020-09-30,2020-10-01,2020-09-30
PX_VOLUME,AVGO,ok,0,1,1,2014-01-02,2014-01-03,2014-01-02
PX_VOLUME,MU,ok,0,1,1,2014-01-02,2014-01-03,2014-01-02
PX_VOLUME,GEV,ok,0,1,1,2024-04-02,2024-04-03,2024-04-02
PX_VOLUME,VRT,ok,0,1,2,2018-08-01,2018-08-02,2018-08-01
PX_VOLUME,BE,ok,0,1,1,2018-07-25,2018-07-26,2018-07-25
PX_VOLUME,LITE,ok,0,1,1,2015-07-27,2015-07-28,2015-07-27
PX_VOLUME,000660,ok,0,1,7,2014-01-02,2014-01-03,2014-01-02
PX_VOLUME,005930,ok,0,1,7,2014-01-02,2014-01-03,2014-01-02
PX_VOLUME,UNH,ok,0,1,1,2014-01-02,2014-01-03,2014-01-02
PX_VOLUME,LLY,ok,0,1,1,2014-01-02,2014-01-03,2014-01-02
PX_VOLUME,ISRG,ok,0,1,1,2014-01-02,2014-01-03,2014-01-02
PX_VOLUME,ABBV,ok,0,1,1,2014-01-02,2014-01-03,2014-01-02
PX_VOLUME,REGN,ok,0,1,1,2014-01-02,2014-01-03,2014-01-02
PX_VOLUME,JPM,ok,0,1,1,2014-01-02,2014-01-03,2014-01-02
PX_VOLUME,V,ok,0,1,1,2014-01-02,2014-01-03,2014-01-02
PX_VOLUME,MA,ok,0,1,1,2014-01-02,2014-01-03,2014-01-02
PX_VOLUME,BLK,ok,0,1,1,2014-01-02,2014-01-03,2014-01-02
PX_VOLUME,SPGI,ok,0,1,1,2014-01-02,2014-01-03,2014-01-02
PX_VOLUME,GS,ok,0,1,1,2014-01-02,2014-01-03,2014-01-02
PX_VOLUME,COST,ok,0,1,1,2014-01-02,2014-01-03,2014-01-02
PX_VOLUME,HD,ok,0,1,1,2014-01-02,2014-01-03,2014-01-02
PX_VOLUME,PG,ok,0,1,1,2014-01-02,2014-01-03,2014-01-02
PX_VOLUME,MCD,ok,0,1,1,2014-01-02,2014-01-03,2014-01-02
PX_VOLUME,WMT,ok,0,1,1,2014-01-02,2014-01-03,2014-01-02
PX_VOLUME,CAT,ok,0,1,1,2014-01-02,2014-01-03,2014-01-02
PX_VOLUME,HON,ok,0,1,1,2014-01-02,2014-01-03,2014-01-02
PX_VOLUME,DE,ok,0,1,1,2014-01-02,2014-01-03,2014-01-02
PX_VOLUME,UNP,ok,0,1,1,2014-01-02,2014-01-03,2014-01-02
PX_VOLUME,LMT,ok,0,1,1,2014-01-02,2014-01-03,2014-01-02
PX_VOLUME,ETN,ok,0,1,1,2014-01-02,2014-01-03,2014-01-02
PX_VOLUME,XOM,ok,0,1,1,2014-01-02,2014-01-03,2014-01-02
PX_VOLUME,LNG,ok,0,1,1,2014-01-02,2014-01-03,2014-01-02
PX_VOLUME,FCX,ok,0,1,1,2014-01-02,2014-01-03,2014-01-02
PX_VOLUME,LIN,ok,0,1,1,2014-01-02,2014-01-03,2014-01-02
PX_VOLUME,NEE,ok,0,1,1,2014-01-02,2014-01-03,2014-01-02
PX_VOLUME,AMT,ok,0,1,1,2014-01-02,2014-01-03,2014-01-02
PX_VOLUME,EQIX,ok,0,1,1,2014-01-02,2014-01-03,2014-01-02
PX_VOLUME,TMUS,ok,0,1,1,2014-01-02,2014-01-03,2014-01-02
PX_VOLUME,PLD,ok,0,1,1,2014-01-02,2014-01-03,2014-01-02
PX_VOLUME,AMD,ok,0,1,1,2014-01-02,2014-01-03,2014-01-02
PX_VOLUME,CRM,ok,0,1,1,2014-01-02,2014-01-03,2014-01-02
PX_VOLUME,NFLX,ok,0,1,1,2014-01-02,2014-01-03,2014-01-02
PX_VOLUME,TER,ok,0,1,1,2014-01-02,2014-01-03,2014-01-02
PX_VOLUME,GLW,ok,0,1,1,2014-01-02,2014-01-03,2014-01-02
PX_VOLUME,JNJ,ok,0,1,1,2014-01-02,2014-01-03,2014-01-02
PX_VOLUME,WFC,ok,0,1,1,2014-01-02,2014-01-03,2014-01-02
PX_VOLUME,MPC,ok,0,1,1,2014-01-02,2014-01-03,2014-01-02
PX_VOLUME,LRCX,ok,0,1,1,2014-01-02,2014-01-03,2014-01-02
PX_VOLUME,AMAT,ok,0,1,1,2014-01-02,2014-01-03,2014-01-02
PX_VOLUME,PANW,ok,0,1,1,2014-01-02,2014-01-03,2014-01-02
PX_VOLUME,FN,ok,0,1,1,2014-01-02,2014-01-03,2014-01-02
PX_VOLUME,MPWR,ok,0,1,1,2014-01-02,2014-01-03,2014-01-02
PX_VOLUME,BAC,ok,0,1,1,2014-01-02,2014-01-03,2014-01-02
PX_VOLUME,CSCO,ok,0,1,1,2014-01-02,2014-01-03,2014-01-02
PX_VOLUME,INTC,ok,0,1,1,2014-01-02,2014-01-03,2014-01-02
PX_VOLUME,ORCL,ok,0,1,1,2014-01-02,2014-01-03,2014-01-02
PX_VOLUME,TSM,ok,0,1,1,2014-01-02,2014-01-03,2014-01-02
PX_VOLUME,SNDK,ok,0,1,1,2025-02-24,2025-02-25,2025-02-24
PX_VOLUME,KLAC,ok,0,1,1,2014-01-02,2014-01-03,2014-01-02
PX_VOLUME,ANET,ok,0,1,1,2014-06-06,2014-06-09,2014-06-06
PX_VOLUME,MRVL,ok,0,1,1,2014-01-02,2014-01-03,2014-01-02
PX_VOLUME,CDNS,ok,0,1,1,2014-01-02,2014-01-03,2014-01-02
PX_VOLUME,STX,ok,0,1,1,2014-01-02,2014-01-03,2014-01-02
PX_VOLUME,PWR,ok,0,1,1,2014-01-02,2014-01-03,2014-01-02
PX_VOLUME,BX,ok,0,1,1,2014-01-02,2014-01-03,2014-01-02
PX_VOLUME,TMO,ok,0,1,1,2014-01-02,2014-01-03,2014-01-02
PX_VOLUME,BSX,ok,0,1,1,2014-01-02,2014-01-03,2014-01-02
PX_VOLUME,BKNG,ok,0,1,1,2014-01-02,2014-01-03,2014-01-02
PX_VOLUME,PM,ok,0,1,1,2014-01-02,2014-01-03,2014-01-02
PX_VOLUME,WMB,ok,0,1,1,2014-01-02,2014-01-03,2014-01-02
PX_VOLUME,CEG,ok,0,1,1,2022-02-02,2022-02-03,2022-02-02
PX_VOLUME,VST,ok,0,1,2,2016-10-05,2016-10-06,2016-10-05
PX_VOLUME,DLR,ok,0,1,1,2014-01-02,2014-01-03,2014-01-02
PX_VOLUME,ARM,ok,0,1,1,2023-09-14,2023-09-15,2023-09-14
PX_VOLUME,SPOT,ok,0,1,1,2018-04-03,2018-04-04,2018-04-03
PX_VOLUME,RACE,ok,0,1,1,2015-10-21,2015-10-22,2015-10-21
PX_VOLUME,285A,ok,0,1,4,2024-12-18,2024-12-19,2024-12-18
PX_VOLUME,6857,ok,0,3,7,2014-01-02,2014-01-07,2014-01-02
PX_VOLUME,SU,ok,0,1,2,2014-01-02,2014-01-03,2014-01-02
PX_VOLUME,SIE,ok,0,1,3,2014-01-02,2014-01-03,2014-01-02
PX_VOLUME,RHM,ok,0,1,3,2014-01-02,2014-01-03,2014-01-02
PX_VOLUME,ALV,ok,0,1,3,2014-01-02,2014-01-03,2014-01-02
PX_VOLUME,MC,ok,0,1,2,2014-01-02,2014-01-03,2014-01-02
PX_VOLUME,NESN,ok,0,2,3,2014-01-02,2014-01-06,2014-01-02
PX_VOLUME,RR/,ok,0,1,3,2014-01-02,2014-01-03,2014-01-02
PX_VOLUME,SAP,ok,0,1,3,2014-01-02,2014-01-03,2014-01-02
PX_VOLUME,ASML,ok,0,1,2,2014-01-02,2014-01-03,2014-01-02
PX_VOLUME,AZN,ok,0,1,3,2014-01-02,2014-01-03,2014-01-02
PX_VOLUME,SHEL,ok,0,1,3,2014-01-02,2014-01-03,2014-01-02
PX_VOLUME,HSBA,ok,0,1,3,2014-01-02,2014-01-03,2014-01-02
PX_VOLUME,NOVOB,ok,0,1,3,2014-01-02,2014-01-03,2014-01-02
PX_VOLUME,RIO,ok,0,1,3,2014-01-02,2014-01-03,2014-01-02
PX_VOLUME,QCOM,ok,0,1,1,2014-01-02,2014-01-03,2014-01-02
PX_VOLUME,TXN,ok,0,1,1,2014-01-02,2014-01-03,2014-01-02
PX_VOLUME,ADBE,ok,0,1,1,2014-01-02,2014-01-03,2014-01-02
PX_VOLUME,NOW,ok,0,1,1,2014-01-02,2014-01-03,2014-01-02
PX_VOLUME,ACN,ok,0,1,1,2014-01-02,2014-01-03,2014-01-02
PX_VOLUME,IBM,ok,0,1,1,2014-01-02,2014-01-03,2014-01-02
PX_VOLUME,ADI,ok,0,1,1,2014-01-02,2014-01-03,2014-01-02
PX_VOLUME,DELL,ok,0,1,1,2018-12-28,2018-12-31,2018-12-28
PX_VOLUME,8035,ok,0,3,7,2014-01-02,2014-01-07,2014-01-02
PX_VOLUME,IFX,ok,0,1,3,2014-01-02,2014-01-03,2014-01-02
PX_VOLUME,MS,ok,0,1,1,2014-01-02,2014-01-03,2014-01-02
PX_VOLUME,SCHW,ok,0,1,1,2014-01-02,2014-01-03,2014-01-02
PX_VOLUME,AXP,ok,0,1,1,2014-01-02,2014-01-03,2014-01-02
PX_VOLUME,PGR,ok,0,1,1,2014-01-02,2014-01-03,2014-01-02
PX_VOLUME,AON,ok,0,1,1,2014-01-02,2014-01-03,2014-01-02
PX_VOLUME,CME,ok,0,1,1,2014-01-02,2014-01-03,2014-01-02
PX_VOLUME,KKR,ok,0,1,1,2014-01-02,2014-01-03,2014-01-02
PX_VOLUME,BN,ok,0,1,1,2022-12-12,2022-12-13,2022-12-12
PX_VOLUME,C,ok,0,1,1,2014-01-02,2014-01-03,2014-01-02
PX_VOLUME,LSEG,ok,0,1,3,2014-01-02,2014-01-03,2014-01-02
PX_VOLUME,ZURN,ok,0,2,3,2014-01-02,2014-01-06,2014-01-02
PX_VOLUME,CS,ok,0,1,2,2014-01-02,2014-01-03,2014-01-02
PX_VOLUME,8306,ok,0,3,7,2014-01-02,2014-01-07,2014-01-02
PX_VOLUME,DIS,ok,0,1,1,2014-01-02,2014-01-03,2014-01-02
PX_VOLUME,CMCSA,ok,0,1,1,2014-01-02,2014-01-03,2014-01-02
PX_VOLUME,VZ,ok,0,1,1,2014-01-02,2014-01-03,2014-01-02
PX_VOLUME,T,ok,0,1,1,2014-01-02,2014-01-03,2014-01-02
PX_VOLUME,TTWO,ok,0,1,1,2014-01-02,2014-01-03,2014-01-02
PX_VOLUME,PUB,ok,0,1,2,2014-01-02,2014-01-03,2014-01-02
PX_VOLUME,7974,ok,0,3,7,2014-01-02,2014-01-07,2014-01-02
PX_VOLUME,DTE,ok,0,1,3,2014-01-02,2014-01-03,2014-01-02
PX_VOLUME,UMG,ok,0,1,2,2021-09-21,2021-09-22,2021-09-21
PX_VOLUME,LOW,ok,0,1,1,2014-01-02,2014-01-03,2014-01-02
PX_VOLUME,TJX,ok,0,1,1,2014-01-02,2014-01-03,2014-01-02
PX_VOLUME,SBUX,ok,0,1,1,2014-01-02,2014-01-03,2014-01-02
PX_VOLUME,ABNB,ok,0,1,1,2020-12-10,2020-12-11,2020-12-10
PX_VOLUME,7203,ok,0,3,7,2014-01-02,2014-01-07,2014-01-02
PX_VOLUME,ITX,ok,0,1,2,2014-01-02,2014-01-03,2014-01-02
PX_VOLUME,ABT,ok,0,1,1,2014-01-02,2014-01-03,2014-01-02
PX_VOLUME,DHR,ok,0,1,1,2014-01-02,2014-01-03,2014-01-02
PX_VOLUME,VRTX,ok,0,1,1,2014-01-02,2014-01-03,2014-01-02
PX_VOLUME,SAN,ok,0,1,2,2014-01-02,2014-01-03,2014-01-02
PX_VOLUME,GE,ok,0,1,1,2024-04-02,2024-04-03,2024-04-02
PX_VOLUME,TT,ok,0,1,1,2020-03-02,2020-03-03,2020-03-02
PX_VOLUME,ABBN,ok,0,2,3,2014-01-02,2014-01-06,2014-01-02
PX_VOLUME,KO,ok,0,1,1,2014-01-02,2014-01-03,2014-01-02
PX_VOLUME,ULVR,ok,0,1,3,2014-01-02,2014-01-03,2014-01-02
PX_VOLUME,ECL,ok,0,1,1,2014-01-02,2014-01-03,2014-01-02
PX_VOLUME,AI,ok,0,1,2,2014-01-02,2014-01-03,2014-01-02
PX_VOLUME,IBE,ok,0,1,2,2014-01-02,2014-01-03,2014-01-02
PX_VOLUME,INTU,ok,0,1,1,2014-01-02,2014-01-03,2014-01-02
PX_VOLUME,SNPS,ok,0,1,1,2014-01-02,2014-01-03,2014-01-02
PX_VOLUME,APH,ok,0,1,1,2014-01-02,2014-01-03,2014-01-02
PX_VOLUME,MSI,ok,0,1,1,2014-01-02,2014-01-03,2014-01-02
PX_VOLUME,CRWD,ok,0,1,1,2019-06-12,2019-06-13,2019-06-12
PX_VOLUME,NXPI,ok,0,1,1,2014-01-02,2014-01-03,2014-01-02
PX_VOLUME,KEYS,ok,0,1,1,2014-10-21,2014-10-22,2014-10-21
PX_VOLUME,ADSK,ok,0,1,1,2014-01-02,2014-01-03,2014-01-02
PX_VOLUME,WDAY,ok,0,1,1,2014-01-02,2014-01-03,2014-01-02
PX_VOLUME,WDC,ok,0,1,1,2025-02-24,2025-02-25,2025-02-24
PX_VOLUME,DDOG,ok,0,1,1,2019-09-19,2019-09-20,2019-09-19
PX_VOLUME,FTNT,ok,0,1,1,2014-01-02,2014-01-03,2014-01-02
PX_VOLUME,DSY,ok,0,1,2,2014-01-02,2014-01-03,2014-01-02
PX_VOLUME,6146,ok,0,3,7,2014-01-02,2014-01-07,2014-01-02
PX_VOLUME,6981,ok,0,3,7,2014-01-02,2014-01-07,2014-01-02
PX_VOLUME,BRK/B,ok,0,1,1,2014-01-02,2014-01-03,2014-01-02
PX_VOLUME,CB,ok,0,1,1,2014-01-02,2014-01-03,2014-01-02
PX_VOLUME,ICE,ok,0,1,1,2014-01-02,2014-01-03,2014-01-02
PX_VOLUME,MCO,ok,0,1,1,2014-01-02,2014-01-03,2014-01-02
PX_VOLUME,PYPL,ok,0,1,1,2015-07-07,2015-07-08,2015-07-07
PX_VOLUME,COF,ok,0,1,1,2025-05-19,2025-05-20,2025-05-19
PX_VOLUME,BNP,ok,0,1,2,2014-01-02,2014-01-03,2014-01-02
PX_VOLUME,MUV2,ok,0,1,3,2014-01-02,2014-01-03,2014-01-02
PX_VOLUME,RTX,ok,0,1,1,2014-01-02,2014-01-03,2014-01-02
PX_VOLUME,EMR,ok,0,1,1,2014-01-02,2014-01-03,2014-01-02
PX_VOLUME,AXON,ok,0,1,1,2014-01-02,2014-01-03,2014-01-02
PX_VOLUME,UBER,ok,0,1,1,2019-05-10,2019-05-13,2019-05-10
PX_VOLUME,AIR,ok,0,1,2,2014-01-02,2014-01-03,2014-01-02
PX_VOLUME,SAF,ok,0,1,2,2014-01-02,2014-01-03,2014-01-02
PX_VOLUME,MRK,ok,0,1,1,2014-01-02,2014-01-03,2014-01-02
PX_VOLUME,AMGN,ok,0,1,1,2014-01-02,2014-01-03,2014-01-02
PX_VOLUME,SYK,ok,0,1,1,2014-01-02,2014-01-03,2014-01-02
PX_VOLUME,MCK,ok,0,1,1,2014-01-02,2014-01-03,2014-01-02
PX_VOLUME,NOVN,ok,0,2,3,2014-01-02,2014-01-06,2014-01-02
PX_VOLUME,NKE,ok,0,1,1,2014-01-02,2014-01-03,2014-01-02
PX_VOLUME,ORLY,ok,0,1,1,2014-01-02,2014-01-03,2014-01-02
PX_VOLUME,DASH,ok,0,1,1,2020-12-09,2020-12-10,2020-12-09
PX_VOLUME,CFR,ok,0,2,3,2014-01-02,2014-01-06,2014-01-02
PX_VOLUME,TTD,ok,0,1,1,2016-09-21,2016-09-22,2016-09-21
PX_VOLUME,RBLX,ok,0,1,1,2021-03-10,2021-03-11,2021-03-10
PX_VOLUME,9432,ok,0,3,7,2014-01-02,2014-01-07,2014-01-02
PX_VOLUME,9433,ok,0,3,7,2014-01-02,2014-01-07,2014-01-02
PX_VOLUME,PEP,ok,0,1,1,2014-01-02,2014-01-03,2014-01-02
PX_VOLUME,MDLZ,ok,0,1,1,2014-01-02,2014-01-03,2014-01-02
PX_VOLUME,OR,ok,0,1,2,2014-01-02,2014-01-03,2014-01-02
PX_VOLUME,CVX,ok,0,1,1,2014-01-02,2014-01-03,2014-01-02
PX_VOLUME,TTE,ok,0,1,2,2014-01-02,2014-01-03,2014-01-02
PX_VOLUME,NEM,ok,0,1,1,2014-01-02,2014-01-03,2014-01-02
PX_VOLUME,SHW,ok,0,1,1,2014-01-02,2014-01-03,2014-01-02
PX_VOLUME,SO,ok,0,1,1,2014-01-02,2014-01-03,2014-01-02
PX_VOLUME,APP,ok,0,1,1,2021-04-15,2021-04-16,2021-04-15
PX_VOLUME,SNOW,ok,0,1,1,2020-09-16,2020-09-17,2020-09-16
PX_VOLUME,NET,ok,0,1,1,2019-09-13,2019-09-16,2019-09-13
PX_VOLUME,ZS,ok,0,1,1,2018-03-16,2018-03-19,2018-03-16
PX_VOLUME,TEAM,ok,0,1,1,2015-12-10,2015-12-11,2015-12-10
PX_VOLUME,COHR,ok,0,1,1,2014-01-02,2014-01-03,2014-01-02
PX_VOLUME,ON,ok,0,1,1,2014-01-02,2014-01-03,2014-01-02
PX_VOLUME,FICO,ok,0,1,1,2014-01-02,2014-01-03,2014-01-02
PX_VOLUME,HPE,ok,0,1,1,2015-10-20,2015-10-21,2015-10-20
PX_VOLUME,VRSN,ok,0,1,1,2014-01-02,2014-01-03,2014-01-02
PX_VOLUME,ASM,ok,0,1,2,2014-01-02,2014-01-03,2014-01-02
PX_VOLUME,MRSH,ok,0,1,1,2014-01-02,2014-01-03,2014-01-02
PX_VOLUME,APO,ok,0,1,1,2014-01-02,2014-01-03,2014-01-02
PX_VOLUME,MSCI,ok,0,1,1,2014-01-02,2014-01-03,2014-01-02
PX_VOLUME,BNY,ok,0,1,1,2014-01-02,2014-01-03,2014-01-02
PX_VOLUME,IBKR,ok,0,1,1,2014-01-02,2014-01-03,2014-01-02
PX_VOLUME,UBSG,ok,0,2,3,2014-01-02,2014-01-06,2014-01-02
PX_VOLUME,UCG,ok,0,1,3,2014-01-02,2014-01-03,2014-01-02
PX_VOLUME,8316,ok,0,3,7,2014-01-02,2014-01-07,2014-01-02
PX_VOLUME,ADP,ok,0,1,1,2014-01-02,2014-01-03,2014-01-02
PX_VOLUME,HWM,ok,0,1,1,2020-04-01,2020-04-02,2020-04-01
PX_VOLUME,WM,ok,0,1,1,2014-01-02,2014-01-03,2014-01-02
PX_VOLUME,PH,ok,0,1,1,2014-01-02,2014-01-03,2014-01-02
PX_VOLUME,REL,ok,0,1,3,2014-01-02,2014-01-03,2014-01-02
PX_VOLUME,7011,ok,0,3,7,2014-01-02,2014-01-07,2014-01-02
PX_VOLUME,ROP,ok,0,2,3,2014-01-02,2014-01-06,2014-01-02
PX_VOLUME,GILD,ok,0,1,1,2014-01-02,2014-01-03,2014-01-02
PX_VOLUME,PFE,ok,0,1,1,2014-01-02,2014-01-03,2014-01-02
PX_VOLUME,MDT,ok,0,1,1,2014-01-02,2014-01-03,2014-01-02
PX_VOLUME,HCA,ok,0,1,1,2014-01-02,2014-01-03,2014-01-02
PX_VOLUME,ZTS,ok,0,1,1,2014-01-02,2014-01-03,2014-01-02
PX_VOLUME,RMS,ok,0,1,2,2014-01-02,2014-01-03,2014-01-02
PX_VOLUME,6758,ok,0,3,7,2014-01-02,2014-01-07,2014-01-02
PX_VOLUME,CMG,ok,0,1,1,2014-01-02,2014-01-03,2014-01-02
PX_VOLUME,MAR,ok,0,1,1,2014-01-02,2014-01-03,2014-01-02
PX_VOLUME,GM,ok,0,1,1,2014-01-02,2014-01-03,2014-01-02
PX_VOLUME,GRMN,ok,0,1,1,2014-01-02,2014-01-03,2014-01-02
PX_VOLUME,RDDT,ok,0,1,1,2024-03-21,2024-03-22,2024-03-21
PX_VOLUME,LYV,ok,0,1,1,2014-01-02,2014-01-03,2014-01-02
PX_VOLUME,TKO,ok,0,1,1,2023-09-12,2023-09-13,2023-09-12
PX_VOLUME,MO,ok,0,1,1,2014-01-02,2014-01-03,2014-01-02
PX_VOLUME,CL,ok,0,1,1,2014-01-02,2014-01-03,2014-01-02
PX_VOLUME,MNST,ok,0,1,1,2014-01-02,2014-01-03,2014-01-02
PX_VOLUME,COP,ok,0,1,1,2014-01-02,2014-01-03,2014-01-02
PX_VOLUME,SLB,ok,0,1,1,2014-01-02,2014-01-03,2014-01-02
PX_VOLUME,APD,ok,0,1,1,2014-01-02,2014-01-03,2014-01-02
PX_VOLUME,4063,ok,0,3,7,2014-01-02,2014-01-07,2014-01-02
PX_VOLUME,NRG,ok,0,1,1,2014-01-02,2014-01-03,2014-01-02
PX_VOLUME,ENEL,ok,0,1,3,2014-01-02,2014-01-03,2014-01-02
PX_VOLUME,WELL,ok,0,1,1,2014-01-02,2014-01-03,2014-01-02
PUT_CALL_OPEN_INTEREST_RATIO,AAPL,ok,0,1,2,2014-01-02,2014-01-03,2014-01-02
PUT_CALL_OPEN_INTEREST_RATIO,MSFT,ok,0,1,2,2014-01-02,2014-01-03,2014-01-02
PUT_CALL_OPEN_INTEREST_RATIO,GOOGL,ok,0,1,4,2014-01-02,2014-01-03,2014-01-02
PUT_CALL_OPEN_INTEREST_RATIO,AMZN,ok,0,1,2,2014-01-02,2014-01-03,2014-01-02
PUT_CALL_OPEN_INTEREST_RATIO,META,ok,0,1,3,2014-01-02,2014-01-03,2014-01-02
PUT_CALL_OPEN_INTEREST_RATIO,NVDA,ok,0,1,2,2014-01-02,2014-01-03,2014-01-02
PUT_CALL_OPEN_INTEREST_RATIO,TSLA,ok,0,1,2,2014-01-02,2014-01-03,2014-01-02
PUT_CALL_OPEN_INTEREST_RATIO,PLTR,ok,0,6,2,2020-09-30,2020-10-08,2020-09-30
PUT_CALL_OPEN_INTEREST_RATIO,AVGO,ok,0,1,2,2014-01-02,2014-01-03,2014-01-02
PUT_CALL_OPEN_INTEREST_RATIO,MU,ok,0,1,3,2014-01-02,2014-01-03,2014-01-02
PUT_CALL_OPEN_INTEREST_RATIO,GEV,ok,0,5,3,2024-04-02,2024-04-09,2024-04-02
PUT_CALL_OPEN_INTEREST_RATIO,VRT,ok,0,411,4,2018-08-01,2020-03-20,2018-08-01
PUT_CALL_OPEN_INTEREST_RATIO,BE,ok,0,24,2,2018-07-25,2018-08-28,2018-07-25
PUT_CALL_OPEN_INTEREST_RATIO,LITE,ok,0,9,3,2015-07-27,2015-08-07,2015-07-27
PUT_CALL_OPEN_INTEREST_RATIO,UNH,ok,0,1,3,2014-01-02,2014-01-03,2014-01-02
PUT_CALL_OPEN_INTEREST_RATIO,LLY,ok,0,1,4,2014-01-02,2014-01-03,2014-01-02
PUT_CALL_OPEN_INTEREST_RATIO,ISRG,ok,0,1,2,2014-01-02,2014-01-03,2014-01-02
PUT_CALL_OPEN_INTEREST_RATIO,ABBV,ok,0,1,2,2014-01-02,2014-01-03,2014-01-02
PUT_CALL_OPEN_INTEREST_RATIO,REGN,ok,0,1,3,2014-01-02,2014-01-03,2014-01-02
PUT_CALL_OPEN_INTEREST_RATIO,JPM,ok,0,1,2,2014-01-02,2014-01-03,2014-01-02
PUT_CALL_OPEN_INTEREST_RATIO,V,ok,0,1,2,2014-01-02,2014-01-03,2014-01-02
PUT_CALL_OPEN_INTEREST_RATIO,MA,ok,0,1,3,2014-01-02,2014-01-03,2014-01-02
PUT_CALL_OPEN_INTEREST_RATIO,BLK,ok,0,1,2,2014-01-02,2014-01-03,2014-01-02
PUT_CALL_OPEN_INTEREST_RATIO,SPGI,ok,0,1,5,2014-01-02,2014-01-03,2014-01-02
PUT_CALL_OPEN_INTEREST_RATIO,GS,ok,0,1,2,2014-01-02,2014-01-03,2014-01-02
PUT_CALL_OPEN_INTEREST_RATIO,COST,ok,0,1,4,2014-01-02,2014-01-03,2014-01-02
PUT_CALL_OPEN_INTEREST_RATIO,HD,ok,0,1,3,2014-01-02,2014-01-03,2014-01-02
PUT_CALL_OPEN_INTEREST_RATIO,PG,ok,0,1,2,2014-01-02,2014-01-03,2014-01-02
PUT_CALL_OPEN_INTEREST_RATIO,MCD,ok,0,1,2,2014-01-02,2014-01-03,2014-01-02
PUT_CALL_OPEN_INTEREST_RATIO,WMT,ok,0,1,2,2014-01-02,2014-01-03,2014-01-02
PUT_CALL_OPEN_INTEREST_RATIO,CAT,ok,0,1,3,2014-01-02,2014-01-03,2014-01-02
PUT_CALL_OPEN_INTEREST_RATIO,HON,ok,0,1,2,2014-01-02,2014-01-03,2014-01-02
PUT_CALL_OPEN_INTEREST_RATIO,DE,ok,0,1,2,2014-01-02,2014-01-03,2014-01-02
PUT_CALL_OPEN_INTEREST_RATIO,UNP,ok,0,1,3,2014-01-02,2014-01-03,2014-01-02
PUT_CALL_OPEN_INTEREST_RATIO,LMT,ok,0,1,3,2014-01-02,2014-01-03,2014-01-02
PUT_CALL_OPEN_INTEREST_RATIO,ETN,ok,0,1,2,2014-01-02,2014-01-03,2014-01-02
PUT_CALL_OPEN_INTEREST_RATIO,XOM,ok,0,1,2,2014-01-02,2014-01-03,2014-01-02
PUT_CALL_OPEN_INTEREST_RATIO,LNG,ok,0,1,2,2014-01-02,2014-01-03,2014-01-02
PUT_CALL_OPEN_INTEREST_RATIO,FCX,ok,0,1,2,2014-01-02,2014-01-03,2014-01-02
PUT_CALL_OPEN_INTEREST_RATIO,LIN,ok,0,1,4,2014-01-02,2014-01-03,2014-01-02
PUT_CALL_OPEN_INTEREST_RATIO,NEE,ok,0,1,2,2014-01-02,2014-01-03,2014-01-02
PUT_CALL_OPEN_INTEREST_RATIO,AMT,ok,0,1,4,2014-01-02,2014-01-03,2014-01-02
PUT_CALL_OPEN_INTEREST_RATIO,EQIX,ok,0,1,3,2014-01-02,2014-01-03,2014-01-02
PUT_CALL_OPEN_INTEREST_RATIO,TMUS,ok,0,1,2,2014-01-02,2014-01-03,2014-01-02
PUT_CALL_OPEN_INTEREST_RATIO,PLD,ok,0,1,2,2014-01-02,2014-01-03,2014-01-02
PUT_CALL_OPEN_INTEREST_RATIO,AMD,ok,0,1,2,2014-01-02,2014-01-03,2014-01-02
PUT_CALL_OPEN_INTEREST_RATIO,CRM,ok,0,1,2,2014-01-02,2014-01-03,2014-01-02
PUT_CALL_OPEN_INTEREST_RATIO,NFLX,ok,0,1,3,2014-01-02,2014-01-03,2014-01-02
PUT_CALL_OPEN_INTEREST_RATIO,TER,ok,0,1,3,2014-01-02,2014-01-03,2014-01-02
PUT_CALL_OPEN_INTEREST_RATIO,GLW,ok,0,1,2,2014-01-02,2014-01-03,2014-01-02
PUT_CALL_OPEN_INTEREST_RATIO,JNJ,ok,0,1,2,2014-01-02,2014-01-03,2014-01-02
PUT_CALL_OPEN_INTEREST_RATIO,WFC,ok,0,1,2,2014-01-02,2014-01-03,2014-01-02
PUT_CALL_OPEN_INTEREST_RATIO,MPC,ok,0,1,2,2014-01-02,2014-01-03,2014-01-02
PUT_CALL_OPEN_INTEREST_RATIO,LRCX,ok,0,1,2,2014-01-02,2014-01-03,2014-01-02
PUT_CALL_OPEN_INTEREST_RATIO,AMAT,ok,0,1,2,2014-01-02,2014-01-03,2014-01-02
PUT_CALL_OPEN_INTEREST_RATIO,PANW,ok,0,1,2,2014-01-02,2014-01-03,2014-01-02
PUT_CALL_OPEN_INTEREST_RATIO,FN,ok,0,1,10,2014-01-02,2014-01-03,2014-01-02
PUT_CALL_OPEN_INTEREST_RATIO,MPWR,ok,0,1,9,2014-01-02,2014-01-03,2014-01-02
PUT_CALL_OPEN_INTEREST_RATIO,BAC,ok,0,1,2,2014-01-02,2014-01-03,2014-01-02
PUT_CALL_OPEN_INTEREST_RATIO,CSCO,ok,0,1,2,2014-01-02,2014-01-03,2014-01-02
PUT_CALL_OPEN_INTEREST_RATIO,INTC,ok,0,1,2,2014-01-02,2014-01-03,2014-01-02
PUT_CALL_OPEN_INTEREST_RATIO,ORCL,ok,0,1,2,2014-01-02,2014-01-03,2014-01-02
PUT_CALL_OPEN_INTEREST_RATIO,TSM,ok,0,1,2,2014-01-02,2014-01-03,2014-01-02
PUT_CALL_OPEN_INTEREST_RATIO,SNDK,ok,0,7,3,2025-02-24,2025-03-05,2025-02-24
PUT_CALL_OPEN_INTEREST_RATIO,KLAC,ok,0,1,6,2014-01-02,2014-01-03,2014-01-02
PUT_CALL_OPEN_INTEREST_RATIO,ANET,ok,0,40,2,2014-06-06,2014-08-04,2014-06-06
PUT_CALL_OPEN_INTEREST_RATIO,MRVL,ok,0,1,2,2014-01-02,2014-01-03,2014-01-02
PUT_CALL_OPEN_INTEREST_RATIO,CDNS,ok,0,1,5,2014-01-02,2014-01-03,2014-01-02
PUT_CALL_OPEN_INTEREST_RATIO,STX,ok,0,1,2,2014-01-02,2014-01-03,2014-01-02
PUT_CALL_OPEN_INTEREST_RATIO,PWR,ok,0,1,3,2014-01-02,2014-01-03,2014-01-02
PUT_CALL_OPEN_INTEREST_RATIO,BX,ok,0,1,2,2014-01-02,2014-01-03,2014-01-02
PUT_CALL_OPEN_INTEREST_RATIO,TMO,ok,0,1,3,2014-01-02,2014-01-03,2014-01-02
PUT_CALL_OPEN_INTEREST_RATIO,BSX,ok,0,1,2,2014-01-02,2014-01-03,2014-01-02
PUT_CALL_OPEN_INTEREST_RATIO,BKNG,ok,0,1,3,2014-01-02,2014-01-03,2014-01-02
PUT_CALL_OPEN_INTEREST_RATIO,PM,ok,0,1,2,2014-01-02,2014-01-03,2014-01-02
PUT_CALL_OPEN_INTEREST_RATIO,WMB,ok,0,1,2,2014-01-02,2014-01-03,2014-01-02
PUT_CALL_OPEN_INTEREST_RATIO,CEG,ok,0,7,2,2022-02-02,2022-02-11,2022-02-02
PUT_CALL_OPEN_INTEREST_RATIO,VST,ok,0,201,19,2016-10-05,2017-07-25,2016-10-05
PUT_CALL_OPEN_INTEREST_RATIO,DLR,ok,0,1,2,2014-01-02,2014-01-03,2014-01-02
PUT_CALL_OPEN_INTEREST_RATIO,ARM,ok,0,4,2,2023-09-14,2023-09-20,2023-09-14
PUT_CALL_OPEN_INTEREST_RATIO,SPOT,ok,0,6,2,2018-04-03,2018-04-11,2018-04-03
PUT_CALL_OPEN_INTEREST_RATIO,RACE,ok,0,8,2,2015-10-21,2015-11-02,2015-10-21
PUT_CALL_OPEN_INTEREST_RATIO,QCOM,ok,0,1,2,2014-01-02,2014-01-03,2014-01-02
PUT_CALL_OPEN_INTEREST_RATIO,TXN,ok,0,1,2,2014-01-02,2014-01-03,2014-01-02
PUT_CALL_OPEN_INTEREST_RATIO,ADBE,ok,0,1,3,2014-01-02,2014-01-03,2014-01-02
PUT_CALL_OPEN_INTEREST_RATIO,NOW,ok,0,1,7,2014-01-02,2014-01-03,2014-01-02
PUT_CALL_OPEN_INTEREST_RATIO,ACN,ok,0,1,2,2014-01-02,2014-01-03,2014-01-02
PUT_CALL_OPEN_INTEREST_RATIO,IBM,ok,0,1,2,2014-01-02,2014-01-03,2014-01-02
PUT_CALL_OPEN_INTEREST_RATIO,ADI,ok,0,1,2,2014-01-02,2014-01-03,2014-01-02
PUT_CALL_OPEN_INTEREST_RATIO,DELL,ok,0,3,3,2018-12-28,2019-01-03,2018-12-28
PUT_CALL_OPEN_INTEREST_RATIO,MS,ok,0,1,2,2014-01-02,2014-01-03,2014-01-02
PUT_CALL_OPEN_INTEREST_RATIO,SCHW,ok,0,1,2,2014-01-02,2014-01-03,2014-01-02
PUT_CALL_OPEN_INTEREST_RATIO,AXP,ok,0,1,2,2014-01-02,2014-01-03,2014-01-02
PUT_CALL_OPEN_INTEREST_RATIO,PGR,ok,0,1,4,2014-01-02,2014-01-03,2014-01-02
PUT_CALL_OPEN_INTEREST_RATIO,AON,ok,0,1,2,2014-01-02,2014-01-03,2014-01-02
PUT_CALL_OPEN_INTEREST_RATIO,CME,ok,0,1,3,2014-01-02,2014-01-03,2014-01-02
PUT_CALL_OPEN_INTEREST_RATIO,KKR,ok,0,1,3,2014-01-02,2014-01-03,2014-01-02
PUT_CALL_OPEN_INTEREST_RATIO,BN,ok,0,1,2,2022-12-12,2022-12-13,2022-12-12
PUT_CALL_OPEN_INTEREST_RATIO,C,ok,0,1,2,2014-01-02,2014-01-03,2014-01-02
PUT_CALL_OPEN_INTEREST_RATIO,DIS,ok,0,1,2,2014-01-02,2014-01-03,2014-01-02
PUT_CALL_OPEN_INTEREST_RATIO,CMCSA,ok,0,1,2,2014-01-02,2014-01-03,2014-01-02
PUT_CALL_OPEN_INTEREST_RATIO,VZ,ok,0,1,3,2014-01-02,2014-01-03,2014-01-02
PUT_CALL_OPEN_INTEREST_RATIO,T,ok,0,1,2,2014-01-02,2014-01-03,2014-01-02
PUT_CALL_OPEN_INTEREST_RATIO,TTWO,ok,0,1,2,2014-01-02,2014-01-03,2014-01-02
PUT_CALL_OPEN_INTEREST_RATIO,LOW,ok,0,1,3,2014-01-02,2014-01-03,2014-01-02
PUT_CALL_OPEN_INTEREST_RATIO,TJX,ok,0,1,2,2014-01-02,2014-01-03,2014-01-02
PUT_CALL_OPEN_INTEREST_RATIO,SBUX,ok,0,1,2,2014-01-02,2014-01-03,2014-01-02
PUT_CALL_OPEN_INTEREST_RATIO,ABNB,ok,0,6,2,2020-12-10,2020-12-18,2020-12-10
PUT_CALL_OPEN_INTEREST_RATIO,ABT,ok,0,1,2,2014-01-02,2014-01-03,2014-01-02
PUT_CALL_OPEN_INTEREST_RATIO,DHR,ok,0,1,3,2014-01-02,2014-01-03,2014-01-02
PUT_CALL_OPEN_INTEREST_RATIO,VRTX,ok,0,1,2,2014-01-02,2014-01-03,2014-01-02
PUT_CALL_OPEN_INTEREST_RATIO,GE,ok,0,1,2,2024-04-02,2024-04-03,2024-04-02
PUT_CALL_OPEN_INTEREST_RATIO,TT,ok,0,1,2,2020-03-02,2020-03-03,2020-03-02
PUT_CALL_OPEN_INTEREST_RATIO,KO,ok,0,1,2,2014-01-02,2014-01-03,2014-01-02
PUT_CALL_OPEN_INTEREST_RATIO,ECL,ok,0,1,2,2014-01-02,2014-01-03,2014-01-02
PUT_CALL_OPEN_INTEREST_RATIO,INTU,ok,0,1,3,2014-01-02,2014-01-03,2014-01-02
PUT_CALL_OPEN_INTEREST_RATIO,SNPS,ok,0,1,8,2014-01-02,2014-01-03,2014-01-02
PUT_CALL_OPEN_INTEREST_RATIO,APH,ok,0,1,5,2014-01-02,2014-01-03,2014-01-02
PUT_CALL_OPEN_INTEREST_RATIO,MSI,ok,0,1,2,2014-01-02,2014-01-03,2014-01-02
PUT_CALL_OPEN_INTEREST_RATIO,CRWD,ok,0,6,2,2019-06-12,2019-06-20,2019-06-12
PUT_CALL_OPEN_INTEREST_RATIO,NXPI,ok,0,1,3,2014-01-02,2014-01-03,2014-01-02
PUT_CALL_OPEN_INTEREST_RATIO,KEYS,ok,0,16,6,2014-10-21,2014-11-12,2014-10-21
PUT_CALL_OPEN_INTEREST_RATIO,ADSK,ok,0,1,2,2014-01-02,2014-01-03,2014-01-02
PUT_CALL_OPEN_INTEREST_RATIO,WDAY,ok,0,1,2,2014-01-02,2014-01-03,2014-01-02
PUT_CALL_OPEN_INTEREST_RATIO,WDC,ok,0,1,1,2025-02-24,2025-02-25,2025-02-24
PUT_CALL_OPEN_INTEREST_RATIO,DDOG,ok,0,11,2,2019-09-19,2019-10-04,2019-09-19
PUT_CALL_OPEN_INTEREST_RATIO,FTNT,ok,0,1,2,2014-01-02,2014-01-03,2014-01-02
PUT_CALL_OPEN_INTEREST_RATIO,BRK/B,ok,0,1,2,2014-01-02,2014-01-03,2014-01-02
PUT_CALL_OPEN_INTEREST_RATIO,CB,ok,0,1,4,2014-01-02,2014-01-03,2014-01-02
PUT_CALL_OPEN_INTEREST_RATIO,ICE,ok,0,1,4,2014-01-02,2014-01-03,2014-01-02
PUT_CALL_OPEN_INTEREST_RATIO,MCO,ok,0,1,2,2014-01-02,2014-01-03,2014-01-02
PUT_CALL_OPEN_INTEREST_RATIO,PYPL,ok,0,11,2,2015-07-07,2015-07-22,2015-07-07
PUT_CALL_OPEN_INTEREST_RATIO,COF,ok,0,1,1,2025-05-19,2025-05-20,2025-05-19
PUT_CALL_OPEN_INTEREST_RATIO,RTX,ok,0,1,3,2014-01-02,2014-01-03,2014-01-02
PUT_CALL_OPEN_INTEREST_RATIO,EMR,ok,0,1,2,2014-01-02,2014-01-03,2014-01-02
PUT_CALL_OPEN_INTEREST_RATIO,AXON,ok,0,1,3,2014-01-02,2014-01-03,2014-01-02
PUT_CALL_OPEN_INTEREST_RATIO,UBER,ok,0,6,2,2019-05-10,2019-05-20,2019-05-10
PUT_CALL_OPEN_INTEREST_RATIO,MRK,ok,0,1,3,2014-01-02,2014-01-03,2014-01-02
PUT_CALL_OPEN_INTEREST_RATIO,AMGN,ok,0,1,3,2014-01-02,2014-01-03,2014-01-02
PUT_CALL_OPEN_INTEREST_RATIO,SYK,ok,0,1,2,2014-01-02,2014-01-03,2014-01-02
PUT_CALL_OPEN_INTEREST_RATIO,MCK,ok,0,1,4,2014-01-02,2014-01-03,2014-01-02
PUT_CALL_OPEN_INTEREST_RATIO,NKE,ok,0,1,2,2014-01-02,2014-01-03,2014-01-02
PUT_CALL_OPEN_INTEREST_RATIO,ORLY,ok,0,2,3,2014-01-02,2014-01-06,2014-01-02
PUT_CALL_OPEN_INTEREST_RATIO,DASH,ok,0,6,2,2020-12-09,2020-12-17,2020-12-09
PUT_CALL_OPEN_INTEREST_RATIO,TTD,ok,0,146,2,2016-09-21,2017-04-21,2016-09-21
PUT_CALL_OPEN_INTEREST_RATIO,RBLX,ok,0,6,2,2021-03-10,2021-03-18,2021-03-10
PUT_CALL_OPEN_INTEREST_RATIO,PEP,ok,0,1,3,2014-01-02,2014-01-03,2014-01-02
PUT_CALL_OPEN_INTEREST_RATIO,MDLZ,ok,0,1,2,2014-01-02,2014-01-03,2014-01-02
PUT_CALL_OPEN_INTEREST_RATIO,CVX,ok,0,1,2,2014-01-02,2014-01-03,2014-01-02
PUT_CALL_OPEN_INTEREST_RATIO,NEM,ok,0,1,2,2014-01-02,2014-01-03,2014-01-02
PUT_CALL_OPEN_INTEREST_RATIO,SHW,ok,0,1,4,2014-01-02,2014-01-03,2014-01-02
PUT_CALL_OPEN_INTEREST_RATIO,SO,ok,0,1,2,2014-01-02,2014-01-03,2014-01-02
PUT_CALL_OPEN_INTEREST_RATIO,APP,ok,0,6,2,2021-04-15,2021-04-23,2021-04-15
PUT_CALL_OPEN_INTEREST_RATIO,SNOW,ok,0,6,2,2020-09-16,2020-09-24,2020-09-16
PUT_CALL_OPEN_INTEREST_RATIO,NET,ok,0,9,2,2019-09-13,2019-09-26,2019-09-13
PUT_CALL_OPEN_INTEREST_RATIO,ZS,ok,0,9,2,2018-03-16,2018-03-29,2018-03-16
PUT_CALL_OPEN_INTEREST_RATIO,TEAM,ok,0,10,2,2015-12-10,2015-12-24,2015-12-10
PUT_CALL_OPEN_INTEREST_RATIO,COHR,ok,0,3,13,2014-01-02,2014-01-07,2014-01-02
PUT_CALL_OPEN_INTEREST_RATIO,ON,ok,0,1,4,2014-01-02,2014-01-03,2014-01-02
PUT_CALL_OPEN_INTEREST_RATIO,FICO,ok,0,1,16,2014-01-02,2014-01-03,2014-01-02
PUT_CALL_OPEN_INTEREST_RATIO,HPE,ok,0,11,2,2015-10-20,2015-11-04,2015-10-20
PUT_CALL_OPEN_INTEREST_RATIO,VRSN,ok,0,1,2,2014-01-02,2014-01-03,2014-01-02
PUT_CALL_OPEN_INTEREST_RATIO,MRSH,ok,0,1,2,2014-01-02,2014-01-03,2014-01-02
PUT_CALL_OPEN_INTEREST_RATIO,APO,ok,0,1,2,2014-01-02,2014-01-03,2014-01-02
PUT_CALL_OPEN_INTEREST_RATIO,MSCI,ok,0,1,18,2014-01-02,2014-01-03,2014-01-02
PUT_CALL_OPEN_INTEREST_RATIO,BNY,ok,0,1,2,2014-01-02,2014-01-03,2014-01-02
PUT_CALL_OPEN_INTEREST_RATIO,IBKR,ok,0,1,2,2014-01-02,2014-01-03,2014-01-02
PUT_CALL_OPEN_INTEREST_RATIO,ADP,ok,0,1,2,2014-01-02,2014-01-03,2014-01-02
PUT_CALL_OPEN_INTEREST_RATIO,HWM,ok,0,2,4,2020-04-01,2020-04-03,2020-04-01
PUT_CALL_OPEN_INTEREST_RATIO,WM,ok,0,1,2,2014-01-02,2014-01-03,2014-01-02
PUT_CALL_OPEN_INTEREST_RATIO,PH,ok,0,1,2,2014-01-02,2014-01-03,2014-01-02
PUT_CALL_OPEN_INTEREST_RATIO,GILD,ok,0,1,3,2014-01-02,2014-01-03,2014-01-02
PUT_CALL_OPEN_INTEREST_RATIO,PFE,ok,0,1,2,2014-01-02,2014-01-03,2014-01-02
PUT_CALL_OPEN_INTEREST_RATIO,MDT,ok,0,1,2,2014-01-02,2014-01-03,2014-01-02
PUT_CALL_OPEN_INTEREST_RATIO,HCA,ok,0,1,2,2014-01-02,2014-01-03,2014-01-02
PUT_CALL_OPEN_INTEREST_RATIO,ZTS,ok,0,1,2,2014-01-02,2014-01-03,2014-01-02
PUT_CALL_OPEN_INTEREST_RATIO,CMG,ok,0,1,3,2014-01-02,2014-01-03,2014-01-02
PUT_CALL_OPEN_INTEREST_RATIO,MAR,ok,0,1,2,2014-01-02,2014-01-03,2014-01-02
PUT_CALL_OPEN_INTEREST_RATIO,GM,ok,0,1,2,2014-01-02,2014-01-03,2014-01-02
PUT_CALL_OPEN_INTEREST_RATIO,GRMN,ok,0,1,2,2014-01-02,2014-01-03,2014-01-02
PUT_CALL_OPEN_INTEREST_RATIO,RDDT,ok,0,4,2,2024-03-21,2024-03-27,2024-03-21
PUT_CALL_OPEN_INTEREST_RATIO,LYV,ok,0,1,4,2014-01-02,2014-01-03,2014-01-02
PUT_CALL_OPEN_INTEREST_RATIO,TKO,ok,0,1,2,2023-09-12,2023-09-13,2023-09-12
PUT_CALL_OPEN_INTEREST_RATIO,MO,ok,0,1,2,2014-01-02,2014-01-03,2014-01-02
PUT_CALL_OPEN_INTEREST_RATIO,CL,ok,0,1,2,2014-01-02,2014-01-03,2014-01-02
PUT_CALL_OPEN_INTEREST_RATIO,MNST,ok,0,1,3,2014-01-02,2014-01-03,2014-01-02
PUT_CALL_OPEN_INTEREST_RATIO,COP,ok,0,1,2,2014-01-02,2014-01-03,2014-01-02
PUT_CALL_OPEN_INTEREST_RATIO,SLB,ok,0,1,2,2014-01-02,2014-01-03,2014-01-02
PUT_CALL_OPEN_INTEREST_RATIO,APD,ok,0,1,2,2014-01-02,2014-01-03,2014-01-02
PUT_CALL_OPEN_INTEREST_RATIO,NRG,ok,0,1,2,2014-01-02,2014-01-03,2014-01-02
PUT_CALL_OPEN_INTEREST_RATIO,WELL,ok,0,1,2,2014-01-02,2014-01-03,2014-01-02
1M_PUT_IMP_VOL_25DELTA_DFLT,AAPL,ok,0,1,2,2014-01-02,2014-01-03,2014-01-02
1M_PUT_IMP_VOL_25DELTA_DFLT,MSFT,ok,0,1,2,2014-01-02,2014-01-03,2014-01-02
1M_PUT_IMP_VOL_25DELTA_DFLT,GOOGL,ok,0,1,2,2014-01-02,2014-01-03,2014-01-02
1M_PUT_IMP_VOL_25DELTA_DFLT,AMZN,ok,0,1,2,2014-01-02,2014-01-03,2014-01-02
1M_PUT_IMP_VOL_25DELTA_DFLT,META,ok,0,1,2,2014-01-02,2014-01-03,2014-01-02
1M_PUT_IMP_VOL_25DELTA_DFLT,NVDA,ok,0,1,2,2014-01-02,2014-01-03,2014-01-02
1M_PUT_IMP_VOL_25DELTA_DFLT,TSLA,ok,0,1,2,2014-01-02,2014-01-03,2014-01-02
1M_PUT_IMP_VOL_25DELTA_DFLT,PLTR,ok,0,5,1,2020-09-30,2020-10-07,2020-09-30
1M_PUT_IMP_VOL_25DELTA_DFLT,AVGO,ok,0,1,3,2014-01-02,2014-01-03,2014-01-02
1M_PUT_IMP_VOL_25DELTA_DFLT,MU,ok,0,1,2,2014-01-02,2014-01-03,2014-01-02
1M_PUT_IMP_VOL_25DELTA_DFLT,GEV,ok,0,4,1,2024-04-02,2024-04-08,2024-04-02
1M_PUT_IMP_VOL_25DELTA_DFLT,VRT,ok,0,404,1,2018-08-01,2020-03-11,2018-08-01
1M_PUT_IMP_VOL_25DELTA_DFLT,BE,ok,0,23,2,2018-07-25,2018-08-27,2018-07-25
1M_PUT_IMP_VOL_25DELTA_DFLT,LITE,ok,0,8,1,2015-07-27,2015-08-06,2015-07-27
1M_PUT_IMP_VOL_25DELTA_DFLT,000660,ok,0,222,7,2014-01-02,2014-11-18,2014-01-02
1M_PUT_IMP_VOL_25DELTA_DFLT,005930,ok,0,1,153,2014-01-02,2014-01-03,2014-01-02
1M_PUT_IMP_VOL_25DELTA_DFLT,UNH,ok,0,1,2,2014-01-02,2014-01-03,2014-01-02
1M_PUT_IMP_VOL_25DELTA_DFLT,LLY,ok,0,1,2,2014-01-02,2014-01-03,2014-01-02
1M_PUT_IMP_VOL_25DELTA_DFLT,ISRG,ok,0,1,2,2014-01-02,2014-01-03,2014-01-02
1M_PUT_IMP_VOL_25DELTA_DFLT,ABBV,ok,0,1,3,2014-01-02,2014-01-03,2014-01-02
1M_PUT_IMP_VOL_25DELTA_DFLT,REGN,ok,0,1,2,2014-01-02,2014-01-03,2014-01-02
1M_PUT_IMP_VOL_25DELTA_DFLT,JPM,ok,0,1,2,2014-01-02,2014-01-03,2014-01-02
1M_PUT_IMP_VOL_25DELTA_DFLT,V,ok,0,1,2,2014-01-02,2014-01-03,2014-01-02
1M_PUT_IMP_VOL_25DELTA_DFLT,MA,ok,0,1,2,2014-01-02,2014-01-03,2014-01-02
1M_PUT_IMP_VOL_25DELTA_DFLT,BLK,ok,0,1,2,2014-01-02,2014-01-03,2014-01-02
1M_PUT_IMP_VOL_25DELTA_DFLT,SPGI,ok,0,1,2,2014-01-02,2014-01-03,2014-01-02
1M_PUT_IMP_VOL_25DELTA_DFLT,GS,ok,0,1,2,2014-01-02,2014-01-03,2014-01-02
1M_PUT_IMP_VOL_25DELTA_DFLT,COST,ok,0,1,2,2014-01-02,2014-01-03,2014-01-02
1M_PUT_IMP_VOL_25DELTA_DFLT,HD,ok,0,1,2,2014-01-02,2014-01-03,2014-01-02
1M_PUT_IMP_VOL_25DELTA_DFLT,PG,ok,0,1,2,2014-01-02,2014-01-03,2014-01-02
1M_PUT_IMP_VOL_25DELTA_DFLT,MCD,ok,0,1,2,2014-01-02,2014-01-03,2014-01-02
1M_PUT_IMP_VOL_25DELTA_DFLT,WMT,ok,0,1,2,2014-01-02,2014-01-03,2014-01-02
1M_PUT_IMP_VOL_25DELTA_DFLT,CAT,ok,0,1,2,2014-01-02,2014-01-03,2014-01-02
1M_PUT_IMP_VOL_25DELTA_DFLT,HON,ok,0,1,2,2014-01-02,2014-01-03,2014-01-02
1M_PUT_IMP_VOL_25DELTA_DFLT,DE,ok,0,1,2,2014-01-02,2014-01-03,2014-01-02
1M_PUT_IMP_VOL_25DELTA_DFLT,UNP,ok,0,1,2,2014-01-02,2014-01-03,2014-01-02
1M_PUT_IMP_VOL_25DELTA_DFLT,LMT,ok,0,1,3,2014-01-02,2014-01-03,2014-01-02
1M_PUT_IMP_VOL_25DELTA_DFLT,ETN,ok,0,1,2,2014-01-02,2014-01-03,2014-01-02
1M_PUT_IMP_VOL_25DELTA_DFLT,XOM,ok,0,1,2,2014-01-02,2014-01-03,2014-01-02
1M_PUT_IMP_VOL_25DELTA_DFLT,LNG,ok,0,1,2,2014-01-02,2014-01-03,2014-01-02
1M_PUT_IMP_VOL_25DELTA_DFLT,FCX,ok,0,1,2,2014-01-02,2014-01-03,2014-01-02
1M_PUT_IMP_VOL_25DELTA_DFLT,LIN,ok,0,1,4,2014-01-02,2014-01-03,2014-01-02
1M_PUT_IMP_VOL_25DELTA_DFLT,NEE,ok,0,1,2,2014-01-02,2014-01-03,2014-01-02
1M_PUT_IMP_VOL_25DELTA_DFLT,AMT,ok,0,1,2,2014-01-02,2014-01-03,2014-01-02
1M_PUT_IMP_VOL_25DELTA_DFLT,EQIX,ok,0,1,2,2014-01-02,2014-01-03,2014-01-02
1M_PUT_IMP_VOL_25DELTA_DFLT,TMUS,ok,0,1,2,2014-01-02,2014-01-03,2014-01-02
1M_PUT_IMP_VOL_25DELTA_DFLT,PLD,ok,0,1,3,2014-01-02,2014-01-03,2014-01-02
1M_PUT_IMP_VOL_25DELTA_DFLT,AMD,ok,0,1,4,2014-01-02,2014-01-03,2014-01-02
1M_PUT_IMP_VOL_25DELTA_DFLT,CRM,ok,0,1,2,2014-01-02,2014-01-03,2014-01-02
1M_PUT_IMP_VOL_25DELTA_DFLT,NFLX,ok,0,1,2,2014-01-02,2014-01-03,2014-01-02
1M_PUT_IMP_VOL_25DELTA_DFLT,TER,ok,0,1,4,2014-01-02,2014-01-03,2014-01-02
1M_PUT_IMP_VOL_25DELTA_DFLT,GLW,ok,0,1,2,2014-01-02,2014-01-03,2014-01-02
1M_PUT_IMP_VOL_25DELTA_DFLT,JNJ,ok,0,1,2,2014-01-02,2014-01-03,2014-01-02
1M_PUT_IMP_VOL_25DELTA_DFLT,WFC,ok,0,1,2,2014-01-02,2014-01-03,2014-01-02
1M_PUT_IMP_VOL_25DELTA_DFLT,MPC,ok,0,1,2,2014-01-02,2014-01-03,2014-01-02
1M_PUT_IMP_VOL_25DELTA_DFLT,LRCX,ok,0,1,3,2014-01-02,2014-01-03,2014-01-02
1M_PUT_IMP_VOL_25DELTA_DFLT,AMAT,ok,0,1,2,2014-01-02,2014-01-03,2014-01-02
1M_PUT_IMP_VOL_25DELTA_DFLT,PANW,ok,0,1,2,2014-01-02,2014-01-03,2014-01-02
1M_PUT_IMP_VOL_25DELTA_DFLT,FN,ok,0,1,6,2014-01-02,2014-01-03,2014-01-02
1M_PUT_IMP_VOL_25DELTA_DFLT,MPWR,ok,0,1,9,2014-01-02,2014-01-03,2014-01-02
1M_PUT_IMP_VOL_25DELTA_DFLT,BAC,ok,0,1,2,2014-01-02,2014-01-03,2014-01-02
1M_PUT_IMP_VOL_25DELTA_DFLT,CSCO,ok,0,1,2,2014-01-02,2014-01-03,2014-01-02
1M_PUT_IMP_VOL_25DELTA_DFLT,INTC,ok,0,1,2,2014-01-02,2014-01-03,2014-01-02
1M_PUT_IMP_VOL_25DELTA_DFLT,ORCL,ok,0,1,2,2014-01-02,2014-01-03,2014-01-02
1M_PUT_IMP_VOL_25DELTA_DFLT,TSM,ok,0,1,8,2014-01-02,2014-01-03,2014-01-02
1M_PUT_IMP_VOL_25DELTA_DFLT,SNDK,ok,0,6,1,2025-02-24,2025-03-04,2025-02-24
1M_PUT_IMP_VOL_25DELTA_DFLT,KLAC,ok,0,1,3,2014-01-02,2014-01-03,2014-01-02
1M_PUT_IMP_VOL_25DELTA_DFLT,ANET,ok,0,39,2,2014-06-06,2014-08-01,2014-06-06
1M_PUT_IMP_VOL_25DELTA_DFLT,MRVL,ok,0,1,2,2014-01-02,2014-01-03,2014-01-02
1M_PUT_IMP_VOL_25DELTA_DFLT,CDNS,ok,0,2,9,2014-01-02,2014-01-06,2014-01-02
1M_PUT_IMP_VOL_25DELTA_DFLT,STX,ok,0,1,2,2014-01-02,2014-01-03,2014-01-02
1M_PUT_IMP_VOL_25DELTA_DFLT,PWR,ok,0,1,3,2014-01-02,2014-01-03,2014-01-02
1M_PUT_IMP_VOL_25DELTA_DFLT,BX,ok,0,1,2,2014-01-02,2014-01-03,2014-01-02
1M_PUT_IMP_VOL_25DELTA_DFLT,TMO,ok,0,1,2,2014-01-02,2014-01-03,2014-01-02
1M_PUT_IMP_VOL_25DELTA_DFLT,BSX,ok,0,1,3,2014-01-02,2014-01-03,2014-01-02
1M_PUT_IMP_VOL_25DELTA_DFLT,BKNG,ok,0,1,2,2014-01-02,2014-01-03,2014-01-02
1M_PUT_IMP_VOL_25DELTA_DFLT,PM,ok,0,1,2,2014-01-02,2014-01-03,2014-01-02
1M_PUT_IMP_VOL_25DELTA_DFLT,WMB,ok,0,1,2,2014-01-02,2014-01-03,2014-01-02
1M_PUT_IMP_VOL_25DELTA_DFLT,CEG,ok,0,6,1,2022-02-02,2022-02-10,2022-02-02
1M_PUT_IMP_VOL_25DELTA_DFLT,VST,ok,0,156,20,2016-10-05,2017-05-19,2016-10-05
1M_PUT_IMP_VOL_25DELTA_DFLT,DLR,ok,0,1,4,2014-01-02,2014-01-03,2014-01-02
1M_PUT_IMP_VOL_25DELTA_DFLT,ARM,ok,0,3,1,2023-09-14,2023-09-19,2023-09-14
1M_PUT_IMP_VOL_25DELTA_DFLT,SPOT,ok,0,5,1,2018-04-03,2018-04-10,2018-04-03
1M_PUT_IMP_VOL_25DELTA_DFLT,RACE,ok,0,7,1,2015-10-21,2015-10-30,2015-10-21
1M_PUT_IMP_VOL_25DELTA_DFLT,285A,ok,0,405,4,2024-12-18,2026-08-04,2024-12-18
1M_PUT_IMP_VOL_25DELTA_DFLT,6857,ok,0,3,1166,2014-01-02,2014-01-07,2014-01-02
1M_PUT_IMP_VOL_25DELTA_DFLT,SU,ok,0,1,2,2014-01-02,2014-01-03,2014-01-02
1M_PUT_IMP_VOL_25DELTA_DFLT,SIE,ok,0,1,4,2014-01-02,2014-01-03,2014-01-02
1M_PUT_IMP_VOL_25DELTA_DFLT,RHM,ok,0,1,3,2014-01-02,2014-01-03,2014-01-02
1M_PUT_IMP_VOL_25DELTA_DFLT,ALV,ok,0,1,3,2014-01-02,2014-01-03,2014-01-02
1M_PUT_IMP_VOL_25DELTA_DFLT,MC,ok,0,1,2,2014-01-02,2014-01-03,2014-01-02
1M_PUT_IMP_VOL_25DELTA_DFLT,NESN,ok,0,2,3,2014-01-02,2014-01-06,2014-01-02
1M_PUT_IMP_VOL_25DELTA_DFLT,RR/,ok,0,1,4,2014-01-02,2014-01-03,2014-01-02
1M_PUT_IMP_VOL_25DELTA_DFLT,SAP,ok,0,1,3,2014-01-02,2014-01-03,2014-01-02
1M_PUT_IMP_VOL_25DELTA_DFLT,ASML,ok,0,1,3,2014-01-02,2014-01-03,2014-01-02
1M_PUT_IMP_VOL_25DELTA_DFLT,AZN,ok,0,1,3,2014-01-02,2014-01-03,2014-01-02
1M_PUT_IMP_VOL_25DELTA_DFLT,SHEL,ok,0,1,3,2014-01-02,2014-01-03,2014-01-02
1M_PUT_IMP_VOL_25DELTA_DFLT,HSBA,ok,0,1,3,2014-01-02,2014-01-03,2014-01-02
1M_PUT_IMP_VOL_25DELTA_DFLT,NOVOB,ok,0,2,3,2014-01-02,2014-01-06,2014-01-02
1M_PUT_IMP_VOL_25DELTA_DFLT,RIO,ok,0,1,3,2014-01-02,2014-01-03,2014-01-02
1M_PUT_IMP_VOL_25DELTA_DFLT,QCOM,ok,0,1,2,2014-01-02,2014-01-03,2014-01-02
1M_PUT_IMP_VOL_25DELTA_DFLT,TXN,ok,0,1,2,2014-01-02,2014-01-03,2014-01-02
1M_PUT_IMP_VOL_25DELTA_DFLT,ADBE,ok,0,1,2,2014-01-02,2014-01-03,2014-01-02
1M_PUT_IMP_VOL_25DELTA_DFLT,NOW,ok,0,1,2,2014-01-02,2014-01-03,2014-01-02
1M_PUT_IMP_VOL_25DELTA_DFLT,ACN,ok,0,1,2,2014-01-02,2014-01-03,2014-01-02
1M_PUT_IMP_VOL_25DELTA_DFLT,IBM,ok,0,1,2,2014-01-02,2014-01-03,2014-01-02
1M_PUT_IMP_VOL_25DELTA_DFLT,ADI,ok,0,1,6,2014-01-02,2014-01-03,2014-01-02
1M_PUT_IMP_VOL_25DELTA_DFLT,DELL,ok,0,2,2,2018-12-28,2019-01-02,2018-12-28
1M_PUT_IMP_VOL_25DELTA_DFLT,8035,ok,0,3,1315,2014-01-02,2014-01-07,2014-01-02
1M_PUT_IMP_VOL_25DELTA_DFLT,IFX,ok,0,1,3,2014-01-02,2014-01-03,2014-01-02
1M_PUT_IMP_VOL_25DELTA_DFLT,MS,ok,0,1,2,2014-01-02,2014-01-03,2014-01-02
1M_PUT_IMP_VOL_25DELTA_DFLT,SCHW,ok,0,1,3,2014-01-02,2014-01-03,2014-01-02
1M_PUT_IMP_VOL_25DELTA_DFLT,AXP,ok,0,1,2,2014-01-02,2014-01-03,2014-01-02
1M_PUT_IMP_VOL_25DELTA_DFLT,PGR,ok,0,1,4,2014-01-02,2014-01-03,2014-01-02
1M_PUT_IMP_VOL_25DELTA_DFLT,AON,ok,0,1,2,2014-01-02,2014-01-03,2014-01-02
1M_PUT_IMP_VOL_25DELTA_DFLT,CME,ok,0,1,2,2014-01-02,2014-01-03,2014-01-02
1M_PUT_IMP_VOL_25DELTA_DFLT,KKR,ok,0,1,5,2014-01-02,2014-01-03,2014-01-02
1M_PUT_IMP_VOL_25DELTA_DFLT,BN,ok,0,17,1,2022-12-12,2023-01-06,2022-12-12
1M_PUT_IMP_VOL_25DELTA_DFLT,C,ok,0,1,2,2014-01-02,2014-01-03,2014-01-02
1M_PUT_IMP_VOL_25DELTA_DFLT,LSEG,ok,0,1,44,2014-01-02,2014-01-03,2014-01-02
1M_PUT_IMP_VOL_25DELTA_DFLT,ZURN,ok,0,2,3,2014-01-02,2014-01-06,2014-01-02
1M_PUT_IMP_VOL_25DELTA_DFLT,CS,ok,0,1,2,2014-01-02,2014-01-03,2014-01-02
1M_PUT_IMP_VOL_25DELTA_DFLT,8306,ok,0,3,240,2014-01-02,2014-01-07,2014-01-02
1M_PUT_IMP_VOL_25DELTA_DFLT,DIS,ok,0,1,2,2014-01-02,2014-01-03,2014-01-02
1M_PUT_IMP_VOL_25DELTA_DFLT,CMCSA,ok,0,1,2,2014-01-02,2014-01-03,2014-01-02
1M_PUT_IMP_VOL_25DELTA_DFLT,VZ,ok,0,1,2,2014-01-02,2014-01-03,2014-01-02
1M_PUT_IMP_VOL_25DELTA_DFLT,T,ok,0,1,2,2014-01-02,2014-01-03,2014-01-02
1M_PUT_IMP_VOL_25DELTA_DFLT,TTWO,ok,0,1,3,2014-01-02,2014-01-03,2014-01-02
1M_PUT_IMP_VOL_25DELTA_DFLT,PUB,ok,0,31,22,2014-01-02,2014-02-18,2014-01-02
1M_PUT_IMP_VOL_25DELTA_DFLT,7974,ok,0,3,377,2014-01-02,2014-01-07,2014-01-02
1M_PUT_IMP_VOL_25DELTA_DFLT,DTE,ok,0,1,3,2014-01-02,2014-01-03,2014-01-02
1M_PUT_IMP_VOL_25DELTA_DFLT,UMG,ok,0,3,4,2021-09-21,2021-09-24,2021-09-21
1M_PUT_IMP_VOL_25DELTA_DFLT,LOW,ok,0,1,2,2014-01-02,2014-01-03,2014-01-02
1M_PUT_IMP_VOL_25DELTA_DFLT,TJX,ok,0,1,3,2014-01-02,2014-01-03,2014-01-02
1M_PUT_IMP_VOL_25DELTA_DFLT,SBUX,ok,0,1,2,2014-01-02,2014-01-03,2014-01-02
1M_PUT_IMP_VOL_25DELTA_DFLT,ABNB,ok,0,5,1,2020-12-10,2020-12-17,2020-12-10
1M_PUT_IMP_VOL_25DELTA_DFLT,7203,ok,0,3,880,2014-01-02,2014-01-07,2014-01-02
1M_PUT_IMP_VOL_25DELTA_DFLT,ITX,ok,0,1,5,2014-01-02,2014-01-03,2014-01-02
1M_PUT_IMP_VOL_25DELTA_DFLT,ABT,ok,0,1,2,2014-01-02,2014-01-03,2014-01-02
1M_PUT_IMP_VOL_25DELTA_DFLT,DHR,ok,0,1,2,2014-01-02,2014-01-03,2014-01-02
1M_PUT_IMP_VOL_25DELTA_DFLT,VRTX,ok,0,1,2,2014-01-02,2014-01-03,2014-01-02
1M_PUT_IMP_VOL_25DELTA_DFLT,SAN,ok,0,1,6,2014-01-02,2014-01-03,2014-01-02
1M_PUT_IMP_VOL_25DELTA_DFLT,GE,ok,0,1,1,2024-04-02,2024-04-03,2024-04-02
1M_PUT_IMP_VOL_25DELTA_DFLT,TT,ok,0,1,1,2020-03-02,2020-03-03,2020-03-02
1M_PUT_IMP_VOL_25DELTA_DFLT,ABBN,ok,0,2,3,2014-01-02,2014-01-06,2014-01-02
1M_PUT_IMP_VOL_25DELTA_DFLT,KO,ok,0,1,2,2014-01-02,2014-01-03,2014-01-02
1M_PUT_IMP_VOL_25DELTA_DFLT,ULVR,ok,0,1,3,2014-01-02,2014-01-03,2014-01-02
1M_PUT_IMP_VOL_25DELTA_DFLT,ECL,ok,0,1,3,2014-01-02,2014-01-03,2014-01-02
1M_PUT_IMP_VOL_25DELTA_DFLT,AI,ok,0,1,2,2014-01-02,2014-01-03,2014-01-02
1M_PUT_IMP_VOL_25DELTA_DFLT,IBE,ok,0,1,3,2014-01-02,2014-01-03,2014-01-02
1M_PUT_IMP_VOL_25DELTA_DFLT,INTU,ok,0,1,2,2014-01-02,2014-01-03,2014-01-02
1M_PUT_IMP_VOL_25DELTA_DFLT,SNPS,ok,0,1,18,2014-01-02,2014-01-03,2014-01-02
1M_PUT_IMP_VOL_25DELTA_DFLT,APH,ok,0,1,4,2014-01-02,2014-01-03,2014-01-02
1M_PUT_IMP_VOL_25DELTA_DFLT,MSI,ok,0,1,3,2014-01-02,2014-01-03,2014-01-02
1M_PUT_IMP_VOL_25DELTA_DFLT,CRWD,ok,0,5,1,2019-06-12,2019-06-19,2019-06-12
1M_PUT_IMP_VOL_25DELTA_DFLT,NXPI,ok,0,1,2,2014-01-02,2014-01-03,2014-01-02
1M_PUT_IMP_VOL_25DELTA_DFLT,KEYS,ok,0,10,1,2014-10-21,2014-11-04,2014-10-21
1M_PUT_IMP_VOL_25DELTA_DFLT,ADSK,ok,0,1,3,2014-01-02,2014-01-03,2014-01-02
1M_PUT_IMP_VOL_25DELTA_DFLT,WDAY,ok,0,1,2,2014-01-02,2014-01-03,2014-01-02
1M_PUT_IMP_VOL_25DELTA_DFLT,WDC,ok,0,1,1,2025-02-24,2025-02-25,2025-02-24
1M_PUT_IMP_VOL_25DELTA_DFLT,DDOG,ok,0,10,2,2019-09-19,2019-10-03,2019-09-19
1M_PUT_IMP_VOL_25DELTA_DFLT,FTNT,ok,0,1,3,2014-01-02,2014-01-03,2014-01-02
1M_PUT_IMP_VOL_25DELTA_DFLT,DSY,ok,0,31,29,2014-01-02,2014-02-18,2014-01-02
1M_PUT_IMP_VOL_25DELTA_DFLT,6146,ok,0,2934,4,2014-01-02,2025-09-03,2014-01-02
1M_PUT_IMP_VOL_25DELTA_DFLT,6981,ok,0,3,2062,2014-01-02,2014-01-07,2014-01-02
1M_PUT_IMP_VOL_25DELTA_DFLT,BRK/B,ok,0,1,2,2014-01-02,2014-01-03,2014-01-02
1M_PUT_IMP_VOL_25DELTA_DFLT,CB,ok,0,1,3,2014-01-02,2014-01-03,2014-01-02
1M_PUT_IMP_VOL_25DELTA_DFLT,ICE,ok,0,1,2,2014-01-02,2014-01-03,2014-01-02
1M_PUT_IMP_VOL_25DELTA_DFLT,MCO,ok,0,1,2,2014-01-02,2014-01-03,2014-01-02
1M_PUT_IMP_VOL_25DELTA_DFLT,PYPL,ok,0,10,1,2015-07-07,2015-07-21,2015-07-07
1M_PUT_IMP_VOL_25DELTA_DFLT,COF,ok,0,1,2,2025-05-19,2025-05-20,2025-05-19
1M_PUT_IMP_VOL_25DELTA_DFLT,BNP,ok,0,1,2,2014-01-02,2014-01-03,2014-01-02
1M_PUT_IMP_VOL_25DELTA_DFLT,MUV2,ok,0,1,3,2014-01-02,2014-01-03,2014-01-02
1M_PUT_IMP_VOL_25DELTA_DFLT,RTX,ok,0,1,2,2014-01-02,2014-01-03,2014-01-02
1M_PUT_IMP_VOL_25DELTA_DFLT,EMR,ok,0,1,4,2014-01-02,2014-01-03,2014-01-02
1M_PUT_IMP_VOL_25DELTA_DFLT,AXON,ok,0,1,4,2014-01-02,2014-01-03,2014-01-02
1M_PUT_IMP_VOL_25DELTA_DFLT,UBER,ok,0,5,1,2019-05-10,2019-05-17,2019-05-10
1M_PUT_IMP_VOL_25DELTA_DFLT,AIR,ok,0,1,2,2014-01-02,2014-01-03,2014-01-02
1M_PUT_IMP_VOL_25DELTA_DFLT,SAF,ok,0,31,22,2014-01-02,2014-02-18,2014-01-02
1M_PUT_IMP_VOL_25DELTA_DFLT,MRK,ok,0,1,2,2014-01-02,2014-01-03,2014-01-02
1M_PUT_IMP_VOL_25DELTA_DFLT,AMGN,ok,0,1,2,2014-01-02,2014-01-03,2014-01-02
1M_PUT_IMP_VOL_25DELTA_DFLT,SYK,ok,0,1,2,2014-01-02,2014-01-03,2014-01-02
1M_PUT_IMP_VOL_25DELTA_DFLT,MCK,ok,0,1,2,2014-01-02,2014-01-03,2014-01-02
1M_PUT_IMP_VOL_25DELTA_DFLT,NOVN,ok,0,2,7,2014-01-02,2014-01-06,2014-01-02
1M_PUT_IMP_VOL_25DELTA_DFLT,NKE,ok,0,1,2,2014-01-02,2014-01-03,2014-01-02
1M_PUT_IMP_VOL_25DELTA_DFLT,ORLY,ok,0,1,3,2014-01-02,2014-01-03,2014-01-02
1M_PUT_IMP_VOL_25DELTA_DFLT,DASH,ok,0,5,1,2020-12-09,2020-12-16,2020-12-09
1M_PUT_IMP_VOL_25DELTA_DFLT,CFR,ok,0,2,3,2014-01-02,2014-01-06,2014-01-02
1M_PUT_IMP_VOL_25DELTA_DFLT,TTD,ok,0,142,1,2016-09-21,2017-04-17,2016-09-21
1M_PUT_IMP_VOL_25DELTA_DFLT,RBLX,ok,0,5,1,2021-03-10,2021-03-17,2021-03-10
1M_PUT_IMP_VOL_25DELTA_DFLT,9432,ok,0,3,1457,2014-01-02,2014-01-07,2014-01-02
1M_PUT_IMP_VOL_25DELTA_DFLT,9433,ok,0,3,812,2014-01-02,2014-01-07,2014-01-02
1M_PUT_IMP_VOL_25DELTA_DFLT,PEP,ok,0,1,2,2014-01-02,2014-01-03,2014-01-02
1M_PUT_IMP_VOL_25DELTA_DFLT,MDLZ,ok,0,1,2,2014-01-02,2014-01-03,2014-01-02
1M_PUT_IMP_VOL_25DELTA_DFLT,OR,ok,0,1,2,2014-01-02,2014-01-03,2014-01-02
1M_PUT_IMP_VOL_25DELTA_DFLT,CVX,ok,0,1,2,2014-01-02,2014-01-03,2014-01-02
1M_PUT_IMP_VOL_25DELTA_DFLT,TTE,ok,0,1,2,2014-01-02,2014-01-03,2014-01-02
1M_PUT_IMP_VOL_25DELTA_DFLT,NEM,ok,0,1,2,2014-01-02,2014-01-03,2014-01-02
1M_PUT_IMP_VOL_25DELTA_DFLT,SHW,ok,0,1,3,2014-01-02,2014-01-03,2014-01-02
1M_PUT_IMP_VOL_25DELTA_DFLT,SO,ok,0,1,2,2014-01-02,2014-01-03,2014-01-02
1M_PUT_IMP_VOL_25DELTA_DFLT,APP,ok,0,5,1,2021-04-15,2021-04-22,2021-04-15
1M_PUT_IMP_VOL_25DELTA_DFLT,SNOW,ok,0,5,1,2020-09-16,2020-09-23,2020-09-16
1M_PUT_IMP_VOL_25DELTA_DFLT,NET,ok,0,8,1,2019-09-13,2019-09-25,2019-09-13
1M_PUT_IMP_VOL_25DELTA_DFLT,ZS,ok,0,6,1,2018-03-16,2018-03-26,2018-03-16
1M_PUT_IMP_VOL_25DELTA_DFLT,TEAM,ok,0,7,2,2015-12-10,2015-12-21,2015-12-10
1M_PUT_IMP_VOL_25DELTA_DFLT,COHR,ok,0,2,15,2014-01-02,2014-01-06,2014-01-02
1M_PUT_IMP_VOL_25DELTA_DFLT,ON,ok,0,1,11,2014-01-02,2014-01-03,2014-01-02
1M_PUT_IMP_VOL_25DELTA_DFLT,FICO,ok,0,3,6,2014-01-02,2014-01-07,2014-01-02
1M_PUT_IMP_VOL_25DELTA_DFLT,HPE,ok,0,10,2,2015-10-20,2015-11-03,2015-10-20
1M_PUT_IMP_VOL_25DELTA_DFLT,VRSN,ok,0,1,2,2014-01-02,2014-01-03,2014-01-02
1M_PUT_IMP_VOL_25DELTA_DFLT,ASM,ok,0,1,2,2014-01-02,2014-01-03,2014-01-02
1M_PUT_IMP_VOL_25DELTA_DFLT,MRSH,ok,0,1,4,2014-01-02,2014-01-03,2014-01-02
1M_PUT_IMP_VOL_25DELTA_DFLT,APO,ok,0,1,4,2014-01-02,2014-01-03,2014-01-02
1M_PUT_IMP_VOL_25DELTA_DFLT,MSCI,ok,0,1,5,2014-01-02,2014-01-03,2014-01-02
1M_PUT_IMP_VOL_25DELTA_DFLT,BNY,ok,0,1,2,2014-01-02,2014-01-03,2014-01-02
1M_PUT_IMP_VOL_25DELTA_DFLT,IBKR,ok,0,1,5,2014-01-02,2014-01-03,2014-01-02
1M_PUT_IMP_VOL_25DELTA_DFLT,UBSG,ok,0,2,13,2014-01-02,2014-01-06,2014-01-02
1M_PUT_IMP_VOL_25DELTA_DFLT,UCG,ok,0,6,19,2014-01-02,2014-01-10,2014-01-02
1M_PUT_IMP_VOL_25DELTA_DFLT,8316,ok,0,3,801,2014-01-02,2014-01-07,2014-01-02
1M_PUT_IMP_VOL_25DELTA_DFLT,ADP,ok,0,1,4,2014-01-02,2014-01-03,2014-01-02
1M_PUT_IMP_VOL_25DELTA_DFLT,HWM,ok,0,1,1,2020-04-01,2020-04-02,2020-04-01
1M_PUT_IMP_VOL_25DELTA_DFLT,WM,ok,0,1,3,2014-01-02,2014-01-03,2014-01-02
1M_PUT_IMP_VOL_25DELTA_DFLT,PH,ok,0,1,3,2014-01-02,2014-01-03,2014-01-02
1M_PUT_IMP_VOL_25DELTA_DFLT,REL,ok,0,1,17,2014-01-02,2014-01-03,2014-01-02
1M_PUT_IMP_VOL_25DELTA_DFLT,7011,ok,0,3,1224,2014-01-02,2014-01-07,2014-01-02
1M_PUT_IMP_VOL_25DELTA_DFLT,ROP,ok,0,2,3,2014-01-02,2014-01-06,2014-01-02
1M_PUT_IMP_VOL_25DELTA_DFLT,GILD,ok,0,1,2,2014-01-02,2014-01-03,2014-01-02
1M_PUT_IMP_VOL_25DELTA_DFLT,PFE,ok,0,1,2,2014-01-02,2014-01-03,2014-01-02
1M_PUT_IMP_VOL_25DELTA_DFLT,MDT,ok,0,1,2,2014-01-02,2014-01-03,2014-01-02
1M_PUT_IMP_VOL_25DELTA_DFLT,HCA,ok,0,1,2,2014-01-02,2014-01-03,2014-01-02
1M_PUT_IMP_VOL_25DELTA_DFLT,ZTS,ok,0,1,2,2014-01-02,2014-01-03,2014-01-02
1M_PUT_IMP_VOL_25DELTA_DFLT,RMS,ok,0,1,5,2014-01-02,2014-01-03,2014-01-02
1M_PUT_IMP_VOL_25DELTA_DFLT,6758,ok,0,3,712,2014-01-02,2014-01-07,2014-01-02
1M_PUT_IMP_VOL_25DELTA_DFLT,CMG,ok,0,1,2,2014-01-02,2014-01-03,2014-01-02
1M_PUT_IMP_VOL_25DELTA_DFLT,MAR,ok,0,1,3,2014-01-02,2014-01-03,2014-01-02
1M_PUT_IMP_VOL_25DELTA_DFLT,GM,ok,0,1,2,2014-01-02,2014-01-03,2014-01-02
1M_PUT_IMP_VOL_25DELTA_DFLT,GRMN,ok,0,1,3,2014-01-02,2014-01-03,2014-01-02
1M_PUT_IMP_VOL_25DELTA_DFLT,RDDT,ok,0,3,1,2024-03-21,2024-03-26,2024-03-21
1M_PUT_IMP_VOL_25DELTA_DFLT,LYV,ok,0,1,3,2014-01-02,2014-01-03,2014-01-02
1M_PUT_IMP_VOL_25DELTA_DFLT,TKO,ok,0,1,1,2023-09-12,2023-09-13,2023-09-12
1M_PUT_IMP_VOL_25DELTA_DFLT,MO,ok,0,1,2,2014-01-02,2014-01-03,2014-01-02
1M_PUT_IMP_VOL_25DELTA_DFLT,CL,ok,0,1,2,2014-01-02,2014-01-03,2014-01-02
1M_PUT_IMP_VOL_25DELTA_DFLT,MNST,ok,0,1,2,2014-01-02,2014-01-03,2014-01-02
1M_PUT_IMP_VOL_25DELTA_DFLT,COP,ok,0,1,2,2014-01-02,2014-01-03,2014-01-02
1M_PUT_IMP_VOL_25DELTA_DFLT,SLB,ok,0,1,2,2014-01-02,2014-01-03,2014-01-02
1M_PUT_IMP_VOL_25DELTA_DFLT,APD,ok,0,1,2,2014-01-02,2014-01-03,2014-01-02
1M_PUT_IMP_VOL_25DELTA_DFLT,4063,ok,0,3,1299,2014-01-02,2014-01-07,2014-01-02
1M_PUT_IMP_VOL_25DELTA_DFLT,NRG,ok,0,1,3,2014-01-02,2014-01-03,2014-01-02
1M_PUT_IMP_VOL_25DELTA_DFLT,ENEL,ok,0,6,19,2014-01-02,2014-01-10,2014-01-02
1M_PUT_IMP_VOL_25DELTA_DFLT,WELL,ok,0,1,3,2014-01-02,2014-01-03,2014-01-02
1M_CALL_IMP_VOL_25DELTA_DFLT,AAPL,ok,0,1,2,2014-01-02,2014-01-03,2014-01-02
1M_CALL_IMP_VOL_25DELTA_DFLT,MSFT,ok,0,1,2,2014-01-02,2014-01-03,2014-01-02
1M_CALL_IMP_VOL_25DELTA_DFLT,GOOGL,ok,0,1,2,2014-01-02,2014-01-03,2014-01-02
1M_CALL_IMP_VOL_25DELTA_DFLT,AMZN,ok,0,1,2,2014-01-02,2014-01-03,2014-01-02
1M_CALL_IMP_VOL_25DELTA_DFLT,META,ok,0,1,2,2014-01-02,2014-01-03,2014-01-02
1M_CALL_IMP_VOL_25DELTA_DFLT,NVDA,ok,0,1,2,2014-01-02,2014-01-03,2014-01-02
1M_CALL_IMP_VOL_25DELTA_DFLT,TSLA,ok,0,1,2,2014-01-02,2014-01-03,2014-01-02
1M_CALL_IMP_VOL_25DELTA_DFLT,PLTR,ok,0,5,1,2020-09-30,2020-10-07,2020-09-30
1M_CALL_IMP_VOL_25DELTA_DFLT,AVGO,ok,0,1,3,2014-01-02,2014-01-03,2014-01-02
1M_CALL_IMP_VOL_25DELTA_DFLT,MU,ok,0,1,2,2014-01-02,2014-01-03,2014-01-02
1M_CALL_IMP_VOL_25DELTA_DFLT,GEV,ok,0,4,1,2024-04-02,2024-04-08,2024-04-02
1M_CALL_IMP_VOL_25DELTA_DFLT,VRT,ok,0,404,1,2018-08-01,2020-03-11,2018-08-01
1M_CALL_IMP_VOL_25DELTA_DFLT,BE,ok,0,23,2,2018-07-25,2018-08-27,2018-07-25
1M_CALL_IMP_VOL_25DELTA_DFLT,LITE,ok,0,8,1,2015-07-27,2015-08-06,2015-07-27
1M_CALL_IMP_VOL_25DELTA_DFLT,000660,ok,0,222,7,2014-01-02,2014-11-18,2014-01-02
1M_CALL_IMP_VOL_25DELTA_DFLT,005930,ok,0,1,153,2014-01-02,2014-01-03,2014-01-02
1M_CALL_IMP_VOL_25DELTA_DFLT,UNH,ok,0,1,2,2014-01-02,2014-01-03,2014-01-02
1M_CALL_IMP_VOL_25DELTA_DFLT,LLY,ok,0,1,2,2014-01-02,2014-01-03,2014-01-02
1M_CALL_IMP_VOL_25DELTA_DFLT,ISRG,ok,0,1,2,2014-01-02,2014-01-03,2014-01-02
1M_CALL_IMP_VOL_25DELTA_DFLT,ABBV,ok,0,1,3,2014-01-02,2014-01-03,2014-01-02
1M_CALL_IMP_VOL_25DELTA_DFLT,REGN,ok,0,1,2,2014-01-02,2014-01-03,2014-01-02
1M_CALL_IMP_VOL_25DELTA_DFLT,JPM,ok,0,1,2,2014-01-02,2014-01-03,2014-01-02
1M_CALL_IMP_VOL_25DELTA_DFLT,V,ok,0,1,2,2014-01-02,2014-01-03,2014-01-02
1M_CALL_IMP_VOL_25DELTA_DFLT,MA,ok,0,1,2,2014-01-02,2014-01-03,2014-01-02
1M_CALL_IMP_VOL_25DELTA_DFLT,BLK,ok,0,1,2,2014-01-02,2014-01-03,2014-01-02
1M_CALL_IMP_VOL_25DELTA_DFLT,SPGI,ok,0,1,2,2014-01-02,2014-01-03,2014-01-02
1M_CALL_IMP_VOL_25DELTA_DFLT,GS,ok,0,1,2,2014-01-02,2014-01-03,2014-01-02
1M_CALL_IMP_VOL_25DELTA_DFLT,COST,ok,0,1,2,2014-01-02,2014-01-03,2014-01-02
1M_CALL_IMP_VOL_25DELTA_DFLT,HD,ok,0,1,2,2014-01-02,2014-01-03,2014-01-02
1M_CALL_IMP_VOL_25DELTA_DFLT,PG,ok,0,1,2,2014-01-02,2014-01-03,2014-01-02
1M_CALL_IMP_VOL_25DELTA_DFLT,MCD,ok,0,1,2,2014-01-02,2014-01-03,2014-01-02
1M_CALL_IMP_VOL_25DELTA_DFLT,WMT,ok,0,1,2,2014-01-02,2014-01-03,2014-01-02
1M_CALL_IMP_VOL_25DELTA_DFLT,CAT,ok,0,1,2,2014-01-02,2014-01-03,2014-01-02
1M_CALL_IMP_VOL_25DELTA_DFLT,HON,ok,0,1,2,2014-01-02,2014-01-03,2014-01-02
1M_CALL_IMP_VOL_25DELTA_DFLT,DE,ok,0,1,2,2014-01-02,2014-01-03,2014-01-02
1M_CALL_IMP_VOL_25DELTA_DFLT,UNP,ok,0,1,2,2014-01-02,2014-01-03,2014-01-02
1M_CALL_IMP_VOL_25DELTA_DFLT,LMT,ok,0,1,3,2014-01-02,2014-01-03,2014-01-02
1M_CALL_IMP_VOL_25DELTA_DFLT,ETN,ok,0,1,2,2014-01-02,2014-01-03,2014-01-02
1M_CALL_IMP_VOL_25DELTA_DFLT,XOM,ok,0,1,2,2014-01-02,2014-01-03,2014-01-02
1M_CALL_IMP_VOL_25DELTA_DFLT,LNG,ok,0,1,2,2014-01-02,2014-01-03,2014-01-02
1M_CALL_IMP_VOL_25DELTA_DFLT,FCX,ok,0,1,2,2014-01-02,2014-01-03,2014-01-02
1M_CALL_IMP_VOL_25DELTA_DFLT,LIN,ok,0,1,4,2014-01-02,2014-01-03,2014-01-02
1M_CALL_IMP_VOL_25DELTA_DFLT,NEE,ok,0,1,2,2014-01-02,2014-01-03,2014-01-02
1M_CALL_IMP_VOL_25DELTA_DFLT,AMT,ok,0,1,2,2014-01-02,2014-01-03,2014-01-02
1M_CALL_IMP_VOL_25DELTA_DFLT,EQIX,ok,0,1,2,2014-01-02,2014-01-03,2014-01-02
1M_CALL_IMP_VOL_25DELTA_DFLT,TMUS,ok,0,1,2,2014-01-02,2014-01-03,2014-01-02
1M_CALL_IMP_VOL_25DELTA_DFLT,PLD,ok,0,1,3,2014-01-02,2014-01-03,2014-01-02
1M_CALL_IMP_VOL_25DELTA_DFLT,AMD,ok,0,1,4,2014-01-02,2014-01-03,2014-01-02
1M_CALL_IMP_VOL_25DELTA_DFLT,CRM,ok,0,1,2,2014-01-02,2014-01-03,2014-01-02
1M_CALL_IMP_VOL_25DELTA_DFLT,NFLX,ok,0,1,2,2014-01-02,2014-01-03,2014-01-02
1M_CALL_IMP_VOL_25DELTA_DFLT,TER,ok,0,1,4,2014-01-02,2014-01-03,2014-01-02
1M_CALL_IMP_VOL_25DELTA_DFLT,GLW,ok,0,1,2,2014-01-02,2014-01-03,2014-01-02
1M_CALL_IMP_VOL_25DELTA_DFLT,JNJ,ok,0,1,2,2014-01-02,2014-01-03,2014-01-02
1M_CALL_IMP_VOL_25DELTA_DFLT,WFC,ok,0,1,2,2014-01-02,2014-01-03,2014-01-02
1M_CALL_IMP_VOL_25DELTA_DFLT,MPC,ok,0,1,2,2014-01-02,2014-01-03,2014-01-02
1M_CALL_IMP_VOL_25DELTA_DFLT,LRCX,ok,0,1,3,2014-01-02,2014-01-03,2014-01-02
1M_CALL_IMP_VOL_25DELTA_DFLT,AMAT,ok,0,1,2,2014-01-02,2014-01-03,2014-01-02
1M_CALL_IMP_VOL_25DELTA_DFLT,PANW,ok,0,1,2,2014-01-02,2014-01-03,2014-01-02
1M_CALL_IMP_VOL_25DELTA_DFLT,FN,ok,0,1,6,2014-01-02,2014-01-03,2014-01-02
1M_CALL_IMP_VOL_25DELTA_DFLT,MPWR,ok,0,1,9,2014-01-02,2014-01-03,2014-01-02
1M_CALL_IMP_VOL_25DELTA_DFLT,BAC,ok,0,1,2,2014-01-02,2014-01-03,2014-01-02
1M_CALL_IMP_VOL_25DELTA_DFLT,CSCO,ok,0,1,2,2014-01-02,2014-01-03,2014-01-02
1M_CALL_IMP_VOL_25DELTA_DFLT,INTC,ok,0,1,2,2014-01-02,2014-01-03,2014-01-02
1M_CALL_IMP_VOL_25DELTA_DFLT,ORCL,ok,0,1,2,2014-01-02,2014-01-03,2014-01-02
1M_CALL_IMP_VOL_25DELTA_DFLT,TSM,ok,0,1,8,2014-01-02,2014-01-03,2014-01-02
1M_CALL_IMP_VOL_25DELTA_DFLT,SNDK,ok,0,6,1,2025-02-24,2025-03-04,2025-02-24
1M_CALL_IMP_VOL_25DELTA_DFLT,KLAC,ok,0,1,3,2014-01-02,2014-01-03,2014-01-02
1M_CALL_IMP_VOL_25DELTA_DFLT,ANET,ok,0,39,2,2014-06-06,2014-08-01,2014-06-06
1M_CALL_IMP_VOL_25DELTA_DFLT,MRVL,ok,0,1,2,2014-01-02,2014-01-03,2014-01-02
1M_CALL_IMP_VOL_25DELTA_DFLT,CDNS,ok,0,2,9,2014-01-02,2014-01-06,2014-01-02
1M_CALL_IMP_VOL_25DELTA_DFLT,STX,ok,0,1,2,2014-01-02,2014-01-03,2014-01-02
1M_CALL_IMP_VOL_25DELTA_DFLT,PWR,ok,0,1,3,2014-01-02,2014-01-03,2014-01-02
1M_CALL_IMP_VOL_25DELTA_DFLT,BX,ok,0,1,2,2014-01-02,2014-01-03,2014-01-02
1M_CALL_IMP_VOL_25DELTA_DFLT,TMO,ok,0,1,2,2014-01-02,2014-01-03,2014-01-02
1M_CALL_IMP_VOL_25DELTA_DFLT,BSX,ok,0,1,3,2014-01-02,2014-01-03,2014-01-02
1M_CALL_IMP_VOL_25DELTA_DFLT,BKNG,ok,0,1,2,2014-01-02,2014-01-03,2014-01-02
1M_CALL_IMP_VOL_25DELTA_DFLT,PM,ok,0,1,2,2014-01-02,2014-01-03,2014-01-02
1M_CALL_IMP_VOL_25DELTA_DFLT,WMB,ok,0,1,2,2014-01-02,2014-01-03,2014-01-02
1M_CALL_IMP_VOL_25DELTA_DFLT,CEG,ok,0,6,1,2022-02-02,2022-02-10,2022-02-02
1M_CALL_IMP_VOL_25DELTA_DFLT,VST,ok,0,156,20,2016-10-05,2017-05-19,2016-10-05
1M_CALL_IMP_VOL_25DELTA_DFLT,DLR,ok,0,1,4,2014-01-02,2014-01-03,2014-01-02
1M_CALL_IMP_VOL_25DELTA_DFLT,ARM,ok,0,3,1,2023-09-14,2023-09-19,2023-09-14
1M_CALL_IMP_VOL_25DELTA_DFLT,SPOT,ok,0,5,1,2018-04-03,2018-04-10,2018-04-03
1M_CALL_IMP_VOL_25DELTA_DFLT,RACE,ok,0,7,1,2015-10-21,2015-10-30,2015-10-21
1M_CALL_IMP_VOL_25DELTA_DFLT,285A,ok,0,405,4,2024-12-18,2026-08-04,2024-12-18
1M_CALL_IMP_VOL_25DELTA_DFLT,6857,ok,0,3,1166,2014-01-02,2014-01-07,2014-01-02
1M_CALL_IMP_VOL_25DELTA_DFLT,SU,ok,0,1,2,2014-01-02,2014-01-03,2014-01-02
1M_CALL_IMP_VOL_25DELTA_DFLT,SIE,ok,0,1,4,2014-01-02,2014-01-03,2014-01-02
1M_CALL_IMP_VOL_25DELTA_DFLT,RHM,ok,0,1,3,2014-01-02,2014-01-03,2014-01-02
1M_CALL_IMP_VOL_25DELTA_DFLT,ALV,ok,0,1,3,2014-01-02,2014-01-03,2014-01-02
1M_CALL_IMP_VOL_25DELTA_DFLT,MC,ok,0,1,2,2014-01-02,2014-01-03,2014-01-02
1M_CALL_IMP_VOL_25DELTA_DFLT,NESN,ok,0,2,3,2014-01-02,2014-01-06,2014-01-02
1M_CALL_IMP_VOL_25DELTA_DFLT,RR/,ok,0,1,4,2014-01-02,2014-01-03,2014-01-02
1M_CALL_IMP_VOL_25DELTA_DFLT,SAP,ok,0,1,3,2014-01-02,2014-01-03,2014-01-02
1M_CALL_IMP_VOL_25DELTA_DFLT,ASML,ok,0,1,3,2014-01-02,2014-01-03,2014-01-02
1M_CALL_IMP_VOL_25DELTA_DFLT,AZN,ok,0,1,3,2014-01-02,2014-01-03,2014-01-02
1M_CALL_IMP_VOL_25DELTA_DFLT,SHEL,ok,0,1,3,2014-01-02,2014-01-03,2014-01-02
1M_CALL_IMP_VOL_25DELTA_DFLT,HSBA,ok,0,1,3,2014-01-02,2014-01-03,2014-01-02
1M_CALL_IMP_VOL_25DELTA_DFLT,NOVOB,ok,0,2,3,2014-01-02,2014-01-06,2014-01-02
1M_CALL_IMP_VOL_25DELTA_DFLT,RIO,ok,0,1,3,2014-01-02,2014-01-03,2014-01-02
1M_CALL_IMP_VOL_25DELTA_DFLT,QCOM,ok,0,1,2,2014-01-02,2014-01-03,2014-01-02
1M_CALL_IMP_VOL_25DELTA_DFLT,TXN,ok,0,1,2,2014-01-02,2014-01-03,2014-01-02
1M_CALL_IMP_VOL_25DELTA_DFLT,ADBE,ok,0,1,2,2014-01-02,2014-01-03,2014-01-02
1M_CALL_IMP_VOL_25DELTA_DFLT,NOW,ok,0,1,2,2014-01-02,2014-01-03,2014-01-02
1M_CALL_IMP_VOL_25DELTA_DFLT,ACN,ok,0,1,2,2014-01-02,2014-01-03,2014-01-02
1M_CALL_IMP_VOL_25DELTA_DFLT,IBM,ok,0,1,2,2014-01-02,2014-01-03,2014-01-02
1M_CALL_IMP_VOL_25DELTA_DFLT,ADI,ok,0,1,6,2014-01-02,2014-01-03,2014-01-02
1M_CALL_IMP_VOL_25DELTA_DFLT,DELL,ok,0,2,2,2018-12-28,2019-01-02,2018-12-28
1M_CALL_IMP_VOL_25DELTA_DFLT,8035,ok,0,3,1315,2014-01-02,2014-01-07,2014-01-02
1M_CALL_IMP_VOL_25DELTA_DFLT,IFX,ok,0,1,3,2014-01-02,2014-01-03,2014-01-02
1M_CALL_IMP_VOL_25DELTA_DFLT,MS,ok,0,1,2,2014-01-02,2014-01-03,2014-01-02
1M_CALL_IMP_VOL_25DELTA_DFLT,SCHW,ok,0,1,3,2014-01-02,2014-01-03,2014-01-02
1M_CALL_IMP_VOL_25DELTA_DFLT,AXP,ok,0,1,2,2014-01-02,2014-01-03,2014-01-02
1M_CALL_IMP_VOL_25DELTA_DFLT,PGR,ok,0,1,4,2014-01-02,2014-01-03,2014-01-02
1M_CALL_IMP_VOL_25DELTA_DFLT,AON,ok,0,1,2,2014-01-02,2014-01-03,2014-01-02
1M_CALL_IMP_VOL_25DELTA_DFLT,CME,ok,0,1,2,2014-01-02,2014-01-03,2014-01-02
1M_CALL_IMP_VOL_25DELTA_DFLT,KKR,ok,0,1,5,2014-01-02,2014-01-03,2014-01-02
1M_CALL_IMP_VOL_25DELTA_DFLT,BN,ok,0,17,1,2022-12-12,2023-01-06,2022-12-12
1M_CALL_IMP_VOL_25DELTA_DFLT,C,ok,0,1,2,2014-01-02,2014-01-03,2014-01-02
1M_CALL_IMP_VOL_25DELTA_DFLT,LSEG,ok,0,1,44,2014-01-02,2014-01-03,2014-01-02
1M_CALL_IMP_VOL_25DELTA_DFLT,ZURN,ok,0,2,3,2014-01-02,2014-01-06,2014-01-02
1M_CALL_IMP_VOL_25DELTA_DFLT,CS,ok,0,1,2,2014-01-02,2014-01-03,2014-01-02
1M_CALL_IMP_VOL_25DELTA_DFLT,8306,ok,0,3,240,2014-01-02,2014-01-07,2014-01-02
1M_CALL_IMP_VOL_25DELTA_DFLT,DIS,ok,0,1,2,2014-01-02,2014-01-03,2014-01-02
1M_CALL_IMP_VOL_25DELTA_DFLT,CMCSA,ok,0,1,2,2014-01-02,2014-01-03,2014-01-02
1M_CALL_IMP_VOL_25DELTA_DFLT,VZ,ok,0,1,2,2014-01-02,2014-01-03,2014-01-02
1M_CALL_IMP_VOL_25DELTA_DFLT,T,ok,0,1,2,2014-01-02,2014-01-03,2014-01-02
1M_CALL_IMP_VOL_25DELTA_DFLT,TTWO,ok,0,1,3,2014-01-02,2014-01-03,2014-01-02
1M_CALL_IMP_VOL_25DELTA_DFLT,PUB,ok,0,31,22,2014-01-02,2014-02-18,2014-01-02
1M_CALL_IMP_VOL_25DELTA_DFLT,7974,ok,0,3,377,2014-01-02,2014-01-07,2014-01-02
1M_CALL_IMP_VOL_25DELTA_DFLT,DTE,ok,0,1,3,2014-01-02,2014-01-03,2014-01-02
1M_CALL_IMP_VOL_25DELTA_DFLT,UMG,ok,0,3,4,2021-09-21,2021-09-24,2021-09-21
1M_CALL_IMP_VOL_25DELTA_DFLT,LOW,ok,0,1,2,2014-01-02,2014-01-03,2014-01-02
1M_CALL_IMP_VOL_25DELTA_DFLT,TJX,ok,0,1,3,2014-01-02,2014-01-03,2014-01-02
1M_CALL_IMP_VOL_25DELTA_DFLT,SBUX,ok,0,1,2,2014-01-02,2014-01-03,2014-01-02
1M_CALL_IMP_VOL_25DELTA_DFLT,ABNB,ok,0,5,1,2020-12-10,2020-12-17,2020-12-10
1M_CALL_IMP_VOL_25DELTA_DFLT,7203,ok,0,3,880,2014-01-02,2014-01-07,2014-01-02
1M_CALL_IMP_VOL_25DELTA_DFLT,ITX,ok,0,1,5,2014-01-02,2014-01-03,2014-01-02
1M_CALL_IMP_VOL_25DELTA_DFLT,ABT,ok,0,1,2,2014-01-02,2014-01-03,2014-01-02
1M_CALL_IMP_VOL_25DELTA_DFLT,DHR,ok,0,1,2,2014-01-02,2014-01-03,2014-01-02
1M_CALL_IMP_VOL_25DELTA_DFLT,VRTX,ok,0,1,2,2014-01-02,2014-01-03,2014-01-02
1M_CALL_IMP_VOL_25DELTA_DFLT,SAN,ok,0,1,6,2014-01-02,2014-01-03,2014-01-02
1M_CALL_IMP_VOL_25DELTA_DFLT,GE,ok,0,1,1,2024-04-02,2024-04-03,2024-04-02
1M_CALL_IMP_VOL_25DELTA_DFLT,TT,ok,0,1,1,2020-03-02,2020-03-03,2020-03-02
1M_CALL_IMP_VOL_25DELTA_DFLT,ABBN,ok,0,2,3,2014-01-02,2014-01-06,2014-01-02
1M_CALL_IMP_VOL_25DELTA_DFLT,KO,ok,0,1,2,2014-01-02,2014-01-03,2014-01-02
1M_CALL_IMP_VOL_25DELTA_DFLT,ULVR,ok,0,1,3,2014-01-02,2014-01-03,2014-01-02
1M_CALL_IMP_VOL_25DELTA_DFLT,ECL,ok,0,1,3,2014-01-02,2014-01-03,2014-01-02
1M_CALL_IMP_VOL_25DELTA_DFLT,AI,ok,0,1,2,2014-01-02,2014-01-03,2014-01-02
1M_CALL_IMP_VOL_25DELTA_DFLT,IBE,ok,0,1,3,2014-01-02,2014-01-03,2014-01-02
1M_CALL_IMP_VOL_25DELTA_DFLT,INTU,ok,0,1,2,2014-01-02,2014-01-03,2014-01-02
1M_CALL_IMP_VOL_25DELTA_DFLT,SNPS,ok,0,1,18,2014-01-02,2014-01-03,2014-01-02
1M_CALL_IMP_VOL_25DELTA_DFLT,APH,ok,0,1,4,2014-01-02,2014-01-03,2014-01-02
1M_CALL_IMP_VOL_25DELTA_DFLT,MSI,ok,0,1,3,2014-01-02,2014-01-03,2014-01-02
1M_CALL_IMP_VOL_25DELTA_DFLT,CRWD,ok,0,5,1,2019-06-12,2019-06-19,2019-06-12
1M_CALL_IMP_VOL_25DELTA_DFLT,NXPI,ok,0,1,2,2014-01-02,2014-01-03,2014-01-02
1M_CALL_IMP_VOL_25DELTA_DFLT,KEYS,ok,0,10,1,2014-10-21,2014-11-04,2014-10-21
1M_CALL_IMP_VOL_25DELTA_DFLT,ADSK,ok,0,1,3,2014-01-02,2014-01-03,2014-01-02
1M_CALL_IMP_VOL_25DELTA_DFLT,WDAY,ok,0,1,2,2014-01-02,2014-01-03,2014-01-02
1M_CALL_IMP_VOL_25DELTA_DFLT,WDC,ok,0,1,1,2025-02-24,2025-02-25,2025-02-24
1M_CALL_IMP_VOL_25DELTA_DFLT,DDOG,ok,0,10,2,2019-09-19,2019-10-03,2019-09-19
1M_CALL_IMP_VOL_25DELTA_DFLT,FTNT,ok,0,1,3,2014-01-02,2014-01-03,2014-01-02
1M_CALL_IMP_VOL_25DELTA_DFLT,DSY,ok,0,31,29,2014-01-02,2014-02-18,2014-01-02
1M_CALL_IMP_VOL_25DELTA_DFLT,6146,ok,0,2934,4,2014-01-02,2025-09-03,2014-01-02
1M_CALL_IMP_VOL_25DELTA_DFLT,6981,ok,0,3,2062,2014-01-02,2014-01-07,2014-01-02
1M_CALL_IMP_VOL_25DELTA_DFLT,BRK/B,ok,0,1,2,2014-01-02,2014-01-03,2014-01-02
1M_CALL_IMP_VOL_25DELTA_DFLT,CB,ok,0,1,3,2014-01-02,2014-01-03,2014-01-02
1M_CALL_IMP_VOL_25DELTA_DFLT,ICE,ok,0,1,2,2014-01-02,2014-01-03,2014-01-02
1M_CALL_IMP_VOL_25DELTA_DFLT,MCO,ok,0,1,2,2014-01-02,2014-01-03,2014-01-02
1M_CALL_IMP_VOL_25DELTA_DFLT,PYPL,ok,0,10,1,2015-07-07,2015-07-21,2015-07-07
1M_CALL_IMP_VOL_25DELTA_DFLT,COF,ok,0,1,2,2025-05-19,2025-05-20,2025-05-19
1M_CALL_IMP_VOL_25DELTA_DFLT,BNP,ok,0,1,2,2014-01-02,2014-01-03,2014-01-02
1M_CALL_IMP_VOL_25DELTA_DFLT,MUV2,ok,0,1,3,2014-01-02,2014-01-03,2014-01-02
1M_CALL_IMP_VOL_25DELTA_DFLT,RTX,ok,0,1,2,2014-01-02,2014-01-03,2014-01-02
1M_CALL_IMP_VOL_25DELTA_DFLT,EMR,ok,0,1,4,2014-01-02,2014-01-03,2014-01-02
1M_CALL_IMP_VOL_25DELTA_DFLT,AXON,ok,0,1,4,2014-01-02,2014-01-03,2014-01-02
1M_CALL_IMP_VOL_25DELTA_DFLT,UBER,ok,0,5,1,2019-05-10,2019-05-17,2019-05-10
1M_CALL_IMP_VOL_25DELTA_DFLT,AIR,ok,0,1,2,2014-01-02,2014-01-03,2014-01-02
1M_CALL_IMP_VOL_25DELTA_DFLT,SAF,ok,0,31,22,2014-01-02,2014-02-18,2014-01-02
1M_CALL_IMP_VOL_25DELTA_DFLT,MRK,ok,0,1,2,2014-01-02,2014-01-03,2014-01-02
1M_CALL_IMP_VOL_25DELTA_DFLT,AMGN,ok,0,1,2,2014-01-02,2014-01-03,2014-01-02
1M_CALL_IMP_VOL_25DELTA_DFLT,SYK,ok,0,1,2,2014-01-02,2014-01-03,2014-01-02
1M_CALL_IMP_VOL_25DELTA_DFLT,MCK,ok,0,1,2,2014-01-02,2014-01-03,2014-01-02
1M_CALL_IMP_VOL_25DELTA_DFLT,NOVN,ok,0,2,7,2014-01-02,2014-01-06,2014-01-02
1M_CALL_IMP_VOL_25DELTA_DFLT,NKE,ok,0,1,2,2014-01-02,2014-01-03,2014-01-02
1M_CALL_IMP_VOL_25DELTA_DFLT,ORLY,ok,0,1,3,2014-01-02,2014-01-03,2014-01-02
1M_CALL_IMP_VOL_25DELTA_DFLT,DASH,ok,0,5,1,2020-12-09,2020-12-16,2020-12-09
1M_CALL_IMP_VOL_25DELTA_DFLT,CFR,ok,0,2,3,2014-01-02,2014-01-06,2014-01-02
1M_CALL_IMP_VOL_25DELTA_DFLT,TTD,ok,0,142,2,2016-09-21,2017-04-17,2016-09-21
1M_CALL_IMP_VOL_25DELTA_DFLT,RBLX,ok,0,5,1,2021-03-10,2021-03-17,2021-03-10
1M_CALL_IMP_VOL_25DELTA_DFLT,9432,ok,0,3,1457,2014-01-02,2014-01-07,2014-01-02
1M_CALL_IMP_VOL_25DELTA_DFLT,9433,ok,0,3,812,2014-01-02,2014-01-07,2014-01-02
1M_CALL_IMP_VOL_25DELTA_DFLT,PEP,ok,0,1,2,2014-01-02,2014-01-03,2014-01-02
1M_CALL_IMP_VOL_25DELTA_DFLT,MDLZ,ok,0,1,2,2014-01-02,2014-01-03,2014-01-02
1M_CALL_IMP_VOL_25DELTA_DFLT,OR,ok,0,1,2,2014-01-02,2014-01-03,2014-01-02
1M_CALL_IMP_VOL_25DELTA_DFLT,CVX,ok,0,1,2,2014-01-02,2014-01-03,2014-01-02
1M_CALL_IMP_VOL_25DELTA_DFLT,TTE,ok,0,1,2,2014-01-02,2014-01-03,2014-01-02
1M_CALL_IMP_VOL_25DELTA_DFLT,NEM,ok,0,1,2,2014-01-02,2014-01-03,2014-01-02
1M_CALL_IMP_VOL_25DELTA_DFLT,SHW,ok,0,1,3,2014-01-02,2014-01-03,2014-01-02
1M_CALL_IMP_VOL_25DELTA_DFLT,SO,ok,0,1,2,2014-01-02,2014-01-03,2014-01-02
1M_CALL_IMP_VOL_25DELTA_DFLT,APP,ok,0,5,1,2021-04-15,2021-04-22,2021-04-15
1M_CALL_IMP_VOL_25DELTA_DFLT,SNOW,ok,0,5,1,2020-09-16,2020-09-23,2020-09-16
1M_CALL_IMP_VOL_25DELTA_DFLT,NET,ok,0,8,1,2019-09-13,2019-09-25,2019-09-13
1M_CALL_IMP_VOL_25DELTA_DFLT,ZS,ok,0,6,1,2018-03-16,2018-03-26,2018-03-16
1M_CALL_IMP_VOL_25DELTA_DFLT,TEAM,ok,0,7,2,2015-12-10,2015-12-21,2015-12-10
1M_CALL_IMP_VOL_25DELTA_DFLT,COHR,ok,0,2,15,2014-01-02,2014-01-06,2014-01-02
1M_CALL_IMP_VOL_25DELTA_DFLT,ON,ok,0,1,11,2014-01-02,2014-01-03,2014-01-02
1M_CALL_IMP_VOL_25DELTA_DFLT,FICO,ok,0,3,6,2014-01-02,2014-01-07,2014-01-02
1M_CALL_IMP_VOL_25DELTA_DFLT,HPE,ok,0,10,2,2015-10-20,2015-11-03,2015-10-20
1M_CALL_IMP_VOL_25DELTA_DFLT,VRSN,ok,0,1,2,2014-01-02,2014-01-03,2014-01-02
1M_CALL_IMP_VOL_25DELTA_DFLT,ASM,ok,0,1,3,2014-01-02,2014-01-03,2014-01-02
1M_CALL_IMP_VOL_25DELTA_DFLT,MRSH,ok,0,1,4,2014-01-02,2014-01-03,2014-01-02
1M_CALL_IMP_VOL_25DELTA_DFLT,APO,ok,0,1,4,2014-01-02,2014-01-03,2014-01-02
1M_CALL_IMP_VOL_25DELTA_DFLT,MSCI,ok,0,1,5,2014-01-02,2014-01-03,2014-01-02
1M_CALL_IMP_VOL_25DELTA_DFLT,BNY,ok,0,1,2,2014-01-02,2014-01-03,2014-01-02
1M_CALL_IMP_VOL_25DELTA_DFLT,IBKR,ok,0,1,5,2014-01-02,2014-01-03,2014-01-02
1M_CALL_IMP_VOL_25DELTA_DFLT,UBSG,ok,0,2,13,2014-01-02,2014-01-06,2014-01-02
1M_CALL_IMP_VOL_25DELTA_DFLT,UCG,ok,0,6,19,2014-01-02,2014-01-10,2014-01-02
1M_CALL_IMP_VOL_25DELTA_DFLT,8316,ok,0,3,801,2014-01-02,2014-01-07,2014-01-02
1M_CALL_IMP_VOL_25DELTA_DFLT,ADP,ok,0,1,4,2014-01-02,2014-01-03,2014-01-02
1M_CALL_IMP_VOL_25DELTA_DFLT,HWM,ok,0,1,1,2020-04-01,2020-04-02,2020-04-01
1M_CALL_IMP_VOL_25DELTA_DFLT,WM,ok,0,1,3,2014-01-02,2014-01-03,2014-01-02
1M_CALL_IMP_VOL_25DELTA_DFLT,PH,ok,0,1,3,2014-01-02,2014-01-03,2014-01-02
1M_CALL_IMP_VOL_25DELTA_DFLT,REL,ok,0,1,17,2014-01-02,2014-01-03,2014-01-02
1M_CALL_IMP_VOL_25DELTA_DFLT,7011,ok,0,3,1224,2014-01-02,2014-01-07,2014-01-02
1M_CALL_IMP_VOL_25DELTA_DFLT,ROP,ok,0,2,3,2014-01-02,2014-01-06,2014-01-02
1M_CALL_IMP_VOL_25DELTA_DFLT,GILD,ok,0,1,2,2014-01-02,2014-01-03,2014-01-02
1M_CALL_IMP_VOL_25DELTA_DFLT,PFE,ok,0,1,2,2014-01-02,2014-01-03,2014-01-02
1M_CALL_IMP_VOL_25DELTA_DFLT,MDT,ok,0,1,2,2014-01-02,2014-01-03,2014-01-02
1M_CALL_IMP_VOL_25DELTA_DFLT,HCA,ok,0,1,2,2014-01-02,2014-01-03,2014-01-02
1M_CALL_IMP_VOL_25DELTA_DFLT,ZTS,ok,0,1,2,2014-01-02,2014-01-03,2014-01-02
1M_CALL_IMP_VOL_25DELTA_DFLT,RMS,ok,0,1,5,2014-01-02,2014-01-03,2014-01-02
1M_CALL_IMP_VOL_25DELTA_DFLT,6758,ok,0,3,712,2014-01-02,2014-01-07,2014-01-02
1M_CALL_IMP_VOL_25DELTA_DFLT,CMG,ok,0,1,2,2014-01-02,2014-01-03,2014-01-02
1M_CALL_IMP_VOL_25DELTA_DFLT,MAR,ok,0,1,3,2014-01-02,2014-01-03,2014-01-02
1M_CALL_IMP_VOL_25DELTA_DFLT,GM,ok,0,1,2,2014-01-02,2014-01-03,2014-01-02
1M_CALL_IMP_VOL_25DELTA_DFLT,GRMN,ok,0,1,3,2014-01-02,2014-01-03,2014-01-02
1M_CALL_IMP_VOL_25DELTA_DFLT,RDDT,ok,0,3,1,2024-03-21,2024-03-26,2024-03-21
1M_CALL_IMP_VOL_25DELTA_DFLT,LYV,ok,0,1,3,2014-01-02,2014-01-03,2014-01-02
1M_CALL_IMP_VOL_25DELTA_DFLT,TKO,ok,0,1,1,2023-09-12,2023-09-13,2023-09-12
1M_CALL_IMP_VOL_25DELTA_DFLT,MO,ok,0,1,2,2014-01-02,2014-01-03,2014-01-02
1M_CALL_IMP_VOL_25DELTA_DFLT,CL,ok,0,1,2,2014-01-02,2014-01-03,2014-01-02
1M_CALL_IMP_VOL_25DELTA_DFLT,MNST,ok,0,1,2,2014-01-02,2014-01-03,2014-01-02
1M_CALL_IMP_VOL_25DELTA_DFLT,COP,ok,0,1,2,2014-01-02,2014-01-03,2014-01-02
1M_CALL_IMP_VOL_25DELTA_DFLT,SLB,ok,0,1,2,2014-01-02,2014-01-03,2014-01-02
1M_CALL_IMP_VOL_25DELTA_DFLT,APD,ok,0,1,2,2014-01-02,2014-01-03,2014-01-02
1M_CALL_IMP_VOL_25DELTA_DFLT,4063,ok,0,3,1299,2014-01-02,2014-01-07,2014-01-02
1M_CALL_IMP_VOL_25DELTA_DFLT,NRG,ok,0,1,3,2014-01-02,2014-01-03,2014-01-02
1M_CALL_IMP_VOL_25DELTA_DFLT,ENEL,ok,0,6,19,2014-01-02,2014-01-10,2014-01-02
1M_CALL_IMP_VOL_25DELTA_DFLT,WELL,ok,0,1,3,2014-01-02,2014-01-03,2014-01-02
PX_LAST_UNADJ,AAPL,ok,0,1,2,2014-01-02,2014-01-03,2014-01-02
PX_LAST_UNADJ,MSFT,ok,0,1,2,2014-01-02,2014-01-03,2014-01-02
PX_LAST_UNADJ,GOOGL,ok,0,1,2,2014-01-02,2014-01-03,2014-01-02
PX_LAST_UNADJ,AMZN,ok,0,1,3,2014-01-02,2014-01-03,2014-01-02
PX_LAST_UNADJ,META,ok,0,1,2,2014-01-02,2014-01-03,2014-01-02
PX_LAST_UNADJ,NVDA,ok,0,1,2,2014-01-02,2014-01-03,2014-01-02
PX_LAST_UNADJ,TSLA,ok,0,1,2,2014-01-02,2014-01-03,2014-01-02
PX_LAST_UNADJ,PLTR,ok,0,1,2,2020-09-30,2020-10-01,2020-09-30
PX_LAST_UNADJ,AVGO,ok,0,1,2,2014-01-02,2014-01-03,2014-01-02
PX_LAST_UNADJ,MU,ok,0,1,2,2014-01-02,2014-01-03,2014-01-02
PX_LAST_UNADJ,GEV,ok,0,1,2,2024-04-02,2024-04-03,2024-04-02
PX_LAST_UNADJ,VRT,ok,0,1,5,2018-08-01,2018-08-02,2018-08-01
PX_LAST_UNADJ,BE,ok,0,1,2,2018-07-25,2018-07-26,2018-07-25
PX_LAST_UNADJ,LITE,ok,0,1,2,2015-07-27,2015-07-28,2015-07-27
PX_LAST_UNADJ,000660,ok,0,1,7,2014-01-02,2014-01-03,2014-01-02
PX_LAST_UNADJ,005930,ok,0,1,7,2014-01-02,2014-01-03,2014-01-02
PX_LAST_UNADJ,UNH,ok,0,1,2,2014-01-02,2014-01-03,2014-01-02
PX_LAST_UNADJ,LLY,ok,0,1,2,2014-01-02,2014-01-03,2014-01-02
PX_LAST_UNADJ,ISRG,ok,0,1,2,2014-01-02,2014-01-03,2014-01-02
PX_LAST_UNADJ,ABBV,ok,0,1,2,2014-01-02,2014-01-03,2014-01-02
PX_LAST_UNADJ,REGN,ok,0,1,2,2014-01-02,2014-01-03,2014-01-02
PX_LAST_UNADJ,JPM,ok,0,1,2,2014-01-02,2014-01-03,2014-01-02
PX_LAST_UNADJ,V,ok,0,1,2,2014-01-02,2014-01-03,2014-01-02
PX_LAST_UNADJ,MA,ok,0,1,2,2014-01-02,2014-01-03,2014-01-02
PX_LAST_UNADJ,BLK,ok,0,1,2,2014-01-02,2014-01-03,2014-01-02
PX_LAST_UNADJ,SPGI,ok,0,1,2,2014-01-02,2014-01-03,2014-01-02
PX_LAST_UNADJ,GS,ok,0,1,2,2014-01-02,2014-01-03,2014-01-02
PX_LAST_UNADJ,COST,ok,0,1,2,2014-01-02,2014-01-03,2014-01-02
PX_LAST_UNADJ,HD,ok,0,1,2,2014-01-02,2014-01-03,2014-01-02
PX_LAST_UNADJ,PG,ok,0,1,2,2014-01-02,2014-01-03,2014-01-02
PX_LAST_UNADJ,MCD,ok,0,1,2,2014-01-02,2014-01-03,2014-01-02
PX_LAST_UNADJ,WMT,ok,0,1,2,2014-01-02,2014-01-03,2014-01-02
PX_LAST_UNADJ,CAT,ok,0,1,2,2014-01-02,2014-01-03,2014-01-02
PX_LAST_UNADJ,HON,ok,0,1,2,2014-01-02,2014-01-03,2014-01-02
PX_LAST_UNADJ,DE,ok,0,1,2,2014-01-02,2014-01-03,2014-01-02
PX_LAST_UNADJ,UNP,ok,0,1,2,2014-01-02,2014-01-03,2014-01-02
PX_LAST_UNADJ,LMT,ok,0,1,2,2014-01-02,2014-01-03,2014-01-02
PX_LAST_UNADJ,ETN,ok,0,1,2,2014-01-02,2014-01-03,2014-01-02
PX_LAST_UNADJ,XOM,ok,0,1,2,2014-01-02,2014-01-03,2014-01-02
PX_LAST_UNADJ,LNG,ok,0,1,2,2014-01-02,2014-01-03,2014-01-02
PX_LAST_UNADJ,FCX,ok,0,1,3,2014-01-02,2014-01-03,2014-01-02
PX_LAST_UNADJ,LIN,ok,0,1,2,2014-01-02,2014-01-03,2014-01-02
PX_LAST_UNADJ,NEE,ok,0,1,2,2014-01-02,2014-01-03,2014-01-02
PX_LAST_UNADJ,AMT,ok,0,1,2,2014-01-02,2014-01-03,2014-01-02
PX_LAST_UNADJ,EQIX,ok,0,1,2,2014-01-02,2014-01-03,2014-01-02
PX_LAST_UNADJ,TMUS,ok,0,1,2,2014-01-02,2014-01-03,2014-01-02
PX_LAST_UNADJ,PLD,ok,0,1,2,2014-01-02,2014-01-03,2014-01-02
PX_LAST_UNADJ,AMD,ok,0,1,3,2014-01-02,2014-01-03,2014-01-02
PX_LAST_UNADJ,CRM,ok,0,1,2,2014-01-02,2014-01-03,2014-01-02
PX_LAST_UNADJ,NFLX,ok,0,1,2,2014-01-02,2014-01-03,2014-01-02
PX_LAST_UNADJ,TER,ok,0,1,2,2014-01-02,2014-01-03,2014-01-02
PX_LAST_UNADJ,GLW,ok,0,1,2,2014-01-02,2014-01-03,2014-01-02
PX_LAST_UNADJ,JNJ,ok,0,1,3,2014-01-02,2014-01-03,2014-01-02
PX_LAST_UNADJ,WFC,ok,0,1,2,2014-01-02,2014-01-03,2014-01-02
PX_LAST_UNADJ,MPC,ok,0,1,2,2014-01-02,2014-01-03,2014-01-02
PX_LAST_UNADJ,LRCX,ok,0,1,2,2014-01-02,2014-01-03,2014-01-02
PX_LAST_UNADJ,AMAT,ok,0,1,2,2014-01-02,2014-01-03,2014-01-02
PX_LAST_UNADJ,PANW,ok,0,1,2,2014-01-02,2014-01-03,2014-01-02
PX_LAST_UNADJ,FN,ok,0,1,2,2014-01-02,2014-01-03,2014-01-02
PX_LAST_UNADJ,MPWR,ok,0,1,2,2014-01-02,2014-01-03,2014-01-02
PX_LAST_UNADJ,BAC,ok,0,1,3,2014-01-02,2014-01-03,2014-01-02
PX_LAST_UNADJ,CSCO,ok,0,1,3,2014-01-02,2014-01-03,2014-01-02
PX_LAST_UNADJ,INTC,ok,0,1,2,2014-01-02,2014-01-03,2014-01-02
PX_LAST_UNADJ,ORCL,ok,0,1,3,2014-01-02,2014-01-03,2014-01-02
PX_LAST_UNADJ,TSM,ok,0,1,3,2014-01-02,2014-01-03,2014-01-02
PX_LAST_UNADJ,SNDK,ok,0,1,1,2025-02-24,2025-02-25,2025-02-24
PX_LAST_UNADJ,KLAC,ok,0,1,2,2014-01-02,2014-01-03,2014-01-02
PX_LAST_UNADJ,ANET,ok,0,1,2,2014-06-06,2014-06-09,2014-06-06
PX_LAST_UNADJ,MRVL,ok,0,1,3,2014-01-02,2014-01-03,2014-01-02
PX_LAST_UNADJ,CDNS,ok,0,1,2,2014-01-02,2014-01-03,2014-01-02
PX_LAST_UNADJ,STX,ok,0,1,2,2014-01-02,2014-01-03,2014-01-02
PX_LAST_UNADJ,PWR,ok,0,1,2,2014-01-02,2014-01-03,2014-01-02
PX_LAST_UNADJ,BX,ok,0,1,2,2014-01-02,2014-01-03,2014-01-02
PX_LAST_UNADJ,TMO,ok,0,1,2,2014-01-02,2014-01-03,2014-01-02
PX_LAST_UNADJ,BSX,ok,0,1,3,2014-01-02,2014-01-03,2014-01-02
PX_LAST_UNADJ,BKNG,ok,0,1,2,2014-01-02,2014-01-03,2014-01-02
PX_LAST_UNADJ,PM,ok,0,1,2,2014-01-02,2014-01-03,2014-01-02
PX_LAST_UNADJ,WMB,ok,0,1,2,2014-01-02,2014-01-03,2014-01-02
PX_LAST_UNADJ,CEG,ok,0,1,2,2022-02-02,2022-02-03,2022-02-02
PX_LAST_UNADJ,VST,ok,0,1,3,2016-10-05,2016-10-06,2016-10-05
PX_LAST_UNADJ,DLR,ok,0,1,2,2014-01-02,2014-01-03,2014-01-02
PX_LAST_UNADJ,ARM,ok,0,1,2,2023-09-14,2023-09-15,2023-09-14
PX_LAST_UNADJ,SPOT,ok,0,1,2,2018-04-03,2018-04-04,2018-04-03
PX_LAST_UNADJ,RACE,ok,0,1,2,2015-10-21,2015-10-22,2015-10-21
PX_LAST_UNADJ,285A,ok,0,1,4,2024-12-18,2024-12-19,2024-12-18
PX_LAST_UNADJ,6857,ok,0,3,7,2014-01-02,2014-01-07,2014-01-02
PX_LAST_UNADJ,SU,ok,0,1,2,2014-01-02,2014-01-03,2014-01-02
PX_LAST_UNADJ,SIE,ok,0,1,3,2014-01-02,2014-01-03,2014-01-02
PX_LAST_UNADJ,RHM,ok,0,1,3,2014-01-02,2014-01-03,2014-01-02
PX_LAST_UNADJ,ALV,ok,0,1,3,2014-01-02,2014-01-03,2014-01-02
PX_LAST_UNADJ,MC,ok,0,1,3,2014-01-02,2014-01-03,2014-01-02
PX_LAST_UNADJ,NESN,ok,0,2,4,2014-01-02,2014-01-06,2014-01-02
PX_LAST_UNADJ,RR/,ok,0,1,3,2014-01-02,2014-01-03,2014-01-02
PX_LAST_UNADJ,SAP,ok,0,1,3,2014-01-02,2014-01-03,2014-01-02
PX_LAST_UNADJ,ASML,ok,0,1,2,2014-01-02,2014-01-03,2014-01-02
PX_LAST_UNADJ,AZN,ok,0,1,3,2014-01-02,2014-01-03,2014-01-02
PX_LAST_UNADJ,SHEL,ok,0,1,3,2014-01-02,2014-01-03,2014-01-02
PX_LAST_UNADJ,HSBA,ok,0,1,3,2014-01-02,2014-01-03,2014-01-02
PX_LAST_UNADJ,NOVOB,ok,0,1,3,2014-01-02,2014-01-03,2014-01-02
PX_LAST_UNADJ,RIO,ok,0,2,3,2014-01-02,2014-01-06,2014-01-02
PX_LAST_UNADJ,QCOM,ok,0,1,2,2014-01-02,2014-01-03,2014-01-02
PX_LAST_UNADJ,TXN,ok,0,1,2,2014-01-02,2014-01-03,2014-01-02
PX_LAST_UNADJ,ADBE,ok,0,1,2,2014-01-02,2014-01-03,2014-01-02
PX_LAST_UNADJ,NOW,ok,0,1,2,2014-01-02,2014-01-03,2014-01-02
PX_LAST_UNADJ,ACN,ok,0,1,2,2014-01-02,2014-01-03,2014-01-02
PX_LAST_UNADJ,IBM,ok,0,1,2,2014-01-02,2014-01-03,2014-01-02
PX_LAST_UNADJ,ADI,ok,0,1,2,2014-01-02,2014-01-03,2014-01-02
PX_LAST_UNADJ,DELL,ok,0,1,2,2018-12-28,2018-12-31,2018-12-28
PX_LAST_UNADJ,8035,ok,0,3,7,2014-01-02,2014-01-07,2014-01-02
PX_LAST_UNADJ,IFX,ok,0,1,3,2014-01-02,2014-01-03,2014-01-02
PX_LAST_UNADJ,MS,ok,0,1,2,2014-01-02,2014-01-03,2014-01-02
PX_LAST_UNADJ,SCHW,ok,0,1,2,2014-01-02,2014-01-03,2014-01-02
PX_LAST_UNADJ,AXP,ok,0,1,2,2014-01-02,2014-01-03,2014-01-02
PX_LAST_UNADJ,PGR,ok,0,1,2,2014-01-02,2014-01-03,2014-01-02
PX_LAST_UNADJ,AON,ok,0,1,2,2014-01-02,2014-01-03,2014-01-02
PX_LAST_UNADJ,CME,ok,0,1,2,2014-01-02,2014-01-03,2014-01-02
PX_LAST_UNADJ,KKR,ok,0,1,3,2014-01-02,2014-01-03,2014-01-02
PX_LAST_UNADJ,BN,ok,0,1,2,2022-12-12,2022-12-13,2022-12-12
PX_LAST_UNADJ,C,ok,0,1,2,2014-01-02,2014-01-03,2014-01-02
PX_LAST_UNADJ,LSEG,ok,0,1,3,2014-01-02,2014-01-03,2014-01-02
PX_LAST_UNADJ,ZURN,ok,0,2,3,2014-01-02,2014-01-06,2014-01-02
PX_LAST_UNADJ,CS,ok,0,1,2,2014-01-02,2014-01-03,2014-01-02
PX_LAST_UNADJ,8306,ok,0,3,7,2014-01-02,2014-01-07,2014-01-02
PX_LAST_UNADJ,DIS,ok,0,1,2,2014-01-02,2014-01-03,2014-01-02
PX_LAST_UNADJ,CMCSA,ok,0,1,2,2014-01-02,2014-01-03,2014-01-02
PX_LAST_UNADJ,VZ,ok,0,1,2,2014-01-02,2014-01-03,2014-01-02
PX_LAST_UNADJ,T,ok,0,1,3,2014-01-02,2014-01-03,2014-01-02
PX_LAST_UNADJ,TTWO,ok,0,1,2,2014-01-02,2014-01-03,2014-01-02
PX_LAST_UNADJ,PUB,ok,0,1,2,2014-01-02,2014-01-03,2014-01-02
PX_LAST_UNADJ,7974,ok,0,3,7,2014-01-02,2014-01-07,2014-01-02
PX_LAST_UNADJ,DTE,ok,0,1,3,2014-01-02,2014-01-03,2014-01-02
PX_LAST_UNADJ,UMG,ok,0,1,3,2021-09-21,2021-09-22,2021-09-21
PX_LAST_UNADJ,LOW,ok,0,1,2,2014-01-02,2014-01-03,2014-01-02
PX_LAST_UNADJ,TJX,ok,0,1,2,2014-01-02,2014-01-03,2014-01-02
PX_LAST_UNADJ,SBUX,ok,0,1,2,2014-01-02,2014-01-03,2014-01-02
PX_LAST_UNADJ,ABNB,ok,0,1,2,2020-12-10,2020-12-11,2020-12-10
PX_LAST_UNADJ,7203,ok,0,3,7,2014-01-02,2014-01-07,2014-01-02
PX_LAST_UNADJ,ITX,ok,0,1,3,2014-01-02,2014-01-03,2014-01-02
PX_LAST_UNADJ,ABT,ok,0,1,2,2014-01-02,2014-01-03,2014-01-02
PX_LAST_UNADJ,DHR,ok,0,1,2,2014-01-02,2014-01-03,2014-01-02
PX_LAST_UNADJ,VRTX,ok,0,1,2,2014-01-02,2014-01-03,2014-01-02
PX_LAST_UNADJ,SAN,ok,0,1,3,2014-01-02,2014-01-03,2014-01-02
PX_LAST_UNADJ,GE,ok,0,1,2,2024-04-02,2024-04-03,2024-04-02
PX_LAST_UNADJ,TT,ok,0,1,2,2020-03-02,2020-03-03,2020-03-02
PX_LAST_UNADJ,ABBN,ok,0,2,3,2014-01-02,2014-01-06,2014-01-02
PX_LAST_UNADJ,KO,ok,0,1,3,2014-01-02,2014-01-03,2014-01-02
PX_LAST_UNADJ,ULVR,ok,0,1,3,2014-01-02,2014-01-03,2014-01-02
PX_LAST_UNADJ,ECL,ok,0,1,2,2014-01-02,2014-01-03,2014-01-02
PX_LAST_UNADJ,AI,ok,0,1,2,2014-01-02,2014-01-03,2014-01-02
PX_LAST_UNADJ,IBE,ok,0,1,3,2014-01-02,2014-01-03,2014-01-02
PX_LAST_UNADJ,INTU,ok,0,1,2,2014-01-02,2014-01-03,2014-01-02
PX_LAST_UNADJ,SNPS,ok,0,1,2,2014-01-02,2014-01-03,2014-01-02
PX_LAST_UNADJ,APH,ok,0,1,2,2014-01-02,2014-01-03,2014-01-02
PX_LAST_UNADJ,MSI,ok,0,1,2,2014-01-02,2014-01-03,2014-01-02
PX_LAST_UNADJ,CRWD,ok,0,1,2,2019-06-12,2019-06-13,2019-06-12
PX_LAST_UNADJ,NXPI,ok,0,1,2,2014-01-02,2014-01-03,2014-01-02
PX_LAST_UNADJ,KEYS,ok,0,1,2,2014-10-21,2014-10-22,2014-10-21
PX_LAST_UNADJ,ADSK,ok,0,1,2,2014-01-02,2014-01-03,2014-01-02
PX_LAST_UNADJ,WDAY,ok,0,1,2,2014-01-02,2014-01-03,2014-01-02
PX_LAST_UNADJ,WDC,ok,0,1,2,2025-02-24,2025-02-25,2025-02-24
PX_LAST_UNADJ,DDOG,ok,0,1,2,2019-09-19,2019-09-20,2019-09-19
PX_LAST_UNADJ,FTNT,ok,0,1,2,2014-01-02,2014-01-03,2014-01-02
PX_LAST_UNADJ,DSY,ok,0,1,2,2014-01-02,2014-01-03,2014-01-02
PX_LAST_UNADJ,6146,ok,0,3,7,2014-01-02,2014-01-07,2014-01-02
PX_LAST_UNADJ,6981,ok,0,3,7,2014-01-02,2014-01-07,2014-01-02
PX_LAST_UNADJ,BRK/B,ok,0,1,2,2014-01-02,2014-01-03,2014-01-02
PX_LAST_UNADJ,CB,ok,0,1,2,2014-01-02,2014-01-03,2014-01-02
PX_LAST_UNADJ,ICE,ok,0,1,2,2014-01-02,2014-01-03,2014-01-02
PX_LAST_UNADJ,MCO,ok,0,1,2,2014-01-02,2014-01-03,2014-01-02
PX_LAST_UNADJ,PYPL,ok,0,1,2,2015-07-07,2015-07-08,2015-07-07
PX_LAST_UNADJ,COF,ok,0,1,2,2025-05-19,2025-05-20,2025-05-19
PX_LAST_UNADJ,BNP,ok,0,1,2,2014-01-02,2014-01-03,2014-01-02
PX_LAST_UNADJ,MUV2,ok,0,1,3,2014-01-02,2014-01-03,2014-01-02
PX_LAST_UNADJ,RTX,ok,0,1,2,2014-01-02,2014-01-03,2014-01-02
PX_LAST_UNADJ,EMR,ok,0,1,2,2014-01-02,2014-01-03,2014-01-02
PX_LAST_UNADJ,AXON,ok,0,1,2,2014-01-02,2014-01-03,2014-01-02
PX_LAST_UNADJ,UBER,ok,0,1,2,2019-05-10,2019-05-13,2019-05-10
PX_LAST_UNADJ,AIR,ok,0,1,2,2014-01-02,2014-01-03,2014-01-02
PX_LAST_UNADJ,SAF,ok,0,1,3,2014-01-02,2014-01-03,2014-01-02
PX_LAST_UNADJ,MRK,ok,0,1,2,2014-01-02,2014-01-03,2014-01-02
PX_LAST_UNADJ,AMGN,ok,0,1,2,2014-01-02,2014-01-03,2014-01-02
PX_LAST_UNADJ,SYK,ok,0,1,2,2014-01-02,2014-01-03,2014-01-02
PX_LAST_UNADJ,MCK,ok,0,1,2,2014-01-02,2014-01-03,2014-01-02
PX_LAST_UNADJ,NOVN,ok,0,2,3,2014-01-02,2014-01-06,2014-01-02
PX_LAST_UNADJ,NKE,ok,0,1,2,2014-01-02,2014-01-03,2014-01-02
PX_LAST_UNADJ,ORLY,ok,0,1,2,2014-01-02,2014-01-03,2014-01-02
PX_LAST_UNADJ,DASH,ok,0,1,2,2020-12-09,2020-12-10,2020-12-09
PX_LAST_UNADJ,CFR,ok,0,2,3,2014-01-02,2014-01-06,2014-01-02
PX_LAST_UNADJ,TTD,ok,0,1,2,2016-09-21,2016-09-22,2016-09-21
PX_LAST_UNADJ,RBLX,ok,0,1,2,2021-03-10,2021-03-11,2021-03-10
PX_LAST_UNADJ,9432,ok,0,3,8,2014-01-02,2014-01-07,2014-01-02
PX_LAST_UNADJ,9433,ok,0,3,7,2014-01-02,2014-01-07,2014-01-02
PX_LAST_UNADJ,PEP,ok,0,1,2,2014-01-02,2014-01-03,2014-01-02
PX_LAST_UNADJ,MDLZ,ok,0,1,3,2014-01-02,2014-01-03,2014-01-02
PX_LAST_UNADJ,OR,ok,0,1,3,2014-01-02,2014-01-03,2014-01-02
PX_LAST_UNADJ,CVX,ok,0,1,2,2014-01-02,2014-01-03,2014-01-02
PX_LAST_UNADJ,TTE,ok,0,1,2,2014-01-02,2014-01-03,2014-01-02
PX_LAST_UNADJ,NEM,ok,0,1,2,2014-01-02,2014-01-03,2014-01-02
PX_LAST_UNADJ,SHW,ok,0,1,2,2014-01-02,2014-01-03,2014-01-02
PX_LAST_UNADJ,SO,ok,0,1,2,2014-01-02,2014-01-03,2014-01-02
PX_LAST_UNADJ,APP,ok,0,1,2,2021-04-15,2021-04-16,2021-04-15
PX_LAST_UNADJ,SNOW,ok,0,1,2,2020-09-16,2020-09-17,2020-09-16
PX_LAST_UNADJ,NET,ok,0,1,2,2019-09-13,2019-09-16,2019-09-13
PX_LAST_UNADJ,ZS,ok,0,1,2,2018-03-16,2018-03-19,2018-03-16
PX_LAST_UNADJ,TEAM,ok,0,1,2,2015-12-10,2015-12-11,2015-12-10
PX_LAST_UNADJ,COHR,ok,0,1,2,2014-01-02,2014-01-03,2014-01-02
PX_LAST_UNADJ,ON,ok,0,1,2,2014-01-02,2014-01-03,2014-01-02
PX_LAST_UNADJ,FICO,ok,0,1,3,2014-01-02,2014-01-03,2014-01-02
PX_LAST_UNADJ,HPE,ok,0,1,2,2015-10-20,2015-10-21,2015-10-20
PX_LAST_UNADJ,VRSN,ok,0,1,2,2014-01-02,2014-01-03,2014-01-02
PX_LAST_UNADJ,ASM,ok,0,1,3,2014-01-02,2014-01-03,2014-01-02
PX_LAST_UNADJ,MRSH,ok,0,1,2,2014-01-02,2014-01-03,2014-01-02
PX_LAST_UNADJ,APO,ok,0,1,3,2014-01-02,2014-01-03,2014-01-02
PX_LAST_UNADJ,MSCI,ok,0,1,2,2014-01-02,2014-01-03,2014-01-02
PX_LAST_UNADJ,BNY,ok,0,1,2,2014-01-02,2014-01-03,2014-01-02
PX_LAST_UNADJ,IBKR,ok,0,1,2,2014-01-02,2014-01-03,2014-01-02
PX_LAST_UNADJ,UBSG,ok,0,2,3,2014-01-02,2014-01-06,2014-01-02
PX_LAST_UNADJ,UCG,ok,0,1,3,2014-01-02,2014-01-03,2014-01-02
PX_LAST_UNADJ,8316,ok,0,3,7,2014-01-02,2014-01-07,2014-01-02
PX_LAST_UNADJ,ADP,ok,0,1,2,2014-01-02,2014-01-03,2014-01-02
PX_LAST_UNADJ,HWM,ok,0,1,2,2020-04-01,2020-04-02,2020-04-01
PX_LAST_UNADJ,WM,ok,0,1,2,2014-01-02,2014-01-03,2014-01-02
PX_LAST_UNADJ,PH,ok,0,1,2,2014-01-02,2014-01-03,2014-01-02
PX_LAST_UNADJ,REL,ok,0,1,3,2014-01-02,2014-01-03,2014-01-02
PX_LAST_UNADJ,7011,ok,0,3,7,2014-01-02,2014-01-07,2014-01-02
PX_LAST_UNADJ,ROP,ok,0,2,4,2014-01-02,2014-01-06,2014-01-02
PX_LAST_UNADJ,GILD,ok,0,1,2,2014-01-02,2014-01-03,2014-01-02
PX_LAST_UNADJ,PFE,ok,0,1,3,2014-01-02,2014-01-03,2014-01-02
PX_LAST_UNADJ,MDT,ok,0,1,3,2014-01-02,2014-01-03,2014-01-02
PX_LAST_UNADJ,HCA,ok,0,1,2,2014-01-02,2014-01-03,2014-01-02
PX_LAST_UNADJ,ZTS,ok,0,1,2,2014-01-02,2014-01-03,2014-01-02
PX_LAST_UNADJ,RMS,ok,0,1,3,2014-01-02,2014-01-03,2014-01-02
PX_LAST_UNADJ,6758,ok,0,3,7,2014-01-02,2014-01-07,2014-01-02
PX_LAST_UNADJ,CMG,ok,0,1,2,2014-01-02,2014-01-03,2014-01-02
PX_LAST_UNADJ,MAR,ok,0,1,2,2014-01-02,2014-01-03,2014-01-02
PX_LAST_UNADJ,GM,ok,0,1,2,2014-01-02,2014-01-03,2014-01-02
PX_LAST_UNADJ,GRMN,ok,0,1,2,2014-01-02,2014-01-03,2014-01-02
PX_LAST_UNADJ,RDDT,ok,0,1,1,2024-03-21,2024-03-22,2024-03-21
PX_LAST_UNADJ,LYV,ok,0,1,3,2014-01-02,2014-01-03,2014-01-02
PX_LAST_UNADJ,TKO,ok,0,1,2,2023-09-12,2023-09-13,2023-09-12
PX_LAST_UNADJ,MO,ok,0,1,2,2014-01-02,2014-01-03,2014-01-02
PX_LAST_UNADJ,CL,ok,0,1,2,2014-01-02,2014-01-03,2014-01-02
PX_LAST_UNADJ,MNST,ok,0,1,2,2014-01-02,2014-01-03,2014-01-02
PX_LAST_UNADJ,COP,ok,0,1,2,2014-01-02,2014-01-03,2014-01-02
PX_LAST_UNADJ,SLB,ok,0,1,2,2014-01-02,2014-01-03,2014-01-02
PX_LAST_UNADJ,APD,ok,0,1,2,2014-01-02,2014-01-03,2014-01-02
PX_LAST_UNADJ,4063,ok,0,3,7,2014-01-02,2014-01-07,2014-01-02
PX_LAST_UNADJ,NRG,ok,0,1,3,2014-01-02,2014-01-03,2014-01-02
PX_LAST_UNADJ,ENEL,ok,0,1,4,2014-01-02,2014-01-03,2014-01-02
PX_LAST_UNADJ,WELL,ok,0,1,2,2014-01-02,2014-01-03,2014-01-02
Earnings_Date,AAPL,ok,0,17,70,2014-01-02,2014-01-27,2014-01-02
Earnings_Date,MSFT,ok,0,15,69,2014-01-02,2014-01-23,2014-01-02
Earnings_Date,GOOGL,ok,0,20,74,2014-01-02,2014-01-30,2014-01-02
Earnings_Date,AMZN,ok,0,20,69,2014-01-02,2014-01-30,2014-01-02
Earnings_Date,META,ok,0,19,71,2014-01-02,2014-01-29,2014-01-02
Earnings_Date,NVDA,ok,0,29,73,2014-01-02,2014-02-12,2014-01-02
Earnings_Date,TSLA,ok,0,34,84,2014-01-02,2014-02-19,2014-01-02
Earnings_Date,PLTR,ok,0,31,69,2020-09-30,2020-11-12,2020-09-30
Earnings_Date,AVGO,ok,0,38,73,2014-01-02,2014-02-25,2014-01-02
Earnings_Date,MU,ok,0,3,72,2014-01-02,2014-01-07,2014-01-02
Earnings_Date,GEV,ok,0,20,69,2024-04-02,2024-04-30,2024-04-02
Earnings_Date,VRT,ok,0,4,90,2018-08-01,2018-08-07,2018-08-01
Earnings_Date,BE,ok,0,10,91,2018-07-25,2018-08-08,2018-07-25
Earnings_Date,LITE,ok,0,44,79,2015-07-27,2015-09-25,2015-07-27
Earnings_Date,000660,ok,0,18,73,2014-01-02,2014-01-28,2014-01-02
Earnings_Date,005930,ok,0,16,83,2014-01-02,2014-01-24,2014-01-02
Earnings_Date,UNH,ok,0,10,72,2014-01-02,2014-01-16,2014-01-02
Earnings_Date,LLY,ok,0,20,74,2014-01-02,2014-01-30,2014-01-02
Earnings_Date,ISRG,ok,0,15,69,2014-01-02,2014-01-23,2014-01-02
Earnings_Date,ABBV,ok,0,21,73,2014-01-02,2014-01-31,2014-01-02
Earnings_Date,REGN,ok,0,28,69,2014-01-02,2014-02-11,2014-01-02
Earnings_Date,JPM,ok,0,8,67,2014-01-02,2014-01-14,2014-01-02
Earnings_Date,V,ok,0,20,72,2014-01-02,2014-01-30,2014-01-02
Earnings_Date,MA,ok,0,21,68,2014-01-02,2014-01-31,2014-01-02
Earnings_Date,BLK,ok,0,10,120,2014-01-02,2014-01-16,2014-01-02
Earnings_Date,SPGI,ok,0,23,77,2014-01-02,2014-02-04,2014-01-02
Earnings_Date,GS,ok,0,10,68,2014-01-02,2014-01-16,2014-01-02
Earnings_Date,COST,ok,0,45,94,2014-01-02,2014-03-06,2014-01-02
Earnings_Date,HD,ok,0,38,74,2014-01-02,2014-02-25,2014-01-02
Earnings_Date,PG,ok,0,16,73,2014-01-02,2014-01-24,2014-01-02
Earnings_Date,MCD,ok,0,15,73,2014-01-02,2014-01-23,2014-01-02
Earnings_Date,WMT,ok,0,35,69,2014-01-02,2014-02-20,2014-01-02
Earnings_Date,CAT,ok,0,17,72,2014-01-02,2014-01-27,2014-01-02
Earnings_Date,HON,ok,0,16,75,2014-01-02,2014-01-24,2014-01-02
Earnings_Date,DE,ok,0,29,74,2014-01-02,2014-02-12,2014-01-02
Earnings_Date,UNP,ok,0,15,69,2014-01-02,2014-01-23,2014-01-02
Earnings_Date,LMT,ok,0,15,71,2014-01-02,2014-01-23,2014-01-02
Earnings_Date,ETN,ok,0,23,70,2014-01-02,2014-02-04,2014-01-02
Earnings_Date,XOM,ok,0,20,69,2014-01-02,2014-01-30,2014-01-02
Earnings_Date,LNG,ok,0,36,84,2014-01-02,2014-02-21,2014-01-02
Earnings_Date,FCX,ok,0,14,68,2014-01-02,2014-01-22,2014-01-02
Earnings_Date,LIN,ok,0,1101,131,2014-01-02,2018-03-23,2014-01-02
Earnings_Date,NEE,ok,0,18,69,2014-01-02,2014-01-28,2014-01-02
Earnings_Date,AMT,ok,0,38,87,2014-01-02,2014-02-25,2014-01-02
Earnings_Date,EQIX,ok,0,34,80,2014-01-02,2014-02-19,2014-01-02
Earnings_Date,TMUS,ok,0,38,82,2014-01-02,2014-02-25,2014-01-02
Earnings_Date,PLD,ok,0,20,124,2014-01-02,2014-01-30,2014-01-02
Earnings_Date,AMD,ok,0,13,72,2014-01-02,2014-01-21,2014-01-02
Earnings_Date,CRM,ok,0,40,74,2014-01-02,2014-02-27,2014-01-02
Earnings_Date,NFLX,ok,0,14,69,2014-01-02,2014-01-22,2014-01-02
Earnings_Date,TER,ok,0,14,70,2014-01-02,2014-01-22,2014-01-02
Earnings_Date,GLW,ok,0,18,69,2014-01-02,2014-01-28,2014-01-02
Earnings_Date,JNJ,ok,0,13,74,2014-01-02,2014-01-21,2014-01-02
Earnings_Date,WFC,ok,0,8,67,2014-01-02,2014-01-14,2014-01-02
Earnings_Date,MPC,ok,0,19,69,2014-01-02,2014-01-29,2014-01-02
Earnings_Date,LRCX,ok,0,19,71,2014-01-02,2014-01-29,2014-01-02
Earnings_Date,AMAT,ok,0,29,69,2014-01-02,2014-02-12,2014-01-02
Earnings_Date,PANW,ok,0,37,74,2014-01-02,2014-02-24,2014-01-02
Earnings_Date,FN,ok,0,22,117,2014-01-02,2014-02-03,2014-01-02
Earnings_Date,MPWR,ok,0,25,77,2014-01-02,2014-02-06,2014-01-02
Earnings_Date,BAC,ok,0,9,68,2014-01-02,2014-01-15,2014-01-02
Earnings_Date,CSCO,ok,0,29,70,2014-01-02,2014-02-12,2014-01-02
Earnings_Date,INTC,ok,0,10,71,2014-01-02,2014-01-16,2014-01-02
Earnings_Date,ORCL,ok,0,53,69,2014-01-02,2014-03-18,2014-01-02
Earnings_Date,TSM,ok,0,11,71,2014-01-02,2014-01-17,2014-01-02
Earnings_Date,SNDK,ok,0,9,70,2025-02-24,2025-03-07,2025-02-24
Earnings_Date,KLAC,ok,0,15,70,2014-01-02,2014-01-23,2014-01-02
Earnings_Date,ANET,ok,0,44,77,2014-06-06,2014-08-07,2014-06-06
Earnings_Date,MRVL,ok,0,35,160,2014-01-02,2014-02-20,2014-01-02
Earnings_Date,CDNS,ok,0,19,89,2014-01-02,2014-01-29,2014-01-02
Earnings_Date,STX,ok,0,17,74,2014-01-02,2014-01-27,2014-01-02
Earnings_Date,PWR,ok,0,35,84,2014-01-02,2014-02-20,2014-01-02
Earnings_Date,BX,ok,0,20,74,2014-01-02,2014-01-30,2014-01-02
Earnings_Date,TMO,ok,0,20,72,2014-01-02,2014-01-30,2014-01-02
Earnings_Date,BSX,ok,0,23,74,2014-01-02,2014-02-04,2014-01-02
Earnings_Date,BKNG,ok,0,35,81,2014-01-02,2014-02-20,2014-01-02
Earnings_Date,PM,ok,0,25,79,2014-01-02,2014-02-06,2014-01-02
Earnings_Date,WMB,ok,0,34,79,2014-01-02,2014-02-19,2014-01-02
Earnings_Date,CEG,ok,0,71,80,2022-02-02,2022-05-12,2022-02-02
Earnings_Date,VST,ok,0,133,83,2016-10-05,2017-04-10,2016-10-05
Earnings_Date,DLR,ok,0,37,84,2014-01-02,2014-02-24,2014-01-02
Earnings_Date,ARM,ok,0,39,69,2023-09-14,2023-11-08,2023-09-14
Earnings_Date,SPOT,ok,0,21,79,2018-04-03,2018-05-02,2018-04-03
Earnings_Date,RACE,ok,0,23,75,2015-10-21,2015-11-23,2015-10-21
Earnings_Date,285A,ok,0,42,68,2024-12-18,2025-02-14,2024-12-18
Earnings_Date,6857,ok,0,18,69,2014-01-02,2014-01-28,2014-01-02
Earnings_Date,SU,ok,0,35,84,2014-01-02,2014-02-20,2014-01-02
Earnings_Date,SIE,ok,0,18,74,2014-01-02,2014-01-28,2014-01-02
Earnings_Date,RHM,ok,0,54,99,2014-01-02,2014-03-19,2014-01-02
Earnings_Date,ALV,ok,0,40,78,2014-01-02,2014-02-27,2014-01-02
Earnings_Date,MC,ok,0,20,80,2014-01-02,2014-01-30,2014-01-02
Earnings_Date,NESN,ok,0,30,89,2014-01-02,2014-02-13,2014-01-02
Earnings_Date,RR/,ok,0,30,169,2014-01-02,2014-02-13,2014-01-02
Earnings_Date,SAP,ok,0,13,133,2014-01-02,2014-01-21,2014-01-02
Earnings_Date,ASML,ok,0,14,75,2014-01-02,2014-01-22,2014-01-02
Earnings_Date,AZN,ok,0,25,80,2014-01-02,2014-02-06,2014-01-02
Earnings_Date,SHEL,ok,0,20,69,2014-01-02,2014-01-30,2014-01-02
Earnings_Date,HSBA,ok,0,37,125,2014-01-02,2014-02-24,2014-01-02
Earnings_Date,NOVOB,ok,0,20,69,2014-01-02,2014-01-30,2014-01-02
Earnings_Date,RIO,ok,0,30,134,2014-01-02,2014-02-13,2014-01-02
Earnings_Date,QCOM,ok,0,19,74,2014-01-02,2014-01-29,2014-01-02
Earnings_Date,TXN,ok,0,13,69,2014-01-02,2014-01-21,2014-01-02
Earnings_Date,ADBE,ok,0,53,72,2014-01-02,2014-03-18,2014-01-02
Earnings_Date,NOW,ok,0,19,73,2014-01-02,2014-01-29,2014-01-02
Earnings_Date,ACN,ok,0,60,73,2014-01-02,2014-03-27,2014-01-02
Earnings_Date,IBM,ok,0,13,69,2014-01-02,2014-01-21,2014-01-02
Earnings_Date,ADI,ok,0,33,74,2014-01-02,2014-02-18,2014-01-02
Earnings_Date,DELL,ok,0,44,72,2018-12-28,2019-02-28,2018-12-28
Earnings_Date,8035,ok,0,20,75,2014-01-02,2014-01-30,2014-01-02
Earnings_Date,IFX,ok,0,20,85,2014-01-02,2014-01-30,2014-01-02
Earnings_Date,MS,ok,0,11,92,2014-01-02,2014-01-17,2014-01-02
Earnings_Date,SCHW,ok,0,10,69,2014-01-02,2014-01-16,2014-01-02
Earnings_Date,AXP,ok,0,10,74,2014-01-02,2014-01-16,2014-01-02
Earnings_Date,PGR,ok,0,14,77,2014-01-02,2014-01-22,2014-01-02
Earnings_Date,AON,ok,0,21,74,2014-01-02,2014-01-31,2014-01-02
Earnings_Date,CME,ok,0,23,79,2014-01-02,2014-02-04,2014-01-02
Earnings_Date,KKR,ok,0,25,77,2014-01-02,2014-02-06,2014-01-02
Earnings_Date,BN,ok,0,43,69,2022-12-12,2023-02-09,2022-12-12
Earnings_Date,C,ok,0,10,67,2014-01-02,2014-01-16,2014-01-02
Earnings_Date,LSEG,ok,0,15,289,2014-01-02,2014-01-23,2014-01-02
Earnings_Date,ZURN,ok,0,30,139,2014-01-02,2014-02-13,2014-01-02
Earnings_Date,CS,ok,0,36,144,2014-01-02,2014-02-21,2014-01-02
Earnings_Date,8306,ok,0,22,75,2014-01-02,2014-02-03,2014-01-02
Earnings_Date,DIS,ok,0,24,71,2014-01-02,2014-02-05,2014-01-02
Earnings_Date,CMCSA,ok,0,18,87,2014-01-02,2014-01-28,2014-01-02
Earnings_Date,VZ,ok,0,13,71,2014-01-02,2014-01-21,2014-01-02
Earnings_Date,T,ok,0,18,133,2014-01-02,2014-01-28,2014-01-02
Earnings_Date,TTWO,ok,0,22,76,2014-01-02,2014-02-03,2014-01-02
Earnings_Date,PUB,ok,0,30,115,2014-01-02,2014-02-13,2014-01-02
Earnings_Date,7974,ok,0,19,70,2014-01-02,2014-01-29,2014-01-02
Earnings_Date,DTE,ok,0,45,79,2014-01-02,2014-03-06,2014-01-02
Earnings_Date,UMG,ok,0,26,89,2021-09-21,2021-10-27,2021-09-21
Earnings_Date,LOW,ok,0,39,74,2014-01-02,2014-02-26,2014-01-02
Earnings_Date,TJX,ok,0,39,75,2014-01-02,2014-02-26,2014-01-02
Earnings_Date,SBUX,ok,0,15,74,2014-01-02,2014-01-23,2014-01-02
Earnings_Date,ABNB,ok,0,55,73,2020-12-10,2021-02-25,2020-12-10
Earnings_Date,7203,ok,0,23,71,2014-01-02,2014-02-04,2014-01-02
Earnings_Date,ITX,ok,0,54,71,2014-01-02,2014-03-19,2014-01-02
Earnings_Date,ABT,ok,0,14,70,2014-01-02,2014-01-22,2014-01-02
Earnings_Date,DHR,ok,0,18,72,2014-01-02,2014-01-28,2014-01-02
Earnings_Date,VRTX,ok,0,19,73,2014-01-02,2014-01-29,2014-01-02
Earnings_Date,SAN,ok,0,25,73,2014-01-02,2014-02-06,2014-01-02
Earnings_Date,GE,ok,0,15,67,2024-04-02,2024-04-23,2024-04-02
Earnings_Date,TT,ok,0,46,71,2020-03-02,2020-05-05,2020-03-02
Earnings_Date,ABBN,ok,0,30,89,2014-01-02,2014-02-13,2014-01-02
Earnings_Date,KO,ok,0,33,81,2014-01-02,2014-02-18,2014-01-02
Earnings_Date,ULVR,ok,0,13,79,2014-01-02,2014-01-21,2014-01-02
Earnings_Date,ECL,ok,0,36,84,2014-01-02,2014-02-21,2014-01-02
Earnings_Date,AI,ok,0,33,86,2014-01-02,2014-02-18,2014-01-02
Earnings_Date,IBE,ok,0,34,90,2014-01-02,2014-02-19,2014-01-02
Earnings_Date,INTU,ok,0,35,69,2014-01-02,2014-02-20,2014-01-02
Earnings_Date,SNPS,ok,0,34,74,2014-01-02,2014-02-19,2014-01-02
Earnings_Date,APH,ok,0,14,69,2014-01-02,2014-01-22,2014-01-02
Earnings_Date,MSI,ok,0,14,77,2014-01-02,2014-01-22,2014-01-02
Earnings_Date,CRWD,ok,0,26,74,2019-06-12,2019-07-18,2019-06-12
Earnings_Date,NXPI,ok,0,24,74,2014-01-02,2014-02-05,2014-01-02
Earnings_Date,KEYS,ok,0,19,77,2014-10-21,2014-11-17,2014-10-21
Earnings_Date,ADSK,ok,0,39,71,2014-01-02,2014-02-26,2014-01-02
Earnings_Date,WDAY,ok,0,39,71,2014-01-02,2014-02-26,2014-01-02
Earnings_Date,WDC,ok,0,47,68,2025-02-24,2025-04-30,2025-02-24
Earnings_Date,DDOG,ok,0,38,74,2019-09-19,2019-11-12,2019-09-19
Earnings_Date,FTNT,ok,0,19,71,2014-01-02,2014-01-29,2014-01-02
Earnings_Date,DSY,ok,0,25,78,2014-01-02,2014-02-06,2014-01-02
Earnings_Date,6146,ok,0,26,73,2014-01-02,2014-02-07,2014-01-02
Earnings_Date,6981,ok,0,21,67,2014-01-02,2014-01-31,2014-01-02
Earnings_Date,BRK/B,ok,0,86,2322,2014-01-02,2014-05-02,2014-01-02
Earnings_Date,CB,ok,0,18,74,2014-01-02,2014-01-28,2014-01-02
Earnings_Date,ICE,ok,0,28,70,2014-01-02,2014-02-11,2014-01-02
Earnings_Date,MCO,ok,0,26,84,2014-01-02,2014-02-07,2014-01-02
Earnings_Date,PYPL,ok,0,16,73,2015-07-07,2015-07-29,2015-07-07
Earnings_Date,COF,ok,0,46,66,2025-05-19,2025-07-22,2025-05-19
Earnings_Date,BNP,ok,0,30,71,2014-01-02,2014-02-13,2014-01-02
Earnings_Date,MUV2,ok,0,23,80,2014-01-02,2014-02-04,2014-01-02
Earnings_Date,RTX,ok,0,14,71,2014-01-02,2014-01-22,2014-01-02
Earnings_Date,EMR,ok,0,23,74,2014-01-02,2014-02-04,2014-01-02
Earnings_Date,AXON,ok,0,39,84,2014-01-02,2014-02-26,2014-01-02
Earnings_Date,UBER,ok,0,14,70,2019-05-10,2019-05-30,2019-05-10
Earnings_Date,AIR,ok,0,39,84,2014-01-02,2014-02-26,2014-01-02
Earnings_Date,SAF,ok,0,35,95,2014-01-02,2014-02-20,2014-01-02
Earnings_Date,MRK,ok,0,24,71,2014-01-02,2014-02-05,2014-01-02
Earnings_Date,AMGN,ok,0,18,71,2014-01-02,2014-01-28,2014-01-02
Earnings_Date,SYK,ok,0,14,72,2014-01-02,2014-01-22,2014-01-02
Earnings_Date,MCK,ok,0,20,80,2014-01-02,2014-01-30,2014-01-02
Earnings_Date,NOVN,ok,0,19,73,2014-01-02,2014-01-29,2014-01-02
Earnings_Date,NKE,ok,0,55,72,2014-01-02,2014-03-20,2014-01-02
Earnings_Date,ORLY,ok,0,24,74,2014-01-02,2014-02-05,2014-01-02
Earnings_Date,DASH,ok,0,56,75,2020-12-09,2021-02-25,2020-12-09
Earnings_Date,CFR,ok,0,10,139,2014-01-02,2014-01-16,2014-01-02
Earnings_Date,TTD,ok,0,1,79,2016-09-21,2016-09-22,2016-09-21
Earnings_Date,RBLX,ok,0,43,70,2021-03-10,2021-05-10,2021-03-10
Earnings_Date,9432,ok,0,25,70,2014-01-02,2014-02-06,2014-01-02
Earnings_Date,9433,ok,0,20,102,2014-01-02,2014-01-30,2014-01-02
Earnings_Date,PEP,ok,0,30,98,2014-01-02,2014-02-13,2014-01-02
Earnings_Date,MDLZ,ok,0,29,73,2014-01-02,2014-02-12,2014-01-02
Earnings_Date,OR,ok,0,27,81,2014-01-02,2014-02-10,2014-01-02
Earnings_Date,CVX,ok,0,21,69,2014-01-02,2014-01-31,2014-01-02
Earnings_Date,TTE,ok,0,29,105,2014-01-02,2014-02-12,2014-01-02
Earnings_Date,NEM,ok,0,35,85,2014-01-02,2014-02-20,2014-01-02
Earnings_Date,SHW,ok,0,20,74,2014-01-02,2014-01-30,2014-01-02
Earnings_Date,SO,ok,0,19,81,2014-01-02,2014-01-29,2014-01-02
Earnings_Date,APP,ok,0,19,69,2021-04-15,2021-05-12,2021-04-15
Earnings_Date,SNOW,ok,0,55,69,2020-09-16,2020-12-02,2020-09-16
Earnings_Date,NET,ok,0,39,72,2019-09-13,2019-11-07,2019-09-13
Earnings_Date,ZS,ok,0,58,76,2018-03-16,2018-06-06,2018-03-16
Earnings_Date,TEAM,ok,0,40,70,2015-12-10,2016-02-04,2015-12-10
Earnings_Date,COHR,ok,0,18,75,2014-01-02,2014-01-28,2014-01-02
Earnings_Date,ON,ok,0,25,590,2014-01-02,2014-02-06,2014-01-02
Earnings_Date,FICO,ok,0,14,74,2014-01-02,2014-01-22,2014-01-02
Earnings_Date,HPE,ok,0,42,75,2015-10-20,2015-12-17,2015-10-20
Earnings_Date,VRSN,ok,0,25,119,2014-01-02,2014-02-06,2014-01-02
Earnings_Date,ASM,ok,0,39,125,2014-01-02,2014-02-26,2014-01-02
Earnings_Date,MRSH,ok,0,28,74,2014-01-02,2014-02-11,2014-01-02
Earnings_Date,APO,ok,0,26,72,2014-01-02,2014-02-07,2014-01-02
Earnings_Date,MSCI,ok,0,25,69,2014-01-02,2014-02-06,2014-01-02
Earnings_Date,BNY,ok,0,11,69,2014-01-02,2014-01-17,2014-01-02
Earnings_Date,IBKR,ok,0,13,69,2014-01-02,2014-01-21,2014-01-02
Earnings_Date,UBSG,ok,0,23,91,2014-01-02,2014-02-04,2014-01-02
Earnings_Date,UCG,ok,0,48,77,2014-01-02,2014-03-11,2014-01-02
Earnings_Date,8316,ok,0,19,77,2014-01-02,2014-01-29,2014-01-02
Earnings_Date,ADP,ok,0,24,69,2014-01-02,2014-02-05,2014-01-02
Earnings_Date,HWM,ok,0,24,75,2020-04-01,2020-05-05,2020-04-01
Earnings_Date,WM,ok,0,33,81,2014-01-02,2014-02-18,2014-01-02
Earnings_Date,PH,ok,0,14,73,2014-01-02,2014-01-22,2014-01-02
Earnings_Date,REL,ok,0,40,154,2014-01-02,2014-02-27,2014-01-02
Earnings_Date,7011,ok,0,25,70,2014-01-02,2014-02-06,2014-01-02
Earnings_Date,ROP,ok,0,20,79,2014-01-02,2014-01-30,2014-01-02
Earnings_Date,GILD,ok,0,23,74,2014-01-02,2014-02-04,2014-01-02
Earnings_Date,PFE,ok,0,18,69,2014-01-02,2014-01-28,2014-01-02
Earnings_Date,MDT,ok,0,33,127,2014-01-02,2014-02-18,2014-01-02
Earnings_Date,HCA,ok,0,23,70,2014-01-02,2014-02-04,2014-01-02
Earnings_Date,ZTS,ok,0,28,75,2014-01-02,2014-02-11,2014-01-02
Earnings_Date,RMS,ok,0,55,99,2014-01-02,2014-03-20,2014-01-02
Earnings_Date,6758,ok,0,25,96,2014-01-02,2014-02-06,2014-01-02
Earnings_Date,CMG,ok,0,20,77,2014-01-02,2014-01-30,2014-01-02
Earnings_Date,MAR,ok,0,34,82,2014-01-02,2014-02-19,2014-01-02
Earnings_Date,GM,ok,0,25,74,2014-01-02,2014-02-06,2014-01-02
Earnings_Date,GRMN,ok,0,34,84,2014-01-02,2014-02-19,2014-01-02
Earnings_Date,RDDT,ok,0,33,75,2024-03-21,2024-05-07,2024-03-21
Earnings_Date,LYV,ok,0,37,84,2014-01-02,2014-02-24,2014-01-02
Earnings_Date,TKO,ok,0,40,79,2023-09-12,2023-11-07,2023-09-12
Earnings_Date,MO,ok,0,20,71,2014-01-02,2014-01-30,2014-01-02
Earnings_Date,CL,ok,0,20,69,2014-01-02,2014-01-30,2014-01-02
Earnings_Date,MNST,ok,0,40,83,2014-01-02,2014-02-27,2014-01-02
Earnings_Date,COP,ok,0,20,69,2014-01-02,2014-01-30,2014-01-02
Earnings_Date,SLB,ok,0,11,69,2014-01-02,2014-01-17,2014-01-02
Earnings_Date,APD,ok,0,18,78,2014-01-02,2014-01-28,2014-01-02
Earnings_Date,4063,ok,0,18,67,2014-01-02,2014-01-28,2014-01-02
Earnings_Date,NRG,ok,0,41,84,2014-01-02,2014-02-28,2014-01-02
Earnings_Date,ENEL,ok,0,49,96,2014-01-02,2014-03-12,2014-01-02
Earnings_Date,WELL,ok,0,34,79,2014-01-02,2014-02-19,2014-01-02
Daily_Returns,AAPL,ok,1,1,1,2014-01-03,2014-01-06,2014-01-02
Daily_Returns,MSFT,ok,1,1,1,2014-01-03,2014-01-06,2014-01-02
Daily_Returns,GOOGL,ok,1,1,1,2014-01-03,2014-01-06,2014-01-02
Daily_Returns,AMZN,ok,1,1,2,2014-01-03,2014-01-06,2014-01-02
Daily_Returns,META,ok,1,1,1,2014-01-03,2014-01-06,2014-01-02
Daily_Returns,NVDA,ok,1,1,1,2014-01-03,2014-01-06,2014-01-02
Daily_Returns,TSLA,ok,1,1,1,2014-01-03,2014-01-06,2014-01-02
Daily_Returns,PLTR,ok,0,1,1,2020-09-30,2020-10-01,2020-09-30
Daily_Returns,AVGO,ok,1,1,1,2014-01-03,2014-01-06,2014-01-02
Daily_Returns,MU,ok,1,1,1,2014-01-03,2014-01-06,2014-01-02
Daily_Returns,GEV,ok,0,1,1,2024-04-02,2024-04-03,2024-04-02
Daily_Returns,VRT,ok,0,1,4,2018-08-01,2018-08-02,2018-08-01
Daily_Returns,BE,ok,0,1,1,2018-07-25,2018-07-26,2018-07-25
Daily_Returns,LITE,ok,0,1,1,2015-07-27,2015-07-28,2015-07-27
Daily_Returns,000660,ok,1,1,6,2014-01-03,2014-01-06,2014-01-02
Daily_Returns,005930,ok,1,1,6,2014-01-03,2014-01-06,2014-01-02
Daily_Returns,UNH,ok,1,1,1,2014-01-03,2014-01-06,2014-01-02
Daily_Returns,LLY,ok,1,1,1,2014-01-03,2014-01-06,2014-01-02
Daily_Returns,ISRG,ok,1,1,1,2014-01-03,2014-01-06,2014-01-02
Daily_Returns,ABBV,ok,1,1,1,2014-01-03,2014-01-06,2014-01-02
Daily_Returns,REGN,ok,1,1,1,2014-01-03,2014-01-06,2014-01-02
Daily_Returns,JPM,ok,1,1,1,2014-01-03,2014-01-06,2014-01-02
Daily_Returns,V,ok,1,1,1,2014-01-03,2014-01-06,2014-01-02
Daily_Returns,MA,ok,1,1,1,2014-01-03,2014-01-06,2014-01-02
Daily_Returns,BLK,ok,1,1,1,2014-01-03,2014-01-06,2014-01-02
Daily_Returns,SPGI,ok,1,1,1,2014-01-03,2014-01-06,2014-01-02
Daily_Returns,GS,ok,1,1,1,2014-01-03,2014-01-06,2014-01-02
Daily_Returns,COST,ok,1,1,1,2014-01-03,2014-01-06,2014-01-02
Daily_Returns,HD,ok,1,1,1,2014-01-03,2014-01-06,2014-01-02
Daily_Returns,PG,ok,1,1,1,2014-01-03,2014-01-06,2014-01-02
Daily_Returns,MCD,ok,1,1,1,2014-01-03,2014-01-06,2014-01-02
Daily_Returns,WMT,ok,1,1,1,2014-01-03,2014-01-06,2014-01-02
Daily_Returns,CAT,ok,1,1,1,2014-01-03,2014-01-06,2014-01-02
Daily_Returns,HON,ok,1,1,1,2014-01-03,2014-01-06,2014-01-02
Daily_Returns,DE,ok,1,1,1,2014-01-03,2014-01-06,2014-01-02
Daily_Returns,UNP,ok,1,1,1,2014-01-03,2014-01-06,2014-01-02
Daily_Returns,LMT,ok,1,1,1,2014-01-03,2014-01-06,2014-01-02
Daily_Returns,ETN,ok,1,1,1,2014-01-03,2014-01-06,2014-01-02
Daily_Returns,XOM,ok,1,1,1,2014-01-03,2014-01-06,2014-01-02
Daily_Returns,LNG,ok,1,1,1,2014-01-03,2014-01-06,2014-01-02
Daily_Returns,FCX,ok,1,1,2,2014-01-03,2014-01-06,2014-01-02
Daily_Returns,LIN,ok,1,1,1,2014-01-03,2014-01-06,2014-01-02
Daily_Returns,NEE,ok,1,1,1,2014-01-03,2014-01-06,2014-01-02
Daily_Returns,AMT,ok,1,1,1,2014-01-03,2014-01-06,2014-01-02
Daily_Returns,EQIX,ok,1,1,1,2014-01-03,2014-01-06,2014-01-02
Daily_Returns,TMUS,ok,1,1,1,2014-01-03,2014-01-06,2014-01-02
Daily_Returns,PLD,ok,1,1,1,2014-01-03,2014-01-06,2014-01-02
Daily_Returns,AMD,ok,1,1,2,2014-01-03,2014-01-06,2014-01-02
Daily_Returns,CRM,ok,1,1,1,2014-01-03,2014-01-06,2014-01-02
Daily_Returns,NFLX,ok,1,1,1,2014-01-03,2014-01-06,2014-01-02
Daily_Returns,TER,ok,1,1,1,2014-01-03,2014-01-06,2014-01-02
Daily_Returns,GLW,ok,1,1,1,2014-01-03,2014-01-06,2014-01-02
Daily_Returns,JNJ,ok,1,1,2,2014-01-03,2014-01-06,2014-01-02
Daily_Returns,WFC,ok,1,1,1,2014-01-03,2014-01-06,2014-01-02
Daily_Returns,MPC,ok,1,1,1,2014-01-03,2014-01-06,2014-01-02
Daily_Returns,LRCX,ok,1,1,1,2014-01-03,2014-01-06,2014-01-02
Daily_Returns,AMAT,ok,1,1,1,2014-01-03,2014-01-06,2014-01-02
Daily_Returns,PANW,ok,1,1,1,2014-01-03,2014-01-06,2014-01-02
Daily_Returns,FN,ok,1,1,1,2014-01-03,2014-01-06,2014-01-02
Daily_Returns,MPWR,ok,1,1,1,2014-01-03,2014-01-06,2014-01-02
Daily_Returns,BAC,ok,1,1,2,2014-01-03,2014-01-06,2014-01-02
Daily_Returns,CSCO,ok,1,1,2,2014-01-03,2014-01-06,2014-01-02
Daily_Returns,INTC,ok,1,1,1,2014-01-03,2014-01-06,2014-01-02
Daily_Returns,ORCL,ok,1,1,2,2014-01-03,2014-01-06,2014-01-02
Daily_Returns,TSM,ok,1,1,2,2014-01-03,2014-01-06,2014-01-02
Daily_Returns,SNDK,ok,0,1,1,2025-02-24,2025-02-25,2025-02-24
Daily_Returns,KLAC,ok,1,1,1,2014-01-03,2014-01-06,2014-01-02
Daily_Returns,ANET,ok,0,1,1,2014-06-06,2014-06-09,2014-06-06
Daily_Returns,MRVL,ok,1,1,2,2014-01-03,2014-01-06,2014-01-02
Daily_Returns,CDNS,ok,1,1,1,2014-01-03,2014-01-06,2014-01-02
Daily_Returns,STX,ok,1,1,1,2014-01-03,2014-01-06,2014-01-02
Daily_Returns,PWR,ok,1,1,1,2014-01-03,2014-01-06,2014-01-02
Daily_Returns,BX,ok,1,1,1,2014-01-03,2014-01-06,2014-01-02
Daily_Returns,TMO,ok,1,1,1,2014-01-03,2014-01-06,2014-01-02
Daily_Returns,BSX,ok,1,1,2,2014-01-03,2014-01-06,2014-01-02
Daily_Returns,BKNG,ok,1,1,1,2014-01-03,2014-01-06,2014-01-02
Daily_Returns,PM,ok,1,1,1,2014-01-03,2014-01-06,2014-01-02
Daily_Returns,WMB,ok,1,1,1,2014-01-03,2014-01-06,2014-01-02
Daily_Returns,CEG,ok,0,1,1,2022-02-02,2022-02-03,2022-02-02
Daily_Returns,VST,ok,0,1,2,2016-10-05,2016-10-06,2016-10-05
Daily_Returns,DLR,ok,1,1,1,2014-01-03,2014-01-06,2014-01-02
Daily_Returns,ARM,ok,0,1,1,2023-09-14,2023-09-15,2023-09-14
Daily_Returns,SPOT,ok,0,1,1,2018-04-03,2018-04-04,2018-04-03
Daily_Returns,RACE,ok,0,1,1,2015-10-21,2015-10-22,2015-10-21
Daily_Returns,285A,ok,0,1,3,2024-12-18,2024-12-19,2024-12-18
Daily_Returns,6857,ok,1,2,6,2014-01-03,2014-01-07,2014-01-02
Daily_Returns,SU,ok,1,1,1,2014-01-03,2014-01-06,2014-01-02
Daily_Returns,SIE,ok,1,1,2,2014-01-03,2014-01-06,2014-01-02
Daily_Returns,RHM,ok,1,1,2,2014-01-03,2014-01-06,2014-01-02
Daily_Returns,ALV,ok,1,1,2,2014-01-03,2014-01-06,2014-01-02
Daily_Returns,MC,ok,1,1,2,2014-01-03,2014-01-06,2014-01-02
Daily_Returns,NESN,ok,1,1,3,2014-01-03,2014-01-06,2014-01-02
Daily_Returns,RR/,ok,1,1,2,2014-01-03,2014-01-06,2014-01-02
Daily_Returns,SAP,ok,1,1,2,2014-01-03,2014-01-06,2014-01-02
Daily_Returns,ASML,ok,1,1,1,2014-01-03,2014-01-06,2014-01-02
Daily_Returns,AZN,ok,1,1,2,2014-01-03,2014-01-06,2014-01-02
Daily_Returns,SHEL,ok,1,1,2,2014-01-03,2014-01-06,2014-01-02
Daily_Returns,HSBA,ok,1,1,2,2014-01-03,2014-01-06,2014-01-02
Daily_Returns,NOVOB,ok,1,1,2,2014-01-03,2014-01-06,2014-01-02
Daily_Returns,RIO,ok,1,1,2,2014-01-03,2014-01-06,2014-01-02
Daily_Returns,QCOM,ok,1,1,1,2014-01-03,2014-01-06,2014-01-02
Daily_Returns,TXN,ok,1,1,1,2014-01-03,2014-01-06,2014-01-02
Daily_Returns,ADBE,ok,1,1,1,2014-01-03,2014-01-06,2014-01-02
Daily_Returns,NOW,ok,1,1,1,2014-01-03,2014-01-06,2014-01-02
Daily_Returns,ACN,ok,1,1,1,2014-01-03,2014-01-06,2014-01-02
Daily_Returns,IBM,ok,1,1,1,2014-01-03,2014-01-06,2014-01-02
Daily_Returns,ADI,ok,1,1,1,2014-01-03,2014-01-06,2014-01-02
Daily_Returns,DELL,ok,0,1,1,2018-12-28,2018-12-31,2018-12-28
Daily_Returns,8035,ok,1,2,6,2014-01-03,2014-01-07,2014-01-02
Daily_Returns,IFX,ok,1,1,2,2014-01-03,2014-01-06,2014-01-02
Daily_Returns,MS,ok,1,1,1,2014-01-03,2014-01-06,2014-01-02
Daily_Returns,SCHW,ok,1,1,1,2014-01-03,2014-01-06,2014-01-02
Daily_Returns,AXP,ok,1,1,1,2014-01-03,2014-01-06,2014-01-02
Daily_Returns,PGR,ok,1,1,1,2014-01-03,2014-01-06,2014-01-02
Daily_Returns,AON,ok,1,1,1,2014-01-03,2014-01-06,2014-01-02
Daily_Returns,CME,ok,1,1,1,2014-01-03,2014-01-06,2014-01-02
Daily_Returns,KKR,ok,1,1,2,2014-01-03,2014-01-06,2014-01-02
Daily_Returns,BN,ok,0,1,1,2022-12-12,2022-12-13,2022-12-12
Daily_Returns,C,ok,1,1,1,2014-01-03,2014-01-06,2014-01-02
Daily_Returns,LSEG,ok,1,1,2,2014-01-03,2014-01-06,2014-01-02
Daily_Returns,ZURN,ok,1,1,2,2014-01-03,2014-01-06,2014-01-02
Daily_Returns,CS,ok,1,1,1,2014-01-03,2014-01-06,2014-01-02
Daily_Returns,8306,ok,1,2,6,2014-01-03,2014-01-07,2014-01-02
Daily_Returns,DIS,ok,1,1,1,2014-01-03,2014-01-06,2014-01-02
Daily_Returns,CMCSA,ok,1,1,1,2014-01-03,2014-01-06,2014-01-02
Daily_Returns,VZ,ok,1,1,1,2014-01-03,2014-01-06,2014-01-02
Daily_Returns,T,ok,1,1,2,2014-01-03,2014-01-06,2014-01-02
Daily_Returns,TTWO,ok,1,1,1,2014-01-03,2014-01-06,2014-01-02
Daily_Returns,PUB,ok,1,1,1,2014-01-03,2014-01-06,2014-01-02
Daily_Returns,7974,ok,1,2,6,2014-01-03,2014-01-07,2014-01-02
Daily_Returns,DTE,ok,1,1,3,2014-01-03,2014-01-06,2014-01-02
Daily_Returns,UMG,ok,0,1,2,2021-09-21,2021-09-22,2021-09-21
Daily_Returns,LOW,ok,1,1,1,2014-01-03,2014-01-06,2014-01-02
Daily_Returns,TJX,ok,1,1,1,2014-01-03,2014-01-06,2014-01-02
Daily_Returns,SBUX,ok,1,1,1,2014-01-03,2014-01-06,2014-01-02
Daily_Returns,ABNB,ok,0,1,1,2020-12-10,2020-12-11,2020-12-10
Daily_Returns,7203,ok,1,2,6,2014-01-03,2014-01-07,2014-01-02
Daily_Returns,ITX,ok,1,1,2,2014-01-03,2014-01-06,2014-01-02
Daily_Returns,ABT,ok,1,1,1,2014-01-03,2014-01-06,2014-01-02
Daily_Returns,DHR,ok,1,1,1,2014-01-03,2014-01-06,2014-01-02
Daily_Returns,VRTX,ok,1,1,1,2014-01-03,2014-01-06,2014-01-02
Daily_Returns,SAN,ok,1,1,2,2014-01-03,2014-01-06,2014-01-02
Daily_Returns,GE,ok,0,1,1,2024-04-02,2024-04-03,2024-04-02
Daily_Returns,TT,ok,0,1,1,2020-03-02,2020-03-03,2020-03-02
Daily_Returns,ABBN,ok,1,1,2,2014-01-03,2014-01-06,2014-01-02
Daily_Returns,KO,ok,1,1,2,2014-01-03,2014-01-06,2014-01-02
Daily_Returns,ULVR,ok,1,1,2,2014-01-03,2014-01-06,2014-01-02
Daily_Returns,ECL,ok,1,1,1,2014-01-03,2014-01-06,2014-01-02
Daily_Returns,AI,ok,1,1,1,2014-01-03,2014-01-06,2014-01-02
Daily_Returns,IBE,ok,1,1,2,2014-01-03,2014-01-06,2014-01-02
Daily_Returns,INTU,ok,1,1,1,2014-01-03,2014-01-06,2014-01-02
Daily_Returns,SNPS,ok,1,1,1,2014-01-03,2014-01-06,2014-01-02
Daily_Returns,APH,ok,1,1,1,2014-01-03,2014-01-06,2014-01-02
Daily_Returns,MSI,ok,1,1,1,2014-01-03,2014-01-06,2014-01-02
Daily_Returns,CRWD,ok,0,1,1,2019-06-12,2019-06-13,2019-06-12
Daily_Returns,NXPI,ok,1,1,1,2014-01-03,2014-01-06,2014-01-02
Daily_Returns,KEYS,ok,0,1,1,2014-10-21,2014-10-22,2014-10-21
Daily_Returns,ADSK,ok,1,1,1,2014-01-03,2014-01-06,2014-01-02
Daily_Returns,WDAY,ok,1,1,1,2014-01-03,2014-01-06,2014-01-02
Daily_Returns,WDC,ok,0,1,1,2025-02-24,2025-02-25,2025-02-24
Daily_Returns,DDOG,ok,0,1,1,2019-09-19,2019-09-20,2019-09-19
Daily_Returns,FTNT,ok,1,1,1,2014-01-03,2014-01-06,2014-01-02
Daily_Returns,DSY,ok,1,1,1,2014-01-03,2014-01-06,2014-01-02
Daily_Returns,6146,ok,1,2,6,2014-01-03,2014-01-07,2014-01-02
Daily_Returns,6981,ok,1,2,6,2014-01-03,2014-01-07,2014-01-02
Daily_Returns,BRK/B,ok,1,1,1,2014-01-03,2014-01-06,2014-01-02
Daily_Returns,CB,ok,1,1,1,2014-01-03,2014-01-06,2014-01-02
Daily_Returns,ICE,ok,1,1,1,2014-01-03,2014-01-06,2014-01-02
Daily_Returns,MCO,ok,1,1,1,2014-01-03,2014-01-06,2014-01-02
Daily_Returns,PYPL,ok,0,1,1,2015-07-07,2015-07-08,2015-07-07
Daily_Returns,COF,ok,0,1,1,2025-05-19,2025-05-20,2025-05-19
Daily_Returns,BNP,ok,1,1,1,2014-01-03,2014-01-06,2014-01-02
Daily_Returns,MUV2,ok,1,1,2,2014-01-03,2014-01-06,2014-01-02
Daily_Returns,RTX,ok,1,1,1,2014-01-03,2014-01-06,2014-01-02
Daily_Returns,EMR,ok,1,1,1,2014-01-03,2014-01-06,2014-01-02
Daily_Returns,AXON,ok,1,1,1,2014-01-03,2014-01-06,2014-01-02
Daily_Returns,UBER,ok,0,1,1,2019-05-10,2019-05-13,2019-05-10
Daily_Returns,AIR,ok,1,1,1,2014-01-03,2014-01-06,2014-01-02
Daily_Returns,SAF,ok,1,1,2,2014-01-03,2014-01-06,2014-01-02
Daily_Returns,MRK,ok,1,1,1,2014-01-03,2014-01-06,2014-01-02
Daily_Returns,AMGN,ok,1,1,1,2014-01-03,2014-01-06,2014-01-02
Daily_Returns,SYK,ok,1,1,1,2014-01-03,2014-01-06,2014-01-02
Daily_Returns,MCK,ok,1,1,1,2014-01-03,2014-01-06,2014-01-02
Daily_Returns,NOVN,ok,1,1,2,2014-01-03,2014-01-06,2014-01-02
Daily_Returns,NKE,ok,1,1,1,2014-01-03,2014-01-06,2014-01-02
Daily_Returns,ORLY,ok,1,1,1,2014-01-03,2014-01-06,2014-01-02
Daily_Returns,DASH,ok,0,1,1,2020-12-09,2020-12-10,2020-12-09
Daily_Returns,CFR,ok,1,1,2,2014-01-03,2014-01-06,2014-01-02
Daily_Returns,TTD,ok,0,1,1,2016-09-21,2016-09-22,2016-09-21
Daily_Returns,RBLX,ok,0,1,1,2021-03-10,2021-03-11,2021-03-10
Daily_Returns,9432,ok,1,2,7,2014-01-03,2014-01-07,2014-01-02
Daily_Returns,9433,ok,1,2,6,2014-01-03,2014-01-07,2014-01-02
Daily_Returns,PEP,ok,1,1,1,2014-01-03,2014-01-06,2014-01-02
Daily_Returns,MDLZ,ok,1,1,2,2014-01-03,2014-01-06,2014-01-02
Daily_Returns,OR,ok,1,1,2,2014-01-03,2014-01-06,2014-01-02
Daily_Returns,CVX,ok,1,1,1,2014-01-03,2014-01-06,2014-01-02
Daily_Returns,TTE,ok,1,1,1,2014-01-03,2014-01-06,2014-01-02
Daily_Returns,NEM,ok,1,1,1,2014-01-03,2014-01-06,2014-01-02
Daily_Returns,SHW,ok,1,1,1,2014-01-03,2014-01-06,2014-01-02
Daily_Returns,SO,ok,1,1,1,2014-01-03,2014-01-06,2014-01-02
Daily_Returns,APP,ok,0,1,1,2021-04-15,2021-04-16,2021-04-15
Daily_Returns,SNOW,ok,0,1,1,2020-09-16,2020-09-17,2020-09-16
Daily_Returns,NET,ok,0,1,1,2019-09-13,2019-09-16,2019-09-13
Daily_Returns,ZS,ok,0,1,1,2018-03-16,2018-03-19,2018-03-16
Daily_Returns,TEAM,ok,0,1,1,2015-12-10,2015-12-11,2015-12-10
Daily_Returns,COHR,ok,1,1,1,2014-01-03,2014-01-06,2014-01-02
Daily_Returns,ON,ok,1,1,1,2014-01-03,2014-01-06,2014-01-02
Daily_Returns,FICO,ok,1,1,2,2014-01-03,2014-01-06,2014-01-02
Daily_Returns,HPE,ok,0,1,1,2015-10-20,2015-10-21,2015-10-20
Daily_Returns,VRSN,ok,1,1,1,2014-01-03,2014-01-06,2014-01-02
Daily_Returns,ASM,ok,1,1,2,2014-01-03,2014-01-06,2014-01-02
Daily_Returns,MRSH,ok,1,1,1,2014-01-03,2014-01-06,2014-01-02
Daily_Returns,APO,ok,1,1,2,2014-01-03,2014-01-06,2014-01-02
Daily_Returns,MSCI,ok,1,1,1,2014-01-03,2014-01-06,2014-01-02
Daily_Returns,BNY,ok,1,1,1,2014-01-03,2014-01-06,2014-01-02
Daily_Returns,IBKR,ok,1,1,1,2014-01-03,2014-01-06,2014-01-02
Daily_Returns,UBSG,ok,1,1,2,2014-01-03,2014-01-06,2014-01-02
Daily_Returns,UCG,ok,1,1,2,2014-01-03,2014-01-06,2014-01-02
Daily_Returns,8316,ok,1,2,6,2014-01-03,2014-01-07,2014-01-02
Daily_Returns,ADP,ok,1,1,1,2014-01-03,2014-01-06,2014-01-02
Daily_Returns,HWM,ok,0,1,1,2020-04-01,2020-04-02,2020-04-01
Daily_Returns,WM,ok,1,1,1,2014-01-03,2014-01-06,2014-01-02
Daily_Returns,PH,ok,1,1,1,2014-01-03,2014-01-06,2014-01-02
Daily_Returns,REL,ok,1,1,2,2014-01-03,2014-01-06,2014-01-02
Daily_Returns,7011,ok,1,2,6,2014-01-03,2014-01-07,2014-01-02
Daily_Returns,ROP,ok,1,1,3,2014-01-03,2014-01-06,2014-01-02
Daily_Returns,GILD,ok,1,1,1,2014-01-03,2014-01-06,2014-01-02
Daily_Returns,PFE,ok,1,1,2,2014-01-03,2014-01-06,2014-01-02
Daily_Returns,MDT,ok,1,1,2,2014-01-03,2014-01-06,2014-01-02
Daily_Returns,HCA,ok,1,1,1,2014-01-03,2014-01-06,2014-01-02
Daily_Returns,ZTS,ok,1,1,1,2014-01-03,2014-01-06,2014-01-02
Daily_Returns,RMS,ok,1,1,2,2014-01-03,2014-01-06,2014-01-02
Daily_Returns,6758,ok,1,2,6,2014-01-03,2014-01-07,2014-01-02
Daily_Returns,CMG,ok,1,1,1,2014-01-03,2014-01-06,2014-01-02
Daily_Returns,MAR,ok,1,1,1,2014-01-03,2014-01-06,2014-01-02
Daily_Returns,GM,ok,1,1,1,2014-01-03,2014-01-06,2014-01-02
Daily_Returns,GRMN,ok,1,1,1,2014-01-03,2014-01-06,2014-01-02
Daily_Returns,RDDT,ok,0,1,1,2024-03-21,2024-03-22,2024-03-21
Daily_Returns,LYV,ok,1,1,2,2014-01-03,2014-01-06,2014-01-02
Daily_Returns,TKO,ok,0,1,1,2023-09-12,2023-09-13,2023-09-12
Daily_Returns,MO,ok,1,1,1,2014-01-03,2014-01-06,2014-01-02
Daily_Returns,CL,ok,1,1,1,2014-01-03,2014-01-06,2014-01-02
Daily_Returns,MNST,ok,1,1,1,2014-01-03,2014-01-06,2014-01-02
Daily_Returns,COP,ok,1,1,1,2014-01-03,2014-01-06,2014-01-02
Daily_Returns,SLB,ok,1,1,1,2014-01-03,2014-01-06,2014-01-02
Daily_Returns,APD,ok,1,1,1,2014-01-03,2014-01-06,2014-01-02
Daily_Returns,4063,ok,1,2,6,2014-01-03,2014-01-07,2014-01-02
Daily_Returns,NRG,ok,1,1,2,2014-01-03,2014-01-06,2014-01-02
Daily_Returns,ENEL,ok,1,1,3,2014-01-03,2014-01-06,2014-01-02
Daily_Returns,WELL,ok,1,1,1,2014-01-03,2014-01-06,2014-01-02
Factset_EPS_Revision,AAPL,ok,0,1,37,2014-01-02,2014-01-03,2014-01-02
Factset_EPS_Revision,MSFT,ok,0,3,49,2014-01-02,2014-01-07,2014-01-02
Factset_EPS_Revision,GOOGL,ok,0,7,29,2014-01-02,2014-01-13,2014-01-02
Factset_EPS_Revision,AMZN,ok,0,4,48,2014-01-02,2014-01-08,2014-01-02
Factset_EPS_Revision,META,ok,0,7,35,2014-01-02,2014-01-13,2014-01-02
Factset_EPS_Revision,NVDA,ok,0,9,51,2014-01-02,2014-01-15,2014-01-02
Factset_EPS_Revision,TSLA,ok,0,8,40,2014-01-02,2014-01-14,2014-01-02
Factset_EPS_Revision,PLTR,ok,17,3,68,2020-10-23,2020-10-28,2020-09-30
Factset_EPS_Revision,AVGO,ok,0,2,48,2014-01-02,2014-01-06,2014-01-02
Factset_EPS_Revision,MU,ok,0,1,51,2014-01-02,2014-01-03,2014-01-02
Factset_EPS_Revision,GEV,ok,3,2,28,2024-04-05,2024-04-09,2024-04-02
Factset_EPS_Revision,VRT,ok,402,13,51,2020-03-09,2020-03-26,2018-08-01
Factset_EPS_Revision,BE,ok,17,30,52,2018-08-17,2018-10-01,2018-07-25
Factset_EPS_Revision,LITE,ok,9,3,56,2015-08-07,2015-08-12,2015-07-27
Factset_EPS_Revision,000660,ok,0,1,27,2014-01-02,2014-01-03,2014-01-02
Factset_EPS_Revision,005930,ok,0,1,17,2014-01-02,2014-01-03,2014-01-02
Factset_EPS_Revision,UNH,ok,0,10,68,2014-01-02,2014-01-16,2014-01-02
Factset_EPS_Revision,LLY,ok,0,1,41,2014-01-02,2014-01-03,2014-01-02
Factset_EPS_Revision,ISRG,ok,0,8,52,2014-01-02,2014-01-14,2014-01-02
Factset_EPS_Revision,ABBV,ok,0,13,42,2014-01-02,2014-01-22,2014-01-02
Factset_EPS_Revision,REGN,ok,0,6,34,2014-01-02,2014-01-10,2014-01-02
Factset_EPS_Revision,JPM,ok,0,1,35,2014-01-02,2014-01-03,2014-01-02
Factset_EPS_Revision,V,ok,0,8,50,2014-01-02,2014-01-14,2014-01-02
Factset_EPS_Revision,MA,ok,0,4,46,2014-01-02,2014-01-08,2014-01-02
Factset_EPS_Revision,BLK,ok,0,3,52,2014-01-02,2014-01-07,2014-01-02
Factset_EPS_Revision,SPGI,ok,0,2,51,2014-01-02,2014-01-06,2014-01-02
Factset_EPS_Revision,GS,ok,0,1,35,2014-01-02,2014-01-03,2014-01-02
Factset_EPS_Revision,COST,ok,0,4,40,2014-01-02,2014-01-08,2014-01-02
Factset_EPS_Revision,HD,ok,0,13,52,2014-01-02,2014-01-22,2014-01-02
Factset_EPS_Revision,PG,ok,0,3,49,2014-01-02,2014-01-07,2014-01-02
Factset_EPS_Revision,MCD,ok,0,2,47,2014-01-02,2014-01-06,2014-01-02
Factset_EPS_Revision,WMT,ok,0,4,45,2014-01-02,2014-01-08,2014-01-02
Factset_EPS_Revision,CAT,ok,0,2,47,2014-01-02,2014-01-06,2014-01-02
Factset_EPS_Revision,HON,ok,0,15,112,2014-01-02,2014-01-24,2014-01-02
Factset_EPS_Revision,DE,ok,0,2,51,2014-01-02,2014-01-06,2014-01-02
Factset_EPS_Revision,UNP,ok,0,2,46,2014-01-02,2014-01-06,2014-01-02
Factset_EPS_Revision,LMT,ok,0,2,52,2014-01-02,2014-01-06,2014-01-02
Factset_EPS_Revision,ETN,ok,0,4,41,2014-01-02,2014-01-08,2014-01-02
Factset_EPS_Revision,XOM,ok,0,1,21,2014-01-02,2014-01-03,2014-01-02
Factset_EPS_Revision,LNG,ok,0,2,47,2014-01-02,2014-01-06,2014-01-02
Factset_EPS_Revision,FCX,ok,0,1,28,2014-01-02,2014-01-03,2014-01-02
Factset_EPS_Revision,LIN,ok,0,8,74,2014-01-02,2014-01-14,2014-01-02
Factset_EPS_Revision,NEE,ok,0,9,50,2014-01-02,2014-01-15,2014-01-02
Factset_EPS_Revision,AMT,ok,0,6,47,2014-01-02,2014-01-10,2014-01-02
Factset_EPS_Revision,EQIX,ok,0,1,42,2014-01-02,2014-01-03,2014-01-02
Factset_EPS_Revision,TMUS,ok,0,3,31,2014-01-02,2014-01-07,2014-01-02
Factset_EPS_Revision,PLD,ok,0,2,47,2014-01-02,2014-01-06,2014-01-02
Factset_EPS_Revision,AMD,ok,0,7,52,2014-01-02,2014-01-13,2014-01-02
Factset_EPS_Revision,CRM,ok,0,3,45,2014-01-02,2014-01-07,2014-01-02
Factset_EPS_Revision,NFLX,ok,0,2,38,2014-01-02,2014-01-06,2014-01-02
Factset_EPS_Revision,TER,ok,0,3,52,2014-01-02,2014-01-07,2014-01-02
Factset_EPS_Revision,GLW,ok,0,2,55,2014-01-02,2014-01-06,2014-01-02
Factset_EPS_Revision,JNJ,ok,0,12,118,2014-01-02,2014-01-21,2014-01-02
Factset_EPS_Revision,WFC,ok,0,3,41,2014-01-02,2014-01-07,2014-01-02
Factset_EPS_Revision,MPC,ok,0,1,23,2014-01-02,2014-01-03,2014-01-02
Factset_EPS_Revision,LRCX,ok,0,3,51,2014-01-02,2014-01-07,2014-01-02
Factset_EPS_Revision,AMAT,ok,0,2,52,2014-01-02,2014-01-06,2014-01-02
Factset_EPS_Revision,PANW,ok,0,8,51,2014-01-02,2014-01-14,2014-01-02
Factset_EPS_Revision,FN,ok,0,12,84,2014-01-02,2014-01-21,2014-01-02
Factset_EPS_Revision,MPWR,ok,0,4,136,2014-01-02,2014-01-08,2014-01-02
Factset_EPS_Revision,BAC,ok,0,3,30,2014-01-02,2014-01-07,2014-01-02
Factset_EPS_Revision,CSCO,ok,0,17,51,2014-01-02,2014-01-28,2014-01-02
Factset_EPS_Revision,INTC,ok,0,3,49,2014-01-02,2014-01-07,2014-01-02
Factset_EPS_Revision,ORCL,ok,0,2,50,2014-01-02,2014-01-06,2014-01-02
Factset_EPS_Revision,TSM,ok,0,1,44,2014-01-02,2014-01-03,2014-01-02
Factset_EPS_Revision,SNDK,ok,8,44,33,2025-03-06,2025-05-08,2025-02-24
Factset_EPS_Revision,KLAC,ok,0,4,51,2014-01-02,2014-01-08,2014-01-02
Factset_EPS_Revision,ANET,ok,0,40,53,2014-06-06,2014-08-04,2014-06-06
Factset_EPS_Revision,MRVL,ok,0,23,52,2014-01-02,2014-02-05,2014-01-02
Factset_EPS_Revision,CDNS,ok,0,3,87,2014-01-02,2014-01-07,2014-01-02
Factset_EPS_Revision,STX,ok,0,3,52,2014-01-02,2014-01-07,2014-01-02
Factset_EPS_Revision,PWR,ok,0,8,71,2014-01-02,2014-01-14,2014-01-02
Factset_EPS_Revision,BX,ok,0,1,49,2014-01-02,2014-01-03,2014-01-02
Factset_EPS_Revision,TMO,ok,0,19,79,2014-01-02,2014-01-30,2014-01-02
Factset_EPS_Revision,BSX,ok,0,3,45,2014-01-02,2014-01-07,2014-01-02
Factset_EPS_Revision,BKNG,ok,0,11,50,2014-01-02,2014-01-17,2014-01-02
Factset_EPS_Revision,PM,ok,0,12,42,2014-01-02,2014-01-21,2014-01-02
Factset_EPS_Revision,WMB,ok,0,2,26,2014-01-02,2014-01-06,2014-01-02
Factset_EPS_Revision,CEG,ok,0,20,40,2022-02-02,2022-03-03,2022-02-02
Factset_EPS_Revision,VST,ok,152,15,49,2017-05-15,2017-06-14,2016-10-05
Factset_EPS_Revision,DLR,ok,0,7,37,2014-01-02,2014-01-13,2014-01-02
Factset_EPS_Revision,ARM,ok,0,1,30,2023-09-14,2023-09-15,2023-09-14
Factset_EPS_Revision,SPOT,ok,10,8,41,2018-04-17,2018-04-27,2018-04-03
Factset_EPS_Revision,RACE,ok,18,12,22,2015-11-16,2015-12-03,2015-10-21
Factset_EPS_Revision,285A,ok,20,81,28,2025-01-21,2025-05-16,2024-12-18
Factset_EPS_Revision,6857,ok,0,1,26,2014-01-02,2014-01-03,2014-01-02
Factset_EPS_Revision,SU,ok,0,3,31,2014-01-02,2014-01-07,2014-01-02
Factset_EPS_Revision,SIE,ok,0,3,26,2014-01-02,2014-01-07,2014-01-02
Factset_EPS_Revision,RHM,ok,0,13,30,2014-01-02,2014-01-22,2014-01-02
Factset_EPS_Revision,ALV,ok,0,2,26,2014-01-02,2014-01-06,2014-01-02
Factset_EPS_Revision,MC,ok,0,6,36,2014-01-02,2014-01-10,2014-01-02
Factset_EPS_Revision,NESN,ok,0,3,27,2014-01-02,2014-01-07,2014-01-02
Factset_EPS_Revision,RR/,ok,0,1,28,2014-01-02,2014-01-03,2014-01-02
Factset_EPS_Revision,SAP,ok,0,2,46,2014-01-02,2014-01-06,2014-01-02
Factset_EPS_Revision,ASML,ok,0,2,36,2014-01-02,2014-01-06,2014-01-02
Factset_EPS_Revision,AZN,ok,0,5,21,2014-01-02,2014-01-09,2014-01-02
Factset_EPS_Revision,SHEL,ok,0,4,15,2014-01-02,2014-01-08,2014-01-02
Factset_EPS_Revision,HSBA,ok,0,1,36,2014-01-02,2014-01-03,2014-01-02
Factset_EPS_Revision,NOVOB,ok,0,2,21,2014-01-02,2014-01-06,2014-01-02
Factset_EPS_Revision,RIO,ok,0,1,21,2014-01-02,2014-01-03,2014-01-02
Factset_EPS_Revision,QCOM,ok,0,6,49,2014-01-02,2014-01-10,2014-01-02
Factset_EPS_Revision,TXN,ok,0,2,52,2014-01-02,2014-01-06,2014-01-02
Factset_EPS_Revision,ADBE,ok,0,21,52,2014-01-02,2014-02-03,2014-01-02
Factset_EPS_Revision,NOW,ok,0,3,52,2014-01-02,2014-01-07,2014-01-02
Factset_EPS_Revision,ACN,ok,0,2,64,2014-01-02,2014-01-06,2014-01-02
Factset_EPS_Revision,IBM,ok,0,2,69,2014-01-02,2014-01-06,2014-01-02
Factset_EPS_Revision,ADI,ok,0,2,52,2014-01-02,2014-01-06,2014-01-02
Factset_EPS_Revision,DELL,ok,4,19,52,2019-01-04,2019-02-01,2018-12-28
Factset_EPS_Revision,8035,ok,0,1,29,2014-01-02,2014-01-03,2014-01-02
Factset_EPS_Revision,IFX,ok,0,7,33,2014-01-02,2014-01-13,2014-01-02
Factset_EPS_Revision,MS,ok,0,1,33,2014-01-02,2014-01-03,2014-01-02
Factset_EPS_Revision,SCHW,ok,0,1,47,2014-01-02,2014-01-03,2014-01-02
Factset_EPS_Revision,AXP,ok,0,11,35,2014-01-02,2014-01-17,2014-01-02
Factset_EPS_Revision,PGR,ok,0,2,26,2014-01-02,2014-01-06,2014-01-02
Factset_EPS_Revision,AON,ok,0,1,42,2014-01-02,2014-01-03,2014-01-02
Factset_EPS_Revision,CME,ok,0,2,35,2014-01-02,2014-01-06,2014-01-02
Factset_EPS_Revision,KKR,ok,0,3,44,2014-01-02,2014-01-07,2014-01-02
Factset_EPS_Revision,BN,ok,0,6,46,2022-12-12,2022-12-20,2022-12-12
Factset_EPS_Revision,C,ok,0,1,26,2014-01-02,2014-01-03,2014-01-02
Factset_EPS_Revision,LSEG,ok,0,10,31,2014-01-02,2014-01-16,2014-01-02
Factset_EPS_Revision,ZURN,ok,0,6,22,2014-01-02,2014-01-10,2014-01-02
Factset_EPS_Revision,CS,ok,0,4,22,2014-01-02,2014-01-08,2014-01-02
Factset_EPS_Revision,8306,ok,0,5,32,2014-01-02,2014-01-09,2014-01-02
Factset_EPS_Revision,DIS,ok,0,10,33,2014-01-02,2014-01-16,2014-01-02
Factset_EPS_Revision,CMCSA,ok,0,2,31,2014-01-02,2014-01-06,2014-01-02
Factset_EPS_Revision,VZ,ok,0,2,39,2014-01-02,2014-01-06,2014-01-02
Factset_EPS_Revision,T,ok,0,3,37,2014-01-02,2014-01-07,2014-01-02
Factset_EPS_Revision,TTWO,ok,0,7,52,2014-01-02,2014-01-13,2014-01-02
Factset_EPS_Revision,PUB,ok,0,3,37,2014-01-02,2014-01-07,2014-01-02
Factset_EPS_Revision,7974,ok,0,3,22,2014-01-02,2014-01-07,2014-01-02
Factset_EPS_Revision,DTE,ok,0,1,20,2014-01-02,2014-01-03,2014-01-02
Factset_EPS_Revision,UMG,ok,1,1,22,2021-09-22,2021-09-23,2021-09-21
Factset_EPS_Revision,LOW,ok,0,1,46,2014-01-02,2014-01-03,2014-01-02
Factset_EPS_Revision,TJX,ok,0,2,49,2014-01-02,2014-01-06,2014-01-02
Factset_EPS_Revision,SBUX,ok,0,2,52,2014-01-02,2014-01-06,2014-01-02
Factset_EPS_Revision,ABNB,ok,15,32,39,2021-01-04,2021-02-19,2020-12-10
Factset_EPS_Revision,7203,ok,0,3,22,2014-01-02,2014-01-07,2014-01-02
Factset_EPS_Revision,ITX,ok,0,4,22,2014-01-02,2014-01-08,2014-01-02
Factset_EPS_Revision,ABT,ok,0,9,79,2014-01-02,2014-01-15,2014-01-02
Factset_EPS_Revision,DHR,ok,0,17,46,2014-01-02,2014-01-28,2014-01-02
Factset_EPS_Revision,VRTX,ok,0,7,48,2014-01-02,2014-01-13,2014-01-02
Factset_EPS_Revision,SAN,ok,0,2,20,2014-01-02,2014-01-06,2014-01-02
Factset_EPS_Revision,GE,ok,0,3,40,2024-04-02,2024-04-05,2024-04-02
Factset_EPS_Revision,TT,ok,0,1,51,2020-03-02,2020-03-03,2020-03-02
Factset_EPS_Revision,ABBN,ok,0,3,24,2014-01-02,2014-01-07,2014-01-02
Factset_EPS_Revision,KO,ok,0,31,52,2014-01-02,2014-02-18,2014-01-02
Factset_EPS_Revision,ULVR,ok,0,2,25,2014-01-02,2014-01-06,2014-01-02
Factset_EPS_Revision,ECL,ok,0,7,94,2014-01-02,2014-01-13,2014-01-02
Factset_EPS_Revision,AI,ok,0,3,21,2014-01-02,2014-01-07,2014-01-02
Factset_EPS_Revision,IBE,ok,0,2,24,2014-01-02,2014-01-06,2014-01-02
Factset_EPS_Revision,INTU,ok,0,3,75,2014-01-02,2014-01-07,2014-01-02
Factset_EPS_Revision,SNPS,ok,0,8,148,2014-01-02,2014-01-14,2014-01-02
Factset_EPS_Revision,APH,ok,0,14,52,2014-01-02,2014-01-23,2014-01-02
Factset_EPS_Revision,MSI,ok,0,2,69,2014-01-02,2014-01-06,2014-01-02
Factset_EPS_Revision,CRWD,ok,16,10,56,2019-07-05,2019-07-19,2019-06-12
Factset_EPS_Revision,NXPI,ok,0,3,53,2014-01-02,2014-01-07,2014-01-02
Factset_EPS_Revision,KEYS,ok,9,11,52,2014-11-03,2014-11-18,2014-10-21
Factset_EPS_Revision,ADSK,ok,0,19,51,2014-01-02,2014-01-30,2014-01-02
Factset_EPS_Revision,WDAY,ok,0,26,52,2014-01-02,2014-02-10,2014-01-02
Factset_EPS_Revision,WDC,ok,0,6,48,2025-02-24,2025-03-04,2025-02-24
Factset_EPS_Revision,DDOG,ok,16,23,52,2019-10-11,2019-11-13,2019-09-19
Factset_EPS_Revision,FTNT,ok,0,3,51,2014-01-02,2014-01-07,2014-01-02
Factset_EPS_Revision,DSY,ok,0,4,46,2014-01-02,2014-01-08,2014-01-02
Factset_EPS_Revision,6146,ok,0,5,24,2014-01-02,2014-01-09,2014-01-02
Factset_EPS_Revision,6981,ok,0,2,25,2014-01-02,2014-01-06,2014-01-02
Factset_EPS_Revision,BRK/B,ok,0,12,55,2014-01-02,2014-01-21,2014-01-02
Factset_EPS_Revision,CB,ok,0,1,46,2014-01-02,2014-01-03,2014-01-02
Factset_EPS_Revision,ICE,ok,0,1,40,2014-01-02,2014-01-03,2014-01-02
Factset_EPS_Revision,MCO,ok,0,3,51,2014-01-02,2014-01-07,2014-01-02
Factset_EPS_Revision,PYPL,ok,0,7,47,2015-07-07,2015-07-16,2015-07-07
Factset_EPS_Revision,COF,ok,0,2,24,2025-05-19,2025-05-21,2025-05-19
Factset_EPS_Revision,BNP,ok,0,8,24,2014-01-02,2014-01-14,2014-01-02
Factset_EPS_Revision,MUV2,ok,0,4,30,2014-01-02,2014-01-08,2014-01-02
Factset_EPS_Revision,RTX,ok,0,3,52,2014-01-02,2014-01-07,2014-01-02
Factset_EPS_Revision,EMR,ok,0,2,44,2014-01-02,2014-01-06,2014-01-02
Factset_EPS_Revision,AXON,ok,0,6,60,2014-01-02,2014-01-10,2014-01-02
Factset_EPS_Revision,UBER,ok,5,6,38,2019-05-17,2019-05-28,2019-05-10
Factset_EPS_Revision,AIR,ok,0,2,34,2014-01-02,2014-01-06,2014-01-02
Factset_EPS_Revision,SAF,ok,0,3,31,2014-01-02,2014-01-07,2014-01-02
Factset_EPS_Revision,MRK,ok,0,7,50,2014-01-02,2014-01-13,2014-01-02
Factset_EPS_Revision,AMGN,ok,0,2,38,2014-01-02,2014-01-06,2014-01-02
Factset_EPS_Revision,SYK,ok,0,1,76,2014-01-02,2014-01-03,2014-01-02
Factset_EPS_Revision,MCK,ok,0,3,52,2014-01-02,2014-01-07,2014-01-02
Factset_EPS_Revision,NOVN,ok,0,2,34,2014-01-02,2014-01-06,2014-01-02
Factset_EPS_Revision,NKE,ok,0,1,36,2014-01-02,2014-01-03,2014-01-02
Factset_EPS_Revision,ORLY,ok,0,24,50,2014-01-02,2014-02-06,2014-01-02
Factset_EPS_Revision,DASH,ok,0,3,37,2020-12-09,2020-12-14,2020-12-09
Factset_EPS_Revision,CFR,ok,0,2,22,2014-01-02,2014-01-06,2014-01-02
Factset_EPS_Revision,TTD,ok,19,18,52,2016-10-18,2016-11-11,2016-09-21
Factset_EPS_Revision,RBLX,ok,0,29,44,2021-03-10,2021-04-21,2021-03-10
Factset_EPS_Revision,9432,ok,0,7,28,2014-01-02,2014-01-13,2014-01-02
Factset_EPS_Revision,9433,ok,0,2,26,2014-01-02,2014-01-06,2014-01-02
Factset_EPS_Revision,PEP,ok,0,29,94,2014-01-02,2014-02-13,2014-01-02
Factset_EPS_Revision,MDLZ,ok,0,12,52,2014-01-02,2014-01-21,2014-01-02
Factset_EPS_Revision,OR,ok,0,2,25,2014-01-02,2014-01-06,2014-01-02
Factset_EPS_Revision,CVX,ok,0,6,22,2014-01-02,2014-01-10,2014-01-02
Factset_EPS_Revision,TTE,ok,0,4,20,2014-01-02,2014-01-08,2014-01-02
Factset_EPS_Revision,NEM,ok,0,1,26,2014-01-02,2014-01-03,2014-01-02
Factset_EPS_Revision,SHW,ok,0,4,48,2014-01-02,2014-01-08,2014-01-02
Factset_EPS_Revision,SO,ok,0,1,96,2014-01-02,2014-01-03,2014-01-02
Factset_EPS_Revision,APP,ok,20,13,48,2021-05-13,2021-06-02,2021-04-15
Factset_EPS_Revision,SNOW,ok,10,8,50,2020-09-30,2020-10-12,2020-09-16
Factset_EPS_Revision,NET,ok,16,5,49,2019-10-07,2019-10-14,2019-09-13
Factset_EPS_Revision,ZS,ok,17,1,53,2018-04-11,2018-04-12,2018-03-16
Factset_EPS_Revision,TEAM,ok,15,23,51,2016-01-04,2016-02-05,2015-12-10
Factset_EPS_Revision,COHR,ok,0,7,73,2014-01-02,2014-01-13,2014-01-02
Factset_EPS_Revision,ON,ok,0,3,53,2014-01-02,2014-01-07,2014-01-02
Factset_EPS_Revision,FICO,ok,0,8,76,2014-01-02,2014-01-14,2014-01-02
Factset_EPS_Revision,HPE,ok,4,21,49,2015-10-26,2015-11-25,2015-10-20
Factset_EPS_Revision,VRSN,ok,0,2,147,2014-01-02,2014-01-06,2014-01-02
Factset_EPS_Revision,ASM,ok,0,1,42,2014-01-02,2014-01-03,2014-01-02
Factset_EPS_Revision,MRSH,ok,0,2,49,2014-01-02,2014-01-06,2014-01-02
Factset_EPS_Revision,APO,ok,0,7,38,2014-01-02,2014-01-13,2014-01-02
Factset_EPS_Revision,MSCI,ok,0,8,46,2014-01-02,2014-01-14,2014-01-02
Factset_EPS_Revision,BNY,ok,0,2,47,2014-01-02,2014-01-06,2014-01-02
Factset_EPS_Revision,IBKR,ok,0,1,52,2014-01-02,2014-01-03,2014-01-02
Factset_EPS_Revision,UBSG,ok,0,3,28,2014-01-02,2014-01-07,2014-01-02
Factset_EPS_Revision,UCG,ok,0,2,22,2014-01-02,2014-01-06,2014-01-02
Factset_EPS_Revision,8316,ok,0,2,29,2014-01-02,2014-01-06,2014-01-02
Factset_EPS_Revision,ADP,ok,0,23,136,2014-01-02,2014-02-05,2014-01-02
Factset_EPS_Revision,HWM,ok,0,7,40,2020-04-01,2020-04-13,2020-04-01
Factset_EPS_Revision,WM,ok,0,7,49,2014-01-02,2014-01-13,2014-01-02
Factset_EPS_Revision,PH,ok,0,4,49,2014-01-02,2014-01-08,2014-01-02
Factset_EPS_Revision,REL,ok,0,4,31,2014-01-02,2014-01-08,2014-01-02
Factset_EPS_Revision,7011,ok,0,8,39,2014-01-02,2014-01-14,2014-01-02
Factset_EPS_Revision,ROP,ok,0,4,25,2014-01-02,2014-01-08,2014-01-02
Factset_EPS_Revision,GILD,ok,0,4,39,2014-01-02,2014-01-08,2014-01-02
Factset_EPS_Revision,PFE,ok,0,4,35,2014-01-02,2014-01-08,2014-01-02
Factset_EPS_Revision,MDT,ok,0,22,114,2014-01-02,2014-02-04,2014-01-02
Factset_EPS_Revision,HCA,ok,0,3,48,2014-01-02,2014-01-07,2014-01-02
Factset_EPS_Revision,ZTS,ok,0,12,98,2014-01-02,2014-01-21,2014-01-02
Factset_EPS_Revision,RMS,ok,0,2,32,2014-01-02,2014-01-06,2014-01-02
Factset_EPS_Revision,6758,ok,0,4,23,2014-01-02,2014-01-08,2014-01-02
Factset_EPS_Revision,CMG,ok,0,12,50,2014-01-02,2014-01-21,2014-01-02
Factset_EPS_Revision,MAR,ok,0,7,38,2014-01-02,2014-01-13,2014-01-02
Factset_EPS_Revision,GM,ok,0,4,37,2014-01-02,2014-01-08,2014-01-02
Factset_EPS_Revision,GRMN,ok,0,7,50,2014-01-02,2014-01-13,2014-01-02
Factset_EPS_Revision,RDDT,ok,16,17,35,2024-04-15,2024-05-08,2024-03-21
Factset_EPS_Revision,LYV,ok,0,12,52,2014-01-02,2014-01-21,2014-01-02
Factset_EPS_Revision,TKO,ok,0,6,35,2023-09-12,2023-09-20,2023-09-12
Factset_EPS_Revision,MO,ok,0,3,132,2014-01-02,2014-01-07,2014-01-02
Factset_EPS_Revision,CL,ok,0,1,48,2014-01-02,2014-01-03,2014-01-02
Factset_EPS_Revision,MNST,ok,0,3,52,2014-01-02,2014-01-07,2014-01-02
Factset_EPS_Revision,COP,ok,0,3,31,2014-01-02,2014-01-07,2014-01-02
Factset_EPS_Revision,SLB,ok,0,3,38,2014-01-02,2014-01-07,2014-01-02
Factset_EPS_Revision,APD,ok,0,7,44,2014-01-02,2014-01-13,2014-01-02
Factset_EPS_Revision,4063,ok,0,1,24,2014-01-02,2014-01-03,2014-01-02
Factset_EPS_Revision,NRG,ok,0,8,42,2014-01-02,2014-01-14,2014-01-02
Factset_EPS_Revision,ENEL,ok,0,6,24,2014-01-02,2014-01-10,2014-01-02
Factset_EPS_Revision,WELL,ok,0,12,44,2014-01-02,2014-01-21,2014-01-02
Factset_Sales_Revision,AAPL,ok,0,2,25,2014-01-02,2014-01-06,2014-01-02
Factset_Sales_Revision,MSFT,ok,0,2,75,2014-01-02,2014-01-06,2014-01-02
Factset_Sales_Revision,GOOGL,ok,0,2,38,2014-01-02,2014-01-06,2014-01-02
Factset_Sales_Revision,AMZN,ok,0,4,49,2014-01-02,2014-01-08,2014-01-02
Factset_Sales_Revision,META,ok,0,7,37,2014-01-02,2014-01-13,2014-01-02
Factset_Sales_Revision,NVDA,ok,0,9,51,2014-01-02,2014-01-15,2014-01-02
Factset_Sales_Revision,TSLA,ok,0,12,32,2014-01-02,2014-01-21,2014-01-02
Factset_Sales_Revision,PLTR,ok,17,15,67,2020-10-23,2020-11-13,2020-09-30
Factset_Sales_Revision,AVGO,ok,0,9,80,2014-01-02,2014-01-15,2014-01-02
Factset_Sales_Revision,MU,ok,0,1,52,2014-01-02,2014-01-03,2014-01-02
Factset_Sales_Revision,GEV,ok,3,14,29,2024-04-05,2024-04-25,2024-04-02
Factset_Sales_Revision,VRT,ok,402,14,51,2020-03-09,2020-03-27,2018-08-01
Factset_Sales_Revision,BE,ok,17,56,52,2018-08-17,2018-11-06,2018-07-25
Factset_Sales_Revision,LITE,ok,9,3,51,2015-08-07,2015-08-12,2015-07-27
Factset_Sales_Revision,000660,ok,0,4,28,2014-01-02,2014-01-08,2014-01-02
Factset_Sales_Revision,005930,ok,0,1,15,2014-01-02,2014-01-03,2014-01-02
Factset_Sales_Revision,UNH,ok,0,10,135,2014-01-02,2014-01-16,2014-01-02
Factset_Sales_Revision,LLY,ok,0,1,50,2014-01-02,2014-01-03,2014-01-02
Factset_Sales_Revision,ISRG,ok,0,8,76,2014-01-02,2014-01-14,2014-01-02
Factset_Sales_Revision,ABBV,ok,0,4,38,2014-01-02,2014-01-08,2014-01-02
Factset_Sales_Revision,REGN,ok,0,6,50,2014-01-02,2014-01-10,2014-01-02
Factset_Sales_Revision,JPM,ok,0,3,47,2014-01-02,2014-01-07,2014-01-02
Factset_Sales_Revision,V,ok,0,8,52,2014-01-02,2014-01-14,2014-01-02
Factset_Sales_Revision,MA,ok,0,5,73,2014-01-02,2014-01-09,2014-01-02
Factset_Sales_Revision,BLK,ok,0,2,63,2014-01-02,2014-01-06,2014-01-02
Factset_Sales_Revision,SPGI,ok,0,2,58,2014-01-02,2014-01-06,2014-01-02
Factset_Sales_Revision,GS,ok,0,5,43,2014-01-02,2014-01-09,2014-01-02
Factset_Sales_Revision,COST,ok,0,12,94,2014-01-02,2014-01-21,2014-01-02
Factset_Sales_Revision,HD,ok,0,21,84,2014-01-02,2014-02-03,2014-01-02
Factset_Sales_Revision,PG,ok,0,3,76,2014-01-02,2014-01-07,2014-01-02
Factset_Sales_Revision,MCD,ok,0,2,32,2014-01-02,2014-01-06,2014-01-02
Factset_Sales_Revision,WMT,ok,0,5,124,2014-01-02,2014-01-09,2014-01-02
Factset_Sales_Revision,CAT,ok,0,2,52,2014-01-02,2014-01-06,2014-01-02
Factset_Sales_Revision,HON,ok,0,2,133,2014-01-02,2014-01-06,2014-01-02
Factset_Sales_Revision,DE,ok,0,12,51,2014-01-02,2014-01-21,2014-01-02
Factset_Sales_Revision,UNP,ok,0,3,42,2014-01-02,2014-01-07,2014-01-02
Factset_Sales_Revision,LMT,ok,0,2,138,2014-01-02,2014-01-06,2014-01-02
Factset_Sales_Revision,ETN,ok,0,4,111,2014-01-02,2014-01-08,2014-01-02
Factset_Sales_Revision,XOM,ok,0,1,48,2014-01-02,2014-01-03,2014-01-02
Factset_Sales_Revision,LNG,ok,0,2,43,2014-01-02,2014-01-06,2014-01-02
Factset_Sales_Revision,FCX,ok,0,1,34,2014-01-02,2014-01-03,2014-01-02
Factset_Sales_Revision,LIN,ok,0,7,49,2014-01-02,2014-01-13,2014-01-02
Factset_Sales_Revision,NEE,ok,0,3,50,2014-01-02,2014-01-07,2014-01-02
Factset_Sales_Revision,AMT,ok,0,2,96,2014-01-02,2014-01-06,2014-01-02
Factset_Sales_Revision,EQIX,ok,0,33,109,2014-01-02,2014-02-20,2014-01-02
Factset_Sales_Revision,TMUS,ok,0,2,108,2014-01-02,2014-01-06,2014-01-02
Factset_Sales_Revision,PLD,ok,0,2,70,2014-01-02,2014-01-06,2014-01-02
Factset_Sales_Revision,AMD,ok,0,13,49,2014-01-02,2014-01-22,2014-01-02
Factset_Sales_Revision,CRM,ok,0,19,78,2014-01-02,2014-01-30,2014-01-02
Factset_Sales_Revision,NFLX,ok,0,2,72,2014-01-02,2014-01-06,2014-01-02
Factset_Sales_Revision,TER,ok,0,3,52,2014-01-02,2014-01-07,2014-01-02
Factset_Sales_Revision,GLW,ok,0,2,75,2014-01-02,2014-01-06,2014-01-02
Factset_Sales_Revision,JNJ,ok,0,12,136,2014-01-02,2014-01-21,2014-01-02
Factset_Sales_Revision,WFC,ok,0,8,69,2014-01-02,2014-01-14,2014-01-02
Factset_Sales_Revision,MPC,ok,0,5,51,2014-01-02,2014-01-09,2014-01-02
Factset_Sales_Revision,LRCX,ok,0,3,51,2014-01-02,2014-01-07,2014-01-02
Factset_Sales_Revision,AMAT,ok,0,2,51,2014-01-02,2014-01-06,2014-01-02
Factset_Sales_Revision,PANW,ok,0,13,185,2014-01-02,2014-01-22,2014-01-02
Factset_Sales_Revision,FN,ok,0,12,83,2014-01-02,2014-01-21,2014-01-02
Factset_Sales_Revision,MPWR,ok,0,4,116,2014-01-02,2014-01-08,2014-01-02
Factset_Sales_Revision,BAC,ok,0,7,51,2014-01-02,2014-01-13,2014-01-02
Factset_Sales_Revision,CSCO,ok,0,17,128,2014-01-02,2014-01-28,2014-01-02
Factset_Sales_Revision,INTC,ok,0,3,52,2014-01-02,2014-01-07,2014-01-02
Factset_Sales_Revision,ORCL,ok,0,4,53,2014-01-02,2014-01-08,2014-01-02
Factset_Sales_Revision,TSM,ok,0,1,41,2014-01-02,2014-01-03,2014-01-02
Factset_Sales_Revision,SNDK,ok,6,46,42,2025-03-04,2025-05-08,2025-02-24
Factset_Sales_Revision,KLAC,ok,0,4,53,2014-01-02,2014-01-08,2014-01-02
Factset_Sales_Revision,ANET,ok,0,44,51,2014-06-06,2014-08-08,2014-06-06
Factset_Sales_Revision,MRVL,ok,0,23,76,2014-01-02,2014-02-05,2014-01-02
Factset_Sales_Revision,CDNS,ok,0,19,256,2014-01-02,2014-01-30,2014-01-02
Factset_Sales_Revision,STX,ok,0,7,53,2014-01-02,2014-01-13,2014-01-02
Factset_Sales_Revision,PWR,ok,0,33,50,2014-01-02,2014-02-20,2014-01-02
Factset_Sales_Revision,BX,ok,0,2,51,2014-01-02,2014-01-06,2014-01-02
Factset_Sales_Revision,TMO,ok,0,19,131,2014-01-02,2014-01-30,2014-01-02
Factset_Sales_Revision,BSX,ok,0,3,82,2014-01-02,2014-01-07,2014-01-02
Factset_Sales_Revision,BKNG,ok,0,7,50,2014-01-02,2014-01-13,2014-01-02
Factset_Sales_Revision,PM,ok,0,24,42,2014-01-02,2014-02-06,2014-01-02
Factset_Sales_Revision,WMB,ok,0,2,47,2014-01-02,2014-01-06,2014-01-02
Factset_Sales_Revision,CEG,ok,0,26,51,2022-02-02,2022-03-11,2022-02-02
Factset_Sales_Revision,VST,ok,52,107,74,2016-12-19,2017-10-17,2016-10-05
Factset_Sales_Revision,DLR,ok,0,3,77,2014-01-02,2014-01-07,2014-01-02
Factset_Sales_Revision,ARM,ok,0,7,22,2023-09-14,2023-09-25,2023-09-14
Factset_Sales_Revision,SPOT,ok,3,7,38,2018-04-06,2018-04-17,2018-04-03
Factset_Sales_Revision,RACE,ok,18,12,43,2015-11-16,2015-12-03,2015-10-21
Factset_Sales_Revision,285A,ok,20,81,23,2025-01-21,2025-05-16,2024-12-18
Factset_Sales_Revision,6857,ok,0,1,27,2014-01-02,2014-01-03,2014-01-02
Factset_Sales_Revision,SU,ok,0,3,54,2014-01-02,2014-01-07,2014-01-02
Factset_Sales_Revision,SIE,ok,0,3,31,2014-01-02,2014-01-07,2014-01-02
Factset_Sales_Revision,RHM,ok,0,9,76,2014-01-02,2014-01-15,2014-01-02
Factset_Sales_Revision,ALV,ok,0,8,79,2014-01-02,2014-01-14,2014-01-02
Factset_Sales_Revision,MC,ok,0,2,27,2014-01-02,2014-01-06,2014-01-02
Factset_Sales_Revision,NESN,ok,0,3,33,2014-01-02,2014-01-07,2014-01-02
Factset_Sales_Revision,RR/,ok,0,1,32,2014-01-02,2014-01-03,2014-01-02
Factset_Sales_Revision,SAP,ok,0,1,59,2014-01-02,2014-01-03,2014-01-02
Factset_Sales_Revision,ASML,ok,0,2,46,2014-01-02,2014-01-06,2014-01-02
Factset_Sales_Revision,AZN,ok,0,5,29,2014-01-02,2014-01-09,2014-01-02
Factset_Sales_Revision,SHEL,ok,0,2,34,2014-01-02,2014-01-06,2014-01-02
Factset_Sales_Revision,HSBA,ok,0,2,34,2014-01-02,2014-01-06,2014-01-02
Factset_Sales_Revision,NOVOB,ok,0,2,21,2014-01-02,2014-01-06,2014-01-02
Factset_Sales_Revision,RIO,ok,0,1,30,2014-01-02,2014-01-03,2014-01-02
Factset_Sales_Revision,QCOM,ok,0,8,49,2014-01-02,2014-01-14,2014-01-02
Factset_Sales_Revision,TXN,ok,0,2,52,2014-01-02,2014-01-06,2014-01-02
Factset_Sales_Revision,ADBE,ok,0,21,197,2014-01-02,2014-02-03,2014-01-02
Factset_Sales_Revision,NOW,ok,0,3,167,2014-01-02,2014-01-07,2014-01-02
Factset_Sales_Revision,ACN,ok,0,13,132,2014-01-02,2014-01-22,2014-01-02
Factset_Sales_Revision,IBM,ok,0,4,75,2014-01-02,2014-01-08,2014-01-02
Factset_Sales_Revision,ADI,ok,0,26,64,2014-01-02,2014-02-10,2014-01-02
Factset_Sales_Revision,DELL,ok,0,42,62,2018-12-28,2019-03-01,2018-12-28
Factset_Sales_Revision,8035,ok,0,1,29,2014-01-02,2014-01-03,2014-01-02
Factset_Sales_Revision,IFX,ok,0,4,73,2014-01-02,2014-01-08,2014-01-02
Factset_Sales_Revision,MS,ok,0,2,40,2014-01-02,2014-01-06,2014-01-02
Factset_Sales_Revision,SCHW,ok,0,4,48,2014-01-02,2014-01-08,2014-01-02
Factset_Sales_Revision,AXP,ok,0,11,138,2014-01-02,2014-01-17,2014-01-02
Factset_Sales_Revision,PGR,ok,0,13,109,2014-01-02,2014-01-22,2014-01-02
Factset_Sales_Revision,AON,ok,0,20,83,2014-01-02,2014-01-31,2014-01-02
Factset_Sales_Revision,CME,ok,0,2,42,2014-01-02,2014-01-06,2014-01-02
Factset_Sales_Revision,KKR,ok,0,3,76,2014-01-02,2014-01-07,2014-01-02
Factset_Sales_Revision,BN,ok,0,14,67,2022-12-12,2023-01-03,2022-12-12
Factset_Sales_Revision,C,ok,0,5,45,2014-01-02,2014-01-09,2014-01-02
Factset_Sales_Revision,LSEG,ok,0,2,37,2014-01-02,2014-01-06,2014-01-02
Factset_Sales_Revision,ZURN,ok,0,9,41,2014-01-02,2014-01-15,2014-01-02
Factset_Sales_Revision,CS,ok,0,4,110,2014-01-02,2014-01-08,2014-01-02
Factset_Sales_Revision,8306,ok,0,5,54,2014-01-02,2014-01-09,2014-01-02
Factset_Sales_Revision,DIS,ok,0,1,38,2014-01-02,2014-01-03,2014-01-02
Factset_Sales_Revision,CMCSA,ok,0,7,96,2014-01-02,2014-01-13,2014-01-02
Factset_Sales_Revision,VZ,ok,0,12,50,2014-01-02,2014-01-21,2014-01-02
Factset_Sales_Revision,T,ok,0,18,127,2014-01-02,2014-01-29,2014-01-02
Factset_Sales_Revision,TTWO,ok,0,7,48,2014-01-02,2014-01-13,2014-01-02
Factset_Sales_Revision,PUB,ok,0,7,82,2014-01-02,2014-01-13,2014-01-02
Factset_Sales_Revision,7974,ok,0,3,27,2014-01-02,2014-01-07,2014-01-02
Factset_Sales_Revision,DTE,ok,0,4,24,2014-01-02,2014-01-08,2014-01-02
Factset_Sales_Revision,UMG,ok,2,13,31,2021-09-23,2021-10-12,2021-09-21
Factset_Sales_Revision,LOW,ok,0,1,185,2014-01-02,2014-01-03,2014-01-02
Factset_Sales_Revision,TJX,ok,0,2,77,2014-01-02,2014-01-06,2014-01-02
Factset_Sales_Revision,SBUX,ok,0,7,74,2014-01-02,2014-01-13,2014-01-02
Factset_Sales_Revision,ABNB,ok,1,5,49,2020-12-11,2020-12-18,2020-12-10
Factset_Sales_Revision,7203,ok,0,4,23,2014-01-02,2014-01-08,2014-01-02
Factset_Sales_Revision,ITX,ok,0,2,36,2014-01-02,2014-01-06,2014-01-02
Factset_Sales_Revision,ABT,ok,0,13,198,2014-01-02,2014-01-22,2014-01-02
Factset_Sales_Revision,DHR,ok,0,17,51,2014-01-02,2014-01-28,2014-01-02
Factset_Sales_Revision,VRTX,ok,0,7,52,2014-01-02,2014-01-13,2014-01-02
Factset_Sales_Revision,SAN,ok,0,2,29,2014-01-02,2014-01-06,2014-01-02
Factset_Sales_Revision,GE,ok,0,1,49,2024-04-02,2024-04-03,2024-04-02
Factset_Sales_Revision,TT,ok,0,1,47,2020-03-02,2020-03-03,2020-03-02
Factset_Sales_Revision,ABBN,ok,0,2,38,2014-01-02,2014-01-06,2014-01-02
Factset_Sales_Revision,KO,ok,0,31,49,2014-01-02,2014-02-18,2014-01-02
Factset_Sales_Revision,ULVR,ok,0,2,29,2014-01-02,2014-01-06,2014-01-02
Factset_Sales_Revision,ECL,ok,0,4,61,2014-01-02,2014-01-08,2014-01-02
Factset_Sales_Revision,AI,ok,0,2,42,2014-01-02,2014-01-06,2014-01-02
Factset_Sales_Revision,IBE,ok,0,2,29,2014-01-02,2014-01-06,2014-01-02
Factset_Sales_Revision,INTU,ok,0,26,136,2014-01-02,2014-02-10,2014-01-02
Factset_Sales_Revision,SNPS,ok,0,31,148,2014-01-02,2014-02-18,2014-01-02
Factset_Sales_Revision,APH,ok,0,13,73,2014-01-02,2014-01-22,2014-01-02
Factset_Sales_Revision,MSI,ok,0,2,200,2014-01-02,2014-01-06,2014-01-02
Factset_Sales_Revision,CRWD,ok,16,10,75,2019-07-05,2019-07-19,2019-06-12
Factset_Sales_Revision,NXPI,ok,0,3,71,2014-01-02,2014-01-07,2014-01-02
Factset_Sales_Revision,KEYS,ok,9,70,76,2014-11-03,2015-02-13,2014-10-21
Factset_Sales_Revision,ADSK,ok,0,21,74,2014-01-02,2014-02-03,2014-01-02
Factset_Sales_Revision,WDAY,ok,0,3,145,2014-01-02,2014-01-07,2014-01-02
Factset_Sales_Revision,WDC,ok,0,1,42,2025-02-24,2025-02-25,2025-02-24
Factset_Sales_Revision,DDOG,ok,16,23,52,2019-10-11,2019-11-13,2019-09-19
Factset_Sales_Revision,FTNT,ok,0,19,144,2014-01-02,2014-01-30,2014-01-02
Factset_Sales_Revision,DSY,ok,0,3,68,2014-01-02,2014-01-07,2014-01-02
Factset_Sales_Revision,6146,ok,0,2,31,2014-01-02,2014-01-06,2014-01-02
Factset_Sales_Revision,6981,ok,0,2,28,2014-01-02,2014-01-06,2014-01-02
Factset_Sales_Revision,BRK/B,ok,0,12,198,2014-01-02,2014-01-21,2014-01-02
Factset_Sales_Revision,CB,ok,0,2,138,2014-01-02,2014-01-06,2014-01-02
Factset_Sales_Revision,ICE,ok,0,7,45,2014-01-02,2014-01-13,2014-01-02
Factset_Sales_Revision,MCO,ok,0,4,51,2014-01-02,2014-01-08,2014-01-02
Factset_Sales_Revision,PYPL,ok,0,7,54,2015-07-07,2015-07-16,2015-07-07
Factset_Sales_Revision,COF,ok,0,3,33,2025-05-19,2025-05-22,2025-05-19
Factset_Sales_Revision,BNP,ok,0,2,31,2014-01-02,2014-01-06,2014-01-02
Factset_Sales_Revision,MUV2,ok,0,4,34,2014-01-02,2014-01-08,2014-01-02
Factset_Sales_Revision,RTX,ok,0,2,44,2014-01-02,2014-01-06,2014-01-02
Factset_Sales_Revision,EMR,ok,0,8,68,2014-01-02,2014-01-14,2014-01-02
Factset_Sales_Revision,AXON,ok,0,7,96,2014-01-02,2014-01-13,2014-01-02
Factset_Sales_Revision,UBER,ok,5,9,39,2019-05-17,2019-05-31,2019-05-10
Factset_Sales_Revision,AIR,ok,0,7,32,2014-01-02,2014-01-13,2014-01-02
Factset_Sales_Revision,SAF,ok,0,4,44,2014-01-02,2014-01-08,2014-01-02
Factset_Sales_Revision,MRK,ok,0,4,46,2014-01-02,2014-01-08,2014-01-02
Factset_Sales_Revision,AMGN,ok,0,2,46,2014-01-02,2014-01-06,2014-01-02
Factset_Sales_Revision,SYK,ok,0,14,76,2014-01-02,2014-01-23,2014-01-02
Factset_Sales_Revision,MCK,ok,0,3,77,2014-01-02,2014-01-07,2014-01-02
Factset_Sales_Revision,NOVN,ok,0,2,25,2014-01-02,2014-01-06,2014-01-02
Factset_Sales_Revision,NKE,ok,0,16,52,2014-01-02,2014-01-27,2014-01-02
Factset_Sales_Revision,ORLY,ok,0,1,152,2014-01-02,2014-01-03,2014-01-02
Factset_Sales_Revision,DASH,ok,0,3,38,2020-12-09,2020-12-14,2020-12-09
Factset_Sales_Revision,CFR,ok,0,2,27,2014-01-02,2014-01-06,2014-01-02
Factset_Sales_Revision,TTD,ok,19,18,87,2016-10-18,2016-11-11,2016-09-21
Factset_Sales_Revision,RBLX,ok,0,34,52,2021-03-10,2021-04-28,2021-03-10
Factset_Sales_Revision,9432,ok,0,2,69,2014-01-02,2014-01-06,2014-01-02
Factset_Sales_Revision,9433,ok,0,7,45,2014-01-02,2014-01-13,2014-01-02
Factset_Sales_Revision,PEP,ok,0,29,157,2014-01-02,2014-02-13,2014-01-02
Factset_Sales_Revision,MDLZ,ok,0,12,59,2014-01-02,2014-01-21,2014-01-02
Factset_Sales_Revision,OR,ok,0,2,78,2014-01-02,2014-01-06,2014-01-02
Factset_Sales_Revision,CVX,ok,0,1,61,2014-01-02,2014-01-03,2014-01-02
Factset_Sales_Revision,TTE,ok,0,5,29,2014-01-02,2014-01-09,2014-01-02
Factset_Sales_Revision,NEM,ok,0,2,48,2014-01-02,2014-01-06,2014-01-02
Factset_Sales_Revision,SHW,ok,0,3,74,2014-01-02,2014-01-07,2014-01-02
Factset_Sales_Revision,SO,ok,0,1,39,2014-01-02,2014-01-03,2014-01-02
Factset_Sales_Revision,APP,ok,20,51,51,2021-05-13,2021-07-27,2021-04-15
Factset_Sales_Revision,SNOW,ok,10,42,51,2020-09-30,2020-11-30,2020-09-16
Factset_Sales_Revision,NET,ok,16,24,195,2019-10-07,2019-11-08,2019-09-13
Factset_Sales_Revision,ZS,ok,16,41,74,2018-04-10,2018-06-07,2018-03-16
Factset_Sales_Revision,TEAM,ok,15,23,74,2016-01-04,2016-02-05,2015-12-10
Factset_Sales_Revision,COHR,ok,0,7,130,2014-01-02,2014-01-13,2014-01-02
Factset_Sales_Revision,ON,ok,0,4,66,2014-01-02,2014-01-08,2014-01-02
Factset_Sales_Revision,FICO,ok,0,8,144,2014-01-02,2014-01-14,2014-01-02
Factset_Sales_Revision,HPE,ok,4,21,52,2015-10-26,2015-11-25,2015-10-20
Factset_Sales_Revision,VRSN,ok,0,25,408,2014-01-02,2014-02-07,2014-01-02
Factset_Sales_Revision,ASM,ok,0,2,33,2014-01-02,2014-01-06,2014-01-02
Factset_Sales_Revision,MRSH,ok,0,27,79,2014-01-02,2014-02-11,2014-01-02
Factset_Sales_Revision,APO,ok,0,12,62,2014-01-02,2014-01-21,2014-01-02
Factset_Sales_Revision,MSCI,ok,0,2,92,2014-01-02,2014-01-06,2014-01-02
Factset_Sales_Revision,BNY,ok,0,1,79,2014-01-02,2014-01-03,2014-01-02
Factset_Sales_Revision,IBKR,ok,0,3,61,2014-01-02,2014-01-07,2014-01-02
Factset_Sales_Revision,UBSG,ok,0,3,36,2014-01-02,2014-01-07,2014-01-02
Factset_Sales_Revision,UCG,ok,0,1,25,2014-01-02,2014-01-03,2014-01-02
Factset_Sales_Revision,8316,ok,0,3,33,2014-01-02,2014-01-07,2014-01-02
Factset_Sales_Revision,ADP,ok,0,145,227,2014-01-02,2014-07-31,2014-01-02
Factset_Sales_Revision,HWM,ok,0,23,41,2020-04-01,2020-05-05,2020-04-01
Factset_Sales_Revision,WM,ok,0,31,86,2014-01-02,2014-02-18,2014-01-02
Factset_Sales_Revision,PH,ok,0,9,78,2014-01-02,2014-01-15,2014-01-02
Factset_Sales_Revision,REL,ok,0,1,54,2014-01-02,2014-01-03,2014-01-02
Factset_Sales_Revision,7011,ok,0,8,56,2014-01-02,2014-01-14,2014-01-02
Factset_Sales_Revision,ROP,ok,0,2,46,2014-01-02,2014-01-06,2014-01-02
Factset_Sales_Revision,GILD,ok,0,1,42,2014-01-02,2014-01-03,2014-01-02
Factset_Sales_Revision,PFE,ok,0,7,51,2014-01-02,2014-01-13,2014-01-02
Factset_Sales_Revision,MDT,ok,0,5,145,2014-01-02,2014-01-09,2014-01-02
Factset_Sales_Revision,HCA,ok,0,66,76,2014-01-02,2014-04-08,2014-01-02
Factset_Sales_Revision,ZTS,ok,0,4,81,2014-01-02,2014-01-08,2014-01-02
Factset_Sales_Revision,RMS,ok,0,2,50,2014-01-02,2014-01-06,2014-01-02
Factset_Sales_Revision,6758,ok,0,3,31,2014-01-02,2014-01-07,2014-01-02
Factset_Sales_Revision,CMG,ok,0,20,81,2014-01-02,2014-01-31,2014-01-02
Factset_Sales_Revision,MAR,ok,0,8,76,2014-01-02,2014-01-14,2014-01-02
Factset_Sales_Revision,GM,ok,0,1,47,2014-01-02,2014-01-03,2014-01-02
Factset_Sales_Revision,GRMN,ok,0,4,84,2014-01-02,2014-01-08,2014-01-02
Factset_Sales_Revision,RDDT,ok,2,29,49,2024-03-25,2024-05-06,2024-03-21
Factset_Sales_Revision,LYV,ok,0,12,55,2014-01-02,2014-01-21,2014-01-02
Factset_Sales_Revision,TKO,ok,0,6,45,2023-09-12,2023-09-20,2023-09-12
Factset_Sales_Revision,MO,ok,0,3,76,2014-01-02,2014-01-07,2014-01-02
Factset_Sales_Revision,CL,ok,0,19,51,2014-01-02,2014-01-30,2014-01-02
Factset_Sales_Revision,MNST,ok,0,4,52,2014-01-02,2014-01-08,2014-01-02
Factset_Sales_Revision,COP,ok,0,5,45,2014-01-02,2014-01-09,2014-01-02
Factset_Sales_Revision,SLB,ok,0,2,53,2014-01-02,2014-01-06,2014-01-02
Factset_Sales_Revision,APD,ok,0,7,44,2014-01-02,2014-01-13,2014-01-02
Factset_Sales_Revision,4063,ok,0,2,34,2014-01-02,2014-01-06,2014-01-02
Factset_Sales_Revision,NRG,ok,0,1,51,2014-01-02,2014-01-03,2014-01-02
Factset_Sales_Revision,ENEL,ok,0,10,30,2014-01-02,2014-01-16,2014-01-02
Factset_Sales_Revision,WELL,ok,0,9,40,2014-01-02,2014-01-15,2014-01-02
Factset_TG_Price,AAPL,ok,0,6,26,2014-01-02,2014-01-10,2014-01-02
Factset_TG_Price,MSFT,ok,0,2,35,2014-01-02,2014-01-06,2014-01-02
Factset_TG_Price,GOOGL,ok,0,1,27,2014-01-02,2014-01-03,2014-01-02
Factset_TG_Price,AMZN,ok,0,2,28,2014-01-02,2014-01-06,2014-01-02
Factset_TG_Price,META,ok,0,1,24,2014-01-02,2014-01-03,2014-01-02
Factset_TG_Price,NVDA,ok,0,11,43,2014-01-02,2014-01-17,2014-01-02
Factset_TG_Price,TSLA,ok,0,9,39,2014-01-02,2014-01-15,2014-01-02
Factset_TG_Price,PLTR,ok,16,1,44,2020-10-22,2020-10-23,2020-09-30
Factset_TG_Price,AVGO,ok,0,6,55,2014-01-02,2014-01-10,2014-01-02
Factset_TG_Price,MU,ok,0,1,30,2014-01-02,2014-01-03,2014-01-02
Factset_TG_Price,GEV,ok,0,8,13,2024-04-02,2024-04-12,2024-04-02
Factset_TG_Price,VRT,ok,393,9,44,2020-02-25,2020-03-09,2018-08-01
Factset_TG_Price,BE,ok,16,1,48,2018-08-16,2018-08-17,2018-07-25
Factset_TG_Price,LITE,ok,4,1,47,2015-07-31,2015-08-03,2015-07-27
Factset_TG_Price,000660,ok,0,1,23,2014-01-02,2014-01-03,2014-01-02
Factset_TG_Price,005930,ok,0,1,21,2014-01-02,2014-01-03,2014-01-02
Factset_TG_Price,UNH,ok,0,1,51,2014-01-02,2014-01-03,2014-01-02
Factset_TG_Price,LLY,ok,0,3,37,2014-01-02,2014-01-07,2014-01-02
Factset_TG_Price,ISRG,ok,0,8,60,2014-01-02,2014-01-14,2014-01-02
Factset_TG_Price,ABBV,ok,0,1,48,2014-01-02,2014-01-03,2014-01-02
Factset_TG_Price,REGN,ok,0,5,46,2014-01-02,2014-01-09,2014-01-02
Factset_TG_Price,JPM,ok,0,2,26,2014-01-02,2014-01-06,2014-01-02
Factset_TG_Price,V,ok,0,2,32,2014-01-02,2014-01-06,2014-01-02
Factset_TG_Price,MA,ok,0,2,39,2014-01-02,2014-01-06,2014-01-02
Factset_TG_Price,BLK,ok,0,1,43,2014-01-02,2014-01-03,2014-01-02
Factset_TG_Price,SPGI,ok,0,3,52,2014-01-02,2014-01-07,2014-01-02
Factset_TG_Price,GS,ok,0,1,36,2014-01-02,2014-01-03,2014-01-02
Factset_TG_Price,COST,ok,0,12,40,2014-01-02,2014-01-21,2014-01-02
Factset_TG_Price,HD,ok,0,4,43,2014-01-02,2014-01-08,2014-01-02
Factset_TG_Price,PG,ok,0,8,48,2014-01-02,2014-01-14,2014-01-02
Factset_TG_Price,MCD,ok,0,2,31,2014-01-02,2014-01-06,2014-01-02
Factset_TG_Price,WMT,ok,0,17,44,2014-01-02,2014-01-28,2014-01-02
Factset_TG_Price,CAT,ok,0,4,42,2014-01-02,2014-01-08,2014-01-02
Factset_TG_Price,HON,ok,0,1,41,2014-01-02,2014-01-03,2014-01-02
Factset_TG_Price,DE,ok,0,2,41,2014-01-02,2014-01-06,2014-01-02
Factset_TG_Price,UNP,ok,0,3,30,2014-01-02,2014-01-07,2014-01-02
Factset_TG_Price,LMT,ok,0,1,47,2014-01-02,2014-01-03,2014-01-02
Factset_TG_Price,ETN,ok,0,2,27,2014-01-02,2014-01-06,2014-01-02
Factset_TG_Price,XOM,ok,0,1,28,2014-01-02,2014-01-03,2014-01-02
Factset_TG_Price,LNG,ok,0,1,41,2014-01-02,2014-01-03,2014-01-02
Factset_TG_Price,FCX,ok,0,6,31,2014-01-02,2014-01-10,2014-01-02
Factset_TG_Price,LIN,ok,0,1,39,2014-01-02,2014-01-03,2014-01-02
Factset_TG_Price,NEE,ok,0,1,24,2014-01-02,2014-01-03,2014-01-02
Factset_TG_Price,AMT,ok,0,14,31,2014-01-02,2014-01-23,2014-01-02
Factset_TG_Price,EQIX,ok,0,1,44,2014-01-02,2014-01-03,2014-01-02
Factset_TG_Price,TMUS,ok,0,2,40,2014-01-02,2014-01-06,2014-01-02
Factset_TG_Price,PLD,ok,0,1,35,2014-01-02,2014-01-03,2014-01-02
Factset_TG_Price,AMD,ok,0,13,56,2014-01-02,2014-01-22,2014-01-02
Factset_TG_Price,CRM,ok,0,1,37,2014-01-02,2014-01-03,2014-01-02
Factset_TG_Price,NFLX,ok,0,3,33,2014-01-02,2014-01-07,2014-01-02
Factset_TG_Price,TER,ok,0,7,61,2014-01-02,2014-01-13,2014-01-02
Factset_TG_Price,GLW,ok,0,10,51,2014-01-02,2014-01-16,2014-01-02
Factset_TG_Price,JNJ,ok,0,2,54,2014-01-02,2014-01-06,2014-01-02
Factset_TG_Price,WFC,ok,0,1,28,2014-01-02,2014-01-03,2014-01-02
Factset_TG_Price,MPC,ok,0,1,23,2014-01-02,2014-01-03,2014-01-02
Factset_TG_Price,LRCX,ok,0,4,35,2014-01-02,2014-01-08,2014-01-02
Factset_TG_Price,AMAT,ok,0,20,44,2014-01-02,2014-01-31,2014-01-02
Factset_TG_Price,PANW,ok,0,2,57,2014-01-02,2014-01-06,2014-01-02
Factset_TG_Price,FN,ok,0,1,62,2014-01-02,2014-01-03,2014-01-02
Factset_TG_Price,MPWR,ok,0,21,105,2014-01-02,2014-02-03,2014-01-02
Factset_TG_Price,BAC,ok,0,2,39,2014-01-02,2014-01-06,2014-01-02
Factset_TG_Price,CSCO,ok,0,15,51,2014-01-02,2014-01-24,2014-01-02
Factset_TG_Price,INTC,ok,0,7,37,2014-01-02,2014-01-13,2014-01-02
Factset_TG_Price,ORCL,ok,0,1,47,2014-01-02,2014-01-03,2014-01-02
Factset_TG_Price,TSM,ok,0,1,45,2014-01-02,2014-01-03,2014-01-02
Factset_TG_Price,SNDK,ok,0,5,21,2025-02-24,2025-03-03,2025-02-24
Factset_TG_Price,KLAC,ok,0,14,64,2014-01-02,2014-01-23,2014-01-02
Factset_TG_Price,ANET,ok,0,4,37,2014-06-06,2014-06-12,2014-06-06
Factset_TG_Price,MRVL,ok,0,5,47,2014-01-02,2014-01-09,2014-01-02
Factset_TG_Price,CDNS,ok,0,19,69,2014-01-02,2014-01-30,2014-01-02
Factset_TG_Price,STX,ok,0,2,53,2014-01-02,2014-01-06,2014-01-02
Factset_TG_Price,PWR,ok,0,8,64,2014-01-02,2014-01-14,2014-01-02
Factset_TG_Price,BX,ok,0,1,45,2014-01-02,2014-01-03,2014-01-02
Factset_TG_Price,TMO,ok,0,2,39,2014-01-02,2014-01-06,2014-01-02
Factset_TG_Price,BSX,ok,0,2,39,2014-01-02,2014-01-06,2014-01-02
Factset_TG_Price,BKNG,ok,0,3,41,2014-01-02,2014-01-07,2014-01-02
Factset_TG_Price,PM,ok,0,5,35,2014-01-02,2014-01-09,2014-01-02
Factset_TG_Price,WMB,ok,0,1,44,2014-01-02,2014-01-03,2014-01-02
Factset_TG_Price,CEG,ok,0,1,23,2022-02-02,2022-02-03,2022-02-02
Factset_TG_Price,VST,ok,122,14,38,2017-03-31,2017-04-21,2016-10-05
Factset_TG_Price,DLR,ok,0,2,33,2014-01-02,2014-01-06,2014-01-02
Factset_TG_Price,ARM,ok,0,1,25,2023-09-14,2023-09-15,2023-09-14
Factset_TG_Price,SPOT,ok,0,1,2,2018-04-03,2018-04-04,2018-04-03
Factset_TG_Price,RACE,ok,16,1,21,2015-11-12,2015-11-13,2015-10-21
Factset_TG_Price,285A,ok,1,19,33,2024-12-19,2025-01-21,2024-12-18
Factset_TG_Price,6857,ok,0,1,34,2014-01-02,2014-01-03,2014-01-02
Factset_TG_Price,SU,ok,0,3,32,2014-01-02,2014-01-07,2014-01-02
Factset_TG_Price,SIE,ok,0,3,31,2014-01-02,2014-01-07,2014-01-02
Factset_TG_Price,RHM,ok,0,14,26,2014-01-02,2014-01-23,2014-01-02
Factset_TG_Price,ALV,ok,0,1,24,2014-01-02,2014-01-03,2014-01-02
Factset_TG_Price,MC,ok,0,1,24,2014-01-02,2014-01-03,2014-01-02
Factset_TG_Price,NESN,ok,0,3,28,2014-01-02,2014-01-07,2014-01-02
Factset_TG_Price,RR/,ok,0,1,34,2014-01-02,2014-01-03,2014-01-02
Factset_TG_Price,SAP,ok,0,1,38,2014-01-02,2014-01-03,2014-01-02
Factset_TG_Price,ASML,ok,0,1,30,2014-01-02,2014-01-03,2014-01-02
Factset_TG_Price,AZN,ok,0,1,3,2014-01-02,2014-01-03,2014-01-02
Factset_TG_Price,SHEL,ok,0,1,2,2014-01-02,2014-01-03,2014-01-02
Factset_TG_Price,HSBA,ok,0,1,2,2014-01-02,2014-01-03,2014-01-02
Factset_TG_Price,NOVOB,ok,0,1,23,2014-01-02,2014-01-03,2014-01-02
Factset_TG_Price,RIO,ok,0,1,2,2014-01-02,2014-01-03,2014-01-02
Factset_TG_Price,QCOM,ok,0,6,49,2014-01-02,2014-01-10,2014-01-02
Factset_TG_Price,TXN,ok,0,5,48,2014-01-02,2014-01-09,2014-01-02
Factset_TG_Price,ADBE,ok,0,2,51,2014-01-02,2014-01-06,2014-01-02
Factset_TG_Price,NOW,ok,0,3,49,2014-01-02,2014-01-07,2014-01-02
Factset_TG_Price,ACN,ok,0,2,51,2014-01-02,2014-01-06,2014-01-02
Factset_TG_Price,IBM,ok,0,6,63,2014-01-02,2014-01-10,2014-01-02
Factset_TG_Price,ADI,ok,0,30,46,2014-01-02,2014-02-14,2014-01-02
Factset_TG_Price,DELL,ok,0,4,39,2018-12-28,2019-01-04,2018-12-28
Factset_TG_Price,8035,ok,0,1,32,2014-01-02,2014-01-03,2014-01-02
Factset_TG_Price,IFX,ok,0,4,37,2014-01-02,2014-01-08,2014-01-02
Factset_TG_Price,MS,ok,0,1,27,2014-01-02,2014-01-03,2014-01-02
Factset_TG_Price,SCHW,ok,0,2,36,2014-01-02,2014-01-06,2014-01-02
Factset_TG_Price,AXP,ok,0,1,29,2014-01-02,2014-01-03,2014-01-02
Factset_TG_Price,PGR,ok,0,11,23,2014-01-02,2014-01-17,2014-01-02
Factset_TG_Price,AON,ok,0,2,58,2014-01-02,2014-01-06,2014-01-02
Factset_TG_Price,CME,ok,0,5,28,2014-01-02,2014-01-09,2014-01-02
Factset_TG_Price,KKR,ok,0,1,39,2014-01-02,2014-01-03,2014-01-02
Factset_TG_Price,BN,ok,0,2,40,2022-12-12,2022-12-14,2022-12-12
Factset_TG_Price,C,ok,0,1,45,2014-01-02,2014-01-03,2014-01-02
Factset_TG_Price,LSEG,ok,0,5,32,2014-01-02,2014-01-09,2014-01-02
Factset_TG_Price,ZURN,ok,0,1,2,2014-01-02,2014-01-03,2014-01-02
Factset_TG_Price,CS,ok,0,1,34,2014-01-02,2014-01-03,2014-01-02
Factset_TG_Price,8306,ok,0,2,57,2014-01-02,2014-01-06,2014-01-02
Factset_TG_Price,DIS,ok,0,1,31,2014-01-02,2014-01-03,2014-01-02
Factset_TG_Price,CMCSA,ok,0,3,42,2014-01-02,2014-01-07,2014-01-02
Factset_TG_Price,VZ,ok,0,8,33,2014-01-02,2014-01-14,2014-01-02
Factset_TG_Price,T,ok,0,8,46,2014-01-02,2014-01-14,2014-01-02
Factset_TG_Price,TTWO,ok,0,9,55,2014-01-02,2014-01-15,2014-01-02
Factset_TG_Price,PUB,ok,0,4,31,2014-01-02,2014-01-08,2014-01-02
Factset_TG_Price,7974,ok,0,6,29,2014-01-02,2014-01-10,2014-01-02
Factset_TG_Price,DTE,ok,0,1,24,2014-01-02,2014-01-03,2014-01-02
Factset_TG_Price,UMG,ok,0,1,36,2021-09-21,2021-09-22,2021-09-21
Factset_TG_Price,LOW,ok,0,4,46,2014-01-02,2014-01-08,2014-01-02
Factset_TG_Price,TJX,ok,0,5,55,2014-01-02,2014-01-09,2014-01-02
Factset_TG_Price,SBUX,ok,0,2,38,2014-01-02,2014-01-06,2014-01-02
Factset_TG_Price,ABNB,ok,0,1,30,2020-12-10,2020-12-11,2020-12-10
Factset_TG_Price,7203,ok,0,3,34,2014-01-02,2014-01-07,2014-01-02
Factset_TG_Price,ITX,ok,0,4,36,2014-01-02,2014-01-08,2014-01-02
Factset_TG_Price,ABT,ok,0,2,44,2014-01-02,2014-01-06,2014-01-02
Factset_TG_Price,DHR,ok,0,2,55,2014-01-02,2014-01-06,2014-01-02
Factset_TG_Price,VRTX,ok,0,1,38,2014-01-02,2014-01-03,2014-01-02
Factset_TG_Price,SAN,ok,0,1,31,2014-01-02,2014-01-03,2014-01-02
Factset_TG_Price,GE,ok,0,1,24,2024-04-02,2024-04-03,2024-04-02
Factset_TG_Price,TT,ok,0,1,38,2020-03-02,2020-03-03,2020-03-02
Factset_TG_Price,ABBN,ok,0,1,2,2014-01-02,2014-01-03,2014-01-02
Factset_TG_Price,KO,ok,0,1,41,2014-01-02,2014-01-03,2014-01-02
Factset_TG_Price,ULVR,ok,0,1,1,2014-01-02,2014-01-03,2014-01-02
Factset_TG_Price,ECL,ok,0,1,38,2014-01-02,2014-01-03,2014-01-02
Factset_TG_Price,AI,ok,0,2,29,2014-01-02,2014-01-06,2014-01-02
Factset_TG_Price,IBE,ok,0,2,20,2014-01-02,2014-01-06,2014-01-02
Factset_TG_Price,INTU,ok,0,3,59,2014-01-02,2014-01-07,2014-01-02
Factset_TG_Price,SNPS,ok,0,18,70,2014-01-02,2014-01-29,2014-01-02
Factset_TG_Price,APH,ok,0,4,63,2014-01-02,2014-01-08,2014-01-02
Factset_TG_Price,MSI,ok,0,5,53,2014-01-02,2014-01-09,2014-01-02
Factset_TG_Price,CRWD,ok,15,1,37,2019-07-03,2019-07-05,2019-06-12
Factset_TG_Price,NXPI,ok,0,7,43,2014-01-02,2014-01-13,2014-01-02
Factset_TG_Price,KEYS,ok,8,12,70,2014-10-31,2014-11-18,2014-10-21
Factset_TG_Price,ADSK,ok,0,1,58,2014-01-02,2014-01-03,2014-01-02
Factset_TG_Price,WDAY,ok,0,2,46,2014-01-02,2014-01-06,2014-01-02
Factset_TG_Price,WDC,ok,0,5,31,2025-02-24,2025-03-03,2025-02-24
Factset_TG_Price,DDOG,ok,15,1,32,2019-10-10,2019-10-11,2019-09-19
Factset_TG_Price,FTNT,ok,0,7,59,2014-01-02,2014-01-13,2014-01-02
Factset_TG_Price,DSY,ok,0,4,55,2014-01-02,2014-01-08,2014-01-02
Factset_TG_Price,6146,ok,0,2,42,2014-01-02,2014-01-06,2014-01-02
Factset_TG_Price,6981,ok,0,3,32,2014-01-02,2014-01-07,2014-01-02
Factset_TG_Price,BRK/B,ok,0,28,64,2014-01-02,2014-02-12,2014-01-02
Factset_TG_Price,CB,ok,0,3,43,2014-01-02,2014-01-07,2014-01-02
Factset_TG_Price,ICE,ok,0,3,29,2014-01-02,2014-01-07,2014-01-02
Factset_TG_Price,MCO,ok,0,3,51,2014-01-02,2014-01-07,2014-01-02
Factset_TG_Price,PYPL,ok,0,3,25,2015-07-07,2015-07-10,2015-07-07
Factset_TG_Price,COF,ok,0,2,36,2025-05-19,2025-05-21,2025-05-19
Factset_TG_Price,BNP,ok,0,2,23,2014-01-02,2014-01-06,2014-01-02
Factset_TG_Price,MUV2,ok,0,1,30,2014-01-02,2014-01-03,2014-01-02
Factset_TG_Price,RTX,ok,0,2,36,2014-01-02,2014-01-06,2014-01-02
Factset_TG_Price,EMR,ok,0,2,28,2014-01-02,2014-01-06,2014-01-02
Factset_TG_Price,AXON,ok,0,37,127,2014-01-02,2014-02-26,2014-01-02
Factset_TG_Price,UBER,ok,0,6,21,2019-05-10,2019-05-20,2019-05-10
Factset_TG_Price,AIR,ok,0,2,27,2014-01-02,2014-01-06,2014-01-02
Factset_TG_Price,SAF,ok,0,4,23,2014-01-02,2014-01-08,2014-01-02
Factset_TG_Price,MRK,ok,0,3,30,2014-01-02,2014-01-07,2014-01-02
Factset_TG_Price,AMGN,ok,0,1,34,2014-01-02,2014-01-03,2014-01-02
Factset_TG_Price,SYK,ok,0,1,42,2014-01-02,2014-01-03,2014-01-02
Factset_TG_Price,MCK,ok,0,1,45,2014-01-02,2014-01-03,2014-01-02
Factset_TG_Price,NOVN,ok,0,1,2,2014-01-02,2014-01-03,2014-01-02
Factset_TG_Price,NKE,ok,0,4,35,2014-01-02,2014-01-08,2014-01-02
Factset_TG_Price,ORLY,ok,0,1,51,2014-01-02,2014-01-03,2014-01-02
Factset_TG_Price,DASH,ok,0,2,24,2020-12-09,2020-12-11,2020-12-09
Factset_TG_Price,CFR,ok,0,1,1,2014-01-02,2014-01-03,2014-01-02
Factset_TG_Price,TTD,ok,0,9,66,2016-09-21,2016-10-04,2016-09-21
Factset_TG_Price,RBLX,ok,0,2,26,2021-03-10,2021-03-12,2021-03-10
Factset_TG_Price,9432,ok,0,5,36,2014-01-02,2014-01-09,2014-01-02
Factset_TG_Price,9433,ok,0,9,36,2014-01-02,2014-01-15,2014-01-02
Factset_TG_Price,PEP,ok,0,15,46,2014-01-02,2014-01-24,2014-01-02
Factset_TG_Price,MDLZ,ok,0,3,57,2014-01-02,2014-01-07,2014-01-02
Factset_TG_Price,OR,ok,0,2,26,2014-01-02,2014-01-06,2014-01-02
Factset_TG_Price,CVX,ok,0,1,25,2014-01-02,2014-01-03,2014-01-02
Factset_TG_Price,TTE,ok,0,1,2,2014-01-02,2014-01-03,2014-01-02
Factset_TG_Price,NEM,ok,0,3,30,2014-01-02,2014-01-07,2014-01-02
Factset_TG_Price,SHW,ok,0,2,47,2014-01-02,2014-01-06,2014-01-02
Factset_TG_Price,SO,ok,0,1,24,2014-01-02,2014-01-03,2014-01-02
Factset_TG_Price,APP,ok,16,1,31,2021-05-07,2021-05-10,2021-04-15
Factset_TG_Price,SNOW,ok,2,7,30,2020-09-18,2020-09-29,2020-09-16
Factset_TG_Price,NET,ok,14,1,46,2019-10-03,2019-10-04,2019-09-13
Factset_TG_Price,ZS,ok,14,1,40,2018-04-06,2018-04-09,2018-03-16
Factset_TG_Price,TEAM,ok,13,1,51,2015-12-30,2015-12-31,2015-12-10
Factset_TG_Price,COHR,ok,0,14,68,2014-01-02,2014-01-23,2014-01-02
Factset_TG_Price,ON,ok,0,4,58,2014-01-02,2014-01-08,2014-01-02
Factset_TG_Price,FICO,ok,0,10,137,2014-01-02,2014-01-16,2014-01-02
Factset_TG_Price,HPE,ok,3,2,52,2015-10-23,2015-10-27,2015-10-20
Factset_TG_Price,VRSN,ok,0,4,114,2014-01-02,2014-01-08,2014-01-02
Factset_TG_Price,ASM,ok,0,1,45,2014-01-02,2014-01-03,2014-01-02
Factset_TG_Price,MRSH,ok,0,2,53,2014-01-02,2014-01-06,2014-01-02
Factset_TG_Price,APO,ok,0,5,40,2014-01-02,2014-01-09,2014-01-02
Factset_TG_Price,MSCI,ok,0,2,55,2014-01-02,2014-01-06,2014-01-02
Factset_TG_Price,BNY,ok,0,2,37,2014-01-02,2014-01-06,2014-01-02
Factset_TG_Price,IBKR,ok,0,3,59,2014-01-02,2014-01-07,2014-01-02
Factset_TG_Price,UBSG,ok,0,1,3,2014-01-02,2014-01-03,2014-01-02
Factset_TG_Price,UCG,ok,0,2,23,2014-01-02,2014-01-06,2014-01-02
Factset_TG_Price,8316,ok,0,2,32,2014-01-02,2014-01-06,2014-01-02
Factset_TG_Price,ADP,ok,0,2,51,2014-01-02,2014-01-06,2014-01-02
Factset_TG_Price,HWM,ok,0,1,35,2020-04-01,2020-04-02,2020-04-01
Factset_TG_Price,WM,ok,0,2,62,2014-01-02,2014-01-06,2014-01-02
Factset_TG_Price,PH,ok,0,1,39,2014-01-02,2014-01-03,2014-01-02
Factset_TG_Price,REL,ok,0,4,31,2014-01-02,2014-01-08,2014-01-02
Factset_TG_Price,7011,ok,0,14,41,2014-01-02,2014-01-23,2014-01-02
Factset_TG_Price,ROP,ok,0,2,33,2014-01-02,2014-01-06,2014-01-02
Factset_TG_Price,GILD,ok,0,1,34,2014-01-02,2014-01-03,2014-01-02
Factset_TG_Price,PFE,ok,0,1,33,2014-01-02,2014-01-03,2014-01-02
Factset_TG_Price,MDT,ok,0,1,47,2014-01-02,2014-01-03,2014-01-02
Factset_TG_Price,HCA,ok,0,1,41,2014-01-02,2014-01-03,2014-01-02
Factset_TG_Price,ZTS,ok,0,4,50,2014-01-02,2014-01-08,2014-01-02
Factset_TG_Price,RMS,ok,0,2,27,2014-01-02,2014-01-06,2014-01-02
Factset_TG_Price,6758,ok,0,5,26,2014-01-02,2014-01-09,2014-01-02
Factset_TG_Price,CMG,ok,0,1,32,2014-01-02,2014-01-03,2014-01-02
Factset_TG_Price,MAR,ok,0,1,23,2014-01-02,2014-01-03,2014-01-02
Factset_TG_Price,GM,ok,0,2,34,2014-01-02,2014-01-06,2014-01-02
Factset_TG_Price,GRMN,ok,0,6,62,2014-01-02,2014-01-10,2014-01-02
Factset_TG_Price,RDDT,ok,2,5,36,2024-03-25,2024-04-02,2024-03-21
Factset_TG_Price,LYV,ok,0,10,50,2014-01-02,2014-01-16,2014-01-02
Factset_TG_Price,TKO,ok,0,2,38,2023-09-12,2023-09-14,2023-09-12
Factset_TG_Price,MO,ok,0,5,48,2014-01-02,2014-01-09,2014-01-02
Factset_TG_Price,CL,ok,0,1,37,2014-01-02,2014-01-03,2014-01-02
Factset_TG_Price,MNST,ok,0,2,40,2014-01-02,2014-01-06,2014-01-02
Factset_TG_Price,COP,ok,0,1,27,2014-01-02,2014-01-03,2014-01-02
Factset_TG_Price,SLB,ok,0,1,28,2014-01-02,2014-01-03,2014-01-02
Factset_TG_Price,APD,ok,0,1,42,2014-01-02,2014-01-03,2014-01-02
Factset_TG_Price,4063,ok,0,17,33,2014-01-02,2014-01-28,2014-01-02
Factset_TG_Price,NRG,ok,0,1,49,2014-01-02,2014-01-03,2014-01-02
Factset_TG_Price,ENEL,ok,0,4,27,2014-01-02,2014-01-08,2014-01-02
Factset_TG_Price,WELL,ok,0,1,25,2014-01-02,2014-01-03,2014-01-02
Factset_Fwd_OpCashflow,AAPL,ok,0,1,2,2014-01-02,2014-01-03,2014-01-02
Factset_Fwd_OpCashflow,MSFT,ok,0,1,2,2014-01-02,2014-01-03,2014-01-02
Factset_Fwd_OpCashflow,GOOGL,ok,0,1,2,2014-01-02,2014-01-03,2014-01-02
Factset_Fwd_OpCashflow,AMZN,ok,0,1,2,2014-01-02,2014-01-03,2014-01-02
Factset_Fwd_OpCashflow,META,ok,0,1,2,2014-01-02,2014-01-03,2014-01-02
Factset_Fwd_OpCashflow,NVDA,ok,0,1,3,2014-01-02,2014-01-03,2014-01-02
Factset_Fwd_OpCashflow,TSLA,ok,0,1,2,2014-01-02,2014-01-03,2014-01-02
Factset_Fwd_OpCashflow,PLTR,ok,16,1,6,2020-10-22,2020-10-23,2020-09-30
Factset_Fwd_OpCashflow,AVGO,ok,0,1,2,2014-01-02,2014-01-03,2014-01-02
Factset_Fwd_OpCashflow,MU,ok,0,1,2,2014-01-02,2014-01-03,2014-01-02
Factset_Fwd_OpCashflow,GEV,ok,0,1,1,2024-04-02,2024-04-03,2024-04-02
Factset_Fwd_OpCashflow,VRT,ok,393,1,2,2020-02-25,2020-02-26,2018-08-01
Factset_Fwd_OpCashflow,BE,ok,16,1,2,2018-08-16,2018-08-17,2018-07-25
Factset_Fwd_OpCashflow,LITE,ok,4,1,28,2015-07-31,2015-08-03,2015-07-27
Factset_Fwd_OpCashflow,000660,ok,0,1,2,2014-01-02,2014-01-03,2014-01-02
Factset_Fwd_OpCashflow,005930,ok,0,1,2,2014-01-02,2014-01-03,2014-01-02
Factset_Fwd_OpCashflow,UNH,ok,0,1,2,2014-01-02,2014-01-03,2014-01-02
Factset_Fwd_OpCashflow,LLY,ok,0,1,2,2014-01-02,2014-01-03,2014-01-02
Factset_Fwd_OpCashflow,ISRG,ok,0,1,2,2014-01-02,2014-01-03,2014-01-02
Factset_Fwd_OpCashflow,ABBV,ok,0,1,2,2014-01-02,2014-01-03,2014-01-02
Factset_Fwd_OpCashflow,REGN,ok,0,1,1,2014-01-02,2014-01-03,2014-01-02
Factset_Fwd_OpCashflow,JPM,all_nan,0,0,0,,,2014-01-02
Factset_Fwd_OpCashflow,V,ok,0,1,2,2014-01-02,2014-01-03,2014-01-02
Factset_Fwd_OpCashflow,MA,ok,0,1,2,2014-01-02,2014-01-03,2014-01-02
Factset_Fwd_OpCashflow,BLK,ok,198,1,12,2014-10-15,2014-10-16,2014-01-02
Factset_Fwd_OpCashflow,SPGI,ok,0,1,1,2014-01-02,2014-01-03,2014-01-02
Factset_Fwd_OpCashflow,GS,all_nan,0,0,0,,,2014-01-02
Factset_Fwd_OpCashflow,COST,ok,0,1,2,2014-01-02,2014-01-03,2014-01-02
Factset_Fwd_OpCashflow,HD,ok,0,1,7,2014-01-02,2014-01-03,2014-01-02
Factset_Fwd_OpCashflow,PG,ok,0,1,2,2014-01-02,2014-01-03,2014-01-02
Factset_Fwd_OpCashflow,MCD,ok,0,1,2,2014-01-02,2014-01-03,2014-01-02
Factset_Fwd_OpCashflow,WMT,ok,0,1,3,2014-01-02,2014-01-03,2014-01-02
Factset_Fwd_OpCashflow,CAT,ok,0,1,2,2014-01-02,2014-01-03,2014-01-02
Factset_Fwd_OpCashflow,HON,ok,0,1,2,2014-01-02,2014-01-03,2014-01-02
Factset_Fwd_OpCashflow,DE,ok,0,1,2,2014-01-02,2014-01-03,2014-01-02
Factset_Fwd_OpCashflow,UNP,ok,0,1,2,2014-01-02,2014-01-03,2014-01-02
Factset_Fwd_OpCashflow,LMT,ok,0,1,2,2014-01-02,2014-01-03,2014-01-02
Factset_Fwd_OpCashflow,ETN,ok,0,1,2,2014-01-02,2014-01-03,2014-01-02
Factset_Fwd_OpCashflow,XOM,ok,0,1,1,2014-01-02,2014-01-03,2014-01-02
Factset_Fwd_OpCashflow,LNG,ok,0,1,2,2014-01-02,2014-01-03,2014-01-02
Factset_Fwd_OpCashflow,FCX,ok,0,1,2,2014-01-02,2014-01-03,2014-01-02
Factset_Fwd_OpCashflow,LIN,ok,0,1,2,2014-01-02,2014-01-03,2014-01-02
Factset_Fwd_OpCashflow,NEE,ok,0,1,2,2014-01-02,2014-01-03,2014-01-02
Factset_Fwd_OpCashflow,AMT,ok,0,1,3,2014-01-02,2014-01-03,2014-01-02
Factset_Fwd_OpCashflow,EQIX,ok,0,1,2,2014-01-02,2014-01-03,2014-01-02
Factset_Fwd_OpCashflow,TMUS,ok,0,1,1,2014-01-02,2014-01-03,2014-01-02
Factset_Fwd_OpCashflow,PLD,ok,0,1,21,2014-01-02,2014-01-03,2014-01-02
Factset_Fwd_OpCashflow,AMD,ok,0,1,2,2014-01-02,2014-01-03,2014-01-02
Factset_Fwd_OpCashflow,CRM,ok,0,1,1,2014-01-02,2014-01-03,2014-01-02
Factset_Fwd_OpCashflow,NFLX,ok,0,1,2,2014-01-02,2014-01-03,2014-01-02
Factset_Fwd_OpCashflow,TER,ok,0,1,14,2014-01-02,2014-01-03,2014-01-02
Factset_Fwd_OpCashflow,GLW,ok,0,1,2,2014-01-02,2014-01-03,2014-01-02
Factset_Fwd_OpCashflow,JNJ,ok,0,1,2,2014-01-02,2014-01-03,2014-01-02
Factset_Fwd_OpCashflow,WFC,all_nan,0,0,0,,,2014-01-02
Factset_Fwd_OpCashflow,MPC,ok,0,1,2,2014-01-02,2014-01-03,2014-01-02
Factset_Fwd_OpCashflow,LRCX,ok,0,1,5,2014-01-02,2014-01-03,2014-01-02
Factset_Fwd_OpCashflow,AMAT,ok,0,1,2,2014-01-02,2014-01-03,2014-01-02
Factset_Fwd_OpCashflow,PANW,ok,0,1,2,2014-01-02,2014-01-03,2014-01-02
Factset_Fwd_OpCashflow,FN,ok,0,1,18,2014-01-02,2014-01-03,2014-01-02
Factset_Fwd_OpCashflow,MPWR,ok,469,1,25,2015-11-11,2015-11-12,2014-01-02
Factset_Fwd_OpCashflow,BAC,all_nan,0,0,0,,,2014-01-02
Factset_Fwd_OpCashflow,CSCO,ok,0,1,2,2014-01-02,2014-01-03,2014-01-02
Factset_Fwd_OpCashflow,INTC,ok,0,1,2,2014-01-02,2014-01-03,2014-01-02
Factset_Fwd_OpCashflow,ORCL,ok,0,1,2,2014-01-02,2014-01-03,2014-01-02
Factset_Fwd_OpCashflow,TSM,ok,0,1,2,2014-01-02,2014-01-03,2014-01-02
Factset_Fwd_OpCashflow,SNDK,ok,1,1,1,2025-02-25,2025-02-26,2025-02-24
Factset_Fwd_OpCashflow,KLAC,ok,0,1,2,2014-01-02,2014-01-03,2014-01-02
Factset_Fwd_OpCashflow,ANET,ok,16,1,2,2014-06-30,2014-07-01,2014-06-06
Factset_Fwd_OpCashflow,MRVL,ok,0,1,9,2014-01-02,2014-01-03,2014-01-02
Factset_Fwd_OpCashflow,CDNS,ok,138,1,2,2014-07-22,2014-07-23,2014-01-02
Factset_Fwd_OpCashflow,STX,ok,0,1,2,2014-01-02,2014-01-03,2014-01-02
Factset_Fwd_OpCashflow,PWR,ok,0,1,2,2014-01-02,2014-01-03,2014-01-02
Factset_Fwd_OpCashflow,BX,ok,244,1,71,2014-12-19,2014-12-22,2014-01-02
Factset_Fwd_OpCashflow,TMO,ok,0,1,2,2014-01-02,2014-01-03,2014-01-02
Factset_Fwd_OpCashflow,BSX,ok,0,1,2,2014-01-02,2014-01-03,2014-01-02
Factset_Fwd_OpCashflow,BKNG,ok,0,1,2,2014-01-02,2014-01-03,2014-01-02
Factset_Fwd_OpCashflow,PM,ok,0,1,2,2014-01-02,2014-01-03,2014-01-02
Factset_Fwd_OpCashflow,WMB,ok,0,1,2,2014-01-02,2014-01-03,2014-01-02
Factset_Fwd_OpCashflow,CEG,ok,0,1,2,2022-02-02,2022-02-03,2022-02-02
Factset_Fwd_OpCashflow,VST,ok,0,1,8,2016-10-05,2016-10-06,2016-10-05
Factset_Fwd_OpCashflow,DLR,ok,0,1,2,2014-01-02,2014-01-03,2014-01-02
Factset_Fwd_OpCashflow,ARM,ok,0,1,2,2023-09-14,2023-09-15,2023-09-14
Factset_Fwd_OpCashflow,SPOT,ok,0,1,1,2018-04-03,2018-04-04,2018-04-03
Factset_Fwd_OpCashflow,RACE,ok,16,1,2,2015-11-12,2015-11-13,2015-10-21
Factset_Fwd_OpCashflow,285A,ok,40,1,1,2025-02-19,2025-02-20,2024-12-18
Factset_Fwd_OpCashflow,6857,ok,0,1,2,2014-01-02,2014-01-03,2014-01-02
Factset_Fwd_OpCashflow,SU,ok,0,1,1,2014-01-02,2014-01-03,2014-01-02
Factset_Fwd_OpCashflow,SIE,ok,0,1,1,2014-01-02,2014-01-03,2014-01-02
Factset_Fwd_OpCashflow,RHM,ok,0,1,2,2014-01-02,2014-01-03,2014-01-02
Factset_Fwd_OpCashflow,ALV,ok,145,1,2,2014-07-31,2014-08-01,2014-01-02
Factset_Fwd_OpCashflow,MC,ok,0,1,2,2014-01-02,2014-01-03,2014-01-02
Factset_Fwd_OpCashflow,NESN,ok,0,1,2,2014-01-02,2014-01-03,2014-01-02
Factset_Fwd_OpCashflow,RR/,ok,0,1,2,2014-01-02,2014-01-03,2014-01-02
Factset_Fwd_OpCashflow,SAP,ok,0,1,2,2014-01-02,2014-01-03,2014-01-02
Factset_Fwd_OpCashflow,ASML,ok,0,1,2,2014-01-02,2014-01-03,2014-01-02
Factset_Fwd_OpCashflow,AZN,ok,0,1,1,2014-01-02,2014-01-03,2014-01-02
Factset_Fwd_OpCashflow,SHEL,ok,0,1,1,2014-01-02,2014-01-03,2014-01-02
Factset_Fwd_OpCashflow,HSBA,all_nan,0,0,0,,,2014-01-02
Factset_Fwd_OpCashflow,NOVOB,ok,0,1,2,2014-01-02,2014-01-03,2014-01-02
Factset_Fwd_OpCashflow,RIO,ok,0,1,1,2014-01-02,2014-01-03,2014-01-02
Factset_Fwd_OpCashflow,QCOM,ok,0,1,2,2014-01-02,2014-01-03,2014-01-02
Factset_Fwd_OpCashflow,TXN,ok,0,1,2,2014-01-02,2014-01-03,2014-01-02
Factset_Fwd_OpCashflow,ADBE,ok,0,1,1,2014-01-02,2014-01-03,2014-01-02
Factset_Fwd_OpCashflow,NOW,ok,0,1,2,2014-01-02,2014-01-03,2014-01-02
Factset_Fwd_OpCashflow,ACN,ok,0,1,2,2014-01-02,2014-01-03,2014-01-02
Factset_Fwd_OpCashflow,IBM,ok,0,1,2,2014-01-02,2014-01-03,2014-01-02
Factset_Fwd_OpCashflow,ADI,ok,0,1,2,2014-01-02,2014-01-03,2014-01-02
Factset_Fwd_OpCashflow,DELL,ok,0,1,2,2018-12-28,2018-12-31,2018-12-28
Factset_Fwd_OpCashflow,8035,ok,0,1,2,2014-01-02,2014-01-03,2014-01-02
Factset_Fwd_OpCashflow,IFX,ok,0,1,2,2014-01-02,2014-01-03,2014-01-02
Factset_Fwd_OpCashflow,MS,all_nan,0,0,0,,,2014-01-02
Factset_Fwd_OpCashflow,SCHW,ok,255,41,90,2015-01-07,2015-03-09,2014-01-02
Factset_Fwd_OpCashflow,AXP,all_nan,0,0,0,,,2014-01-02
Factset_Fwd_OpCashflow,PGR,ok,0,1,2,2014-01-02,2014-01-03,2014-01-02
Factset_Fwd_OpCashflow,AON,ok,0,1,10,2014-01-02,2014-01-03,2014-01-02
Factset_Fwd_OpCashflow,CME,ok,0,1,52,2014-01-02,2014-01-03,2014-01-02
Factset_Fwd_OpCashflow,KKR,ok,268,15,65,2015-01-27,2015-02-18,2014-01-02
Factset_Fwd_OpCashflow,BN,ok,0,1,1,2022-12-12,2022-12-13,2022-12-12
Factset_Fwd_OpCashflow,C,all_nan,0,0,0,,,2014-01-02
Factset_Fwd_OpCashflow,LSEG,ok,0,1,1,2014-01-02,2014-01-03,2014-01-02
Factset_Fwd_OpCashflow,ZURN,ok,0,1,1,2014-01-02,2014-01-03,2014-01-02
Factset_Fwd_OpCashflow,CS,ok,24,1,1,2014-02-06,2014-02-07,2014-01-02
Factset_Fwd_OpCashflow,8306,all_nan,0,0,0,,,2014-01-02
Factset_Fwd_OpCashflow,DIS,ok,0,1,2,2014-01-02,2014-01-03,2014-01-02
Factset_Fwd_OpCashflow,CMCSA,ok,0,1,2,2014-01-02,2014-01-03,2014-01-02
Factset_Fwd_OpCashflow,VZ,ok,0,1,2,2014-01-02,2014-01-03,2014-01-02
Factset_Fwd_OpCashflow,T,ok,0,1,3,2014-01-02,2014-01-03,2014-01-02
Factset_Fwd_OpCashflow,TTWO,ok,0,1,1,2014-01-02,2014-01-03,2014-01-02
Factset_Fwd_OpCashflow,PUB,ok,0,1,2,2014-01-02,2014-01-03,2014-01-02
Factset_Fwd_OpCashflow,7974,ok,0,1,2,2014-01-02,2014-01-03,2014-01-02
Factset_Fwd_OpCashflow,DTE,ok,0,1,2,2014-01-02,2014-01-03,2014-01-02
Factset_Fwd_OpCashflow,UMG,ok,0,1,1,2021-09-21,2021-09-22,2021-09-21
Factset_Fwd_OpCashflow,LOW,ok,0,1,1,2014-01-02,2014-01-03,2014-01-02
Factset_Fwd_OpCashflow,TJX,ok,0,1,2,2014-01-02,2014-01-03,2014-01-02
Factset_Fwd_OpCashflow,SBUX,ok,0,1,2,2014-01-02,2014-01-03,2014-01-02
Factset_Fwd_OpCashflow,ABNB,ok,13,1,2,2020-12-30,2020-12-31,2020-12-10
Factset_Fwd_OpCashflow,7203,ok,0,1,2,2014-01-02,2014-01-03,2014-01-02
Factset_Fwd_OpCashflow,ITX,ok,0,1,1,2014-01-02,2014-01-03,2014-01-02
Factset_Fwd_OpCashflow,ABT,ok,0,1,25,2014-01-02,2014-01-03,2014-01-02
Factset_Fwd_OpCashflow,DHR,ok,0,1,2,2014-01-02,2014-01-03,2014-01-02
Factset_Fwd_OpCashflow,VRTX,ok,0,1,2,2014-01-02,2014-01-03,2014-01-02
Factset_Fwd_OpCashflow,SAN,ok,0,1,2,2014-01-02,2014-01-03,2014-01-02
Factset_Fwd_OpCashflow,GE,ok,0,1,1,2024-04-02,2024-04-03,2024-04-02
Factset_Fwd_OpCashflow,TT,ok,0,1,2,2020-03-02,2020-03-03,2020-03-02
Factset_Fwd_OpCashflow,ABBN,ok,0,1,1,2014-01-02,2014-01-03,2014-01-02
Factset_Fwd_OpCashflow,KO,ok,0,1,2,2014-01-02,2014-01-03,2014-01-02
Factset_Fwd_OpCashflow,ULVR,ok,0,1,1,2014-01-02,2014-01-03,2014-01-02
Factset_Fwd_OpCashflow,ECL,ok,0,1,2,2014-01-02,2014-01-03,2014-01-02
Factset_Fwd_OpCashflow,AI,ok,0,1,1,2014-01-02,2014-01-03,2014-01-02
Factset_Fwd_OpCashflow,IBE,ok,0,1,1,2014-01-02,2014-01-03,2014-01-02
Factset_Fwd_OpCashflow,INTU,ok,0,1,2,2014-01-02,2014-01-03,2014-01-02
Factset_Fwd_OpCashflow,SNPS,ok,233,1,2,2014-12-04,2014-12-05,2014-01-02
Factset_Fwd_OpCashflow,APH,ok,0,1,15,2014-01-02,2014-01-03,2014-01-02
Factset_Fwd_OpCashflow,MSI,ok,0,1,2,2014-01-02,2014-01-03,2014-01-02
Factset_Fwd_OpCashflow,CRWD,ok,15,1,2,2019-07-03,2019-07-05,2019-06-12
Factset_Fwd_OpCashflow,NXPI,ok,0,1,2,2014-01-02,2014-01-03,2014-01-02
Factset_Fwd_OpCashflow,KEYS,ok,8,1,19,2014-10-31,2014-11-03,2014-10-21
Factset_Fwd_OpCashflow,ADSK,ok,0,1,2,2014-01-02,2014-01-03,2014-01-02
Factset_Fwd_OpCashflow,WDAY,ok,0,1,2,2014-01-02,2014-01-03,2014-01-02
Factset_Fwd_OpCashflow,WDC,ok,0,1,1,2025-02-24,2025-02-25,2025-02-24
Factset_Fwd_OpCashflow,DDOG,ok,15,1,2,2019-10-10,2019-10-11,2019-09-19
Factset_Fwd_OpCashflow,FTNT,ok,0,1,2,2014-01-02,2014-01-03,2014-01-02
Factset_Fwd_OpCashflow,DSY,ok,0,1,2,2014-01-02,2014-01-03,2014-01-02
Factset_Fwd_OpCashflow,6146,ok,0,1,2,2014-01-02,2014-01-03,2014-01-02
Factset_Fwd_OpCashflow,6981,ok,0,1,2,2014-01-02,2014-01-03,2014-01-02
Factset_Fwd_OpCashflow,BRK/B,ok,0,1,1,2014-01-02,2014-01-03,2014-01-02
Factset_Fwd_OpCashflow,CB,ok,0,1,2,2014-01-02,2014-01-03,2014-01-02
Factset_Fwd_OpCashflow,ICE,ok,0,1,41,2014-01-02,2014-01-03,2014-01-02
Factset_Fwd_OpCashflow,MCO,ok,0,1,2,2014-01-02,2014-01-03,2014-01-02
Factset_Fwd_OpCashflow,PYPL,ok,0,1,2,2015-07-07,2015-07-08,2015-07-07
Factset_Fwd_OpCashflow,COF,all_nan,0,0,0,,,2025-05-19
Factset_Fwd_OpCashflow,BNP,all_nan,0,0,0,,,2014-01-02
Factset_Fwd_OpCashflow,MUV2,ok,1842,1,1,2021-04-28,2021-04-29,2014-01-02
Factset_Fwd_OpCashflow,RTX,ok,0,1,2,2014-01-02,2014-01-03,2014-01-02
Factset_Fwd_OpCashflow,EMR,ok,0,1,2,2014-01-02,2014-01-03,2014-01-02
Factset_Fwd_OpCashflow,AXON,ok,90,1,2,2014-05-13,2014-05-14,2014-01-02
Factset_Fwd_OpCashflow,UBER,ok,0,1,2,2019-05-10,2019-05-13,2019-05-10
Factset_Fwd_OpCashflow,AIR,ok,0,1,2,2014-01-02,2014-01-03,2014-01-02
Factset_Fwd_OpCashflow,SAF,ok,0,1,2,2014-01-02,2014-01-03,2014-01-02
Factset_Fwd_OpCashflow,MRK,ok,0,1,2,2014-01-02,2014-01-03,2014-01-02
Factset_Fwd_OpCashflow,AMGN,ok,0,1,2,2014-01-02,2014-01-03,2014-01-02
Factset_Fwd_OpCashflow,SYK,ok,0,1,4,2014-01-02,2014-01-03,2014-01-02
Factset_Fwd_OpCashflow,MCK,ok,0,1,2,2014-01-02,2014-01-03,2014-01-02
Factset_Fwd_OpCashflow,NOVN,ok,0,1,1,2014-01-02,2014-01-03,2014-01-02
Factset_Fwd_OpCashflow,NKE,ok,0,1,2,2014-01-02,2014-01-03,2014-01-02
Factset_Fwd_OpCashflow,ORLY,ok,0,1,2,2014-01-02,2014-01-03,2014-01-02
Factset_Fwd_OpCashflow,DASH,ok,0,14,2,2020-12-09,2020-12-30,2020-12-09
Factset_Fwd_OpCashflow,CFR,ok,0,1,2,2014-01-02,2014-01-03,2014-01-02
Factset_Fwd_OpCashflow,TTD,ok,9,1,2,2016-10-04,2016-10-05,2016-09-21
Factset_Fwd_OpCashflow,RBLX,ok,2,1,1,2021-03-12,2021-03-15,2021-03-10
Factset_Fwd_OpCashflow,9432,ok,0,1,6,2014-01-02,2014-01-03,2014-01-02
Factset_Fwd_OpCashflow,9433,ok,0,1,2,2014-01-02,2014-01-03,2014-01-02
Factset_Fwd_OpCashflow,PEP,ok,0,1,2,2014-01-02,2014-01-03,2014-01-02
Factset_Fwd_OpCashflow,MDLZ,ok,0,1,2,2014-01-02,2014-01-03,2014-01-02
Factset_Fwd_OpCashflow,OR,ok,0,1,2,2014-01-02,2014-01-03,2014-01-02
Factset_Fwd_OpCashflow,CVX,ok,0,1,1,2014-01-02,2014-01-03,2014-01-02
Factset_Fwd_OpCashflow,TTE,ok,0,1,2,2014-01-02,2014-01-03,2014-01-02
Factset_Fwd_OpCashflow,NEM,ok,0,1,2,2014-01-02,2014-01-03,2014-01-02
Factset_Fwd_OpCashflow,SHW,ok,0,1,2,2014-01-02,2014-01-03,2014-01-02
Factset_Fwd_OpCashflow,SO,ok,0,1,2,2014-01-02,2014-01-03,2014-01-02
Factset_Fwd_OpCashflow,APP,ok,15,1,1,2021-05-06,2021-05-07,2021-04-15
Factset_Fwd_OpCashflow,SNOW,ok,9,1,1,2020-09-29,2020-09-30,2020-09-16
Factset_Fwd_OpCashflow,NET,ok,14,1,2,2019-10-03,2019-10-04,2019-09-13
Factset_Fwd_OpCashflow,ZS,ok,15,1,2,2018-04-09,2018-04-10,2018-03-16
Factset_Fwd_OpCashflow,TEAM,ok,13,1,2,2015-12-30,2015-12-31,2015-12-10
Factset_Fwd_OpCashflow,COHR,ok,0,1,71,2014-01-02,2014-01-03,2014-01-02
Factset_Fwd_OpCashflow,ON,ok,0,1,2,2014-01-02,2014-01-03,2014-01-02
Factset_Fwd_OpCashflow,FICO,ok,0,1,2,2014-01-02,2014-01-03,2014-01-02
Factset_Fwd_OpCashflow,HPE,ok,5,1,2,2015-10-27,2015-10-28,2015-10-20
Factset_Fwd_OpCashflow,VRSN,ok,0,1,67,2014-01-02,2014-01-03,2014-01-02
Factset_Fwd_OpCashflow,ASM,ok,0,1,2,2014-01-02,2014-01-03,2014-01-02
Factset_Fwd_OpCashflow,MRSH,ok,0,1,2,2014-01-02,2014-01-03,2014-01-02
Factset_Fwd_OpCashflow,APO,ok,150,1,70,2014-08-07,2014-08-08,2014-01-02
Factset_Fwd_OpCashflow,MSCI,ok,1,1,32,2014-01-03,2014-01-06,2014-01-02
Factset_Fwd_OpCashflow,BNY,all_nan,0,0,0,,,2014-01-02
Factset_Fwd_OpCashflow,IBKR,ok,1804,1,1,2021-03-04,2021-03-05,2014-01-02
Factset_Fwd_OpCashflow,UBSG,all_nan,0,0,0,,,2014-01-02
Factset_Fwd_OpCashflow,UCG,all_nan,0,0,0,,,2014-01-02
Factset_Fwd_OpCashflow,8316,all_nan,0,0,0,,,2014-01-02
Factset_Fwd_OpCashflow,ADP,ok,0,1,2,2014-01-02,2014-01-03,2014-01-02
Factset_Fwd_OpCashflow,HWM,ok,0,1,2,2020-04-01,2020-04-02,2020-04-01
Factset_Fwd_OpCashflow,WM,ok,0,1,2,2014-01-02,2014-01-03,2014-01-02
Factset_Fwd_OpCashflow,PH,ok,0,1,2,2014-01-02,2014-01-03,2014-01-02
Factset_Fwd_OpCashflow,REL,ok,0,1,1,2014-01-02,2014-01-03,2014-01-02
Factset_Fwd_OpCashflow,7011,ok,0,1,2,2014-01-02,2014-01-03,2014-01-02
Factset_Fwd_OpCashflow,ROP,ok,0,1,2,2014-01-02,2014-01-03,2014-01-02
Factset_Fwd_OpCashflow,GILD,ok,0,1,2,2014-01-02,2014-01-03,2014-01-02
Factset_Fwd_OpCashflow,PFE,ok,0,1,2,2014-01-02,2014-01-03,2014-01-02
Factset_Fwd_OpCashflow,MDT,ok,0,1,1,2014-01-02,2014-01-03,2014-01-02
Factset_Fwd_OpCashflow,HCA,ok,0,1,2,2014-01-02,2014-01-03,2014-01-02
Factset_Fwd_OpCashflow,ZTS,ok,0,1,2,2014-01-02,2014-01-03,2014-01-02
Factset_Fwd_OpCashflow,RMS,ok,0,1,1,2014-01-02,2014-01-03,2014-01-02
Factset_Fwd_OpCashflow,6758,ok,0,1,2,2014-01-02,2014-01-03,2014-01-02
Factset_Fwd_OpCashflow,CMG,ok,0,1,2,2014-01-02,2014-01-03,2014-01-02
Factset_Fwd_OpCashflow,MAR,ok,0,1,2,2014-01-02,2014-01-03,2014-01-02
Factset_Fwd_OpCashflow,GM,ok,0,1,2,2014-01-02,2014-01-03,2014-01-02
Factset_Fwd_OpCashflow,GRMN,ok,0,1,2,2014-01-02,2014-01-03,2014-01-02
Factset_Fwd_OpCashflow,RDDT,ok,0,1,1,2024-03-21,2024-03-22,2024-03-21
Factset_Fwd_OpCashflow,LYV,ok,10,1,45,2014-01-16,2014-01-17,2014-01-02
Factset_Fwd_OpCashflow,TKO,ok,0,1,2,2023-09-12,2023-09-13,2023-09-12
Factset_Fwd_OpCashflow,MO,ok,0,1,23,2014-01-02,2014-01-03,2014-01-02
Factset_Fwd_OpCashflow,CL,ok,0,1,2,2014-01-02,2014-01-03,2014-01-02
Factset_Fwd_OpCashflow,MNST,ok,0,1,1,2014-01-02,2014-01-03,2014-01-02
Factset_Fwd_OpCashflow,COP,ok,0,1,1,2014-01-02,2014-01-03,2014-01-02
Factset_Fwd_OpCashflow,SLB,ok,0,1,2,2014-01-02,2014-01-03,2014-01-02
Factset_Fwd_OpCashflow,APD,ok,0,1,2,2014-01-02,2014-01-03,2014-01-02
Factset_Fwd_OpCashflow,4063,ok,0,1,2,2014-01-02,2014-01-03,2014-01-02
Factset_Fwd_OpCashflow,NRG,ok,0,1,2,2014-01-02,2014-01-03,2014-01-02
Factset_Fwd_OpCashflow,ENEL,ok,0,1,2,2014-01-02,2014-01-03,2014-01-02
Factset_Fwd_OpCashflow,WELL,ok,0,34,66,2014-01-02,2014-02-21,2014-01-02
Factset_EPS_Surprise,AAPL,ok,0,17,69,2014-01-02,2014-01-28,2014-01-02
Factset_EPS_Surprise,MSFT,ok,0,15,69,2014-01-02,2014-01-24,2014-01-02
Factset_EPS_Surprise,GOOGL,ok,0,20,71,2014-01-02,2014-01-31,2014-01-02
Factset_EPS_Surprise,AMZN,ok,0,20,67,2014-01-02,2014-01-31,2014-01-02
Factset_EPS_Surprise,META,ok,0,19,69,2014-01-02,2014-01-30,2014-01-02
Factset_EPS_Surprise,NVDA,ok,0,29,69,2014-01-02,2014-02-13,2014-01-02
Factset_EPS_Surprise,TSLA,ok,0,33,68,2014-01-02,2014-02-20,2014-01-02
Factset_EPS_Surprise,PLTR,ok,32,62,69,2020-11-13,2021-02-16,2020-09-30
Factset_EPS_Surprise,AVGO,ok,0,37,72,2014-01-02,2014-02-26,2014-01-02
Factset_EPS_Surprise,MU,ok,0,4,70,2014-01-02,2014-01-08,2014-01-02
Factset_EPS_Surprise,GEV,ok,17,61,66,2024-04-25,2024-07-24,2024-04-02
Factset_EPS_Surprise,VRT,ok,402,41,81,2020-03-09,2020-05-06,2018-08-01
Factset_EPS_Surprise,BE,ok,73,61,74,2018-11-06,2019-02-06,2018-07-25
Factset_EPS_Surprise,LITE,ok,12,64,71,2015-08-12,2015-11-11,2015-07-27
Factset_EPS_Surprise,000660,ok,269,59,84,2015-01-28,2015-04-23,2014-01-02
Factset_EPS_Surprise,005930,ok,145,64,70,2014-07-31,2014-10-30,2014-01-02
Factset_EPS_Surprise,UNH,ok,0,10,69,2014-01-02,2014-01-16,2014-01-02
Factset_EPS_Surprise,LLY,ok,0,19,74,2014-01-02,2014-01-30,2014-01-02
Factset_EPS_Surprise,ISRG,ok,0,15,66,2014-01-02,2014-01-24,2014-01-02
Factset_EPS_Surprise,ABBV,ok,0,20,70,2014-01-02,2014-01-31,2014-01-02
Factset_EPS_Surprise,REGN,ok,0,27,68,2014-01-02,2014-02-11,2014-01-02
Factset_EPS_Surprise,JPM,ok,0,8,65,2014-01-02,2014-01-14,2014-01-02
Factset_EPS_Surprise,V,ok,0,19,70,2014-01-02,2014-01-30,2014-01-02
Factset_EPS_Surprise,MA,ok,0,20,67,2014-01-02,2014-01-31,2014-01-02
Factset_EPS_Surprise,BLK,ok,0,10,67,2014-01-02,2014-01-16,2014-01-02
Factset_EPS_Surprise,SPGI,ok,0,22,73,2014-01-02,2014-02-04,2014-01-02
Factset_EPS_Surprise,GS,ok,0,10,67,2014-01-02,2014-01-16,2014-01-02
Factset_EPS_Surprise,COST,ok,0,43,92,2014-01-02,2014-03-06,2014-01-02
Factset_EPS_Surprise,HD,ok,0,36,69,2014-01-02,2014-02-25,2014-01-02
Factset_EPS_Surprise,PG,ok,0,15,72,2014-01-02,2014-01-24,2014-01-02
Factset_EPS_Surprise,MCD,ok,0,14,73,2014-01-02,2014-01-23,2014-01-02
Factset_EPS_Surprise,WMT,ok,0,33,67,2014-01-02,2014-02-20,2014-01-02
Factset_EPS_Surprise,CAT,ok,0,16,70,2014-01-02,2014-01-27,2014-01-02
Factset_EPS_Surprise,HON,ok,0,15,72,2014-01-02,2014-01-24,2014-01-02
Factset_EPS_Surprise,DE,ok,0,28,74,2014-01-02,2014-02-12,2014-01-02
Factset_EPS_Surprise,UNP,ok,0,14,69,2014-01-02,2014-01-23,2014-01-02
Factset_EPS_Surprise,LMT,ok,0,14,69,2014-01-02,2014-01-23,2014-01-02
Factset_EPS_Surprise,ETN,ok,0,22,68,2014-01-02,2014-02-04,2014-01-02
Factset_EPS_Surprise,XOM,ok,0,19,69,2014-01-02,2014-01-30,2014-01-02
Factset_EPS_Surprise,LNG,ok,0,34,80,2014-01-02,2014-02-21,2014-01-02
Factset_EPS_Surprise,FCX,ok,0,13,68,2014-01-02,2014-01-22,2014-01-02
Factset_EPS_Surprise,LIN,ok,0,18,75,2014-01-02,2014-01-29,2014-01-02
Factset_EPS_Surprise,NEE,ok,0,17,69,2014-01-02,2014-01-28,2014-01-02
Factset_EPS_Surprise,AMT,ok,0,36,83,2014-01-02,2014-02-25,2014-01-02
Factset_EPS_Surprise,EQIX,ok,0,33,76,2014-01-02,2014-02-20,2014-01-02
Factset_EPS_Surprise,TMUS,ok,0,36,77,2014-01-02,2014-02-25,2014-01-02
Factset_EPS_Surprise,PLD,ok,0,19,67,2014-01-02,2014-01-30,2014-01-02
Factset_EPS_Surprise,AMD,ok,0,13,69,2014-01-02,2014-01-22,2014-01-02
Factset_EPS_Surprise,CRM,ok,0,39,73,2014-01-02,2014-02-28,2014-01-02
Factset_EPS_Surprise,NFLX,ok,0,14,67,2014-01-02,2014-01-23,2014-01-02
Factset_EPS_Surprise,TER,ok,0,14,67,2014-01-02,2014-01-23,2014-01-02
Factset_EPS_Surprise,GLW,ok,0,17,66,2014-01-02,2014-01-28,2014-01-02
Factset_EPS_Surprise,JNJ,ok,0,12,71,2014-01-02,2014-01-21,2014-01-02
Factset_EPS_Surprise,WFC,ok,0,8,66,2014-01-02,2014-01-14,2014-01-02
Factset_EPS_Surprise,MPC,ok,0,18,69,2014-01-02,2014-01-29,2014-01-02
Factset_EPS_Surprise,LRCX,ok,0,19,70,2014-01-02,2014-01-30,2014-01-02
Factset_EPS_Surprise,AMAT,ok,0,29,65,2014-01-02,2014-02-13,2014-01-02
Factset_EPS_Surprise,PANW,ok,0,35,73,2014-01-02,2014-02-24,2014-01-02
Factset_EPS_Surprise,FN,ok,0,22,115,2014-01-02,2014-02-04,2014-01-02
Factset_EPS_Surprise,MPWR,ok,0,25,73,2014-01-02,2014-02-07,2014-01-02
Factset_EPS_Surprise,BAC,ok,0,9,66,2014-01-02,2014-01-15,2014-01-02
Factset_EPS_Surprise,CSCO,ok,0,29,69,2014-01-02,2014-02-13,2014-01-02
Factset_EPS_Surprise,INTC,ok,0,11,68,2014-01-02,2014-01-17,2014-01-02
Factset_EPS_Surprise,ORCL,ok,0,52,68,2014-01-02,2014-03-19,2014-01-02
Factset_EPS_Surprise,TSM,ok,323,63,69,2015-04-16,2015-07-16,2014-01-02
Factset_EPS_Surprise,SNDK,ok,52,68,66,2025-05-08,2025-08-15,2025-02-24
Factset_EPS_Surprise,KLAC,ok,0,15,69,2014-01-02,2014-01-24,2014-01-02
Factset_EPS_Surprise,ANET,ok,44,64,73,2014-08-08,2014-11-07,2014-06-06
Factset_EPS_Surprise,MRVL,ok,0,34,155,2014-01-02,2014-02-21,2014-01-02
Factset_EPS_Surprise,CDNS,ok,0,19,85,2014-01-02,2014-01-30,2014-01-02
Factset_EPS_Surprise,STX,ok,0,17,73,2014-01-02,2014-01-28,2014-01-02
Factset_EPS_Surprise,PWR,ok,0,33,80,2014-01-02,2014-02-20,2014-01-02
Factset_EPS_Surprise,BX,ok,0,19,71,2014-01-02,2014-01-30,2014-01-02
Factset_EPS_Surprise,TMO,ok,0,19,69,2014-01-02,2014-01-30,2014-01-02
Factset_EPS_Surprise,BSX,ok,0,22,71,2014-01-02,2014-02-04,2014-01-02
Factset_EPS_Surprise,BKNG,ok,0,34,76,2014-01-02,2014-02-21,2014-01-02
Factset_EPS_Surprise,PM,ok,0,24,79,2014-01-02,2014-02-06,2014-01-02
Factset_EPS_Surprise,WMB,ok,0,33,76,2014-01-02,2014-02-20,2014-01-02
Factset_EPS_Surprise,CEG,ok,69,57,76,2022-05-12,2022-08-04,2022-02-02
Factset_EPS_Surprise,VST,ok,155,54,78,2017-05-18,2017-08-04,2016-10-05
Factset_EPS_Surprise,DLR,ok,0,36,80,2014-01-02,2014-02-25,2014-01-02
Factset_EPS_Surprise,ARM,ok,40,61,69,2023-11-09,2024-02-08,2023-09-14
Factset_EPS_Surprise,SPOT,ok,22,58,80,2018-05-03,2018-07-26,2018-04-03
Factset_EPS_Surprise,RACE,ok,70,62,76,2016-02-02,2016-05-02,2015-10-21
Factset_EPS_Surprise,285A,ok,159,68,64,2025-08-11,2025-11-14,2024-12-18
Factset_EPS_Surprise,6857,ok,0,17,69,2014-01-02,2014-01-28,2014-01-02
Factset_EPS_Surprise,SU,ok,395,65,107,2015-07-29,2017-02-16,2014-01-02
Factset_EPS_Surprise,SIE,ok,0,17,74,2014-01-02,2014-01-28,2014-01-02
Factset_EPS_Surprise,RHM,ok,0,52,95,2014-01-02,2014-03-19,2014-01-02
Factset_EPS_Surprise,ALV,ok,0,38,74,2014-01-02,2014-02-27,2014-01-02
Factset_EPS_Surprise,MC,ok,1779,53,53,2021-01-27,2023-01-26,2014-01-02
Factset_EPS_Surprise,NESN,ok,1149,59,81,2018-07-26,2019-07-26,2014-01-02
Factset_EPS_Surprise,RR/,ok,2301,54,82,2023-02-23,2023-08-03,2014-01-02
Factset_EPS_Surprise,SAP,ok,0,12,73,2014-01-02,2014-01-21,2014-01-02
Factset_EPS_Surprise,ASML,ok,0,13,71,2014-01-02,2014-01-22,2014-01-02
Factset_EPS_Surprise,AZN,ok,0,24,77,2014-01-02,2014-02-06,2014-01-02
Factset_EPS_Surprise,SHEL,ok,0,19,69,2014-01-02,2014-01-30,2014-01-02
Factset_EPS_Surprise,HSBA,ok,0,35,82,2014-01-02,2014-02-24,2014-01-02
Factset_EPS_Surprise,NOVOB,ok,0,19,70,2014-01-02,2014-01-30,2014-01-02
Factset_EPS_Surprise,RIO,ok,2050,39,58,2022-02-23,2023-02-22,2014-01-02
Factset_EPS_Surprise,QCOM,ok,0,19,74,2014-01-02,2014-01-30,2014-01-02
Factset_EPS_Surprise,TXN,ok,0,13,69,2014-01-02,2014-01-22,2014-01-02
Factset_EPS_Surprise,ADBE,ok,0,52,70,2014-01-02,2014-03-19,2014-01-02
Factset_EPS_Surprise,NOW,ok,19,58,69,2014-01-30,2014-04-24,2014-01-02
Factset_EPS_Surprise,ACN,ok,0,58,71,2014-01-02,2014-03-27,2014-01-02
Factset_EPS_Surprise,IBM,ok,0,13,69,2014-01-02,2014-01-22,2014-01-02
Factset_EPS_Surprise,ADI,ok,0,32,72,2014-01-02,2014-02-19,2014-01-02
Factset_EPS_Surprise,DELL,ok,0,42,68,2018-12-28,2019-03-01,2018-12-28
Factset_EPS_Surprise,8035,ok,0,19,74,2014-01-02,2014-01-30,2014-01-02
Factset_EPS_Surprise,IFX,ok,0,19,85,2014-01-02,2014-01-30,2014-01-02
Factset_EPS_Surprise,MS,ok,0,11,66,2014-01-02,2014-01-17,2014-01-02
Factset_EPS_Surprise,SCHW,ok,0,10,65,2014-01-02,2014-01-16,2014-01-02
Factset_EPS_Surprise,AXP,ok,0,11,71,2014-01-02,2014-01-17,2014-01-02
Factset_EPS_Surprise,PGR,ok,0,13,78,2014-01-02,2014-01-22,2014-01-02
Factset_EPS_Surprise,AON,ok,0,20,71,2014-01-02,2014-01-31,2014-01-02
Factset_EPS_Surprise,CME,ok,0,22,76,2014-01-02,2014-02-04,2014-01-02
Factset_EPS_Surprise,KKR,ok,0,24,74,2014-01-02,2014-02-06,2014-01-02
Factset_EPS_Surprise,BN,ok,0,40,69,2022-12-12,2023-02-09,2022-12-12
Factset_EPS_Surprise,C,ok,0,10,66,2014-01-02,2014-01-16,2014-01-02
Factset_EPS_Surprise,LSEG,ok,92,69,103,2014-05-15,2023-03-02,2014-01-02
Factset_EPS_Surprise,ZURN,ok,0,29,66,2014-01-02,2014-02-13,2014-01-02
Factset_EPS_Surprise,CS,all_nan,0,0,0,,,2014-01-02
Factset_EPS_Surprise,8306,ok,0,21,75,2014-01-02,2014-02-03,2014-01-02
Factset_EPS_Surprise,DIS,ok,0,24,70,2014-01-02,2014-02-06,2014-01-02
Factset_EPS_Surprise,CMCSA,ok,0,17,83,2014-01-02,2014-01-28,2014-01-02
Factset_EPS_Surprise,VZ,ok,0,12,71,2014-01-02,2014-01-21,2014-01-02
Factset_EPS_Surprise,T,ok,0,18,67,2014-01-02,2014-01-29,2014-01-02
Factset_EPS_Surprise,TTWO,ok,0,22,75,2014-01-02,2014-02-04,2014-01-02
Factset_EPS_Surprise,PUB,ok,280,46,0,2015-02-12,,2014-01-02
Factset_EPS_Surprise,7974,ok,0,18,69,2014-01-02,2014-01-29,2014-01-02
Factset_EPS_Surprise,DTE,ok,0,43,75,2014-01-02,2014-03-06,2014-01-02
Factset_EPS_Surprise,UMG,ok,114,42,85,2022-03-04,2022-05-04,2021-09-21
Factset_EPS_Surprise,LOW,ok,0,37,70,2014-01-02,2014-02-26,2014-01-02
Factset_EPS_Surprise,TJX,ok,0,37,71,2014-01-02,2014-02-26,2014-01-02
Factset_EPS_Surprise,SBUX,ok,0,15,74,2014-01-02,2014-01-24,2014-01-02
Factset_EPS_Surprise,ABNB,ok,52,54,71,2021-02-26,2021-05-14,2020-12-10
Factset_EPS_Surprise,7203,ok,0,22,68,2014-01-02,2014-02-04,2014-01-02
Factset_EPS_Surprise,ITX,ok,0,52,74,2014-01-02,2014-03-19,2014-01-02
Factset_EPS_Surprise,ABT,ok,0,13,69,2014-01-02,2014-01-22,2014-01-02
Factset_EPS_Surprise,DHR,ok,0,17,69,2014-01-02,2014-01-28,2014-01-02
Factset_EPS_Surprise,VRTX,ok,0,19,69,2014-01-02,2014-05-02,2014-01-02
Factset_EPS_Surprise,SAN,ok,0,24,69,2014-01-02,2014-02-06,2014-01-02
Factset_EPS_Surprise,GE,ok,0,15,67,2024-04-02,2024-04-23,2024-04-02
Factset_EPS_Surprise,TT,ok,0,45,68,2020-03-02,2020-05-05,2020-03-02
Factset_EPS_Surprise,ABBN,ok,0,29,84,2014-01-02,2014-02-13,2014-01-02
Factset_EPS_Surprise,KO,ok,0,31,78,2014-01-02,2014-02-18,2014-01-02
Factset_EPS_Surprise,ULVR,ok,12,65,71,2014-01-21,2014-04-24,2014-01-02
Factset_EPS_Surprise,ECL,ok,0,34,80,2014-01-02,2014-02-21,2014-01-02
Factset_EPS_Surprise,AI,ok,1789,50,67,2021-02-10,2021-04-23,2014-01-02
Factset_EPS_Surprise,IBE,ok,332,58,143,2015-04-29,2015-07-22,2014-01-02
Factset_EPS_Surprise,INTU,ok,0,34,68,2014-01-02,2014-02-21,2014-01-02
Factset_EPS_Surprise,SNPS,ok,0,33,73,2014-01-02,2014-02-20,2014-01-02
Factset_EPS_Surprise,APH,ok,0,13,66,2014-01-02,2014-01-22,2014-01-02
Factset_EPS_Surprise,MSI,ok,0,13,74,2014-01-02,2014-01-22,2014-01-02
Factset_EPS_Surprise,CRWD,ok,26,34,71,2019-07-19,2019-09-06,2019-06-12
Factset_EPS_Surprise,NXPI,ok,0,24,74,2014-01-02,2014-02-06,2014-01-02
Factset_EPS_Surprise,KEYS,ok,20,63,75,2014-11-18,2015-02-20,2014-10-21
Factset_EPS_Surprise,ADSK,ok,0,38,71,2014-01-02,2014-02-27,2014-01-02
Factset_EPS_Surprise,WDAY,ok,0,38,69,2014-01-02,2014-02-27,2014-01-02
Factset_EPS_Surprise,WDC,ok,0,46,66,2025-02-24,2025-04-30,2025-02-24
Factset_EPS_Surprise,DDOG,ok,223,67,71,2020-08-07,2020-11-11,2019-09-19
Factset_EPS_Surprise,FTNT,ok,0,19,69,2014-01-02,2014-01-30,2014-01-02
Factset_EPS_Surprise,DSY,ok,0,24,75,2014-01-02,2014-02-06,2014-01-02
Factset_EPS_Surprise,6146,ok,0,25,73,2014-01-02,2014-02-07,2014-01-02
Factset_EPS_Surprise,6981,ok,0,20,67,2014-01-02,2014-01-31,2014-01-02
Factset_EPS_Surprise,BRK/B,ok,0,39,80,2014-01-02,2014-02-28,2014-01-02
Factset_EPS_Surprise,CB,ok,0,18,71,2014-01-02,2014-01-29,2014-01-02
Factset_EPS_Surprise,ICE,ok,0,27,67,2014-01-02,2014-02-11,2014-01-02
Factset_EPS_Surprise,MCO,ok,0,25,81,2014-01-02,2014-02-07,2014-01-02
Factset_EPS_Surprise,PYPL,ok,17,64,72,2015-07-30,2015-10-29,2015-07-07
Factset_EPS_Surprise,COF,ok,0,44,64,2025-05-19,2025-07-23,2025-05-19
Factset_EPS_Surprise,BNP,ok,0,29,70,2014-01-02,2014-02-13,2014-01-02
Factset_EPS_Surprise,MUV2,ok,0,53,89,2014-01-02,2014-03-20,2014-01-02
Factset_EPS_Surprise,RTX,ok,0,13,70,2014-01-02,2014-01-22,2014-01-02
Factset_EPS_Surprise,EMR,ok,0,22,73,2014-01-02,2014-02-04,2014-01-02
Factset_EPS_Surprise,AXON,ok,0,37,80,2014-01-02,2014-02-26,2014-01-02
Factset_EPS_Surprise,UBER,ok,14,49,67,2019-05-31,2019-08-09,2019-05-10
Factset_EPS_Surprise,AIR,ok,0,37,80,2014-01-02,2014-02-26,2014-01-02
Factset_EPS_Surprise,SAF,all_nan,0,0,0,,,2014-01-02
Factset_EPS_Surprise,MRK,ok,0,23,68,2014-01-02,2014-02-05,2014-01-02
Factset_EPS_Surprise,AMGN,ok,0,18,70,2014-01-02,2014-01-29,2014-01-02
Factset_EPS_Surprise,SYK,ok,0,14,69,2014-01-02,2014-01-23,2014-01-02
Factset_EPS_Surprise,MCK,ok,0,20,79,2014-01-02,2014-01-31,2014-01-02
Factset_EPS_Surprise,NOVN,ok,0,18,72,2014-01-02,2014-01-29,2014-01-02
Factset_EPS_Surprise,NKE,ok,0,54,70,2014-01-02,2014-03-21,2014-01-02
Factset_EPS_Surprise,ORLY,ok,0,24,72,2014-01-02,2014-02-06,2014-01-02
Factset_EPS_Surprise,DASH,ok,53,54,72,2021-02-26,2021-05-14,2020-12-09
Factset_EPS_Surprise,CFR,all_nan,0,0,0,,,2014-01-02
Factset_EPS_Surprise,TTD,ok,37,66,75,2016-11-11,2017-02-17,2016-09-21
Factset_EPS_Surprise,RBLX,ok,43,68,68,2021-05-11,2021-08-17,2021-03-10
Factset_EPS_Surprise,9432,ok,0,24,69,2014-01-02,2014-02-06,2014-01-02
Factset_EPS_Surprise,9433,ok,0,19,129,2014-01-02,2014-01-30,2014-01-02
Factset_EPS_Surprise,PEP,ok,0,29,95,2014-01-02,2014-02-13,2014-01-02
Factset_EPS_Surprise,MDLZ,ok,0,29,71,2014-01-02,2014-02-13,2014-01-02
Factset_EPS_Surprise,OR,ok,1403,64,59,2019-07-31,2023-07-28,2014-01-02
Factset_EPS_Surprise,CVX,ok,0,20,69,2014-01-02,2014-01-31,2014-01-02
Factset_EPS_Surprise,TTE,ok,0,28,72,2014-01-02,2014-02-12,2014-01-02
Factset_EPS_Surprise,NEM,ok,0,34,81,2014-01-02,2014-02-21,2014-01-02
Factset_EPS_Surprise,SHW,ok,0,19,74,2014-01-02,2014-01-30,2014-01-02
Factset_EPS_Surprise,SO,ok,0,18,77,2014-01-02,2014-01-29,2014-01-02
Factset_EPS_Surprise,APP,ok,20,63,67,2021-05-13,2021-08-12,2021-04-15
Factset_EPS_Surprise,SNOW,ok,55,61,68,2020-12-03,2021-03-04,2020-09-16
Factset_EPS_Surprise,NET,ok,40,66,69,2019-11-08,2020-02-14,2019-09-13
Factset_EPS_Surprise,ZS,ok,57,63,74,2018-06-07,2018-09-06,2018-03-16
Factset_EPS_Surprise,TEAM,ok,38,63,68,2016-02-05,2016-05-06,2015-12-10
Factset_EPS_Surprise,COHR,ok,0,17,73,2014-01-02,2014-01-28,2014-01-02
Factset_EPS_Surprise,ON,ok,0,25,70,2014-01-02,2014-02-07,2014-01-02
Factset_EPS_Surprise,FICO,ok,0,14,74,2014-01-02,2014-01-23,2014-01-02
Factset_EPS_Surprise,HPE,ok,26,67,73,2015-11-25,2016-03-04,2015-10-20
Factset_EPS_Surprise,VRSN,ok,0,25,76,2014-01-02,2014-02-07,2014-01-02
Factset_EPS_Surprise,ASM,ok,0,38,86,2014-01-02,2014-07-24,2014-01-02
Factset_EPS_Surprise,MRSH,ok,0,27,71,2014-01-02,2014-02-11,2014-01-02
Factset_EPS_Surprise,APO,ok,0,25,70,2014-01-02,2014-02-07,2014-01-02
Factset_EPS_Surprise,MSCI,ok,0,24,69,2014-01-02,2014-02-06,2014-01-02
Factset_EPS_Surprise,BNY,ok,0,11,67,2014-01-02,2014-01-17,2014-01-02
Factset_EPS_Surprise,IBKR,ok,0,13,69,2014-01-02,2014-01-22,2014-01-02
Factset_EPS_Surprise,UBSG,ok,0,22,89,2014-01-02,2014-02-04,2014-01-02
Factset_EPS_Surprise,UCG,ok,0,46,78,2014-01-02,2014-03-11,2014-01-02
Factset_EPS_Surprise,8316,ok,0,18,77,2014-01-02,2014-01-29,2014-01-02
Factset_EPS_Surprise,ADP,ok,0,23,69,2014-01-02,2014-02-05,2014-01-02
Factset_EPS_Surprise,HWM,ok,0,23,72,2020-04-01,2020-05-05,2020-04-01
Factset_EPS_Surprise,WM,ok,0,31,77,2014-01-02,2014-02-18,2014-01-02
Factset_EPS_Surprise,PH,ok,0,13,70,2014-01-02,2014-01-22,2014-01-02
Factset_EPS_Surprise,REL,all_nan,0,0,0,,,2014-01-02
Factset_EPS_Surprise,7011,ok,145,65,68,2014-07-31,2014-10-31,2014-01-02
Factset_EPS_Surprise,ROP,ok,269,58,65,2015-01-28,2015-07-23,2014-01-02
Factset_EPS_Surprise,GILD,ok,0,23,72,2014-01-02,2014-02-05,2014-01-02
Factset_EPS_Surprise,PFE,ok,0,17,68,2014-01-02,2014-01-28,2014-01-02
Factset_EPS_Surprise,MDT,ok,0,31,74,2014-01-02,2014-02-18,2014-01-02
Factset_EPS_Surprise,HCA,ok,0,22,69,2014-01-02,2014-02-04,2014-01-02
Factset_EPS_Surprise,ZTS,ok,0,27,72,2014-01-02,2014-02-11,2014-01-02
Factset_EPS_Surprise,RMS,all_nan,0,0,0,,,2014-01-02
Factset_EPS_Surprise,6758,ok,0,24,92,2014-01-02,2014-02-06,2014-01-02
Factset_EPS_Surprise,CMG,ok,0,20,75,2014-01-02,2014-01-31,2014-01-02
Factset_EPS_Surprise,MAR,ok,0,33,77,2014-01-02,2014-02-20,2014-01-02
Factset_EPS_Surprise,GM,ok,0,24,71,2014-01-02,2014-02-06,2014-01-02
Factset_EPS_Surprise,GRMN,ok,0,32,80,2014-01-02,2014-02-19,2014-01-02
Factset_EPS_Surprise,RDDT,ok,33,62,66,2024-05-08,2024-08-07,2024-03-21
Factset_EPS_Surprise,LYV,ok,0,36,80,2014-01-02,2014-02-25,2014-01-02
Factset_EPS_Surprise,TKO,ok,0,41,75,2023-09-12,2023-11-08,2023-09-12
Factset_EPS_Surprise,MO,ok,0,19,71,2014-01-02,2014-01-30,2014-01-02
Factset_EPS_Surprise,CL,ok,0,19,69,2014-01-02,2014-01-30,2014-01-02
Factset_EPS_Surprise,MNST,ok,0,39,79,2014-01-02,2014-02-28,2014-01-02
Factset_EPS_Surprise,COP,ok,0,19,67,2014-01-02,2014-01-30,2014-01-02
Factset_EPS_Surprise,SLB,ok,0,11,68,2014-01-02,2014-01-17,2014-01-02
Factset_EPS_Surprise,APD,ok,0,17,78,2014-01-02,2014-01-28,2014-01-02
Factset_EPS_Surprise,4063,ok,0,17,67,2014-01-02,2014-01-28,2014-01-02
Factset_EPS_Surprise,NRG,ok,0,39,80,2014-01-02,2014-02-28,2014-01-02
Factset_EPS_Surprise,ENEL,ok,47,39,158,2014-03-12,2014-07-31,2014-01-02
Factset_EPS_Surprise,WELL,ok,0,32,75,2014-01-02,2014-02-19,2014-01-02
Factset_Sales_Surprise,AAPL,ok,0,17,69,2014-01-02,2014-01-28,2014-01-02
Factset_Sales_Surprise,MSFT,ok,0,15,69,2014-01-02,2014-01-24,2014-01-02
Factset_Sales_Surprise,GOOGL,ok,0,20,71,2014-01-02,2014-01-31,2014-01-02
Factset_Sales_Surprise,AMZN,ok,0,20,67,2014-01-02,2014-01-31,2014-01-02
Factset_Sales_Surprise,META,ok,0,19,69,2014-01-02,2014-01-30,2014-01-02
Factset_Sales_Surprise,NVDA,ok,0,29,69,2014-01-02,2014-02-13,2014-01-02
Factset_Sales_Surprise,TSLA,ok,0,33,80,2014-01-02,2014-02-20,2014-01-02
Factset_Sales_Surprise,PLTR,ok,32,62,69,2020-11-13,2021-02-16,2020-09-30
Factset_Sales_Surprise,AVGO,ok,0,37,72,2014-01-02,2014-02-26,2014-01-02
Factset_Sales_Surprise,MU,ok,0,4,70,2014-01-02,2014-01-08,2014-01-02
Factset_Sales_Surprise,GEV,ok,17,61,66,2024-04-25,2024-07-24,2024-04-02
Factset_Sales_Surprise,VRT,ok,402,41,81,2020-03-09,2020-05-06,2018-08-01
Factset_Sales_Surprise,BE,ok,73,61,87,2018-11-06,2019-02-06,2018-07-25
Factset_Sales_Surprise,LITE,ok,12,64,71,2015-08-12,2015-11-11,2015-07-27
Factset_Sales_Surprise,000660,ok,269,59,84,2015-01-28,2015-04-23,2014-01-02
Factset_Sales_Surprise,005930,ok,145,64,70,2014-07-31,2014-10-30,2014-01-02
Factset_Sales_Surprise,UNH,ok,0,10,69,2014-01-02,2014-01-16,2014-01-02
Factset_Sales_Surprise,LLY,ok,0,19,74,2014-01-02,2014-01-30,2014-01-02
Factset_Sales_Surprise,ISRG,ok,0,15,66,2014-01-02,2014-01-24,2014-01-02
Factset_Sales_Surprise,ABBV,ok,0,20,70,2014-01-02,2014-01-31,2014-01-02
Factset_Sales_Surprise,REGN,ok,0,27,68,2014-01-02,2014-02-11,2014-01-02
Factset_Sales_Surprise,JPM,ok,0,8,65,2014-01-02,2014-01-14,2014-01-02
Factset_Sales_Surprise,V,ok,0,19,70,2014-01-02,2014-01-30,2014-01-02
Factset_Sales_Surprise,MA,ok,0,20,67,2014-01-02,2014-01-31,2014-01-02
Factset_Sales_Surprise,BLK,ok,0,10,67,2014-01-02,2014-01-16,2014-01-02
Factset_Sales_Surprise,SPGI,ok,0,22,73,2014-01-02,2014-02-04,2014-01-02
Factset_Sales_Surprise,GS,ok,0,10,67,2014-01-02,2014-01-16,2014-01-02
Factset_Sales_Surprise,COST,ok,0,43,92,2014-01-02,2014-03-06,2014-01-02
Factset_Sales_Surprise,HD,ok,0,36,69,2014-01-02,2014-02-25,2014-01-02
Factset_Sales_Surprise,PG,ok,0,15,72,2014-01-02,2014-01-24,2014-01-02
Factset_Sales_Surprise,MCD,ok,0,14,73,2014-01-02,2014-01-23,2014-01-02
Factset_Sales_Surprise,WMT,ok,0,33,67,2014-01-02,2014-02-20,2014-01-02
Factset_Sales_Surprise,CAT,ok,0,16,70,2014-01-02,2014-01-27,2014-01-02
Factset_Sales_Surprise,HON,ok,0,15,72,2014-01-02,2014-01-24,2014-01-02
Factset_Sales_Surprise,DE,ok,0,28,74,2014-01-02,2014-02-12,2014-01-02
Factset_Sales_Surprise,UNP,ok,0,14,69,2014-01-02,2014-01-23,2014-01-02
Factset_Sales_Surprise,LMT,ok,0,14,69,2014-01-02,2014-01-23,2014-01-02
Factset_Sales_Surprise,ETN,ok,0,22,68,2014-01-02,2014-02-04,2014-01-02
Factset_Sales_Surprise,XOM,ok,0,19,69,2014-01-02,2014-01-30,2014-01-02
Factset_Sales_Surprise,LNG,ok,0,34,80,2014-01-02,2014-02-21,2014-01-02
Factset_Sales_Surprise,FCX,ok,0,13,68,2014-01-02,2014-01-22,2014-01-02
Factset_Sales_Surprise,LIN,ok,0,18,75,2014-01-02,2014-01-29,2014-01-02
Factset_Sales_Surprise,NEE,ok,0,17,69,2014-01-02,2014-01-28,2014-01-02
Factset_Sales_Surprise,AMT,ok,0,36,83,2014-01-02,2014-02-25,2014-01-02
Factset_Sales_Surprise,EQIX,ok,0,33,76,2014-01-02,2014-02-20,2014-01-02
Factset_Sales_Surprise,TMUS,ok,0,36,77,2014-01-02,2014-02-25,2014-01-02
Factset_Sales_Surprise,PLD,ok,0,19,67,2014-01-02,2014-01-30,2014-01-02
Factset_Sales_Surprise,AMD,ok,0,13,69,2014-01-02,2014-01-22,2014-01-02
Factset_Sales_Surprise,CRM,ok,0,39,73,2014-01-02,2014-02-28,2014-01-02
Factset_Sales_Surprise,NFLX,ok,0,14,67,2014-01-02,2014-01-23,2014-01-02
Factset_Sales_Surprise,TER,ok,0,14,67,2014-01-02,2014-01-23,2014-01-02
Factset_Sales_Surprise,GLW,ok,0,17,66,2014-01-02,2014-01-28,2014-01-02
Factset_Sales_Surprise,JNJ,ok,0,12,71,2014-01-02,2014-01-21,2014-01-02
Factset_Sales_Surprise,WFC,ok,0,8,66,2014-01-02,2014-01-14,2014-01-02
Factset_Sales_Surprise,MPC,ok,0,18,69,2014-01-02,2014-01-29,2014-01-02
Factset_Sales_Surprise,LRCX,ok,0,19,70,2014-01-02,2014-01-30,2014-01-02
Factset_Sales_Surprise,AMAT,ok,0,29,65,2014-01-02,2014-02-13,2014-01-02
Factset_Sales_Surprise,PANW,ok,0,35,73,2014-01-02,2014-02-24,2014-01-02
Factset_Sales_Surprise,FN,ok,0,22,115,2014-01-02,2014-02-04,2014-01-02
Factset_Sales_Surprise,MPWR,ok,0,25,73,2014-01-02,2014-02-07,2014-01-02
Factset_Sales_Surprise,BAC,ok,0,9,66,2014-01-02,2014-01-15,2014-01-02
Factset_Sales_Surprise,CSCO,ok,0,29,69,2014-01-02,2014-02-13,2014-01-02
Factset_Sales_Surprise,INTC,ok,0,11,68,2014-01-02,2014-01-17,2014-01-02
Factset_Sales_Surprise,ORCL,ok,0,52,68,2014-01-02,2014-03-19,2014-01-02
Factset_Sales_Surprise,TSM,ok,323,63,69,2015-04-16,2015-07-16,2014-01-02
Factset_Sales_Surprise,SNDK,ok,52,68,66,2025-05-08,2025-08-15,2025-02-24
Factset_Sales_Surprise,KLAC,ok,0,15,69,2014-01-02,2014-01-24,2014-01-02
Factset_Sales_Surprise,ANET,ok,44,64,73,2014-08-08,2014-11-07,2014-06-06
Factset_Sales_Surprise,MRVL,ok,0,34,155,2014-01-02,2014-02-21,2014-01-02
Factset_Sales_Surprise,CDNS,ok,0,19,85,2014-01-02,2014-01-30,2014-01-02
Factset_Sales_Surprise,STX,ok,0,17,73,2014-01-02,2014-01-28,2014-01-02
Factset_Sales_Surprise,PWR,ok,0,33,80,2014-01-02,2014-02-20,2014-01-02
Factset_Sales_Surprise,BX,ok,0,19,71,2014-01-02,2014-01-30,2014-01-02
Factset_Sales_Surprise,TMO,ok,0,19,69,2014-01-02,2014-01-30,2014-01-02
Factset_Sales_Surprise,BSX,ok,0,22,71,2014-01-02,2014-02-04,2014-01-02
Factset_Sales_Surprise,BKNG,ok,0,34,76,2014-01-02,2014-02-21,2014-01-02
Factset_Sales_Surprise,PM,ok,0,24,79,2014-01-02,2014-02-06,2014-01-02
Factset_Sales_Surprise,WMB,ok,0,33,76,2014-01-02,2014-02-20,2014-01-02
Factset_Sales_Surprise,CEG,ok,69,57,76,2022-05-12,2022-08-04,2022-02-02
Factset_Sales_Surprise,VST,ok,155,54,78,2017-05-18,2017-08-04,2016-10-05
Factset_Sales_Surprise,DLR,ok,0,36,80,2014-01-02,2014-02-25,2014-01-02
Factset_Sales_Surprise,ARM,ok,40,61,69,2023-11-09,2024-02-08,2023-09-14
Factset_Sales_Surprise,SPOT,ok,22,58,80,2018-05-03,2018-07-26,2018-04-03
Factset_Sales_Surprise,RACE,ok,70,62,76,2016-02-02,2016-05-02,2015-10-21
Factset_Sales_Surprise,285A,ok,101,58,68,2025-05-16,2025-08-11,2024-12-18
Factset_Sales_Surprise,6857,ok,0,17,69,2014-01-02,2014-01-28,2014-01-02
Factset_Sales_Surprise,SU,ok,0,33,81,2014-01-02,2014-02-20,2014-01-02
Factset_Sales_Surprise,SIE,ok,0,17,74,2014-01-02,2014-01-28,2014-01-02
Factset_Sales_Surprise,RHM,ok,0,52,95,2014-01-02,2014-03-19,2014-01-02
Factset_Sales_Surprise,ALV,ok,0,38,74,2014-01-02,2014-02-27,2014-01-02
Factset_Sales_Surprise,MC,ok,20,48,76,2014-01-31,2014-07-25,2014-01-02
Factset_Sales_Surprise,NESN,ok,0,29,88,2014-01-02,2014-02-13,2014-01-02
Factset_Sales_Surprise,RR/,all_nan,0,0,0,,,2014-01-02
Factset_Sales_Surprise,SAP,ok,0,12,73,2014-01-02,2014-01-21,2014-01-02
Factset_Sales_Surprise,ASML,ok,0,13,71,2014-01-02,2014-01-22,2014-01-02
Factset_Sales_Surprise,AZN,ok,0,24,77,2014-01-02,2014-02-06,2014-01-02
Factset_Sales_Surprise,SHEL,ok,0,19,69,2014-01-02,2014-01-30,2014-01-02
Factset_Sales_Surprise,HSBA,ok,0,35,82,2014-01-02,2014-02-24,2014-01-02
Factset_Sales_Surprise,NOVOB,ok,0,19,70,2014-01-02,2014-01-30,2014-01-02
Factset_Sales_Surprise,RIO,all_nan,0,0,0,,,2014-01-02
Factset_Sales_Surprise,QCOM,ok,0,19,74,2014-01-02,2014-01-30,2014-01-02
Factset_Sales_Surprise,TXN,ok,0,13,69,2014-01-02,2014-01-22,2014-01-02
Factset_Sales_Surprise,ADBE,ok,0,52,70,2014-01-02,2014-03-19,2014-01-02
Factset_Sales_Surprise,NOW,ok,0,19,72,2014-01-02,2014-01-30,2014-01-02
Factset_Sales_Surprise,ACN,ok,0,58,71,2014-01-02,2014-03-27,2014-01-02
Factset_Sales_Surprise,IBM,ok,0,13,69,2014-01-02,2014-01-22,2014-01-02
Factset_Sales_Surprise,ADI,ok,0,32,72,2014-01-02,2014-02-19,2014-01-02
Factset_Sales_Surprise,DELL,ok,0,42,68,2018-12-28,2019-03-01,2018-12-28
Factset_Sales_Surprise,8035,ok,0,19,74,2014-01-02,2014-01-30,2014-01-02
Factset_Sales_Surprise,IFX,ok,0,19,85,2014-01-02,2014-01-30,2014-01-02
Factset_Sales_Surprise,MS,ok,0,11,66,2014-01-02,2014-01-17,2014-01-02
Factset_Sales_Surprise,SCHW,ok,0,10,65,2014-01-02,2014-01-16,2014-01-02
Factset_Sales_Surprise,AXP,ok,0,11,71,2014-01-02,2014-01-17,2014-01-02
Factset_Sales_Surprise,PGR,ok,0,13,78,2014-01-02,2014-01-22,2014-01-02
Factset_Sales_Surprise,AON,ok,0,20,71,2014-01-02,2014-01-31,2014-01-02
Factset_Sales_Surprise,CME,ok,0,22,76,2014-01-02,2014-02-04,2014-01-02
Factset_Sales_Surprise,KKR,ok,0,24,74,2014-01-02,2014-02-06,2014-01-02
Factset_Sales_Surprise,BN,ok,0,40,69,2022-12-12,2023-05-11,2022-12-12
Factset_Sales_Surprise,C,ok,0,10,66,2014-01-02,2014-01-16,2014-01-02
Factset_Sales_Surprise,LSEG,ok,14,78,91,2014-01-23,2014-08-22,2014-01-02
Factset_Sales_Surprise,ZURN,ok,0,29,66,2014-01-02,2014-02-13,2014-01-02
Factset_Sales_Surprise,CS,ok,85,61,79,2014-05-06,2015-05-07,2014-01-02
Factset_Sales_Surprise,8306,ok,0,21,75,2014-01-02,2014-02-03,2014-01-02
Factset_Sales_Surprise,DIS,ok,0,24,71,2014-01-02,2014-02-06,2014-01-02
Factset_Sales_Surprise,CMCSA,ok,0,17,83,2014-01-02,2014-01-28,2014-01-02
Factset_Sales_Surprise,VZ,ok,0,12,71,2014-01-02,2014-01-21,2014-01-02
Factset_Sales_Surprise,T,ok,0,18,67,2014-01-02,2014-01-29,2014-01-02
Factset_Sales_Surprise,TTWO,ok,0,22,75,2014-01-02,2014-02-04,2014-01-02
Factset_Sales_Surprise,PUB,ok,0,29,81,2014-01-02,2014-02-13,2014-01-02
Factset_Sales_Surprise,7974,ok,0,18,69,2014-01-02,2014-01-29,2014-01-02
Factset_Sales_Surprise,DTE,ok,0,43,75,2014-01-02,2014-03-06,2014-01-02
Factset_Sales_Surprise,UMG,ok,114,42,85,2022-03-04,2022-05-04,2021-09-21
Factset_Sales_Surprise,LOW,ok,0,37,70,2014-01-02,2014-02-26,2014-01-02
Factset_Sales_Surprise,TJX,ok,0,37,71,2014-01-02,2014-02-26,2014-01-02
Factset_Sales_Surprise,SBUX,ok,0,15,74,2014-01-02,2014-01-24,2014-01-02
Factset_Sales_Surprise,ABNB,ok,52,54,71,2021-02-26,2021-05-14,2020-12-10
Factset_Sales_Surprise,7203,ok,0,22,68,2014-01-02,2014-02-04,2014-01-02
Factset_Sales_Surprise,ITX,ok,0,52,74,2014-01-02,2014-03-19,2014-01-02
Factset_Sales_Surprise,ABT,ok,0,13,69,2014-01-02,2014-01-22,2014-01-02
Factset_Sales_Surprise,DHR,ok,0,17,69,2014-01-02,2014-01-28,2014-01-02
Factset_Sales_Surprise,VRTX,ok,0,19,69,2014-01-02,2014-01-30,2014-01-02
Factset_Sales_Surprise,SAN,ok,0,24,69,2014-01-02,2014-02-06,2014-01-02
Factset_Sales_Surprise,GE,ok,0,15,67,2024-04-02,2024-04-23,2024-04-02
Factset_Sales_Surprise,TT,ok,0,45,68,2020-03-02,2020-05-05,2020-03-02
Factset_Sales_Surprise,ABBN,ok,0,29,84,2014-01-02,2014-02-13,2014-01-02
Factset_Sales_Surprise,KO,ok,0,31,78,2014-01-02,2014-02-18,2014-01-02
Factset_Sales_Surprise,ULVR,ok,12,65,77,2014-01-21,2014-04-24,2014-01-02
Factset_Sales_Surprise,ECL,ok,0,34,80,2014-01-02,2014-02-21,2014-01-02
Factset_Sales_Surprise,AI,ok,0,31,81,2014-01-02,2014-02-18,2014-01-02
Factset_Sales_Surprise,IBE,ok,139,64,86,2014-07-23,2015-04-29,2014-01-02
Factset_Sales_Surprise,INTU,ok,0,34,68,2014-01-02,2014-02-21,2014-01-02
Factset_Sales_Surprise,SNPS,ok,0,33,73,2014-01-02,2014-02-20,2014-01-02
Factset_Sales_Surprise,APH,ok,0,13,66,2014-01-02,2014-01-22,2014-01-02
Factset_Sales_Surprise,MSI,ok,0,13,74,2014-01-02,2014-01-22,2014-01-02
Factset_Sales_Surprise,CRWD,ok,26,34,71,2019-07-19,2019-09-06,2019-06-12
Factset_Sales_Surprise,NXPI,ok,0,24,74,2014-01-02,2014-02-06,2014-01-02
Factset_Sales_Surprise,KEYS,ok,20,63,75,2014-11-18,2015-02-20,2014-10-21
Factset_Sales_Surprise,ADSK,ok,0,38,71,2014-01-02,2014-02-27,2014-01-02
Factset_Sales_Surprise,WDAY,ok,0,38,69,2014-01-02,2014-02-27,2014-01-02
Factset_Sales_Surprise,WDC,ok,0,46,66,2025-02-24,2025-04-30,2025-02-24
Factset_Sales_Surprise,DDOG,ok,39,63,71,2019-11-13,2020-02-14,2019-09-19
Factset_Sales_Surprise,FTNT,ok,0,19,69,2014-01-02,2014-01-30,2014-01-02
Factset_Sales_Surprise,DSY,ok,0,24,75,2014-01-02,2014-02-06,2014-01-02
Factset_Sales_Surprise,6146,ok,0,25,73,2014-01-02,2014-02-07,2014-01-02
Factset_Sales_Surprise,6981,ok,0,20,67,2014-01-02,2014-01-31,2014-01-02
Factset_Sales_Surprise,BRK/B,ok,0,39,80,2014-01-02,2014-05-05,2014-01-02
Factset_Sales_Surprise,CB,ok,0,18,71,2014-01-02,2014-01-29,2014-01-02
Factset_Sales_Surprise,ICE,ok,0,27,67,2014-01-02,2014-02-11,2014-01-02
Factset_Sales_Surprise,MCO,ok,0,25,81,2014-01-02,2014-02-07,2014-01-02
Factset_Sales_Surprise,PYPL,ok,17,64,72,2015-07-30,2015-10-29,2015-07-07
Factset_Sales_Surprise,COF,ok,0,44,64,2025-05-19,2025-07-23,2025-05-19
Factset_Sales_Surprise,BNP,ok,0,29,70,2014-01-02,2014-02-13,2014-01-02
Factset_Sales_Surprise,MUV2,ok,0,53,89,2014-01-02,2014-03-20,2014-01-02
Factset_Sales_Surprise,RTX,ok,0,13,70,2014-01-02,2014-01-22,2014-01-02
Factset_Sales_Surprise,EMR,ok,0,22,73,2014-01-02,2014-02-04,2014-01-02
Factset_Sales_Surprise,AXON,ok,0,37,80,2014-01-02,2014-02-26,2014-01-02
Factset_Sales_Surprise,UBER,ok,14,49,69,2019-05-31,2019-08-09,2019-05-10
Factset_Sales_Surprise,AIR,ok,0,37,80,2014-01-02,2014-02-26,2014-01-02
Factset_Sales_Surprise,SAF,ok,0,33,93,2014-01-02,2014-04-23,2014-01-02
Factset_Sales_Surprise,MRK,ok,0,23,68,2014-01-02,2014-02-05,2014-01-02
Factset_Sales_Surprise,AMGN,ok,0,18,70,2014-01-02,2014-01-29,2014-01-02
Factset_Sales_Surprise,SYK,ok,0,14,69,2014-01-02,2014-01-23,2014-01-02
Factset_Sales_Surprise,MCK,ok,0,20,79,2014-01-02,2014-01-31,2014-01-02
Factset_Sales_Surprise,NOVN,ok,0,18,72,2014-01-02,2014-01-29,2014-01-02
Factset_Sales_Surprise,NKE,ok,0,54,70,2014-01-02,2014-03-21,2014-01-02
Factset_Sales_Surprise,ORLY,ok,0,24,72,2014-01-02,2014-02-06,2014-01-02
Factset_Sales_Surprise,DASH,ok,53,54,72,2021-02-26,2021-05-14,2020-12-09
Factset_Sales_Surprise,CFR,ok,92,86,88,2014-05-15,2015-01-15,2014-01-02
Factset_Sales_Surprise,TTD,ok,37,66,75,2016-11-11,2017-02-17,2016-09-21
Factset_Sales_Surprise,RBLX,ok,43,68,68,2021-05-11,2021-08-17,2021-03-10
Factset_Sales_Surprise,9432,ok,0,24,69,2014-01-02,2014-02-06,2014-01-02
Factset_Sales_Surprise,9433,ok,0,19,129,2014-01-02,2014-01-30,2014-01-02
Factset_Sales_Surprise,PEP,ok,0,29,95,2014-01-02,2014-02-13,2014-01-02
Factset_Sales_Surprise,MDLZ,ok,0,29,71,2014-01-02,2014-02-13,2014-01-02
Factset_Sales_Surprise,OR,ok,0,27,79,2014-01-02,2014-02-11,2014-01-02
Factset_Sales_Surprise,CVX,ok,0,20,69,2014-01-02,2014-01-31,2014-01-02
Factset_Sales_Surprise,TTE,ok,0,28,72,2014-01-02,2014-02-12,2014-01-02
Factset_Sales_Surprise,NEM,ok,0,34,81,2014-01-02,2014-02-21,2014-01-02
Factset_Sales_Surprise,SHW,ok,0,19,74,2014-01-02,2014-01-30,2014-01-02
Factset_Sales_Surprise,SO,ok,0,18,77,2014-01-02,2014-01-29,2014-01-02
Factset_Sales_Surprise,APP,ok,20,63,67,2021-05-13,2021-08-12,2021-04-15
Factset_Sales_Surprise,SNOW,ok,55,61,68,2020-12-03,2021-03-04,2020-09-16
Factset_Sales_Surprise,NET,ok,40,66,69,2019-11-08,2020-02-14,2019-09-13
Factset_Sales_Surprise,ZS,ok,57,63,74,2018-06-07,2018-09-06,2018-03-16
Factset_Sales_Surprise,TEAM,ok,38,63,68,2016-02-05,2016-05-06,2015-12-10
Factset_Sales_Surprise,COHR,ok,0,17,73,2014-01-02,2014-01-28,2014-01-02
Factset_Sales_Surprise,ON,ok,0,25,70,2014-01-02,2014-02-07,2014-01-02
Factset_Sales_Surprise,FICO,ok,0,14,74,2014-01-02,2014-01-23,2014-01-02
Factset_Sales_Surprise,HPE,ok,26,67,73,2015-11-25,2016-03-04,2015-10-20
Factset_Sales_Surprise,VRSN,ok,0,25,76,2014-01-02,2014-02-07,2014-01-02
Factset_Sales_Surprise,ASM,ok,0,38,86,2014-01-02,2014-02-27,2014-01-02
Factset_Sales_Surprise,MRSH,ok,0,27,71,2014-01-02,2014-02-11,2014-01-02
Factset_Sales_Surprise,APO,ok,0,25,70,2014-01-02,2014-02-07,2014-01-02
Factset_Sales_Surprise,MSCI,ok,0,24,69,2014-01-02,2014-02-06,2014-01-02
Factset_Sales_Surprise,BNY,ok,0,11,67,2014-01-02,2014-01-17,2014-01-02
Factset_Sales_Surprise,IBKR,ok,0,13,69,2014-01-02,2014-01-22,2014-01-02
Factset_Sales_Surprise,UBSG,ok,0,22,89,2014-01-02,2014-02-04,2014-01-02
Factset_Sales_Surprise,UCG,ok,0,46,78,2014-01-02,2014-03-11,2014-01-02
Factset_Sales_Surprise,8316,ok,0,18,77,2014-01-02,2014-01-29,2014-01-02
Factset_Sales_Surprise,ADP,ok,0,23,69,2014-01-02,2014-02-05,2014-01-02
Factset_Sales_Surprise,HWM,ok,0,23,72,2020-04-01,2020-05-05,2020-04-01
Factset_Sales_Surprise,WM,ok,0,31,77,2014-01-02,2014-02-18,2014-01-02
Factset_Sales_Surprise,PH,ok,0,13,70,2014-01-02,2014-01-22,2014-01-02
Factset_Sales_Surprise,REL,all_nan,0,0,0,,,2014-01-02
Factset_Sales_Surprise,7011,ok,24,64,68,2014-02-06,2014-05-09,2014-01-02
Factset_Sales_Surprise,ROP,ok,0,19,73,2014-01-02,2014-01-30,2014-01-02
Factset_Sales_Surprise,GILD,ok,0,23,72,2014-01-02,2014-02-05,2014-01-02
Factset_Sales_Surprise,PFE,ok,0,17,68,2014-01-02,2014-01-28,2014-01-02
Factset_Sales_Surprise,MDT,ok,0,31,74,2014-01-02,2014-02-18,2014-01-02
Factset_Sales_Surprise,HCA,ok,0,22,69,2014-01-02,2014-02-04,2014-01-02
Factset_Sales_Surprise,ZTS,ok,0,27,72,2014-01-02,2014-02-11,2014-01-02
Factset_Sales_Surprise,RMS,ok,0,53,97,2014-01-02,2014-04-29,2014-01-02
Factset_Sales_Surprise,6758,ok,0,24,92,2014-01-02,2014-02-06,2014-01-02
Factset_Sales_Surprise,CMG,ok,0,20,75,2014-01-02,2014-01-31,2014-01-02
Factset_Sales_Surprise,MAR,ok,0,33,77,2014-01-02,2014-02-20,2014-01-02
Factset_Sales_Surprise,GM,ok,0,24,71,2014-01-02,2014-02-06,2014-01-02
Factset_Sales_Surprise,GRMN,ok,0,32,80,2014-01-02,2014-02-19,2014-01-02
Factset_Sales_Surprise,RDDT,ok,33,62,71,2024-05-08,2024-08-07,2024-03-21
Factset_Sales_Surprise,LYV,ok,0,36,80,2014-01-02,2014-02-25,2014-01-02
Factset_Sales_Surprise,TKO,ok,0,41,75,2023-09-12,2023-11-08,2023-09-12
Factset_Sales_Surprise,MO,ok,0,19,71,2014-01-02,2014-01-30,2014-01-02
Factset_Sales_Surprise,CL,ok,0,19,69,2014-01-02,2014-01-30,2014-01-02
Factset_Sales_Surprise,MNST,ok,0,39,79,2014-01-02,2014-02-28,2014-01-02
Factset_Sales_Surprise,COP,ok,0,19,67,2014-01-02,2014-01-30,2014-01-02
Factset_Sales_Surprise,SLB,ok,0,11,68,2014-01-02,2014-01-17,2014-01-02
Factset_Sales_Surprise,APD,ok,0,17,78,2014-01-02,2014-01-28,2014-01-02
Factset_Sales_Surprise,4063,ok,0,17,67,2014-01-02,2014-01-28,2014-01-02
Factset_Sales_Surprise,NRG,ok,0,39,80,2014-01-02,2014-02-28,2014-01-02
Factset_Sales_Surprise,ENEL,ok,0,47,103,2014-01-02,2014-03-12,2014-01-02
Factset_Sales_Surprise,WELL,ok,0,32,75,2014-01-02,2014-02-19,2014-01-02
Factset_Sales_Revision_FY2,AAPL,ok,0,2,35,2014-01-02,2014-01-06,2014-01-02
Factset_Sales_Revision_FY2,MSFT,ok,0,1,44,2014-01-02,2014-01-03,2014-01-02
Factset_Sales_Revision_FY2,GOOGL,ok,0,2,37,2014-01-02,2014-01-06,2014-01-02
Factset_Sales_Revision_FY2,AMZN,ok,0,4,42,2014-01-02,2014-01-08,2014-01-02
Factset_Sales_Revision_FY2,META,ok,0,7,35,2014-01-02,2014-01-13,2014-01-02
Factset_Sales_Revision_FY2,NVDA,ok,0,8,48,2014-01-02,2014-01-14,2014-01-02
Factset_Sales_Revision_FY2,TSLA,ok,0,12,42,2014-01-02,2014-01-21,2014-01-02
Factset_Sales_Revision_FY2,PLTR,ok,17,15,52,2020-10-23,2020-11-13,2020-09-30
Factset_Sales_Revision_FY2,AVGO,ok,0,9,48,2014-01-02,2014-01-15,2014-01-02
Factset_Sales_Revision_FY2,MU,ok,0,1,40,2014-01-02,2014-01-03,2014-01-02
Factset_Sales_Revision_FY2,GEV,ok,3,33,22,2024-04-05,2024-05-22,2024-04-02
Factset_Sales_Revision_FY2,VRT,ok,402,14,46,2020-03-09,2020-03-27,2018-08-01
Factset_Sales_Revision_FY2,BE,ok,17,56,101,2018-08-17,2018-11-06,2018-07-25
Factset_Sales_Revision_FY2,LITE,ok,9,3,51,2015-08-07,2015-08-12,2015-07-27
Factset_Sales_Revision_FY2,000660,ok,0,1,28,2014-01-02,2014-01-03,2014-01-02
Factset_Sales_Revision_FY2,005930,ok,0,2,25,2014-01-02,2014-01-06,2014-01-02
Factset_Sales_Revision_FY2,UNH,ok,0,2,58,2014-01-02,2014-01-06,2014-01-02
Factset_Sales_Revision_FY2,LLY,ok,0,2,36,2014-01-02,2014-01-06,2014-01-02
Factset_Sales_Revision_FY2,ISRG,ok,0,5,52,2014-01-02,2014-01-09,2014-01-02
Factset_Sales_Revision_FY2,ABBV,ok,0,1,38,2014-01-02,2014-01-03,2014-01-02
Factset_Sales_Revision_FY2,REGN,ok,0,3,44,2014-01-02,2014-01-07,2014-01-02
Factset_Sales_Revision_FY2,JPM,ok,0,3,32,2014-01-02,2014-01-07,2014-01-02
Factset_Sales_Revision_FY2,V,ok,0,5,42,2014-01-02,2014-01-09,2014-01-02
Factset_Sales_Revision_FY2,MA,ok,0,2,42,2014-01-02,2014-01-06,2014-01-02
Factset_Sales_Revision_FY2,BLK,ok,0,1,50,2014-01-02,2014-01-03,2014-01-02
Factset_Sales_Revision_FY2,SPGI,ok,0,2,49,2014-01-02,2014-01-06,2014-01-02
Factset_Sales_Revision_FY2,GS,ok,0,3,43,2014-01-02,2014-01-07,2014-01-02
Factset_Sales_Revision_FY2,COST,ok,0,4,30,2014-01-02,2014-01-08,2014-01-02
Factset_Sales_Revision_FY2,HD,ok,0,4,52,2014-01-02,2014-01-08,2014-01-02
Factset_Sales_Revision_FY2,PG,ok,0,4,51,2014-01-02,2014-01-08,2014-01-02
Factset_Sales_Revision_FY2,MCD,ok,0,2,31,2014-01-02,2014-01-06,2014-01-02
Factset_Sales_Revision_FY2,WMT,ok,0,5,49,2014-01-02,2014-01-09,2014-01-02
Factset_Sales_Revision_FY2,CAT,ok,0,2,46,2014-01-02,2014-01-06,2014-01-02
Factset_Sales_Revision_FY2,HON,ok,0,1,46,2014-01-02,2014-01-03,2014-01-02
Factset_Sales_Revision_FY2,DE,ok,0,9,52,2014-01-02,2014-01-15,2014-01-02
Factset_Sales_Revision_FY2,UNP,ok,0,4,44,2014-01-02,2014-01-08,2014-01-02
Factset_Sales_Revision_FY2,LMT,ok,0,2,59,2014-01-02,2014-01-06,2014-01-02
Factset_Sales_Revision_FY2,ETN,ok,0,4,49,2014-01-02,2014-01-08,2014-01-02
Factset_Sales_Revision_FY2,XOM,ok,0,1,38,2014-01-02,2014-01-03,2014-01-02
Factset_Sales_Revision_FY2,LNG,ok,0,2,51,2014-01-02,2014-01-06,2014-01-02
Factset_Sales_Revision_FY2,FCX,ok,0,2,32,2014-01-02,2014-01-06,2014-01-02
Factset_Sales_Revision_FY2,LIN,ok,0,7,49,2014-01-02,2014-01-13,2014-01-02
Factset_Sales_Revision_FY2,NEE,ok,0,1,45,2014-01-02,2014-01-03,2014-01-02
Factset_Sales_Revision_FY2,AMT,ok,0,2,38,2014-01-02,2014-01-06,2014-01-02
Factset_Sales_Revision_FY2,EQIX,ok,0,1,50,2014-01-02,2014-01-03,2014-01-02
Factset_Sales_Revision_FY2,TMUS,ok,0,1,56,2014-01-02,2014-01-03,2014-01-02
Factset_Sales_Revision_FY2,PLD,ok,0,2,46,2014-01-02,2014-01-06,2014-01-02
Factset_Sales_Revision_FY2,AMD,ok,0,8,45,2014-01-02,2014-01-14,2014-01-02
Factset_Sales_Revision_FY2,CRM,ok,0,16,50,2014-01-02,2014-01-27,2014-01-02
Factset_Sales_Revision_FY2,NFLX,ok,0,2,42,2014-01-02,2014-01-06,2014-01-02
Factset_Sales_Revision_FY2,TER,ok,0,3,52,2014-01-02,2014-01-07,2014-01-02
Factset_Sales_Revision_FY2,GLW,ok,0,2,63,2014-01-02,2014-01-06,2014-01-02
Factset_Sales_Revision_FY2,JNJ,ok,0,2,51,2014-01-02,2014-01-06,2014-01-02
Factset_Sales_Revision_FY2,WFC,ok,0,3,30,2014-01-02,2014-01-07,2014-01-02
Factset_Sales_Revision_FY2,MPC,ok,0,1,53,2014-01-02,2014-01-03,2014-01-02
Factset_Sales_Revision_FY2,LRCX,ok,0,3,51,2014-01-02,2014-01-07,2014-01-02
Factset_Sales_Revision_FY2,AMAT,ok,0,6,50,2014-01-02,2014-01-10,2014-01-02
Factset_Sales_Revision_FY2,PANW,ok,0,13,49,2014-01-02,2014-01-22,2014-01-02
Factset_Sales_Revision_FY2,FN,ok,0,12,67,2014-01-02,2014-01-21,2014-01-02
Factset_Sales_Revision_FY2,MPWR,ok,0,4,59,2014-01-02,2014-01-08,2014-01-02
Factset_Sales_Revision_FY2,BAC,ok,0,4,40,2014-01-02,2014-01-08,2014-01-02
Factset_Sales_Revision_FY2,CSCO,ok,0,17,49,2014-01-02,2014-01-28,2014-01-02
Factset_Sales_Revision_FY2,INTC,ok,0,3,35,2014-01-02,2014-01-07,2014-01-02
Factset_Sales_Revision_FY2,ORCL,ok,0,4,46,2014-01-02,2014-01-08,2014-01-02
Factset_Sales_Revision_FY2,TSM,ok,0,5,34,2014-01-02,2014-01-09,2014-01-02
Factset_Sales_Revision_FY2,SNDK,ok,6,46,42,2025-03-04,2025-05-08,2025-02-24
Factset_Sales_Revision_FY2,KLAC,ok,0,2,50,2014-01-02,2014-01-06,2014-01-02
Factset_Sales_Revision_FY2,ANET,ok,0,44,53,2014-06-06,2014-08-08,2014-06-06
Factset_Sales_Revision_FY2,MRVL,ok,0,9,51,2014-01-02,2014-01-15,2014-01-02
Factset_Sales_Revision_FY2,CDNS,ok,0,3,200,2014-01-02,2014-01-07,2014-01-02
Factset_Sales_Revision_FY2,STX,ok,0,2,46,2014-01-02,2014-01-06,2014-01-02
Factset_Sales_Revision_FY2,PWR,ok,0,8,50,2014-01-02,2014-01-14,2014-01-02
Factset_Sales_Revision_FY2,BX,ok,0,5,55,2014-01-02,2014-01-09,2014-01-02
Factset_Sales_Revision_FY2,TMO,ok,0,2,73,2014-01-02,2014-01-06,2014-01-02
Factset_Sales_Revision_FY2,BSX,ok,0,2,50,2014-01-02,2014-01-06,2014-01-02
Factset_Sales_Revision_FY2,BKNG,ok,0,7,50,2014-01-02,2014-01-13,2014-01-02
Factset_Sales_Revision_FY2,PM,ok,0,2,39,2014-01-02,2014-01-06,2014-01-02
Factset_Sales_Revision_FY2,WMB,ok,0,2,47,2014-01-02,2014-01-06,2014-01-02
Factset_Sales_Revision_FY2,CEG,ok,0,26,48,2022-02-02,2022-03-11,2022-02-02
Factset_Sales_Revision_FY2,VST,ok,52,56,50,2016-12-19,2017-08-04,2016-10-05
Factset_Sales_Revision_FY2,DLR,ok,0,7,27,2014-01-02,2014-01-13,2014-01-02
Factset_Sales_Revision_FY2,ARM,ok,0,7,36,2023-09-14,2023-09-25,2023-09-14
Factset_Sales_Revision_FY2,SPOT,ok,3,7,33,2018-04-06,2018-04-17,2018-04-03
Factset_Sales_Revision_FY2,RACE,ok,18,12,38,2015-11-16,2015-12-03,2015-10-21
Factset_Sales_Revision_FY2,285A,ok,20,19,67,2025-01-21,2025-02-18,2024-12-18
Factset_Sales_Revision_FY2,6857,ok,0,1,24,2014-01-02,2014-01-03,2014-01-02
Factset_Sales_Revision_FY2,SU,ok,0,3,39,2014-01-02,2014-01-07,2014-01-02
Factset_Sales_Revision_FY2,SIE,ok,0,3,33,2014-01-02,2014-01-07,2014-01-02
Factset_Sales_Revision_FY2,RHM,ok,0,13,52,2014-01-02,2014-01-22,2014-01-02
Factset_Sales_Revision_FY2,ALV,ok,0,1,79,2014-01-02,2014-01-03,2014-01-02
Factset_Sales_Revision_FY2,MC,ok,0,1,30,2014-01-02,2014-01-03,2014-01-02
Factset_Sales_Revision_FY2,NESN,ok,0,2,29,2014-01-02,2014-01-06,2014-01-02
Factset_Sales_Revision_FY2,RR/,ok,0,2,29,2014-01-02,2014-01-06,2014-01-02
Factset_Sales_Revision_FY2,SAP,ok,0,1,46,2014-01-02,2014-01-03,2014-01-02
Factset_Sales_Revision_FY2,ASML,ok,0,1,30,2014-01-02,2014-01-03,2014-01-02
Factset_Sales_Revision_FY2,AZN,ok,0,1,20,2014-01-02,2014-01-03,2014-01-02
Factset_Sales_Revision_FY2,SHEL,ok,0,5,29,2014-01-02,2014-01-09,2014-01-02
Factset_Sales_Revision_FY2,HSBA,ok,0,7,24,2014-01-02,2014-01-13,2014-01-02
Factset_Sales_Revision_FY2,NOVOB,ok,0,2,29,2014-01-02,2014-01-06,2014-01-02
Factset_Sales_Revision_FY2,RIO,ok,0,1,28,2014-01-02,2014-01-03,2014-01-02
Factset_Sales_Revision_FY2,QCOM,ok,0,4,49,2014-01-02,2014-01-08,2014-01-02
Factset_Sales_Revision_FY2,TXN,ok,0,2,51,2014-01-02,2014-01-06,2014-01-02
Factset_Sales_Revision_FY2,ADBE,ok,0,21,53,2014-01-02,2014-02-03,2014-01-02
Factset_Sales_Revision_FY2,NOW,ok,0,3,50,2014-01-02,2014-01-07,2014-01-02
Factset_Sales_Revision_FY2,ACN,ok,0,13,46,2014-01-02,2014-01-22,2014-01-02
Factset_Sales_Revision_FY2,IBM,ok,0,6,53,2014-01-02,2014-01-10,2014-01-02
Factset_Sales_Revision_FY2,ADI,ok,0,9,47,2014-01-02,2014-01-15,2014-01-02
Factset_Sales_Revision_FY2,DELL,ok,0,23,44,2018-12-28,2019-02-01,2018-12-28
Factset_Sales_Revision_FY2,8035,ok,0,1,36,2014-01-02,2014-01-03,2014-01-02
Factset_Sales_Revision_FY2,IFX,ok,0,7,35,2014-01-02,2014-01-13,2014-01-02
Factset_Sales_Revision_FY2,MS,ok,0,1,41,2014-01-02,2014-01-03,2014-01-02
Factset_Sales_Revision_FY2,SCHW,ok,0,1,50,2014-01-02,2014-01-03,2014-01-02
Factset_Sales_Revision_FY2,AXP,ok,0,1,48,2014-01-02,2014-01-03,2014-01-02
Factset_Sales_Revision_FY2,PGR,ok,0,13,30,2014-01-02,2014-01-22,2014-01-02
Factset_Sales_Revision_FY2,AON,ok,0,1,83,2014-01-02,2014-01-03,2014-01-02
Factset_Sales_Revision_FY2,CME,ok,0,3,37,2014-01-02,2014-01-07,2014-01-02
Factset_Sales_Revision_FY2,KKR,ok,0,3,45,2014-01-02,2014-01-07,2014-01-02
Factset_Sales_Revision_FY2,BN,ok,0,14,67,2022-12-12,2023-01-03,2022-12-12
Factset_Sales_Revision_FY2,C,ok,0,1,31,2014-01-02,2014-01-03,2014-01-02
Factset_Sales_Revision_FY2,LSEG,ok,0,2,37,2014-01-02,2014-01-06,2014-01-02
Factset_Sales_Revision_FY2,ZURN,ok,0,4,37,2014-01-02,2014-01-08,2014-01-02
Factset_Sales_Revision_FY2,CS,ok,0,4,165,2014-01-02,2014-01-08,2014-01-02
Factset_Sales_Revision_FY2,8306,ok,0,5,76,2014-01-02,2014-01-09,2014-01-02
Factset_Sales_Revision_FY2,DIS,ok,0,2,34,2014-01-02,2014-01-06,2014-01-02
Factset_Sales_Revision_FY2,CMCSA,ok,0,2,47,2014-01-02,2014-01-06,2014-01-02
Factset_Sales_Revision_FY2,VZ,ok,0,2,36,2014-01-02,2014-01-06,2014-01-02
Factset_Sales_Revision_FY2,T,ok,0,11,78,2014-01-02,2014-01-17,2014-01-02
Factset_Sales_Revision_FY2,TTWO,ok,0,4,48,2014-01-02,2014-01-08,2014-01-02
Factset_Sales_Revision_FY2,PUB,ok,0,3,50,2014-01-02,2014-01-07,2014-01-02
Factset_Sales_Revision_FY2,7974,ok,0,3,23,2014-01-02,2014-01-07,2014-01-02
Factset_Sales_Revision_FY2,DTE,ok,0,4,21,2014-01-02,2014-01-08,2014-01-02
Factset_Sales_Revision_FY2,UMG,ok,2,13,33,2021-09-23,2021-10-12,2021-09-21
Factset_Sales_Revision_FY2,LOW,ok,0,1,76,2014-01-02,2014-01-03,2014-01-02
Factset_Sales_Revision_FY2,TJX,ok,0,1,51,2014-01-02,2014-01-03,2014-01-02
Factset_Sales_Revision_FY2,SBUX,ok,0,2,44,2014-01-02,2014-01-06,2014-01-02
Factset_Sales_Revision_FY2,ABNB,ok,1,13,28,2020-12-11,2020-12-31,2020-12-10
Factset_Sales_Revision_FY2,7203,ok,0,4,21,2014-01-02,2014-01-08,2014-01-02
Factset_Sales_Revision_FY2,ITX,ok,0,2,49,2014-01-02,2014-01-06,2014-01-02
Factset_Sales_Revision_FY2,ABT,ok,0,5,52,2014-01-02,2014-01-09,2014-01-02
Factset_Sales_Revision_FY2,DHR,ok,0,2,46,2014-01-02,2014-01-06,2014-01-02
Factset_Sales_Revision_FY2,VRTX,ok,0,7,47,2014-01-02,2014-01-13,2014-01-02
Factset_Sales_Revision_FY2,SAN,ok,0,2,27,2014-01-02,2014-01-06,2014-01-02
Factset_Sales_Revision_FY2,GE,ok,0,2,25,2024-04-02,2024-04-04,2024-04-02
Factset_Sales_Revision_FY2,TT,ok,0,2,42,2020-03-02,2020-03-04,2020-03-02
Factset_Sales_Revision_FY2,ABBN,ok,0,2,37,2014-01-02,2014-01-06,2014-01-02
Factset_Sales_Revision_FY2,KO,ok,0,5,41,2014-01-02,2014-01-09,2014-01-02
Factset_Sales_Revision_FY2,ULVR,ok,0,1,32,2014-01-02,2014-01-03,2014-01-02
Factset_Sales_Revision_FY2,ECL,ok,0,7,59,2014-01-02,2014-01-13,2014-01-02
Factset_Sales_Revision_FY2,AI,ok,0,2,34,2014-01-02,2014-01-06,2014-01-02
Factset_Sales_Revision_FY2,IBE,ok,0,2,24,2014-01-02,2014-01-06,2014-01-02
Factset_Sales_Revision_FY2,INTU,ok,0,2,85,2014-01-02,2014-01-06,2014-01-02
Factset_Sales_Revision_FY2,SNPS,ok,0,31,129,2014-01-02,2014-02-18,2014-01-02
Factset_Sales_Revision_FY2,APH,ok,0,6,51,2014-01-02,2014-01-10,2014-01-02
Factset_Sales_Revision_FY2,MSI,ok,0,2,80,2014-01-02,2014-01-06,2014-01-02
Factset_Sales_Revision_FY2,CRWD,ok,16,10,52,2019-07-05,2019-07-19,2019-06-12
Factset_Sales_Revision_FY2,NXPI,ok,0,3,51,2014-01-02,2014-01-07,2014-01-02
Factset_Sales_Revision_FY2,KEYS,ok,9,11,62,2014-11-03,2014-11-18,2014-10-21
Factset_Sales_Revision_FY2,ADSK,ok,0,3,52,2014-01-02,2014-01-07,2014-01-02
Factset_Sales_Revision_FY2,WDAY,ok,0,3,53,2014-01-02,2014-01-07,2014-01-02
Factset_Sales_Revision_FY2,WDC,ok,0,11,34,2025-02-24,2025-03-11,2025-02-24
Factset_Sales_Revision_FY2,DDOG,ok,16,23,51,2019-10-11,2019-11-13,2019-09-19
Factset_Sales_Revision_FY2,FTNT,ok,0,3,71,2014-01-02,2014-01-07,2014-01-02
Factset_Sales_Revision_FY2,DSY,ok,0,1,44,2014-01-02,2014-01-03,2014-01-02
Factset_Sales_Revision_FY2,6146,ok,0,5,29,2014-01-02,2014-01-09,2014-01-02
Factset_Sales_Revision_FY2,6981,ok,0,2,27,2014-01-02,2014-01-06,2014-01-02
Factset_Sales_Revision_FY2,BRK/B,ok,0,12,153,2014-01-02,2014-01-21,2014-01-02
Factset_Sales_Revision_FY2,CB,ok,0,2,138,2014-01-02,2014-01-06,2014-01-02
Factset_Sales_Revision_FY2,ICE,ok,0,8,32,2014-01-02,2014-01-14,2014-01-02
Factset_Sales_Revision_FY2,MCO,ok,0,3,47,2014-01-02,2014-01-07,2014-01-02
Factset_Sales_Revision_FY2,PYPL,ok,0,7,46,2015-07-07,2015-07-16,2015-07-07
Factset_Sales_Revision_FY2,COF,ok,0,3,29,2025-05-19,2025-05-22,2025-05-19
Factset_Sales_Revision_FY2,BNP,ok,0,2,34,2014-01-02,2014-01-06,2014-01-02
Factset_Sales_Revision_FY2,MUV2,ok,0,4,37,2014-01-02,2014-01-08,2014-01-02
Factset_Sales_Revision_FY2,RTX,ok,0,2,49,2014-01-02,2014-01-06,2014-01-02
Factset_Sales_Revision_FY2,EMR,ok,0,3,49,2014-01-02,2014-01-07,2014-01-02
Factset_Sales_Revision_FY2,AXON,ok,0,7,57,2014-01-02,2014-01-13,2014-01-02
Factset_Sales_Revision_FY2,UBER,ok,5,9,23,2019-05-17,2019-05-31,2019-05-10
Factset_Sales_Revision_FY2,AIR,ok,0,3,35,2014-01-02,2014-01-07,2014-01-02
Factset_Sales_Revision_FY2,SAF,ok,0,3,29,2014-01-02,2014-01-07,2014-01-02
Factset_Sales_Revision_FY2,MRK,ok,0,4,31,2014-01-02,2014-01-08,2014-01-02
Factset_Sales_Revision_FY2,AMGN,ok,0,2,36,2014-01-02,2014-01-06,2014-01-02
Factset_Sales_Revision_FY2,SYK,ok,0,1,57,2014-01-02,2014-01-03,2014-01-02
Factset_Sales_Revision_FY2,MCK,ok,0,3,51,2014-01-02,2014-01-07,2014-01-02
Factset_Sales_Revision_FY2,NOVN,ok,0,2,23,2014-01-02,2014-01-06,2014-01-02
Factset_Sales_Revision_FY2,NKE,ok,0,16,52,2014-01-02,2014-01-27,2014-01-02
Factset_Sales_Revision_FY2,ORLY,ok,0,1,76,2014-01-02,2014-01-03,2014-01-02
Factset_Sales_Revision_FY2,DASH,ok,0,2,38,2020-12-09,2020-12-11,2020-12-09
Factset_Sales_Revision_FY2,CFR,ok,0,1,26,2014-01-02,2014-01-03,2014-01-02
Factset_Sales_Revision_FY2,TTD,ok,19,18,52,2016-10-18,2016-11-11,2016-09-21
Factset_Sales_Revision_FY2,RBLX,ok,0,34,52,2021-03-10,2021-04-28,2021-03-10
Factset_Sales_Revision_FY2,9432,ok,0,7,35,2014-01-02,2014-01-13,2014-01-02
Factset_Sales_Revision_FY2,9433,ok,0,7,36,2014-01-02,2014-01-13,2014-01-02
Factset_Sales_Revision_FY2,PEP,ok,0,5,52,2014-01-02,2014-01-09,2014-01-02
Factset_Sales_Revision_FY2,MDLZ,ok,0,12,40,2014-01-02,2014-01-21,2014-01-02
Factset_Sales_Revision_FY2,OR,ok,0,2,31,2014-01-02,2014-01-06,2014-01-02
Factset_Sales_Revision_FY2,CVX,ok,0,1,30,2014-01-02,2014-01-03,2014-01-02
Factset_Sales_Revision_FY2,TTE,ok,0,1,26,2014-01-02,2014-01-03,2014-01-02
Factset_Sales_Revision_FY2,NEM,ok,0,3,30,2014-01-02,2014-01-07,2014-01-02
Factset_Sales_Revision_FY2,SHW,ok,0,3,50,2014-01-02,2014-01-07,2014-01-02
Factset_Sales_Revision_FY2,SO,ok,0,1,46,2014-01-02,2014-01-03,2014-01-02
Factset_Sales_Revision_FY2,APP,ok,20,28,38,2021-05-13,2021-06-23,2021-04-15
Factset_Sales_Revision_FY2,SNOW,ok,10,42,27,2020-09-30,2020-11-30,2020-09-16
Factset_Sales_Revision_FY2,NET,ok,16,24,52,2019-10-07,2019-11-08,2019-09-13
Factset_Sales_Revision_FY2,ZS,ok,16,41,49,2018-04-10,2018-06-07,2018-03-16
Factset_Sales_Revision_FY2,TEAM,ok,15,23,51,2016-01-04,2016-02-05,2015-12-10
Factset_Sales_Revision_FY2,COHR,ok,0,7,81,2014-01-02,2014-01-13,2014-01-02
Factset_Sales_Revision_FY2,ON,ok,0,4,45,2014-01-02,2014-01-08,2014-01-02
Factset_Sales_Revision_FY2,FICO,ok,0,8,133,2014-01-02,2014-01-14,2014-01-02
Factset_Sales_Revision_FY2,HPE,ok,4,18,49,2015-10-26,2015-11-20,2015-10-20
Factset_Sales_Revision_FY2,VRSN,ok,0,24,150,2014-01-02,2014-02-06,2014-01-02
Factset_Sales_Revision_FY2,ASM,ok,0,2,42,2014-01-02,2014-01-06,2014-01-02
Factset_Sales_Revision_FY2,MRSH,ok,0,7,57,2014-01-02,2014-01-13,2014-01-02
Factset_Sales_Revision_FY2,APO,ok,0,1,45,2014-01-02,2014-01-03,2014-01-02
Factset_Sales_Revision_FY2,MSCI,ok,0,4,51,2014-01-02,2014-01-08,2014-01-02
Factset_Sales_Revision_FY2,BNY,ok,0,3,41,2014-01-02,2014-01-07,2014-01-02
Factset_Sales_Revision_FY2,IBKR,ok,0,3,56,2014-01-02,2014-01-07,2014-01-02
Factset_Sales_Revision_FY2,UBSG,ok,0,2,41,2014-01-02,2014-01-06,2014-01-02
Factset_Sales_Revision_FY2,UCG,ok,0,1,42,2014-01-02,2014-01-03,2014-01-02
Factset_Sales_Revision_FY2,8316,ok,0,3,46,2014-01-02,2014-01-07,2014-01-02
Factset_Sales_Revision_FY2,ADP,ok,0,4,121,2014-01-02,2014-01-08,2014-01-02
Factset_Sales_Revision_FY2,HWM,ok,0,7,47,2020-04-01,2020-04-13,2020-04-01
Factset_Sales_Revision_FY2,WM,ok,0,7,59,2014-01-02,2014-01-13,2014-01-02
Factset_Sales_Revision_FY2,PH,ok,0,2,49,2014-01-02,2014-01-06,2014-01-02
Factset_Sales_Revision_FY2,REL,ok,0,1,33,2014-01-02,2014-01-03,2014-01-02
Factset_Sales_Revision_FY2,7011,ok,0,16,47,2014-01-02,2014-01-27,2014-01-02
Factset_Sales_Revision_FY2,ROP,ok,0,2,23,2014-01-02,2014-01-06,2014-01-02
Factset_Sales_Revision_FY2,GILD,ok,0,4,40,2014-01-02,2014-01-08,2014-01-02
Factset_Sales_Revision_FY2,PFE,ok,0,4,39,2014-01-02,2014-01-08,2014-01-02
Factset_Sales_Revision_FY2,MDT,ok,0,4,74,2014-01-02,2014-01-08,2014-01-02
Factset_Sales_Revision_FY2,HCA,ok,0,5,49,2014-01-02,2014-01-09,2014-01-02
Factset_Sales_Revision_FY2,ZTS,ok,0,4,45,2014-01-02,2014-01-08,2014-01-02
Factset_Sales_Revision_FY2,RMS,ok,0,2,32,2014-01-02,2014-01-06,2014-01-02
Factset_Sales_Revision_FY2,6758,ok,0,3,24,2014-01-02,2014-01-07,2014-01-02
Factset_Sales_Revision_FY2,CMG,ok,0,11,50,2014-01-02,2014-01-17,2014-01-02
Factset_Sales_Revision_FY2,MAR,ok,0,8,42,2014-01-02,2014-01-14,2014-01-02
Factset_Sales_Revision_FY2,GM,ok,0,1,50,2014-01-02,2014-01-03,2014-01-02
Factset_Sales_Revision_FY2,GRMN,ok,0,3,52,2014-01-02,2014-01-07,2014-01-02
Factset_Sales_Revision_FY2,RDDT,ok,2,29,49,2024-03-25,2024-05-06,2024-03-21
Factset_Sales_Revision_FY2,LYV,ok,0,12,53,2014-01-02,2014-01-21,2014-01-02
Factset_Sales_Revision_FY2,TKO,ok,0,6,50,2023-09-12,2023-09-20,2023-09-12
Factset_Sales_Revision_FY2,MO,ok,0,3,49,2014-01-02,2014-01-07,2014-01-02
Factset_Sales_Revision_FY2,CL,ok,0,3,50,2014-01-02,2014-01-07,2014-01-02
Factset_Sales_Revision_FY2,MNST,ok,0,13,38,2014-01-02,2014-01-22,2014-01-02
Factset_Sales_Revision_FY2,COP,ok,0,1,50,2014-01-02,2014-01-03,2014-01-02
Factset_Sales_Revision_FY2,SLB,ok,0,2,40,2014-01-02,2014-01-06,2014-01-02
Factset_Sales_Revision_FY2,APD,ok,0,7,42,2014-01-02,2014-01-13,2014-01-02
Factset_Sales_Revision_FY2,4063,ok,0,2,26,2014-01-02,2014-01-06,2014-01-02
Factset_Sales_Revision_FY2,NRG,ok,0,1,55,2014-01-02,2014-01-03,2014-01-02
Factset_Sales_Revision_FY2,ENEL,ok,0,10,25,2014-01-02,2014-01-16,2014-01-02
Factset_Sales_Revision_FY2,WELL,ok,0,1,33,2014-01-02,2014-01-03,2014-01-02
Factset_EPS_Est_StdDev,AAPL,ok,0,1,2,2014-01-02,2014-01-03,2014-01-02
Factset_EPS_Est_StdDev,MSFT,ok,0,1,1,2014-01-02,2014-01-03,2014-01-02
Factset_EPS_Est_StdDev,GOOGL,ok,0,1,1,2014-01-02,2014-01-03,2014-01-02
Factset_EPS_Est_StdDev,AMZN,ok,0,1,2,2014-01-02,2014-01-03,2014-01-02
Factset_EPS_Est_StdDev,META,ok,0,1,1,2014-01-02,2014-01-03,2014-01-02
Factset_EPS_Est_StdDev,NVDA,ok,0,1,1,2014-01-02,2014-01-03,2014-01-02
Factset_EPS_Est_StdDev,TSLA,ok,0,1,2,2014-01-02,2014-01-03,2014-01-02
Factset_EPS_Est_StdDev,PLTR,ok,16,1,2,2020-10-22,2020-10-23,2020-09-30
Factset_EPS_Est_StdDev,AVGO,ok,0,1,2,2014-01-02,2014-01-03,2014-01-02
Factset_EPS_Est_StdDev,MU,ok,0,1,2,2014-01-02,2014-01-03,2014-01-02
Factset_EPS_Est_StdDev,GEV,ok,0,1,1,2024-04-02,2024-04-03,2024-04-02
Factset_EPS_Est_StdDev,VRT,ok,405,1,2,2020-03-12,2020-03-13,2018-08-01
Factset_EPS_Est_StdDev,BE,ok,16,1,2,2018-08-16,2018-08-17,2018-07-25
Factset_EPS_Est_StdDev,LITE,ok,5,1,2,2015-08-03,2015-08-04,2015-07-27
Factset_EPS_Est_StdDev,000660,ok,0,1,2,2014-01-02,2014-01-03,2014-01-02
Factset_EPS_Est_StdDev,005930,ok,0,1,1,2014-01-02,2014-01-03,2014-01-02
Factset_EPS_Est_StdDev,UNH,ok,0,1,1,2014-01-02,2014-01-03,2014-01-02
Factset_EPS_Est_StdDev,LLY,ok,0,1,1,2014-01-02,2014-01-03,2014-01-02
Factset_EPS_Est_StdDev,ISRG,ok,0,1,2,2014-01-02,2014-01-03,2014-01-02
Factset_EPS_Est_StdDev,ABBV,ok,0,1,2,2014-01-02,2014-01-03,2014-01-02
Factset_EPS_Est_StdDev,REGN,ok,0,1,1,2014-01-02,2014-01-03,2014-01-02
Factset_EPS_Est_StdDev,JPM,ok,0,1,2,2014-01-02,2014-01-03,2014-01-02
Factset_EPS_Est_StdDev,V,ok,0,1,2,2014-01-02,2014-01-03,2014-01-02
Factset_EPS_Est_StdDev,MA,ok,0,1,2,2014-01-02,2014-01-03,2014-01-02
Factset_EPS_Est_StdDev,BLK,ok,0,1,2,2014-01-02,2014-01-03,2014-01-02
Factset_EPS_Est_StdDev,SPGI,ok,0,1,1,2014-01-02,2014-01-03,2014-01-02
Factset_EPS_Est_StdDev,GS,ok,0,1,2,2014-01-02,2014-01-03,2014-01-02
Factset_EPS_Est_StdDev,COST,ok,0,1,2,2014-01-02,2014-01-03,2014-01-02
Factset_EPS_Est_StdDev,HD,ok,0,1,2,2014-01-02,2014-01-03,2014-01-02
Factset_EPS_Est_StdDev,PG,ok,0,1,1,2014-01-02,2014-01-03,2014-01-02
Factset_EPS_Est_StdDev,MCD,ok,0,1,2,2014-01-02,2014-01-03,2014-01-02
Factset_EPS_Est_StdDev,WMT,ok,0,1,1,2014-01-02,2014-01-03,2014-01-02
Factset_EPS_Est_StdDev,CAT,ok,0,1,2,2014-01-02,2014-01-03,2014-01-02
Factset_EPS_Est_StdDev,HON,ok,0,1,2,2014-01-02,2014-01-03,2014-01-02
Factset_EPS_Est_StdDev,DE,ok,0,1,1,2014-01-02,2014-01-03,2014-01-02
Factset_EPS_Est_StdDev,UNP,ok,0,1,2,2014-01-02,2014-01-03,2014-01-02
Factset_EPS_Est_StdDev,LMT,ok,0,1,2,2014-01-02,2014-01-03,2014-01-02
Factset_EPS_Est_StdDev,ETN,ok,0,1,2,2014-01-02,2014-01-03,2014-01-02
Factset_EPS_Est_StdDev,XOM,ok,0,1,1,2014-01-02,2014-01-03,2014-01-02
Factset_EPS_Est_StdDev,LNG,ok,0,1,1,2014-01-02,2014-01-03,2014-01-02
Factset_EPS_Est_StdDev,FCX,ok,0,1,2,2014-01-02,2014-01-03,2014-01-02
Factset_EPS_Est_StdDev,LIN,ok,0,1,2,2014-01-02,2014-01-03,2014-01-02
Factset_EPS_Est_StdDev,NEE,ok,0,1,2,2014-01-02,2014-01-03,2014-01-02
Factset_EPS_Est_StdDev,AMT,ok,0,1,2,2014-01-02,2014-01-03,2014-01-02
Factset_EPS_Est_StdDev,EQIX,ok,0,1,2,2014-01-02,2014-01-03,2014-01-02
Factset_EPS_Est_StdDev,TMUS,ok,0,1,1,2014-01-02,2014-01-03,2014-01-02
Factset_EPS_Est_StdDev,PLD,ok,0,1,2,2014-01-02,2014-01-03,2014-01-02
Factset_EPS_Est_StdDev,AMD,ok,0,1,1,2014-01-02,2014-01-03,2014-01-02
Factset_EPS_Est_StdDev,CRM,ok,0,1,1,2014-01-02,2014-01-03,2014-01-02
Factset_EPS_Est_StdDev,NFLX,ok,0,1,2,2014-01-02,2014-01-03,2014-01-02
Factset_EPS_Est_StdDev,TER,ok,0,1,2,2014-01-02,2014-01-03,2014-01-02
Factset_EPS_Est_StdDev,GLW,ok,0,1,2,2014-01-02,2014-01-03,2014-01-02
Factset_EPS_Est_StdDev,JNJ,ok,0,1,2,2014-01-02,2014-01-03,2014-01-02
Factset_EPS_Est_StdDev,WFC,ok,0,1,2,2014-01-02,2014-01-03,2014-01-02
Factset_EPS_Est_StdDev,MPC,ok,0,1,2,2014-01-02,2014-01-03,2014-01-02
Factset_EPS_Est_StdDev,LRCX,ok,0,1,2,2014-01-02,2014-01-03,2014-01-02
Factset_EPS_Est_StdDev,AMAT,ok,0,1,1,2014-01-02,2014-01-03,2014-01-02
Factset_EPS_Est_StdDev,PANW,ok,0,1,2,2014-01-02,2014-01-03,2014-01-02
Factset_EPS_Est_StdDev,FN,ok,0,1,2,2014-01-02,2014-01-03,2014-01-02
Factset_EPS_Est_StdDev,MPWR,ok,0,1,2,2014-01-02,2014-01-03,2014-01-02
Factset_EPS_Est_StdDev,BAC,ok,0,1,2,2014-01-02,2014-01-03,2014-01-02
Factset_EPS_Est_StdDev,CSCO,ok,0,1,2,2014-01-02,2014-01-03,2014-01-02
Factset_EPS_Est_StdDev,INTC,ok,0,1,1,2014-01-02,2014-01-03,2014-01-02
Factset_EPS_Est_StdDev,ORCL,ok,0,1,2,2014-01-02,2014-01-03,2014-01-02
Factset_EPS_Est_StdDev,TSM,ok,0,1,1,2014-01-02,2014-01-03,2014-01-02
Factset_EPS_Est_StdDev,SNDK,ok,1,1,1,2025-02-25,2025-02-26,2025-02-24
Factset_EPS_Est_StdDev,KLAC,ok,0,1,2,2014-01-02,2014-01-03,2014-01-02
Factset_EPS_Est_StdDev,ANET,ok,0,1,2,2014-06-06,2014-06-09,2014-06-06
Factset_EPS_Est_StdDev,MRVL,ok,0,1,1,2014-01-02,2014-01-03,2014-01-02
Factset_EPS_Est_StdDev,CDNS,ok,0,1,2,2014-01-02,2014-01-03,2014-01-02
Factset_EPS_Est_StdDev,STX,ok,0,1,2,2014-01-02,2014-01-03,2014-01-02
Factset_EPS_Est_StdDev,PWR,ok,0,1,2,2014-01-02,2014-01-03,2014-01-02
Factset_EPS_Est_StdDev,BX,ok,0,1,1,2014-01-02,2014-01-03,2014-01-02
Factset_EPS_Est_StdDev,TMO,ok,0,1,2,2014-01-02,2014-01-03,2014-01-02
Factset_EPS_Est_StdDev,BSX,ok,0,1,1,2014-01-02,2014-01-03,2014-01-02
Factset_EPS_Est_StdDev,BKNG,ok,0,1,2,2014-01-02,2014-01-03,2014-01-02
Factset_EPS_Est_StdDev,PM,ok,0,1,2,2014-01-02,2014-01-03,2014-01-02
Factset_EPS_Est_StdDev,WMB,ok,0,1,1,2014-01-02,2014-01-03,2014-01-02
Factset_EPS_Est_StdDev,CEG,ok,0,1,2,2022-02-02,2022-02-03,2022-02-02
Factset_EPS_Est_StdDev,VST,ok,149,1,2,2017-05-10,2017-05-11,2016-10-05
Factset_EPS_Est_StdDev,DLR,ok,0,1,2,2014-01-02,2014-01-03,2014-01-02
Factset_EPS_Est_StdDev,ARM,ok,0,1,2,2023-09-14,2023-09-15,2023-09-14
Factset_EPS_Est_StdDev,SPOT,ok,0,1,1,2018-04-03,2018-04-04,2018-04-03
Factset_EPS_Est_StdDev,RACE,ok,17,1,1,2015-11-13,2015-11-16,2015-10-21
Factset_EPS_Est_StdDev,285A,ok,20,1,1,2025-01-21,2025-01-22,2024-12-18
Factset_EPS_Est_StdDev,6857,ok,0,1,1,2014-01-02,2014-01-03,2014-01-02
Factset_EPS_Est_StdDev,SU,ok,0,1,1,2014-01-02,2014-01-03,2014-01-02
Factset_EPS_Est_StdDev,SIE,ok,0,1,1,2014-01-02,2014-01-03,2014-01-02
Factset_EPS_Est_StdDev,RHM,ok,0,1,2,2014-01-02,2014-01-03,2014-01-02
Factset_EPS_Est_StdDev,ALV,ok,0,1,1,2014-01-02,2014-01-03,2014-01-02
Factset_EPS_Est_StdDev,MC,ok,0,1,1,2014-01-02,2014-01-03,2014-01-02
Factset_EPS_Est_StdDev,NESN,ok,0,1,2,2014-01-02,2014-01-03,2014-01-02
Factset_EPS_Est_StdDev,RR/,ok,0,1,1,2014-01-02,2014-01-03,2014-01-02
Factset_EPS_Est_StdDev,SAP,ok,0,1,2,2014-01-02,2014-01-03,2014-01-02
Factset_EPS_Est_StdDev,ASML,ok,0,1,1,2014-01-02,2014-01-03,2014-01-02
Factset_EPS_Est_StdDev,AZN,ok,0,1,1,2014-01-02,2014-01-03,2014-01-02
Factset_EPS_Est_StdDev,SHEL,ok,0,1,1,2014-01-02,2014-01-03,2014-01-02
Factset_EPS_Est_StdDev,HSBA,ok,0,1,1,2014-01-02,2014-01-03,2014-01-02
Factset_EPS_Est_StdDev,NOVOB,ok,0,1,1,2014-01-02,2014-01-03,2014-01-02
Factset_EPS_Est_StdDev,RIO,ok,0,1,1,2014-01-02,2014-01-03,2014-01-02
Factset_EPS_Est_StdDev,QCOM,ok,0,1,2,2014-01-02,2014-01-03,2014-01-02
Factset_EPS_Est_StdDev,TXN,ok,0,1,2,2014-01-02,2014-01-03,2014-01-02
Factset_EPS_Est_StdDev,ADBE,ok,0,1,1,2014-01-02,2014-01-03,2014-01-02
Factset_EPS_Est_StdDev,NOW,ok,0,1,1,2014-01-02,2014-01-03,2014-01-02
Factset_EPS_Est_StdDev,ACN,ok,0,1,2,2014-01-02,2014-01-03,2014-01-02
Factset_EPS_Est_StdDev,IBM,ok,0,1,2,2014-01-02,2014-01-03,2014-01-02
Factset_EPS_Est_StdDev,ADI,ok,0,1,2,2014-01-02,2014-01-03,2014-01-02
Factset_EPS_Est_StdDev,DELL,ok,4,1,2,2019-01-04,2019-01-07,2018-12-28
Factset_EPS_Est_StdDev,8035,ok,0,1,2,2014-01-02,2014-01-03,2014-01-02
Factset_EPS_Est_StdDev,IFX,ok,0,1,2,2014-01-02,2014-01-03,2014-01-02
Factset_EPS_Est_StdDev,MS,ok,0,1,2,2014-01-02,2014-01-03,2014-01-02
Factset_EPS_Est_StdDev,SCHW,ok,0,1,2,2014-01-02,2014-01-03,2014-01-02
Factset_EPS_Est_StdDev,AXP,ok,0,1,2,2014-01-02,2014-01-03,2014-01-02
Factset_EPS_Est_StdDev,PGR,ok,0,1,1,2014-01-02,2014-01-03,2014-01-02
Factset_EPS_Est_StdDev,AON,ok,0,1,2,2014-01-02,2014-01-03,2014-01-02
Factset_EPS_Est_StdDev,CME,ok,0,1,2,2014-01-02,2014-01-03,2014-01-02
Factset_EPS_Est_StdDev,KKR,ok,0,1,2,2014-01-02,2014-01-03,2014-01-02
Factset_EPS_Est_StdDev,BN,ok,0,1,2,2022-12-12,2022-12-13,2022-12-12
Factset_EPS_Est_StdDev,C,ok,0,1,2,2014-01-02,2014-01-03,2014-01-02
Factset_EPS_Est_StdDev,LSEG,ok,0,1,1,2014-01-02,2014-01-03,2014-01-02
Factset_EPS_Est_StdDev,ZURN,ok,0,1,1,2014-01-02,2014-01-03,2014-01-02
Factset_EPS_Est_StdDev,CS,ok,0,1,2,2014-01-02,2014-01-03,2014-01-02
Factset_EPS_Est_StdDev,8306,ok,0,1,2,2014-01-02,2014-01-03,2014-01-02
Factset_EPS_Est_StdDev,DIS,ok,0,1,1,2014-01-02,2014-01-03,2014-01-02
Factset_EPS_Est_StdDev,CMCSA,ok,0,1,2,2014-01-02,2014-01-03,2014-01-02
Factset_EPS_Est_StdDev,VZ,ok,0,1,2,2014-01-02,2014-01-03,2014-01-02
Factset_EPS_Est_StdDev,T,ok,0,1,1,2014-01-02,2014-01-03,2014-01-02
Factset_EPS_Est_StdDev,TTWO,ok,0,1,1,2014-01-02,2014-01-03,2014-01-02
Factset_EPS_Est_StdDev,PUB,ok,0,1,2,2014-01-02,2014-01-03,2014-01-02
Factset_EPS_Est_StdDev,7974,ok,0,1,2,2014-01-02,2014-01-03,2014-01-02
Factset_EPS_Est_StdDev,DTE,ok,0,1,2,2014-01-02,2014-01-03,2014-01-02
Factset_EPS_Est_StdDev,UMG,ok,0,1,1,2021-09-21,2021-09-22,2021-09-21
Factset_EPS_Est_StdDev,LOW,ok,0,1,1,2014-01-02,2014-01-03,2014-01-02
Factset_EPS_Est_StdDev,TJX,ok,0,1,1,2014-01-02,2014-01-03,2014-01-02
Factset_EPS_Est_StdDev,SBUX,ok,0,1,2,2014-01-02,2014-01-03,2014-01-02
Factset_EPS_Est_StdDev,ABNB,ok,5,1,2,2020-12-17,2020-12-18,2020-12-10
Factset_EPS_Est_StdDev,7203,ok,0,1,2,2014-01-02,2014-01-03,2014-01-02
Factset_EPS_Est_StdDev,ITX,ok,0,1,1,2014-01-02,2014-01-03,2014-01-02
Factset_EPS_Est_StdDev,ABT,ok,0,1,2,2014-01-02,2014-01-03,2014-01-02
Factset_EPS_Est_StdDev,DHR,ok,0,1,2,2014-01-02,2014-01-03,2014-01-02
Factset_EPS_Est_StdDev,VRTX,ok,0,1,2,2014-01-02,2014-01-03,2014-01-02
Factset_EPS_Est_StdDev,SAN,ok,0,1,2,2014-01-02,2014-01-03,2014-01-02
Factset_EPS_Est_StdDev,GE,ok,0,1,1,2024-04-02,2024-04-03,2024-04-02
Factset_EPS_Est_StdDev,TT,ok,0,1,2,2020-03-02,2020-03-03,2020-03-02
Factset_EPS_Est_StdDev,ABBN,ok,0,1,1,2014-01-02,2014-01-03,2014-01-02
Factset_EPS_Est_StdDev,KO,ok,0,1,2,2014-01-02,2014-01-03,2014-01-02
Factset_EPS_Est_StdDev,ULVR,ok,0,1,1,2014-01-02,2014-01-03,2014-01-02
Factset_EPS_Est_StdDev,ECL,ok,0,1,2,2014-01-02,2014-01-03,2014-01-02
Factset_EPS_Est_StdDev,AI,ok,0,1,1,2014-01-02,2014-01-03,2014-01-02
Factset_EPS_Est_StdDev,IBE,ok,0,1,1,2014-01-02,2014-01-03,2014-01-02
Factset_EPS_Est_StdDev,INTU,ok,0,1,2,2014-01-02,2014-01-03,2014-01-02
Factset_EPS_Est_StdDev,SNPS,ok,0,1,3,2014-01-02,2014-01-03,2014-01-02
Factset_EPS_Est_StdDev,APH,ok,0,1,2,2014-01-02,2014-01-03,2014-01-02
Factset_EPS_Est_StdDev,MSI,ok,0,1,2,2014-01-02,2014-01-03,2014-01-02
Factset_EPS_Est_StdDev,CRWD,ok,16,1,2,2019-07-05,2019-07-08,2019-06-12
Factset_EPS_Est_StdDev,NXPI,ok,0,1,2,2014-01-02,2014-01-03,2014-01-02
Factset_EPS_Est_StdDev,KEYS,ok,8,1,14,2014-10-31,2014-11-03,2014-10-21
Factset_EPS_Est_StdDev,ADSK,ok,0,1,2,2014-01-02,2014-01-03,2014-01-02
Factset_EPS_Est_StdDev,WDAY,ok,0,1,1,2014-01-02,2014-01-03,2014-01-02
Factset_EPS_Est_StdDev,WDC,ok,0,1,1,2025-02-24,2025-02-25,2025-02-24
Factset_EPS_Est_StdDev,DDOG,ok,15,1,2,2019-10-10,2019-10-11,2019-09-19
Factset_EPS_Est_StdDev,FTNT,ok,0,1,2,2014-01-02,2014-01-03,2014-01-02
Factset_EPS_Est_StdDev,DSY,ok,0,1,2,2014-01-02,2014-01-03,2014-01-02
Factset_EPS_Est_StdDev,6146,ok,0,1,1,2014-01-02,2014-01-03,2014-01-02
Factset_EPS_Est_StdDev,6981,ok,0,1,2,2014-01-02,2014-01-03,2014-01-02
Factset_EPS_Est_StdDev,BRK/B,ok,0,1,2,2014-01-02,2014-01-03,2014-01-02
Factset_EPS_Est_StdDev,CB,ok,0,1,2,2014-01-02,2014-01-03,2014-01-02
Factset_EPS_Est_StdDev,ICE,ok,0,1,2,2014-01-02,2014-01-03,2014-01-02
Factset_EPS_Est_StdDev,MCO,ok,0,1,2,2014-01-02,2014-01-03,2014-01-02
Factset_EPS_Est_StdDev,PYPL,ok,0,1,2,2015-07-07,2015-07-08,2015-07-07
Factset_EPS_Est_StdDev,COF,ok,0,1,1,2025-05-19,2025-05-20,2025-05-19
Factset_EPS_Est_StdDev,BNP,ok,0,1,2,2014-01-02,2014-01-03,2014-01-02
Factset_EPS_Est_StdDev,MUV2,ok,0,1,2,2014-01-02,2014-01-03,2014-01-02
Factset_EPS_Est_StdDev,RTX,ok,0,1,2,2014-01-02,2014-01-03,2014-01-02
Factset_EPS_Est_StdDev,EMR,ok,0,1,2,2014-01-02,2014-01-03,2014-01-02
Factset_EPS_Est_StdDev,AXON,ok,0,1,2,2014-01-02,2014-01-03,2014-01-02
Factset_EPS_Est_StdDev,UBER,ok,0,1,2,2019-05-10,2019-05-13,2019-05-10
Factset_EPS_Est_StdDev,AIR,ok,0,1,2,2014-01-02,2014-01-03,2014-01-02
Factset_EPS_Est_StdDev,SAF,ok,0,1,2,2014-01-02,2014-01-03,2014-01-02
Factset_EPS_Est_StdDev,MRK,ok,0,1,1,2014-01-02,2014-01-03,2014-01-02
Factset_EPS_Est_StdDev,AMGN,ok,0,1,1,2014-01-02,2014-01-03,2014-01-02
Factset_EPS_Est_StdDev,SYK,ok,0,1,2,2014-01-02,2014-01-03,2014-01-02
Factset_EPS_Est_StdDev,MCK,ok,0,1,2,2014-01-02,2014-01-03,2014-01-02
Factset_EPS_Est_StdDev,NOVN,ok,0,1,1,2014-01-02,2014-01-03,2014-01-02
Factset_EPS_Est_StdDev,NKE,ok,0,1,2,2014-01-02,2014-01-03,2014-01-02
Factset_EPS_Est_StdDev,ORLY,ok,0,1,2,2014-01-02,2014-01-03,2014-01-02
Factset_EPS_Est_StdDev,DASH,ok,0,1,2,2020-12-09,2020-12-10,2020-12-09
Factset_EPS_Est_StdDev,CFR,ok,0,1,1,2014-01-02,2014-01-03,2014-01-02
Factset_EPS_Est_StdDev,TTD,ok,9,1,1,2016-10-04,2016-10-05,2016-09-21
Factset_EPS_Est_StdDev,RBLX,ok,2,1,2,2021-03-12,2021-03-15,2021-03-10
Factset_EPS_Est_StdDev,9432,ok,0,1,1,2014-01-02,2014-01-03,2014-01-02
Factset_EPS_Est_StdDev,9433,ok,0,1,1,2014-01-02,2014-01-03,2014-01-02
Factset_EPS_Est_StdDev,PEP,ok,0,1,2,2014-01-02,2014-01-03,2014-01-02
Factset_EPS_Est_StdDev,MDLZ,ok,0,1,1,2014-01-02,2014-01-03,2014-01-02
Factset_EPS_Est_StdDev,OR,ok,0,1,1,2014-01-02,2014-01-03,2014-01-02
Factset_EPS_Est_StdDev,CVX,ok,0,1,3,2014-01-02,2014-01-03,2014-01-02
Factset_EPS_Est_StdDev,TTE,ok,0,1,1,2014-01-02,2014-01-03,2014-01-02
Factset_EPS_Est_StdDev,NEM,ok,0,1,2,2014-01-02,2014-01-03,2014-01-02
Factset_EPS_Est_StdDev,SHW,ok,0,1,2,2014-01-02,2014-01-03,2014-01-02
Factset_EPS_Est_StdDev,SO,ok,0,1,2,2014-01-02,2014-01-03,2014-01-02
Factset_EPS_Est_StdDev,APP,ok,16,1,1,2021-05-07,2021-05-10,2021-04-15
Factset_EPS_Est_StdDev,SNOW,ok,9,1,1,2020-09-29,2020-09-30,2020-09-16
Factset_EPS_Est_StdDev,NET,ok,15,1,2,2019-10-04,2019-10-07,2019-09-13
Factset_EPS_Est_StdDev,ZS,ok,15,1,2,2018-04-09,2018-04-10,2018-03-16
Factset_EPS_Est_StdDev,TEAM,ok,13,1,2,2015-12-30,2015-12-31,2015-12-10
Factset_EPS_Est_StdDev,COHR,ok,0,1,25,2014-01-02,2014-01-03,2014-01-02
Factset_EPS_Est_StdDev,ON,ok,0,1,2,2014-01-02,2014-01-03,2014-01-02
Factset_EPS_Est_StdDev,FICO,ok,0,1,19,2014-01-02,2014-01-03,2014-01-02
Factset_EPS_Est_StdDev,HPE,ok,5,1,1,2015-10-27,2015-10-28,2015-10-20
Factset_EPS_Est_StdDev,VRSN,ok,0,1,29,2014-01-02,2014-01-03,2014-01-02
Factset_EPS_Est_StdDev,ASM,ok,0,1,1,2014-01-02,2014-01-03,2014-01-02
Factset_EPS_Est_StdDev,MRSH,ok,0,1,2,2014-01-02,2014-01-03,2014-01-02
Factset_EPS_Est_StdDev,APO,ok,0,1,2,2014-01-02,2014-01-03,2014-01-02
Factset_EPS_Est_StdDev,MSCI,ok,0,1,2,2014-01-02,2014-01-03,2014-01-02
Factset_EPS_Est_StdDev,BNY,ok,0,1,2,2014-01-02,2014-01-03,2014-01-02
Factset_EPS_Est_StdDev,IBKR,ok,0,1,1,2014-01-02,2014-01-03,2014-01-02
Factset_EPS_Est_StdDev,UBSG,ok,0,1,1,2014-01-02,2014-01-03,2014-01-02
Factset_EPS_Est_StdDev,UCG,ok,0,1,5,2014-01-02,2014-01-03,2014-01-02
Factset_EPS_Est_StdDev,8316,ok,0,1,2,2014-01-02,2014-01-03,2014-01-02
Factset_EPS_Est_StdDev,ADP,ok,0,1,2,2014-01-02,2014-01-03,2014-01-02
Factset_EPS_Est_StdDev,HWM,ok,0,1,2,2020-04-01,2020-04-02,2020-04-01
Factset_EPS_Est_StdDev,WM,ok,0,1,2,2014-01-02,2014-01-03,2014-01-02
Factset_EPS_Est_StdDev,PH,ok,0,1,1,2014-01-02,2014-01-03,2014-01-02
Factset_EPS_Est_StdDev,REL,ok,0,1,1,2014-01-02,2014-01-03,2014-01-02
Factset_EPS_Est_StdDev,7011,ok,0,1,2,2014-01-02,2014-01-03,2014-01-02
Factset_EPS_Est_StdDev,ROP,ok,0,1,2,2014-01-02,2014-01-03,2014-01-02
Factset_EPS_Est_StdDev,GILD,ok,0,1,2,2014-01-02,2014-01-03,2014-01-02
Factset_EPS_Est_StdDev,PFE,ok,0,1,1,2014-01-02,2014-01-03,2014-01-02
Factset_EPS_Est_StdDev,MDT,ok,0,1,2,2014-01-02,2014-01-03,2014-01-02
Factset_EPS_Est_StdDev,HCA,ok,0,1,1,2014-01-02,2014-01-03,2014-01-02
Factset_EPS_Est_StdDev,ZTS,ok,0,1,1,2014-01-02,2014-01-03,2014-01-02
Factset_EPS_Est_StdDev,RMS,ok,0,1,1,2014-01-02,2014-01-03,2014-01-02
Factset_EPS_Est_StdDev,6758,ok,0,1,1,2014-01-02,2014-01-03,2014-01-02
Factset_EPS_Est_StdDev,CMG,ok,0,1,2,2014-01-02,2014-01-03,2014-01-02
Factset_EPS_Est_StdDev,MAR,ok,0,1,2,2014-01-02,2014-01-03,2014-01-02
Factset_EPS_Est_StdDev,GM,ok,0,1,2,2014-01-02,2014-01-03,2014-01-02
Factset_EPS_Est_StdDev,GRMN,ok,0,1,2,2014-01-02,2014-01-03,2014-01-02
Factset_EPS_Est_StdDev,RDDT,ok,8,1,1,2024-04-03,2024-04-04,2024-03-21
Factset_EPS_Est_StdDev,LYV,ok,0,1,2,2014-01-02,2014-01-03,2014-01-02
Factset_EPS_Est_StdDev,TKO,ok,0,1,1,2023-09-12,2023-09-13,2023-09-12
Factset_EPS_Est_StdDev,MO,ok,0,1,2,2014-01-02,2014-01-03,2014-01-02
Factset_EPS_Est_StdDev,CL,ok,0,1,1,2014-01-02,2014-01-03,2014-01-02
Factset_EPS_Est_StdDev,MNST,ok,0,1,1,2014-01-02,2014-01-03,2014-01-02
Factset_EPS_Est_StdDev,COP,ok,0,1,2,2014-01-02,2014-01-03,2014-01-02
Factset_EPS_Est_StdDev,SLB,ok,0,1,2,2014-01-02,2014-01-03,2014-01-02
Factset_EPS_Est_StdDev,APD,ok,0,1,2,2014-01-02,2014-01-03,2014-01-02
Factset_EPS_Est_StdDev,4063,ok,0,1,2,2014-01-02,2014-01-03,2014-01-02
Factset_EPS_Est_StdDev,NRG,ok,0,1,1,2014-01-02,2014-01-03,2014-01-02
Factset_EPS_Est_StdDev,ENEL,ok,0,1,2,2014-01-02,2014-01-03,2014-01-02
Factset_EPS_Est_StdDev,WELL,ok,0,1,1,2014-01-02,2014-01-03,2014-01-02
Fwd_Sales_Slope_1FY2FY,AAPL,ok,1081,2,66,2018-04-30,2018-05-02,2014-01-02
Fwd_Sales_Slope_1FY2FY,MSFT,ok,1206,252,68,2018-10-25,2019-10-28,2014-01-02
Fwd_Sales_Slope_1FY2FY,GOOGL,ok,1835,53,54,2021-04-28,2021-07-14,2014-01-02
Fwd_Sales_Slope_1FY2FY,AMZN,ok,956,22,65,2017-10-27,2017-11-29,2014-01-02
Fwd_Sales_Slope_1FY2FY,META,ok,1078,64,153,2018-04-25,2018-07-26,2014-01-02
Fwd_Sales_Slope_1FY2FY,NVDA,ok,1121,169,243,2018-06-26,2019-02-28,2014-01-02
Fwd_Sales_Slope_1FY2FY,TSLA,ok,1146,125,48,2018-08-01,2019-01-31,2014-01-02
Fwd_Sales_Slope_1FY2FY,PLTR,ok,349,1,63,2022-02-17,2022-02-18,2020-09-30
Fwd_Sales_Slope_1FY2FY,AVGO,ok,2300,85,55,2023-03-03,2023-07-06,2014-01-02
Fwd_Sales_Slope_1FY2FY,MU,ok,1941,1,63,2021-09-28,2021-09-29,2014-01-02
Fwd_Sales_Slope_1FY2FY,GEV,ok,21,16,14,2024-05-01,2024-05-23,2024-04-02
Fwd_Sales_Slope_1FY2FY,VRT,ok,1148,30,37,2023-02-23,2023-04-06,2018-08-01
Fwd_Sales_Slope_1FY2FY,BE,ok,700,97,50,2021-05-06,2021-09-23,2018-07-25
Fwd_Sales_Slope_1FY2FY,LITE,ok,2508,2,30,2025-07-17,2025-07-21,2015-07-27
Fwd_Sales_Slope_1FY2FY,000660,ok,2326,15,61,2023-04-11,2023-05-02,2014-01-02
Fwd_Sales_Slope_1FY2FY,005930,ok,1823,13,134,2021-04-12,2021-04-29,2014-01-02
Fwd_Sales_Slope_1FY2FY,UNH,ok,1135,64,180,2018-07-17,2018-10-16,2014-01-02
Fwd_Sales_Slope_1FY2FY,LLY,ok,820,1,57,2017-04-17,2017-04-18,2014-01-02
Fwd_Sales_Slope_1FY2FY,ISRG,ok,1618,10,61,2020-06-17,2020-07-01,2014-01-02
Fwd_Sales_Slope_1FY2FY,ABBV,ok,821,9,76,2017-04-18,2017-05-01,2014-01-02
Fwd_Sales_Slope_1FY2FY,REGN,ok,775,58,63,2017-02-09,2017-05-04,2014-01-02
Fwd_Sales_Slope_1FY2FY,JPM,ok,2148,32,43,2022-07-26,2022-09-09,2014-01-02
Fwd_Sales_Slope_1FY2FY,V,ok,1118,88,608,2018-06-21,2018-10-25,2014-01-02
Fwd_Sales_Slope_1FY2FY,MA,ok,1118,95,716,2018-06-21,2018-11-05,2014-01-02
Fwd_Sales_Slope_1FY2FY,BLK,ok,1640,61,121,2020-07-20,2020-10-14,2014-01-02
Fwd_Sales_Slope_1FY2FY,SPGI,ok,1615,31,71,2020-06-12,2020-07-28,2014-01-02
Fwd_Sales_Slope_1FY2FY,GS,ok,1799,217,47,2021-03-08,2022-01-13,2014-01-02
Fwd_Sales_Slope_1FY2FY,COST,ok,1617,83,116,2020-06-16,2020-10-13,2014-01-02
Fwd_Sales_Slope_1FY2FY,HD,ok,1664,64,68,2020-08-21,2020-11-20,2014-01-02
Fwd_Sales_Slope_1FY2FY,PG,ok,1097,49,124,2018-05-22,2018-08-01,2014-01-02
Fwd_Sales_Slope_1FY2FY,MCD,ok,1656,44,113,2020-08-11,2020-10-13,2014-01-02
Fwd_Sales_Slope_1FY2FY,WMT,ok,1812,38,49,2021-03-25,2021-05-19,2014-01-02
Fwd_Sales_Slope_1FY2FY,CAT,ok,2376,17,39,2023-06-22,2023-07-18,2014-01-02
Fwd_Sales_Slope_1FY2FY,HON,ok,2281,1,37,2023-02-03,2023-02-06,2014-01-02
Fwd_Sales_Slope_1FY2FY,DE,ok,2042,26,86,2022-02-22,2022-03-30,2014-01-02
Fwd_Sales_Slope_1FY2FY,UNP,ok,2020,19,32,2022-01-20,2022-02-16,2014-01-02
Fwd_Sales_Slope_1FY2FY,LMT,ok,1772,251,57,2021-01-27,2022-01-25,2014-01-02
Fwd_Sales_Slope_1FY2FY,ETN,ok,2266,2,38,2023-01-12,2023-01-17,2014-01-02
Fwd_Sales_Slope_1FY2FY,XOM,ok,1628,1,31,2020-07-01,2020-07-02,2014-01-02
Fwd_Sales_Slope_1FY2FY,LNG,ok,1730,31,47,2020-11-24,2021-01-11,2014-01-02
Fwd_Sales_Slope_1FY2FY,FCX,ok,1166,40,64,2018-08-29,2018-10-25,2014-01-02
Fwd_Sales_Slope_1FY2FY,LIN,ok,1719,11,183,2020-11-09,2020-11-24,2014-01-02
Fwd_Sales_Slope_1FY2FY,NEE,ok,2272,2,47,2023-01-23,2023-01-25,2014-01-02
Fwd_Sales_Slope_1FY2FY,AMT,ok,1649,4,44,2020-07-31,2020-08-06,2014-01-02
Fwd_Sales_Slope_1FY2FY,EQIX,ok,1651,61,69,2020-08-04,2020-10-29,2014-01-02
Fwd_Sales_Slope_1FY2FY,TMUS,ok,1647,8,63,2020-07-29,2020-08-10,2014-01-02
Fwd_Sales_Slope_1FY2FY,PLD,ok,1853,39,58,2021-05-24,2021-07-20,2014-01-02
Fwd_Sales_Slope_1FY2FY,AMD,ok,2091,2,61,2022-05-03,2022-05-05,2014-01-02
Fwd_Sales_Slope_1FY2FY,CRM,ok,1357,127,130,2019-06-05,2019-12-04,2014-01-02
Fwd_Sales_Slope_1FY2FY,NFLX,ok,257,59,441,2015-01-21,2015-04-16,2014-01-02
Fwd_Sales_Slope_1FY2FY,TER,ok,2339,57,64,2023-04-28,2023-07-21,2014-01-02
Fwd_Sales_Slope_1FY2FY,GLW,ok,1961,39,62,2021-10-26,2021-12-21,2014-01-02
Fwd_Sales_Slope_1FY2FY,JNJ,ok,1630,12,69,2020-07-06,2020-07-22,2014-01-02
Fwd_Sales_Slope_1FY2FY,WFC,ok,2351,24,23,2023-05-16,2023-06-21,2014-01-02
Fwd_Sales_Slope_1FY2FY,MPC,ok,2271,31,48,2023-01-20,2023-03-07,2014-01-02
Fwd_Sales_Slope_1FY2FY,LRCX,ok,2403,56,42,2023-08-01,2023-10-19,2014-01-02
Fwd_Sales_Slope_1FY2FY,AMAT,ok,2230,39,42,2022-11-18,2023-01-18,2014-01-02
Fwd_Sales_Slope_1FY2FY,PANW,ok,1666,53,62,2020-08-25,2020-11-09,2014-01-02
Fwd_Sales_Slope_1FY2FY,FN,ok,2894,22,48,2025-07-17,2025-08-18,2014-01-02
Fwd_Sales_Slope_1FY2FY,MPWR,ok,1840,57,70,2021-05-05,2021-07-27,2014-01-02
Fwd_Sales_Slope_1FY2FY,BAC,ok,2278,1,36,2023-01-31,2023-02-01,2014-01-02
Fwd_Sales_Slope_1FY2FY,CSCO,ok,1031,43,777,2018-02-15,2018-04-19,2014-01-02
Fwd_Sales_Slope_1FY2FY,INTC,ok,2150,56,57,2022-07-28,2022-10-17,2014-01-02
Fwd_Sales_Slope_1FY2FY,ORCL,ok,1368,608,62,2019-06-20,2021-11-16,2014-01-02
Fwd_Sales_Slope_1FY2FY,TSM,ok,2079,61,64,2022-04-14,2022-07-14,2014-01-02
Fwd_Sales_Slope_1FY2FY,SNDK,ok,20,7,20,2025-03-24,2025-04-02,2025-02-24
Fwd_Sales_Slope_1FY2FY,KLAC,ok,2464,19,37,2023-10-26,2023-11-22,2014-01-02
Fwd_Sales_Slope_1FY2FY,ANET,ok,1079,57,802,2018-09-18,2018-12-10,2014-06-06
Fwd_Sales_Slope_1FY2FY,MRVL,ok,1920,28,68,2021-08-27,2021-10-07,2014-01-02
Fwd_Sales_Slope_1FY2FY,CDNS,ok,2292,44,52,2023-02-21,2023-04-25,2014-01-02
Fwd_Sales_Slope_1FY2FY,STX,ok,2274,1,65,2023-01-25,2023-01-26,2014-01-02
Fwd_Sales_Slope_1FY2FY,PWR,ok,2107,49,63,2022-05-25,2022-08-05,2014-01-02
Fwd_Sales_Slope_1FY2FY,BX,ok,2461,19,40,2023-10-23,2023-11-17,2014-01-02
Fwd_Sales_Slope_1FY2FY,TMO,ok,1644,192,66,2020-07-24,2021-04-29,2014-01-02
Fwd_Sales_Slope_1FY2FY,BSX,ok,1639,320,42,2020-07-17,2021-10-22,2014-01-02
Fwd_Sales_Slope_1FY2FY,BKNG,ok,1543,9,64,2020-03-02,2020-03-13,2014-01-02
Fwd_Sales_Slope_1FY2FY,PM,ok,1585,4,41,2020-04-30,2020-05-06,2014-01-02
Fwd_Sales_Slope_1FY2FY,WMB,ok,2292,4,56,2023-02-21,2023-02-27,2014-01-02
Fwd_Sales_Slope_1FY2FY,CEG,ok,239,4,28,2023-01-17,2023-01-23,2022-02-02
Fwd_Sales_Slope_1FY2FY,VST,ok,1172,44,60,2021-06-03,2021-08-05,2016-10-05
Fwd_Sales_Slope_1FY2FY,DLR,ok,1653,5,66,2020-08-06,2020-08-13,2014-01-02
Fwd_Sales_Slope_1FY2FY,ARM,ok,0,3,23,2023-09-14,2023-09-19,2023-09-14
Fwd_Sales_Slope_1FY2FY,SPOT,ok,335,34,76,2019-08-01,2019-09-19,2018-04-03
Fwd_Sales_Slope_1FY2FY,RACE,ok,1673,2,35,2022-06-14,2022-06-16,2015-10-21
Fwd_Sales_Slope_1FY2FY,285A,ok,100,1,15,2025-05-15,2025-05-16,2024-12-18
Fwd_Sales_Slope_1FY2FY,6857,ok,2374,53,57,2023-06-20,2023-09-05,2014-01-02
Fwd_Sales_Slope_1FY2FY,SU,ok,1707,49,47,2020-10-22,2021-01-04,2014-01-02
Fwd_Sales_Slope_1FY2FY,SIE,ok,1738,134,102,2020-12-07,2021-06-21,2014-01-02
Fwd_Sales_Slope_1FY2FY,RHM,ok,333,126,332,2015-05-11,2015-11-06,2014-01-02
Fwd_Sales_Slope_1FY2FY,ALV,ok,2337,13,52,2023-04-26,2023-05-15,2014-01-02
Fwd_Sales_Slope_1FY2FY,MC,ok,914,36,99,2017-08-29,2017-10-19,2014-01-02
Fwd_Sales_Slope_1FY2FY,NESN,ok,792,33,109,2017-03-07,2017-04-24,2014-01-02
Fwd_Sales_Slope_1FY2FY,RR/,ok,1617,76,114,2020-06-16,2020-10-02,2014-01-02
Fwd_Sales_Slope_1FY2FY,SAP,ok,301,197,137,2015-03-25,2016-01-05,2014-01-02
Fwd_Sales_Slope_1FY2FY,ASML,ok,1379,9,109,2019-07-08,2019-07-19,2014-01-02
Fwd_Sales_Slope_1FY2FY,AZN,ok,127,90,124,2014-07-16,2014-11-20,2014-01-02
Fwd_Sales_Slope_1FY2FY,SHEL,ok,1899,2,152,2021-07-29,2021-08-02,2014-01-02
Fwd_Sales_Slope_1FY2FY,HSBA,ok,2403,3,43,2023-08-01,2023-08-04,2014-01-02
Fwd_Sales_Slope_1FY2FY,NOVOB,ok,258,45,107,2015-01-22,2015-03-27,2014-01-02
Fwd_Sales_Slope_1FY2FY,RIO,ok,1512,17,57,2020-01-15,2020-02-10,2014-01-02
Fwd_Sales_Slope_1FY2FY,QCOM,ok,2281,32,61,2023-02-03,2023-03-22,2014-01-02
Fwd_Sales_Slope_1FY2FY,TXN,ok,2086,1,62,2022-04-26,2022-04-27,2014-01-02
Fwd_Sales_Slope_1FY2FY,ADBE,ok,990,17,171,2017-12-15,2018-01-11,2014-01-02
Fwd_Sales_Slope_1FY2FY,NOW,ok,1523,1,65,2020-01-31,2020-02-03,2014-01-02
Fwd_Sales_Slope_1FY2FY,ACN,ok,805,690,382,2017-03-24,2019-12-19,2014-01-02
Fwd_Sales_Slope_1FY2FY,IBM,ok,1399,124,501,2019-08-05,2020-01-31,2014-01-02
Fwd_Sales_Slope_1FY2FY,ADI,ok,2075,27,67,2022-04-08,2022-05-18,2014-01-02
Fwd_Sales_Slope_1FY2FY,DELL,ok,1115,61,57,2023-06-05,2023-08-31,2018-12-28
Fwd_Sales_Slope_1FY2FY,8035,ok,2360,10,59,2023-05-30,2023-06-13,2014-01-02
Fwd_Sales_Slope_1FY2FY,IFX,ok,643,80,124,2016-08-02,2016-11-23,2014-01-02
Fwd_Sales_Slope_1FY2FY,MS,ok,2025,9,43,2022-01-27,2022-02-09,2014-01-02
Fwd_Sales_Slope_1FY2FY,SCHW,ok,1769,249,38,2021-01-22,2022-01-18,2014-01-02
Fwd_Sales_Slope_1FY2FY,AXP,ok,1780,264,82,2021-02-08,2022-02-24,2014-01-02
Fwd_Sales_Slope_1FY2FY,PGR,ok,2056,21,31,2022-03-14,2022-04-12,2014-01-02
Fwd_Sales_Slope_1FY2FY,AON,ok,2034,20,50,2022-02-09,2022-03-10,2014-01-02
Fwd_Sales_Slope_1FY2FY,CME,ok,2288,13,27,2023-02-14,2023-03-06,2014-01-02
Fwd_Sales_Slope_1FY2FY,KKR,ok,2346,1,34,2023-05-09,2023-05-10,2014-01-02
Fwd_Sales_Slope_1FY2FY,BN,ok,551,19,47,2025-02-25,2025-03-24,2022-12-12
Fwd_Sales_Slope_1FY2FY,C,ok,2306,45,32,2023-03-13,2023-05-16,2014-01-02
Fwd_Sales_Slope_1FY2FY,LSEG,ok,2495,4,18,2023-12-11,2023-12-15,2014-01-02
Fwd_Sales_Slope_1FY2FY,ZURN,ok,2337,16,35,2023-04-26,2023-05-18,2014-01-02
Fwd_Sales_Slope_1FY2FY,CS,ok,2095,20,67,2022-05-09,2022-06-07,2014-01-02
Fwd_Sales_Slope_1FY2FY,8306,ok,2262,19,52,2023-01-06,2023-02-03,2014-01-02
Fwd_Sales_Slope_1FY2FY,DIS,ok,1401,66,58,2019-08-07,2019-11-08,2014-01-02
Fwd_Sales_Slope_1FY2FY,CMCSA,ok,1392,56,125,2019-07-25,2019-10-14,2014-01-02
Fwd_Sales_Slope_1FY2FY,VZ,ok,1645,2,44,2020-07-27,2020-07-29,2014-01-02
Fwd_Sales_Slope_1FY2FY,T,ok,1644,7,44,2020-07-24,2020-08-04,2014-01-02
Fwd_Sales_Slope_1FY2FY,TTWO,ok,1781,69,64,2021-02-09,2021-05-19,2014-01-02
Fwd_Sales_Slope_1FY2FY,PUB,ok,1645,54,64,2020-07-27,2020-10-12,2014-01-02
Fwd_Sales_Slope_1FY2FY,7974,ok,2346,26,29,2023-05-09,2023-06-15,2014-01-02
Fwd_Sales_Slope_1FY2FY,DTE,ok,335,198,432,2015-05-13,2016-02-25,2014-01-02
Fwd_Sales_Slope_1FY2FY,UMG,ok,115,2,31,2022-03-07,2022-03-09,2021-09-21
Fwd_Sales_Slope_1FY2FY,LOW,ok,1544,59,66,2020-03-03,2020-05-27,2014-01-02
Fwd_Sales_Slope_1FY2FY,TJX,ok,1225,123,252,2018-11-21,2019-05-22,2014-01-02
Fwd_Sales_Slope_1FY2FY,SBUX,ok,1659,56,235,2020-08-14,2020-11-03,2014-01-02
Fwd_Sales_Slope_1FY2FY,ABNB,ok,15,8,49,2021-01-04,2021-01-14,2020-12-10
Fwd_Sales_Slope_1FY2FY,7203,ok,2379,12,40,2023-06-27,2023-07-14,2014-01-02
Fwd_Sales_Slope_1FY2FY,ITX,ok,930,17,110,2017-09-21,2017-10-16,2014-01-02
Fwd_Sales_Slope_1FY2FY,ABT,ok,1962,30,52,2021-10-27,2021-12-09,2014-01-02
Fwd_Sales_Slope_1FY2FY,DHR,ok,1590,47,62,2020-05-07,2020-07-15,2014-01-02
Fwd_Sales_Slope_1FY2FY,VRTX,ok,75,438,251,2014-05-01,2016-01-27,2014-01-02
Fwd_Sales_Slope_1FY2FY,SAN,ok,1025,16,195,2018-02-07,2018-03-02,2014-01-02
Fwd_Sales_Slope_1FY2FY,GE,ok,0,1,30,2024-04-02,2024-04-03,2024-04-02
Fwd_Sales_Slope_1FY2FY,TT,ok,738,42,38,2023-02-03,2023-04-05,2020-03-02
Fwd_Sales_Slope_1FY2FY,ABBN,ok,1584,59,45,2020-04-29,2020-07-23,2014-01-02
Fwd_Sales_Slope_1FY2FY,KO,ok,1142,140,171,2018-07-26,2019-02-15,2014-01-02
Fwd_Sales_Slope_1FY2FY,ULVR,ok,766,44,101,2017-01-27,2017-03-31,2014-01-02
Fwd_Sales_Slope_1FY2FY,ECL,ok,1496,39,75,2019-12-20,2020-02-19,2014-01-02
Fwd_Sales_Slope_1FY2FY,AI,ok,1401,123,171,2019-08-07,2020-02-03,2014-01-02
Fwd_Sales_Slope_1FY2FY,IBE,ok,1718,19,70,2020-11-06,2020-12-04,2014-01-02
Fwd_Sales_Slope_1FY2FY,INTU,ok,2168,1,67,2022-08-23,2022-08-24,2014-01-02
Fwd_Sales_Slope_1FY2FY,SNPS,ok,2289,64,59,2023-02-15,2023-05-18,2014-01-02
Fwd_Sales_Slope_1FY2FY,APH,ok,2274,18,61,2023-01-25,2023-02-21,2014-01-02
Fwd_Sales_Slope_1FY2FY,MSI,ok,2345,61,65,2023-05-08,2023-08-04,2014-01-02
Fwd_Sales_Slope_1FY2FY,CRWD,ok,311,64,112,2020-09-03,2020-12-04,2019-06-12
Fwd_Sales_Slope_1FY2FY,NXPI,ok,2342,56,74,2023-05-03,2023-07-25,2014-01-02
Fwd_Sales_Slope_1FY2FY,KEYS,ok,1533,60,65,2020-11-20,2021-02-19,2014-10-21
Fwd_Sales_Slope_1FY2FY,ADSK,ok,1350,38,190,2019-05-24,2019-07-19,2014-01-02
Fwd_Sales_Slope_1FY2FY,WDAY,ok,1039,65,306,2018-02-28,2018-06-01,2014-01-02
Fwd_Sales_Slope_1FY2FY,WDC,ok,0,1,21,2025-02-24,2025-02-25,2025-02-24
Fwd_Sales_Slope_1FY2FY,DDOG,ok,39,60,191,2019-11-13,2020-02-11,2019-09-19
Fwd_Sales_Slope_1FY2FY,FTNT,ok,1654,9,66,2020-08-07,2020-08-20,2014-01-02
Fwd_Sales_Slope_1FY2FY,DSY,ok,1606,37,67,2020-06-01,2020-07-23,2014-01-02
Fwd_Sales_Slope_1FY2FY,6146,ok,2356,18,53,2023-05-23,2023-06-20,2014-01-02
Fwd_Sales_Slope_1FY2FY,6981,ok,2403,26,108,2023-08-01,2023-09-07,2014-01-02
Fwd_Sales_Slope_1FY2FY,BRK/B,ok,2591,53,73,2024-04-30,2024-07-17,2014-01-02
Fwd_Sales_Slope_1FY2FY,CB,ok,2061,125,101,2022-03-21,2022-09-19,2014-01-02
Fwd_Sales_Slope_1FY2FY,ICE,ok,2290,4,40,2023-02-16,2023-02-23,2014-01-02
Fwd_Sales_Slope_1FY2FY,MCO,ok,1649,52,72,2020-07-31,2020-10-14,2014-01-02
Fwd_Sales_Slope_1FY2FY,PYPL,ok,686,25,197,2018-03-27,2018-05-02,2015-07-07
Fwd_Sales_Slope_1FY2FY,COF,ok,0,4,20,2025-05-19,2025-05-23,2025-05-19
Fwd_Sales_Slope_1FY2FY,BNP,ok,2078,126,57,2022-04-13,2022-10-13,2014-01-02
Fwd_Sales_Slope_1FY2FY,MUV2,ok,2337,45,31,2023-04-26,2023-06-30,2014-01-02
Fwd_Sales_Slope_1FY2FY,RTX,ok,1711,65,186,2020-10-28,2021-02-02,2014-01-02
Fwd_Sales_Slope_1FY2FY,EMR,ok,2268,14,38,2023-01-17,2023-02-06,2014-01-02
Fwd_Sales_Slope_1FY2FY,AXON,ok,2577,18,50,2024-04-10,2024-05-06,2014-01-02
Fwd_Sales_Slope_1FY2FY,UBER,ok,62,1,54,2019-08-08,2019-08-09,2019-05-10
Fwd_Sales_Slope_1FY2FY,AIR,ok,1394,66,52,2019-07-29,2019-10-30,2014-01-02
Fwd_Sales_Slope_1FY2FY,SAF,ok,1616,26,72,2020-06-15,2020-07-22,2014-01-02
Fwd_Sales_Slope_1FY2FY,MRK,ok,1022,1,51,2018-02-02,2018-02-05,2014-01-02
Fwd_Sales_Slope_1FY2FY,AMGN,ok,827,18,80,2017-04-26,2017-05-22,2014-01-02
Fwd_Sales_Slope_1FY2FY,SYK,ok,2239,5,63,2022-12-02,2022-12-09,2014-01-02
Fwd_Sales_Slope_1FY2FY,MCK,ok,2364,41,43,2023-06-05,2023-08-03,2014-01-02
Fwd_Sales_Slope_1FY2FY,NOVN,ok,1014,1,60,2018-01-23,2018-01-24,2014-01-02
Fwd_Sales_Slope_1FY2FY,NKE,ok,1124,60,394,2018-06-29,2018-09-25,2014-01-02
Fwd_Sales_Slope_1FY2FY,ORLY,ok,1651,75,263,2020-08-04,2020-11-18,2014-01-02
Fwd_Sales_Slope_1FY2FY,DASH,ok,49,3,54,2021-02-22,2021-02-25,2020-12-09
Fwd_Sales_Slope_1FY2FY,CFR,ok,1087,14,251,2018-05-08,2018-05-29,2014-01-02
Fwd_Sales_Slope_1FY2FY,TTD,ok,724,65,72,2019-08-08,2019-11-08,2016-09-21
Fwd_Sales_Slope_1FY2FY,RBLX,ok,218,20,30,2022-01-19,2022-02-16,2021-03-10
Fwd_Sales_Slope_1FY2FY,9432,ok,1859,47,52,2021-06-02,2021-08-09,2014-01-02
Fwd_Sales_Slope_1FY2FY,9433,ok,1930,11,62,2021-09-13,2021-09-28,2014-01-02
Fwd_Sales_Slope_1FY2FY,PEP,ok,1080,110,252,2018-04-27,2018-10-03,2014-01-02
Fwd_Sales_Slope_1FY2FY,MDLZ,ok,1539,26,59,2020-02-25,2020-04-01,2014-01-02
Fwd_Sales_Slope_1FY2FY,OR,ok,428,1,262,2015-09-24,2015-09-25,2014-01-02
Fwd_Sales_Slope_1FY2FY,CVX,ok,1612,16,27,2020-06-09,2020-07-01,2014-01-02
Fwd_Sales_Slope_1FY2FY,TTE,ok,1692,29,40,2020-10-01,2020-11-11,2014-01-02
Fwd_Sales_Slope_1FY2FY,NEM,ok,1598,1,40,2020-05-19,2020-05-20,2014-01-02
Fwd_Sales_Slope_1FY2FY,SHW,ok,1711,63,64,2020-10-28,2021-01-29,2014-01-02
Fwd_Sales_Slope_1FY2FY,SO,ok,2268,1,39,2023-01-17,2023-01-18,2014-01-02
Fwd_Sales_Slope_1FY2FY,APP,ok,20,63,48,2021-05-13,2021-08-12,2021-04-15
Fwd_Sales_Slope_1FY2FY,SNOW,ok,116,1,59,2021-03-04,2021-03-05,2020-09-16
Fwd_Sales_Slope_1FY2FY,NET,ok,667,1,60,2022-05-06,2022-05-09,2019-09-13
Fwd_Sales_Slope_1FY2FY,ZS,ok,612,14,64,2020-08-20,2020-09-10,2018-03-16
Fwd_Sales_Slope_1FY2FY,TEAM,ok,721,79,184,2018-10-22,2019-02-15,2015-12-10
Fwd_Sales_Slope_1FY2FY,COHR,ok,2596,35,47,2024-05-07,2024-06-27,2014-01-02
Fwd_Sales_Slope_1FY2FY,ON,ok,2341,10,50,2023-05-02,2023-05-16,2014-01-02
Fwd_Sales_Slope_1FY2FY,FICO,ok,1905,74,49,2021-08-06,2021-11-19,2014-01-02
Fwd_Sales_Slope_1FY2FY,HPE,ok,1399,142,71,2021-05-12,2021-12-02,2015-10-20
Fwd_Sales_Slope_1FY2FY,VRSN,ok,2401,64,71,2023-07-28,2023-10-27,2014-01-02
Fwd_Sales_Slope_1FY2FY,ASM,ok,1714,80,67,2020-11-02,2021-03-01,2014-01-02
Fwd_Sales_Slope_1FY2FY,MRSH,ok,2099,31,53,2022-05-13,2022-06-29,2014-01-02
Fwd_Sales_Slope_1FY2FY,APO,ok,2767,1,24,2025-01-13,2025-01-14,2014-01-02
Fwd_Sales_Slope_1FY2FY,MSCI,ok,1647,63,109,2020-07-29,2020-10-27,2014-01-02
Fwd_Sales_Slope_1FY2FY,BNY,ok,2069,167,104,2022-03-31,2022-11-29,2014-01-02
Fwd_Sales_Slope_1FY2FY,IBKR,ok,2519,11,22,2024-01-17,2024-02-01,2014-01-02
Fwd_Sales_Slope_1FY2FY,UBSG,ok,1964,113,137,2021-10-29,2022-04-12,2014-01-02
Fwd_Sales_Slope_1FY2FY,UCG,ok,2470,15,21,2023-11-03,2023-11-27,2014-01-02
Fwd_Sales_Slope_1FY2FY,8316,ok,2356,6,45,2023-05-23,2023-06-01,2014-01-02
Fwd_Sales_Slope_1FY2FY,ADP,ok,1647,64,63,2020-07-29,2020-10-28,2014-01-02
Fwd_Sales_Slope_1FY2FY,HWM,ok,748,28,52,2023-03-22,2023-05-02,2020-04-01
Fwd_Sales_Slope_1FY2FY,WM,ok,703,27,131,2016-10-26,2016-12-05,2014-01-02
Fwd_Sales_Slope_1FY2FY,PH,ok,956,1096,36,2017-10-27,2022-03-08,2014-01-02
Fwd_Sales_Slope_1FY2FY,REL,ok,1643,65,57,2020-07-23,2020-10-23,2014-01-02
Fwd_Sales_Slope_1FY2FY,7011,ok,2374,33,46,2023-06-20,2023-08-07,2014-01-02
Fwd_Sales_Slope_1FY2FY,ROP,ok,1014,8,67,2018-01-23,2018-02-02,2014-01-02
Fwd_Sales_Slope_1FY2FY,GILD,ok,132,44,251,2014-07-23,2014-09-24,2014-01-02
Fwd_Sales_Slope_1FY2FY,PFE,ok,769,54,67,2017-02-01,2017-04-20,2014-01-02
Fwd_Sales_Slope_1FY2FY,MDT,ok,1602,64,275,2020-05-26,2020-08-25,2014-01-02
Fwd_Sales_Slope_1FY2FY,HCA,ok,1643,14,100,2020-07-23,2020-08-12,2014-01-02
Fwd_Sales_Slope_1FY2FY,ZTS,ok,1338,172,67,2019-05-08,2020-01-13,2014-01-02
Fwd_Sales_Slope_1FY2FY,RMS,ok,932,147,289,2017-09-25,2018-04-26,2014-01-02
Fwd_Sales_Slope_1FY2FY,6758,ok,2155,10,47,2022-08-04,2022-08-18,2014-01-02
Fwd_Sales_Slope_1FY2FY,CMG,ok,1388,26,167,2019-07-19,2019-08-26,2014-01-02
Fwd_Sales_Slope_1FY2FY,MAR,ok,1565,30,68,2020-04-01,2020-05-14,2014-01-02
Fwd_Sales_Slope_1FY2FY,GM,ok,1953,6,55,2021-10-14,2021-10-22,2014-01-02
Fwd_Sales_Slope_1FY2FY,GRMN,ok,2343,62,75,2023-05-04,2023-08-03,2014-01-02
Fwd_Sales_Slope_1FY2FY,RDDT,ok,0,3,20,2024-03-21,2024-03-26,2024-03-21
Fwd_Sales_Slope_1FY2FY,LYV,ok,2086,4,54,2022-04-26,2022-05-02,2014-01-02
Fwd_Sales_Slope_1FY2FY,TKO,ok,0,7,34,2023-09-12,2023-09-21,2023-09-12
Fwd_Sales_Slope_1FY2FY,MO,ok,1632,10,57,2020-07-08,2020-07-22,2014-01-02
Fwd_Sales_Slope_1FY2FY,CL,ok,1081,63,316,2018-04-30,2018-07-30,2014-01-02
Fwd_Sales_Slope_1FY2FY,MNST,ok,1606,38,55,2020-06-01,2020-07-24,2014-01-02
Fwd_Sales_Slope_1FY2FY,COP,ok,1627,10,27,2020-06-30,2020-07-15,2014-01-02
Fwd_Sales_Slope_1FY2FY,SLB,ok,1705,114,102,2020-10-20,2021-04-06,2014-01-02
Fwd_Sales_Slope_1FY2FY,APD,ok,1971,48,53,2021-11-09,2022-01-19,2014-01-02
Fwd_Sales_Slope_1FY2FY,4063,ok,2360,6,61,2023-05-30,2023-06-07,2014-01-02
Fwd_Sales_Slope_1FY2FY,NRG,ok,1841,1,118,2021-05-06,2021-05-07,2014-01-02
Fwd_Sales_Slope_1FY2FY,ENEL,ok,1872,16,59,2021-06-21,2021-07-14,2014-01-02
Fwd_Sales_Slope_1FY2FY,WELL,ok,1704,28,71,2020-10-19,2020-11-27,2014-01-02
Fwd_Sales_Slope_1BF2BF,AAPL,ok,0,1,2,2014-01-02,2014-01-03,2014-01-02
Fwd_Sales_Slope_1BF2BF,MSFT,ok,0,1,2,2014-01-02,2014-01-03,2014-01-02
Fwd_Sales_Slope_1BF2BF,GOOGL,ok,0,1,2,2014-01-02,2014-01-03,2014-01-02
Fwd_Sales_Slope_1BF2BF,AMZN,ok,0,1,1,2014-01-02,2014-01-03,2014-01-02
Fwd_Sales_Slope_1BF2BF,META,ok,0,1,1,2014-01-02,2014-01-03,2014-01-02
Fwd_Sales_Slope_1BF2BF,NVDA,ok,0,1,2,2014-01-02,2014-01-03,2014-01-02
Fwd_Sales_Slope_1BF2BF,TSLA,ok,0,1,1,2014-01-02,2014-01-03,2014-01-02
Fwd_Sales_Slope_1BF2BF,PLTR,ok,20,1,1,2020-10-28,2020-10-29,2020-09-30
Fwd_Sales_Slope_1BF2BF,AVGO,ok,0,1,2,2014-01-02,2014-01-03,2014-01-02
Fwd_Sales_Slope_1BF2BF,MU,ok,0,1,2,2014-01-02,2014-01-03,2014-01-02
Fwd_Sales_Slope_1BF2BF,GEV,ok,1,1,1,2024-04-03,2024-04-04,2024-04-02
Fwd_Sales_Slope_1BF2BF,VRT,ok,404,1,1,2020-03-11,2020-03-12,2018-08-01
Fwd_Sales_Slope_1BF2BF,BE,ok,20,1,1,2018-08-22,2018-08-23,2018-07-25
Fwd_Sales_Slope_1BF2BF,LITE,ok,13,1,2,2015-08-13,2015-08-14,2015-07-27
Fwd_Sales_Slope_1BF2BF,000660,ok,0,1,1,2014-01-02,2014-01-03,2014-01-02
Fwd_Sales_Slope_1BF2BF,005930,ok,0,1,1,2014-01-02,2014-01-03,2014-01-02
Fwd_Sales_Slope_1BF2BF,UNH,ok,0,1,1,2014-01-02,2014-01-03,2014-01-02
Fwd_Sales_Slope_1BF2BF,LLY,ok,0,1,1,2014-01-02,2014-01-03,2014-01-02
Fwd_Sales_Slope_1BF2BF,ISRG,ok,0,1,1,2014-01-02,2014-01-03,2014-01-02
Fwd_Sales_Slope_1BF2BF,ABBV,ok,0,1,1,2014-01-02,2014-01-03,2014-01-02
Fwd_Sales_Slope_1BF2BF,REGN,ok,0,1,1,2014-01-02,2014-01-03,2014-01-02
Fwd_Sales_Slope_1BF2BF,JPM,ok,9,1,1,2014-01-15,2014-01-16,2014-01-02
Fwd_Sales_Slope_1BF2BF,V,ok,0,1,2,2014-01-02,2014-01-03,2014-01-02
Fwd_Sales_Slope_1BF2BF,MA,ok,21,1,1,2014-02-03,2014-02-04,2014-01-02
Fwd_Sales_Slope_1BF2BF,BLK,ok,4,1,1,2014-01-08,2014-01-09,2014-01-02
Fwd_Sales_Slope_1BF2BF,SPGI,ok,0,1,1,2014-01-02,2014-01-03,2014-01-02
Fwd_Sales_Slope_1BF2BF,GS,ok,11,1,1,2014-01-17,2014-01-21,2014-01-02
Fwd_Sales_Slope_1BF2BF,COST,ok,0,1,1,2014-01-02,2014-01-03,2014-01-02
Fwd_Sales_Slope_1BF2BF,HD,ok,0,1,2,2014-01-02,2014-01-03,2014-01-02
Fwd_Sales_Slope_1BF2BF,PG,ok,0,1,2,2014-01-02,2014-01-03,2014-01-02
Fwd_Sales_Slope_1BF2BF,MCD,ok,16,1,1,2014-01-27,2014-01-28,2014-01-02
Fwd_Sales_Slope_1BF2BF,WMT,ok,0,1,2,2014-01-02,2014-01-03,2014-01-02
Fwd_Sales_Slope_1BF2BF,CAT,ok,11,1,1,2014-01-17,2014-01-21,2014-01-02
Fwd_Sales_Slope_1BF2BF,HON,ok,0,1,1,2014-01-02,2014-01-03,2014-01-02
Fwd_Sales_Slope_1BF2BF,DE,ok,0,1,2,2014-01-02,2014-01-03,2014-01-02
Fwd_Sales_Slope_1BF2BF,UNP,ok,0,1,1,2014-01-02,2014-01-03,2014-01-02
Fwd_Sales_Slope_1BF2BF,LMT,ok,0,1,1,2014-01-02,2014-01-03,2014-01-02
Fwd_Sales_Slope_1BF2BF,ETN,ok,0,1,1,2014-01-02,2014-01-03,2014-01-02
Fwd_Sales_Slope_1BF2BF,XOM,ok,0,1,1,2014-01-02,2014-01-03,2014-01-02
Fwd_Sales_Slope_1BF2BF,LNG,ok,3,1,3,2014-01-07,2014-01-08,2014-01-02
Fwd_Sales_Slope_1BF2BF,FCX,ok,0,1,1,2014-01-02,2014-01-03,2014-01-02
Fwd_Sales_Slope_1BF2BF,LIN,ok,1220,1,1,2018-11-05,2018-11-06,2014-01-02
Fwd_Sales_Slope_1BF2BF,NEE,ok,0,1,1,2014-01-02,2014-01-03,2014-01-02
Fwd_Sales_Slope_1BF2BF,AMT,ok,0,1,1,2014-01-02,2014-01-03,2014-01-02
Fwd_Sales_Slope_1BF2BF,EQIX,ok,0,1,1,2014-01-02,2014-01-03,2014-01-02
Fwd_Sales_Slope_1BF2BF,TMUS,ok,0,1,1,2014-01-02,2014-01-03,2014-01-02
Fwd_Sales_Slope_1BF2BF,PLD,ok,31,1,52,2014-02-18,2014-02-19,2014-01-02
Fwd_Sales_Slope_1BF2BF,AMD,ok,13,1,1,2014-01-22,2014-01-23,2014-01-02
Fwd_Sales_Slope_1BF2BF,CRM,ok,0,1,1,2014-01-02,2014-01-03,2014-01-02
Fwd_Sales_Slope_1BF2BF,NFLX,ok,0,1,1,2014-01-02,2014-01-03,2014-01-02
Fwd_Sales_Slope_1BF2BF,TER,ok,15,1,1,2014-01-24,2014-01-27,2014-01-02
Fwd_Sales_Slope_1BF2BF,GLW,ok,19,1,1,2014-01-30,2014-01-31,2014-01-02
Fwd_Sales_Slope_1BF2BF,JNJ,ok,0,1,1,2014-01-02,2014-01-03,2014-01-02
Fwd_Sales_Slope_1BF2BF,WFC,ok,9,1,1,2014-01-15,2014-01-16,2014-01-02
Fwd_Sales_Slope_1BF2BF,MPC,ok,23,1,1,2014-02-05,2014-02-06,2014-01-02
Fwd_Sales_Slope_1BF2BF,LRCX,ok,0,1,2,2014-01-02,2014-01-03,2014-01-02
Fwd_Sales_Slope_1BF2BF,AMAT,ok,0,1,2,2014-01-02,2014-01-03,2014-01-02
Fwd_Sales_Slope_1BF2BF,PANW,ok,0,1,2,2014-01-02,2014-01-03,2014-01-02
Fwd_Sales_Slope_1BF2BF,FN,ok,0,1,2,2014-01-02,2014-01-03,2014-01-02
Fwd_Sales_Slope_1BF2BF,MPWR,ok,0,1,1,2014-01-02,2014-01-03,2014-01-02
Fwd_Sales_Slope_1BF2BF,BAC,ok,10,1,1,2014-01-16,2014-01-17,2014-01-02
Fwd_Sales_Slope_1BF2BF,CSCO,ok,0,1,2,2014-01-02,2014-01-03,2014-01-02
Fwd_Sales_Slope_1BF2BF,INTC,ok,9,1,1,2014-01-15,2014-01-16,2014-01-02
Fwd_Sales_Slope_1BF2BF,ORCL,ok,0,1,2,2014-01-02,2014-01-03,2014-01-02
Fwd_Sales_Slope_1BF2BF,TSM,ok,0,1,1,2014-01-02,2014-01-03,2014-01-02
Fwd_Sales_Slope_1BF2BF,SNDK,ok,2,1,1,2025-02-26,2025-02-27,2025-02-24
Fwd_Sales_Slope_1BF2BF,KLAC,ok,0,1,2,2014-01-02,2014-01-03,2014-01-02
Fwd_Sales_Slope_1BF2BF,ANET,ok,3,1,1,2014-06-11,2014-06-12,2014-06-06
Fwd_Sales_Slope_1BF2BF,MRVL,ok,0,1,2,2014-01-02,2014-01-03,2014-01-02
Fwd_Sales_Slope_1BF2BF,CDNS,ok,0,1,1,2014-01-02,2014-01-03,2014-01-02
Fwd_Sales_Slope_1BF2BF,STX,ok,0,1,2,2014-01-02,2014-01-03,2014-01-02
Fwd_Sales_Slope_1BF2BF,PWR,ok,34,1,1,2014-02-21,2014-02-24,2014-01-02
Fwd_Sales_Slope_1BF2BF,BX,ok,28,1,1,2014-02-12,2014-02-13,2014-01-02
Fwd_Sales_Slope_1BF2BF,TMO,ok,0,1,1,2014-01-02,2014-01-03,2014-01-02
Fwd_Sales_Slope_1BF2BF,BSX,ok,0,1,1,2014-01-02,2014-01-03,2014-01-02
Fwd_Sales_Slope_1BF2BF,BKNG,ok,0,1,1,2014-01-02,2014-01-03,2014-01-02
Fwd_Sales_Slope_1BF2BF,PM,ok,0,1,1,2014-01-02,2014-01-03,2014-01-02
Fwd_Sales_Slope_1BF2BF,WMB,ok,7,1,1,2014-01-13,2014-01-14,2014-01-02
Fwd_Sales_Slope_1BF2BF,CEG,ok,3,1,1,2022-02-07,2022-02-08,2022-02-02
Fwd_Sales_Slope_1BF2BF,VST,ok,154,1,1,2017-05-17,2017-05-18,2016-10-05
Fwd_Sales_Slope_1BF2BF,DLR,ok,0,1,1,2014-01-02,2014-01-03,2014-01-02
Fwd_Sales_Slope_1BF2BF,ARM,ok,0,1,1,2023-09-14,2023-09-15,2023-09-14
Fwd_Sales_Slope_1BF2BF,SPOT,ok,0,1,1,2018-04-03,2018-04-04,2018-04-03
Fwd_Sales_Slope_1BF2BF,RACE,ok,20,1,1,2015-11-18,2015-11-19,2015-10-21
Fwd_Sales_Slope_1BF2BF,285A,ok,29,1,1,2025-02-03,2025-02-04,2024-12-18
Fwd_Sales_Slope_1BF2BF,6857,ok,0,1,2,2014-01-02,2014-01-03,2014-01-02
Fwd_Sales_Slope_1BF2BF,SU,ok,0,1,1,2014-01-02,2014-01-03,2014-01-02
Fwd_Sales_Slope_1BF2BF,SIE,ok,0,1,2,2014-01-02,2014-01-03,2014-01-02
Fwd_Sales_Slope_1BF2BF,RHM,ok,0,1,1,2014-01-02,2014-01-03,2014-01-02
Fwd_Sales_Slope_1BF2BF,ALV,ok,0,1,1,2014-01-02,2014-01-03,2014-01-02
Fwd_Sales_Slope_1BF2BF,MC,ok,0,1,1,2014-01-02,2014-01-03,2014-01-02
Fwd_Sales_Slope_1BF2BF,NESN,ok,0,1,1,2014-01-02,2014-01-03,2014-01-02
Fwd_Sales_Slope_1BF2BF,RR/,ok,0,1,1,2014-01-02,2014-01-03,2014-01-02
Fwd_Sales_Slope_1BF2BF,SAP,ok,0,1,1,2014-01-02,2014-01-03,2014-01-02
Fwd_Sales_Slope_1BF2BF,ASML,ok,0,1,1,2014-01-02,2014-01-03,2014-01-02
Fwd_Sales_Slope_1BF2BF,AZN,ok,0,1,1,2014-01-02,2014-01-03,2014-01-02
Fwd_Sales_Slope_1BF2BF,SHEL,ok,0,1,1,2014-01-02,2014-01-03,2014-01-02
Fwd_Sales_Slope_1BF2BF,HSBA,ok,0,1,1,2014-01-02,2014-01-03,2014-01-02
Fwd_Sales_Slope_1BF2BF,NOVOB,ok,0,1,1,2014-01-02,2014-01-03,2014-01-02
Fwd_Sales_Slope_1BF2BF,RIO,ok,0,1,1,2014-01-02,2014-01-03,2014-01-02
Fwd_Sales_Slope_1BF2BF,QCOM,ok,0,1,3,2014-01-02,2014-01-03,2014-01-02
Fwd_Sales_Slope_1BF2BF,TXN,ok,0,1,1,2014-01-02,2014-01-03,2014-01-02
Fwd_Sales_Slope_1BF2BF,ADBE,ok,0,1,2,2014-01-02,2014-01-03,2014-01-02
Fwd_Sales_Slope_1BF2BF,NOW,ok,0,1,1,2014-01-02,2014-01-03,2014-01-02
Fwd_Sales_Slope_1BF2BF,ACN,ok,0,1,1,2014-01-02,2014-01-03,2014-01-02
Fwd_Sales_Slope_1BF2BF,IBM,ok,0,1,1,2014-01-02,2014-01-03,2014-01-02
Fwd_Sales_Slope_1BF2BF,ADI,ok,0,1,2,2014-01-02,2014-01-03,2014-01-02
Fwd_Sales_Slope_1BF2BF,DELL,ok,0,1,2,2018-12-28,2018-12-31,2018-12-28
Fwd_Sales_Slope_1BF2BF,8035,ok,0,1,2,2014-01-02,2014-01-03,2014-01-02
Fwd_Sales_Slope_1BF2BF,IFX,ok,0,1,2,2014-01-02,2014-01-03,2014-01-02
Fwd_Sales_Slope_1BF2BF,MS,ok,12,1,1,2014-01-21,2014-01-22,2014-01-02
Fwd_Sales_Slope_1BF2BF,SCHW,ok,0,1,1,2014-01-02,2014-01-03,2014-01-02
Fwd_Sales_Slope_1BF2BF,AXP,ok,12,1,1,2014-01-21,2014-01-22,2014-01-02
Fwd_Sales_Slope_1BF2BF,PGR,ok,15,1,1,2014-01-24,2014-01-27,2014-01-02
Fwd_Sales_Slope_1BF2BF,AON,ok,0,1,1,2014-01-02,2014-01-03,2014-01-02
Fwd_Sales_Slope_1BF2BF,CME,ok,0,1,1,2014-01-02,2014-01-03,2014-01-02
Fwd_Sales_Slope_1BF2BF,KKR,ok,62,1,1,2014-04-02,2014-04-03,2014-01-02
Fwd_Sales_Slope_1BF2BF,BN,ok,0,1,166,2022-12-12,2022-12-13,2022-12-12
Fwd_Sales_Slope_1BF2BF,C,ok,11,1,1,2014-01-17,2014-01-21,2014-01-02
Fwd_Sales_Slope_1BF2BF,LSEG,ok,127,1,1,2014-07-07,2014-07-08,2014-01-02
Fwd_Sales_Slope_1BF2BF,ZURN,ok,0,1,1,2014-01-02,2014-01-03,2014-01-02
Fwd_Sales_Slope_1BF2BF,CS,ok,0,1,1,2014-01-02,2014-01-03,2014-01-02
Fwd_Sales_Slope_1BF2BF,8306,ok,0,1,2,2014-01-02,2014-01-03,2014-01-02
Fwd_Sales_Slope_1BF2BF,DIS,ok,0,1,2,2014-01-02,2014-01-03,2014-01-02
Fwd_Sales_Slope_1BF2BF,CMCSA,ok,0,1,1,2014-01-02,2014-01-03,2014-01-02
Fwd_Sales_Slope_1BF2BF,VZ,ok,0,1,1,2014-01-02,2014-01-03,2014-01-02
Fwd_Sales_Slope_1BF2BF,T,ok,0,1,1,2014-01-02,2014-01-03,2014-01-02
Fwd_Sales_Slope_1BF2BF,TTWO,ok,0,1,2,2014-01-02,2014-01-03,2014-01-02
Fwd_Sales_Slope_1BF2BF,PUB,ok,0,1,1,2014-01-02,2014-01-03,2014-01-02
Fwd_Sales_Slope_1BF2BF,7974,ok,0,1,2,2014-01-02,2014-01-03,2014-01-02
Fwd_Sales_Slope_1BF2BF,DTE,ok,0,1,1,2014-01-02,2014-01-03,2014-01-02
Fwd_Sales_Slope_1BF2BF,UMG,ok,3,1,1,2021-09-24,2021-09-27,2021-09-21
Fwd_Sales_Slope_1BF2BF,LOW,ok,0,1,2,2014-01-02,2014-01-03,2014-01-02
Fwd_Sales_Slope_1BF2BF,TJX,ok,0,1,2,2014-01-02,2014-01-03,2014-01-02
Fwd_Sales_Slope_1BF2BF,SBUX,ok,0,1,2,2014-01-02,2014-01-03,2014-01-02
Fwd_Sales_Slope_1BF2BF,ABNB,ok,0,1,1,2020-12-10,2020-12-11,2020-12-10
Fwd_Sales_Slope_1BF2BF,7203,ok,0,1,2,2014-01-02,2014-01-03,2014-01-02
Fwd_Sales_Slope_1BF2BF,ITX,ok,0,1,2,2014-01-02,2014-01-03,2014-01-02
Fwd_Sales_Slope_1BF2BF,ABT,ok,0,1,1,2014-01-02,2014-01-03,2014-01-02
Fwd_Sales_Slope_1BF2BF,DHR,ok,4,1,1,2014-01-08,2014-01-09,2014-01-02
Fwd_Sales_Slope_1BF2BF,VRTX,ok,0,1,1,2014-01-02,2014-01-03,2014-01-02
Fwd_Sales_Slope_1BF2BF,SAN,ok,0,1,1,2014-01-02,2014-01-03,2014-01-02
Fwd_Sales_Slope_1BF2BF,GE,ok,0,1,1,2024-04-02,2024-04-03,2024-04-02
Fwd_Sales_Slope_1BF2BF,TT,ok,0,1,1,2020-03-02,2020-03-03,2020-03-02
Fwd_Sales_Slope_1BF2BF,ABBN,ok,0,1,1,2014-01-02,2014-01-03,2014-01-02
Fwd_Sales_Slope_1BF2BF,KO,ok,0,1,1,2014-01-02,2014-01-03,2014-01-02
Fwd_Sales_Slope_1BF2BF,ULVR,ok,0,1,1,2014-01-02,2014-01-03,2014-01-02
Fwd_Sales_Slope_1BF2BF,ECL,ok,0,1,1,2014-01-02,2014-01-03,2014-01-02
Fwd_Sales_Slope_1BF2BF,AI,ok,0,1,1,2014-01-02,2014-01-03,2014-01-02
Fwd_Sales_Slope_1BF2BF,IBE,ok,0,1,1,2014-01-02,2014-01-03,2014-01-02
Fwd_Sales_Slope_1BF2BF,INTU,ok,0,1,2,2014-01-02,2014-01-03,2014-01-02
Fwd_Sales_Slope_1BF2BF,SNPS,ok,0,1,2,2014-01-02,2014-01-03,2014-01-02
Fwd_Sales_Slope_1BF2BF,APH,ok,16,1,1,2014-01-27,2014-01-28,2014-01-02
Fwd_Sales_Slope_1BF2BF,MSI,ok,0,1,1,2014-01-02,2014-01-03,2014-01-02
Fwd_Sales_Slope_1BF2BF,CRWD,ok,19,1,1,2019-07-10,2019-07-11,2019-06-12
Fwd_Sales_Slope_1BF2BF,NXPI,ok,25,1,1,2014-02-07,2014-02-10,2014-01-02
Fwd_Sales_Slope_1BF2BF,KEYS,ok,1,1,2,2014-10-22,2014-10-23,2014-10-21
Fwd_Sales_Slope_1BF2BF,ADSK,ok,0,1,2,2014-01-02,2014-01-03,2014-01-02
Fwd_Sales_Slope_1BF2BF,WDAY,ok,0,1,2,2014-01-02,2014-01-03,2014-01-02
Fwd_Sales_Slope_1BF2BF,WDC,ok,0,1,1,2025-02-24,2025-02-25,2025-02-24
Fwd_Sales_Slope_1BF2BF,DDOG,ok,19,1,1,2019-10-16,2019-10-17,2019-09-19
Fwd_Sales_Slope_1BF2BF,FTNT,ok,0,1,1,2014-01-02,2014-01-03,2014-01-02
Fwd_Sales_Slope_1BF2BF,DSY,ok,0,1,1,2014-01-02,2014-01-03,2014-01-02
Fwd_Sales_Slope_1BF2BF,6146,ok,0,1,2,2014-01-02,2014-01-03,2014-01-02
Fwd_Sales_Slope_1BF2BF,6981,ok,0,1,2,2014-01-02,2014-01-03,2014-01-02
Fwd_Sales_Slope_1BF2BF,BRK/B,ok,190,1,50,2014-10-03,2014-10-06,2014-01-02
Fwd_Sales_Slope_1BF2BF,CB,ok,18,1,1,2014-01-29,2014-01-30,2014-01-02
Fwd_Sales_Slope_1BF2BF,ICE,ok,0,1,1,2014-01-02,2014-01-03,2014-01-02
Fwd_Sales_Slope_1BF2BF,MCO,ok,0,1,1,2014-01-02,2014-01-03,2014-01-02
Fwd_Sales_Slope_1BF2BF,PYPL,ok,1,1,1,2015-07-08,2015-07-09,2015-07-07
Fwd_Sales_Slope_1BF2BF,COF,ok,0,1,1,2025-05-19,2025-05-20,2025-05-19
Fwd_Sales_Slope_1BF2BF,BNP,ok,0,1,1,2014-01-02,2014-01-03,2014-01-02
Fwd_Sales_Slope_1BF2BF,MUV2,ok,0,1,40,2014-01-02,2014-01-03,2014-01-02
Fwd_Sales_Slope_1BF2BF,RTX,ok,0,1,1,2014-01-02,2014-01-03,2014-01-02
Fwd_Sales_Slope_1BF2BF,EMR,ok,0,1,2,2014-01-02,2014-01-03,2014-01-02
Fwd_Sales_Slope_1BF2BF,AXON,ok,2,1,1,2014-01-06,2014-01-07,2014-01-02
Fwd_Sales_Slope_1BF2BF,UBER,ok,8,1,1,2019-05-22,2019-05-23,2019-05-10
Fwd_Sales_Slope_1BF2BF,AIR,ok,0,1,1,2014-01-02,2014-01-03,2014-01-02
Fwd_Sales_Slope_1BF2BF,SAF,ok,0,1,1,2014-01-02,2014-01-03,2014-01-02
Fwd_Sales_Slope_1BF2BF,MRK,ok,0,1,1,2014-01-02,2014-01-03,2014-01-02
Fwd_Sales_Slope_1BF2BF,AMGN,ok,0,1,1,2014-01-02,2014-01-03,2014-01-02
Fwd_Sales_Slope_1BF2BF,SYK,ok,0,1,1,2014-01-02,2014-01-03,2014-01-02
Fwd_Sales_Slope_1BF2BF,MCK,ok,0,1,2,2014-01-02,2014-01-03,2014-01-02
Fwd_Sales_Slope_1BF2BF,NOVN,ok,0,1,1,2014-01-02,2014-01-03,2014-01-02
Fwd_Sales_Slope_1BF2BF,NKE,ok,0,1,2,2014-01-02,2014-01-03,2014-01-02
Fwd_Sales_Slope_1BF2BF,ORLY,ok,0,1,1,2014-01-02,2014-01-03,2014-01-02
Fwd_Sales_Slope_1BF2BF,DASH,ok,0,1,1,2020-12-09,2020-12-10,2020-12-09
Fwd_Sales_Slope_1BF2BF,CFR,ok,0,1,1,2014-01-02,2014-01-03,2014-01-02
Fwd_Sales_Slope_1BF2BF,TTD,ok,0,1,1,2016-09-21,2016-09-22,2016-09-21
Fwd_Sales_Slope_1BF2BF,RBLX,ok,0,1,1,2021-03-10,2021-03-11,2021-03-10
Fwd_Sales_Slope_1BF2BF,9432,ok,0,1,2,2014-01-02,2014-01-03,2014-01-02
Fwd_Sales_Slope_1BF2BF,9433,ok,0,1,2,2014-01-02,2014-01-03,2014-01-02
Fwd_Sales_Slope_1BF2BF,PEP,ok,0,1,1,2014-01-02,2014-01-03,2014-01-02
Fwd_Sales_Slope_1BF2BF,MDLZ,ok,0,1,1,2014-01-02,2014-01-03,2014-01-02
Fwd_Sales_Slope_1BF2BF,OR,ok,0,1,1,2014-01-02,2014-01-03,2014-01-02
Fwd_Sales_Slope_1BF2BF,CVX,ok,0,1,1,2014-01-02,2014-01-03,2014-01-02
Fwd_Sales_Slope_1BF2BF,TTE,ok,0,1,1,2014-01-02,2014-01-03,2014-01-02
Fwd_Sales_Slope_1BF2BF,NEM,ok,21,1,2,2014-02-03,2014-02-04,2014-01-02
Fwd_Sales_Slope_1BF2BF,SHW,ok,0,1,1,2014-01-02,2014-01-03,2014-01-02
Fwd_Sales_Slope_1BF2BF,SO,ok,0,1,1,2014-01-02,2014-01-03,2014-01-02
Fwd_Sales_Slope_1BF2BF,APP,ok,19,1,1,2021-05-12,2021-05-13,2021-04-15
Fwd_Sales_Slope_1BF2BF,SNOW,ok,11,1,2,2020-10-01,2020-10-02,2020-09-16
Fwd_Sales_Slope_1BF2BF,NET,ok,18,1,1,2019-10-09,2019-10-10,2019-09-13
Fwd_Sales_Slope_1BF2BF,ZS,ok,17,1,2,2018-04-11,2018-04-12,2018-03-16
Fwd_Sales_Slope_1BF2BF,TEAM,ok,17,1,2,2016-01-06,2016-01-07,2015-12-10
Fwd_Sales_Slope_1BF2BF,COHR,ok,19,1,59,2014-01-30,2014-01-31,2014-01-02
Fwd_Sales_Slope_1BF2BF,ON,ok,25,1,1,2014-02-07,2014-02-10,2014-01-02
Fwd_Sales_Slope_1BF2BF,FICO,ok,80,1,2,2014-04-29,2014-04-30,2014-01-02
Fwd_Sales_Slope_1BF2BF,HPE,ok,6,1,2,2015-10-28,2015-10-29,2015-10-20
Fwd_Sales_Slope_1BF2BF,VRSN,ok,25,1,29,2014-02-07,2014-02-10,2014-01-02
Fwd_Sales_Slope_1BF2BF,ASM,ok,48,1,1,2014-03-13,2014-03-14,2014-01-02
Fwd_Sales_Slope_1BF2BF,MRSH,ok,0,1,1,2014-01-02,2014-01-03,2014-01-02
Fwd_Sales_Slope_1BF2BF,APO,ok,26,1,1,2014-02-10,2014-02-11,2014-01-02
Fwd_Sales_Slope_1BF2BF,MSCI,ok,0,1,1,2014-01-02,2014-01-03,2014-01-02
Fwd_Sales_Slope_1BF2BF,BNY,ok,13,1,1,2014-01-22,2014-01-23,2014-01-02
Fwd_Sales_Slope_1BF2BF,IBKR,ok,131,1,1,2014-07-11,2014-07-14,2014-01-02
Fwd_Sales_Slope_1BF2BF,UBSG,ok,0,1,1,2014-01-02,2014-01-03,2014-01-02
Fwd_Sales_Slope_1BF2BF,UCG,ok,0,1,1,2014-01-02,2014-01-03,2014-01-02
Fwd_Sales_Slope_1BF2BF,8316,ok,0,1,2,2014-01-02,2014-01-03,2014-01-02
Fwd_Sales_Slope_1BF2BF,ADP,ok,0,1,2,2014-01-02,2014-01-03,2014-01-02
Fwd_Sales_Slope_1BF2BF,HWM,ok,0,1,1,2020-04-01,2020-04-02,2020-04-01
Fwd_Sales_Slope_1BF2BF,WM,ok,0,1,1,2014-01-02,2014-01-03,2014-01-02
Fwd_Sales_Slope_1BF2BF,PH,ok,0,1,2,2014-01-02,2014-01-03,2014-01-02
Fwd_Sales_Slope_1BF2BF,REL,ok,0,1,1,2014-01-02,2014-01-03,2014-01-02
Fwd_Sales_Slope_1BF2BF,7011,ok,0,1,2,2014-01-02,2014-01-03,2014-01-02
Fwd_Sales_Slope_1BF2BF,ROP,ok,0,1,1,2014-01-02,2014-01-03,2014-01-02
Fwd_Sales_Slope_1BF2BF,GILD,ok,0,1,2,2014-01-02,2014-01-03,2014-01-02
Fwd_Sales_Slope_1BF2BF,PFE,ok,0,1,1,2014-01-02,2014-01-03,2014-01-02
Fwd_Sales_Slope_1BF2BF,MDT,ok,0,1,2,2014-01-02,2014-01-03,2014-01-02
Fwd_Sales_Slope_1BF2BF,HCA,ok,0,1,1,2014-01-02,2014-01-03,2014-01-02
Fwd_Sales_Slope_1BF2BF,ZTS,ok,0,1,1,2014-01-02,2014-01-03,2014-01-02
Fwd_Sales_Slope_1BF2BF,RMS,ok,0,1,1,2014-01-02,2014-01-03,2014-01-02
Fwd_Sales_Slope_1BF2BF,6758,ok,0,1,2,2014-01-02,2014-01-03,2014-01-02
Fwd_Sales_Slope_1BF2BF,CMG,ok,0,1,1,2014-01-02,2014-01-03,2014-01-02
Fwd_Sales_Slope_1BF2BF,MAR,ok,35,1,1,2014-02-24,2014-02-25,2014-01-02
Fwd_Sales_Slope_1BF2BF,GM,ok,26,1,1,2014-02-10,2014-02-11,2014-01-02
Fwd_Sales_Slope_1BF2BF,GRMN,ok,0,1,1,2014-01-02,2014-01-03,2014-01-02
Fwd_Sales_Slope_1BF2BF,RDDT,ok,0,1,1,2024-03-21,2024-03-22,2024-03-21
Fwd_Sales_Slope_1BF2BF,LYV,ok,0,1,1,2014-01-02,2014-01-03,2014-01-02
Fwd_Sales_Slope_1BF2BF,TKO,ok,0,1,1,2023-09-12,2023-09-13,2023-09-12
Fwd_Sales_Slope_1BF2BF,MO,ok,2,1,1,2014-01-06,2014-01-07,2014-01-02
Fwd_Sales_Slope_1BF2BF,CL,ok,0,1,1,2014-01-02,2014-01-03,2014-01-02
Fwd_Sales_Slope_1BF2BF,MNST,ok,0,1,1,2014-01-02,2014-01-03,2014-01-02
Fwd_Sales_Slope_1BF2BF,COP,ok,23,1,1,2014-02-05,2014-02-06,2014-01-02
Fwd_Sales_Slope_1BF2BF,SLB,ok,0,1,1,2014-01-02,2014-01-03,2014-01-02
Fwd_Sales_Slope_1BF2BF,APD,ok,0,1,2,2014-01-02,2014-01-03,2014-01-02
Fwd_Sales_Slope_1BF2BF,4063,ok,0,1,2,2014-01-02,2014-01-03,2014-01-02
Fwd_Sales_Slope_1BF2BF,NRG,ok,42,1,1,2014-03-05,2014-03-06,2014-01-02
Fwd_Sales_Slope_1BF2BF,ENEL,ok,0,1,1,2014-01-02,2014-01-03,2014-01-02
Fwd_Sales_Slope_1BF2BF,WELL,ok,50,1,1,2014-03-17,2014-03-18,2014-01-02
iv30_z,AAPL,ok,86,1,1,2014-05-07,2014-05-08,2014-01-02
iv30_z,MSFT,ok,86,1,1,2014-05-07,2014-05-08,2014-01-02
iv30_z,GOOGL,ok,86,1,1,2014-05-07,2014-05-08,2014-01-02
iv30_z,AMZN,ok,86,1,1,2014-05-07,2014-05-08,2014-01-02
iv30_z,META,ok,86,1,1,2014-05-07,2014-05-08,2014-01-02
iv30_z,NVDA,ok,86,1,1,2014-05-07,2014-05-08,2014-01-02
iv30_z,TSLA,ok,86,1,1,2014-05-07,2014-05-08,2014-01-02
iv30_z,PLTR,ok,5,1,1,2020-10-07,2020-10-08,2020-09-30
iv30_z,AVGO,ok,86,1,1,2014-05-07,2014-05-08,2014-01-02
iv30_z,MU,ok,86,1,1,2014-05-07,2014-05-08,2014-01-02
iv30_z,GEV,ok,4,1,1,2024-04-08,2024-04-09,2024-04-02
iv30_z,VRT,ok,404,1,1,2020-03-11,2020-03-12,2018-08-01
iv30_z,BE,ok,23,1,1,2018-08-27,2018-08-28,2018-07-25
iv30_z,LITE,ok,8,1,1,2015-08-06,2015-08-07,2015-07-27
iv30_z,000660,ok,222,1,1,2014-11-18,2014-11-19,2014-01-02
iv30_z,005930,ok,86,1,1,2014-05-07,2014-05-08,2014-01-02
iv30_z,UNH,ok,86,1,1,2014-05-07,2014-05-08,2014-01-02
iv30_z,LLY,ok,86,1,1,2014-05-07,2014-05-08,2014-01-02
iv30_z,ISRG,ok,86,1,1,2014-05-07,2014-05-08,2014-01-02
iv30_z,ABBV,ok,86,1,1,2014-05-07,2014-05-08,2014-01-02
iv30_z,REGN,ok,86,1,1,2014-05-07,2014-05-08,2014-01-02
iv30_z,JPM,ok,86,1,1,2014-05-07,2014-05-08,2014-01-02
iv30_z,V,ok,86,1,1,2014-05-07,2014-05-08,2014-01-02
iv30_z,MA,ok,86,1,1,2014-05-07,2014-05-08,2014-01-02
iv30_z,BLK,ok,86,1,1,2014-05-07,2014-05-08,2014-01-02
iv30_z,SPGI,ok,86,1,1,2014-05-07,2014-05-08,2014-01-02
iv30_z,GS,ok,86,1,1,2014-05-07,2014-05-08,2014-01-02
iv30_z,COST,ok,86,1,1,2014-05-07,2014-05-08,2014-01-02
iv30_z,HD,ok,86,1,1,2014-05-07,2014-05-08,2014-01-02
iv30_z,PG,ok,86,1,1,2014-05-07,2014-05-08,2014-01-02
iv30_z,MCD,ok,86,1,1,2014-05-07,2014-05-08,2014-01-02
iv30_z,WMT,ok,86,1,1,2014-05-07,2014-05-08,2014-01-02
iv30_z,CAT,ok,86,1,1,2014-05-07,2014-05-08,2014-01-02
iv30_z,HON,ok,86,1,1,2014-05-07,2014-05-08,2014-01-02
iv30_z,DE,ok,86,1,1,2014-05-07,2014-05-08,2014-01-02
iv30_z,UNP,ok,86,1,1,2014-05-07,2014-05-08,2014-01-02
iv30_z,LMT,ok,86,1,1,2014-05-07,2014-05-08,2014-01-02
iv30_z,ETN,ok,86,1,1,2014-05-07,2014-05-08,2014-01-02
iv30_z,XOM,ok,86,1,1,2014-05-07,2014-05-08,2014-01-02
iv30_z,LNG,ok,86,1,1,2014-05-07,2014-05-08,2014-01-02
iv30_z,FCX,ok,86,1,1,2014-05-07,2014-05-08,2014-01-02
iv30_z,LIN,ok,86,1,1,2014-05-07,2014-05-08,2014-01-02
iv30_z,NEE,ok,86,1,1,2014-05-07,2014-05-08,2014-01-02
iv30_z,AMT,ok,86,1,1,2014-05-07,2014-05-08,2014-01-02
iv30_z,EQIX,ok,86,1,1,2014-05-07,2014-05-08,2014-01-02
iv30_z,TMUS,ok,86,1,1,2014-05-07,2014-05-08,2014-01-02
iv30_z,PLD,ok,86,1,1,2014-05-07,2014-05-08,2014-01-02
iv30_z,AMD,ok,86,1,1,2014-05-07,2014-05-08,2014-01-02
iv30_z,CRM,ok,86,1,1,2014-05-07,2014-05-08,2014-01-02
iv30_z,NFLX,ok,86,1,1,2014-05-07,2014-05-08,2014-01-02
iv30_z,TER,ok,86,1,1,2014-05-07,2014-05-08,2014-01-02
iv30_z,GLW,ok,86,1,1,2014-05-07,2014-05-08,2014-01-02
iv30_z,JNJ,ok,86,1,1,2014-05-07,2014-05-08,2014-01-02
iv30_z,WFC,ok,86,1,1,2014-05-07,2014-05-08,2014-01-02
iv30_z,MPC,ok,86,1,1,2014-05-07,2014-05-08,2014-01-02
iv30_z,LRCX,ok,86,1,1,2014-05-07,2014-05-08,2014-01-02
iv30_z,AMAT,ok,86,1,1,2014-05-07,2014-05-08,2014-01-02
iv30_z,PANW,ok,86,1,1,2014-05-07,2014-05-08,2014-01-02
iv30_z,FN,ok,86,1,1,2014-05-07,2014-05-08,2014-01-02
iv30_z,MPWR,ok,86,1,1,2014-05-07,2014-05-08,2014-01-02
iv30_z,BAC,ok,86,1,1,2014-05-07,2014-05-08,2014-01-02
iv30_z,CSCO,ok,86,1,1,2014-05-07,2014-05-08,2014-01-02
iv30_z,INTC,ok,86,1,1,2014-05-07,2014-05-08,2014-01-02
iv30_z,ORCL,ok,86,1,1,2014-05-07,2014-05-08,2014-01-02
iv30_z,TSM,ok,86,1,1,2014-05-07,2014-05-08,2014-01-02
iv30_z,SNDK,ok,6,1,1,2025-03-04,2025-03-05,2025-02-24
iv30_z,KLAC,ok,86,1,1,2014-05-07,2014-05-08,2014-01-02
iv30_z,ANET,ok,39,1,1,2014-08-01,2014-08-04,2014-06-06
iv30_z,MRVL,ok,86,1,1,2014-05-07,2014-05-08,2014-01-02
iv30_z,CDNS,ok,86,1,1,2014-05-07,2014-05-08,2014-01-02
iv30_z,STX,ok,86,1,1,2014-05-07,2014-05-08,2014-01-02
iv30_z,PWR,ok,86,1,1,2014-05-07,2014-05-08,2014-01-02
iv30_z,BX,ok,86,1,1,2014-05-07,2014-05-08,2014-01-02
iv30_z,TMO,ok,86,1,1,2014-05-07,2014-05-08,2014-01-02
iv30_z,BSX,ok,86,1,1,2014-05-07,2014-05-08,2014-01-02
iv30_z,BKNG,ok,86,1,1,2014-05-07,2014-05-08,2014-01-02
iv30_z,PM,ok,86,1,1,2014-05-07,2014-05-08,2014-01-02
iv30_z,WMB,ok,86,1,1,2014-05-07,2014-05-08,2014-01-02
iv30_z,CEG,ok,6,1,1,2022-02-10,2022-02-11,2022-02-02
iv30_z,VST,ok,156,1,1,2017-05-19,2017-05-22,2016-10-05
iv30_z,DLR,ok,86,1,1,2014-05-07,2014-05-08,2014-01-02
iv30_z,ARM,ok,3,1,1,2023-09-19,2023-09-20,2023-09-14
iv30_z,SPOT,ok,5,1,1,2018-04-10,2018-04-11,2018-04-03
iv30_z,RACE,ok,7,1,1,2015-10-30,2015-11-02,2015-10-21
iv30_z,285A,ok,405,1,1,2026-08-04,2026-08-05,2024-12-18
iv30_z,6857,ok,86,1,1,2014-05-07,2014-05-08,2014-01-02
iv30_z,SU,ok,86,1,1,2014-05-07,2014-05-08,2014-01-02
iv30_z,SIE,ok,86,1,1,2014-05-07,2014-05-08,2014-01-02
iv30_z,RHM,ok,86,1,1,2014-05-07,2014-05-08,2014-01-02
iv30_z,ALV,ok,86,1,1,2014-05-07,2014-05-08,2014-01-02
iv30_z,MC,ok,86,1,1,2014-05-07,2014-05-08,2014-01-02
iv30_z,NESN,ok,86,1,1,2014-05-07,2014-05-08,2014-01-02
iv30_z,RR/,ok,86,1,1,2014-05-07,2014-05-08,2014-01-02
iv30_z,SAP,ok,86,1,1,2014-05-07,2014-05-08,2014-01-02
iv30_z,ASML,ok,86,1,1,2014-05-07,2014-05-08,2014-01-02
iv30_z,AZN,ok,86,1,1,2014-05-07,2014-05-08,2014-01-02
iv30_z,SHEL,ok,86,1,1,2014-05-07,2014-05-08,2014-01-02
iv30_z,HSBA,ok,86,1,1,2014-05-07,2014-05-08,2014-01-02
iv30_z,NOVOB,ok,86,1,1,2014-05-07,2014-05-08,2014-01-02
iv30_z,RIO,ok,86,1,1,2014-05-07,2014-05-08,2014-01-02
iv30_z,QCOM,ok,86,1,1,2014-05-07,2014-05-08,2014-01-02
iv30_z,TXN,ok,86,1,1,2014-05-07,2014-05-08,2014-01-02
iv30_z,ADBE,ok,86,1,1,2014-05-07,2014-05-08,2014-01-02
iv30_z,NOW,ok,86,1,1,2014-05-07,2014-05-08,2014-01-02
iv30_z,ACN,ok,86,1,1,2014-05-07,2014-05-08,2014-01-02
iv30_z,IBM,ok,86,1,1,2014-05-07,2014-05-08,2014-01-02
iv30_z,ADI,ok,86,1,1,2014-05-07,2014-05-08,2014-01-02
iv30_z,DELL,ok,2,1,1,2019-01-02,2019-01-03,2018-12-28
iv30_z,8035,ok,86,1,102,2014-05-07,2014-05-08,2014-01-02
iv30_z,IFX,ok,86,1,1,2014-05-07,2014-05-08,2014-01-02
iv30_z,MS,ok,86,1,1,2014-05-07,2014-05-08,2014-01-02
iv30_z,SCHW,ok,86,1,1,2014-05-07,2014-05-08,2014-01-02
iv30_z,AXP,ok,86,1,1,2014-05-07,2014-05-08,2014-01-02
iv30_z,PGR,ok,86,1,1,2014-05-07,2014-05-08,2014-01-02
iv30_z,AON,ok,86,1,1,2014-05-07,2014-05-08,2014-01-02
iv30_z,CME,ok,86,1,1,2014-05-07,2014-05-08,2014-01-02
iv30_z,KKR,ok,86,1,1,2014-05-07,2014-05-08,2014-01-02
iv30_z,BN,ok,0,1,1,2022-12-12,2022-12-13,2022-12-12
iv30_z,C,ok,86,1,1,2014-05-07,2014-05-08,2014-01-02
iv30_z,LSEG,ok,86,1,1,2014-05-07,2014-05-08,2014-01-02
iv30_z,ZURN,ok,86,1,1,2014-05-07,2014-05-08,2014-01-02
iv30_z,CS,ok,86,1,1,2014-05-07,2014-05-08,2014-01-02
iv30_z,8306,ok,86,1,20,2014-05-07,2014-05-08,2014-01-02
iv30_z,DIS,ok,86,1,1,2014-05-07,2014-05-08,2014-01-02
iv30_z,CMCSA,ok,86,1,1,2014-05-07,2014-05-08,2014-01-02
iv30_z,VZ,ok,86,1,1,2014-05-07,2014-05-08,2014-01-02
iv30_z,T,ok,86,1,1,2014-05-07,2014-05-08,2014-01-02
iv30_z,TTWO,ok,86,1,1,2014-05-07,2014-05-08,2014-01-02
iv30_z,PUB,ok,86,1,1,2014-05-07,2014-05-08,2014-01-02
iv30_z,7974,ok,86,1,204,2014-05-07,2014-05-08,2014-01-02
iv30_z,DTE,ok,86,1,1,2014-05-07,2014-05-08,2014-01-02
iv30_z,UMG,ok,3,1,1,2021-09-24,2021-09-27,2021-09-21
iv30_z,LOW,ok,86,1,1,2014-05-07,2014-05-08,2014-01-02
iv30_z,TJX,ok,86,1,1,2014-05-07,2014-05-08,2014-01-02
iv30_z,SBUX,ok,86,1,1,2014-05-07,2014-05-08,2014-01-02
iv30_z,ABNB,ok,5,1,1,2020-12-17,2020-12-18,2020-12-10
iv30_z,7203,ok,86,1,1,2014-05-07,2014-05-08,2014-01-02
iv30_z,ITX,ok,86,1,1,2014-05-07,2014-05-08,2014-01-02
iv30_z,ABT,ok,86,1,1,2014-05-07,2014-05-08,2014-01-02
iv30_z,DHR,ok,86,1,1,2014-05-07,2014-05-08,2014-01-02
iv30_z,VRTX,ok,86,1,1,2014-05-07,2014-05-08,2014-01-02
iv30_z,SAN,ok,86,1,1,2014-05-07,2014-05-08,2014-01-02
iv30_z,GE,ok,0,1,1,2024-04-02,2024-04-03,2024-04-02
iv30_z,TT,ok,0,1,1,2020-03-02,2020-03-03,2020-03-02
iv30_z,ABBN,ok,86,1,1,2014-05-07,2014-05-08,2014-01-02
iv30_z,KO,ok,86,1,1,2014-05-07,2014-05-08,2014-01-02
iv30_z,ULVR,ok,86,1,1,2014-05-07,2014-05-08,2014-01-02
iv30_z,ECL,ok,86,1,1,2014-05-07,2014-05-08,2014-01-02
iv30_z,AI,ok,86,1,1,2014-05-07,2014-05-08,2014-01-02
iv30_z,IBE,ok,86,1,1,2014-05-07,2014-05-08,2014-01-02
iv30_z,INTU,ok,86,1,1,2014-05-07,2014-05-08,2014-01-02
iv30_z,SNPS,ok,86,1,1,2014-05-07,2014-05-08,2014-01-02
iv30_z,APH,ok,86,1,1,2014-05-07,2014-05-08,2014-01-02
iv30_z,MSI,ok,86,1,1,2014-05-07,2014-05-08,2014-01-02
iv30_z,CRWD,ok,5,1,1,2019-06-19,2019-06-20,2019-06-12
iv30_z,NXPI,ok,86,1,1,2014-05-07,2014-05-08,2014-01-02
iv30_z,KEYS,ok,10,1,1,2014-11-04,2014-11-05,2014-10-21
iv30_z,ADSK,ok,86,1,1,2014-05-07,2014-05-08,2014-01-02
iv30_z,WDAY,ok,86,1,1,2014-05-07,2014-05-08,2014-01-02
iv30_z,WDC,ok,0,1,1,2025-02-24,2025-02-25,2025-02-24
iv30_z,DDOG,ok,10,1,1,2019-10-03,2019-10-04,2019-09-19
iv30_z,FTNT,ok,86,1,1,2014-05-07,2014-05-08,2014-01-02
iv30_z,DSY,ok,86,1,1,2014-05-07,2014-05-08,2014-01-02
iv30_z,6146,ok,2934,1,1,2025-09-03,2025-09-04,2014-01-02
iv30_z,6981,ok,86,1,1,2014-05-07,2014-05-08,2014-01-02
iv30_z,BRK/B,ok,86,1,1,2014-05-07,2014-05-08,2014-01-02
iv30_z,CB,ok,86,1,1,2014-05-07,2014-05-08,2014-01-02
iv30_z,ICE,ok,86,1,1,2014-05-07,2014-05-08,2014-01-02
iv30_z,MCO,ok,86,1,1,2014-05-07,2014-05-08,2014-01-02
iv30_z,PYPL,ok,10,1,1,2015-07-21,2015-07-22,2015-07-07
iv30_z,COF,ok,0,1,1,2025-05-19,2025-05-20,2025-05-19
iv30_z,BNP,ok,86,1,1,2014-05-07,2014-05-08,2014-01-02
iv30_z,MUV2,ok,86,1,1,2014-05-07,2014-05-08,2014-01-02
iv30_z,RTX,ok,86,1,1,2014-05-07,2014-05-08,2014-01-02
iv30_z,EMR,ok,86,1,1,2014-05-07,2014-05-08,2014-01-02
iv30_z,AXON,ok,86,1,1,2014-05-07,2014-05-08,2014-01-02
iv30_z,UBER,ok,5,1,1,2019-05-17,2019-05-20,2019-05-10
iv30_z,AIR,ok,86,1,1,2014-05-07,2014-05-08,2014-01-02
iv30_z,SAF,ok,86,1,1,2014-05-07,2014-05-08,2014-01-02
iv30_z,MRK,ok,86,1,1,2014-05-07,2014-05-08,2014-01-02
iv30_z,AMGN,ok,86,1,1,2014-05-07,2014-05-08,2014-01-02
iv30_z,SYK,ok,86,1,1,2014-05-07,2014-05-08,2014-01-02
iv30_z,MCK,ok,86,1,1,2014-05-07,2014-05-08,2014-01-02
iv30_z,NOVN,ok,86,1,1,2014-05-07,2014-05-08,2014-01-02
iv30_z,NKE,ok,86,1,1,2014-05-07,2014-05-08,2014-01-02
iv30_z,ORLY,ok,86,1,1,2014-05-07,2014-05-08,2014-01-02
iv30_z,DASH,ok,5,1,1,2020-12-16,2020-12-17,2020-12-09
iv30_z,CFR,ok,86,1,1,2014-05-07,2014-05-08,2014-01-02
iv30_z,TTD,ok,142,1,1,2017-04-17,2017-04-18,2016-09-21
iv30_z,RBLX,ok,5,1,1,2021-03-17,2021-03-18,2021-03-10
iv30_z,9432,ok,86,1,1,2014-05-07,2014-05-08,2014-01-02
iv30_z,9433,ok,86,1,641,2014-05-07,2014-05-08,2014-01-02
iv30_z,PEP,ok,86,1,1,2014-05-07,2014-05-08,2014-01-02
iv30_z,MDLZ,ok,86,1,1,2014-05-07,2014-05-08,2014-01-02
iv30_z,OR,ok,86,1,1,2014-05-07,2014-05-08,2014-01-02
iv30_z,CVX,ok,86,1,1,2014-05-07,2014-05-08,2014-01-02
iv30_z,TTE,ok,86,1,1,2014-05-07,2014-05-08,2014-01-02
iv30_z,NEM,ok,86,1,1,2014-05-07,2014-05-08,2014-01-02
iv30_z,SHW,ok,86,1,1,2014-05-07,2014-05-08,2014-01-02
iv30_z,SO,ok,86,1,1,2014-05-07,2014-05-08,2014-01-02
iv30_z,APP,ok,5,1,1,2021-04-22,2021-04-23,2021-04-15
iv30_z,SNOW,ok,5,1,1,2020-09-23,2020-09-24,2020-09-16
iv30_z,NET,ok,8,1,1,2019-09-25,2019-09-26,2019-09-13
iv30_z,ZS,ok,6,1,1,2018-03-26,2018-03-27,2018-03-16
iv30_z,TEAM,ok,7,1,1,2015-12-21,2015-12-22,2015-12-10
iv30_z,COHR,ok,86,1,1,2014-05-07,2014-05-08,2014-01-02
iv30_z,ON,ok,86,1,1,2014-05-07,2014-05-08,2014-01-02
iv30_z,FICO,ok,86,1,1,2014-05-07,2014-05-08,2014-01-02
iv30_z,HPE,ok,10,1,1,2015-11-03,2015-11-04,2015-10-20
iv30_z,VRSN,ok,86,1,1,2014-05-07,2014-05-08,2014-01-02
iv30_z,ASM,ok,86,1,1,2014-05-07,2014-05-08,2014-01-02
iv30_z,MRSH,ok,86,1,1,2014-05-07,2014-05-08,2014-01-02
iv30_z,APO,ok,86,1,1,2014-05-07,2014-05-08,2014-01-02
iv30_z,MSCI,ok,86,1,1,2014-05-07,2014-05-08,2014-01-02
iv30_z,BNY,ok,86,1,1,2014-05-07,2014-05-08,2014-01-02
iv30_z,IBKR,ok,86,1,1,2014-05-07,2014-05-08,2014-01-02
iv30_z,UBSG,ok,86,1,1,2014-05-07,2014-05-08,2014-01-02
iv30_z,UCG,ok,86,1,1,2014-05-07,2014-05-08,2014-01-02
iv30_z,8316,ok,86,1,630,2014-05-07,2014-05-08,2014-01-02
iv30_z,ADP,ok,86,1,1,2014-05-07,2014-05-08,2014-01-02
iv30_z,HWM,ok,0,1,1,2020-04-01,2020-04-02,2020-04-01
iv30_z,WM,ok,86,1,1,2014-05-07,2014-05-08,2014-01-02
iv30_z,PH,ok,86,1,1,2014-05-07,2014-05-08,2014-01-02
iv30_z,REL,ok,86,1,1,2014-05-07,2014-05-08,2014-01-02
iv30_z,7011,ok,86,1,1051,2014-05-07,2014-05-08,2014-01-02
iv30_z,ROP,ok,86,1,1,2014-05-07,2014-05-08,2014-01-02
iv30_z,GILD,ok,86,1,1,2014-05-07,2014-05-08,2014-01-02
iv30_z,PFE,ok,86,1,1,2014-05-07,2014-05-08,2014-01-02
iv30_z,MDT,ok,86,1,1,2014-05-07,2014-05-08,2014-01-02
iv30_z,HCA,ok,86,1,1,2014-05-07,2014-05-08,2014-01-02
iv30_z,ZTS,ok,86,1,1,2014-05-07,2014-05-08,2014-01-02
iv30_z,RMS,ok,86,1,1,2014-05-07,2014-05-08,2014-01-02
iv30_z,6758,ok,86,1,1,2014-05-07,2014-05-08,2014-01-02
iv30_z,CMG,ok,86,1,1,2014-05-07,2014-05-08,2014-01-02
iv30_z,MAR,ok,86,1,1,2014-05-07,2014-05-08,2014-01-02
iv30_z,GM,ok,86,1,1,2014-05-07,2014-05-08,2014-01-02
iv30_z,GRMN,ok,86,1,1,2014-05-07,2014-05-08,2014-01-02
iv30_z,RDDT,ok,3,1,1,2024-03-26,2024-03-27,2024-03-21
iv30_z,LYV,ok,86,1,1,2014-05-07,2014-05-08,2014-01-02
iv30_z,TKO,ok,0,1,1,2023-09-12,2023-09-13,2023-09-12
iv30_z,MO,ok,86,1,1,2014-05-07,2014-05-08,2014-01-02
iv30_z,CL,ok,86,1,1,2014-05-07,2014-05-08,2014-01-02
iv30_z,MNST,ok,86,1,1,2014-05-07,2014-05-08,2014-01-02
iv30_z,COP,ok,86,1,1,2014-05-07,2014-05-08,2014-01-02
iv30_z,SLB,ok,86,1,1,2014-05-07,2014-05-08,2014-01-02
iv30_z,APD,ok,86,1,1,2014-05-07,2014-05-08,2014-01-02
iv30_z,4063,ok,86,1,1,2014-05-07,2014-05-08,2014-01-02
iv30_z,NRG,ok,86,1,1,2014-05-07,2014-05-08,2014-01-02
iv30_z,ENEL,ok,86,1,1,2014-05-07,2014-05-08,2014-01-02
iv30_z,WELL,ok,86,1,1,2014-05-07,2014-05-08,2014-01-02
downside_skew_z,AAPL,ok,86,1,1,2014-05-07,2014-05-08,2014-01-02
downside_skew_z,MSFT,ok,86,1,1,2014-05-07,2014-05-08,2014-01-02
downside_skew_z,GOOGL,ok,86,1,1,2014-05-07,2014-05-08,2014-01-02
downside_skew_z,AMZN,ok,86,1,1,2014-05-07,2014-05-08,2014-01-02
downside_skew_z,META,ok,86,1,1,2014-05-07,2014-05-08,2014-01-02
downside_skew_z,NVDA,ok,86,1,1,2014-05-07,2014-05-08,2014-01-02
downside_skew_z,TSLA,ok,86,1,1,2014-05-07,2014-05-08,2014-01-02
downside_skew_z,PLTR,ok,5,1,1,2020-10-07,2020-10-08,2020-09-30
downside_skew_z,AVGO,ok,86,1,1,2014-05-07,2014-05-08,2014-01-02
downside_skew_z,MU,ok,86,1,1,2014-05-07,2014-05-08,2014-01-02
downside_skew_z,GEV,ok,4,1,1,2024-04-08,2024-04-09,2024-04-02
downside_skew_z,VRT,ok,404,1,3,2020-03-11,2020-03-12,2018-08-01
downside_skew_z,BE,ok,23,1,5,2018-08-27,2018-08-28,2018-07-25
downside_skew_z,LITE,ok,8,1,19,2015-08-06,2015-08-07,2015-07-27
downside_skew_z,000660,ok,222,1,1,2014-11-18,2014-11-19,2014-01-02
downside_skew_z,005930,ok,86,1,1,2014-05-07,2014-05-08,2014-01-02
downside_skew_z,UNH,ok,86,1,1,2014-05-07,2014-05-08,2014-01-02
downside_skew_z,LLY,ok,86,1,1,2014-05-07,2014-05-08,2014-01-02
downside_skew_z,ISRG,ok,86,1,1,2014-05-07,2014-05-08,2014-01-02
downside_skew_z,ABBV,ok,86,1,1,2014-05-07,2014-05-08,2014-01-02
downside_skew_z,REGN,ok,86,1,1,2014-05-07,2014-05-08,2014-01-02
downside_skew_z,JPM,ok,86,1,1,2014-05-07,2014-05-08,2014-01-02
downside_skew_z,V,ok,86,1,1,2014-05-07,2014-05-08,2014-01-02
downside_skew_z,MA,ok,86,1,1,2014-05-07,2014-05-08,2014-01-02
downside_skew_z,BLK,ok,86,1,1,2014-05-07,2014-05-08,2014-01-02
downside_skew_z,SPGI,ok,86,1,1,2014-05-07,2014-05-08,2014-01-02
downside_skew_z,GS,ok,86,1,1,2014-05-07,2014-05-08,2014-01-02
downside_skew_z,COST,ok,86,1,1,2014-05-07,2014-05-08,2014-01-02
downside_skew_z,HD,ok,86,1,1,2014-05-07,2014-05-08,2014-01-02
downside_skew_z,PG,ok,86,1,1,2014-05-07,2014-05-08,2014-01-02
downside_skew_z,MCD,ok,86,1,1,2014-05-07,2014-05-08,2014-01-02
downside_skew_z,WMT,ok,86,1,1,2014-05-07,2014-05-08,2014-01-02
downside_skew_z,CAT,ok,86,1,1,2014-05-07,2014-05-08,2014-01-02
downside_skew_z,HON,ok,86,1,1,2014-05-07,2014-05-08,2014-01-02
downside_skew_z,DE,ok,86,1,1,2014-05-07,2014-05-08,2014-01-02
downside_skew_z,UNP,ok,86,1,1,2014-05-07,2014-05-08,2014-01-02
downside_skew_z,LMT,ok,86,1,1,2014-05-07,2014-05-08,2014-01-02
downside_skew_z,ETN,ok,86,1,1,2014-05-07,2014-05-08,2014-01-02
downside_skew_z,XOM,ok,86,1,1,2014-05-07,2014-05-08,2014-01-02
downside_skew_z,LNG,ok,86,1,1,2014-05-07,2014-05-08,2014-01-02
downside_skew_z,FCX,ok,86,1,1,2014-05-07,2014-05-08,2014-01-02
downside_skew_z,LIN,ok,86,1,1,2014-05-07,2014-05-08,2014-01-02
downside_skew_z,NEE,ok,86,1,2,2014-05-07,2014-05-08,2014-01-02
downside_skew_z,AMT,ok,86,1,1,2014-05-07,2014-05-08,2014-01-02
downside_skew_z,EQIX,ok,86,1,1,2014-05-07,2014-05-08,2014-01-02
downside_skew_z,TMUS,ok,86,1,1,2014-05-07,2014-05-08,2014-01-02
downside_skew_z,PLD,ok,86,1,12,2014-05-07,2014-05-08,2014-01-02
downside_skew_z,AMD,ok,86,1,4,2014-05-07,2014-05-08,2014-01-02
downside_skew_z,CRM,ok,86,1,1,2014-05-07,2014-05-08,2014-01-02
downside_skew_z,NFLX,ok,86,1,1,2014-05-07,2014-05-08,2014-01-02
downside_skew_z,TER,ok,86,1,2,2014-05-07,2014-05-08,2014-01-02
downside_skew_z,GLW,ok,86,1,1,2014-05-07,2014-05-08,2014-01-02
downside_skew_z,JNJ,ok,86,1,1,2014-05-07,2014-05-08,2014-01-02
downside_skew_z,WFC,ok,86,1,1,2014-05-07,2014-05-08,2014-01-02
downside_skew_z,MPC,ok,86,1,1,2014-05-07,2014-05-08,2014-01-02
downside_skew_z,LRCX,ok,86,1,1,2014-05-07,2014-05-08,2014-01-02
downside_skew_z,AMAT,ok,86,1,1,2014-05-07,2014-05-08,2014-01-02
downside_skew_z,PANW,ok,86,1,1,2014-05-07,2014-05-08,2014-01-02
downside_skew_z,FN,ok,86,1,14,2014-05-07,2014-05-08,2014-01-02
downside_skew_z,MPWR,ok,86,1,9,2014-05-07,2014-05-08,2014-01-02
downside_skew_z,BAC,ok,86,1,1,2014-05-07,2014-05-08,2014-01-02
downside_skew_z,CSCO,ok,86,1,1,2014-05-07,2014-05-08,2014-01-02
downside_skew_z,INTC,ok,86,1,1,2014-05-07,2014-05-08,2014-01-02
downside_skew_z,ORCL,ok,86,1,1,2014-05-07,2014-05-08,2014-01-02
downside_skew_z,TSM,ok,86,1,4,2014-05-07,2014-05-08,2014-01-02
downside_skew_z,SNDK,ok,6,1,1,2025-03-04,2025-03-05,2025-02-24
downside_skew_z,KLAC,ok,86,1,4,2014-05-07,2014-05-08,2014-01-02
downside_skew_z,ANET,ok,39,1,1,2014-08-01,2014-08-04,2014-06-06
downside_skew_z,MRVL,ok,86,1,1,2014-05-07,2014-05-08,2014-01-02
downside_skew_z,CDNS,ok,86,1,5,2014-05-07,2014-05-08,2014-01-02
downside_skew_z,STX,ok,86,1,1,2014-05-07,2014-05-08,2014-01-02
downside_skew_z,PWR,ok,86,1,1,2014-05-07,2014-05-08,2014-01-02
downside_skew_z,BX,ok,86,1,1,2014-05-07,2014-05-08,2014-01-02
downside_skew_z,TMO,ok,86,1,1,2014-05-07,2014-05-08,2014-01-02
downside_skew_z,BSX,ok,86,1,2,2014-05-07,2014-05-08,2014-01-02
downside_skew_z,BKNG,ok,86,1,1,2014-05-07,2014-05-08,2014-01-02
downside_skew_z,PM,ok,86,1,1,2014-05-07,2014-05-08,2014-01-02
downside_skew_z,WMB,ok,86,1,1,2014-05-07,2014-05-08,2014-01-02
downside_skew_z,CEG,ok,6,1,1,2022-02-10,2022-02-11,2022-02-02
downside_skew_z,VST,ok,156,1,59,2017-05-19,2017-05-22,2016-10-05
downside_skew_z,DLR,ok,86,1,3,2014-05-07,2014-05-08,2014-01-02
downside_skew_z,ARM,ok,3,1,1,2023-09-19,2023-09-20,2023-09-14
downside_skew_z,SPOT,ok,5,1,1,2018-04-10,2018-04-11,2018-04-03
downside_skew_z,RACE,ok,7,1,1,2015-10-30,2015-11-02,2015-10-21
downside_skew_z,285A,ok,405,1,1,2026-08-04,2026-08-05,2024-12-18
downside_skew_z,6857,ok,86,1,8,2014-05-07,2014-05-08,2014-01-02
downside_skew_z,SU,ok,86,1,1,2014-05-07,2014-05-08,2014-01-02
downside_skew_z,SIE,ok,86,1,1,2014-05-07,2014-05-08,2014-01-02
downside_skew_z,RHM,ok,86,1,1,2014-05-07,2014-05-08,2014-01-02
downside_skew_z,ALV,ok,86,1,1,2014-05-07,2014-05-08,2014-01-02
downside_skew_z,MC,ok,86,1,1,2014-05-07,2014-05-08,2014-01-02
downside_skew_z,NESN,ok,86,1,1,2014-05-07,2014-05-08,2014-01-02
downside_skew_z,RR/,ok,86,1,4,2014-05-07,2014-05-08,2014-01-02
downside_skew_z,SAP,ok,86,1,1,2014-05-07,2014-05-08,2014-01-02
downside_skew_z,ASML,ok,86,1,1,2014-05-07,2014-05-08,2014-01-02
downside_skew_z,AZN,ok,86,1,1,2014-05-07,2014-05-08,2014-01-02
downside_skew_z,SHEL,ok,86,1,1,2014-05-07,2014-05-08,2014-01-02
downside_skew_z,HSBA,ok,86,1,1,2014-05-07,2014-05-08,2014-01-02
downside_skew_z,NOVOB,ok,86,1,1,2014-05-07,2014-05-08,2014-01-02
downside_skew_z,RIO,ok,86,1,1,2014-05-07,2014-05-08,2014-01-02
downside_skew_z,QCOM,ok,86,1,1,2014-05-07,2014-05-08,2014-01-02
downside_skew_z,TXN,ok,86,1,1,2014-05-07,2014-05-08,2014-01-02
downside_skew_z,ADBE,ok,86,1,1,2014-05-07,2014-05-08,2014-01-02
downside_skew_z,NOW,ok,86,1,1,2014-05-07,2014-05-08,2014-01-02
downside_skew_z,ACN,ok,86,1,1,2014-05-07,2014-05-08,2014-01-02
downside_skew_z,IBM,ok,86,1,1,2014-05-07,2014-05-08,2014-01-02
downside_skew_z,ADI,ok,86,1,1,2014-05-07,2014-05-08,2014-01-02
downside_skew_z,DELL,ok,4,1,1,2019-01-04,2019-01-07,2018-12-28
downside_skew_z,8035,ok,86,1,43,2014-05-07,2014-05-08,2014-01-02
downside_skew_z,IFX,ok,86,1,4,2014-05-07,2014-05-08,2014-01-02
downside_skew_z,MS,ok,86,1,1,2014-05-07,2014-05-08,2014-01-02
downside_skew_z,SCHW,ok,86,1,1,2014-05-07,2014-05-08,2014-01-02
downside_skew_z,AXP,ok,86,1,1,2014-05-07,2014-05-08,2014-01-02
downside_skew_z,PGR,ok,86,1,6,2014-05-07,2014-05-08,2014-01-02
downside_skew_z,AON,ok,86,1,6,2014-05-07,2014-05-08,2014-01-02
downside_skew_z,CME,ok,86,1,1,2014-05-07,2014-05-08,2014-01-02
downside_skew_z,KKR,ok,86,1,4,2014-05-07,2014-05-08,2014-01-02
downside_skew_z,BN,ok,0,1,3,2022-12-12,2022-12-13,2022-12-12
downside_skew_z,C,ok,86,1,1,2014-05-07,2014-05-08,2014-01-02
downside_skew_z,LSEG,ok,86,1,97,2014-05-07,2014-05-08,2014-01-02
downside_skew_z,ZURN,ok,86,1,1,2014-05-07,2014-05-08,2014-01-02
downside_skew_z,CS,ok,86,1,1,2014-05-07,2014-05-08,2014-01-02
downside_skew_z,8306,ok,86,1,125,2014-05-07,2014-05-08,2014-01-02
downside_skew_z,DIS,ok,86,1,1,2014-05-07,2014-05-08,2014-01-02
downside_skew_z,CMCSA,ok,86,1,1,2014-05-07,2014-05-08,2014-01-02
downside_skew_z,VZ,ok,86,1,1,2014-05-07,2014-05-08,2014-01-02
downside_skew_z,T,ok,86,1,1,2014-05-07,2014-05-08,2014-01-02
downside_skew_z,TTWO,ok,86,1,1,2014-05-07,2014-05-08,2014-01-02
downside_skew_z,PUB,ok,86,1,1,2014-05-07,2014-05-08,2014-01-02
downside_skew_z,7974,ok,86,1,1692,2014-05-07,2014-05-08,2014-01-02
downside_skew_z,DTE,ok,86,1,3,2014-05-07,2014-05-08,2014-01-02
downside_skew_z,UMG,ok,3,1,1,2021-09-24,2021-09-27,2021-09-21
downside_skew_z,LOW,ok,86,1,1,2014-05-07,2014-05-08,2014-01-02
downside_skew_z,TJX,ok,86,1,2,2014-05-07,2014-05-08,2014-01-02
downside_skew_z,SBUX,ok,86,1,1,2014-05-07,2014-05-08,2014-01-02
downside_skew_z,ABNB,ok,5,1,1,2020-12-17,2020-12-18,2020-12-10
downside_skew_z,7203,ok,86,1,1028,2014-05-07,2014-05-08,2014-01-02
downside_skew_z,ITX,ok,86,1,1,2014-05-07,2014-05-08,2014-01-02
downside_skew_z,ABT,ok,86,1,1,2014-05-07,2014-05-08,2014-01-02
downside_skew_z,DHR,ok,86,1,1,2014-05-07,2014-05-08,2014-01-02
downside_skew_z,VRTX,ok,86,1,1,2014-05-07,2014-05-08,2014-01-02
downside_skew_z,SAN,ok,86,1,1,2014-05-07,2014-05-08,2014-01-02
downside_skew_z,GE,ok,0,1,1,2024-04-02,2024-04-03,2024-04-02
downside_skew_z,TT,ok,0,1,1,2020-03-02,2020-03-03,2020-03-02
downside_skew_z,ABBN,ok,86,1,1,2014-05-07,2014-05-08,2014-01-02
downside_skew_z,KO,ok,86,1,1,2014-05-07,2014-05-08,2014-01-02
downside_skew_z,ULVR,ok,86,1,1,2014-05-07,2014-05-08,2014-01-02
downside_skew_z,ECL,ok,86,1,1,2014-05-07,2014-05-08,2014-01-02
downside_skew_z,AI,ok,86,1,1,2014-05-07,2014-05-08,2014-01-02
downside_skew_z,IBE,ok,86,1,6,2014-05-07,2014-05-08,2014-01-02
downside_skew_z,INTU,ok,86,1,1,2014-05-07,2014-05-08,2014-01-02
downside_skew_z,SNPS,ok,86,1,24,2014-05-07,2014-05-08,2014-01-02
downside_skew_z,APH,ok,86,1,13,2014-05-07,2014-05-08,2014-01-02
downside_skew_z,MSI,ok,86,1,1,2014-05-07,2014-05-08,2014-01-02
downside_skew_z,CRWD,ok,5,1,1,2019-06-19,2019-06-20,2019-06-12
downside_skew_z,NXPI,ok,86,1,1,2014-05-07,2014-05-08,2014-01-02
downside_skew_z,KEYS,ok,14,1,24,2014-11-10,2014-11-11,2014-10-21
downside_skew_z,ADSK,ok,86,1,1,2014-05-07,2014-05-08,2014-01-02
downside_skew_z,WDAY,ok,86,1,1,2014-05-07,2014-05-08,2014-01-02
downside_skew_z,WDC,ok,0,1,1,2025-02-24,2025-02-25,2025-02-24
downside_skew_z,DDOG,ok,10,1,1,2019-10-03,2019-10-04,2019-09-19
downside_skew_z,FTNT,ok,86,1,1,2014-05-07,2014-05-08,2014-01-02
downside_skew_z,DSY,ok,86,1,7,2014-05-07,2014-05-08,2014-01-02
downside_skew_z,6146,ok,2934,1,1,2025-09-03,2025-09-04,2014-01-02
downside_skew_z,6981,ok,86,1,2068,2014-05-07,2014-05-08,2014-01-02
downside_skew_z,BRK/B,ok,86,1,1,2014-05-07,2014-05-08,2014-01-02
downside_skew_z,CB,ok,86,1,1,2014-05-07,2014-05-08,2014-01-02
downside_skew_z,ICE,ok,86,1,2,2014-05-07,2014-05-08,2014-01-02
downside_skew_z,MCO,ok,86,1,1,2014-05-07,2014-05-08,2014-01-02
downside_skew_z,PYPL,ok,10,1,1,2015-07-21,2015-07-22,2015-07-07
downside_skew_z,COF,ok,0,1,1,2025-05-19,2025-05-20,2025-05-19
downside_skew_z,BNP,ok,86,1,1,2014-05-07,2014-05-08,2014-01-02
downside_skew_z,MUV2,ok,86,1,1,2014-05-07,2014-05-08,2014-01-02
downside_skew_z,RTX,ok,86,1,1,2014-05-07,2014-05-08,2014-01-02
downside_skew_z,EMR,ok,86,1,1,2014-05-07,2014-05-08,2014-01-02
downside_skew_z,AXON,ok,86,1,4,2014-05-07,2014-05-08,2014-01-02
downside_skew_z,UBER,ok,5,1,1,2019-05-17,2019-05-20,2019-05-10
downside_skew_z,AIR,ok,86,1,1,2014-05-07,2014-05-08,2014-01-02
downside_skew_z,SAF,ok,86,1,1,2014-05-07,2014-05-08,2014-01-02
downside_skew_z,MRK,ok,86,1,1,2014-05-07,2014-05-08,2014-01-02
downside_skew_z,AMGN,ok,86,1,1,2014-05-07,2014-05-08,2014-01-02
downside_skew_z,SYK,ok,86,1,1,2014-05-07,2014-05-08,2014-01-02
downside_skew_z,MCK,ok,86,1,1,2014-05-07,2014-05-08,2014-01-02
downside_skew_z,NOVN,ok,86,1,1,2014-05-07,2014-05-08,2014-01-02
downside_skew_z,NKE,ok,86,1,1,2014-05-07,2014-05-08,2014-01-02
downside_skew_z,ORLY,ok,86,1,1,2014-05-07,2014-05-08,2014-01-02
downside_skew_z,DASH,ok,5,1,1,2020-12-16,2020-12-17,2020-12-09
downside_skew_z,CFR,ok,86,1,1,2014-05-07,2014-05-08,2014-01-02
downside_skew_z,TTD,ok,142,1,1,2017-04-17,2017-04-18,2016-09-21
downside_skew_z,RBLX,ok,5,1,1,2021-03-17,2021-03-18,2021-03-10
downside_skew_z,9432,ok,86,1,47,2014-05-07,2014-05-08,2014-01-02
downside_skew_z,9433,ok,86,1,2162,2014-05-07,2014-05-08,2014-01-02
downside_skew_z,PEP,ok,86,1,1,2014-05-07,2014-05-08,2014-01-02
downside_skew_z,MDLZ,ok,86,1,1,2014-05-07,2014-05-08,2014-01-02
downside_skew_z,OR,ok,86,1,1,2014-05-07,2014-05-08,2014-01-02
downside_skew_z,CVX,ok,86,1,1,2014-05-07,2014-05-08,2014-01-02
downside_skew_z,TTE,ok,86,1,1,2014-05-07,2014-05-08,2014-01-02
downside_skew_z,NEM,ok,86,1,1,2014-05-07,2014-05-08,2014-01-02
downside_skew_z,SHW,ok,86,1,1,2014-05-07,2014-05-08,2014-01-02
downside_skew_z,SO,ok,86,1,1,2014-05-07,2014-05-08,2014-01-02
downside_skew_z,APP,ok,5,1,1,2021-04-22,2021-04-23,2021-04-15
downside_skew_z,SNOW,ok,5,1,1,2020-09-23,2020-09-24,2020-09-16
downside_skew_z,NET,ok,8,1,1,2019-09-25,2019-09-26,2019-09-13
downside_skew_z,ZS,ok,6,1,1,2018-03-26,2018-03-27,2018-03-16
downside_skew_z,TEAM,ok,7,1,7,2015-12-21,2015-12-22,2015-12-10
downside_skew_z,COHR,ok,86,1,18,2014-05-07,2014-05-08,2014-01-02
downside_skew_z,ON,ok,86,1,9,2014-05-07,2014-05-08,2014-01-02
downside_skew_z,FICO,ok,86,1,7,2014-05-07,2014-05-08,2014-01-02
downside_skew_z,HPE,ok,10,1,3,2015-11-03,2015-11-04,2015-10-20
downside_skew_z,VRSN,ok,86,1,2,2014-05-07,2014-05-08,2014-01-02
downside_skew_z,ASM,ok,86,1,1,2014-05-07,2014-05-08,2014-01-02
downside_skew_z,MRSH,ok,86,1,21,2014-05-07,2014-05-08,2014-01-02
downside_skew_z,APO,ok,86,1,3,2014-05-07,2014-05-08,2014-01-02
downside_skew_z,MSCI,ok,86,1,8,2014-05-07,2014-05-08,2014-01-02
downside_skew_z,BNY,ok,86,1,4,2014-05-07,2014-05-08,2014-01-02
downside_skew_z,IBKR,ok,86,1,1,2014-05-07,2014-05-08,2014-01-02
downside_skew_z,UBSG,ok,86,1,1,2014-05-07,2014-05-08,2014-01-02
downside_skew_z,UCG,ok,86,1,1,2014-05-07,2014-05-08,2014-01-02
downside_skew_z,8316,ok,86,1,1934,2014-05-07,2014-05-08,2014-01-02
downside_skew_z,ADP,ok,86,1,1,2014-05-07,2014-05-08,2014-01-02
downside_skew_z,HWM,ok,0,1,1,2020-04-01,2020-04-02,2020-04-01
downside_skew_z,WM,ok,86,1,7,2014-05-07,2014-05-08,2014-01-02
downside_skew_z,PH,ok,86,1,1,2014-05-07,2014-05-08,2014-01-02
downside_skew_z,REL,ok,86,1,1,2014-05-07,2014-05-08,2014-01-02
downside_skew_z,7011,ok,86,1,1745,2014-05-07,2014-05-08,2014-01-02
downside_skew_z,ROP,ok,86,1,1,2014-05-07,2014-05-08,2014-01-02
downside_skew_z,GILD,ok,86,1,1,2014-05-07,2014-05-08,2014-01-02
downside_skew_z,PFE,ok,86,1,1,2014-05-07,2014-05-08,2014-01-02
downside_skew_z,MDT,ok,86,1,1,2014-05-07,2014-05-08,2014-01-02
downside_skew_z,HCA,ok,86,1,1,2014-05-07,2014-05-08,2014-01-02
downside_skew_z,ZTS,ok,86,1,1,2014-05-07,2014-05-08,2014-01-02
downside_skew_z,RMS,ok,86,1,2,2014-05-07,2014-05-08,2014-01-02
downside_skew_z,6758,ok,86,1,6,2014-05-07,2014-05-08,2014-01-02
downside_skew_z,CMG,ok,86,1,1,2014-05-07,2014-05-08,2014-01-02
downside_skew_z,MAR,ok,86,1,1,2014-05-07,2014-05-08,2014-01-02
downside_skew_z,GM,ok,86,1,1,2014-05-07,2014-05-08,2014-01-02
downside_skew_z,GRMN,ok,86,1,1,2014-05-07,2014-05-08,2014-01-02
downside_skew_z,RDDT,ok,3,1,1,2024-03-26,2024-03-27,2024-03-21
downside_skew_z,LYV,ok,86,1,2,2014-05-07,2014-05-08,2014-01-02
downside_skew_z,TKO,ok,0,1,1,2023-09-12,2023-09-13,2023-09-12
downside_skew_z,MO,ok,86,1,1,2014-05-07,2014-05-08,2014-01-02
downside_skew_z,CL,ok,86,1,1,2014-05-07,2014-05-08,2014-01-02
downside_skew_z,MNST,ok,86,1,1,2014-05-07,2014-05-08,2014-01-02
downside_skew_z,COP,ok,86,1,1,2014-05-07,2014-05-08,2014-01-02
downside_skew_z,SLB,ok,86,1,1,2014-05-07,2014-05-08,2014-01-02
downside_skew_z,APD,ok,86,1,1,2014-05-07,2014-05-08,2014-01-02
downside_skew_z,4063,ok,86,1,2,2014-05-07,2014-05-08,2014-01-02
downside_skew_z,NRG,ok,86,1,1,2014-05-07,2014-05-08,2014-01-02
downside_skew_z,ENEL,ok,86,1,2,2014-05-07,2014-05-08,2014-01-02
downside_skew_z,WELL,ok,86,1,2,2014-05-07,2014-05-08,2014-01-02
iv_term_structure_z,AAPL,ok,86,1,1,2014-05-07,2014-05-08,2014-01-02
iv_term_structure_z,MSFT,ok,86,1,1,2014-05-07,2014-05-08,2014-01-02
iv_term_structure_z,GOOGL,ok,86,1,1,2014-05-07,2014-05-08,2014-01-02
iv_term_structure_z,AMZN,ok,86,1,1,2014-05-07,2014-05-08,2014-01-02
iv_term_structure_z,META,ok,86,1,1,2014-05-07,2014-05-08,2014-01-02
iv_term_structure_z,NVDA,ok,86,1,1,2014-05-07,2014-05-08,2014-01-02
iv_term_structure_z,TSLA,ok,86,1,1,2014-05-07,2014-05-08,2014-01-02
iv_term_structure_z,PLTR,ok,5,1,1,2020-10-07,2020-10-08,2020-09-30
iv_term_structure_z,AVGO,ok,86,1,1,2014-05-07,2014-05-08,2014-01-02
iv_term_structure_z,MU,ok,86,1,1,2014-05-07,2014-05-08,2014-01-02
iv_term_structure_z,GEV,ok,4,1,1,2024-04-08,2024-04-09,2024-04-02
iv_term_structure_z,VRT,ok,404,1,1,2020-03-11,2020-03-12,2018-08-01
iv_term_structure_z,BE,ok,23,1,1,2018-08-27,2018-08-28,2018-07-25
iv_term_structure_z,LITE,ok,8,1,1,2015-08-06,2015-08-07,2015-07-27
iv_term_structure_z,000660,ok,609,1,101,2016-06-03,2016-06-06,2014-01-02
iv_term_structure_z,005930,ok,86,1,182,2014-05-07,2014-05-08,2014-01-02
iv_term_structure_z,UNH,ok,86,1,1,2014-05-07,2014-05-08,2014-01-02
iv_term_structure_z,LLY,ok,86,1,1,2014-05-07,2014-05-08,2014-01-02
iv_term_structure_z,ISRG,ok,86,1,1,2014-05-07,2014-05-08,2014-01-02
iv_term_structure_z,ABBV,ok,86,1,1,2014-05-07,2014-05-08,2014-01-02
iv_term_structure_z,REGN,ok,86,1,1,2014-05-07,2014-05-08,2014-01-02
iv_term_structure_z,JPM,ok,86,1,1,2014-05-07,2014-05-08,2014-01-02
iv_term_structure_z,V,ok,86,1,1,2014-05-07,2014-05-08,2014-01-02
iv_term_structure_z,MA,ok,86,1,1,2014-05-07,2014-05-08,2014-01-02
iv_term_structure_z,BLK,ok,86,1,1,2014-05-07,2014-05-08,2014-01-02
iv_term_structure_z,SPGI,ok,86,1,1,2014-05-07,2014-05-08,2014-01-02
iv_term_structure_z,GS,ok,86,1,1,2014-05-07,2014-05-08,2014-01-02
iv_term_structure_z,COST,ok,86,1,1,2014-05-07,2014-05-08,2014-01-02
iv_term_structure_z,HD,ok,86,1,1,2014-05-07,2014-05-08,2014-01-02
iv_term_structure_z,PG,ok,86,1,1,2014-05-07,2014-05-08,2014-01-02
iv_term_structure_z,MCD,ok,86,1,1,2014-05-07,2014-05-08,2014-01-02
iv_term_structure_z,WMT,ok,86,1,1,2014-05-07,2014-05-08,2014-01-02
iv_term_structure_z,CAT,ok,86,1,1,2014-05-07,2014-05-08,2014-01-02
iv_term_structure_z,HON,ok,86,1,1,2014-05-07,2014-05-08,2014-01-02
iv_term_structure_z,DE,ok,86,1,1,2014-05-07,2014-05-08,2014-01-02
iv_term_structure_z,UNP,ok,86,1,1,2014-05-07,2014-05-08,2014-01-02
iv_term_structure_z,LMT,ok,86,1,1,2014-05-07,2014-05-08,2014-01-02
iv_term_structure_z,ETN,ok,86,1,1,2014-05-07,2014-05-08,2014-01-02
iv_term_structure_z,XOM,ok,86,1,1,2014-05-07,2014-05-08,2014-01-02
iv_term_structure_z,LNG,ok,86,1,1,2014-05-07,2014-05-08,2014-01-02
iv_term_structure_z,FCX,ok,86,1,1,2014-05-07,2014-05-08,2014-01-02
iv_term_structure_z,LIN,ok,86,1,1,2014-05-07,2014-05-08,2014-01-02
iv_term_structure_z,NEE,ok,86,1,1,2014-05-07,2014-05-08,2014-01-02
iv_term_structure_z,AMT,ok,86,1,1,2014-05-07,2014-05-08,2014-01-02
iv_term_structure_z,EQIX,ok,86,1,1,2014-05-07,2014-05-08,2014-01-02
iv_term_structure_z,TMUS,ok,86,1,1,2014-05-07,2014-05-08,2014-01-02
iv_term_structure_z,PLD,ok,86,1,1,2014-05-07,2014-05-08,2014-01-02
iv_term_structure_z,AMD,ok,86,1,1,2014-05-07,2014-05-08,2014-01-02
iv_term_structure_z,CRM,ok,86,1,1,2014-05-07,2014-05-08,2014-01-02
iv_term_structure_z,NFLX,ok,86,1,1,2014-05-07,2014-05-08,2014-01-02
iv_term_structure_z,TER,ok,86,1,1,2014-05-07,2014-05-08,2014-01-02
iv_term_structure_z,GLW,ok,86,1,1,2014-05-07,2014-05-08,2014-01-02
iv_term_structure_z,JNJ,ok,86,1,1,2014-05-07,2014-05-08,2014-01-02
iv_term_structure_z,WFC,ok,86,1,1,2014-05-07,2014-05-08,2014-01-02
iv_term_structure_z,MPC,ok,86,1,1,2014-05-07,2014-05-08,2014-01-02
iv_term_structure_z,LRCX,ok,86,1,1,2014-05-07,2014-05-08,2014-01-02
iv_term_structure_z,AMAT,ok,86,1,1,2014-05-07,2014-05-08,2014-01-02
iv_term_structure_z,PANW,ok,86,1,1,2014-05-07,2014-05-08,2014-01-02
iv_term_structure_z,FN,ok,86,1,1,2014-05-07,2014-05-08,2014-01-02
iv_term_structure_z,MPWR,ok,86,1,1,2014-05-07,2014-05-08,2014-01-02
iv_term_structure_z,BAC,ok,86,1,1,2014-05-07,2014-05-08,2014-01-02
iv_term_structure_z,CSCO,ok,86,1,1,2014-05-07,2014-05-08,2014-01-02
iv_term_structure_z,INTC,ok,86,1,1,2014-05-07,2014-05-08,2014-01-02
iv_term_structure_z,ORCL,ok,86,1,1,2014-05-07,2014-05-08,2014-01-02
iv_term_structure_z,TSM,ok,86,1,1,2014-05-07,2014-05-08,2014-01-02
iv_term_structure_z,SNDK,ok,6,1,1,2025-03-04,2025-03-05,2025-02-24
iv_term_structure_z,KLAC,ok,86,1,1,2014-05-07,2014-05-08,2014-01-02
iv_term_structure_z,ANET,ok,39,1,1,2014-08-01,2014-08-04,2014-06-06
iv_term_structure_z,MRVL,ok,86,1,1,2014-05-07,2014-05-08,2014-01-02
iv_term_structure_z,CDNS,ok,86,1,1,2014-05-07,2014-05-08,2014-01-02
iv_term_structure_z,STX,ok,86,1,1,2014-05-07,2014-05-08,2014-01-02
iv_term_structure_z,PWR,ok,86,1,1,2014-05-07,2014-05-08,2014-01-02
iv_term_structure_z,BX,ok,86,1,1,2014-05-07,2014-05-08,2014-01-02
iv_term_structure_z,TMO,ok,86,1,1,2014-05-07,2014-05-08,2014-01-02
iv_term_structure_z,BSX,ok,86,1,1,2014-05-07,2014-05-08,2014-01-02
iv_term_structure_z,BKNG,ok,86,1,1,2014-05-07,2014-05-08,2014-01-02
iv_term_structure_z,PM,ok,86,1,1,2014-05-07,2014-05-08,2014-01-02
iv_term_structure_z,WMB,ok,86,1,1,2014-05-07,2014-05-08,2014-01-02
iv_term_structure_z,CEG,ok,6,1,1,2022-02-10,2022-02-11,2022-02-02
iv_term_structure_z,VST,ok,157,1,27,2017-05-22,2017-05-23,2016-10-05
iv_term_structure_z,DLR,ok,86,1,1,2014-05-07,2014-05-08,2014-01-02
iv_term_structure_z,ARM,ok,3,1,1,2023-09-19,2023-09-20,2023-09-14
iv_term_structure_z,SPOT,ok,5,1,1,2018-04-10,2018-04-11,2018-04-03
iv_term_structure_z,RACE,ok,7,1,1,2015-10-30,2015-11-02,2015-10-21
iv_term_structure_z,285A,ok,405,1,1,2026-08-04,2026-08-05,2024-12-18
iv_term_structure_z,6857,ok,86,1,5,2014-05-07,2014-05-08,2014-01-02
iv_term_structure_z,SU,ok,86,1,1,2014-05-07,2014-05-08,2014-01-02
iv_term_structure_z,SIE,ok,86,1,1,2014-05-07,2014-05-08,2014-01-02
iv_term_structure_z,RHM,ok,86,1,1,2014-05-07,2014-05-08,2014-01-02
iv_term_structure_z,ALV,ok,86,1,1,2014-05-07,2014-05-08,2014-01-02
iv_term_structure_z,MC,ok,86,1,1,2014-05-07,2014-05-08,2014-01-02
iv_term_structure_z,NESN,ok,86,1,1,2014-05-07,2014-05-08,2014-01-02
iv_term_structure_z,RR/,ok,86,1,1,2014-05-07,2014-05-08,2014-01-02
iv_term_structure_z,SAP,ok,86,1,1,2014-05-07,2014-05-08,2014-01-02
iv_term_structure_z,ASML,ok,86,1,1,2014-05-07,2014-05-08,2014-01-02
iv_term_structure_z,AZN,ok,86,1,1,2014-05-07,2014-05-08,2014-01-02
iv_term_structure_z,SHEL,ok,86,1,1,2014-05-07,2014-05-08,2014-01-02
iv_term_structure_z,HSBA,ok,86,1,1,2014-05-07,2014-05-08,2014-01-02
iv_term_structure_z,NOVOB,ok,86,1,1,2014-05-07,2014-05-08,2014-01-02
iv_term_structure_z,RIO,ok,86,1,1,2014-05-07,2014-05-08,2014-01-02
iv_term_structure_z,QCOM,ok,86,1,1,2014-05-07,2014-05-08,2014-01-02
iv_term_structure_z,TXN,ok,86,1,1,2014-05-07,2014-05-08,2014-01-02
iv_term_structure_z,ADBE,ok,86,1,1,2014-05-07,2014-05-08,2014-01-02
iv_term_structure_z,NOW,ok,86,1,1,2014-05-07,2014-05-08,2014-01-02
iv_term_structure_z,ACN,ok,86,1,1,2014-05-07,2014-05-08,2014-01-02
iv_term_structure_z,IBM,ok,86,1,1,2014-05-07,2014-05-08,2014-01-02
iv_term_structure_z,ADI,ok,86,1,1,2014-05-07,2014-05-08,2014-01-02
iv_term_structure_z,DELL,ok,2,1,1,2019-01-02,2019-01-03,2018-12-28
iv_term_structure_z,8035,ok,86,1,1720,2014-05-07,2014-05-08,2014-01-02
iv_term_structure_z,IFX,ok,86,1,1,2014-05-07,2014-05-08,2014-01-02
iv_term_structure_z,MS,ok,86,1,1,2014-05-07,2014-05-08,2014-01-02
iv_term_structure_z,SCHW,ok,86,1,1,2014-05-07,2014-05-08,2014-01-02
iv_term_structure_z,AXP,ok,86,1,1,2014-05-07,2014-05-08,2014-01-02
iv_term_structure_z,PGR,ok,86,1,1,2014-05-07,2014-05-08,2014-01-02
iv_term_structure_z,AON,ok,86,1,1,2014-05-07,2014-05-08,2014-01-02
iv_term_structure_z,CME,ok,86,1,1,2014-05-07,2014-05-08,2014-01-02
iv_term_structure_z,KKR,ok,86,1,1,2014-05-07,2014-05-08,2014-01-02
iv_term_structure_z,BN,ok,0,1,1,2022-12-12,2022-12-13,2022-12-12
iv_term_structure_z,C,ok,86,1,1,2014-05-07,2014-05-08,2014-01-02
iv_term_structure_z,LSEG,ok,86,1,112,2014-05-07,2014-05-08,2014-01-02
iv_term_structure_z,ZURN,ok,86,1,1,2014-05-07,2014-05-08,2014-01-02
iv_term_structure_z,CS,ok,86,1,1,2014-05-07,2014-05-08,2014-01-02
iv_term_structure_z,8306,ok,86,1,109,2014-05-07,2014-05-08,2014-01-02
iv_term_structure_z,DIS,ok,86,1,1,2014-05-07,2014-05-08,2014-01-02
iv_term_structure_z,CMCSA,ok,86,1,1,2014-05-07,2014-05-08,2014-01-02
iv_term_structure_z,VZ,ok,86,1,1,2014-05-07,2014-05-08,2014-01-02
iv_term_structure_z,T,ok,86,1,1,2014-05-07,2014-05-08,2014-01-02
iv_term_structure_z,TTWO,ok,86,1,1,2014-05-07,2014-05-08,2014-01-02
iv_term_structure_z,PUB,ok,86,1,1,2014-05-07,2014-05-08,2014-01-02
iv_term_structure_z,7974,ok,86,1,1142,2014-05-07,2014-05-08,2014-01-02
iv_term_structure_z,DTE,ok,86,1,1,2014-05-07,2014-05-08,2014-01-02
iv_term_structure_z,UMG,ok,3,1,1,2021-09-24,2021-09-27,2021-09-21
iv_term_structure_z,LOW,ok,86,1,1,2014-05-07,2014-05-08,2014-01-02
iv_term_structure_z,TJX,ok,86,1,1,2014-05-07,2014-05-08,2014-01-02
iv_term_structure_z,SBUX,ok,86,1,1,2014-05-07,2014-05-08,2014-01-02
iv_term_structure_z,ABNB,ok,5,1,1,2020-12-17,2020-12-18,2020-12-10
iv_term_structure_z,7203,ok,86,1,168,2014-05-07,2014-05-08,2014-01-02
iv_term_structure_z,ITX,ok,86,1,1,2014-05-07,2014-05-08,2014-01-02
iv_term_structure_z,ABT,ok,86,1,1,2014-05-07,2014-05-08,2014-01-02
iv_term_structure_z,DHR,ok,86,1,1,2014-05-07,2014-05-08,2014-01-02
iv_term_structure_z,VRTX,ok,86,1,1,2014-05-07,2014-05-08,2014-01-02
iv_term_structure_z,SAN,ok,86,1,1,2014-05-07,2014-05-08,2014-01-02
iv_term_structure_z,GE,ok,0,1,1,2024-04-02,2024-04-03,2024-04-02
iv_term_structure_z,TT,ok,0,1,1,2020-03-02,2020-03-03,2020-03-02
iv_term_structure_z,ABBN,ok,86,1,1,2014-05-07,2014-05-08,2014-01-02
iv_term_structure_z,KO,ok,86,1,1,2014-05-07,2014-05-08,2014-01-02
iv_term_structure_z,ULVR,ok,86,1,1,2014-05-07,2014-05-08,2014-01-02
iv_term_structure_z,ECL,ok,86,1,1,2014-05-07,2014-05-08,2014-01-02
iv_term_structure_z,AI,ok,86,1,1,2014-05-07,2014-05-08,2014-01-02
iv_term_structure_z,IBE,ok,86,1,1,2014-05-07,2014-05-08,2014-01-02
iv_term_structure_z,INTU,ok,86,1,1,2014-05-07,2014-05-08,2014-01-02
iv_term_structure_z,SNPS,ok,86,1,1,2014-05-07,2014-05-08,2014-01-02
iv_term_structure_z,APH,ok,86,1,1,2014-05-07,2014-05-08,2014-01-02
iv_term_structure_z,MSI,ok,86,1,1,2014-05-07,2014-05-08,2014-01-02
iv_term_structure_z,CRWD,ok,5,1,1,2019-06-19,2019-06-20,2019-06-12
iv_term_structure_z,NXPI,ok,86,1,1,2014-05-07,2014-05-08,2014-01-02
iv_term_structure_z,KEYS,ok,10,1,1,2014-11-04,2014-11-05,2014-10-21
iv_term_structure_z,ADSK,ok,86,1,1,2014-05-07,2014-05-08,2014-01-02
iv_term_structure_z,WDAY,ok,86,1,1,2014-05-07,2014-05-08,2014-01-02
iv_term_structure_z,WDC,ok,0,1,1,2025-02-24,2025-02-25,2025-02-24
iv_term_structure_z,DDOG,ok,10,1,1,2019-10-03,2019-10-04,2019-09-19
iv_term_structure_z,FTNT,ok,86,1,1,2014-05-07,2014-05-08,2014-01-02
iv_term_structure_z,DSY,ok,86,1,31,2014-05-07,2014-05-08,2014-01-02
iv_term_structure_z,6146,ok,2934,1,1,2025-09-03,2025-09-04,2014-01-02
iv_term_structure_z,6981,ok,86,1,55,2014-05-07,2014-05-08,2014-01-02
iv_term_structure_z,BRK/B,ok,86,1,1,2014-05-07,2014-05-08,2014-01-02
iv_term_structure_z,CB,ok,86,1,1,2014-05-07,2014-05-08,2014-01-02
iv_term_structure_z,ICE,ok,86,1,1,2014-05-07,2014-05-08,2014-01-02
iv_term_structure_z,MCO,ok,86,1,1,2014-05-07,2014-05-08,2014-01-02
iv_term_structure_z,PYPL,ok,10,1,1,2015-07-21,2015-07-22,2015-07-07
iv_term_structure_z,COF,ok,0,1,1,2025-05-19,2025-05-20,2025-05-19
iv_term_structure_z,BNP,ok,86,1,1,2014-05-07,2014-05-08,2014-01-02
iv_term_structure_z,MUV2,ok,86,1,1,2014-05-07,2014-05-08,2014-01-02
iv_term_structure_z,RTX,ok,86,1,1,2014-05-07,2014-05-08,2014-01-02
iv_term_structure_z,EMR,ok,86,1,1,2014-05-07,2014-05-08,2014-01-02
iv_term_structure_z,AXON,ok,86,1,1,2014-05-07,2014-05-08,2014-01-02
iv_term_structure_z,UBER,ok,5,1,1,2019-05-17,2019-05-20,2019-05-10
iv_term_structure_z,AIR,ok,86,1,1,2014-05-07,2014-05-08,2014-01-02
iv_term_structure_z,SAF,ok,86,1,1,2014-05-07,2014-05-08,2014-01-02
iv_term_structure_z,MRK,ok,86,1,1,2014-05-07,2014-05-08,2014-01-02
iv_term_structure_z,AMGN,ok,86,1,1,2014-05-07,2014-05-08,2014-01-02
iv_term_structure_z,SYK,ok,86,1,1,2014-05-07,2014-05-08,2014-01-02
iv_term_structure_z,MCK,ok,86,1,1,2014-05-07,2014-05-08,2014-01-02
iv_term_structure_z,NOVN,ok,86,1,1,2014-05-07,2014-05-08,2014-01-02
iv_term_structure_z,NKE,ok,86,1,1,2014-05-07,2014-05-08,2014-01-02
iv_term_structure_z,ORLY,ok,86,1,1,2014-05-07,2014-05-08,2014-01-02
iv_term_structure_z,DASH,ok,5,1,1,2020-12-16,2020-12-17,2020-12-09
iv_term_structure_z,CFR,ok,86,1,1,2014-05-07,2014-05-08,2014-01-02
iv_term_structure_z,TTD,ok,143,1,1,2017-04-18,2017-04-19,2016-09-21
iv_term_structure_z,RBLX,ok,5,1,1,2021-03-17,2021-03-18,2021-03-10
iv_term_structure_z,9432,ok,86,1,5,2014-05-07,2014-05-08,2014-01-02
iv_term_structure_z,9433,ok,86,1,5,2014-05-07,2014-05-08,2014-01-02
iv_term_structure_z,PEP,ok,86,1,1,2014-05-07,2014-05-08,2014-01-02
iv_term_structure_z,MDLZ,ok,86,1,1,2014-05-07,2014-05-08,2014-01-02
iv_term_structure_z,OR,ok,86,1,1,2014-05-07,2014-05-08,2014-01-02
iv_term_structure_z,CVX,ok,86,1,1,2014-05-07,2014-05-08,2014-01-02
iv_term_structure_z,TTE,ok,86,1,1,2014-05-07,2014-05-08,2014-01-02
iv_term_structure_z,NEM,ok,86,1,1,2014-05-07,2014-05-08,2014-01-02
iv_term_structure_z,SHW,ok,86,1,1,2014-05-07,2014-05-08,2014-01-02
iv_term_structure_z,SO,ok,86,1,1,2014-05-07,2014-05-08,2014-01-02
iv_term_structure_z,APP,ok,5,1,1,2021-04-22,2021-04-23,2021-04-15
iv_term_structure_z,SNOW,ok,5,1,1,2020-09-23,2020-09-24,2020-09-16
iv_term_structure_z,NET,ok,8,1,1,2019-09-25,2019-09-26,2019-09-13
iv_term_structure_z,ZS,ok,6,1,1,2018-03-26,2018-03-27,2018-03-16
iv_term_structure_z,TEAM,ok,7,1,1,2015-12-21,2015-12-22,2015-12-10
iv_term_structure_z,COHR,ok,86,1,1,2014-05-07,2014-05-08,2014-01-02
iv_term_structure_z,ON,ok,86,1,1,2014-05-07,2014-05-08,2014-01-02
iv_term_structure_z,FICO,ok,86,1,1,2014-05-07,2014-05-08,2014-01-02
iv_term_structure_z,HPE,ok,10,1,1,2015-11-03,2015-11-04,2015-10-20
iv_term_structure_z,VRSN,ok,86,1,1,2014-05-07,2014-05-08,2014-01-02
iv_term_structure_z,ASM,ok,86,1,1,2014-05-07,2014-05-08,2014-01-02
iv_term_structure_z,MRSH,ok,86,1,1,2014-05-07,2014-05-08,2014-01-02
iv_term_structure_z,APO,ok,86,1,1,2014-05-07,2014-05-08,2014-01-02
iv_term_structure_z,MSCI,ok,86,1,1,2014-05-07,2014-05-08,2014-01-02
iv_term_structure_z,BNY,ok,86,1,1,2014-05-07,2014-05-08,2014-01-02
iv_term_structure_z,IBKR,ok,86,1,1,2014-05-07,2014-05-08,2014-01-02
iv_term_structure_z,UBSG,ok,86,1,1,2014-05-07,2014-05-08,2014-01-02
iv_term_structure_z,UCG,ok,86,1,1,2014-05-07,2014-05-08,2014-01-02
iv_term_structure_z,8316,ok,86,1,1958,2014-05-07,2014-05-08,2014-01-02
iv_term_structure_z,ADP,ok,86,1,1,2014-05-07,2014-05-08,2014-01-02
iv_term_structure_z,HWM,ok,0,1,1,2020-04-01,2020-04-02,2020-04-01
iv_term_structure_z,WM,ok,86,1,1,2014-05-07,2014-05-08,2014-01-02
iv_term_structure_z,PH,ok,86,1,1,2014-05-07,2014-05-08,2014-01-02
iv_term_structure_z,REL,ok,86,1,1,2014-05-07,2014-05-08,2014-01-02
iv_term_structure_z,7011,ok,86,1,2,2014-05-07,2014-05-08,2014-01-02
iv_term_structure_z,ROP,ok,86,1,1,2014-05-07,2014-05-08,2014-01-02
iv_term_structure_z,GILD,ok,86,1,1,2014-05-07,2014-05-08,2014-01-02
iv_term_structure_z,PFE,ok,86,1,1,2014-05-07,2014-05-08,2014-01-02
iv_term_structure_z,MDT,ok,86,1,1,2014-05-07,2014-05-08,2014-01-02
iv_term_structure_z,HCA,ok,86,1,1,2014-05-07,2014-05-08,2014-01-02
iv_term_structure_z,ZTS,ok,86,1,1,2014-05-07,2014-05-08,2014-01-02
iv_term_structure_z,RMS,ok,86,1,1,2014-05-07,2014-05-08,2014-01-02
iv_term_structure_z,6758,ok,86,1,1259,2014-05-07,2014-05-08,2014-01-02
iv_term_structure_z,CMG,ok,86,1,1,2014-05-07,2014-05-08,2014-01-02
iv_term_structure_z,MAR,ok,86,1,1,2014-05-07,2014-05-08,2014-01-02
iv_term_structure_z,GM,ok,86,1,1,2014-05-07,2014-05-08,2014-01-02
iv_term_structure_z,GRMN,ok,86,1,1,2014-05-07,2014-05-08,2014-01-02
iv_term_structure_z,RDDT,ok,3,1,1,2024-03-26,2024-03-27,2024-03-21
iv_term_structure_z,LYV,ok,86,1,1,2014-05-07,2014-05-08,2014-01-02
iv_term_structure_z,TKO,ok,0,1,1,2023-09-12,2023-09-13,2023-09-12
iv_term_structure_z,MO,ok,86,1,1,2014-05-07,2014-05-08,2014-01-02
iv_term_structure_z,CL,ok,86,1,1,2014-05-07,2014-05-08,2014-01-02
iv_term_structure_z,MNST,ok,86,1,1,2014-05-07,2014-05-08,2014-01-02
iv_term_structure_z,COP,ok,86,1,1,2014-05-07,2014-05-08,2014-01-02
iv_term_structure_z,SLB,ok,86,1,1,2014-05-07,2014-05-08,2014-01-02
iv_term_structure_z,APD,ok,86,1,1,2014-05-07,2014-05-08,2014-01-02
iv_term_structure_z,4063,ok,86,1,5,2014-05-07,2014-05-08,2014-01-02
iv_term_structure_z,NRG,ok,86,1,1,2014-05-07,2014-05-08,2014-01-02
iv_term_structure_z,ENEL,ok,86,1,1,2014-05-07,2014-05-08,2014-01-02
iv_term_structure_z,WELL,ok,86,1,1,2014-05-07,2014-05-08,2014-01-02
downside_skew_chg_5d,AAPL,ok,3,1,2,2014-01-07,2014-01-08,2014-01-02
downside_skew_chg_5d,MSFT,ok,3,1,2,2014-01-07,2014-01-08,2014-01-02
downside_skew_chg_5d,GOOGL,ok,3,1,2,2014-01-07,2014-01-08,2014-01-02
downside_skew_chg_5d,AMZN,ok,3,1,2,2014-01-07,2014-01-08,2014-01-02
downside_skew_chg_5d,META,ok,3,1,2,2014-01-07,2014-01-08,2014-01-02
downside_skew_chg_5d,NVDA,ok,3,1,2,2014-01-07,2014-01-08,2014-01-02
downside_skew_chg_5d,TSLA,ok,3,1,2,2014-01-07,2014-01-08,2014-01-02
downside_skew_chg_5d,PLTR,ok,0,5,1,2020-09-30,2020-10-07,2020-09-30
downside_skew_chg_5d,AVGO,ok,3,1,3,2014-01-07,2014-01-08,2014-01-02
downside_skew_chg_5d,MU,ok,3,1,2,2014-01-07,2014-01-08,2014-01-02
downside_skew_chg_5d,GEV,ok,0,4,1,2024-04-02,2024-04-08,2024-04-02
downside_skew_chg_5d,VRT,ok,0,404,8,2018-08-01,2020-03-11,2018-08-01
downside_skew_chg_5d,BE,ok,0,23,2,2018-07-25,2018-08-27,2018-07-25
downside_skew_chg_5d,LITE,ok,0,8,19,2015-07-27,2015-08-06,2015-07-27
downside_skew_chg_5d,000660,ok,3,219,4,2014-01-07,2014-11-18,2014-01-02
downside_skew_chg_5d,005930,ok,3,1,150,2014-01-07,2014-01-08,2014-01-02
downside_skew_chg_5d,UNH,ok,3,1,2,2014-01-07,2014-01-08,2014-01-02
downside_skew_chg_5d,LLY,ok,3,1,2,2014-01-07,2014-01-08,2014-01-02
downside_skew_chg_5d,ISRG,ok,3,1,2,2014-01-07,2014-01-08,2014-01-02
downside_skew_chg_5d,ABBV,ok,3,1,3,2014-01-07,2014-01-08,2014-01-02
downside_skew_chg_5d,REGN,ok,3,1,2,2014-01-07,2014-01-08,2014-01-02
downside_skew_chg_5d,JPM,ok,3,1,2,2014-01-07,2014-01-08,2014-01-02
downside_skew_chg_5d,V,ok,3,1,3,2014-01-07,2014-01-08,2014-01-02
downside_skew_chg_5d,MA,ok,3,1,2,2014-01-07,2014-01-08,2014-01-02
downside_skew_chg_5d,BLK,ok,3,1,2,2014-01-07,2014-01-08,2014-01-02
downside_skew_chg_5d,SPGI,ok,3,1,3,2014-01-07,2014-01-08,2014-01-02
downside_skew_chg_5d,GS,ok,3,1,2,2014-01-07,2014-01-08,2014-01-02
downside_skew_chg_5d,COST,ok,3,1,2,2014-01-07,2014-01-08,2014-01-02
downside_skew_chg_5d,HD,ok,3,1,2,2014-01-07,2014-01-08,2014-01-02
downside_skew_chg_5d,PG,ok,3,1,2,2014-01-07,2014-01-08,2014-01-02
downside_skew_chg_5d,MCD,ok,3,1,2,2014-01-07,2014-01-08,2014-01-02
downside_skew_chg_5d,WMT,ok,3,1,2,2014-01-07,2014-01-08,2014-01-02
downside_skew_chg_5d,CAT,ok,3,1,2,2014-01-07,2014-01-08,2014-01-02
downside_skew_chg_5d,HON,ok,3,1,2,2014-01-07,2014-01-08,2014-01-02
downside_skew_chg_5d,DE,ok,3,1,2,2014-01-07,2014-01-08,2014-01-02
downside_skew_chg_5d,UNP,ok,3,1,2,2014-01-07,2014-01-08,2014-01-02
downside_skew_chg_5d,LMT,ok,3,1,3,2014-01-07,2014-01-08,2014-01-02
downside_skew_chg_5d,ETN,ok,3,1,2,2014-01-07,2014-01-08,2014-01-02
downside_skew_chg_5d,XOM,ok,3,1,2,2014-01-07,2014-01-08,2014-01-02
downside_skew_chg_5d,LNG,ok,3,1,2,2014-01-07,2014-01-08,2014-01-02
downside_skew_chg_5d,FCX,ok,3,1,2,2014-01-07,2014-01-08,2014-01-02
downside_skew_chg_5d,LIN,ok,3,1,3,2014-01-07,2014-01-08,2014-01-02
downside_skew_chg_5d,NEE,ok,3,1,3,2014-01-07,2014-01-08,2014-01-02
downside_skew_chg_5d,AMT,ok,3,1,2,2014-01-07,2014-01-08,2014-01-02
downside_skew_chg_5d,EQIX,ok,3,1,2,2014-01-07,2014-01-08,2014-01-02
downside_skew_chg_5d,TMUS,ok,3,1,2,2014-01-07,2014-01-08,2014-01-02
downside_skew_chg_5d,PLD,ok,3,1,13,2014-01-07,2014-01-08,2014-01-02
downside_skew_chg_5d,AMD,ok,3,1,9,2014-01-07,2014-01-08,2014-01-02
downside_skew_chg_5d,CRM,ok,3,1,2,2014-01-07,2014-01-08,2014-01-02
downside_skew_chg_5d,NFLX,ok,3,1,2,2014-01-07,2014-01-08,2014-01-02
downside_skew_chg_5d,TER,ok,3,1,5,2014-01-07,2014-01-08,2014-01-02
downside_skew_chg_5d,GLW,ok,3,1,3,2014-01-07,2014-01-08,2014-01-02
downside_skew_chg_5d,JNJ,ok,3,1,2,2014-01-07,2014-01-08,2014-01-02
downside_skew_chg_5d,WFC,ok,3,1,2,2014-01-07,2014-01-08,2014-01-02
downside_skew_chg_5d,MPC,ok,3,1,2,2014-01-07,2014-01-08,2014-01-02
downside_skew_chg_5d,LRCX,ok,3,1,3,2014-01-07,2014-01-08,2014-01-02
downside_skew_chg_5d,AMAT,ok,3,1,2,2014-01-07,2014-01-08,2014-01-02
downside_skew_chg_5d,PANW,ok,3,1,2,2014-01-07,2014-01-08,2014-01-02
downside_skew_chg_5d,FN,ok,3,1,12,2014-01-07,2014-01-08,2014-01-02
downside_skew_chg_5d,MPWR,ok,3,9,13,2014-01-07,2014-01-21,2014-01-02
downside_skew_chg_5d,BAC,ok,3,1,2,2014-01-07,2014-01-08,2014-01-02
downside_skew_chg_5d,CSCO,ok,3,1,2,2014-01-07,2014-01-08,2014-01-02
downside_skew_chg_5d,INTC,ok,3,1,2,2014-01-07,2014-01-08,2014-01-02
downside_skew_chg_5d,ORCL,ok,3,1,2,2014-01-07,2014-01-08,2014-01-02
downside_skew_chg_5d,TSM,ok,3,1,51,2014-01-07,2014-01-08,2014-01-02
downside_skew_chg_5d,SNDK,ok,0,6,1,2025-02-24,2025-03-04,2025-02-24
downside_skew_chg_5d,KLAC,ok,3,1,4,2014-01-07,2014-01-08,2014-01-02
downside_skew_chg_5d,ANET,ok,0,39,2,2014-06-06,2014-08-01,2014-06-06
downside_skew_chg_5d,MRVL,ok,3,1,2,2014-01-07,2014-01-08,2014-01-02
downside_skew_chg_5d,CDNS,ok,3,4,9,2014-01-07,2014-01-13,2014-01-02
downside_skew_chg_5d,STX,ok,3,1,2,2014-01-07,2014-01-08,2014-01-02
downside_skew_chg_5d,PWR,ok,3,1,3,2014-01-07,2014-01-08,2014-01-02
downside_skew_chg_5d,BX,ok,3,1,2,2014-01-07,2014-01-08,2014-01-02
downside_skew_chg_5d,TMO,ok,3,1,2,2014-01-07,2014-01-08,2014-01-02
downside_skew_chg_5d,BSX,ok,3,1,3,2014-01-07,2014-01-08,2014-01-02
downside_skew_chg_5d,BKNG,ok,3,1,2,2014-01-07,2014-01-08,2014-01-02
downside_skew_chg_5d,PM,ok,3,1,2,2014-01-07,2014-01-08,2014-01-02
downside_skew_chg_5d,WMB,ok,3,1,2,2014-01-07,2014-01-08,2014-01-02
downside_skew_chg_5d,CEG,ok,0,6,2,2022-02-02,2022-02-10,2022-02-02
downside_skew_chg_5d,VST,ok,0,156,56,2016-10-05,2017-05-19,2016-10-05
downside_skew_chg_5d,DLR,ok,3,1,3,2014-01-07,2014-01-08,2014-01-02
downside_skew_chg_5d,ARM,ok,0,3,1,2023-09-14,2023-09-19,2023-09-14
downside_skew_chg_5d,SPOT,ok,0,5,1,2018-04-03,2018-04-10,2018-04-03
downside_skew_chg_5d,RACE,ok,0,7,1,2015-10-21,2015-10-30,2015-10-21
downside_skew_chg_5d,285A,ok,0,405,1,2024-12-18,2026-08-04,2024-12-18
downside_skew_chg_5d,6857,ok,3,1,2106,2014-01-07,2014-01-08,2014-01-02
downside_skew_chg_5d,SU,ok,3,1,2,2014-01-07,2014-01-08,2014-01-02
downside_skew_chg_5d,SIE,ok,3,1,3,2014-01-07,2014-01-08,2014-01-02
downside_skew_chg_5d,RHM,ok,3,1,3,2014-01-07,2014-01-08,2014-01-02
downside_skew_chg_5d,ALV,ok,3,1,3,2014-01-07,2014-01-08,2014-01-02
downside_skew_chg_5d,MC,ok,3,1,2,2014-01-07,2014-01-08,2014-01-02
downside_skew_chg_5d,NESN,ok,3,1,3,2014-01-07,2014-01-08,2014-01-02
downside_skew_chg_5d,RR/,ok,3,1,9,2014-01-07,2014-01-08,2014-01-02
downside_skew_chg_5d,SAP,ok,3,1,5,2014-01-07,2014-01-08,2014-01-02
downside_skew_chg_5d,ASML,ok,3,1,2,2014-01-07,2014-01-08,2014-01-02
downside_skew_chg_5d,AZN,ok,3,1,3,2014-01-07,2014-01-08,2014-01-02
downside_skew_chg_5d,SHEL,ok,3,1,3,2014-01-07,2014-01-08,2014-01-02
downside_skew_chg_5d,HSBA,ok,3,1,9,2014-01-07,2014-01-08,2014-01-02
downside_skew_chg_5d,NOVOB,ok,3,1,3,2014-01-07,2014-01-08,2014-01-02
downside_skew_chg_5d,RIO,ok,3,1,3,2014-01-07,2014-01-08,2014-01-02
downside_skew_chg_5d,QCOM,ok,3,1,2,2014-01-07,2014-01-08,2014-01-02
downside_skew_chg_5d,TXN,ok,3,1,2,2014-01-07,2014-01-08,2014-01-02
downside_skew_chg_5d,ADBE,ok,3,1,2,2014-01-07,2014-01-08,2014-01-02
downside_skew_chg_5d,NOW,ok,3,1,2,2014-01-07,2014-01-08,2014-01-02
downside_skew_chg_5d,ACN,ok,3,1,2,2014-01-07,2014-01-08,2014-01-02
downside_skew_chg_5d,IBM,ok,3,1,2,2014-01-07,2014-01-08,2014-01-02
downside_skew_chg_5d,ADI,ok,3,1,8,2014-01-07,2014-01-08,2014-01-02
downside_skew_chg_5d,DELL,ok,0,4,1,2018-12-28,2019-01-04,2018-12-28
downside_skew_chg_5d,8035,ok,3,1,1447,2014-01-07,2014-01-08,2014-01-02
downside_skew_chg_5d,IFX,ok,3,1,7,2014-01-07,2014-01-08,2014-01-02
downside_skew_chg_5d,MS,ok,3,1,2,2014-01-07,2014-01-08,2014-01-02
downside_skew_chg_5d,SCHW,ok,3,1,3,2014-01-07,2014-01-08,2014-01-02
downside_skew_chg_5d,AXP,ok,3,1,2,2014-01-07,2014-01-08,2014-01-02
downside_skew_chg_5d,PGR,ok,3,1,11,2014-01-07,2014-01-08,2014-01-02
downside_skew_chg_5d,AON,ok,3,1,7,2014-01-07,2014-01-08,2014-01-02
downside_skew_chg_5d,CME,ok,3,1,2,2014-01-07,2014-01-08,2014-01-02
downside_skew_chg_5d,KKR,ok,3,1,7,2014-01-07,2014-01-08,2014-01-02
downside_skew_chg_5d,BN,ok,0,1,15,2022-12-12,2022-12-13,2022-12-12
downside_skew_chg_5d,C,ok,3,1,2,2014-01-07,2014-01-08,2014-01-02
downside_skew_chg_5d,LSEG,ok,3,1,133,2014-01-07,2014-01-08,2014-01-02
downside_skew_chg_5d,ZURN,ok,3,1,3,2014-01-07,2014-01-08,2014-01-02
downside_skew_chg_5d,CS,ok,3,1,2,2014-01-07,2014-01-08,2014-01-02
downside_skew_chg_5d,8306,ok,3,1,1471,2014-01-07,2014-01-08,2014-01-02
downside_skew_chg_5d,DIS,ok,3,1,2,2014-01-07,2014-01-08,2014-01-02
downside_skew_chg_5d,CMCSA,ok,3,1,2,2014-01-07,2014-01-08,2014-01-02
downside_skew_chg_5d,VZ,ok,3,1,2,2014-01-07,2014-01-08,2014-01-02
downside_skew_chg_5d,T,ok,3,1,2,2014-01-07,2014-01-08,2014-01-02
downside_skew_chg_5d,TTWO,ok,3,1,3,2014-01-07,2014-01-08,2014-01-02
downside_skew_chg_5d,PUB,ok,3,28,19,2014-01-07,2014-02-18,2014-01-02
downside_skew_chg_5d,7974,ok,3,1,1863,2014-01-07,2014-01-08,2014-01-02
downside_skew_chg_5d,DTE,ok,3,1,8,2014-01-07,2014-01-08,2014-01-02
downside_skew_chg_5d,UMG,ok,0,3,3,2021-09-21,2021-09-24,2021-09-21
downside_skew_chg_5d,LOW,ok,3,1,2,2014-01-07,2014-01-08,2014-01-02
downside_skew_chg_5d,TJX,ok,3,1,3,2014-01-07,2014-01-08,2014-01-02
downside_skew_chg_5d,SBUX,ok,3,1,2,2014-01-07,2014-01-08,2014-01-02
downside_skew_chg_5d,ABNB,ok,0,5,1,2020-12-10,2020-12-17,2020-12-10
downside_skew_chg_5d,7203,ok,3,1,1196,2014-01-07,2014-01-08,2014-01-02
downside_skew_chg_5d,ITX,ok,3,1,3,2014-01-07,2014-01-08,2014-01-02
downside_skew_chg_5d,ABT,ok,3,1,2,2014-01-07,2014-01-08,2014-01-02
downside_skew_chg_5d,DHR,ok,3,1,3,2014-01-07,2014-01-08,2014-01-02
downside_skew_chg_5d,VRTX,ok,3,1,2,2014-01-07,2014-01-08,2014-01-02
downside_skew_chg_5d,SAN,ok,3,1,4,2014-01-07,2014-01-08,2014-01-02
downside_skew_chg_5d,GE,ok,0,1,1,2024-04-02,2024-04-03,2024-04-02
downside_skew_chg_5d,TT,ok,0,1,2,2020-03-02,2020-03-03,2020-03-02
downside_skew_chg_5d,ABBN,ok,3,1,3,2014-01-07,2014-01-08,2014-01-02
downside_skew_chg_5d,KO,ok,3,1,2,2014-01-07,2014-01-08,2014-01-02
downside_skew_chg_5d,ULVR,ok,3,1,4,2014-01-07,2014-01-08,2014-01-02
downside_skew_chg_5d,ECL,ok,3,1,5,2014-01-07,2014-01-08,2014-01-02
downside_skew_chg_5d,AI,ok,3,1,14,2014-01-07,2014-01-08,2014-01-02
downside_skew_chg_5d,IBE,ok,3,1,16,2014-01-07,2014-01-08,2014-01-02
downside_skew_chg_5d,INTU,ok,3,1,3,2014-01-07,2014-01-08,2014-01-02
downside_skew_chg_5d,SNPS,ok,3,76,34,2014-01-07,2014-04-28,2014-01-02
downside_skew_chg_5d,APH,ok,3,1,22,2014-01-07,2014-01-08,2014-01-02
downside_skew_chg_5d,MSI,ok,3,1,3,2014-01-07,2014-01-08,2014-01-02
downside_skew_chg_5d,CRWD,ok,0,5,2,2019-06-12,2019-06-19,2019-06-12
downside_skew_chg_5d,NXPI,ok,3,1,3,2014-01-07,2014-01-08,2014-01-02
downside_skew_chg_5d,KEYS,ok,0,14,39,2014-10-21,2014-11-10,2014-10-21
downside_skew_chg_5d,ADSK,ok,3,1,3,2014-01-07,2014-01-08,2014-01-02
downside_skew_chg_5d,WDAY,ok,3,1,2,2014-01-07,2014-01-08,2014-01-02
downside_skew_chg_5d,WDC,ok,0,1,1,2025-02-24,2025-02-25,2025-02-24
downside_skew_chg_5d,DDOG,ok,0,10,1,2019-09-19,2019-10-03,2019-09-19
downside_skew_chg_5d,FTNT,ok,3,1,3,2014-01-07,2014-01-08,2014-01-02
downside_skew_chg_5d,DSY,ok,3,28,43,2014-01-07,2014-02-18,2014-01-02
downside_skew_chg_5d,6146,ok,3,2931,2,2014-01-07,2025-09-03,2014-01-02
downside_skew_chg_5d,6981,ok,3,1,2237,2014-01-07,2014-01-08,2014-01-02
downside_skew_chg_5d,BRK/B,ok,3,1,2,2014-01-07,2014-01-08,2014-01-02
downside_skew_chg_5d,CB,ok,3,1,3,2014-01-07,2014-01-08,2014-01-02
downside_skew_chg_5d,ICE,ok,3,1,11,2014-01-07,2014-01-08,2014-01-02
downside_skew_chg_5d,MCO,ok,3,1,3,2014-01-07,2014-01-08,2014-01-02
downside_skew_chg_5d,PYPL,ok,0,10,1,2015-07-07,2015-07-21,2015-07-07
downside_skew_chg_5d,COF,ok,0,1,2,2025-05-19,2025-05-20,2025-05-19
downside_skew_chg_5d,BNP,ok,3,1,2,2014-01-07,2014-01-08,2014-01-02
downside_skew_chg_5d,MUV2,ok,3,1,2,2014-01-07,2014-01-08,2014-01-02
downside_skew_chg_5d,RTX,ok,3,1,2,2014-01-07,2014-01-08,2014-01-02
downside_skew_chg_5d,EMR,ok,3,1,3,2014-01-07,2014-01-08,2014-01-02
downside_skew_chg_5d,AXON,ok,3,1,6,2014-01-07,2014-01-08,2014-01-02
downside_skew_chg_5d,UBER,ok,0,5,1,2019-05-10,2019-05-17,2019-05-10
downside_skew_chg_5d,AIR,ok,3,1,2,2014-01-07,2014-01-08,2014-01-02
downside_skew_chg_5d,SAF,ok,3,28,19,2014-01-07,2014-02-18,2014-01-02
downside_skew_chg_5d,MRK,ok,3,1,2,2014-01-07,2014-01-08,2014-01-02
downside_skew_chg_5d,AMGN,ok,3,1,2,2014-01-07,2014-01-08,2014-01-02
downside_skew_chg_5d,SYK,ok,3,1,3,2014-01-07,2014-01-08,2014-01-02
downside_skew_chg_5d,MCK,ok,3,1,2,2014-01-07,2014-01-08,2014-01-02
downside_skew_chg_5d,NOVN,ok,3,1,3,2014-01-07,2014-01-08,2014-01-02
downside_skew_chg_5d,NKE,ok,3,1,2,2014-01-07,2014-01-08,2014-01-02
downside_skew_chg_5d,ORLY,ok,3,1,3,2014-01-07,2014-01-08,2014-01-02
downside_skew_chg_5d,DASH,ok,0,5,1,2020-12-09,2020-12-16,2020-12-09
downside_skew_chg_5d,CFR,ok,3,1,3,2014-01-07,2014-01-08,2014-01-02
downside_skew_chg_5d,TTD,ok,0,142,3,2016-09-21,2017-04-17,2016-09-21
downside_skew_chg_5d,RBLX,ok,0,5,1,2021-03-10,2021-03-17,2021-03-10
downside_skew_chg_5d,9432,ok,3,1,2107,2014-01-07,2014-01-08,2014-01-02
downside_skew_chg_5d,9433,ok,3,1,2333,2014-01-07,2014-01-08,2014-01-02
downside_skew_chg_5d,PEP,ok,3,1,2,2014-01-07,2014-01-08,2014-01-02
downside_skew_chg_5d,MDLZ,ok,3,1,2,2014-01-07,2014-01-08,2014-01-02
downside_skew_chg_5d,OR,ok,3,1,2,2014-01-07,2014-01-08,2014-01-02
downside_skew_chg_5d,CVX,ok,3,1,2,2014-01-07,2014-01-08,2014-01-02
downside_skew_chg_5d,TTE,ok,3,1,3,2014-01-07,2014-01-08,2014-01-02
downside_skew_chg_5d,NEM,ok,3,1,2,2014-01-07,2014-01-08,2014-01-02
downside_skew_chg_5d,SHW,ok,3,1,3,2014-01-07,2014-01-08,2014-01-02
downside_skew_chg_5d,SO,ok,3,1,2,2014-01-07,2014-01-08,2014-01-02
downside_skew_chg_5d,APP,ok,0,5,2,2021-04-15,2021-04-22,2021-04-15
downside_skew_chg_5d,SNOW,ok,0,5,1,2020-09-16,2020-09-23,2020-09-16
downside_skew_chg_5d,NET,ok,0,8,2,2019-09-13,2019-09-25,2019-09-13
downside_skew_chg_5d,ZS,ok,0,6,1,2018-03-16,2018-03-26,2018-03-16
downside_skew_chg_5d,TEAM,ok,0,7,13,2015-12-10,2015-12-21,2015-12-10
downside_skew_chg_5d,COHR,ok,3,34,45,2014-01-07,2014-02-26,2014-01-02
downside_skew_chg_5d,ON,ok,3,9,18,2014-01-07,2014-01-21,2014-01-02
downside_skew_chg_5d,FICO,ok,3,9,13,2014-01-07,2014-01-21,2014-01-02
downside_skew_chg_5d,HPE,ok,0,10,7,2015-10-20,2015-11-03,2015-10-20
downside_skew_chg_5d,VRSN,ok,3,1,3,2014-01-07,2014-01-08,2014-01-02
downside_skew_chg_5d,ASM,ok,3,1,3,2014-01-07,2014-01-08,2014-01-02
downside_skew_chg_5d,MRSH,ok,3,1,25,2014-01-07,2014-01-08,2014-01-02
downside_skew_chg_5d,APO,ok,3,1,8,2014-01-07,2014-01-08,2014-01-02
downside_skew_chg_5d,MSCI,ok,3,1,10,2014-01-07,2014-01-08,2014-01-02
downside_skew_chg_5d,BNY,ok,3,1,6,2014-01-07,2014-01-08,2014-01-02
downside_skew_chg_5d,IBKR,ok,3,1,3,2014-01-07,2014-01-08,2014-01-02
downside_skew_chg_5d,UBSG,ok,3,1,9,2014-01-07,2014-01-08,2014-01-02
downside_skew_chg_5d,UCG,ok,3,3,17,2014-01-07,2014-01-10,2014-01-02
downside_skew_chg_5d,8316,ok,3,1,2106,2014-01-07,2014-01-08,2014-01-02
downside_skew_chg_5d,ADP,ok,3,1,3,2014-01-07,2014-01-08,2014-01-02
downside_skew_chg_5d,HWM,ok,0,1,3,2020-04-01,2020-04-02,2020-04-01
downside_skew_chg_5d,WM,ok,3,1,8,2014-01-07,2014-01-08,2014-01-02
downside_skew_chg_5d,PH,ok,3,1,3,2014-01-07,2014-01-08,2014-01-02
downside_skew_chg_5d,REL,ok,3,1,14,2014-01-07,2014-01-08,2014-01-02
downside_skew_chg_5d,7011,ok,3,1,1914,2014-01-07,2014-01-08,2014-01-02
downside_skew_chg_5d,ROP,ok,3,1,3,2014-01-07,2014-01-08,2014-01-02
downside_skew_chg_5d,GILD,ok,3,1,2,2014-01-07,2014-01-08,2014-01-02
downside_skew_chg_5d,PFE,ok,3,1,2,2014-01-07,2014-01-08,2014-01-02
downside_skew_chg_5d,MDT,ok,3,1,2,2014-01-07,2014-01-08,2014-01-02
downside_skew_chg_5d,HCA,ok,3,1,2,2014-01-07,2014-01-08,2014-01-02
downside_skew_chg_5d,ZTS,ok,3,1,3,2014-01-07,2014-01-08,2014-01-02
downside_skew_chg_5d,RMS,ok,3,1,5,2014-01-07,2014-01-08,2014-01-02
downside_skew_chg_5d,6758,ok,3,1,2106,2014-01-07,2014-01-08,2014-01-02
downside_skew_chg_5d,CMG,ok,3,1,2,2014-01-07,2014-01-08,2014-01-02
downside_skew_chg_5d,MAR,ok,3,1,3,2014-01-07,2014-01-08,2014-01-02
downside_skew_chg_5d,GM,ok,3,1,2,2014-01-07,2014-01-08,2014-01-02
downside_skew_chg_5d,GRMN,ok,3,1,3,2014-01-07,2014-01-08,2014-01-02
downside_skew_chg_5d,RDDT,ok,0,3,1,2024-03-21,2024-03-26,2024-03-21
downside_skew_chg_5d,LYV,ok,3,1,3,2014-01-07,2014-01-08,2014-01-02
downside_skew_chg_5d,TKO,ok,0,1,2,2023-09-12,2023-09-13,2023-09-12
downside_skew_chg_5d,MO,ok,3,1,2,2014-01-07,2014-01-08,2014-01-02
downside_skew_chg_5d,CL,ok,3,1,2,2014-01-07,2014-01-08,2014-01-02
downside_skew_chg_5d,MNST,ok,3,1,2,2014-01-07,2014-01-08,2014-01-02
downside_skew_chg_5d,COP,ok,3,1,2,2014-01-07,2014-01-08,2014-01-02
downside_skew_chg_5d,SLB,ok,3,1,2,2014-01-07,2014-01-08,2014-01-02
downside_skew_chg_5d,APD,ok,3,1,2,2014-01-07,2014-01-08,2014-01-02
downside_skew_chg_5d,4063,ok,3,1,1829,2014-01-07,2014-01-08,2014-01-02
downside_skew_chg_5d,NRG,ok,3,1,3,2014-01-07,2014-01-08,2014-01-02
downside_skew_chg_5d,ENEL,ok,3,3,17,2014-01-07,2014-01-10,2014-01-02
downside_skew_chg_5d,WELL,ok,3,1,4,2014-01-07,2014-01-08,2014-01-02
days_to_earnings,AAPL,ok,0,1,1,2014-01-02,2014-01-03,2014-01-02
days_to_earnings,MSFT,ok,0,1,1,2014-01-02,2014-01-03,2014-01-02
days_to_earnings,GOOGL,ok,0,1,2,2014-01-02,2014-01-03,2014-01-02
days_to_earnings,AMZN,ok,0,1,1,2014-01-02,2014-01-03,2014-01-02
days_to_earnings,META,ok,0,1,2,2014-01-02,2014-01-03,2014-01-02
days_to_earnings,NVDA,ok,0,1,1,2014-01-02,2014-01-03,2014-01-02
days_to_earnings,TSLA,ok,0,1,1,2014-01-02,2014-01-03,2014-01-02
days_to_earnings,PLTR,ok,0,1,2,2020-09-30,2020-10-01,2020-09-30
days_to_earnings,AVGO,ok,0,1,1,2014-01-02,2014-01-03,2014-01-02
days_to_earnings,MU,ok,0,1,1,2014-01-02,2014-01-03,2014-01-02
days_to_earnings,GEV,ok,0,1,1,2024-04-02,2024-04-03,2024-04-02
days_to_earnings,VRT,ok,0,1,1,2018-08-01,2018-08-02,2018-08-01
days_to_earnings,BE,ok,0,1,2,2018-07-25,2018-07-26,2018-07-25
days_to_earnings,LITE,ok,0,1,1,2015-07-27,2015-07-28,2015-07-27
days_to_earnings,000660,ok,0,1,1,2014-01-02,2014-01-03,2014-01-02
days_to_earnings,005930,ok,0,1,1,2014-01-02,2014-01-03,2014-01-02
days_to_earnings,UNH,ok,0,1,1,2014-01-02,2014-01-03,2014-01-02
days_to_earnings,LLY,ok,0,1,1,2014-01-02,2014-01-03,2014-01-02
days_to_earnings,ISRG,ok,0,1,2,2014-01-02,2014-01-03,2014-01-02
days_to_earnings,ABBV,ok,0,1,1,2014-01-02,2014-01-03,2014-01-02
days_to_earnings,REGN,ok,0,1,1,2014-01-02,2014-01-03,2014-01-02
days_to_earnings,JPM,ok,0,1,1,2014-01-02,2014-01-03,2014-01-02
days_to_earnings,V,ok,0,1,2,2014-01-02,2014-01-03,2014-01-02
days_to_earnings,MA,ok,0,1,1,2014-01-02,2014-01-03,2014-01-02
days_to_earnings,BLK,ok,0,1,1,2014-01-02,2014-01-03,2014-01-02
days_to_earnings,SPGI,ok,0,1,1,2014-01-02,2014-01-03,2014-01-02
days_to_earnings,GS,ok,0,1,1,2014-01-02,2014-01-03,2014-01-02
days_to_earnings,COST,ok,0,1,1,2014-01-02,2014-01-03,2014-01-02
days_to_earnings,HD,ok,0,1,1,2014-01-02,2014-01-03,2014-01-02
days_to_earnings,PG,ok,0,1,1,2014-01-02,2014-01-03,2014-01-02
days_to_earnings,MCD,ok,0,1,1,2014-01-02,2014-01-03,2014-01-02
days_to_earnings,WMT,ok,0,1,1,2014-01-02,2014-01-03,2014-01-02
days_to_earnings,CAT,ok,0,1,1,2014-01-02,2014-01-03,2014-01-02
days_to_earnings,HON,ok,0,1,1,2014-01-02,2014-01-03,2014-01-02
days_to_earnings,DE,ok,0,1,1,2014-01-02,2014-01-03,2014-01-02
days_to_earnings,UNP,ok,0,1,1,2014-01-02,2014-01-03,2014-01-02
days_to_earnings,LMT,ok,0,1,1,2014-01-02,2014-01-03,2014-01-02
days_to_earnings,ETN,ok,0,1,1,2014-01-02,2014-01-03,2014-01-02
days_to_earnings,XOM,ok,0,1,1,2014-01-02,2014-01-03,2014-01-02
days_to_earnings,LNG,ok,0,1,1,2014-01-02,2014-01-03,2014-01-02
days_to_earnings,FCX,ok,0,1,1,2014-01-02,2014-01-03,2014-01-02
days_to_earnings,LIN,ok,0,1,1,2014-01-02,2014-01-03,2014-01-02
days_to_earnings,NEE,ok,0,1,1,2014-01-02,2014-01-03,2014-01-02
days_to_earnings,AMT,ok,0,1,1,2014-01-02,2014-01-03,2014-01-02
days_to_earnings,EQIX,ok,0,1,1,2014-01-02,2014-01-03,2014-01-02
days_to_earnings,TMUS,ok,0,1,1,2014-01-02,2014-01-03,2014-01-02
days_to_earnings,PLD,ok,0,1,1,2014-01-02,2014-01-03,2014-01-02
days_to_earnings,AMD,ok,0,1,1,2014-01-02,2014-01-03,2014-01-02
days_to_earnings,CRM,ok,0,1,1,2014-01-02,2014-01-03,2014-01-02
days_to_earnings,NFLX,ok,0,1,1,2014-01-02,2014-01-03,2014-01-02
days_to_earnings,TER,ok,0,1,1,2014-01-02,2014-01-03,2014-01-02
days_to_earnings,GLW,ok,0,1,1,2014-01-02,2014-01-03,2014-01-02
days_to_earnings,JNJ,ok,0,1,1,2014-01-02,2014-01-03,2014-01-02
days_to_earnings,WFC,ok,0,1,1,2014-01-02,2014-01-03,2014-01-02
days_to_earnings,MPC,ok,0,1,1,2014-01-02,2014-01-03,2014-01-02
days_to_earnings,LRCX,ok,0,1,1,2014-01-02,2014-01-03,2014-01-02
days_to_earnings,AMAT,ok,0,1,1,2014-01-02,2014-01-03,2014-01-02
days_to_earnings,PANW,ok,0,1,1,2014-01-02,2014-01-03,2014-01-02
days_to_earnings,FN,ok,0,1,1,2014-01-02,2014-01-03,2014-01-02
days_to_earnings,MPWR,ok,0,1,1,2014-01-02,2014-01-03,2014-01-02
days_to_earnings,BAC,ok,0,1,1,2014-01-02,2014-01-03,2014-01-02
days_to_earnings,CSCO,ok,0,1,2,2014-01-02,2014-01-03,2014-01-02
days_to_earnings,INTC,ok,0,1,2,2014-01-02,2014-01-03,2014-01-02
days_to_earnings,ORCL,ok,0,1,1,2014-01-02,2014-01-03,2014-01-02
days_to_earnings,TSM,ok,0,1,1,2014-01-02,2014-01-03,2014-01-02
days_to_earnings,SNDK,ok,0,1,1,2025-02-24,2025-02-25,2025-02-24
days_to_earnings,KLAC,ok,0,1,1,2014-01-02,2014-01-03,2014-01-02
days_to_earnings,ANET,ok,0,1,1,2014-06-06,2014-06-09,2014-06-06
days_to_earnings,MRVL,ok,0,1,1,2014-01-02,2014-01-03,2014-01-02
days_to_earnings,CDNS,ok,0,1,1,2014-01-02,2014-01-03,2014-01-02
days_to_earnings,STX,ok,0,1,1,2014-01-02,2014-01-03,2014-01-02
days_to_earnings,PWR,ok,0,1,1,2014-01-02,2014-01-03,2014-01-02
days_to_earnings,BX,ok,0,1,1,2014-01-02,2014-01-03,2014-01-02
days_to_earnings,TMO,ok,0,1,1,2014-01-02,2014-01-03,2014-01-02
days_to_earnings,BSX,ok,0,1,1,2014-01-02,2014-01-03,2014-01-02
days_to_earnings,BKNG,ok,0,1,1,2014-01-02,2014-01-03,2014-01-02
days_to_earnings,PM,ok,0,1,1,2014-01-02,2014-01-03,2014-01-02
days_to_earnings,WMB,ok,0,1,1,2014-01-02,2014-01-03,2014-01-02
days_to_earnings,CEG,ok,0,1,1,2022-02-02,2022-02-03,2022-02-02
days_to_earnings,VST,ok,0,1,1,2016-10-05,2016-10-06,2016-10-05
days_to_earnings,DLR,ok,0,1,2,2014-01-02,2014-01-03,2014-01-02
days_to_earnings,ARM,ok,0,1,1,2023-09-14,2023-09-15,2023-09-14
days_to_earnings,SPOT,ok,0,1,1,2018-04-03,2018-04-04,2018-04-03
days_to_earnings,RACE,ok,0,1,1,2015-10-21,2015-10-22,2015-10-21
days_to_earnings,285A,ok,0,1,1,2024-12-18,2024-12-19,2024-12-18
days_to_earnings,6857,ok,0,1,1,2014-01-02,2014-01-03,2014-01-02
days_to_earnings,SU,ok,0,1,1,2014-01-02,2014-01-03,2014-01-02
days_to_earnings,SIE,ok,0,1,1,2014-01-02,2014-01-03,2014-01-02
days_to_earnings,RHM,ok,0,1,1,2014-01-02,2014-01-03,2014-01-02
days_to_earnings,ALV,ok,0,1,1,2014-01-02,2014-01-03,2014-01-02
days_to_earnings,MC,ok,0,1,1,2014-01-02,2014-01-03,2014-01-02
days_to_earnings,NESN,ok,0,1,1,2014-01-02,2014-01-03,2014-01-02
days_to_earnings,RR/,ok,0,1,1,2014-01-02,2014-01-03,2014-01-02
days_to_earnings,SAP,ok,0,1,1,2014-01-02,2014-01-03,2014-01-02
days_to_earnings,ASML,ok,0,1,1,2014-01-02,2014-01-03,2014-01-02
days_to_earnings,AZN,ok,0,1,1,2014-01-02,2014-01-03,2014-01-02
days_to_earnings,SHEL,ok,0,1,1,2014-01-02,2014-01-03,2014-01-02
days_to_earnings,HSBA,ok,0,1,1,2014-01-02,2014-01-03,2014-01-02
days_to_earnings,NOVOB,ok,0,1,1,2014-01-02,2014-01-03,2014-01-02
days_to_earnings,RIO,ok,0,1,1,2014-01-02,2014-01-03,2014-01-02
days_to_earnings,QCOM,ok,0,1,1,2014-01-02,2014-01-03,2014-01-02
days_to_earnings,TXN,ok,0,1,2,2014-01-02,2014-01-03,2014-01-02
days_to_earnings,ADBE,ok,0,1,1,2014-01-02,2014-01-03,2014-01-02
days_to_earnings,NOW,ok,0,1,1,2014-01-02,2014-01-03,2014-01-02
days_to_earnings,ACN,ok,0,1,1,2014-01-02,2014-01-03,2014-01-02
days_to_earnings,IBM,ok,0,1,1,2014-01-02,2014-01-03,2014-01-02
days_to_earnings,ADI,ok,0,1,1,2014-01-02,2014-01-03,2014-01-02
days_to_earnings,DELL,ok,0,1,1,2018-12-28,2018-12-31,2018-12-28
days_to_earnings,8035,ok,0,1,1,2014-01-02,2014-01-03,2014-01-02
days_to_earnings,IFX,ok,0,1,1,2014-01-02,2014-01-03,2014-01-02
days_to_earnings,MS,ok,0,1,1,2014-01-02,2014-01-03,2014-01-02
days_to_earnings,SCHW,ok,0,1,1,2014-01-02,2014-01-03,2014-01-02
days_to_earnings,AXP,ok,0,1,1,2014-01-02,2014-01-03,2014-01-02
days_to_earnings,PGR,ok,0,1,1,2014-01-02,2014-01-03,2014-01-02
days_to_earnings,AON,ok,0,1,1,2014-01-02,2014-01-03,2014-01-02
days_to_earnings,CME,ok,0,1,2,2014-01-02,2014-01-03,2014-01-02
days_to_earnings,KKR,ok,0,1,1,2014-01-02,2014-01-03,2014-01-02
days_to_earnings,BN,ok,0,1,1,2022-12-12,2022-12-13,2022-12-12
days_to_earnings,C,ok,0,1,1,2014-01-02,2014-01-03,2014-01-02
days_to_earnings,LSEG,ok,0,1,1,2014-01-02,2014-01-03,2014-01-02
days_to_earnings,ZURN,ok,0,1,1,2014-01-02,2014-01-03,2014-01-02
days_to_earnings,CS,ok,0,1,1,2014-01-02,2014-01-03,2014-01-02
days_to_earnings,8306,ok,0,1,1,2014-01-02,2014-01-03,2014-01-02
days_to_earnings,DIS,ok,0,1,1,2014-01-02,2014-01-03,2014-01-02
days_to_earnings,CMCSA,ok,0,1,1,2014-01-02,2014-01-03,2014-01-02
days_to_earnings,VZ,ok,0,1,1,2014-01-02,2014-01-03,2014-01-02
days_to_earnings,T,ok,0,1,1,2014-01-02,2014-01-03,2014-01-02
days_to_earnings,TTWO,ok,0,1,1,2014-01-02,2014-01-03,2014-01-02
days_to_earnings,PUB,ok,0,1,1,2014-01-02,2014-01-03,2014-01-02
days_to_earnings,7974,ok,0,1,1,2014-01-02,2014-01-03,2014-01-02
days_to_earnings,DTE,ok,0,1,1,2014-01-02,2014-01-03,2014-01-02
days_to_earnings,UMG,ok,0,1,2,2021-09-21,2021-09-22,2021-09-21
days_to_earnings,LOW,ok,0,1,2,2014-01-02,2014-01-03,2014-01-02
days_to_earnings,TJX,ok,0,1,1,2014-01-02,2014-01-03,2014-01-02
days_to_earnings,SBUX,ok,0,1,1,2014-01-02,2014-01-03,2014-01-02
days_to_earnings,ABNB,ok,0,1,1,2020-12-10,2020-12-11,2020-12-10
days_to_earnings,7203,ok,0,1,1,2014-01-02,2014-01-03,2014-01-02
days_to_earnings,ITX,ok,0,1,1,2014-01-02,2014-01-03,2014-01-02
days_to_earnings,ABT,ok,0,1,1,2014-01-02,2014-01-03,2014-01-02
days_to_earnings,DHR,ok,0,1,1,2014-01-02,2014-01-03,2014-01-02
days_to_earnings,VRTX,ok,0,1,1,2014-01-02,2014-01-03,2014-01-02
days_to_earnings,SAN,ok,0,1,1,2014-01-02,2014-01-03,2014-01-02
days_to_earnings,GE,ok,0,1,1,2024-04-02,2024-04-03,2024-04-02
days_to_earnings,TT,ok,0,1,1,2020-03-02,2020-03-03,2020-03-02
days_to_earnings,ABBN,ok,0,1,1,2014-01-02,2014-01-03,2014-01-02
days_to_earnings,KO,ok,0,1,1,2014-01-02,2014-01-03,2014-01-02
days_to_earnings,ULVR,ok,0,1,1,2014-01-02,2014-01-03,2014-01-02
days_to_earnings,ECL,ok,0,1,1,2014-01-02,2014-01-03,2014-01-02
days_to_earnings,AI,ok,0,1,1,2014-01-02,2014-01-03,2014-01-02
days_to_earnings,IBE,ok,0,1,1,2014-01-02,2014-01-03,2014-01-02
days_to_earnings,INTU,ok,0,1,1,2014-01-02,2014-01-03,2014-01-02
days_to_earnings,SNPS,ok,0,1,1,2014-01-02,2014-01-03,2014-01-02
days_to_earnings,APH,ok,0,1,1,2014-01-02,2014-01-03,2014-01-02
days_to_earnings,MSI,ok,0,1,1,2014-01-02,2014-01-03,2014-01-02
days_to_earnings,CRWD,ok,0,1,1,2019-06-12,2019-06-13,2019-06-12
days_to_earnings,NXPI,ok,0,1,1,2014-01-02,2014-01-03,2014-01-02
days_to_earnings,KEYS,ok,0,1,1,2014-10-21,2014-10-22,2014-10-21
days_to_earnings,ADSK,ok,0,1,1,2014-01-02,2014-01-03,2014-01-02
days_to_earnings,WDAY,ok,0,1,1,2014-01-02,2014-01-03,2014-01-02
days_to_earnings,WDC,ok,0,1,1,2025-02-24,2025-02-25,2025-02-24
days_to_earnings,DDOG,ok,0,1,1,2019-09-19,2019-09-20,2019-09-19
days_to_earnings,FTNT,ok,0,1,1,2014-01-02,2014-01-03,2014-01-02
days_to_earnings,DSY,ok,0,1,1,2014-01-02,2014-01-03,2014-01-02
days_to_earnings,6146,ok,0,1,1,2014-01-02,2014-01-03,2014-01-02
days_to_earnings,6981,ok,0,1,1,2014-01-02,2014-01-03,2014-01-02
days_to_earnings,BRK/B,ok,0,1,1,2014-01-02,2014-01-03,2014-01-02
days_to_earnings,CB,ok,0,1,1,2014-01-02,2014-01-03,2014-01-02
days_to_earnings,ICE,ok,0,1,1,2014-01-02,2014-01-03,2014-01-02
days_to_earnings,MCO,ok,0,1,1,2014-01-02,2014-01-03,2014-01-02
days_to_earnings,PYPL,ok,0,1,2,2015-07-07,2015-07-08,2015-07-07
days_to_earnings,COF,ok,0,1,1,2025-05-19,2025-05-20,2025-05-19
days_to_earnings,BNP,ok,0,1,1,2014-01-02,2014-01-03,2014-01-02
days_to_earnings,MUV2,ok,0,1,1,2014-01-02,2014-01-03,2014-01-02
days_to_earnings,RTX,ok,0,1,2,2014-01-02,2014-01-03,2014-01-02
days_to_earnings,EMR,ok,0,1,1,2014-01-02,2014-01-03,2014-01-02
days_to_earnings,AXON,ok,0,1,1,2014-01-02,2014-01-03,2014-01-02
days_to_earnings,UBER,ok,0,1,1,2019-05-10,2019-05-13,2019-05-10
days_to_earnings,AIR,ok,0,1,1,2014-01-02,2014-01-03,2014-01-02
days_to_earnings,SAF,ok,0,1,1,2014-01-02,2014-01-03,2014-01-02
days_to_earnings,MRK,ok,0,1,2,2014-01-02,2014-01-03,2014-01-02
days_to_earnings,AMGN,ok,0,1,1,2014-01-02,2014-01-03,2014-01-02
days_to_earnings,SYK,ok,0,1,1,2014-01-02,2014-01-03,2014-01-02
days_to_earnings,MCK,ok,0,1,2,2014-01-02,2014-01-03,2014-01-02
days_to_earnings,NOVN,ok,0,1,1,2014-01-02,2014-01-03,2014-01-02
days_to_earnings,NKE,ok,0,1,1,2014-01-02,2014-01-03,2014-01-02
days_to_earnings,ORLY,ok,0,1,1,2014-01-02,2014-01-03,2014-01-02
days_to_earnings,DASH,ok,0,1,2,2020-12-09,2020-12-10,2020-12-09
days_to_earnings,CFR,ok,0,1,1,2014-01-02,2014-01-03,2014-01-02
days_to_earnings,TTD,ok,0,1,1,2016-09-21,2016-09-22,2016-09-21
days_to_earnings,RBLX,ok,0,1,1,2021-03-10,2021-03-11,2021-03-10
days_to_earnings,9432,ok,0,1,1,2014-01-02,2014-01-03,2014-01-02
days_to_earnings,9433,ok,0,1,2,2014-01-02,2014-01-03,2014-01-02
days_to_earnings,PEP,ok,0,1,1,2014-01-02,2014-01-03,2014-01-02
days_to_earnings,MDLZ,ok,0,1,1,2014-01-02,2014-01-03,2014-01-02
days_to_earnings,OR,ok,0,1,1,2014-01-02,2014-01-03,2014-01-02
days_to_earnings,CVX,ok,0,1,1,2014-01-02,2014-01-03,2014-01-02
days_to_earnings,TTE,ok,0,1,1,2014-01-02,2014-01-03,2014-01-02
days_to_earnings,NEM,ok,0,1,1,2014-01-02,2014-01-03,2014-01-02
days_to_earnings,SHW,ok,0,1,1,2014-01-02,2014-01-03,2014-01-02
days_to_earnings,SO,ok,0,1,1,2014-01-02,2014-01-03,2014-01-02
days_to_earnings,APP,ok,0,1,1,2021-04-15,2021-04-16,2021-04-15
days_to_earnings,SNOW,ok,0,1,1,2020-09-16,2020-09-17,2020-09-16
days_to_earnings,NET,ok,0,1,1,2019-09-13,2019-09-16,2019-09-13
days_to_earnings,ZS,ok,0,1,1,2018-03-16,2018-03-19,2018-03-16
days_to_earnings,TEAM,ok,0,1,1,2015-12-10,2015-12-11,2015-12-10
days_to_earnings,COHR,ok,0,1,1,2014-01-02,2014-01-03,2014-01-02
days_to_earnings,ON,ok,0,1,1,2014-01-02,2014-01-03,2014-01-02
days_to_earnings,FICO,ok,0,1,1,2014-01-02,2014-01-03,2014-01-02
days_to_earnings,HPE,ok,0,1,2,2015-10-20,2015-10-21,2015-10-20
days_to_earnings,VRSN,ok,0,1,2,2014-01-02,2014-01-03,2014-01-02
days_to_earnings,ASM,ok,0,1,2,2014-01-02,2014-01-03,2014-01-02
days_to_earnings,MRSH,ok,0,1,2,2014-01-02,2014-01-03,2014-01-02
days_to_earnings,APO,ok,0,1,1,2014-01-02,2014-01-03,2014-01-02
days_to_earnings,MSCI,ok,0,1,1,2014-01-02,2014-01-03,2014-01-02
days_to_earnings,BNY,ok,0,1,1,2014-01-02,2014-01-03,2014-01-02
days_to_earnings,IBKR,ok,0,1,1,2014-01-02,2014-01-03,2014-01-02
days_to_earnings,UBSG,ok,0,1,1,2014-01-02,2014-01-03,2014-01-02
days_to_earnings,UCG,ok,0,1,1,2014-01-02,2014-01-03,2014-01-02
days_to_earnings,8316,ok,0,1,1,2014-01-02,2014-01-03,2014-01-02
days_to_earnings,ADP,ok,0,1,1,2014-01-02,2014-01-03,2014-01-02
days_to_earnings,HWM,ok,0,1,1,2020-04-01,2020-04-02,2020-04-01
days_to_earnings,WM,ok,0,1,1,2014-01-02,2014-01-03,2014-01-02
days_to_earnings,PH,ok,0,1,1,2014-01-02,2014-01-03,2014-01-02
days_to_earnings,REL,ok,0,1,1,2014-01-02,2014-01-03,2014-01-02
days_to_earnings,7011,ok,0,1,1,2014-01-02,2014-01-03,2014-01-02
days_to_earnings,ROP,ok,0,1,1,2014-01-02,2014-01-03,2014-01-02
days_to_earnings,GILD,ok,0,1,1,2014-01-02,2014-01-03,2014-01-02
days_to_earnings,PFE,ok,0,1,1,2014-01-02,2014-01-03,2014-01-02
days_to_earnings,MDT,ok,0,1,1,2014-01-02,2014-01-03,2014-01-02
days_to_earnings,HCA,ok,0,1,1,2014-01-02,2014-01-03,2014-01-02
days_to_earnings,ZTS,ok,0,1,1,2014-01-02,2014-01-03,2014-01-02
days_to_earnings,RMS,ok,0,1,1,2014-01-02,2014-01-03,2014-01-02
days_to_earnings,6758,ok,0,1,1,2014-01-02,2014-01-03,2014-01-02
days_to_earnings,CMG,ok,0,1,1,2014-01-02,2014-01-03,2014-01-02
days_to_earnings,MAR,ok,0,1,1,2014-01-02,2014-01-03,2014-01-02
days_to_earnings,GM,ok,0,1,1,2014-01-02,2014-01-03,2014-01-02
days_to_earnings,GRMN,ok,0,1,1,2014-01-02,2014-01-03,2014-01-02
days_to_earnings,RDDT,ok,0,1,1,2024-03-21,2024-03-22,2024-03-21
days_to_earnings,LYV,ok,0,1,1,2014-01-02,2014-01-03,2014-01-02
days_to_earnings,TKO,ok,0,1,1,2023-09-12,2023-09-13,2023-09-12
days_to_earnings,MO,ok,0,1,1,2014-01-02,2014-01-03,2014-01-02
days_to_earnings,CL,ok,0,1,1,2014-01-02,2014-01-03,2014-01-02
days_to_earnings,MNST,ok,0,1,1,2014-01-02,2014-01-03,2014-01-02
days_to_earnings,COP,ok,0,1,1,2014-01-02,2014-01-03,2014-01-02
days_to_earnings,SLB,ok,0,1,1,2014-01-02,2014-01-03,2014-01-02
days_to_earnings,APD,ok,0,1,1,2014-01-02,2014-01-03,2014-01-02
days_to_earnings,4063,ok,0,1,1,2014-01-02,2014-01-03,2014-01-02
days_to_earnings,NRG,ok,0,1,1,2014-01-02,2014-01-03,2014-01-02
days_to_earnings,ENEL,ok,0,1,1,2014-01-02,2014-01-03,2014-01-02
days_to_earnings,WELL,ok,0,1,1,2014-01-02,2014-01-03,2014-01-02
