{
  "metrics": {
    "annual_return": 0.28523654138760146,
    "annual_vol": 0.22217625192177118,
    "sharpe_ratio": 1.2838300174765482,
    "active_return": 0.038196601264470775,
    "tracking_error": 0.028991278368284627,
    "information_ratio": 1.3175204204260418,
    "max_drawdown": -0.29561372483294324,
    "avg_annual_turnover": 1.1663446693007251,
    "avg_annual_turnover_one_way": 0.5831723346503626,
    "avg_ic": 0.04471892370239716,
    "annual_tc": 0.0011663446693007252,
    "spx_annual_return": 0.13847468314625422,
    "spx_annual_vol": 0.1936692067168222,
    "spx_sharpe": 0.7150061979069708,
    "realized_beta": 1.0124905667953197,
    "realized_active_beta": 0.012490566795319374,
    "sub_periods": {
      "P1_ir": 1.15628512199934,
      "P2_ir": 0.4157618221300529,
      "P3_ir": 2.1861751904935467
    },
    "oos_split": {
      "full_ir": 1.3078803963431564,
      "full_n": 1973,
      "insample_ir": 0.7532594800957932,
      "insample_n": 1592,
      "oos_ir": 3.121111387929797,
      "oos_n": 381
    }
  },
  "identity_metrics": {
    "annual_return": 0.2941868424658214,
    "annual_vol": 0.2249746005810904,
    "sharpe_ratio": 1.3076446928051506,
    "active_return": 0.04602706199662654,
    "tracking_error": 0.031069189048318836,
    "information_ratio": 1.481437507913232,
    "max_drawdown": -0.29988704097123386,
    "avg_annual_turnover": 1.1440214379781009,
    "avg_annual_turnover_one_way": 0.5720107189890504,
    "avg_ic": 0.04864921465993589,
    "annual_tc": 0.001144021437978101,
    "spx_annual_return": 0.13847468314625422,
    "spx_annual_vol": 0.1936692067168222,
    "spx_sharpe": 0.7150061979069708,
    "realized_beta": 1.0243885664115702,
    "realized_active_beta": 0.024388566411570372,
    "sub_periods": {
      "P1_ir": 1.5913898072844228,
      "P2_ir": 0.5748840368901712,
      "P3_ir": 2.0048140252090008
    },
    "oos_split": {
      "full_ir": 1.4643640741322166,
      "full_n": 1973,
      "insample_ir": 0.9868422687732339,
      "insample_n": 1592,
      "oos_ir": 2.8107501694462513,
      "oos_n": 381
    }
  },
  "s0_metrics": {
    "annual_return": 0.2941868424658214,
    "annual_vol": 0.2249746005810904,
    "sharpe_ratio": 1.3076446928051506,
    "active_return": 0.04602706199662654,
    "tracking_error": 0.031069189048318836,
    "information_ratio": 1.481437507913232,
    "max_drawdown": -0.29988704097123386,
    "avg_annual_turnover": 1.1440214379781009,
    "avg_annual_turnover_one_way": 0.5720107189890504,
    "avg_ic": 0.04864921465993589,
    "annual_tc": 0.001144021437978101,
    "spx_annual_return": 0.13847468314625422,
    "spx_annual_vol": 0.1936692067168222,
    "spx_sharpe": 0.7150061979069708,
    "realized_beta": 1.0243885664115702,
    "realized_active_beta": 0.024388566411570372,
    "sub_periods": {
      "P1_ir": 1.5913898072844228,
      "P2_ir": 0.5748840368901712,
      "P3_ir": 2.0048140252090008
    }
  },
  "seeds": [
    42,
    43,
    44,
    45,
    46
  ],
  "per_seed_full_run_ir": {
    "42": 1.481437507913232,
    "43": 1.184345924913546,
    "44": 1.056506965619884,
    "45": 1.1102787133806415,
    "46": 1.4058031470755932
  },
  "nan_mask_mismatch_rate": 0.0,
  "ensemble_diagnostics": {
    "mean_pairwise_seed_corr": 0.8355412378285291,
    "n_seed_pairs": 10,
    "mean_per_seed_cs_var": 0.9846153846153846,
    "mean_combined_cs_var": 0.9846153846153846,
    "cs_var_reduction_ratio": 0.0
  },
  "ema_alpha": 0.5
}