{
  "metrics": {
    "annual_return": 0.2941868424658214,
    "annual_vol": 0.2249746005810904,
    "sharpe_ratio": 1.3076446928051506,
    "active_return": 0.04602706199662654,
    "tracking_error": 0.031069189048318836,
    "information_ratio": 1.481437507913232,
    "max_drawdown": -0.29988704097123386,
    "avg_annual_turnover": 1.1440214379781009,
    "avg_annual_turnover_one_way": 0.5720107189890504,
    "avg_ic": 0.04864921465993589,
    "annual_tc": 0.001144021437978101,
    "spx_annual_return": 0.13847468314625422,
    "spx_annual_vol": 0.1936692067168222,
    "spx_sharpe": 0.7150061979069708,
    "realized_beta": 1.0243885664115702,
    "realized_active_beta": 0.024388566411570372,
    "sub_periods": {
      "P1_ir": 1.5913898072844228,
      "P2_ir": 0.5748840368901712,
      "P3_ir": 2.0048140252090008
    },
    "oos_split": {
      "full_ir": 1.4643640741322166,
      "full_n": 1973,
      "insample_ir": 0.9868422687732339,
      "insample_n": 1592,
      "oos_ir": 2.8107501694462513,
      "oos_n": 381
    }
  },
  "s0_metrics": {
    "annual_return": 0.2941868424658214,
    "annual_vol": 0.2249746005810904,
    "sharpe_ratio": 1.3076446928051506,
    "active_return": 0.04602706199662654,
    "tracking_error": 0.031069189048318836,
    "information_ratio": 1.481437507913232,
    "max_drawdown": -0.29988704097123386,
    "avg_annual_turnover": 1.1440214379781009,
    "avg_annual_turnover_one_way": 0.5720107189890504,
    "avg_ic": 0.04864921465993589,
    "annual_tc": 0.001144021437978101,
    "spx_annual_return": 0.13847468314625422,
    "spx_annual_vol": 0.1936692067168222,
    "spx_sharpe": 0.7150061979069708,
    "realized_beta": 1.0243885664115702,
    "realized_active_beta": 0.024388566411570372,
    "sub_periods": {
      "P1_ir": 1.5913898072844228,
      "P2_ir": 0.5748840368901712,
      "P3_ir": 2.0048140252090008
    }
  },
  "deltas": {
    "information_ratio": [
      1.481437507913232,
      1.481437507913232,
      0.0
    ],
    "tracking_error": [
      0.031069189048318836,
      0.031069189048318836,
      0.0
    ],
    "avg_annual_turnover": [
      1.1440214379781009,
      1.1440214379781009,
      0.0
    ],
    "active_return": [
      0.04602706199662654,
      0.04602706199662654,
      0.0
    ]
  }
}